<?xml version="1.0"?>
<gpx xmlns="http://www.topografix.com/GPX/1/1" xmlns:xsi="http://www.w3.org/2001/XMLSchema-instance" version="1.1" creator="AllTrails.com" xsi:schemaLocation="http://www.topografix.com/GPX/1/1 http://www.topografix.com/GPX/1/1/gpx.xsd">
  <metadata>
    <name><![CDATA[Morning hike at Barker Dam]]></name>
    <desc><![CDATA[]]></desc>
    <link href="http://www.alltrails.com">
      <text>AllTrails, LLC</text>
    </link>
    <bounds minlat="34.02474" minlon="-116.14782" maxlat="34.03101" maxlon="-116.14184"/>
  </metadata>
  <trk>
    <name><![CDATA[Morning hike at Barker Dam]]></name>
    <src>AllTrails</src>
    <trkseg>
      <trkpt lat="34.02514" lon="-116.1419">
        <ele>1297.73</ele>
        <time>2025-11-30T18:53:48Z</time>
      </trkpt>
      <trkpt lat="34.02515" lon="-116.14191">
        <ele>1297.61</ele>
        <time>2025-11-30T18:53:51Z</time>
      </trkpt>
      <trkpt lat="34.02518" lon="-116.14193">
        <ele>1297.2</ele>
        <time>2025-11-30T18:53:54Z</time>
      </trkpt>
      <trkpt lat="34.02519" lon="-116.14197">
        <ele>1297.0</ele>
        <time>2025-11-30T18:53:59Z</time>
      </trkpt>
      <trkpt lat="34.02521" lon="-116.14201">
        <ele>1297.0</ele>
        <time>2025-11-30T18:54:03Z</time>
      </trkpt>
      <trkpt lat="34.02522" lon="-116.14204">
        <ele>1297.0</ele>
        <time>2025-11-30T18:54:08Z</time>
      </trkpt>
      <trkpt lat="34.02524" lon="-116.14207">
        <ele>1297.0</ele>
        <time>2025-11-30T18:54:20Z</time>
      </trkpt>
      <trkpt lat="34.02526" lon="-116.14209">
        <ele>1297.0</ele>
        <time>2025-11-30T18:54:24Z</time>
      </trkpt>
      <trkpt lat="34.02529" lon="-116.14212">
        <ele>1297.0</ele>
        <time>2025-11-30T18:54:28Z</time>
      </trkpt>
      <trkpt lat="34.02532" lon="-116.14213">
        <ele>1297.0</ele>
        <time>2025-11-30T18:54:31Z</time>
      </trkpt>
      <trkpt lat="34.02535" lon="-116.14216">
        <ele>1297.0</ele>
        <time>2025-11-30T18:54:34Z</time>
      </trkpt>
      <trkpt lat="34.02537" lon="-116.14218">
        <ele>1297.0</ele>
        <time>2025-11-30T18:54:37Z</time>
      </trkpt>
      <trkpt lat="34.0254" lon="-116.1422">
        <ele>1296.68</ele>
        <time>2025-11-30T18:54:40Z</time>
      </trkpt>
      <trkpt lat="34.02543" lon="-116.14221">
        <ele>1296.36</ele>
        <time>2025-11-30T18:54:43Z</time>
      </trkpt>
      <trkpt lat="34.02546" lon="-116.14223">
        <ele>1296.03</ele>
        <time>2025-11-30T18:54:46Z</time>
      </trkpt>
      <trkpt lat="34.02549" lon="-116.14225">
        <ele>1296.0</ele>
        <time>2025-11-30T18:54:49Z</time>
      </trkpt>
      <trkpt lat="34.02551" lon="-116.14227">
        <ele>1296.0</ele>
        <time>2025-11-30T18:54:52Z</time>
      </trkpt>
      <trkpt lat="34.02554" lon="-116.14228">
        <ele>1296.0</ele>
        <time>2025-11-30T18:54:55Z</time>
      </trkpt>
      <trkpt lat="34.02557" lon="-116.1423">
        <ele>1296.0</ele>
        <time>2025-11-30T18:54:58Z</time>
      </trkpt>
      <trkpt lat="34.02559" lon="-116.14232">
        <ele>1296.0</ele>
        <time>2025-11-30T18:55:01Z</time>
      </trkpt>
      <trkpt lat="34.02562" lon="-116.14233">
        <ele>1296.0</ele>
        <time>2025-11-30T18:55:04Z</time>
      </trkpt>
      <trkpt lat="34.02565" lon="-116.14235">
        <ele>1296.02</ele>
        <time>2025-11-30T18:55:07Z</time>
      </trkpt>
      <trkpt lat="34.02567" lon="-116.14236">
        <ele>1296.24</ele>
        <time>2025-11-30T18:55:10Z</time>
      </trkpt>
      <trkpt lat="34.0257" lon="-116.14238">
        <ele>1296.56</ele>
        <time>2025-11-30T18:55:13Z</time>
      </trkpt>
      <trkpt lat="34.02572" lon="-116.14239">
        <ele>1296.78</ele>
        <time>2025-11-30T18:55:16Z</time>
      </trkpt>
      <trkpt lat="34.02575" lon="-116.14241">
        <ele>1297.1</ele>
        <time>2025-11-30T18:55:19Z</time>
      </trkpt>
      <trkpt lat="34.02578" lon="-116.14242">
        <ele>1297.42</ele>
        <time>2025-11-30T18:55:22Z</time>
      </trkpt>
      <trkpt lat="34.0258" lon="-116.14243">
        <ele>1297.64</ele>
        <time>2025-11-30T18:55:25Z</time>
      </trkpt>
      <trkpt lat="34.02583" lon="-116.14244">
        <ele>1297.96</ele>
        <time>2025-11-30T18:55:28Z</time>
      </trkpt>
      <trkpt lat="34.02586" lon="-116.14245">
        <ele>1298.29</ele>
        <time>2025-11-30T18:55:31Z</time>
      </trkpt>
      <trkpt lat="34.02589" lon="-116.14247">
        <ele>1298.61</ele>
        <time>2025-11-30T18:55:34Z</time>
      </trkpt>
      <trkpt lat="34.02592" lon="-116.14248">
        <ele>1298.94</ele>
        <time>2025-11-30T18:55:37Z</time>
      </trkpt>
      <trkpt lat="34.02595" lon="-116.14249">
        <ele>1299.26</ele>
        <time>2025-11-30T18:55:40Z</time>
      </trkpt>
      <trkpt lat="34.02598" lon="-116.1425">
        <ele>1299.58</ele>
        <time>2025-11-30T18:55:43Z</time>
      </trkpt>
      <trkpt lat="34.02601" lon="-116.14252">
        <ele>1299.91</ele>
        <time>2025-11-30T18:55:46Z</time>
      </trkpt>
      <trkpt lat="34.02604" lon="-116.14253">
        <ele>1300.16</ele>
        <time>2025-11-30T18:55:49Z</time>
      </trkpt>
      <trkpt lat="34.02606" lon="-116.14254">
        <ele>1300.25</ele>
        <time>2025-11-30T18:55:52Z</time>
      </trkpt>
      <trkpt lat="34.02609" lon="-116.14255">
        <ele>1300.36</ele>
        <time>2025-11-30T18:55:55Z</time>
      </trkpt>
      <trkpt lat="34.02612" lon="-116.14256">
        <ele>1300.45</ele>
        <time>2025-11-30T18:55:58Z</time>
      </trkpt>
      <trkpt lat="34.02615" lon="-116.14258">
        <ele>1300.56</ele>
        <time>2025-11-30T18:56:01Z</time>
      </trkpt>
      <trkpt lat="34.02618" lon="-116.14259">
        <ele>1300.77</ele>
        <time>2025-11-30T18:56:04Z</time>
      </trkpt>
      <trkpt lat="34.02617" lon="-116.14262">
        <ele>1300.64</ele>
        <time>2025-11-30T18:56:12Z</time>
      </trkpt>
      <trkpt lat="34.02619" lon="-116.14266">
        <ele>1300.85</ele>
        <time>2025-11-30T18:56:19Z</time>
      </trkpt>
      <trkpt lat="34.02622" lon="-116.14268">
        <ele>1301.18</ele>
        <time>2025-11-30T18:56:23Z</time>
      </trkpt>
      <trkpt lat="34.02625" lon="-116.14271">
        <ele>1301.5</ele>
        <time>2025-11-30T18:56:27Z</time>
      </trkpt>
      <trkpt lat="34.02627" lon="-116.14272">
        <ele>1301.72</ele>
        <time>2025-11-30T18:56:30Z</time>
      </trkpt>
      <trkpt lat="34.0263" lon="-116.14274">
        <ele>1302.02</ele>
        <time>2025-11-30T18:56:33Z</time>
      </trkpt>
      <trkpt lat="34.02633" lon="-116.14278">
        <ele>1302.0</ele>
        <time>2025-11-30T18:56:36Z</time>
      </trkpt>
      <trkpt lat="34.02635" lon="-116.1428">
        <ele>1302.0</ele>
        <time>2025-11-30T18:56:38Z</time>
      </trkpt>
      <trkpt lat="34.02638" lon="-116.14283">
        <ele>1302.0</ele>
        <time>2025-11-30T18:56:41Z</time>
      </trkpt>
      <trkpt lat="34.0264" lon="-116.14285">
        <ele>1302.12</ele>
        <time>2025-11-30T18:56:44Z</time>
      </trkpt>
      <trkpt lat="34.02643" lon="-116.14287">
        <ele>1302.44</ele>
        <time>2025-11-30T18:56:47Z</time>
      </trkpt>
      <trkpt lat="34.02646" lon="-116.14289">
        <ele>1302.77</ele>
        <time>2025-11-30T18:56:50Z</time>
      </trkpt>
      <trkpt lat="34.02649" lon="-116.14291">
        <ele>1303.0</ele>
        <time>2025-11-30T18:56:53Z</time>
      </trkpt>
      <trkpt lat="34.02651" lon="-116.14292">
        <ele>1303.0</ele>
        <time>2025-11-30T18:56:56Z</time>
      </trkpt>
      <trkpt lat="34.02654" lon="-116.14294">
        <ele>1303.0</ele>
        <time>2025-11-30T18:56:59Z</time>
      </trkpt>
      <trkpt lat="34.02657" lon="-116.14295">
        <ele>1303.0</ele>
        <time>2025-11-30T18:57:02Z</time>
      </trkpt>
      <trkpt lat="34.0266" lon="-116.14296">
        <ele>1303.0</ele>
        <time>2025-11-30T18:57:05Z</time>
      </trkpt>
      <trkpt lat="34.02663" lon="-116.14297">
        <ele>1303.0</ele>
        <time>2025-11-30T18:57:08Z</time>
      </trkpt>
      <trkpt lat="34.02667" lon="-116.14298">
        <ele>1303.03</ele>
        <time>2025-11-30T18:57:10Z</time>
      </trkpt>
      <trkpt lat="34.0267" lon="-116.14298">
        <ele>1303.29</ele>
        <time>2025-11-30T18:57:12Z</time>
      </trkpt>
      <trkpt lat="34.02672" lon="-116.14299">
        <ele>1303.41</ele>
        <time>2025-11-30T18:57:14Z</time>
      </trkpt>
      <trkpt lat="34.02675" lon="-116.143">
        <ele>1303.54</ele>
        <time>2025-11-30T18:57:17Z</time>
      </trkpt>
      <trkpt lat="34.02679" lon="-116.14302">
        <ele>1303.72</ele>
        <time>2025-11-30T18:57:20Z</time>
      </trkpt>
      <trkpt lat="34.02681" lon="-116.14304">
        <ele>1303.72</ele>
        <time>2025-11-30T18:57:23Z</time>
      </trkpt>
      <trkpt lat="34.02684" lon="-116.14305">
        <ele>1303.93</ele>
        <time>2025-11-30T18:57:26Z</time>
      </trkpt>
      <trkpt lat="34.02687" lon="-116.14307">
        <ele>1304.01</ele>
        <time>2025-11-30T18:57:29Z</time>
      </trkpt>
      <trkpt lat="34.0269" lon="-116.14309">
        <ele>1303.95</ele>
        <time>2025-11-30T18:57:32Z</time>
      </trkpt>
      <trkpt lat="34.02693" lon="-116.1431">
        <ele>1303.96</ele>
        <time>2025-11-30T18:57:35Z</time>
      </trkpt>
      <trkpt lat="34.02696" lon="-116.14312">
        <ele>1303.83</ele>
        <time>2025-11-30T18:57:38Z</time>
      </trkpt>
      <trkpt lat="34.02699" lon="-116.14313">
        <ele>1303.98</ele>
        <time>2025-11-30T18:57:41Z</time>
      </trkpt>
      <trkpt lat="34.02702" lon="-116.14315">
        <ele>1303.82</ele>
        <time>2025-11-30T18:57:44Z</time>
      </trkpt>
      <trkpt lat="34.02705" lon="-116.14316">
        <ele>1304.0</ele>
        <time>2025-11-30T18:57:47Z</time>
      </trkpt>
      <trkpt lat="34.02708" lon="-116.14318">
        <ele>1304.0</ele>
        <time>2025-11-30T18:57:50Z</time>
      </trkpt>
      <trkpt lat="34.02711" lon="-116.14319">
        <ele>1304.0</ele>
        <time>2025-11-30T18:57:53Z</time>
      </trkpt>
      <trkpt lat="34.02713" lon="-116.14321">
        <ele>1304.0</ele>
        <time>2025-11-30T18:57:56Z</time>
      </trkpt>
      <trkpt lat="34.02715" lon="-116.14324">
        <ele>1304.0</ele>
        <time>2025-11-30T18:57:59Z</time>
      </trkpt>
      <trkpt lat="34.02714" lon="-116.14327">
        <ele>1304.0</ele>
        <time>2025-11-30T18:58:01Z</time>
      </trkpt>
      <trkpt lat="34.02714" lon="-116.14332">
        <ele>1304.0</ele>
        <time>2025-11-30T18:58:03Z</time>
      </trkpt>
      <trkpt lat="34.02713" lon="-116.14335">
        <ele>1304.0</ele>
        <time>2025-11-30T18:58:08Z</time>
      </trkpt>
      <trkpt lat="34.02716" lon="-116.14336">
        <ele>1304.0</ele>
        <time>2025-11-30T18:58:14Z</time>
      </trkpt>
      <trkpt lat="34.02719" lon="-116.14338">
        <ele>1304.0</ele>
        <time>2025-11-30T18:58:18Z</time>
      </trkpt>
      <trkpt lat="34.02721" lon="-116.14341">
        <ele>1304.0</ele>
        <time>2025-11-30T18:58:21Z</time>
      </trkpt>
      <trkpt lat="34.02724" lon="-116.14343">
        <ele>1304.0</ele>
        <time>2025-11-30T18:58:24Z</time>
      </trkpt>
      <trkpt lat="34.02728" lon="-116.14343">
        <ele>1304.0</ele>
        <time>2025-11-30T18:58:26Z</time>
      </trkpt>
      <trkpt lat="34.02731" lon="-116.14342">
        <ele>1304.0</ele>
        <time>2025-11-30T18:58:28Z</time>
      </trkpt>
      <trkpt lat="34.02734" lon="-116.1434">
        <ele>1304.0</ele>
        <time>2025-11-30T18:58:30Z</time>
      </trkpt>
      <trkpt lat="34.02737" lon="-116.14338">
        <ele>1304.0</ele>
        <time>2025-11-30T18:58:32Z</time>
      </trkpt>
      <trkpt lat="34.0274" lon="-116.14336">
        <ele>1304.0</ele>
        <time>2025-11-30T18:58:34Z</time>
      </trkpt>
      <trkpt lat="34.02743" lon="-116.14335">
        <ele>1304.2</ele>
        <time>2025-11-30T18:58:37Z</time>
      </trkpt>
      <trkpt lat="34.02747" lon="-116.14334">
        <ele>1304.63</ele>
        <time>2025-11-30T18:58:40Z</time>
      </trkpt>
      <trkpt lat="34.0275" lon="-116.14334">
        <ele>1304.93</ele>
        <time>2025-11-30T18:58:43Z</time>
      </trkpt>
      <trkpt lat="34.02753" lon="-116.14335">
        <ele>1305.09</ele>
        <time>2025-11-30T18:58:46Z</time>
      </trkpt>
      <trkpt lat="34.02757" lon="-116.14336">
        <ele>1305.25</ele>
        <time>2025-11-30T18:58:49Z</time>
      </trkpt>
      <trkpt lat="34.0276" lon="-116.14337">
        <ele>1305.29</ele>
        <time>2025-11-30T18:58:52Z</time>
      </trkpt>
      <trkpt lat="34.02762" lon="-116.14338">
        <ele>1305.29</ele>
        <time>2025-11-30T18:58:55Z</time>
      </trkpt>
      <trkpt lat="34.02765" lon="-116.14339">
        <ele>1305.4</ele>
        <time>2025-11-30T18:58:58Z</time>
      </trkpt>
      <trkpt lat="34.02768" lon="-116.14341">
        <ele>1305.29</ele>
        <time>2025-11-30T18:59:01Z</time>
      </trkpt>
      <trkpt lat="34.02771" lon="-116.14342">
        <ele>1305.15</ele>
        <time>2025-11-30T18:59:04Z</time>
      </trkpt>
      <trkpt lat="34.02774" lon="-116.14343">
        <ele>1304.96</ele>
        <time>2025-11-30T18:59:07Z</time>
      </trkpt>
      <trkpt lat="34.02776" lon="-116.14344">
        <ele>1304.85</ele>
        <time>2025-11-30T18:59:10Z</time>
      </trkpt>
      <trkpt lat="34.02779" lon="-116.14345">
        <ele>1304.64</ele>
        <time>2025-11-30T18:59:13Z</time>
      </trkpt>
      <trkpt lat="34.02782" lon="-116.14346">
        <ele>1304.34</ele>
        <time>2025-11-30T18:59:16Z</time>
      </trkpt>
      <trkpt lat="34.02785" lon="-116.14348">
        <ele>1304.09</ele>
        <time>2025-11-30T18:59:19Z</time>
      </trkpt>
      <trkpt lat="34.02787" lon="-116.14349">
        <ele>1304.0</ele>
        <time>2025-11-30T18:59:22Z</time>
      </trkpt>
      <trkpt lat="34.0279" lon="-116.14352">
        <ele>1304.0</ele>
        <time>2025-11-30T18:59:25Z</time>
      </trkpt>
      <trkpt lat="34.02792" lon="-116.14355">
        <ele>1304.0</ele>
        <time>2025-11-30T18:59:27Z</time>
      </trkpt>
      <trkpt lat="34.02795" lon="-116.14357">
        <ele>1304.0</ele>
        <time>2025-11-30T18:59:30Z</time>
      </trkpt>
      <trkpt lat="34.02798" lon="-116.14359">
        <ele>1304.13</ele>
        <time>2025-11-30T18:59:33Z</time>
      </trkpt>
      <trkpt lat="34.02801" lon="-116.14361">
        <ele>1304.02</ele>
        <time>2025-11-30T18:59:36Z</time>
      </trkpt>
      <trkpt lat="34.02803" lon="-116.14363">
        <ele>1304.0</ele>
        <time>2025-11-30T18:59:39Z</time>
      </trkpt>
      <trkpt lat="34.02805" lon="-116.14365">
        <ele>1304.0</ele>
        <time>2025-11-30T18:59:44Z</time>
      </trkpt>
      <trkpt lat="34.02808" lon="-116.14366">
        <ele>1303.99</ele>
        <time>2025-11-30T18:59:48Z</time>
      </trkpt>
      <trkpt lat="34.0281" lon="-116.14367">
        <ele>1303.87</ele>
        <time>2025-11-30T18:59:52Z</time>
      </trkpt>
      <trkpt lat="34.02813" lon="-116.14369">
        <ele>1303.43</ele>
        <time>2025-11-30T18:59:56Z</time>
      </trkpt>
      <trkpt lat="34.02815" lon="-116.14371">
        <ele>1303.11</ele>
        <time>2025-11-30T19:00:00Z</time>
      </trkpt>
      <trkpt lat="34.02818" lon="-116.14372">
        <ele>1303.74</ele>
        <time>2025-11-30T19:00:05Z</time>
      </trkpt>
      <trkpt lat="34.02821" lon="-116.14372">
        <ele>1304.28</ele>
        <time>2025-11-30T19:00:08Z</time>
      </trkpt>
      <trkpt lat="34.02823" lon="-116.14373">
        <ele>1304.55</ele>
        <time>2025-11-30T19:00:11Z</time>
      </trkpt>
      <trkpt lat="34.02827" lon="-116.14373">
        <ele>1305.17</ele>
        <time>2025-11-30T19:00:15Z</time>
      </trkpt>
      <trkpt lat="34.0283" lon="-116.14374">
        <ele>1305.39</ele>
        <time>2025-11-30T19:00:19Z</time>
      </trkpt>
      <trkpt lat="34.02833" lon="-116.14375">
        <ele>1305.46</ele>
        <time>2025-11-30T19:00:22Z</time>
      </trkpt>
      <trkpt lat="34.02836" lon="-116.14376">
        <ele>1305.29</ele>
        <time>2025-11-30T19:00:25Z</time>
      </trkpt>
      <trkpt lat="34.02839" lon="-116.14377">
        <ele>1305.03</ele>
        <time>2025-11-30T19:00:28Z</time>
      </trkpt>
      <trkpt lat="34.02842" lon="-116.14379">
        <ele>1304.27</ele>
        <time>2025-11-30T19:00:31Z</time>
      </trkpt>
      <trkpt lat="34.02845" lon="-116.1438">
        <ele>1304.25</ele>
        <time>2025-11-30T19:00:34Z</time>
      </trkpt>
      <trkpt lat="34.02847" lon="-116.14382">
        <ele>1304.35</ele>
        <time>2025-11-30T19:00:37Z</time>
      </trkpt>
      <trkpt lat="34.0285" lon="-116.14383">
        <ele>1304.51</ele>
        <time>2025-11-30T19:00:40Z</time>
      </trkpt>
      <trkpt lat="34.02853" lon="-116.14384">
        <ele>1304.66</ele>
        <time>2025-11-30T19:00:43Z</time>
      </trkpt>
      <trkpt lat="34.02856" lon="-116.14386">
        <ele>1304.59</ele>
        <time>2025-11-30T19:00:46Z</time>
      </trkpt>
      <trkpt lat="34.02858" lon="-116.14388">
        <ele>1304.22</ele>
        <time>2025-11-30T19:00:49Z</time>
      </trkpt>
      <trkpt lat="34.02861" lon="-116.14389">
        <ele>1304.0</ele>
        <time>2025-11-30T19:00:52Z</time>
      </trkpt>
      <trkpt lat="34.02864" lon="-116.1439">
        <ele>1304.0</ele>
        <time>2025-11-30T19:00:55Z</time>
      </trkpt>
      <trkpt lat="34.02867" lon="-116.14391">
        <ele>1304.0</ele>
        <time>2025-11-30T19:00:58Z</time>
      </trkpt>
      <trkpt lat="34.0287" lon="-116.14392">
        <ele>1304.0</ele>
        <time>2025-11-30T19:01:01Z</time>
      </trkpt>
      <trkpt lat="34.02873" lon="-116.14393">
        <ele>1304.16</ele>
        <time>2025-11-30T19:01:04Z</time>
      </trkpt>
      <trkpt lat="34.02876" lon="-116.14394">
        <ele>1304.27</ele>
        <time>2025-11-30T19:01:07Z</time>
      </trkpt>
      <trkpt lat="34.02881" lon="-116.14395">
        <ele>1304.39</ele>
        <time>2025-11-30T19:01:10Z</time>
      </trkpt>
      <trkpt lat="34.02884" lon="-116.14396">
        <ele>1304.34</ele>
        <time>2025-11-30T19:01:12Z</time>
      </trkpt>
      <trkpt lat="34.02887" lon="-116.14397">
        <ele>1304.22</ele>
        <time>2025-11-30T19:01:15Z</time>
      </trkpt>
      <trkpt lat="34.0289" lon="-116.14399">
        <ele>1304.46</ele>
        <time>2025-11-30T19:01:19Z</time>
      </trkpt>
      <trkpt lat="34.02893" lon="-116.144">
        <ele>1305.62</ele>
        <time>2025-11-30T19:01:23Z</time>
      </trkpt>
      <trkpt lat="34.02896" lon="-116.14401">
        <ele>1306.85</ele>
        <time>2025-11-30T19:01:26Z</time>
      </trkpt>
      <trkpt lat="34.02899" lon="-116.144">
        <ele>1307.79</ele>
        <time>2025-11-30T19:01:30Z</time>
      </trkpt>
      <trkpt lat="34.02902" lon="-116.14399">
        <ele>1308.89</ele>
        <time>2025-11-30T19:01:33Z</time>
      </trkpt>
      <trkpt lat="34.02905" lon="-116.14399">
        <ele>1310.21</ele>
        <time>2025-11-30T19:01:36Z</time>
      </trkpt>
      <trkpt lat="34.02908" lon="-116.14401">
        <ele>1311.97</ele>
        <time>2025-11-30T19:01:39Z</time>
      </trkpt>
      <trkpt lat="34.02911" lon="-116.14403">
        <ele>1312.76</ele>
        <time>2025-11-30T19:01:42Z</time>
      </trkpt>
      <trkpt lat="34.02913" lon="-116.14405">
        <ele>1313.38</ele>
        <time>2025-11-30T19:01:45Z</time>
      </trkpt>
      <trkpt lat="34.02916" lon="-116.14405">
        <ele>1313.46</ele>
        <time>2025-11-30T19:01:48Z</time>
      </trkpt>
      <trkpt lat="34.02919" lon="-116.14406">
        <ele>1312.84</ele>
        <time>2025-11-30T19:01:52Z</time>
      </trkpt>
      <trkpt lat="34.02922" lon="-116.14409">
        <ele>1312.21</ele>
        <time>2025-11-30T19:01:56Z</time>
      </trkpt>
      <trkpt lat="34.02923" lon="-116.14412">
        <ele>1312.75</ele>
        <time>2025-11-30T19:02:02Z</time>
      </trkpt>
      <trkpt lat="34.02926" lon="-116.14412">
        <ele>1311.46</ele>
        <time>2025-11-30T19:02:06Z</time>
      </trkpt>
      <trkpt lat="34.02929" lon="-116.14413">
        <ele>1310.48</ele>
        <time>2025-11-30T19:02:09Z</time>
      </trkpt>
      <trkpt lat="34.02932" lon="-116.14413">
        <ele>1309.17</ele>
        <time>2025-11-30T19:02:12Z</time>
      </trkpt>
      <trkpt lat="34.02934" lon="-116.14414">
        <ele>1308.16</ele>
        <time>2025-11-30T19:02:15Z</time>
      </trkpt>
      <trkpt lat="34.02937" lon="-116.14415">
        <ele>1307.4</ele>
        <time>2025-11-30T19:02:18Z</time>
      </trkpt>
      <trkpt lat="34.0294" lon="-116.14417">
        <ele>1306.96</ele>
        <time>2025-11-30T19:02:21Z</time>
      </trkpt>
      <trkpt lat="34.02942" lon="-116.14418">
        <ele>1306.79</ele>
        <time>2025-11-30T19:02:24Z</time>
      </trkpt>
      <trkpt lat="34.02945" lon="-116.14419">
        <ele>1306.54</ele>
        <time>2025-11-30T19:02:27Z</time>
      </trkpt>
      <trkpt lat="34.02948" lon="-116.14421">
        <ele>1306.27</ele>
        <time>2025-11-30T19:02:30Z</time>
      </trkpt>
      <trkpt lat="34.02951" lon="-116.14422">
        <ele>1306.15</ele>
        <time>2025-11-30T19:02:33Z</time>
      </trkpt>
      <trkpt lat="34.02954" lon="-116.14424">
        <ele>1305.65</ele>
        <time>2025-11-30T19:02:36Z</time>
      </trkpt>
      <trkpt lat="34.02957" lon="-116.14425">
        <ele>1305.62</ele>
        <time>2025-11-30T19:02:39Z</time>
      </trkpt>
      <trkpt lat="34.02959" lon="-116.14427">
        <ele>1305.39</ele>
        <time>2025-11-30T19:02:42Z</time>
      </trkpt>
      <trkpt lat="34.02962" lon="-116.14429">
        <ele>1305.27</ele>
        <time>2025-11-30T19:02:45Z</time>
      </trkpt>
      <trkpt lat="34.02965" lon="-116.14432">
        <ele>1304.83</ele>
        <time>2025-11-30T19:02:48Z</time>
      </trkpt>
      <trkpt lat="34.02968" lon="-116.14433">
        <ele>1304.89</ele>
        <time>2025-11-30T19:02:51Z</time>
      </trkpt>
      <trkpt lat="34.02971" lon="-116.14433">
        <ele>1305.14</ele>
        <time>2025-11-30T19:02:54Z</time>
      </trkpt>
      <trkpt lat="34.02974" lon="-116.14434">
        <ele>1305.13</ele>
        <time>2025-11-30T19:02:57Z</time>
      </trkpt>
      <trkpt lat="34.02977" lon="-116.14435">
        <ele>1305.02</ele>
        <time>2025-11-30T19:03:00Z</time>
      </trkpt>
      <trkpt lat="34.02979" lon="-116.14437">
        <ele>1304.8</ele>
        <time>2025-11-30T19:03:03Z</time>
      </trkpt>
      <trkpt lat="34.02982" lon="-116.14439">
        <ele>1304.61</ele>
        <time>2025-11-30T19:03:06Z</time>
      </trkpt>
      <trkpt lat="34.02985" lon="-116.14441">
        <ele>1304.61</ele>
        <time>2025-11-30T19:03:09Z</time>
      </trkpt>
      <trkpt lat="34.02988" lon="-116.14442">
        <ele>1304.78</ele>
        <time>2025-11-30T19:03:12Z</time>
      </trkpt>
      <trkpt lat="34.02991" lon="-116.14444">
        <ele>1305.0</ele>
        <time>2025-11-30T19:03:15Z</time>
      </trkpt>
      <trkpt lat="34.02993" lon="-116.14445">
        <ele>1305.0</ele>
        <time>2025-11-30T19:03:18Z</time>
      </trkpt>
      <trkpt lat="34.02996" lon="-116.14447">
        <ele>1305.0</ele>
        <time>2025-11-30T19:03:21Z</time>
      </trkpt>
      <trkpt lat="34.02999" lon="-116.14448">
        <ele>1305.0</ele>
        <time>2025-11-30T19:03:24Z</time>
      </trkpt>
      <trkpt lat="34.03002" lon="-116.14449">
        <ele>1304.78</ele>
        <time>2025-11-30T19:03:27Z</time>
      </trkpt>
      <trkpt lat="34.03005" lon="-116.14451">
        <ele>1304.46</ele>
        <time>2025-11-30T19:03:30Z</time>
      </trkpt>
      <trkpt lat="34.03008" lon="-116.14452">
        <ele>1304.14</ele>
        <time>2025-11-30T19:03:33Z</time>
      </trkpt>
      <trkpt lat="34.03011" lon="-116.14454">
        <ele>1304.03</ele>
        <time>2025-11-30T19:03:36Z</time>
      </trkpt>
      <trkpt lat="34.03013" lon="-116.14455">
        <ele>1304.08</ele>
        <time>2025-11-30T19:03:39Z</time>
      </trkpt>
      <trkpt lat="34.03016" lon="-116.14457">
        <ele>1304.1</ele>
        <time>2025-11-30T19:03:42Z</time>
      </trkpt>
      <trkpt lat="34.03019" lon="-116.14459">
        <ele>1303.95</ele>
        <time>2025-11-30T19:03:45Z</time>
      </trkpt>
      <trkpt lat="34.03022" lon="-116.14461">
        <ele>1303.62</ele>
        <time>2025-11-30T19:03:48Z</time>
      </trkpt>
      <trkpt lat="34.03025" lon="-116.14463">
        <ele>1303.3</ele>
        <time>2025-11-30T19:03:51Z</time>
      </trkpt>
      <trkpt lat="34.03027" lon="-116.14465">
        <ele>1303.1</ele>
        <time>2025-11-30T19:03:54Z</time>
      </trkpt>
      <trkpt lat="34.03027" lon="-116.14468">
        <ele>1303.13</ele>
        <time>2025-11-30T19:03:58Z</time>
      </trkpt>
      <trkpt lat="34.03027" lon="-116.14472">
        <ele>1303.17</ele>
        <time>2025-11-30T19:04:02Z</time>
      </trkpt>
      <trkpt lat="34.03029" lon="-116.1447">
        <ele>1302.97</ele>
        <time>2025-11-30T19:04:11Z</time>
      </trkpt>
      <trkpt lat="34.03031" lon="-116.14468">
        <ele>1302.84</ele>
        <time>2025-11-30T19:04:14Z</time>
      </trkpt>
      <trkpt lat="34.03034" lon="-116.14467">
        <ele>1302.62</ele>
        <time>2025-11-30T19:04:16Z</time>
      </trkpt>
      <trkpt lat="34.03038" lon="-116.14468">
        <ele>1302.59</ele>
        <time>2025-11-30T19:04:19Z</time>
      </trkpt>
      <trkpt lat="34.03041" lon="-116.1447">
        <ele>1302.86</ele>
        <time>2025-11-30T19:04:22Z</time>
      </trkpt>
      <trkpt lat="34.03042" lon="-116.14473">
        <ele>1302.95</ele>
        <time>2025-11-30T19:04:24Z</time>
      </trkpt>
      <trkpt lat="34.03044" lon="-116.14476">
        <ele>1302.69</ele>
        <time>2025-11-30T19:04:26Z</time>
      </trkpt>
      <trkpt lat="34.03046" lon="-116.14479">
        <ele>1302.29</ele>
        <time>2025-11-30T19:04:29Z</time>
      </trkpt>
      <trkpt lat="34.03049" lon="-116.14479">
        <ele>1302.48</ele>
        <time>2025-11-30T19:04:32Z</time>
      </trkpt>
      <trkpt lat="34.03052" lon="-116.1448">
        <ele>1302.68</ele>
        <time>2025-11-30T19:04:35Z</time>
      </trkpt>
      <trkpt lat="34.03054" lon="-116.14481">
        <ele>1302.84</ele>
        <time>2025-11-30T19:04:38Z</time>
      </trkpt>
      <trkpt lat="34.03057" lon="-116.14483">
        <ele>1303.0</ele>
        <time>2025-11-30T19:04:41Z</time>
      </trkpt>
      <trkpt lat="34.0306" lon="-116.14485">
        <ele>1303.0</ele>
        <time>2025-11-30T19:04:44Z</time>
      </trkpt>
      <trkpt lat="34.03063" lon="-116.14486">
        <ele>1303.0</ele>
        <time>2025-11-30T19:04:47Z</time>
      </trkpt>
      <trkpt lat="34.03066" lon="-116.14488">
        <ele>1303.0</ele>
        <time>2025-11-30T19:04:50Z</time>
      </trkpt>
      <trkpt lat="34.03069" lon="-116.1449">
        <ele>1303.0</ele>
        <time>2025-11-30T19:04:53Z</time>
      </trkpt>
      <trkpt lat="34.03072" lon="-116.14492">
        <ele>1303.0</ele>
        <time>2025-11-30T19:04:56Z</time>
      </trkpt>
      <trkpt lat="34.03074" lon="-116.14494">
        <ele>1303.0</ele>
        <time>2025-11-30T19:04:59Z</time>
      </trkpt>
      <trkpt lat="34.03076" lon="-116.14497">
        <ele>1303.0</ele>
        <time>2025-11-30T19:05:05Z</time>
      </trkpt>
      <trkpt lat="34.03078" lon="-116.14499">
        <ele>1303.0</ele>
        <time>2025-11-30T19:05:08Z</time>
      </trkpt>
      <trkpt lat="34.03081" lon="-116.14501">
        <ele>1303.0</ele>
        <time>2025-11-30T19:05:11Z</time>
      </trkpt>
      <trkpt lat="34.03084" lon="-116.14502">
        <ele>1303.0</ele>
        <time>2025-11-30T19:05:14Z</time>
      </trkpt>
      <trkpt lat="34.03087" lon="-116.14504">
        <ele>1303.0</ele>
        <time>2025-11-30T19:05:17Z</time>
      </trkpt>
      <trkpt lat="34.0309" lon="-116.14506">
        <ele>1303.0</ele>
        <time>2025-11-30T19:05:20Z</time>
      </trkpt>
      <trkpt lat="34.03093" lon="-116.14508">
        <ele>1303.0</ele>
        <time>2025-11-30T19:05:23Z</time>
      </trkpt>
      <trkpt lat="34.03096" lon="-116.14509">
        <ele>1303.0</ele>
        <time>2025-11-30T19:05:26Z</time>
      </trkpt>
      <trkpt lat="34.03099" lon="-116.14511">
        <ele>1303.0</ele>
        <time>2025-11-30T19:05:29Z</time>
      </trkpt>
      <trkpt lat="34.03101" lon="-116.14513">
        <ele>1303.0</ele>
        <time>2025-11-30T19:05:33Z</time>
      </trkpt>
      <trkpt lat="34.031" lon="-116.14517">
        <ele>1303.0</ele>
        <time>2025-11-30T19:05:39Z</time>
      </trkpt>
      <trkpt lat="34.03098" lon="-116.14514">
        <ele>1303.0</ele>
        <time>2025-11-30T19:08:54Z</time>
      </trkpt>
      <trkpt lat="34.03093" lon="-116.14513">
        <ele>1303.0</ele>
        <time>2025-11-30T19:09:25Z</time>
      </trkpt>
      <trkpt lat="34.03088" lon="-116.14512">
        <ele>1303.0</ele>
        <time>2025-11-30T19:09:28Z</time>
      </trkpt>
      <trkpt lat="34.03084" lon="-116.14512">
        <ele>1303.0</ele>
        <time>2025-11-30T19:09:32Z</time>
      </trkpt>
      <trkpt lat="34.03081" lon="-116.14506">
        <ele>1303.0</ele>
        <time>2025-11-30T19:09:35Z</time>
      </trkpt>
      <trkpt lat="34.03079" lon="-116.145">
        <ele>1303.0</ele>
        <time>2025-11-30T19:09:37Z</time>
      </trkpt>
      <trkpt lat="34.03075" lon="-116.14497">
        <ele>1303.0</ele>
        <time>2025-11-30T19:09:40Z</time>
      </trkpt>
      <trkpt lat="34.03073" lon="-116.145">
        <ele>1303.0</ele>
        <time>2025-11-30T19:09:44Z</time>
      </trkpt>
      <trkpt lat="34.03075" lon="-116.14504">
        <ele>1303.0</ele>
        <time>2025-11-30T19:09:47Z</time>
      </trkpt>
      <trkpt lat="34.03077" lon="-116.14506">
        <ele>1303.0</ele>
        <time>2025-11-30T19:09:49Z</time>
      </trkpt>
      <trkpt lat="34.03079" lon="-116.1451">
        <ele>1303.0</ele>
        <time>2025-11-30T19:09:52Z</time>
      </trkpt>
      <trkpt lat="34.03079" lon="-116.14514">
        <ele>1303.0</ele>
        <time>2025-11-30T19:09:56Z</time>
      </trkpt>
      <trkpt lat="34.03078" lon="-116.14518">
        <ele>1303.0</ele>
        <time>2025-11-30T19:10:01Z</time>
      </trkpt>
      <trkpt lat="34.03077" lon="-116.14522">
        <ele>1303.0</ele>
        <time>2025-11-30T19:10:08Z</time>
      </trkpt>
      <trkpt lat="34.03078" lon="-116.14525">
        <ele>1303.0</ele>
        <time>2025-11-30T19:10:13Z</time>
      </trkpt>
      <trkpt lat="34.03078" lon="-116.14529">
        <ele>1302.92</ele>
        <time>2025-11-30T19:10:20Z</time>
      </trkpt>
      <trkpt lat="34.03079" lon="-116.14534">
        <ele>1302.69</ele>
        <time>2025-11-30T19:10:47Z</time>
      </trkpt>
      <trkpt lat="34.03082" lon="-116.14536">
        <ele>1302.87</ele>
        <time>2025-11-30T19:10:59Z</time>
      </trkpt>
      <trkpt lat="34.03085" lon="-116.14536">
        <ele>1303.0</ele>
        <time>2025-11-30T19:11:01Z</time>
      </trkpt>
      <trkpt lat="34.03088" lon="-116.14537">
        <ele>1303.0</ele>
        <time>2025-11-30T19:11:05Z</time>
      </trkpt>
      <trkpt lat="34.03088" lon="-116.14542">
        <ele>1303.0</ele>
        <time>2025-11-30T19:11:10Z</time>
      </trkpt>
      <trkpt lat="34.03088" lon="-116.14546">
        <ele>1303.0</ele>
        <time>2025-11-30T19:11:13Z</time>
      </trkpt>
      <trkpt lat="34.03087" lon="-116.1455">
        <ele>1303.0</ele>
        <time>2025-11-30T19:11:16Z</time>
      </trkpt>
      <trkpt lat="34.03088" lon="-116.14554">
        <ele>1303.0</ele>
        <time>2025-11-30T19:11:20Z</time>
      </trkpt>
      <trkpt lat="34.03089" lon="-116.14557">
        <ele>1303.0</ele>
        <time>2025-11-30T19:11:25Z</time>
      </trkpt>
      <trkpt lat="34.03091" lon="-116.14559">
        <ele>1303.0</ele>
        <time>2025-11-30T19:11:30Z</time>
      </trkpt>
      <trkpt lat="34.03094" lon="-116.14562">
        <ele>1303.0</ele>
        <time>2025-11-30T19:11:35Z</time>
      </trkpt>
      <trkpt lat="34.03095" lon="-116.14565">
        <ele>1303.0</ele>
        <time>2025-11-30T19:11:41Z</time>
      </trkpt>
      <trkpt lat="34.03091" lon="-116.14565">
        <ele>1303.0</ele>
        <time>2025-11-30T19:11:45Z</time>
      </trkpt>
      <trkpt lat="34.03088" lon="-116.14564">
        <ele>1303.0</ele>
        <time>2025-11-30T19:11:48Z</time>
      </trkpt>
      <trkpt lat="34.03086" lon="-116.14562">
        <ele>1303.0</ele>
        <time>2025-11-30T19:11:53Z</time>
      </trkpt>
      <trkpt lat="34.03088" lon="-116.14563">
        <ele>1303.0</ele>
        <time>2025-11-30T19:12:23Z</time>
      </trkpt>
      <trkpt lat="34.03089" lon="-116.1456">
        <ele>1303.0</ele>
        <time>2025-11-30T19:12:29Z</time>
      </trkpt>
      <trkpt lat="34.03089" lon="-116.14556">
        <ele>1303.0</ele>
        <time>2025-11-30T19:12:32Z</time>
      </trkpt>
      <trkpt lat="34.03087" lon="-116.14554">
        <ele>1303.0</ele>
        <time>2025-11-30T19:12:38Z</time>
      </trkpt>
      <trkpt lat="34.03084" lon="-116.14553">
        <ele>1303.0</ele>
        <time>2025-11-30T19:12:41Z</time>
      </trkpt>
      <trkpt lat="34.03081" lon="-116.14553">
        <ele>1302.82</ele>
        <time>2025-11-30T19:12:45Z</time>
      </trkpt>
      <trkpt lat="34.03078" lon="-116.14554">
        <ele>1302.52</ele>
        <time>2025-11-30T19:12:50Z</time>
      </trkpt>
      <trkpt lat="34.03077" lon="-116.14551">
        <ele>1302.65</ele>
        <time>2025-11-30T19:12:58Z</time>
      </trkpt>
      <trkpt lat="34.03075" lon="-116.14549">
        <ele>1302.74</ele>
        <time>2025-11-30T19:13:09Z</time>
      </trkpt>
      <trkpt lat="34.03072" lon="-116.14549">
        <ele>1302.84</ele>
        <time>2025-11-30T19:13:12Z</time>
      </trkpt>
      <trkpt lat="34.03069" lon="-116.1455">
        <ele>1303.04</ele>
        <time>2025-11-30T19:13:14Z</time>
      </trkpt>
      <trkpt lat="34.03067" lon="-116.14554">
        <ele>1303.44</ele>
        <time>2025-11-30T19:13:17Z</time>
      </trkpt>
      <trkpt lat="34.03064" lon="-116.14557">
        <ele>1304.09</ele>
        <time>2025-11-30T19:13:20Z</time>
      </trkpt>
      <trkpt lat="34.03063" lon="-116.1456">
        <ele>1304.2</ele>
        <time>2025-11-30T19:13:23Z</time>
      </trkpt>
      <trkpt lat="34.03064" lon="-116.14563">
        <ele>1304.09</ele>
        <time>2025-11-30T19:13:33Z</time>
      </trkpt>
      <trkpt lat="34.03068" lon="-116.14564">
        <ele>1303.31</ele>
        <time>2025-11-30T19:13:36Z</time>
      </trkpt>
      <trkpt lat="34.03071" lon="-116.14565">
        <ele>1302.68</ele>
        <time>2025-11-30T19:13:39Z</time>
      </trkpt>
      <trkpt lat="34.03074" lon="-116.14566">
        <ele>1302.14</ele>
        <time>2025-11-30T19:13:44Z</time>
      </trkpt>
      <trkpt lat="34.0307" lon="-116.14565">
        <ele>1302.89</ele>
        <time>2025-11-30T19:13:54Z</time>
      </trkpt>
      <trkpt lat="34.03068" lon="-116.14563">
        <ele>1303.31</ele>
        <time>2025-11-30T19:13:57Z</time>
      </trkpt>
      <trkpt lat="34.03066" lon="-116.1456">
        <ele>1303.74</ele>
        <time>2025-11-30T19:14:00Z</time>
      </trkpt>
      <trkpt lat="34.03064" lon="-116.14557">
        <ele>1304.09</ele>
        <time>2025-11-30T19:14:02Z</time>
      </trkpt>
      <trkpt lat="34.03062" lon="-116.14554">
        <ele>1304.14</ele>
        <time>2025-11-30T19:14:04Z</time>
      </trkpt>
      <trkpt lat="34.0306" lon="-116.14551">
        <ele>1304.03</ele>
        <time>2025-11-30T19:14:07Z</time>
      </trkpt>
      <trkpt lat="34.03058" lon="-116.14549">
        <ele>1304.03</ele>
        <time>2025-11-30T19:14:10Z</time>
      </trkpt>
      <trkpt lat="34.03059" lon="-116.14545">
        <ele>1303.63</ele>
        <time>2025-11-30T19:14:15Z</time>
      </trkpt>
      <trkpt lat="34.03062" lon="-116.14543">
        <ele>1303.3</ele>
        <time>2025-11-30T19:14:18Z</time>
      </trkpt>
      <trkpt lat="34.03064" lon="-116.1454">
        <ele>1303.09</ele>
        <time>2025-11-30T19:14:22Z</time>
      </trkpt>
      <trkpt lat="34.03066" lon="-116.14537">
        <ele>1302.87</ele>
        <time>2025-11-30T19:14:26Z</time>
      </trkpt>
      <trkpt lat="34.03066" lon="-116.14533">
        <ele>1302.93</ele>
        <time>2025-11-30T19:14:30Z</time>
      </trkpt>
      <trkpt lat="34.03067" lon="-116.14529">
        <ele>1302.97</ele>
        <time>2025-11-30T19:14:34Z</time>
      </trkpt>
      <trkpt lat="34.03066" lon="-116.14526">
        <ele>1303.0</ele>
        <time>2025-11-30T19:14:37Z</time>
      </trkpt>
      <trkpt lat="34.03063" lon="-116.14524">
        <ele>1303.12</ele>
        <time>2025-11-30T19:14:39Z</time>
      </trkpt>
      <trkpt lat="34.0306" lon="-116.14522">
        <ele>1303.2</ele>
        <time>2025-11-30T19:14:41Z</time>
      </trkpt>
      <trkpt lat="34.03057" lon="-116.14524">
        <ele>1303.5</ele>
        <time>2025-11-30T19:14:46Z</time>
      </trkpt>
      <trkpt lat="34.03057" lon="-116.14528">
        <ele>1303.84</ele>
        <time>2025-11-30T19:14:49Z</time>
      </trkpt>
      <trkpt lat="34.03058" lon="-116.14531">
        <ele>1303.74</ele>
        <time>2025-11-30T19:14:51Z</time>
      </trkpt>
      <trkpt lat="34.03058" lon="-116.14535">
        <ele>1303.74</ele>
        <time>2025-11-30T19:14:54Z</time>
      </trkpt>
      <trkpt lat="34.0306" lon="-116.14538">
        <ele>1303.52</ele>
        <time>2025-11-30T19:15:00Z</time>
      </trkpt>
      <trkpt lat="34.0306" lon="-116.14534">
        <ele>1303.52</ele>
        <time>2025-11-30T19:15:10Z</time>
      </trkpt>
      <trkpt lat="34.0306" lon="-116.14529">
        <ele>1303.52</ele>
        <time>2025-11-30T19:15:13Z</time>
      </trkpt>
      <trkpt lat="34.0306" lon="-116.14525">
        <ele>1303.36</ele>
        <time>2025-11-30T19:15:15Z</time>
      </trkpt>
      <trkpt lat="34.0306" lon="-116.14522">
        <ele>1303.2</ele>
        <time>2025-11-30T19:15:17Z</time>
      </trkpt>
      <trkpt lat="34.03058" lon="-116.14517">
        <ele>1303.0</ele>
        <time>2025-11-30T19:15:20Z</time>
      </trkpt>
      <trkpt lat="34.03057" lon="-116.14515">
        <ele>1303.0</ele>
        <time>2025-11-30T19:15:22Z</time>
      </trkpt>
      <trkpt lat="34.03056" lon="-116.14511">
        <ele>1303.0</ele>
        <time>2025-11-30T19:15:25Z</time>
      </trkpt>
      <trkpt lat="34.03056" lon="-116.14507">
        <ele>1303.0</ele>
        <time>2025-11-30T19:15:28Z</time>
      </trkpt>
      <trkpt lat="34.03053" lon="-116.14504">
        <ele>1302.84</ele>
        <time>2025-11-30T19:15:32Z</time>
      </trkpt>
      <trkpt lat="34.0305" lon="-116.14505">
        <ele>1302.72</ele>
        <time>2025-11-30T19:15:34Z</time>
      </trkpt>
      <trkpt lat="34.03048" lon="-116.14506">
        <ele>1302.71</ele>
        <time>2025-11-30T19:15:36Z</time>
      </trkpt>
      <trkpt lat="34.03044" lon="-116.14507">
        <ele>1303.06</ele>
        <time>2025-11-30T19:15:39Z</time>
      </trkpt>
      <trkpt lat="34.03041" lon="-116.14508">
        <ele>1303.51</ele>
        <time>2025-11-30T19:15:42Z</time>
      </trkpt>
      <trkpt lat="34.03037" lon="-116.14509">
        <ele>1304.0</ele>
        <time>2025-11-30T19:15:45Z</time>
      </trkpt>
      <trkpt lat="34.03034" lon="-116.14509">
        <ele>1304.33</ele>
        <time>2025-11-30T19:15:48Z</time>
      </trkpt>
      <trkpt lat="34.03031" lon="-116.14508">
        <ele>1304.65</ele>
        <time>2025-11-30T19:15:51Z</time>
      </trkpt>
      <trkpt lat="34.03028" lon="-116.14507">
        <ele>1304.98</ele>
        <time>2025-11-30T19:15:55Z</time>
      </trkpt>
      <trkpt lat="34.03025" lon="-116.14505">
        <ele>1305.3</ele>
        <time>2025-11-30T19:15:59Z</time>
      </trkpt>
      <trkpt lat="34.03022" lon="-116.14506">
        <ele>1305.62</ele>
        <time>2025-11-30T19:16:03Z</time>
      </trkpt>
      <trkpt lat="34.03019" lon="-116.14507">
        <ele>1305.95</ele>
        <time>2025-11-30T19:16:07Z</time>
      </trkpt>
      <trkpt lat="34.03018" lon="-116.14512">
        <ele>1305.83</ele>
        <time>2025-11-30T19:16:10Z</time>
      </trkpt>
      <trkpt lat="34.0302" lon="-116.14515">
        <ele>1305.32</ele>
        <time>2025-11-30T19:16:12Z</time>
      </trkpt>
      <trkpt lat="34.03022" lon="-116.14518">
        <ele>1305.03</ele>
        <time>2025-11-30T19:16:14Z</time>
      </trkpt>
      <trkpt lat="34.03024" lon="-116.14521">
        <ele>1305.11</ele>
        <time>2025-11-30T19:16:17Z</time>
      </trkpt>
      <trkpt lat="34.03025" lon="-116.14525">
        <ele>1305.21</ele>
        <time>2025-11-30T19:16:20Z</time>
      </trkpt>
      <trkpt lat="34.03026" lon="-116.14528">
        <ele>1305.19</ele>
        <time>2025-11-30T19:16:23Z</time>
      </trkpt>
      <trkpt lat="34.03027" lon="-116.14532">
        <ele>1305.08</ele>
        <time>2025-11-30T19:16:26Z</time>
      </trkpt>
      <trkpt lat="34.03028" lon="-116.14535">
        <ele>1305.0</ele>
        <time>2025-11-30T19:16:29Z</time>
      </trkpt>
      <trkpt lat="34.03029" lon="-116.14539">
        <ele>1305.0</ele>
        <time>2025-11-30T19:16:32Z</time>
      </trkpt>
      <trkpt lat="34.03029" lon="-116.14542">
        <ele>1305.0</ele>
        <time>2025-11-30T19:16:35Z</time>
      </trkpt>
      <trkpt lat="34.03028" lon="-116.14546">
        <ele>1305.0</ele>
        <time>2025-11-30T19:16:38Z</time>
      </trkpt>
      <trkpt lat="34.03027" lon="-116.1455">
        <ele>1305.5</ele>
        <time>2025-11-30T19:16:41Z</time>
      </trkpt>
      <trkpt lat="34.03027" lon="-116.14553">
        <ele>1305.77</ele>
        <time>2025-11-30T19:16:44Z</time>
      </trkpt>
      <trkpt lat="34.03027" lon="-116.14557">
        <ele>1305.99</ele>
        <time>2025-11-30T19:16:47Z</time>
      </trkpt>
      <trkpt lat="34.03027" lon="-116.14561">
        <ele>1305.95</ele>
        <time>2025-11-30T19:16:50Z</time>
      </trkpt>
      <trkpt lat="34.03026" lon="-116.14564">
        <ele>1305.82</ele>
        <time>2025-11-30T19:16:53Z</time>
      </trkpt>
      <trkpt lat="34.03024" lon="-116.14567">
        <ele>1305.45</ele>
        <time>2025-11-30T19:16:55Z</time>
      </trkpt>
      <trkpt lat="34.03023" lon="-116.1457">
        <ele>1305.21</ele>
        <time>2025-11-30T19:16:58Z</time>
      </trkpt>
      <trkpt lat="34.03024" lon="-116.14573">
        <ele>1305.07</ele>
        <time>2025-11-30T19:17:01Z</time>
      </trkpt>
      <trkpt lat="34.03028" lon="-116.14574">
        <ele>1305.01</ele>
        <time>2025-11-30T19:17:04Z</time>
      </trkpt>
      <trkpt lat="34.0303" lon="-116.14576">
        <ele>1305.0</ele>
        <time>2025-11-30T19:17:07Z</time>
      </trkpt>
      <trkpt lat="34.03032" lon="-116.14579">
        <ele>1305.0</ele>
        <time>2025-11-30T19:17:10Z</time>
      </trkpt>
      <trkpt lat="34.03034" lon="-116.14582">
        <ele>1305.0</ele>
        <time>2025-11-30T19:17:13Z</time>
      </trkpt>
      <trkpt lat="34.03037" lon="-116.14583">
        <ele>1305.0</ele>
        <time>2025-11-30T19:17:16Z</time>
      </trkpt>
      <trkpt lat="34.03039" lon="-116.14585">
        <ele>1305.0</ele>
        <time>2025-11-30T19:17:19Z</time>
      </trkpt>
      <trkpt lat="34.03041" lon="-116.14587">
        <ele>1305.0</ele>
        <time>2025-11-30T19:17:22Z</time>
      </trkpt>
      <trkpt lat="34.03044" lon="-116.14588">
        <ele>1305.0</ele>
        <time>2025-11-30T19:17:26Z</time>
      </trkpt>
      <trkpt lat="34.03047" lon="-116.14589">
        <ele>1304.95</ele>
        <time>2025-11-30T19:17:31Z</time>
      </trkpt>
      <trkpt lat="34.03049" lon="-116.14587">
        <ele>1304.88</ele>
        <time>2025-11-30T19:17:34Z</time>
      </trkpt>
      <trkpt lat="34.03052" lon="-116.14588">
        <ele>1304.69</ele>
        <time>2025-11-30T19:17:38Z</time>
      </trkpt>
      <trkpt lat="34.03054" lon="-116.14591">
        <ele>1304.31</ele>
        <time>2025-11-30T19:17:41Z</time>
      </trkpt>
      <trkpt lat="34.03056" lon="-116.14593">
        <ele>1303.95</ele>
        <time>2025-11-30T19:17:45Z</time>
      </trkpt>
      <trkpt lat="34.03059" lon="-116.14595">
        <ele>1303.63</ele>
        <time>2025-11-30T19:17:49Z</time>
      </trkpt>
      <trkpt lat="34.03061" lon="-116.14597">
        <ele>1303.41</ele>
        <time>2025-11-30T19:17:53Z</time>
      </trkpt>
      <trkpt lat="34.03064" lon="-116.146">
        <ele>1303.09</ele>
        <time>2025-11-30T19:17:57Z</time>
      </trkpt>
      <trkpt lat="34.03064" lon="-116.14603">
        <ele>1303.21</ele>
        <time>2025-11-30T19:18:04Z</time>
      </trkpt>
      <trkpt lat="34.03066" lon="-116.14605">
        <ele>1303.3</ele>
        <time>2025-11-30T19:18:08Z</time>
      </trkpt>
      <trkpt lat="34.03068" lon="-116.14609">
        <ele>1303.51</ele>
        <time>2025-11-30T19:18:13Z</time>
      </trkpt>
      <trkpt lat="34.03069" lon="-116.14612">
        <ele>1303.6</ele>
        <time>2025-11-30T19:18:17Z</time>
      </trkpt>
      <trkpt lat="34.0307" lon="-116.14615">
        <ele>1303.62</ele>
        <time>2025-11-30T19:18:21Z</time>
      </trkpt>
      <trkpt lat="34.03072" lon="-116.14618">
        <ele>1303.39</ele>
        <time>2025-11-30T19:18:31Z</time>
      </trkpt>
      <trkpt lat="34.03072" lon="-116.14617">
        <ele>1303.37</ele>
        <time>2025-11-30T19:19:16Z</time>
      </trkpt>
      <trkpt lat="34.03074" lon="-116.1462">
        <ele>1303.02</ele>
        <time>2025-11-30T19:19:50Z</time>
      </trkpt>
      <trkpt lat="34.03076" lon="-116.14624">
        <ele>1303.0</ele>
        <time>2025-11-30T19:20:00Z</time>
      </trkpt>
      <trkpt lat="34.03078" lon="-116.14627">
        <ele>1303.0</ele>
        <time>2025-11-30T19:20:11Z</time>
      </trkpt>
      <trkpt lat="34.0308" lon="-116.14631">
        <ele>1303.0</ele>
        <time>2025-11-30T19:20:29Z</time>
      </trkpt>
      <trkpt lat="34.03075" lon="-116.14633">
        <ele>1303.0</ele>
        <time>2025-11-30T19:21:21Z</time>
      </trkpt>
      <trkpt lat="34.03068" lon="-116.14633">
        <ele>1303.66</ele>
        <time>2025-11-30T19:21:24Z</time>
      </trkpt>
      <trkpt lat="34.03064" lon="-116.14634">
        <ele>1304.26</ele>
        <time>2025-11-30T19:21:31Z</time>
      </trkpt>
      <trkpt lat="34.03064" lon="-116.14637">
        <ele>1304.26</ele>
        <time>2025-11-30T19:21:48Z</time>
      </trkpt>
      <trkpt lat="34.03062" lon="-116.14645">
        <ele>1305.37</ele>
        <time>2025-11-30T19:22:41Z</time>
      </trkpt>
      <trkpt lat="34.03065" lon="-116.14649">
        <ele>1304.96</ele>
        <time>2025-11-30T19:24:13Z</time>
      </trkpt>
      <trkpt lat="34.03068" lon="-116.1465">
        <ele>1304.31</ele>
        <time>2025-11-30T19:25:26Z</time>
      </trkpt>
      <trkpt lat="34.03065" lon="-116.14651">
        <ele>1304.96</ele>
        <time>2025-11-30T19:25:38Z</time>
      </trkpt>
      <trkpt lat="34.03062" lon="-116.14651">
        <ele>1305.51</ele>
        <time>2025-11-30T19:25:41Z</time>
      </trkpt>
      <trkpt lat="34.03061" lon="-116.14656">
        <ele>1305.47</ele>
        <time>2025-11-30T19:25:54Z</time>
      </trkpt>
      <trkpt lat="34.03061" lon="-116.1466">
        <ele>1305.13</ele>
        <time>2025-11-30T19:25:57Z</time>
      </trkpt>
      <trkpt lat="34.03058" lon="-116.14661">
        <ele>1305.35</ele>
        <time>2025-11-30T19:26:36Z</time>
      </trkpt>
      <trkpt lat="34.03056" lon="-116.14663">
        <ele>1305.35</ele>
        <time>2025-11-30T19:26:41Z</time>
      </trkpt>
      <trkpt lat="34.03054" lon="-116.14666">
        <ele>1305.1</ele>
        <time>2025-11-30T19:26:43Z</time>
      </trkpt>
      <trkpt lat="34.03051" lon="-116.1467">
        <ele>1304.64</ele>
        <time>2025-11-30T19:26:46Z</time>
      </trkpt>
      <trkpt lat="34.03049" lon="-116.14673">
        <ele>1304.32</ele>
        <time>2025-11-30T19:26:49Z</time>
      </trkpt>
      <trkpt lat="34.03046" lon="-116.14674">
        <ele>1304.21</ele>
        <time>2025-11-30T19:26:52Z</time>
      </trkpt>
      <trkpt lat="34.03043" lon="-116.14675">
        <ele>1304.14</ele>
        <time>2025-11-30T19:26:56Z</time>
      </trkpt>
      <trkpt lat="34.0304" lon="-116.14677">
        <ele>1303.85</ele>
        <time>2025-11-30T19:27:01Z</time>
      </trkpt>
      <trkpt lat="34.03038" lon="-116.14679">
        <ele>1303.63</ele>
        <time>2025-11-30T19:27:07Z</time>
      </trkpt>
      <trkpt lat="34.03036" lon="-116.14682">
        <ele>1303.34</ele>
        <time>2025-11-30T19:27:12Z</time>
      </trkpt>
      <trkpt lat="34.03033" lon="-116.14684">
        <ele>1303.13</ele>
        <time>2025-11-30T19:27:16Z</time>
      </trkpt>
      <trkpt lat="34.0303" lon="-116.14684">
        <ele>1303.13</ele>
        <time>2025-11-30T19:27:20Z</time>
      </trkpt>
      <trkpt lat="34.03028" lon="-116.14682">
        <ele>1303.34</ele>
        <time>2025-11-30T19:27:24Z</time>
      </trkpt>
      <trkpt lat="34.03026" lon="-116.14684">
        <ele>1303.13</ele>
        <time>2025-11-30T19:27:37Z</time>
      </trkpt>
      <trkpt lat="34.03024" lon="-116.14686">
        <ele>1302.82</ele>
        <time>2025-11-30T19:27:41Z</time>
      </trkpt>
      <trkpt lat="34.03021" lon="-116.14688">
        <ele>1302.39</ele>
        <time>2025-11-30T19:27:44Z</time>
      </trkpt>
      <trkpt lat="34.03019" lon="-116.1469">
        <ele>1301.96</ele>
        <time>2025-11-30T19:27:47Z</time>
      </trkpt>
      <trkpt lat="34.03016" lon="-116.14692">
        <ele>1301.53</ele>
        <time>2025-11-30T19:27:50Z</time>
      </trkpt>
      <trkpt lat="34.03015" lon="-116.14696">
        <ele>1300.73</ele>
        <time>2025-11-30T19:27:53Z</time>
      </trkpt>
      <trkpt lat="34.03014" lon="-116.14699">
        <ele>1300.26</ele>
        <time>2025-11-30T19:27:55Z</time>
      </trkpt>
      <trkpt lat="34.03012" lon="-116.14703">
        <ele>1299.8</ele>
        <time>2025-11-30T19:27:58Z</time>
      </trkpt>
      <trkpt lat="34.03009" lon="-116.14706">
        <ele>1299.5</ele>
        <time>2025-11-30T19:28:02Z</time>
      </trkpt>
      <trkpt lat="34.03007" lon="-116.14708">
        <ele>1299.07</ele>
        <time>2025-11-30T19:28:05Z</time>
      </trkpt>
      <trkpt lat="34.03005" lon="-116.1471">
        <ele>1298.64</ele>
        <time>2025-11-30T19:28:08Z</time>
      </trkpt>
      <trkpt lat="34.03003" lon="-116.14713">
        <ele>1298.0</ele>
        <time>2025-11-30T19:28:11Z</time>
      </trkpt>
      <trkpt lat="34.03001" lon="-116.14716">
        <ele>1297.67</ele>
        <time>2025-11-30T19:28:14Z</time>
      </trkpt>
      <trkpt lat="34.02998" lon="-116.14717">
        <ele>1297.78</ele>
        <time>2025-11-30T19:28:17Z</time>
      </trkpt>
      <trkpt lat="34.02996" lon="-116.14719">
        <ele>1297.78</ele>
        <time>2025-11-30T19:28:20Z</time>
      </trkpt>
      <trkpt lat="34.02993" lon="-116.14721">
        <ele>1297.89</ele>
        <time>2025-11-30T19:28:23Z</time>
      </trkpt>
      <trkpt lat="34.02991" lon="-116.14723">
        <ele>1297.81</ele>
        <time>2025-11-30T19:28:27Z</time>
      </trkpt>
      <trkpt lat="34.02992" lon="-116.1472">
        <ele>1298.1</ele>
        <time>2025-11-30T19:28:37Z</time>
      </trkpt>
      <trkpt lat="34.0299" lon="-116.14721">
        <ele>1298.13</ele>
        <time>2025-11-30T19:28:43Z</time>
      </trkpt>
      <trkpt lat="34.02987" lon="-116.14722">
        <ele>1298.02</ele>
        <time>2025-11-30T19:28:45Z</time>
      </trkpt>
      <trkpt lat="34.02984" lon="-116.14722">
        <ele>1298.02</ele>
        <time>2025-11-30T19:28:47Z</time>
      </trkpt>
      <trkpt lat="34.0298" lon="-116.14724">
        <ele>1297.65</ele>
        <time>2025-11-30T19:28:50Z</time>
      </trkpt>
      <trkpt lat="34.02977" lon="-116.14725">
        <ele>1297.55</ele>
        <time>2025-11-30T19:28:53Z</time>
      </trkpt>
      <trkpt lat="34.02974" lon="-116.14727">
        <ele>1297.38</ele>
        <time>2025-11-30T19:28:56Z</time>
      </trkpt>
      <trkpt lat="34.02972" lon="-116.14729">
        <ele>1297.27</ele>
        <time>2025-11-30T19:28:59Z</time>
      </trkpt>
      <trkpt lat="34.02969" lon="-116.1473">
        <ele>1297.16</ele>
        <time>2025-11-30T19:29:02Z</time>
      </trkpt>
      <trkpt lat="34.02967" lon="-116.14732">
        <ele>1296.94</ele>
        <time>2025-11-30T19:29:05Z</time>
      </trkpt>
      <trkpt lat="34.02964" lon="-116.14734">
        <ele>1296.73</ele>
        <time>2025-11-30T19:29:08Z</time>
      </trkpt>
      <trkpt lat="34.02961" lon="-116.14735">
        <ele>1296.83</ele>
        <time>2025-11-30T19:29:11Z</time>
      </trkpt>
      <trkpt lat="34.02958" lon="-116.14737">
        <ele>1296.94</ele>
        <time>2025-11-30T19:29:14Z</time>
      </trkpt>
      <trkpt lat="34.02955" lon="-116.14738">
        <ele>1297.16</ele>
        <time>2025-11-30T19:29:17Z</time>
      </trkpt>
      <trkpt lat="34.02952" lon="-116.1474">
        <ele>1297.08</ele>
        <time>2025-11-30T19:29:20Z</time>
      </trkpt>
      <trkpt lat="34.02949" lon="-116.14741">
        <ele>1296.97</ele>
        <time>2025-11-30T19:29:23Z</time>
      </trkpt>
      <trkpt lat="34.02946" lon="-116.14742">
        <ele>1296.86</ele>
        <time>2025-11-30T19:29:26Z</time>
      </trkpt>
      <trkpt lat="34.02943" lon="-116.14744">
        <ele>1296.7</ele>
        <time>2025-11-30T19:29:29Z</time>
      </trkpt>
      <trkpt lat="34.0294" lon="-116.14746">
        <ele>1296.7</ele>
        <time>2025-11-30T19:29:32Z</time>
      </trkpt>
      <trkpt lat="34.02938" lon="-116.1475">
        <ele>1296.7</ele>
        <time>2025-11-30T19:29:35Z</time>
      </trkpt>
      <trkpt lat="34.02935" lon="-116.14752">
        <ele>1296.79</ele>
        <time>2025-11-30T19:29:38Z</time>
      </trkpt>
      <trkpt lat="34.02933" lon="-116.14754">
        <ele>1296.67</ele>
        <time>2025-11-30T19:29:41Z</time>
      </trkpt>
      <trkpt lat="34.0293" lon="-116.14756">
        <ele>1296.71</ele>
        <time>2025-11-30T19:29:44Z</time>
      </trkpt>
      <trkpt lat="34.02928" lon="-116.14759">
        <ele>1296.78</ele>
        <time>2025-11-30T19:29:48Z</time>
      </trkpt>
      <trkpt lat="34.02926" lon="-116.14762">
        <ele>1296.7</ele>
        <time>2025-11-30T19:29:52Z</time>
      </trkpt>
      <trkpt lat="34.02924" lon="-116.14766">
        <ele>1296.42</ele>
        <time>2025-11-30T19:29:56Z</time>
      </trkpt>
      <trkpt lat="34.02922" lon="-116.14768">
        <ele>1296.46</ele>
        <time>2025-11-30T19:29:59Z</time>
      </trkpt>
      <trkpt lat="34.02921" lon="-116.14771">
        <ele>1296.39</ele>
        <time>2025-11-30T19:30:02Z</time>
      </trkpt>
      <trkpt lat="34.02919" lon="-116.14774">
        <ele>1296.31</ele>
        <time>2025-11-30T19:30:05Z</time>
      </trkpt>
      <trkpt lat="34.02918" lon="-116.14777">
        <ele>1296.07</ele>
        <time>2025-11-30T19:30:08Z</time>
      </trkpt>
      <trkpt lat="34.02916" lon="-116.1478">
        <ele>1296.07</ele>
        <time>2025-11-30T19:30:11Z</time>
      </trkpt>
      <trkpt lat="34.02912" lon="-116.14782">
        <ele>1296.5</ele>
        <time>2025-11-30T19:30:14Z</time>
      </trkpt>
      <trkpt lat="34.02909" lon="-116.14782">
        <ele>1296.83</ele>
        <time>2025-11-30T19:30:17Z</time>
      </trkpt>
      <trkpt lat="34.02905" lon="-116.14782">
        <ele>1297.0</ele>
        <time>2025-11-30T19:30:20Z</time>
      </trkpt>
      <trkpt lat="34.02902" lon="-116.14782">
        <ele>1297.0</ele>
        <time>2025-11-30T19:30:23Z</time>
      </trkpt>
      <trkpt lat="34.02898" lon="-116.14782">
        <ele>1297.0</ele>
        <time>2025-11-30T19:30:26Z</time>
      </trkpt>
      <trkpt lat="34.02895" lon="-116.14782">
        <ele>1297.0</ele>
        <time>2025-11-30T19:30:29Z</time>
      </trkpt>
      <trkpt lat="34.02892" lon="-116.14782">
        <ele>1297.0</ele>
        <time>2025-11-30T19:30:32Z</time>
      </trkpt>
      <trkpt lat="34.02889" lon="-116.14782">
        <ele>1297.0</ele>
        <time>2025-11-30T19:30:35Z</time>
      </trkpt>
      <trkpt lat="34.02886" lon="-116.14782">
        <ele>1297.0</ele>
        <time>2025-11-30T19:30:38Z</time>
      </trkpt>
      <trkpt lat="34.02883" lon="-116.14778">
        <ele>1297.0</ele>
        <time>2025-11-30T19:30:41Z</time>
      </trkpt>
      <trkpt lat="34.02881" lon="-116.14776">
        <ele>1297.0</ele>
        <time>2025-11-30T19:30:43Z</time>
      </trkpt>
      <trkpt lat="34.02878" lon="-116.14773">
        <ele>1297.0</ele>
        <time>2025-11-30T19:30:46Z</time>
      </trkpt>
      <trkpt lat="34.02876" lon="-116.1477">
        <ele>1297.0</ele>
        <time>2025-11-30T19:30:49Z</time>
      </trkpt>
      <trkpt lat="34.02873" lon="-116.14767">
        <ele>1297.16</ele>
        <time>2025-11-30T19:30:52Z</time>
      </trkpt>
      <trkpt lat="34.02871" lon="-116.14765">
        <ele>1297.38</ele>
        <time>2025-11-30T19:30:55Z</time>
      </trkpt>
      <trkpt lat="34.02868" lon="-116.14763">
        <ele>1297.6</ele>
        <time>2025-11-30T19:30:58Z</time>
      </trkpt>
      <trkpt lat="34.02865" lon="-116.14761">
        <ele>1297.81</ele>
        <time>2025-11-30T19:31:01Z</time>
      </trkpt>
      <trkpt lat="34.02863" lon="-116.14759">
        <ele>1298.0</ele>
        <time>2025-11-30T19:31:04Z</time>
      </trkpt>
      <trkpt lat="34.0286" lon="-116.14757">
        <ele>1298.0</ele>
        <time>2025-11-30T19:31:07Z</time>
      </trkpt>
      <trkpt lat="34.02858" lon="-116.14755">
        <ele>1298.0</ele>
        <time>2025-11-30T19:31:10Z</time>
      </trkpt>
      <trkpt lat="34.02855" lon="-116.14753">
        <ele>1298.0</ele>
        <time>2025-11-30T19:31:13Z</time>
      </trkpt>
      <trkpt lat="34.02852" lon="-116.14751">
        <ele>1298.0</ele>
        <time>2025-11-30T19:31:16Z</time>
      </trkpt>
      <trkpt lat="34.0285" lon="-116.14749">
        <ele>1298.0</ele>
        <time>2025-11-30T19:31:19Z</time>
      </trkpt>
      <trkpt lat="34.02847" lon="-116.14747">
        <ele>1298.0</ele>
        <time>2025-11-30T19:31:22Z</time>
      </trkpt>
      <trkpt lat="34.02844" lon="-116.14745">
        <ele>1298.0</ele>
        <time>2025-11-30T19:31:25Z</time>
      </trkpt>
      <trkpt lat="34.02841" lon="-116.14743">
        <ele>1297.96</ele>
        <time>2025-11-30T19:31:28Z</time>
      </trkpt>
      <trkpt lat="34.02839" lon="-116.14741">
        <ele>1297.99</ele>
        <time>2025-11-30T19:31:31Z</time>
      </trkpt>
      <trkpt lat="34.02836" lon="-116.14739">
        <ele>1298.0</ele>
        <time>2025-11-30T19:31:34Z</time>
      </trkpt>
      <trkpt lat="34.02833" lon="-116.14737">
        <ele>1298.0</ele>
        <time>2025-11-30T19:31:37Z</time>
      </trkpt>
      <trkpt lat="34.02831" lon="-116.14735">
        <ele>1298.0</ele>
        <time>2025-11-30T19:31:40Z</time>
      </trkpt>
      <trkpt lat="34.02828" lon="-116.14733">
        <ele>1298.0</ele>
        <time>2025-11-30T19:31:43Z</time>
      </trkpt>
      <trkpt lat="34.02825" lon="-116.14731">
        <ele>1298.01</ele>
        <time>2025-11-30T19:31:46Z</time>
      </trkpt>
      <trkpt lat="34.02823" lon="-116.14729">
        <ele>1298.0</ele>
        <time>2025-11-30T19:31:49Z</time>
      </trkpt>
      <trkpt lat="34.0282" lon="-116.14726">
        <ele>1298.0</ele>
        <time>2025-11-30T19:31:52Z</time>
      </trkpt>
      <trkpt lat="34.02818" lon="-116.14724">
        <ele>1298.0</ele>
        <time>2025-11-30T19:31:56Z</time>
      </trkpt>
      <trkpt lat="34.02816" lon="-116.14722">
        <ele>1298.02</ele>
        <time>2025-11-30T19:31:59Z</time>
      </trkpt>
      <trkpt lat="34.02813" lon="-116.1472">
        <ele>1298.39</ele>
        <time>2025-11-30T19:32:02Z</time>
      </trkpt>
      <trkpt lat="34.0281" lon="-116.1472">
        <ele>1298.64</ele>
        <time>2025-11-30T19:32:05Z</time>
      </trkpt>
      <trkpt lat="34.02807" lon="-116.1472">
        <ele>1298.88</ele>
        <time>2025-11-30T19:32:08Z</time>
      </trkpt>
      <trkpt lat="34.02804" lon="-116.14719">
        <ele>1299.06</ele>
        <time>2025-11-30T19:32:11Z</time>
      </trkpt>
      <trkpt lat="34.02801" lon="-116.14718">
        <ele>1299.22</ele>
        <time>2025-11-30T19:32:14Z</time>
      </trkpt>
      <trkpt lat="34.02798" lon="-116.14718">
        <ele>1299.37</ele>
        <time>2025-11-30T19:32:17Z</time>
      </trkpt>
      <trkpt lat="34.02794" lon="-116.14718">
        <ele>1299.46</ele>
        <time>2025-11-30T19:32:20Z</time>
      </trkpt>
      <trkpt lat="34.02791" lon="-116.14717">
        <ele>1299.56</ele>
        <time>2025-11-30T19:32:23Z</time>
      </trkpt>
      <trkpt lat="34.02789" lon="-116.14714">
        <ele>1299.89</ele>
        <time>2025-11-30T19:32:45Z</time>
      </trkpt>
      <trkpt lat="34.02785" lon="-116.14713">
        <ele>1300.0</ele>
        <time>2025-11-30T19:32:48Z</time>
      </trkpt>
      <trkpt lat="34.02782" lon="-116.14712">
        <ele>1300.06</ele>
        <time>2025-11-30T19:32:51Z</time>
      </trkpt>
      <trkpt lat="34.02779" lon="-116.1471">
        <ele>1300.28</ele>
        <time>2025-11-30T19:32:54Z</time>
      </trkpt>
      <trkpt lat="34.02776" lon="-116.14708">
        <ele>1300.43</ele>
        <time>2025-11-30T19:32:57Z</time>
      </trkpt>
      <trkpt lat="34.02773" lon="-116.14706">
        <ele>1300.36</ele>
        <time>2025-11-30T19:33:00Z</time>
      </trkpt>
      <trkpt lat="34.0277" lon="-116.14704">
        <ele>1300.15</ele>
        <time>2025-11-30T19:33:03Z</time>
      </trkpt>
      <trkpt lat="34.02767" lon="-116.14703">
        <ele>1300.23</ele>
        <time>2025-11-30T19:33:06Z</time>
      </trkpt>
      <trkpt lat="34.02764" lon="-116.14701">
        <ele>1300.64</ele>
        <time>2025-11-30T19:33:09Z</time>
      </trkpt>
      <trkpt lat="34.02761" lon="-116.147">
        <ele>1300.89</ele>
        <time>2025-11-30T19:33:12Z</time>
      </trkpt>
      <trkpt lat="34.02758" lon="-116.14699">
        <ele>1301.0</ele>
        <time>2025-11-30T19:33:15Z</time>
      </trkpt>
      <trkpt lat="34.02755" lon="-116.14698">
        <ele>1301.0</ele>
        <time>2025-11-30T19:33:18Z</time>
      </trkpt>
      <trkpt lat="34.02752" lon="-116.14698">
        <ele>1301.0</ele>
        <time>2025-11-30T19:33:21Z</time>
      </trkpt>
      <trkpt lat="34.02749" lon="-116.14697">
        <ele>1301.08</ele>
        <time>2025-11-30T19:33:24Z</time>
      </trkpt>
      <trkpt lat="34.02746" lon="-116.14696">
        <ele>1301.36</ele>
        <time>2025-11-30T19:33:27Z</time>
      </trkpt>
      <trkpt lat="34.02743" lon="-116.14695">
        <ele>1301.71</ele>
        <time>2025-11-30T19:33:30Z</time>
      </trkpt>
      <trkpt lat="34.02741" lon="-116.14694">
        <ele>1301.97</ele>
        <time>2025-11-30T19:33:33Z</time>
      </trkpt>
      <trkpt lat="34.02738" lon="-116.14692">
        <ele>1302.08</ele>
        <time>2025-11-30T19:33:36Z</time>
      </trkpt>
      <trkpt lat="34.02736" lon="-116.1469">
        <ele>1302.25</ele>
        <time>2025-11-30T19:33:39Z</time>
      </trkpt>
      <trkpt lat="34.02733" lon="-116.14689">
        <ele>1302.49</ele>
        <time>2025-11-30T19:33:42Z</time>
      </trkpt>
      <trkpt lat="34.02731" lon="-116.14687">
        <ele>1302.81</ele>
        <time>2025-11-30T19:33:45Z</time>
      </trkpt>
      <trkpt lat="34.02728" lon="-116.14685">
        <ele>1303.0</ele>
        <time>2025-11-30T19:33:48Z</time>
      </trkpt>
      <trkpt lat="34.02726" lon="-116.14684">
        <ele>1303.0</ele>
        <time>2025-11-30T19:33:51Z</time>
      </trkpt>
      <trkpt lat="34.02723" lon="-116.14682">
        <ele>1303.0</ele>
        <time>2025-11-30T19:33:54Z</time>
      </trkpt>
      <trkpt lat="34.02721" lon="-116.1468">
        <ele>1303.13</ele>
        <time>2025-11-30T19:33:57Z</time>
      </trkpt>
      <trkpt lat="34.02718" lon="-116.14679">
        <ele>1303.46</ele>
        <time>2025-11-30T19:34:00Z</time>
      </trkpt>
      <trkpt lat="34.02716" lon="-116.14677">
        <ele>1303.67</ele>
        <time>2025-11-30T19:34:03Z</time>
      </trkpt>
      <trkpt lat="34.02713" lon="-116.14676">
        <ele>1304.0</ele>
        <time>2025-11-30T19:34:06Z</time>
      </trkpt>
      <trkpt lat="34.0271" lon="-116.14674">
        <ele>1304.0</ele>
        <time>2025-11-30T19:34:09Z</time>
      </trkpt>
      <trkpt lat="34.02708" lon="-116.14673">
        <ele>1304.0</ele>
        <time>2025-11-30T19:34:12Z</time>
      </trkpt>
      <trkpt lat="34.02705" lon="-116.14675">
        <ele>1304.0</ele>
        <time>2025-11-30T19:34:15Z</time>
      </trkpt>
      <trkpt lat="34.02703" lon="-116.14677">
        <ele>1304.0</ele>
        <time>2025-11-30T19:34:18Z</time>
      </trkpt>
      <trkpt lat="34.027" lon="-116.14679">
        <ele>1304.0</ele>
        <time>2025-11-30T19:34:21Z</time>
      </trkpt>
      <trkpt lat="34.02697" lon="-116.14681">
        <ele>1304.0</ele>
        <time>2025-11-30T19:34:24Z</time>
      </trkpt>
      <trkpt lat="34.02695" lon="-116.14682">
        <ele>1304.0</ele>
        <time>2025-11-30T19:34:27Z</time>
      </trkpt>
      <trkpt lat="34.02692" lon="-116.14683">
        <ele>1304.0</ele>
        <time>2025-11-30T19:34:30Z</time>
      </trkpt>
      <trkpt lat="34.02689" lon="-116.14683">
        <ele>1304.0</ele>
        <time>2025-11-30T19:34:33Z</time>
      </trkpt>
      <trkpt lat="34.02687" lon="-116.14684">
        <ele>1304.0</ele>
        <time>2025-11-30T19:34:36Z</time>
      </trkpt>
      <trkpt lat="34.02684" lon="-116.14685">
        <ele>1304.0</ele>
        <time>2025-11-30T19:34:39Z</time>
      </trkpt>
      <trkpt lat="34.02681" lon="-116.14686">
        <ele>1303.91</ele>
        <time>2025-11-30T19:34:42Z</time>
      </trkpt>
      <trkpt lat="34.02678" lon="-116.14687">
        <ele>1303.8</ele>
        <time>2025-11-30T19:34:45Z</time>
      </trkpt>
      <trkpt lat="34.02676" lon="-116.14687">
        <ele>1303.8</ele>
        <time>2025-11-30T19:34:48Z</time>
      </trkpt>
      <trkpt lat="34.02673" lon="-116.14688">
        <ele>1303.7</ele>
        <time>2025-11-30T19:34:51Z</time>
      </trkpt>
      <trkpt lat="34.0267" lon="-116.14689">
        <ele>1303.59</ele>
        <time>2025-11-30T19:34:54Z</time>
      </trkpt>
      <trkpt lat="34.02667" lon="-116.1469">
        <ele>1303.48</ele>
        <time>2025-11-30T19:34:57Z</time>
      </trkpt>
      <trkpt lat="34.02664" lon="-116.14691">
        <ele>1303.37</ele>
        <time>2025-11-30T19:35:00Z</time>
      </trkpt>
      <trkpt lat="34.02661" lon="-116.14692">
        <ele>1303.26</ele>
        <time>2025-11-30T19:35:03Z</time>
      </trkpt>
      <trkpt lat="34.02658" lon="-116.14693">
        <ele>1303.16</ele>
        <time>2025-11-30T19:35:06Z</time>
      </trkpt>
      <trkpt lat="34.02655" lon="-116.14694">
        <ele>1302.79</ele>
        <time>2025-11-30T19:35:09Z</time>
      </trkpt>
      <trkpt lat="34.02653" lon="-116.14695">
        <ele>1302.55</ele>
        <time>2025-11-30T19:35:12Z</time>
      </trkpt>
      <trkpt lat="34.0265" lon="-116.14695">
        <ele>1302.28</ele>
        <time>2025-11-30T19:35:15Z</time>
      </trkpt>
      <trkpt lat="34.02647" lon="-116.14696">
        <ele>1302.56</ele>
        <time>2025-11-30T19:35:18Z</time>
      </trkpt>
      <trkpt lat="34.02644" lon="-116.14696">
        <ele>1303.16</ele>
        <time>2025-11-30T19:35:21Z</time>
      </trkpt>
      <trkpt lat="34.02641" lon="-116.14697">
        <ele>1303.88</ele>
        <time>2025-11-30T19:35:24Z</time>
      </trkpt>
      <trkpt lat="34.02638" lon="-116.14698">
        <ele>1304.44</ele>
        <time>2025-11-30T19:35:27Z</time>
      </trkpt>
      <trkpt lat="34.02635" lon="-116.14699">
        <ele>1304.71</ele>
        <time>2025-11-30T19:35:30Z</time>
      </trkpt>
      <trkpt lat="34.02632" lon="-116.147">
        <ele>1304.9</ele>
        <time>2025-11-30T19:35:33Z</time>
      </trkpt>
      <trkpt lat="34.02629" lon="-116.14701">
        <ele>1305.0</ele>
        <time>2025-11-30T19:35:36Z</time>
      </trkpt>
      <trkpt lat="34.02627" lon="-116.147">
        <ele>1305.0</ele>
        <time>2025-11-30T19:35:40Z</time>
      </trkpt>
      <trkpt lat="34.02627" lon="-116.14696">
        <ele>1305.0</ele>
        <time>2025-11-30T19:35:58Z</time>
      </trkpt>
      <trkpt lat="34.02622" lon="-116.14699">
        <ele>1305.0</ele>
        <time>2025-11-30T19:36:40Z</time>
      </trkpt>
      <trkpt lat="34.02618" lon="-116.14701">
        <ele>1305.0</ele>
        <time>2025-11-30T19:36:45Z</time>
      </trkpt>
      <trkpt lat="34.02613" lon="-116.14701">
        <ele>1305.0</ele>
        <time>2025-11-30T19:36:47Z</time>
      </trkpt>
      <trkpt lat="34.02608" lon="-116.14702">
        <ele>1305.0</ele>
        <time>2025-11-30T19:36:49Z</time>
      </trkpt>
      <trkpt lat="34.02603" lon="-116.14703">
        <ele>1305.0</ele>
        <time>2025-11-30T19:36:52Z</time>
      </trkpt>
      <trkpt lat="34.02599" lon="-116.14704">
        <ele>1305.0</ele>
        <time>2025-11-30T19:36:55Z</time>
      </trkpt>
      <trkpt lat="34.02595" lon="-116.14705">
        <ele>1305.0</ele>
        <time>2025-11-30T19:36:59Z</time>
      </trkpt>
      <trkpt lat="34.02592" lon="-116.14707">
        <ele>1305.0</ele>
        <time>2025-11-30T19:37:03Z</time>
      </trkpt>
      <trkpt lat="34.02589" lon="-116.14708">
        <ele>1305.0</ele>
        <time>2025-11-30T19:37:08Z</time>
      </trkpt>
      <trkpt lat="34.02585" lon="-116.14709">
        <ele>1305.0</ele>
        <time>2025-11-30T19:37:12Z</time>
      </trkpt>
      <trkpt lat="34.02583" lon="-116.1471">
        <ele>1305.0</ele>
        <time>2025-11-30T19:37:15Z</time>
      </trkpt>
      <trkpt lat="34.0258" lon="-116.14714">
        <ele>1304.93</ele>
        <time>2025-11-30T19:37:18Z</time>
      </trkpt>
      <trkpt lat="34.02579" lon="-116.14717">
        <ele>1304.77</ele>
        <time>2025-11-30T19:37:20Z</time>
      </trkpt>
      <trkpt lat="34.02576" lon="-116.1472">
        <ele>1304.84</ele>
        <time>2025-11-30T19:37:23Z</time>
      </trkpt>
      <trkpt lat="34.02573" lon="-116.1472">
        <ele>1304.91</ele>
        <time>2025-11-30T19:37:27Z</time>
      </trkpt>
      <trkpt lat="34.0257" lon="-116.1472">
        <ele>1304.67</ele>
        <time>2025-11-30T19:37:30Z</time>
      </trkpt>
      <trkpt lat="34.02567" lon="-116.14717">
        <ele>1304.67</ele>
        <time>2025-11-30T19:37:33Z</time>
      </trkpt>
      <trkpt lat="34.02566" lon="-116.14714">
        <ele>1304.9</ele>
        <time>2025-11-30T19:37:35Z</time>
      </trkpt>
      <trkpt lat="34.02563" lon="-116.14711">
        <ele>1305.0</ele>
        <time>2025-11-30T19:37:38Z</time>
      </trkpt>
      <trkpt lat="34.0256" lon="-116.14709">
        <ele>1305.0</ele>
        <time>2025-11-30T19:37:41Z</time>
      </trkpt>
      <trkpt lat="34.02557" lon="-116.14708">
        <ele>1305.0</ele>
        <time>2025-11-30T19:37:45Z</time>
      </trkpt>
      <trkpt lat="34.02556" lon="-116.14712">
        <ele>1305.0</ele>
        <time>2025-11-30T19:37:55Z</time>
      </trkpt>
      <trkpt lat="34.02556" lon="-116.14716">
        <ele>1304.67</ele>
        <time>2025-11-30T19:37:59Z</time>
      </trkpt>
      <trkpt lat="34.02556" lon="-116.14712">
        <ele>1305.0</ele>
        <time>2025-11-30T19:38:24Z</time>
      </trkpt>
      <trkpt lat="34.02559" lon="-116.14711">
        <ele>1305.0</ele>
        <time>2025-11-30T19:38:27Z</time>
      </trkpt>
      <trkpt lat="34.02563" lon="-116.1471">
        <ele>1305.0</ele>
        <time>2025-11-30T19:38:29Z</time>
      </trkpt>
      <trkpt lat="34.02566" lon="-116.14708">
        <ele>1305.0</ele>
        <time>2025-11-30T19:38:31Z</time>
      </trkpt>
      <trkpt lat="34.02568" lon="-116.14706">
        <ele>1305.0</ele>
        <time>2025-11-30T19:38:33Z</time>
      </trkpt>
      <trkpt lat="34.02571" lon="-116.14706">
        <ele>1305.0</ele>
        <time>2025-11-30T19:38:37Z</time>
      </trkpt>
      <trkpt lat="34.02569" lon="-116.14708">
        <ele>1305.0</ele>
        <time>2025-11-30T19:38:46Z</time>
      </trkpt>
      <trkpt lat="34.02571" lon="-116.14707">
        <ele>1305.0</ele>
        <time>2025-11-30T19:39:04Z</time>
      </trkpt>
      <trkpt lat="34.02575" lon="-116.14707">
        <ele>1305.0</ele>
        <time>2025-11-30T19:39:07Z</time>
      </trkpt>
      <trkpt lat="34.02577" lon="-116.14709">
        <ele>1305.0</ele>
        <time>2025-11-30T19:39:10Z</time>
      </trkpt>
      <trkpt lat="34.0258" lon="-116.14711">
        <ele>1305.0</ele>
        <time>2025-11-30T19:39:13Z</time>
      </trkpt>
      <trkpt lat="34.02583" lon="-116.14712">
        <ele>1305.0</ele>
        <time>2025-11-30T19:39:16Z</time>
      </trkpt>
      <trkpt lat="34.02586" lon="-116.14713">
        <ele>1305.0</ele>
        <time>2025-11-30T19:39:19Z</time>
      </trkpt>
      <trkpt lat="34.02589" lon="-116.14713">
        <ele>1305.0</ele>
        <time>2025-11-30T19:39:22Z</time>
      </trkpt>
      <trkpt lat="34.02592" lon="-116.14713">
        <ele>1305.0</ele>
        <time>2025-11-30T19:39:25Z</time>
      </trkpt>
      <trkpt lat="34.02595" lon="-116.14712">
        <ele>1305.0</ele>
        <time>2025-11-30T19:39:28Z</time>
      </trkpt>
      <trkpt lat="34.02598" lon="-116.14711">
        <ele>1305.0</ele>
        <time>2025-11-30T19:39:31Z</time>
      </trkpt>
      <trkpt lat="34.02601" lon="-116.14709">
        <ele>1305.0</ele>
        <time>2025-11-30T19:39:34Z</time>
      </trkpt>
      <trkpt lat="34.02604" lon="-116.14707">
        <ele>1305.0</ele>
        <time>2025-11-30T19:39:37Z</time>
      </trkpt>
      <trkpt lat="34.02607" lon="-116.14704">
        <ele>1305.0</ele>
        <time>2025-11-30T19:39:40Z</time>
      </trkpt>
      <trkpt lat="34.0261" lon="-116.14703">
        <ele>1305.0</ele>
        <time>2025-11-30T19:39:43Z</time>
      </trkpt>
      <trkpt lat="34.02613" lon="-116.14702">
        <ele>1305.0</ele>
        <time>2025-11-30T19:39:46Z</time>
      </trkpt>
      <trkpt lat="34.02617" lon="-116.147">
        <ele>1305.0</ele>
        <time>2025-11-30T19:39:49Z</time>
      </trkpt>
      <trkpt lat="34.0262" lon="-116.14699">
        <ele>1305.0</ele>
        <time>2025-11-30T19:39:52Z</time>
      </trkpt>
      <trkpt lat="34.02623" lon="-116.14697">
        <ele>1305.0</ele>
        <time>2025-11-30T19:39:55Z</time>
      </trkpt>
      <trkpt lat="34.02626" lon="-116.14697">
        <ele>1305.0</ele>
        <time>2025-11-30T19:39:58Z</time>
      </trkpt>
      <trkpt lat="34.02629" lon="-116.14697">
        <ele>1305.0</ele>
        <time>2025-11-30T19:40:01Z</time>
      </trkpt>
      <trkpt lat="34.02632" lon="-116.14697">
        <ele>1304.81</ele>
        <time>2025-11-30T19:40:04Z</time>
      </trkpt>
      <trkpt lat="34.02634" lon="-116.14697">
        <ele>1304.66</ele>
        <time>2025-11-30T19:40:07Z</time>
      </trkpt>
      <trkpt lat="34.02637" lon="-116.14697">
        <ele>1304.42</ele>
        <time>2025-11-30T19:40:10Z</time>
      </trkpt>
      <trkpt lat="34.0264" lon="-116.14696">
        <ele>1303.95</ele>
        <time>2025-11-30T19:40:13Z</time>
      </trkpt>
      <trkpt lat="34.02643" lon="-116.14695">
        <ele>1303.2</ele>
        <time>2025-11-30T19:40:16Z</time>
      </trkpt>
      <trkpt lat="34.02644" lon="-116.14691">
        <ele>1303.1</ele>
        <time>2025-11-30T19:40:19Z</time>
      </trkpt>
      <trkpt lat="34.02645" lon="-116.14687">
        <ele>1303.21</ele>
        <time>2025-11-30T19:40:22Z</time>
      </trkpt>
      <trkpt lat="34.02647" lon="-116.14684">
        <ele>1303.24</ele>
        <time>2025-11-30T19:40:25Z</time>
      </trkpt>
      <trkpt lat="34.0265" lon="-116.14683">
        <ele>1303.39</ele>
        <time>2025-11-30T19:40:29Z</time>
      </trkpt>
      <trkpt lat="34.02653" lon="-116.14683">
        <ele>1303.64</ele>
        <time>2025-11-30T19:40:33Z</time>
      </trkpt>
      <trkpt lat="34.02656" lon="-116.14682">
        <ele>1303.9</ele>
        <time>2025-11-30T19:40:36Z</time>
      </trkpt>
      <trkpt lat="34.02658" lon="-116.1468">
        <ele>1304.04</ele>
        <time>2025-11-30T19:40:39Z</time>
      </trkpt>
      <trkpt lat="34.02661" lon="-116.14678">
        <ele>1304.3</ele>
        <time>2025-11-30T19:40:42Z</time>
      </trkpt>
      <trkpt lat="34.02663" lon="-116.14675">
        <ele>1304.68</ele>
        <time>2025-11-30T19:40:45Z</time>
      </trkpt>
      <trkpt lat="34.02666" lon="-116.14673">
        <ele>1304.97</ele>
        <time>2025-11-30T19:40:48Z</time>
      </trkpt>
      <trkpt lat="34.02668" lon="-116.14671">
        <ele>1304.93</ele>
        <time>2025-11-30T19:40:51Z</time>
      </trkpt>
      <trkpt lat="34.02671" lon="-116.14668">
        <ele>1304.93</ele>
        <time>2025-11-30T19:40:54Z</time>
      </trkpt>
      <trkpt lat="34.02673" lon="-116.14665">
        <ele>1305.06</ele>
        <time>2025-11-30T19:40:57Z</time>
      </trkpt>
      <trkpt lat="34.02675" lon="-116.14662">
        <ele>1305.05</ele>
        <time>2025-11-30T19:41:00Z</time>
      </trkpt>
      <trkpt lat="34.02677" lon="-116.1466">
        <ele>1305.0</ele>
        <time>2025-11-30T19:41:03Z</time>
      </trkpt>
      <trkpt lat="34.02679" lon="-116.14657">
        <ele>1305.03</ele>
        <time>2025-11-30T19:41:06Z</time>
      </trkpt>
      <trkpt lat="34.02681" lon="-116.14654">
        <ele>1305.17</ele>
        <time>2025-11-30T19:41:09Z</time>
      </trkpt>
      <trkpt lat="34.02684" lon="-116.14651">
        <ele>1305.09</ele>
        <time>2025-11-30T19:41:12Z</time>
      </trkpt>
      <trkpt lat="34.02686" lon="-116.14648">
        <ele>1305.0</ele>
        <time>2025-11-30T19:41:15Z</time>
      </trkpt>
      <trkpt lat="34.02689" lon="-116.14645">
        <ele>1305.0</ele>
        <time>2025-11-30T19:41:18Z</time>
      </trkpt>
      <trkpt lat="34.02691" lon="-116.14642">
        <ele>1305.0</ele>
        <time>2025-11-30T19:41:21Z</time>
      </trkpt>
      <trkpt lat="34.02693" lon="-116.14639">
        <ele>1305.0</ele>
        <time>2025-11-30T19:41:24Z</time>
      </trkpt>
      <trkpt lat="34.02694" lon="-116.14635">
        <ele>1305.0</ele>
        <time>2025-11-30T19:41:26Z</time>
      </trkpt>
      <trkpt lat="34.02694" lon="-116.14632">
        <ele>1305.0</ele>
        <time>2025-11-30T19:41:28Z</time>
      </trkpt>
      <trkpt lat="34.02694" lon="-116.14628">
        <ele>1305.01</ele>
        <time>2025-11-30T19:41:31Z</time>
      </trkpt>
      <trkpt lat="34.02694" lon="-116.14624">
        <ele>1305.03</ele>
        <time>2025-11-30T19:41:34Z</time>
      </trkpt>
      <trkpt lat="34.02694" lon="-116.1462">
        <ele>1305.05</ele>
        <time>2025-11-30T19:41:37Z</time>
      </trkpt>
      <trkpt lat="34.02694" lon="-116.14616">
        <ele>1305.09</ele>
        <time>2025-11-30T19:41:40Z</time>
      </trkpt>
      <trkpt lat="34.02694" lon="-116.14612">
        <ele>1305.13</ele>
        <time>2025-11-30T19:41:43Z</time>
      </trkpt>
      <trkpt lat="34.02694" lon="-116.14609">
        <ele>1304.93</ele>
        <time>2025-11-30T19:41:46Z</time>
      </trkpt>
      <trkpt lat="34.02694" lon="-116.14605">
        <ele>1304.52</ele>
        <time>2025-11-30T19:41:49Z</time>
      </trkpt>
      <trkpt lat="34.02695" lon="-116.14601">
        <ele>1303.99</ele>
        <time>2025-11-30T19:41:52Z</time>
      </trkpt>
      <trkpt lat="34.02695" lon="-116.14597">
        <ele>1303.97</ele>
        <time>2025-11-30T19:41:55Z</time>
      </trkpt>
      <trkpt lat="34.02696" lon="-116.14593">
        <ele>1303.84</ele>
        <time>2025-11-30T19:41:58Z</time>
      </trkpt>
      <trkpt lat="34.02696" lon="-116.14589">
        <ele>1303.51</ele>
        <time>2025-11-30T19:42:01Z</time>
      </trkpt>
      <trkpt lat="34.02697" lon="-116.14585">
        <ele>1303.13</ele>
        <time>2025-11-30T19:42:04Z</time>
      </trkpt>
      <trkpt lat="34.02697" lon="-116.14582">
        <ele>1302.86</ele>
        <time>2025-11-30T19:42:07Z</time>
      </trkpt>
      <trkpt lat="34.02697" lon="-116.14578">
        <ele>1302.42</ele>
        <time>2025-11-30T19:42:10Z</time>
      </trkpt>
      <trkpt lat="34.02697" lon="-116.14574">
        <ele>1302.0</ele>
        <time>2025-11-30T19:42:13Z</time>
      </trkpt>
      <trkpt lat="34.02697" lon="-116.1457">
        <ele>1302.0</ele>
        <time>2025-11-30T19:42:16Z</time>
      </trkpt>
      <trkpt lat="34.02694" lon="-116.14566">
        <ele>1302.05</ele>
        <time>2025-11-30T19:42:19Z</time>
      </trkpt>
      <trkpt lat="34.02692" lon="-116.14564">
        <ele>1302.24</ele>
        <time>2025-11-30T19:42:21Z</time>
      </trkpt>
      <trkpt lat="34.02691" lon="-116.14561">
        <ele>1302.22</ele>
        <time>2025-11-30T19:42:23Z</time>
      </trkpt>
      <trkpt lat="34.0269" lon="-116.14557">
        <ele>1302.07</ele>
        <time>2025-11-30T19:42:26Z</time>
      </trkpt>
      <trkpt lat="34.02688" lon="-116.14554">
        <ele>1302.0</ele>
        <time>2025-11-30T19:42:29Z</time>
      </trkpt>
      <trkpt lat="34.02687" lon="-116.1455">
        <ele>1302.0</ele>
        <time>2025-11-30T19:42:32Z</time>
      </trkpt>
      <trkpt lat="34.02685" lon="-116.14546">
        <ele>1302.04</ele>
        <time>2025-11-30T19:42:35Z</time>
      </trkpt>
      <trkpt lat="34.02683" lon="-116.14543">
        <ele>1302.39</ele>
        <time>2025-11-30T19:42:38Z</time>
      </trkpt>
      <trkpt lat="34.02681" lon="-116.1454">
        <ele>1302.6</ele>
        <time>2025-11-30T19:42:41Z</time>
      </trkpt>
      <trkpt lat="34.02679" lon="-116.14537">
        <ele>1302.67</ele>
        <time>2025-11-30T19:42:44Z</time>
      </trkpt>
      <trkpt lat="34.02678" lon="-116.14534">
        <ele>1302.85</ele>
        <time>2025-11-30T19:42:47Z</time>
      </trkpt>
      <trkpt lat="34.02678" lon="-116.14531">
        <ele>1302.92</ele>
        <time>2025-11-30T19:42:50Z</time>
      </trkpt>
      <trkpt lat="34.02679" lon="-116.14527">
        <ele>1303.03</ele>
        <time>2025-11-30T19:42:53Z</time>
      </trkpt>
      <trkpt lat="34.02678" lon="-116.14523">
        <ele>1303.12</ele>
        <time>2025-11-30T19:42:56Z</time>
      </trkpt>
      <trkpt lat="34.02676" lon="-116.14519">
        <ele>1303.01</ele>
        <time>2025-11-30T19:42:59Z</time>
      </trkpt>
      <trkpt lat="34.02674" lon="-116.14515">
        <ele>1303.59</ele>
        <time>2025-11-30T19:43:02Z</time>
      </trkpt>
      <trkpt lat="34.02673" lon="-116.14512">
        <ele>1304.02</ele>
        <time>2025-11-30T19:43:05Z</time>
      </trkpt>
      <trkpt lat="34.02671" lon="-116.14508">
        <ele>1304.6</ele>
        <time>2025-11-30T19:43:08Z</time>
      </trkpt>
      <trkpt lat="34.0267" lon="-116.14504">
        <ele>1304.84</ele>
        <time>2025-11-30T19:43:11Z</time>
      </trkpt>
      <trkpt lat="34.02668" lon="-116.145">
        <ele>1305.0</ele>
        <time>2025-11-30T19:43:14Z</time>
      </trkpt>
      <trkpt lat="34.02666" lon="-116.14497">
        <ele>1305.3</ele>
        <time>2025-11-30T19:43:17Z</time>
      </trkpt>
      <trkpt lat="34.02664" lon="-116.14494">
        <ele>1305.46</ele>
        <time>2025-11-30T19:43:20Z</time>
      </trkpt>
      <trkpt lat="34.02662" lon="-116.14491">
        <ele>1305.48</ele>
        <time>2025-11-30T19:43:23Z</time>
      </trkpt>
      <trkpt lat="34.0266" lon="-116.14488">
        <ele>1305.28</ele>
        <time>2025-11-30T19:43:26Z</time>
      </trkpt>
      <trkpt lat="34.02658" lon="-116.14484">
        <ele>1305.06</ele>
        <time>2025-11-30T19:43:29Z</time>
      </trkpt>
      <trkpt lat="34.02656" lon="-116.14481">
        <ele>1305.0</ele>
        <time>2025-11-30T19:43:32Z</time>
      </trkpt>
      <trkpt lat="34.02655" lon="-116.14477">
        <ele>1305.0</ele>
        <time>2025-11-30T19:43:35Z</time>
      </trkpt>
      <trkpt lat="34.02653" lon="-116.14474">
        <ele>1305.0</ele>
        <time>2025-11-30T19:43:38Z</time>
      </trkpt>
      <trkpt lat="34.02651" lon="-116.14471">
        <ele>1305.0</ele>
        <time>2025-11-30T19:43:41Z</time>
      </trkpt>
      <trkpt lat="34.0265" lon="-116.14467">
        <ele>1305.0</ele>
        <time>2025-11-30T19:43:44Z</time>
      </trkpt>
      <trkpt lat="34.0265" lon="-116.14464">
        <ele>1305.0</ele>
        <time>2025-11-30T19:43:47Z</time>
      </trkpt>
      <trkpt lat="34.02651" lon="-116.1446">
        <ele>1304.9</ele>
        <time>2025-11-30T19:43:50Z</time>
      </trkpt>
      <trkpt lat="34.02651" lon="-116.14456">
        <ele>1304.77</ele>
        <time>2025-11-30T19:43:53Z</time>
      </trkpt>
      <trkpt lat="34.02653" lon="-116.14453">
        <ele>1304.55</ele>
        <time>2025-11-30T19:43:56Z</time>
      </trkpt>
      <trkpt lat="34.02656" lon="-116.14449">
        <ele>1304.31</ele>
        <time>2025-11-30T19:43:59Z</time>
      </trkpt>
      <trkpt lat="34.02658" lon="-116.14446">
        <ele>1304.0</ele>
        <time>2025-11-30T19:44:02Z</time>
      </trkpt>
      <trkpt lat="34.0266" lon="-116.14443">
        <ele>1304.0</ele>
        <time>2025-11-30T19:44:05Z</time>
      </trkpt>
      <trkpt lat="34.02661" lon="-116.14439">
        <ele>1304.0</ele>
        <time>2025-11-30T19:44:08Z</time>
      </trkpt>
      <trkpt lat="34.02662" lon="-116.14435">
        <ele>1304.02</ele>
        <time>2025-11-30T19:44:11Z</time>
      </trkpt>
      <trkpt lat="34.02663" lon="-116.14432">
        <ele>1304.27</ele>
        <time>2025-11-30T19:44:14Z</time>
      </trkpt>
      <trkpt lat="34.02664" lon="-116.14428">
        <ele>1304.45</ele>
        <time>2025-11-30T19:44:17Z</time>
      </trkpt>
      <trkpt lat="34.02666" lon="-116.14425">
        <ele>1304.15</ele>
        <time>2025-11-30T19:44:20Z</time>
      </trkpt>
      <trkpt lat="34.02667" lon="-116.14421">
        <ele>1304.02</ele>
        <time>2025-11-30T19:44:23Z</time>
      </trkpt>
      <trkpt lat="34.02668" lon="-116.14418">
        <ele>1304.02</ele>
        <time>2025-11-30T19:44:26Z</time>
      </trkpt>
      <trkpt lat="34.02669" lon="-116.14414">
        <ele>1304.0</ele>
        <time>2025-11-30T19:44:29Z</time>
      </trkpt>
      <trkpt lat="34.02671" lon="-116.1441">
        <ele>1304.0</ele>
        <time>2025-11-30T19:44:32Z</time>
      </trkpt>
      <trkpt lat="34.02672" lon="-116.14407">
        <ele>1304.04</ele>
        <time>2025-11-30T19:44:35Z</time>
      </trkpt>
      <trkpt lat="34.02674" lon="-116.14403">
        <ele>1304.2</ele>
        <time>2025-11-30T19:44:38Z</time>
      </trkpt>
      <trkpt lat="34.02675" lon="-116.144">
        <ele>1304.16</ele>
        <time>2025-11-30T19:44:41Z</time>
      </trkpt>
      <trkpt lat="34.02677" lon="-116.14396">
        <ele>1304.21</ele>
        <time>2025-11-30T19:44:44Z</time>
      </trkpt>
      <trkpt lat="34.02679" lon="-116.14393">
        <ele>1304.37</ele>
        <time>2025-11-30T19:44:47Z</time>
      </trkpt>
      <trkpt lat="34.0268" lon="-116.1439">
        <ele>1304.49</ele>
        <time>2025-11-30T19:44:50Z</time>
      </trkpt>
      <trkpt lat="34.02682" lon="-116.14386">
        <ele>1304.66</ele>
        <time>2025-11-30T19:44:53Z</time>
      </trkpt>
      <trkpt lat="34.02684" lon="-116.14383">
        <ele>1304.76</ele>
        <time>2025-11-30T19:44:56Z</time>
      </trkpt>
      <trkpt lat="34.02686" lon="-116.1438">
        <ele>1304.88</ele>
        <time>2025-11-30T19:44:59Z</time>
      </trkpt>
      <trkpt lat="34.02687" lon="-116.14376">
        <ele>1304.88</ele>
        <time>2025-11-30T19:45:02Z</time>
      </trkpt>
      <trkpt lat="34.02689" lon="-116.14373">
        <ele>1304.88</ele>
        <time>2025-11-30T19:45:05Z</time>
      </trkpt>
      <trkpt lat="34.02692" lon="-116.14372">
        <ele>1304.87</ele>
        <time>2025-11-30T19:45:11Z</time>
      </trkpt>
      <trkpt lat="34.02694" lon="-116.14371">
        <ele>1304.94</ele>
        <time>2025-11-30T19:45:15Z</time>
      </trkpt>
      <trkpt lat="34.02697" lon="-116.1437">
        <ele>1304.72</ele>
        <time>2025-11-30T19:45:20Z</time>
      </trkpt>
      <trkpt lat="34.027" lon="-116.14368">
        <ele>1304.4</ele>
        <time>2025-11-30T19:45:25Z</time>
      </trkpt>
      <trkpt lat="34.02701" lon="-116.14365">
        <ele>1304.29</ele>
        <time>2025-11-30T19:45:28Z</time>
      </trkpt>
      <trkpt lat="34.02703" lon="-116.14361">
        <ele>1304.08</ele>
        <time>2025-11-30T19:45:31Z</time>
      </trkpt>
      <trkpt lat="34.02704" lon="-116.14357">
        <ele>1304.0</ele>
        <time>2025-11-30T19:45:34Z</time>
      </trkpt>
      <trkpt lat="34.02705" lon="-116.14354">
        <ele>1304.0</ele>
        <time>2025-11-30T19:45:37Z</time>
      </trkpt>
      <trkpt lat="34.02705" lon="-116.14351">
        <ele>1304.0</ele>
        <time>2025-11-30T19:45:40Z</time>
      </trkpt>
      <trkpt lat="34.02705" lon="-116.14347">
        <ele>1304.0</ele>
        <time>2025-11-30T19:45:43Z</time>
      </trkpt>
      <trkpt lat="34.02706" lon="-116.14343">
        <ele>1304.0</ele>
        <time>2025-11-30T19:45:46Z</time>
      </trkpt>
      <trkpt lat="34.02708" lon="-116.14339">
        <ele>1304.0</ele>
        <time>2025-11-30T19:45:49Z</time>
      </trkpt>
      <trkpt lat="34.02709" lon="-116.14335">
        <ele>1304.0</ele>
        <time>2025-11-30T19:45:52Z</time>
      </trkpt>
      <trkpt lat="34.0271" lon="-116.14332">
        <ele>1304.0</ele>
        <time>2025-11-30T19:45:55Z</time>
      </trkpt>
      <trkpt lat="34.02709" lon="-116.14329">
        <ele>1304.0</ele>
        <time>2025-11-30T19:45:58Z</time>
      </trkpt>
      <trkpt lat="34.02707" lon="-116.14325">
        <ele>1304.0</ele>
        <time>2025-11-30T19:46:01Z</time>
      </trkpt>
      <trkpt lat="34.02706" lon="-116.14322">
        <ele>1304.0</ele>
        <time>2025-11-30T19:46:04Z</time>
      </trkpt>
      <trkpt lat="34.02704" lon="-116.14319">
        <ele>1304.0</ele>
        <time>2025-11-30T19:46:07Z</time>
      </trkpt>
      <trkpt lat="34.02703" lon="-116.14316">
        <ele>1303.93</ele>
        <time>2025-11-30T19:46:10Z</time>
      </trkpt>
      <trkpt lat="34.027" lon="-116.14313">
        <ele>1304.11</ele>
        <time>2025-11-30T19:46:13Z</time>
      </trkpt>
      <trkpt lat="34.02698" lon="-116.14311">
        <ele>1304.37</ele>
        <time>2025-11-30T19:46:16Z</time>
      </trkpt>
      <trkpt lat="34.02695" lon="-116.14311">
        <ele>1303.91</ele>
        <time>2025-11-30T19:46:19Z</time>
      </trkpt>
      <trkpt lat="34.02692" lon="-116.14312">
        <ele>1303.53</ele>
        <time>2025-11-30T19:46:22Z</time>
      </trkpt>
      <trkpt lat="34.02689" lon="-116.14311">
        <ele>1303.58</ele>
        <time>2025-11-30T19:46:25Z</time>
      </trkpt>
      <trkpt lat="34.02686" lon="-116.1431">
        <ele>1303.57</ele>
        <time>2025-11-30T19:46:28Z</time>
      </trkpt>
      <trkpt lat="34.02683" lon="-116.14308">
        <ele>1303.56</ele>
        <time>2025-11-30T19:46:31Z</time>
      </trkpt>
      <trkpt lat="34.0268" lon="-116.14305">
        <ele>1303.5</ele>
        <time>2025-11-30T19:46:34Z</time>
      </trkpt>
      <trkpt lat="34.02676" lon="-116.14304">
        <ele>1303.18</ele>
        <time>2025-11-30T19:46:37Z</time>
      </trkpt>
      <trkpt lat="34.02673" lon="-116.14302">
        <ele>1303.26</ele>
        <time>2025-11-30T19:46:40Z</time>
      </trkpt>
      <trkpt lat="34.0267" lon="-116.14301">
        <ele>1303.18</ele>
        <time>2025-11-30T19:46:43Z</time>
      </trkpt>
      <trkpt lat="34.02668" lon="-116.143">
        <ele>1303.09</ele>
        <time>2025-11-30T19:46:46Z</time>
      </trkpt>
      <trkpt lat="34.02665" lon="-116.14298">
        <ele>1303.0</ele>
        <time>2025-11-30T19:46:49Z</time>
      </trkpt>
      <trkpt lat="34.02661" lon="-116.14297">
        <ele>1303.0</ele>
        <time>2025-11-30T19:46:52Z</time>
      </trkpt>
      <trkpt lat="34.02658" lon="-116.14296">
        <ele>1303.0</ele>
        <time>2025-11-30T19:46:55Z</time>
      </trkpt>
      <trkpt lat="34.02654" lon="-116.14294">
        <ele>1303.0</ele>
        <time>2025-11-30T19:46:58Z</time>
      </trkpt>
      <trkpt lat="34.02651" lon="-116.14293">
        <ele>1303.0</ele>
        <time>2025-11-30T19:47:00Z</time>
      </trkpt>
      <trkpt lat="34.02648" lon="-116.14293">
        <ele>1302.98</ele>
        <time>2025-11-30T19:47:02Z</time>
      </trkpt>
      <trkpt lat="34.02645" lon="-116.14291">
        <ele>1302.66</ele>
        <time>2025-11-30T19:47:05Z</time>
      </trkpt>
      <trkpt lat="34.02642" lon="-116.1429">
        <ele>1302.34</ele>
        <time>2025-11-30T19:47:08Z</time>
      </trkpt>
      <trkpt lat="34.02639" lon="-116.14288">
        <ele>1302.01</ele>
        <time>2025-11-30T19:47:11Z</time>
      </trkpt>
      <trkpt lat="34.02636" lon="-116.14287">
        <ele>1302.0</ele>
        <time>2025-11-30T19:47:14Z</time>
      </trkpt>
      <trkpt lat="34.02633" lon="-116.14285">
        <ele>1302.0</ele>
        <time>2025-11-30T19:47:17Z</time>
      </trkpt>
      <trkpt lat="34.0263" lon="-116.14283">
        <ele>1302.0</ele>
        <time>2025-11-30T19:47:20Z</time>
      </trkpt>
      <trkpt lat="34.02628" lon="-116.14281">
        <ele>1301.82</ele>
        <time>2025-11-30T19:47:23Z</time>
      </trkpt>
      <trkpt lat="34.02625" lon="-116.14279">
        <ele>1301.5</ele>
        <time>2025-11-30T19:47:26Z</time>
      </trkpt>
      <trkpt lat="34.02622" lon="-116.14277">
        <ele>1301.18</ele>
        <time>2025-11-30T19:47:29Z</time>
      </trkpt>
      <trkpt lat="34.02619" lon="-116.14274">
        <ele>1300.94</ele>
        <time>2025-11-30T19:47:32Z</time>
      </trkpt>
      <trkpt lat="34.02618" lon="-116.1427">
        <ele>1300.78</ele>
        <time>2025-11-30T19:47:34Z</time>
      </trkpt>
      <trkpt lat="34.02616" lon="-116.14267">
        <ele>1300.53</ele>
        <time>2025-11-30T19:47:36Z</time>
      </trkpt>
      <trkpt lat="34.02615" lon="-116.14264">
        <ele>1300.42</ele>
        <time>2025-11-30T19:47:38Z</time>
      </trkpt>
      <trkpt lat="34.02613" lon="-116.1426">
        <ele>1300.2</ele>
        <time>2025-11-30T19:47:41Z</time>
      </trkpt>
      <trkpt lat="34.02611" lon="-116.14256">
        <ele>1300.35</ele>
        <time>2025-11-30T19:47:44Z</time>
      </trkpt>
      <trkpt lat="34.02611" lon="-116.14253">
        <ele>1300.67</ele>
        <time>2025-11-30T19:47:47Z</time>
      </trkpt>
      <trkpt lat="34.02608" lon="-116.14251">
        <ele>1300.59</ele>
        <time>2025-11-30T19:47:52Z</time>
      </trkpt>
      <trkpt lat="34.02605" lon="-116.14251">
        <ele>1300.3</ele>
        <time>2025-11-30T19:47:56Z</time>
      </trkpt>
      <trkpt lat="34.02602" lon="-116.1425">
        <ele>1300.02</ele>
        <time>2025-11-30T19:47:59Z</time>
      </trkpt>
      <trkpt lat="34.02599" lon="-116.1425">
        <ele>1299.69</ele>
        <time>2025-11-30T19:48:02Z</time>
      </trkpt>
      <trkpt lat="34.02596" lon="-116.14248">
        <ele>1299.37</ele>
        <time>2025-11-30T19:48:05Z</time>
      </trkpt>
      <trkpt lat="34.02593" lon="-116.14247">
        <ele>1299.04</ele>
        <time>2025-11-30T19:48:08Z</time>
      </trkpt>
      <trkpt lat="34.02591" lon="-116.14246">
        <ele>1298.83</ele>
        <time>2025-11-30T19:48:11Z</time>
      </trkpt>
      <trkpt lat="34.02588" lon="-116.14244">
        <ele>1298.5</ele>
        <time>2025-11-30T19:48:14Z</time>
      </trkpt>
      <trkpt lat="34.02585" lon="-116.14243">
        <ele>1298.18</ele>
        <time>2025-11-30T19:48:17Z</time>
      </trkpt>
      <trkpt lat="34.02582" lon="-116.14242">
        <ele>1297.86</ele>
        <time>2025-11-30T19:48:20Z</time>
      </trkpt>
      <trkpt lat="34.02579" lon="-116.1424">
        <ele>1297.53</ele>
        <time>2025-11-30T19:48:23Z</time>
      </trkpt>
      <trkpt lat="34.02576" lon="-116.14239">
        <ele>1297.21</ele>
        <time>2025-11-30T19:48:26Z</time>
      </trkpt>
      <trkpt lat="34.02573" lon="-116.14238">
        <ele>1296.88</ele>
        <time>2025-11-30T19:48:29Z</time>
      </trkpt>
      <trkpt lat="34.0257" lon="-116.14237">
        <ele>1296.56</ele>
        <time>2025-11-30T19:48:32Z</time>
      </trkpt>
      <trkpt lat="34.02567" lon="-116.14236">
        <ele>1296.24</ele>
        <time>2025-11-30T19:48:35Z</time>
      </trkpt>
      <trkpt lat="34.02564" lon="-116.14235">
        <ele>1296.0</ele>
        <time>2025-11-30T19:48:38Z</time>
      </trkpt>
      <trkpt lat="34.02561" lon="-116.14234">
        <ele>1296.0</ele>
        <time>2025-11-30T19:48:41Z</time>
      </trkpt>
      <trkpt lat="34.02558" lon="-116.14233">
        <ele>1296.0</ele>
        <time>2025-11-30T19:48:44Z</time>
      </trkpt>
      <trkpt lat="34.02555" lon="-116.14232">
        <ele>1296.0</ele>
        <time>2025-11-30T19:48:47Z</time>
      </trkpt>
      <trkpt lat="34.02553" lon="-116.14231">
        <ele>1296.0</ele>
        <time>2025-11-30T19:48:50Z</time>
      </trkpt>
      <trkpt lat="34.0255" lon="-116.14229">
        <ele>1296.0</ele>
        <time>2025-11-30T19:48:53Z</time>
      </trkpt>
      <trkpt lat="34.02547" lon="-116.14228">
        <ele>1296.0</ele>
        <time>2025-11-30T19:48:56Z</time>
      </trkpt>
      <trkpt lat="34.02544" lon="-116.14226">
        <ele>1296.15</ele>
        <time>2025-11-30T19:48:59Z</time>
      </trkpt>
      <trkpt lat="34.02541" lon="-116.14225">
        <ele>1296.4</ele>
        <time>2025-11-30T19:49:02Z</time>
      </trkpt>
      <trkpt lat="34.02538" lon="-116.14223">
        <ele>1296.82</ele>
        <time>2025-11-30T19:49:05Z</time>
      </trkpt>
      <trkpt lat="34.02536" lon="-116.14221">
        <ele>1297.0</ele>
        <time>2025-11-30T19:49:08Z</time>
      </trkpt>
      <trkpt lat="34.02533" lon="-116.14218">
        <ele>1297.0</ele>
        <time>2025-11-30T19:49:11Z</time>
      </trkpt>
      <trkpt lat="34.0253" lon="-116.14215">
        <ele>1297.0</ele>
        <time>2025-11-30T19:49:14Z</time>
      </trkpt>
      <trkpt lat="34.02528" lon="-116.14213">
        <ele>1297.0</ele>
        <time>2025-11-30T19:49:17Z</time>
      </trkpt>
      <trkpt lat="34.02525" lon="-116.1421">
        <ele>1297.0</ele>
        <time>2025-11-30T19:49:20Z</time>
      </trkpt>
      <trkpt lat="34.02522" lon="-116.14208">
        <ele>1297.0</ele>
        <time>2025-11-30T19:49:23Z</time>
      </trkpt>
      <trkpt lat="34.02519" lon="-116.14206">
        <ele>1297.0</ele>
        <time>2025-11-30T19:49:26Z</time>
      </trkpt>
      <trkpt lat="34.02517" lon="-116.14204">
        <ele>1297.16</ele>
        <time>2025-11-30T19:49:29Z</time>
      </trkpt>
      <trkpt lat="34.02515" lon="-116.142">
        <ele>1297.38</ele>
        <time>2025-11-30T19:49:33Z</time>
      </trkpt>
      <trkpt lat="34.02515" lon="-116.14197">
        <ele>1297.38</ele>
        <time>2025-11-30T19:49:36Z</time>
      </trkpt>
      <trkpt lat="34.02514" lon="-116.14194">
        <ele>1297.51</ele>
        <time>2025-11-30T19:49:39Z</time>
      </trkpt>
      <trkpt lat="34.02512" lon="-116.14191">
        <ele>1297.81</ele>
        <time>2025-11-30T19:49:42Z</time>
      </trkpt>
      <trkpt lat="34.0251" lon="-116.14188">
        <ele>1297.98</ele>
        <time>2025-11-30T19:49:45Z</time>
      </trkpt>
      <trkpt lat="34.02508" lon="-116.14185">
        <ele>1298.0</ele>
        <time>2025-11-30T19:49:48Z</time>
      </trkpt>
      <trkpt lat="34.02506" lon="-116.14184">
        <ele>1298.0</ele>
        <time>2025-11-30T19:49:51Z</time>
      </trkpt>
      <trkpt lat="34.02503" lon="-116.14185">
        <ele>1298.0</ele>
        <time>2025-11-30T19:49:54Z</time>
      </trkpt>
      <trkpt lat="34.02502" lon="-116.14188">
        <ele>1298.0</ele>
        <time>2025-11-30T19:49:56Z</time>
      </trkpt>
      <trkpt lat="34.02499" lon="-116.14191">
        <ele>1298.0</ele>
        <time>2025-11-30T19:49:59Z</time>
      </trkpt>
      <trkpt lat="34.02496" lon="-116.14192">
        <ele>1298.0</ele>
        <time>2025-11-30T19:50:02Z</time>
      </trkpt>
      <trkpt lat="34.02493" lon="-116.14193">
        <ele>1298.0</ele>
        <time>2025-11-30T19:50:04Z</time>
      </trkpt>
      <trkpt lat="34.02489" lon="-116.14193">
        <ele>1298.03</ele>
        <time>2025-11-30T19:50:06Z</time>
      </trkpt>
      <trkpt lat="34.02486" lon="-116.14193">
        <ele>1298.08</ele>
        <time>2025-11-30T19:50:08Z</time>
      </trkpt>
      <trkpt lat="34.02483" lon="-116.14194">
        <ele>1298.04</ele>
        <time>2025-11-30T19:50:11Z</time>
      </trkpt>
      <trkpt lat="34.02479" lon="-116.14194">
        <ele>1298.3</ele>
        <time>2025-11-30T19:50:14Z</time>
      </trkpt>
      <trkpt lat="34.02476" lon="-116.14193">
        <ele>1298.66</ele>
        <time>2025-11-30T19:50:17Z</time>
      </trkpt>
      <trkpt lat="34.02474" lon="-116.14192">
        <ele>1298.86</ele>
        <time>2025-11-30T19:50:21Z</time>
      </trkpt>
      <trkpt lat="34.02476" lon="-116.14191">
        <ele>1298.74</ele>
        <time>2025-11-30T19:50:27Z</time>
      </trkpt>
      <trkpt lat="34.02474" lon="-116.14191">
        <ele>1298.88</ele>
        <time>2025-11-30T19:51:55Z</time>
      </trkpt>
    </trkseg>
  </trk>
</gpx>
