<?xml version="1.0"?>
<gpx xmlns="http://www.topografix.com/GPX/1/1" xmlns:xsi="http://www.w3.org/2001/XMLSchema-instance" version="1.1" creator="AllTrails.com" xsi:schemaLocation="http://www.topografix.com/GPX/1/1 http://www.topografix.com/GPX/1/1/gpx.xsd">
  <metadata>
    <name><![CDATA[Afternoon hike at Cooper Canyon via Cloudburst Summit]]></name>
    <desc><![CDATA[]]></desc>
    <link href="http://www.alltrails.com">
      <text>AllTrails, LLC</text>
    </link>
    <bounds minlat="34.35141" minlon="-117.93625" maxlat="34.36623" maxlon="-117.90196"/>
  </metadata>
  <trk>
    <name><![CDATA[Afternoon hike at Cooper Canyon via Cloudburst Summit]]></name>
    <src>AllTrails</src>
    <trkseg>
      <trkpt lat="34.35144" lon="-117.93452">
        <ele>2144.55</ele>
        <time>2025-08-16T17:10:03Z</time>
      </trkpt>
      <trkpt lat="34.35143" lon="-117.93453">
        <ele>2144.44</ele>
        <time>2025-08-16T17:10:13Z</time>
      </trkpt>
      <trkpt lat="34.35142" lon="-117.93449">
        <ele>2144.34</ele>
        <time>2025-08-16T17:10:30Z</time>
      </trkpt>
      <trkpt lat="34.35141" lon="-117.93445">
        <ele>2144.23</ele>
        <time>2025-08-16T17:10:40Z</time>
      </trkpt>
      <trkpt lat="34.35144" lon="-117.93441">
        <ele>2144.18</ele>
        <time>2025-08-16T17:10:56Z</time>
      </trkpt>
      <trkpt lat="34.35149" lon="-117.93439">
        <ele>2144.65</ele>
        <time>2025-08-16T17:11:14Z</time>
      </trkpt>
      <trkpt lat="34.35153" lon="-117.93438">
        <ele>2145.72</ele>
        <time>2025-08-16T17:11:24Z</time>
      </trkpt>
      <trkpt lat="34.35156" lon="-117.93436">
        <ele>2146.56</ele>
        <time>2025-08-16T17:11:38Z</time>
      </trkpt>
      <trkpt lat="34.35161" lon="-117.93436">
        <ele>2147.42</ele>
        <time>2025-08-16T17:11:40Z</time>
      </trkpt>
      <trkpt lat="34.35166" lon="-117.93436">
        <ele>2148.01</ele>
        <time>2025-08-16T17:11:41Z</time>
      </trkpt>
      <trkpt lat="34.35173" lon="-117.93436">
        <ele>2148.21</ele>
        <time>2025-08-16T17:11:42Z</time>
      </trkpt>
      <trkpt lat="34.35178" lon="-117.93436">
        <ele>2148.28</ele>
        <time>2025-08-16T17:11:43Z</time>
      </trkpt>
      <trkpt lat="34.35181" lon="-117.93436">
        <ele>2148.31</ele>
        <time>2025-08-16T17:11:44Z</time>
      </trkpt>
      <trkpt lat="34.35184" lon="-117.93436">
        <ele>2148.34</ele>
        <time>2025-08-16T17:11:47Z</time>
      </trkpt>
      <trkpt lat="34.35187" lon="-117.93435">
        <ele>2147.73</ele>
        <time>2025-08-16T17:11:54Z</time>
      </trkpt>
      <trkpt lat="34.3519" lon="-117.93435">
        <ele>2147.41</ele>
        <time>2025-08-16T17:11:58Z</time>
      </trkpt>
      <trkpt lat="34.35193" lon="-117.93435">
        <ele>2147.09</ele>
        <time>2025-08-16T17:12:02Z</time>
      </trkpt>
      <trkpt lat="34.35196" lon="-117.93435">
        <ele>2146.78</ele>
        <time>2025-08-16T17:12:06Z</time>
      </trkpt>
      <trkpt lat="34.352" lon="-117.93435">
        <ele>2146.35</ele>
        <time>2025-08-16T17:12:10Z</time>
      </trkpt>
      <trkpt lat="34.35203" lon="-117.93435">
        <ele>2146.03</ele>
        <time>2025-08-16T17:12:14Z</time>
      </trkpt>
      <trkpt lat="34.35206" lon="-117.93435">
        <ele>2145.96</ele>
        <time>2025-08-16T17:12:18Z</time>
      </trkpt>
      <trkpt lat="34.35209" lon="-117.93435">
        <ele>2145.95</ele>
        <time>2025-08-16T17:12:22Z</time>
      </trkpt>
      <trkpt lat="34.35212" lon="-117.93435">
        <ele>2145.94</ele>
        <time>2025-08-16T17:12:26Z</time>
      </trkpt>
      <trkpt lat="34.35214" lon="-117.93439">
        <ele>2147.54</ele>
        <time>2025-08-16T17:12:29Z</time>
      </trkpt>
      <trkpt lat="34.35216" lon="-117.93442">
        <ele>2148.62</ele>
        <time>2025-08-16T17:12:32Z</time>
      </trkpt>
      <trkpt lat="34.35219" lon="-117.93444">
        <ele>2149.16</ele>
        <time>2025-08-16T17:12:36Z</time>
      </trkpt>
      <trkpt lat="34.35222" lon="-117.93445">
        <ele>2149.38</ele>
        <time>2025-08-16T17:12:40Z</time>
      </trkpt>
      <trkpt lat="34.35225" lon="-117.93446">
        <ele>2149.96</ele>
        <time>2025-08-16T17:12:44Z</time>
      </trkpt>
      <trkpt lat="34.35228" lon="-117.93447">
        <ele>2150.48</ele>
        <time>2025-08-16T17:12:48Z</time>
      </trkpt>
      <trkpt lat="34.35231" lon="-117.93447">
        <ele>2150.39</ele>
        <time>2025-08-16T17:12:52Z</time>
      </trkpt>
      <trkpt lat="34.35235" lon="-117.93447">
        <ele>2150.48</ele>
        <time>2025-08-16T17:12:56Z</time>
      </trkpt>
      <trkpt lat="34.35238" lon="-117.93448">
        <ele>2151.19</ele>
        <time>2025-08-16T17:13:00Z</time>
      </trkpt>
      <trkpt lat="34.35241" lon="-117.93447">
        <ele>2150.71</ele>
        <time>2025-08-16T17:13:04Z</time>
      </trkpt>
      <trkpt lat="34.35245" lon="-117.93447">
        <ele>2151.58</ele>
        <time>2025-08-16T17:13:08Z</time>
      </trkpt>
      <trkpt lat="34.35248" lon="-117.93446">
        <ele>2151.58</ele>
        <time>2025-08-16T17:13:12Z</time>
      </trkpt>
      <trkpt lat="34.35252" lon="-117.93446">
        <ele>2153.02</ele>
        <time>2025-08-16T17:13:16Z</time>
      </trkpt>
      <trkpt lat="34.35255" lon="-117.93445">
        <ele>2154.0</ele>
        <time>2025-08-16T17:13:20Z</time>
      </trkpt>
      <trkpt lat="34.35258" lon="-117.93445">
        <ele>2155.58</ele>
        <time>2025-08-16T17:13:24Z</time>
      </trkpt>
      <trkpt lat="34.35261" lon="-117.93445">
        <ele>2156.99</ele>
        <time>2025-08-16T17:13:28Z</time>
      </trkpt>
      <trkpt lat="34.35264" lon="-117.93445">
        <ele>2158.29</ele>
        <time>2025-08-16T17:13:32Z</time>
      </trkpt>
      <trkpt lat="34.35267" lon="-117.93445">
        <ele>2159.58</ele>
        <time>2025-08-16T17:13:36Z</time>
      </trkpt>
      <trkpt lat="34.35269" lon="-117.93445">
        <ele>2160.39</ele>
        <time>2025-08-16T17:13:40Z</time>
      </trkpt>
      <trkpt lat="34.35272" lon="-117.93445">
        <ele>2161.35</ele>
        <time>2025-08-16T17:13:44Z</time>
      </trkpt>
      <trkpt lat="34.35275" lon="-117.93445">
        <ele>2162.3</ele>
        <time>2025-08-16T17:13:48Z</time>
      </trkpt>
      <trkpt lat="34.35278" lon="-117.93444">
        <ele>2162.83</ele>
        <time>2025-08-16T17:13:52Z</time>
      </trkpt>
      <trkpt lat="34.3528" lon="-117.93444">
        <ele>2163.06</ele>
        <time>2025-08-16T17:13:56Z</time>
      </trkpt>
      <trkpt lat="34.35283" lon="-117.93444">
        <ele>2163.4</ele>
        <time>2025-08-16T17:14:00Z</time>
      </trkpt>
      <trkpt lat="34.35286" lon="-117.93445">
        <ele>2164.12</ele>
        <time>2025-08-16T17:14:05Z</time>
      </trkpt>
      <trkpt lat="34.35288" lon="-117.93448">
        <ele>2165.64</ele>
        <time>2025-08-16T17:14:10Z</time>
      </trkpt>
      <trkpt lat="34.35287" lon="-117.93452">
        <ele>2167.26</ele>
        <time>2025-08-16T17:14:13Z</time>
      </trkpt>
      <trkpt lat="34.35288" lon="-117.93455">
        <ele>2168.52</ele>
        <time>2025-08-16T17:14:16Z</time>
      </trkpt>
      <trkpt lat="34.35288" lon="-117.93458">
        <ele>2169.5</ele>
        <time>2025-08-16T17:14:19Z</time>
      </trkpt>
      <trkpt lat="34.3529" lon="-117.93462">
        <ele>2171.01</ele>
        <time>2025-08-16T17:14:23Z</time>
      </trkpt>
      <trkpt lat="34.35291" lon="-117.93465">
        <ele>2171.77</ele>
        <time>2025-08-16T17:14:26Z</time>
      </trkpt>
      <trkpt lat="34.35292" lon="-117.93468">
        <ele>2172.33</ele>
        <time>2025-08-16T17:14:29Z</time>
      </trkpt>
      <trkpt lat="34.35293" lon="-117.93472">
        <ele>2172.97</ele>
        <time>2025-08-16T17:14:33Z</time>
      </trkpt>
      <trkpt lat="34.35294" lon="-117.93475">
        <ele>2173.53</ele>
        <time>2025-08-16T17:14:37Z</time>
      </trkpt>
      <trkpt lat="34.35296" lon="-117.93479">
        <ele>2174.44</ele>
        <time>2025-08-16T17:14:41Z</time>
      </trkpt>
      <trkpt lat="34.35297" lon="-117.93482">
        <ele>2175.06</ele>
        <time>2025-08-16T17:14:45Z</time>
      </trkpt>
      <trkpt lat="34.35298" lon="-117.93485">
        <ele>2175.38</ele>
        <time>2025-08-16T17:14:49Z</time>
      </trkpt>
      <trkpt lat="34.353" lon="-117.93488">
        <ele>2175.7</ele>
        <time>2025-08-16T17:14:53Z</time>
      </trkpt>
      <trkpt lat="34.35301" lon="-117.93491">
        <ele>2176.04</ele>
        <time>2025-08-16T17:14:57Z</time>
      </trkpt>
      <trkpt lat="34.35303" lon="-117.93494">
        <ele>2176.61</ele>
        <time>2025-08-16T17:15:01Z</time>
      </trkpt>
      <trkpt lat="34.35304" lon="-117.93496">
        <ele>2177.04</ele>
        <time>2025-08-16T17:15:05Z</time>
      </trkpt>
      <trkpt lat="34.35306" lon="-117.935">
        <ele>2178.0</ele>
        <time>2025-08-16T17:15:09Z</time>
      </trkpt>
      <trkpt lat="34.35308" lon="-117.93503">
        <ele>2178.09</ele>
        <time>2025-08-16T17:15:13Z</time>
      </trkpt>
      <trkpt lat="34.3531" lon="-117.93507">
        <ele>2178.36</ele>
        <time>2025-08-16T17:15:17Z</time>
      </trkpt>
      <trkpt lat="34.35311" lon="-117.9351">
        <ele>2178.43</ele>
        <time>2025-08-16T17:15:20Z</time>
      </trkpt>
      <trkpt lat="34.35315" lon="-117.93512">
        <ele>2178.41</ele>
        <time>2025-08-16T17:15:23Z</time>
      </trkpt>
      <trkpt lat="34.35318" lon="-117.93515">
        <ele>2177.76</ele>
        <time>2025-08-16T17:15:26Z</time>
      </trkpt>
      <trkpt lat="34.35321" lon="-117.93518">
        <ele>2177.11</ele>
        <time>2025-08-16T17:15:29Z</time>
      </trkpt>
      <trkpt lat="34.35324" lon="-117.93519">
        <ele>2176.9</ele>
        <time>2025-08-16T17:15:32Z</time>
      </trkpt>
      <trkpt lat="34.35327" lon="-117.93518">
        <ele>2177.41</ele>
        <time>2025-08-16T17:15:35Z</time>
      </trkpt>
      <trkpt lat="34.35329" lon="-117.93517">
        <ele>2177.77</ele>
        <time>2025-08-16T17:15:38Z</time>
      </trkpt>
      <trkpt lat="34.35332" lon="-117.93516">
        <ele>2178.17</ele>
        <time>2025-08-16T17:15:41Z</time>
      </trkpt>
      <trkpt lat="34.35335" lon="-117.93516">
        <ele>2178.63</ele>
        <time>2025-08-16T17:15:44Z</time>
      </trkpt>
      <trkpt lat="34.35338" lon="-117.93515">
        <ele>2179.39</ele>
        <time>2025-08-16T17:15:48Z</time>
      </trkpt>
      <trkpt lat="34.35342" lon="-117.93514">
        <ele>2180.36</ele>
        <time>2025-08-16T17:15:52Z</time>
      </trkpt>
      <trkpt lat="34.35345" lon="-117.93513">
        <ele>2180.86</ele>
        <time>2025-08-16T17:15:56Z</time>
      </trkpt>
      <trkpt lat="34.35348" lon="-117.93512">
        <ele>2181.29</ele>
        <time>2025-08-16T17:16:00Z</time>
      </trkpt>
      <trkpt lat="34.35352" lon="-117.93512">
        <ele>2181.74</ele>
        <time>2025-08-16T17:16:04Z</time>
      </trkpt>
      <trkpt lat="34.35355" lon="-117.93511">
        <ele>2182.49</ele>
        <time>2025-08-16T17:16:08Z</time>
      </trkpt>
      <trkpt lat="34.35358" lon="-117.9351">
        <ele>2183.25</ele>
        <time>2025-08-16T17:16:12Z</time>
      </trkpt>
      <trkpt lat="34.35361" lon="-117.93509">
        <ele>2183.95</ele>
        <time>2025-08-16T17:16:16Z</time>
      </trkpt>
      <trkpt lat="34.35364" lon="-117.93507">
        <ele>2184.07</ele>
        <time>2025-08-16T17:16:23Z</time>
      </trkpt>
      <trkpt lat="34.35367" lon="-117.93507">
        <ele>2184.39</ele>
        <time>2025-08-16T17:16:30Z</time>
      </trkpt>
      <trkpt lat="34.35371" lon="-117.93508">
        <ele>2184.93</ele>
        <time>2025-08-16T17:16:36Z</time>
      </trkpt>
      <trkpt lat="34.35374" lon="-117.93508">
        <ele>2185.26</ele>
        <time>2025-08-16T17:16:41Z</time>
      </trkpt>
      <trkpt lat="34.35377" lon="-117.93508">
        <ele>2185.58</ele>
        <time>2025-08-16T17:16:46Z</time>
      </trkpt>
      <trkpt lat="34.3538" lon="-117.93507">
        <ele>2185.76</ele>
        <time>2025-08-16T17:16:51Z</time>
      </trkpt>
      <trkpt lat="34.35383" lon="-117.93506">
        <ele>2185.65</ele>
        <time>2025-08-16T17:16:56Z</time>
      </trkpt>
      <trkpt lat="34.35386" lon="-117.93506">
        <ele>2185.65</ele>
        <time>2025-08-16T17:17:01Z</time>
      </trkpt>
      <trkpt lat="34.3539" lon="-117.93506">
        <ele>2185.77</ele>
        <time>2025-08-16T17:17:06Z</time>
      </trkpt>
      <trkpt lat="34.35393" lon="-117.93506">
        <ele>2186.09</ele>
        <time>2025-08-16T17:17:11Z</time>
      </trkpt>
      <trkpt lat="34.35395" lon="-117.9351">
        <ele>2186.66</ele>
        <time>2025-08-16T17:17:15Z</time>
      </trkpt>
      <trkpt lat="34.35397" lon="-117.93514">
        <ele>2186.88</ele>
        <time>2025-08-16T17:17:17Z</time>
      </trkpt>
      <trkpt lat="34.35399" lon="-117.93516">
        <ele>2187.07</ele>
        <time>2025-08-16T17:17:21Z</time>
      </trkpt>
      <trkpt lat="34.35402" lon="-117.93517">
        <ele>2187.35</ele>
        <time>2025-08-16T17:17:25Z</time>
      </trkpt>
      <trkpt lat="34.35404" lon="-117.93518">
        <ele>2187.6</ele>
        <time>2025-08-16T17:17:29Z</time>
      </trkpt>
      <trkpt lat="34.35407" lon="-117.9352">
        <ele>2187.8</ele>
        <time>2025-08-16T17:17:33Z</time>
      </trkpt>
      <trkpt lat="34.3541" lon="-117.93522">
        <ele>2188.01</ele>
        <time>2025-08-16T17:17:37Z</time>
      </trkpt>
      <trkpt lat="34.35413" lon="-117.93523">
        <ele>2188.41</ele>
        <time>2025-08-16T17:17:41Z</time>
      </trkpt>
      <trkpt lat="34.35416" lon="-117.93524">
        <ele>2188.89</ele>
        <time>2025-08-16T17:17:45Z</time>
      </trkpt>
      <trkpt lat="34.35418" lon="-117.93524">
        <ele>2189.29</ele>
        <time>2025-08-16T17:17:49Z</time>
      </trkpt>
      <trkpt lat="34.35421" lon="-117.93524">
        <ele>2189.94</ele>
        <time>2025-08-16T17:17:53Z</time>
      </trkpt>
      <trkpt lat="34.35424" lon="-117.93524">
        <ele>2190.58</ele>
        <time>2025-08-16T17:17:57Z</time>
      </trkpt>
      <trkpt lat="34.35427" lon="-117.93525">
        <ele>2191.31</ele>
        <time>2025-08-16T17:18:01Z</time>
      </trkpt>
      <trkpt lat="34.3543" lon="-117.93525">
        <ele>2192.19</ele>
        <time>2025-08-16T17:18:05Z</time>
      </trkpt>
      <trkpt lat="34.35433" lon="-117.93524">
        <ele>2192.98</ele>
        <time>2025-08-16T17:18:09Z</time>
      </trkpt>
      <trkpt lat="34.35436" lon="-117.93524">
        <ele>2193.77</ele>
        <time>2025-08-16T17:18:13Z</time>
      </trkpt>
      <trkpt lat="34.35438" lon="-117.93523">
        <ele>2194.09</ele>
        <time>2025-08-16T17:18:17Z</time>
      </trkpt>
      <trkpt lat="34.35441" lon="-117.93523">
        <ele>2194.74</ele>
        <time>2025-08-16T17:18:21Z</time>
      </trkpt>
      <trkpt lat="34.35444" lon="-117.93523">
        <ele>2195.39</ele>
        <time>2025-08-16T17:18:25Z</time>
      </trkpt>
      <trkpt lat="34.35447" lon="-117.93523">
        <ele>2196.04</ele>
        <time>2025-08-16T17:18:29Z</time>
      </trkpt>
      <trkpt lat="34.35449" lon="-117.93523">
        <ele>2196.47</ele>
        <time>2025-08-16T17:18:33Z</time>
      </trkpt>
      <trkpt lat="34.35452" lon="-117.93524">
        <ele>2197.22</ele>
        <time>2025-08-16T17:18:37Z</time>
      </trkpt>
      <trkpt lat="34.35455" lon="-117.93524">
        <ele>2197.95</ele>
        <time>2025-08-16T17:18:41Z</time>
      </trkpt>
      <trkpt lat="34.35458" lon="-117.93525">
        <ele>2198.95</ele>
        <time>2025-08-16T17:18:45Z</time>
      </trkpt>
      <trkpt lat="34.35461" lon="-117.93525">
        <ele>2199.83</ele>
        <time>2025-08-16T17:18:49Z</time>
      </trkpt>
      <trkpt lat="34.35463" lon="-117.93526">
        <ele>2200.63</ele>
        <time>2025-08-16T17:18:53Z</time>
      </trkpt>
      <trkpt lat="34.35466" lon="-117.93527">
        <ele>2201.79</ele>
        <time>2025-08-16T17:18:57Z</time>
      </trkpt>
      <trkpt lat="34.35469" lon="-117.9353">
        <ele>2203.35</ele>
        <time>2025-08-16T17:19:01Z</time>
      </trkpt>
      <trkpt lat="34.35471" lon="-117.93534">
        <ele>2204.86</ele>
        <time>2025-08-16T17:19:04Z</time>
      </trkpt>
      <trkpt lat="34.35473" lon="-117.93537">
        <ele>2206.16</ele>
        <time>2025-08-16T17:19:07Z</time>
      </trkpt>
      <trkpt lat="34.35475" lon="-117.93539">
        <ele>2206.66</ele>
        <time>2025-08-16T17:19:11Z</time>
      </trkpt>
      <trkpt lat="34.35478" lon="-117.93541">
        <ele>2207.52</ele>
        <time>2025-08-16T17:19:15Z</time>
      </trkpt>
      <trkpt lat="34.35481" lon="-117.93542">
        <ele>2208.4</ele>
        <time>2025-08-16T17:19:19Z</time>
      </trkpt>
      <trkpt lat="34.35483" lon="-117.93543">
        <ele>2208.87</ele>
        <time>2025-08-16T17:19:23Z</time>
      </trkpt>
      <trkpt lat="34.35486" lon="-117.93544">
        <ele>2209.36</ele>
        <time>2025-08-16T17:19:27Z</time>
      </trkpt>
      <trkpt lat="34.35489" lon="-117.93544">
        <ele>2209.77</ele>
        <time>2025-08-16T17:19:31Z</time>
      </trkpt>
      <trkpt lat="34.35492" lon="-117.93545">
        <ele>2210.23</ele>
        <time>2025-08-16T17:19:35Z</time>
      </trkpt>
      <trkpt lat="34.35494" lon="-117.93545">
        <ele>2210.61</ele>
        <time>2025-08-16T17:19:39Z</time>
      </trkpt>
      <trkpt lat="34.35497" lon="-117.93545">
        <ele>2211.16</ele>
        <time>2025-08-16T17:19:43Z</time>
      </trkpt>
      <trkpt lat="34.355" lon="-117.93542">
        <ele>2211.07</ele>
        <time>2025-08-16T17:19:47Z</time>
      </trkpt>
      <trkpt lat="34.35502" lon="-117.93539">
        <ele>2210.86</ele>
        <time>2025-08-16T17:19:50Z</time>
      </trkpt>
      <trkpt lat="34.35505" lon="-117.93537">
        <ele>2211.07</ele>
        <time>2025-08-16T17:19:54Z</time>
      </trkpt>
      <trkpt lat="34.35507" lon="-117.93536">
        <ele>2211.2</ele>
        <time>2025-08-16T17:19:58Z</time>
      </trkpt>
      <trkpt lat="34.3551" lon="-117.93535">
        <ele>2211.42</ele>
        <time>2025-08-16T17:20:02Z</time>
      </trkpt>
      <trkpt lat="34.35509" lon="-117.93537">
        <ele>2211.93</ele>
        <time>2025-08-16T17:20:15Z</time>
      </trkpt>
      <trkpt lat="34.3551" lon="-117.93537">
        <ele>2212.07</ele>
        <time>2025-08-16T17:21:09Z</time>
      </trkpt>
      <trkpt lat="34.35515" lon="-117.93537">
        <ele>2212.61</ele>
        <time>2025-08-16T17:21:38Z</time>
      </trkpt>
      <trkpt lat="34.3552" lon="-117.93536">
        <ele>2212.97</ele>
        <time>2025-08-16T17:21:44Z</time>
      </trkpt>
      <trkpt lat="34.35527" lon="-117.93536">
        <ele>2214.39</ele>
        <time>2025-08-16T17:21:46Z</time>
      </trkpt>
      <trkpt lat="34.35533" lon="-117.93536">
        <ele>2215.62</ele>
        <time>2025-08-16T17:21:48Z</time>
      </trkpt>
      <trkpt lat="34.35538" lon="-117.93536">
        <ele>2216.56</ele>
        <time>2025-08-16T17:21:51Z</time>
      </trkpt>
      <trkpt lat="34.35543" lon="-117.93535">
        <ele>2216.69</ele>
        <time>2025-08-16T17:21:56Z</time>
      </trkpt>
      <trkpt lat="34.35547" lon="-117.93534">
        <ele>2216.86</ele>
        <time>2025-08-16T17:22:02Z</time>
      </trkpt>
      <trkpt lat="34.35551" lon="-117.93534">
        <ele>2217.87</ele>
        <time>2025-08-16T17:22:07Z</time>
      </trkpt>
      <trkpt lat="34.35555" lon="-117.93533">
        <ele>2218.55</ele>
        <time>2025-08-16T17:22:12Z</time>
      </trkpt>
      <trkpt lat="34.35559" lon="-117.93533">
        <ele>2219.6</ele>
        <time>2025-08-16T17:22:17Z</time>
      </trkpt>
      <trkpt lat="34.35562" lon="-117.93533">
        <ele>2220.39</ele>
        <time>2025-08-16T17:22:21Z</time>
      </trkpt>
      <trkpt lat="34.35566" lon="-117.93533">
        <ele>2221.26</ele>
        <time>2025-08-16T17:22:25Z</time>
      </trkpt>
      <trkpt lat="34.35569" lon="-117.93536">
        <ele>2222.23</ele>
        <time>2025-08-16T17:22:29Z</time>
      </trkpt>
      <trkpt lat="34.3557" lon="-117.9354">
        <ele>2223.06</ele>
        <time>2025-08-16T17:22:31Z</time>
      </trkpt>
      <trkpt lat="34.35573" lon="-117.93543">
        <ele>2224.1</ele>
        <time>2025-08-16T17:22:34Z</time>
      </trkpt>
      <trkpt lat="34.35575" lon="-117.93545">
        <ele>2224.91</ele>
        <time>2025-08-16T17:22:37Z</time>
      </trkpt>
      <trkpt lat="34.35577" lon="-117.93547">
        <ele>2225.78</ele>
        <time>2025-08-16T17:22:41Z</time>
      </trkpt>
      <trkpt lat="34.3558" lon="-117.93548">
        <ele>2226.65</ele>
        <time>2025-08-16T17:22:45Z</time>
      </trkpt>
      <trkpt lat="34.35583" lon="-117.9355">
        <ele>2227.73</ele>
        <time>2025-08-16T17:22:49Z</time>
      </trkpt>
      <trkpt lat="34.35586" lon="-117.93552">
        <ele>2228.52</ele>
        <time>2025-08-16T17:22:53Z</time>
      </trkpt>
      <trkpt lat="34.35589" lon="-117.93553">
        <ele>2229.06</ele>
        <time>2025-08-16T17:22:57Z</time>
      </trkpt>
      <trkpt lat="34.35592" lon="-117.93555">
        <ele>2229.82</ele>
        <time>2025-08-16T17:23:01Z</time>
      </trkpt>
      <trkpt lat="34.35595" lon="-117.93556">
        <ele>2230.36</ele>
        <time>2025-08-16T17:23:05Z</time>
      </trkpt>
      <trkpt lat="34.35598" lon="-117.93559">
        <ele>2231.33</ele>
        <time>2025-08-16T17:23:09Z</time>
      </trkpt>
      <trkpt lat="34.35601" lon="-117.9356">
        <ele>2231.87</ele>
        <time>2025-08-16T17:23:13Z</time>
      </trkpt>
      <trkpt lat="34.35604" lon="-117.93562">
        <ele>2232.62</ele>
        <time>2025-08-16T17:23:17Z</time>
      </trkpt>
      <trkpt lat="34.35607" lon="-117.93564">
        <ele>2233.38</ele>
        <time>2025-08-16T17:23:21Z</time>
      </trkpt>
      <trkpt lat="34.35609" lon="-117.93566">
        <ele>2233.9</ele>
        <time>2025-08-16T17:23:25Z</time>
      </trkpt>
      <trkpt lat="34.35607" lon="-117.93569">
        <ele>2234.01</ele>
        <time>2025-08-16T17:23:33Z</time>
      </trkpt>
      <trkpt lat="34.35608" lon="-117.93572">
        <ele>2234.44</ele>
        <time>2025-08-16T17:23:47Z</time>
      </trkpt>
      <trkpt lat="34.35611" lon="-117.93574">
        <ele>2234.98</ele>
        <time>2025-08-16T17:23:53Z</time>
      </trkpt>
      <trkpt lat="34.35614" lon="-117.93576">
        <ele>2235.58</ele>
        <time>2025-08-16T17:23:58Z</time>
      </trkpt>
      <trkpt lat="34.35618" lon="-117.93578">
        <ele>2236.48</ele>
        <time>2025-08-16T17:24:03Z</time>
      </trkpt>
      <trkpt lat="34.35621" lon="-117.93579">
        <ele>2237.1</ele>
        <time>2025-08-16T17:24:07Z</time>
      </trkpt>
      <trkpt lat="34.35624" lon="-117.93581">
        <ele>2237.79</ele>
        <time>2025-08-16T17:24:11Z</time>
      </trkpt>
      <trkpt lat="34.35627" lon="-117.93582">
        <ele>2238.32</ele>
        <time>2025-08-16T17:24:17Z</time>
      </trkpt>
      <trkpt lat="34.35631" lon="-117.93584">
        <ele>2239.29</ele>
        <time>2025-08-16T17:24:23Z</time>
      </trkpt>
      <trkpt lat="34.35636" lon="-117.93585">
        <ele>2240.05</ele>
        <time>2025-08-16T17:24:29Z</time>
      </trkpt>
      <trkpt lat="34.3564" lon="-117.93587">
        <ele>2240.91</ele>
        <time>2025-08-16T17:24:35Z</time>
      </trkpt>
      <trkpt lat="34.35644" lon="-117.93589">
        <ele>2241.78</ele>
        <time>2025-08-16T17:24:41Z</time>
      </trkpt>
      <trkpt lat="34.35648" lon="-117.93591">
        <ele>2242.64</ele>
        <time>2025-08-16T17:24:46Z</time>
      </trkpt>
      <trkpt lat="34.35651" lon="-117.93593">
        <ele>2243.41</ele>
        <time>2025-08-16T17:24:51Z</time>
      </trkpt>
      <trkpt lat="34.35655" lon="-117.93595">
        <ele>2244.45</ele>
        <time>2025-08-16T17:24:56Z</time>
      </trkpt>
      <trkpt lat="34.35659" lon="-117.93597">
        <ele>2245.69</ele>
        <time>2025-08-16T17:25:02Z</time>
      </trkpt>
      <trkpt lat="34.35663" lon="-117.936">
        <ele>2247.12</ele>
        <time>2025-08-16T17:25:10Z</time>
      </trkpt>
      <trkpt lat="34.35669" lon="-117.93603">
        <ele>2248.78</ele>
        <time>2025-08-16T17:25:20Z</time>
      </trkpt>
      <trkpt lat="34.35676" lon="-117.93605">
        <ele>2251.04</ele>
        <time>2025-08-16T17:25:32Z</time>
      </trkpt>
      <trkpt lat="34.35682" lon="-117.93607">
        <ele>2252.98</ele>
        <time>2025-08-16T17:25:46Z</time>
      </trkpt>
      <trkpt lat="34.35688" lon="-117.93608">
        <ele>2254.6</ele>
        <time>2025-08-16T17:25:58Z</time>
      </trkpt>
      <trkpt lat="34.35695" lon="-117.93609">
        <ele>2256.44</ele>
        <time>2025-08-16T17:26:11Z</time>
      </trkpt>
      <trkpt lat="34.35701" lon="-117.93609">
        <ele>2257.73</ele>
        <time>2025-08-16T17:26:21Z</time>
      </trkpt>
      <trkpt lat="34.35706" lon="-117.9361">
        <ele>2258.92</ele>
        <time>2025-08-16T17:26:31Z</time>
      </trkpt>
      <trkpt lat="34.35713" lon="-117.9361">
        <ele>2259.77</ele>
        <time>2025-08-16T17:26:42Z</time>
      </trkpt>
      <trkpt lat="34.3572" lon="-117.93611">
        <ele>2262.25</ele>
        <time>2025-08-16T17:26:56Z</time>
      </trkpt>
      <trkpt lat="34.3573" lon="-117.93612">
        <ele>2264.95</ele>
        <time>2025-08-16T17:27:19Z</time>
      </trkpt>
      <trkpt lat="34.35739" lon="-117.93613">
        <ele>2267.24</ele>
        <time>2025-08-16T17:27:52Z</time>
      </trkpt>
      <trkpt lat="34.35727" lon="-117.93613">
        <ele>2264.55</ele>
        <time>2025-08-16T17:27:57Z</time>
      </trkpt>
      <trkpt lat="34.35717" lon="-117.93613">
        <ele>2261.83</ele>
        <time>2025-08-16T17:28:00Z</time>
      </trkpt>
      <trkpt lat="34.35723" lon="-117.93613">
        <ele>2263.59</ele>
        <time>2025-08-16T17:28:53Z</time>
      </trkpt>
      <trkpt lat="34.3573" lon="-117.93613">
        <ele>2265.26</ele>
        <time>2025-08-16T17:28:56Z</time>
      </trkpt>
      <trkpt lat="34.35737" lon="-117.93613">
        <ele>2266.8</ele>
        <time>2025-08-16T17:29:02Z</time>
      </trkpt>
      <trkpt lat="34.35742" lon="-117.93613">
        <ele>2267.86</ele>
        <time>2025-08-16T17:29:09Z</time>
      </trkpt>
      <trkpt lat="34.35747" lon="-117.93613">
        <ele>2268.83</ele>
        <time>2025-08-16T17:29:16Z</time>
      </trkpt>
      <trkpt lat="34.35749" lon="-117.93607">
        <ele>2267.5</ele>
        <time>2025-08-16T17:29:19Z</time>
      </trkpt>
      <trkpt lat="34.35751" lon="-117.93603">
        <ele>2266.57</ele>
        <time>2025-08-16T17:29:22Z</time>
      </trkpt>
      <trkpt lat="34.35755" lon="-117.93603">
        <ele>2267.39</ele>
        <time>2025-08-16T17:29:28Z</time>
      </trkpt>
      <trkpt lat="34.35759" lon="-117.93605">
        <ele>2268.63</ele>
        <time>2025-08-16T17:29:33Z</time>
      </trkpt>
      <trkpt lat="34.35763" lon="-117.93608">
        <ele>2270.0</ele>
        <time>2025-08-16T17:29:38Z</time>
      </trkpt>
      <trkpt lat="34.35766" lon="-117.9361">
        <ele>2271.13</ele>
        <time>2025-08-16T17:29:43Z</time>
      </trkpt>
      <trkpt lat="34.3577" lon="-117.93614">
        <ele>2272.52</ele>
        <time>2025-08-16T17:29:49Z</time>
      </trkpt>
      <trkpt lat="34.35774" lon="-117.93617">
        <ele>2273.6</ele>
        <time>2025-08-16T17:29:55Z</time>
      </trkpt>
      <trkpt lat="34.35777" lon="-117.93619">
        <ele>2274.55</ele>
        <time>2025-08-16T17:30:01Z</time>
      </trkpt>
      <trkpt lat="34.35781" lon="-117.93622">
        <ele>2276.27</ele>
        <time>2025-08-16T17:30:07Z</time>
      </trkpt>
      <trkpt lat="34.35785" lon="-117.93625">
        <ele>2277.56</ele>
        <time>2025-08-16T17:30:14Z</time>
      </trkpt>
      <trkpt lat="34.35789" lon="-117.93625">
        <ele>2278.32</ele>
        <time>2025-08-16T17:30:21Z</time>
      </trkpt>
      <trkpt lat="34.35792" lon="-117.93624">
        <ele>2278.75</ele>
        <time>2025-08-16T17:30:28Z</time>
      </trkpt>
      <trkpt lat="34.35793" lon="-117.93617">
        <ele>2278.15</ele>
        <time>2025-08-16T17:30:31Z</time>
      </trkpt>
      <trkpt lat="34.35795" lon="-117.93612">
        <ele>2277.83</ele>
        <time>2025-08-16T17:30:35Z</time>
      </trkpt>
      <trkpt lat="34.35797" lon="-117.93607">
        <ele>2277.78</ele>
        <time>2025-08-16T17:30:40Z</time>
      </trkpt>
      <trkpt lat="34.35801" lon="-117.93604">
        <ele>2278.76</ele>
        <time>2025-08-16T17:30:48Z</time>
      </trkpt>
      <trkpt lat="34.35805" lon="-117.93603">
        <ele>2279.94</ele>
        <time>2025-08-16T17:30:57Z</time>
      </trkpt>
      <trkpt lat="34.35809" lon="-117.93601">
        <ele>2280.59</ele>
        <time>2025-08-16T17:31:05Z</time>
      </trkpt>
      <trkpt lat="34.35813" lon="-117.93598">
        <ele>2281.11</ele>
        <time>2025-08-16T17:31:13Z</time>
      </trkpt>
      <trkpt lat="34.35817" lon="-117.93596">
        <ele>2281.6</ele>
        <time>2025-08-16T17:31:20Z</time>
      </trkpt>
      <trkpt lat="34.35821" lon="-117.93594">
        <ele>2281.82</ele>
        <time>2025-08-16T17:31:26Z</time>
      </trkpt>
      <trkpt lat="34.35825" lon="-117.93591">
        <ele>2282.03</ele>
        <time>2025-08-16T17:31:32Z</time>
      </trkpt>
      <trkpt lat="34.35828" lon="-117.93589">
        <ele>2282.46</ele>
        <time>2025-08-16T17:31:37Z</time>
      </trkpt>
      <trkpt lat="34.35831" lon="-117.93588">
        <ele>2283.0</ele>
        <time>2025-08-16T17:31:42Z</time>
      </trkpt>
      <trkpt lat="34.35834" lon="-117.93585">
        <ele>2283.31</ele>
        <time>2025-08-16T17:31:47Z</time>
      </trkpt>
      <trkpt lat="34.35836" lon="-117.93584">
        <ele>2283.63</ele>
        <time>2025-08-16T17:31:51Z</time>
      </trkpt>
      <trkpt lat="34.35839" lon="-117.93582">
        <ele>2284.08</ele>
        <time>2025-08-16T17:31:55Z</time>
      </trkpt>
      <trkpt lat="34.35841" lon="-117.9358">
        <ele>2284.3</ele>
        <time>2025-08-16T17:31:59Z</time>
      </trkpt>
      <trkpt lat="34.35844" lon="-117.93578">
        <ele>2284.51</ele>
        <time>2025-08-16T17:32:04Z</time>
      </trkpt>
      <trkpt lat="34.35847" lon="-117.93575">
        <ele>2284.53</ele>
        <time>2025-08-16T17:32:09Z</time>
      </trkpt>
      <trkpt lat="34.3585" lon="-117.93573">
        <ele>2284.68</ele>
        <time>2025-08-16T17:32:14Z</time>
      </trkpt>
      <trkpt lat="34.35847" lon="-117.93571">
        <ele>2284.14</ele>
        <time>2025-08-16T17:32:20Z</time>
      </trkpt>
      <trkpt lat="34.35846" lon="-117.93567">
        <ele>2283.6</ele>
        <time>2025-08-16T17:32:28Z</time>
      </trkpt>
      <trkpt lat="34.35847" lon="-117.93564">
        <ele>2283.35</ele>
        <time>2025-08-16T17:32:39Z</time>
      </trkpt>
      <trkpt lat="34.35848" lon="-117.93567">
        <ele>2283.82</ele>
        <time>2025-08-16T17:32:47Z</time>
      </trkpt>
      <trkpt lat="34.35848" lon="-117.9357">
        <ele>2284.14</ele>
        <time>2025-08-16T17:33:10Z</time>
      </trkpt>
      <trkpt lat="34.35849" lon="-117.9357">
        <ele>2284.25</ele>
        <time>2025-08-16T17:34:30Z</time>
      </trkpt>
      <trkpt lat="34.35853" lon="-117.93567">
        <ele>2284.24</ele>
        <time>2025-08-16T17:35:31Z</time>
      </trkpt>
      <trkpt lat="34.35856" lon="-117.93565">
        <ele>2284.02</ele>
        <time>2025-08-16T17:36:57Z</time>
      </trkpt>
      <trkpt lat="34.35857" lon="-117.93559">
        <ele>2283.09</ele>
        <time>2025-08-16T17:37:17Z</time>
      </trkpt>
      <trkpt lat="34.35858" lon="-117.93553">
        <ele>2282.11</ele>
        <time>2025-08-16T17:37:19Z</time>
      </trkpt>
      <trkpt lat="34.35858" lon="-117.93546">
        <ele>2280.63</ele>
        <time>2025-08-16T17:37:23Z</time>
      </trkpt>
      <trkpt lat="34.3586" lon="-117.9354">
        <ele>2280.2</ele>
        <time>2025-08-16T17:37:45Z</time>
      </trkpt>
      <trkpt lat="34.35861" lon="-117.93534">
        <ele>2279.33</ele>
        <time>2025-08-16T17:37:55Z</time>
      </trkpt>
      <trkpt lat="34.35862" lon="-117.93529">
        <ele>2278.36</ele>
        <time>2025-08-16T17:38:02Z</time>
      </trkpt>
      <trkpt lat="34.35866" lon="-117.93526">
        <ele>2278.14</ele>
        <time>2025-08-16T17:38:05Z</time>
      </trkpt>
      <trkpt lat="34.35869" lon="-117.93524">
        <ele>2278.04</ele>
        <time>2025-08-16T17:38:08Z</time>
      </trkpt>
      <trkpt lat="34.35872" lon="-117.9352">
        <ele>2277.35</ele>
        <time>2025-08-16T17:38:12Z</time>
      </trkpt>
      <trkpt lat="34.35873" lon="-117.93517">
        <ele>2276.67</ele>
        <time>2025-08-16T17:38:16Z</time>
      </trkpt>
      <trkpt lat="34.35875" lon="-117.93512">
        <ele>2275.59</ele>
        <time>2025-08-16T17:38:22Z</time>
      </trkpt>
      <trkpt lat="34.35876" lon="-117.93507">
        <ele>2274.51</ele>
        <time>2025-08-16T17:38:31Z</time>
      </trkpt>
      <trkpt lat="34.35879" lon="-117.93502">
        <ele>2273.43</ele>
        <time>2025-08-16T17:38:40Z</time>
      </trkpt>
      <trkpt lat="34.35884" lon="-117.93498">
        <ele>2272.57</ele>
        <time>2025-08-16T17:38:48Z</time>
      </trkpt>
      <trkpt lat="34.35887" lon="-117.93494">
        <ele>2271.7</ele>
        <time>2025-08-16T17:38:55Z</time>
      </trkpt>
      <trkpt lat="34.35891" lon="-117.93491">
        <ele>2271.05</ele>
        <time>2025-08-16T17:39:01Z</time>
      </trkpt>
      <trkpt lat="34.35895" lon="-117.93491">
        <ele>2271.04</ele>
        <time>2025-08-16T17:39:07Z</time>
      </trkpt>
      <trkpt lat="34.35898" lon="-117.93495">
        <ele>2271.47</ele>
        <time>2025-08-16T17:39:11Z</time>
      </trkpt>
      <trkpt lat="34.35901" lon="-117.93493">
        <ele>2270.79</ele>
        <time>2025-08-16T17:39:18Z</time>
      </trkpt>
      <trkpt lat="34.35905" lon="-117.9349">
        <ele>2270.24</ele>
        <time>2025-08-16T17:39:25Z</time>
      </trkpt>
      <trkpt lat="34.35909" lon="-117.93485">
        <ele>2269.53</ele>
        <time>2025-08-16T17:39:33Z</time>
      </trkpt>
      <trkpt lat="34.35912" lon="-117.93481">
        <ele>2268.96</ele>
        <time>2025-08-16T17:39:41Z</time>
      </trkpt>
      <trkpt lat="34.35915" lon="-117.93477">
        <ele>2268.19</ele>
        <time>2025-08-16T17:39:48Z</time>
      </trkpt>
      <trkpt lat="34.35918" lon="-117.93474">
        <ele>2267.51</ele>
        <time>2025-08-16T17:39:53Z</time>
      </trkpt>
      <trkpt lat="34.35921" lon="-117.9347">
        <ele>2266.34</ele>
        <time>2025-08-16T17:39:58Z</time>
      </trkpt>
      <trkpt lat="34.35925" lon="-117.93467">
        <ele>2265.19</ele>
        <time>2025-08-16T17:40:02Z</time>
      </trkpt>
      <trkpt lat="34.35928" lon="-117.93466">
        <ele>2264.63</ele>
        <time>2025-08-16T17:40:04Z</time>
      </trkpt>
      <trkpt lat="34.35932" lon="-117.93464">
        <ele>2264.2</ele>
        <time>2025-08-16T17:40:07Z</time>
      </trkpt>
      <trkpt lat="34.35934" lon="-117.93461">
        <ele>2264.07</ele>
        <time>2025-08-16T17:40:11Z</time>
      </trkpt>
      <trkpt lat="34.35936" lon="-117.93459">
        <ele>2263.9</ele>
        <time>2025-08-16T17:40:15Z</time>
      </trkpt>
      <trkpt lat="34.35939" lon="-117.93456">
        <ele>2263.8</ele>
        <time>2025-08-16T17:40:19Z</time>
      </trkpt>
      <trkpt lat="34.35942" lon="-117.93454">
        <ele>2263.95</ele>
        <time>2025-08-16T17:40:23Z</time>
      </trkpt>
      <trkpt lat="34.35944" lon="-117.93452">
        <ele>2264.18</ele>
        <time>2025-08-16T17:40:26Z</time>
      </trkpt>
      <trkpt lat="34.35947" lon="-117.9345">
        <ele>2263.96</ele>
        <time>2025-08-16T17:40:30Z</time>
      </trkpt>
      <trkpt lat="34.3595" lon="-117.93448">
        <ele>2263.79</ele>
        <time>2025-08-16T17:40:34Z</time>
      </trkpt>
      <trkpt lat="34.35952" lon="-117.93446">
        <ele>2263.88</ele>
        <time>2025-08-16T17:40:37Z</time>
      </trkpt>
      <trkpt lat="34.35955" lon="-117.93443">
        <ele>2263.87</ele>
        <time>2025-08-16T17:40:41Z</time>
      </trkpt>
      <trkpt lat="34.35958" lon="-117.93441">
        <ele>2263.18</ele>
        <time>2025-08-16T17:40:45Z</time>
      </trkpt>
      <trkpt lat="34.3596" lon="-117.93439">
        <ele>2262.74</ele>
        <time>2025-08-16T17:40:49Z</time>
      </trkpt>
      <trkpt lat="34.35963" lon="-117.93436">
        <ele>2261.9</ele>
        <time>2025-08-16T17:40:53Z</time>
      </trkpt>
      <trkpt lat="34.35964" lon="-117.93433">
        <ele>2261.79</ele>
        <time>2025-08-16T17:40:58Z</time>
      </trkpt>
      <trkpt lat="34.35962" lon="-117.9343">
        <ele>2263.03</ele>
        <time>2025-08-16T17:41:03Z</time>
      </trkpt>
      <trkpt lat="34.35962" lon="-117.93426">
        <ele>2263.51</ele>
        <time>2025-08-16T17:41:09Z</time>
      </trkpt>
      <trkpt lat="34.35963" lon="-117.93423">
        <ele>2263.3</ele>
        <time>2025-08-16T17:41:17Z</time>
      </trkpt>
      <trkpt lat="34.35966" lon="-117.93425">
        <ele>2261.76</ele>
        <time>2025-08-16T17:41:31Z</time>
      </trkpt>
      <trkpt lat="34.35967" lon="-117.93421">
        <ele>2261.56</ele>
        <time>2025-08-16T17:41:39Z</time>
      </trkpt>
      <trkpt lat="34.35969" lon="-117.93417">
        <ele>2260.73</ele>
        <time>2025-08-16T17:41:46Z</time>
      </trkpt>
      <trkpt lat="34.35972" lon="-117.93414">
        <ele>2259.4</ele>
        <time>2025-08-16T17:41:57Z</time>
      </trkpt>
      <trkpt lat="34.35974" lon="-117.93411">
        <ele>2258.46</ele>
        <time>2025-08-16T17:42:05Z</time>
      </trkpt>
      <trkpt lat="34.35976" lon="-117.93408">
        <ele>2257.49</ele>
        <time>2025-08-16T17:42:11Z</time>
      </trkpt>
      <trkpt lat="34.35978" lon="-117.93405">
        <ele>2256.26</ele>
        <time>2025-08-16T17:42:16Z</time>
      </trkpt>
      <trkpt lat="34.35979" lon="-117.93401">
        <ele>2255.61</ele>
        <time>2025-08-16T17:42:20Z</time>
      </trkpt>
      <trkpt lat="34.35979" lon="-117.93397">
        <ele>2255.61</ele>
        <time>2025-08-16T17:42:22Z</time>
      </trkpt>
      <trkpt lat="34.3598" lon="-117.93393">
        <ele>2254.96</ele>
        <time>2025-08-16T17:42:25Z</time>
      </trkpt>
      <trkpt lat="34.35981" lon="-117.93389">
        <ele>2254.31</ele>
        <time>2025-08-16T17:42:29Z</time>
      </trkpt>
      <trkpt lat="34.35982" lon="-117.93386">
        <ele>2253.65</ele>
        <time>2025-08-16T17:42:33Z</time>
      </trkpt>
      <trkpt lat="34.35984" lon="-117.93382">
        <ele>2252.17</ele>
        <time>2025-08-16T17:42:37Z</time>
      </trkpt>
      <trkpt lat="34.35986" lon="-117.93378">
        <ele>2250.32</ele>
        <time>2025-08-16T17:42:42Z</time>
      </trkpt>
      <trkpt lat="34.35989" lon="-117.93375">
        <ele>2247.72</ele>
        <time>2025-08-16T17:42:52Z</time>
      </trkpt>
      <trkpt lat="34.35992" lon="-117.93372">
        <ele>2245.36</ele>
        <time>2025-08-16T17:43:07Z</time>
      </trkpt>
      <trkpt lat="34.35996" lon="-117.93368">
        <ele>2242.08</ele>
        <time>2025-08-16T17:43:25Z</time>
      </trkpt>
      <trkpt lat="34.36" lon="-117.93364">
        <ele>2238.62</ele>
        <time>2025-08-16T17:44:07Z</time>
      </trkpt>
      <trkpt lat="34.36004" lon="-117.93363">
        <ele>2236.16</ele>
        <time>2025-08-16T17:46:08Z</time>
      </trkpt>
      <trkpt lat="34.36006" lon="-117.93358">
        <ele>2234.09</ele>
        <time>2025-08-16T17:46:44Z</time>
      </trkpt>
      <trkpt lat="34.36009" lon="-117.93354">
        <ele>2231.6</ele>
        <time>2025-08-16T17:47:13Z</time>
      </trkpt>
      <trkpt lat="34.36011" lon="-117.93349">
        <ele>2229.26</ele>
        <time>2025-08-16T17:47:37Z</time>
      </trkpt>
      <trkpt lat="34.36012" lon="-117.93343">
        <ele>2227.31</ele>
        <time>2025-08-16T17:47:48Z</time>
      </trkpt>
      <trkpt lat="34.36012" lon="-117.93337">
        <ele>2225.59</ele>
        <time>2025-08-16T17:47:51Z</time>
      </trkpt>
      <trkpt lat="34.36013" lon="-117.93332">
        <ele>2223.61</ele>
        <time>2025-08-16T17:47:57Z</time>
      </trkpt>
      <trkpt lat="34.36018" lon="-117.93335">
        <ele>2221.65</ele>
        <time>2025-08-16T17:48:30Z</time>
      </trkpt>
      <trkpt lat="34.36021" lon="-117.93339">
        <ele>2220.99</ele>
        <time>2025-08-16T17:48:51Z</time>
      </trkpt>
      <trkpt lat="34.36026" lon="-117.93338">
        <ele>2218.37</ele>
        <time>2025-08-16T17:49:25Z</time>
      </trkpt>
      <trkpt lat="34.36032" lon="-117.93337">
        <ele>2215.3</ele>
        <time>2025-08-16T17:49:51Z</time>
      </trkpt>
      <trkpt lat="34.3604" lon="-117.93337">
        <ele>2211.51</ele>
        <time>2025-08-16T17:49:54Z</time>
      </trkpt>
      <trkpt lat="34.36045" lon="-117.93337">
        <ele>2209.35</ele>
        <time>2025-08-16T17:49:57Z</time>
      </trkpt>
      <trkpt lat="34.3605" lon="-117.93338">
        <ele>2206.21</ele>
        <time>2025-08-16T17:50:07Z</time>
      </trkpt>
      <trkpt lat="34.36053" lon="-117.9334">
        <ele>2204.37</ele>
        <time>2025-08-16T17:50:21Z</time>
      </trkpt>
      <trkpt lat="34.36057" lon="-117.93341">
        <ele>2201.72</ele>
        <time>2025-08-16T17:50:34Z</time>
      </trkpt>
      <trkpt lat="34.36061" lon="-117.93341">
        <ele>2199.13</ele>
        <time>2025-08-16T17:50:46Z</time>
      </trkpt>
      <trkpt lat="34.36066" lon="-117.93341">
        <ele>2196.04</ele>
        <time>2025-08-16T17:51:09Z</time>
      </trkpt>
      <trkpt lat="34.36071" lon="-117.9334">
        <ele>2193.29</ele>
        <time>2025-08-16T17:51:35Z</time>
      </trkpt>
      <trkpt lat="34.36077" lon="-117.93338">
        <ele>2190.08</ele>
        <time>2025-08-16T17:52:01Z</time>
      </trkpt>
      <trkpt lat="34.36081" lon="-117.93334">
        <ele>2188.03</ele>
        <time>2025-08-16T17:52:39Z</time>
      </trkpt>
      <trkpt lat="34.36086" lon="-117.9333">
        <ele>2185.49</ele>
        <time>2025-08-16T17:53:07Z</time>
      </trkpt>
      <trkpt lat="34.36092" lon="-117.93327">
        <ele>2182.57</ele>
        <time>2025-08-16T17:53:32Z</time>
      </trkpt>
      <trkpt lat="34.36098" lon="-117.93326">
        <ele>2179.75</ele>
        <time>2025-08-16T17:53:54Z</time>
      </trkpt>
      <trkpt lat="34.36103" lon="-117.93325">
        <ele>2177.38</ele>
        <time>2025-08-16T17:54:11Z</time>
      </trkpt>
      <trkpt lat="34.36108" lon="-117.93324">
        <ele>2174.68</ele>
        <time>2025-08-16T17:54:26Z</time>
      </trkpt>
      <trkpt lat="34.3611" lon="-117.93318">
        <ele>2173.52</ele>
        <time>2025-08-16T17:54:35Z</time>
      </trkpt>
      <trkpt lat="34.36111" lon="-117.93312">
        <ele>2172.74</ele>
        <time>2025-08-16T17:54:38Z</time>
      </trkpt>
      <trkpt lat="34.36113" lon="-117.93307">
        <ele>2171.34</ele>
        <time>2025-08-16T17:54:45Z</time>
      </trkpt>
      <trkpt lat="34.36117" lon="-117.93304">
        <ele>2169.39</ele>
        <time>2025-08-16T17:54:55Z</time>
      </trkpt>
      <trkpt lat="34.3612" lon="-117.93302">
        <ele>2168.14</ele>
        <time>2025-08-16T17:55:02Z</time>
      </trkpt>
      <trkpt lat="34.36125" lon="-117.93301">
        <ele>2166.0</ele>
        <time>2025-08-16T17:55:04Z</time>
      </trkpt>
      <trkpt lat="34.36129" lon="-117.93301">
        <ele>2164.27</ele>
        <time>2025-08-16T17:55:06Z</time>
      </trkpt>
      <trkpt lat="34.36134" lon="-117.93301">
        <ele>2162.35</ele>
        <time>2025-08-16T17:55:10Z</time>
      </trkpt>
      <trkpt lat="34.36137" lon="-117.933">
        <ele>2161.13</ele>
        <time>2025-08-16T17:55:16Z</time>
      </trkpt>
      <trkpt lat="34.36141" lon="-117.93298">
        <ele>2159.23</ele>
        <time>2025-08-16T17:55:24Z</time>
      </trkpt>
      <trkpt lat="34.36144" lon="-117.93296">
        <ele>2157.77</ele>
        <time>2025-08-16T17:55:31Z</time>
      </trkpt>
      <trkpt lat="34.36147" lon="-117.93293">
        <ele>2156.18</ele>
        <time>2025-08-16T17:55:39Z</time>
      </trkpt>
      <trkpt lat="34.36151" lon="-117.9329">
        <ele>2154.3</ele>
        <time>2025-08-16T17:55:48Z</time>
      </trkpt>
      <trkpt lat="34.36156" lon="-117.93286">
        <ele>2152.36</ele>
        <time>2025-08-16T17:55:58Z</time>
      </trkpt>
      <trkpt lat="34.36159" lon="-117.93282">
        <ele>2150.6</ele>
        <time>2025-08-16T17:56:08Z</time>
      </trkpt>
      <trkpt lat="34.36161" lon="-117.93277">
        <ele>2148.98</ele>
        <time>2025-08-16T17:56:21Z</time>
      </trkpt>
      <trkpt lat="34.36161" lon="-117.93271">
        <ele>2148.33</ele>
        <time>2025-08-16T17:56:34Z</time>
      </trkpt>
      <trkpt lat="34.36162" lon="-117.93265">
        <ele>2146.95</ele>
        <time>2025-08-16T17:56:46Z</time>
      </trkpt>
      <trkpt lat="34.36163" lon="-117.9326">
        <ele>2145.7</ele>
        <time>2025-08-16T17:56:57Z</time>
      </trkpt>
      <trkpt lat="34.3616" lon="-117.93255">
        <ele>2145.96</ele>
        <time>2025-08-16T17:57:06Z</time>
      </trkpt>
      <trkpt lat="34.36155" lon="-117.93253">
        <ele>2147.43</ele>
        <time>2025-08-16T17:57:09Z</time>
      </trkpt>
      <trkpt lat="34.36153" lon="-117.93249">
        <ele>2147.16</ele>
        <time>2025-08-16T17:57:16Z</time>
      </trkpt>
      <trkpt lat="34.36152" lon="-117.93244">
        <ele>2146.19</ele>
        <time>2025-08-16T17:57:26Z</time>
      </trkpt>
      <trkpt lat="34.36153" lon="-117.93238">
        <ele>2144.02</ele>
        <time>2025-08-16T17:57:38Z</time>
      </trkpt>
      <trkpt lat="34.36155" lon="-117.93232">
        <ele>2141.21</ele>
        <time>2025-08-16T17:57:51Z</time>
      </trkpt>
      <trkpt lat="34.36157" lon="-117.93226">
        <ele>2138.37</ele>
        <time>2025-08-16T17:58:04Z</time>
      </trkpt>
      <trkpt lat="34.36159" lon="-117.93221">
        <ele>2136.09</ele>
        <time>2025-08-16T17:58:17Z</time>
      </trkpt>
      <trkpt lat="34.3616" lon="-117.93214">
        <ele>2133.5</ele>
        <time>2025-08-16T17:58:32Z</time>
      </trkpt>
      <trkpt lat="34.36161" lon="-117.93208">
        <ele>2131.23</ele>
        <time>2025-08-16T17:58:49Z</time>
      </trkpt>
      <trkpt lat="34.36163" lon="-117.93203">
        <ele>2129.01</ele>
        <time>2025-08-16T17:59:06Z</time>
      </trkpt>
      <trkpt lat="34.36166" lon="-117.93197">
        <ele>2126.72</ele>
        <time>2025-08-16T17:59:24Z</time>
      </trkpt>
      <trkpt lat="34.36171" lon="-117.93192">
        <ele>2123.8</ele>
        <time>2025-08-16T17:59:45Z</time>
      </trkpt>
      <trkpt lat="34.36173" lon="-117.93199">
        <ele>2125.27</ele>
        <time>2025-08-16T17:59:58Z</time>
      </trkpt>
      <trkpt lat="34.36174" lon="-117.93205">
        <ele>2126.73</ele>
        <time>2025-08-16T18:00:01Z</time>
      </trkpt>
      <trkpt lat="34.36178" lon="-117.93204">
        <ele>2125.62</ele>
        <time>2025-08-16T18:00:18Z</time>
      </trkpt>
      <trkpt lat="34.36181" lon="-117.93199">
        <ele>2123.38</ele>
        <time>2025-08-16T18:00:32Z</time>
      </trkpt>
      <trkpt lat="34.36185" lon="-117.93195">
        <ele>2121.22</ele>
        <time>2025-08-16T18:00:48Z</time>
      </trkpt>
      <trkpt lat="34.36188" lon="-117.93191">
        <ele>2118.83</ele>
        <time>2025-08-16T18:01:03Z</time>
      </trkpt>
      <trkpt lat="34.36191" lon="-117.93187">
        <ele>2116.91</ele>
        <time>2025-08-16T18:01:18Z</time>
      </trkpt>
      <trkpt lat="34.36195" lon="-117.93183">
        <ele>2114.96</ele>
        <time>2025-08-16T18:01:33Z</time>
      </trkpt>
      <trkpt lat="34.36198" lon="-117.93178">
        <ele>2112.72</ele>
        <time>2025-08-16T18:01:49Z</time>
      </trkpt>
      <trkpt lat="34.36201" lon="-117.93173">
        <ele>2110.83</ele>
        <time>2025-08-16T18:02:04Z</time>
      </trkpt>
      <trkpt lat="34.36204" lon="-117.93169">
        <ele>2108.97</ele>
        <time>2025-08-16T18:02:18Z</time>
      </trkpt>
      <trkpt lat="34.36209" lon="-117.93167">
        <ele>2107.55</ele>
        <time>2025-08-16T18:02:23Z</time>
      </trkpt>
      <trkpt lat="34.36215" lon="-117.93167">
        <ele>2106.44</ele>
        <time>2025-08-16T18:02:25Z</time>
      </trkpt>
      <trkpt lat="34.36221" lon="-117.93166">
        <ele>2104.23</ele>
        <time>2025-08-16T18:02:28Z</time>
      </trkpt>
      <trkpt lat="34.36226" lon="-117.93164">
        <ele>2102.2</ele>
        <time>2025-08-16T18:02:36Z</time>
      </trkpt>
      <trkpt lat="34.36228" lon="-117.9316">
        <ele>2100.69</ele>
        <time>2025-08-16T18:02:47Z</time>
      </trkpt>
      <trkpt lat="34.3623" lon="-117.93156">
        <ele>2099.28</ele>
        <time>2025-08-16T18:02:56Z</time>
      </trkpt>
      <trkpt lat="34.36232" lon="-117.93153">
        <ele>2098.3</ele>
        <time>2025-08-16T18:03:06Z</time>
      </trkpt>
      <trkpt lat="34.36233" lon="-117.93148">
        <ele>2097.3</ele>
        <time>2025-08-16T18:03:21Z</time>
      </trkpt>
      <trkpt lat="34.36236" lon="-117.93143">
        <ele>2094.65</ele>
        <time>2025-08-16T18:03:37Z</time>
      </trkpt>
      <trkpt lat="34.36239" lon="-117.93138">
        <ele>2092.34</ele>
        <time>2025-08-16T18:03:54Z</time>
      </trkpt>
      <trkpt lat="34.36241" lon="-117.93133">
        <ele>2090.66</ele>
        <time>2025-08-16T18:04:11Z</time>
      </trkpt>
      <trkpt lat="34.36244" lon="-117.93129">
        <ele>2089.16</ele>
        <time>2025-08-16T18:04:29Z</time>
      </trkpt>
      <trkpt lat="34.36246" lon="-117.93126">
        <ele>2088.08</ele>
        <time>2025-08-16T18:04:45Z</time>
      </trkpt>
      <trkpt lat="34.36249" lon="-117.93122">
        <ele>2086.57</ele>
        <time>2025-08-16T18:05:01Z</time>
      </trkpt>
      <trkpt lat="34.36251" lon="-117.93118">
        <ele>2085.16</ele>
        <time>2025-08-16T18:05:17Z</time>
      </trkpt>
      <trkpt lat="34.36254" lon="-117.93114">
        <ele>2083.33</ele>
        <time>2025-08-16T18:05:34Z</time>
      </trkpt>
      <trkpt lat="34.36257" lon="-117.9311">
        <ele>2081.43</ele>
        <time>2025-08-16T18:05:49Z</time>
      </trkpt>
      <trkpt lat="34.36261" lon="-117.93106">
        <ele>2079.44</ele>
        <time>2025-08-16T18:06:03Z</time>
      </trkpt>
      <trkpt lat="34.36264" lon="-117.93102">
        <ele>2078.0</ele>
        <time>2025-08-16T18:06:14Z</time>
      </trkpt>
      <trkpt lat="34.36267" lon="-117.93099">
        <ele>2076.66</ele>
        <time>2025-08-16T18:06:25Z</time>
      </trkpt>
      <trkpt lat="34.36271" lon="-117.93098">
        <ele>2075.36</ele>
        <time>2025-08-16T18:06:30Z</time>
      </trkpt>
      <trkpt lat="34.36276" lon="-117.93097">
        <ele>2073.53</ele>
        <time>2025-08-16T18:06:33Z</time>
      </trkpt>
      <trkpt lat="34.3628" lon="-117.93095">
        <ele>2071.02</ele>
        <time>2025-08-16T18:06:40Z</time>
      </trkpt>
      <trkpt lat="34.36283" lon="-117.93093">
        <ele>2068.68</ele>
        <time>2025-08-16T18:06:51Z</time>
      </trkpt>
      <trkpt lat="34.36286" lon="-117.93089">
        <ele>2065.85</ele>
        <time>2025-08-16T18:07:07Z</time>
      </trkpt>
      <trkpt lat="34.3629" lon="-117.93086">
        <ele>2063.2</ele>
        <time>2025-08-16T18:07:19Z</time>
      </trkpt>
      <trkpt lat="34.36293" lon="-117.93082">
        <ele>2061.37</ele>
        <time>2025-08-16T18:07:33Z</time>
      </trkpt>
      <trkpt lat="34.36296" lon="-117.93078">
        <ele>2060.11</ele>
        <time>2025-08-16T18:07:49Z</time>
      </trkpt>
      <trkpt lat="34.36297" lon="-117.93072">
        <ele>2059.55</ele>
        <time>2025-08-16T18:08:08Z</time>
      </trkpt>
      <trkpt lat="34.363" lon="-117.93068">
        <ele>2058.14</ele>
        <time>2025-08-16T18:08:24Z</time>
      </trkpt>
      <trkpt lat="34.36304" lon="-117.93064">
        <ele>2056.4</ele>
        <time>2025-08-16T18:08:38Z</time>
      </trkpt>
      <trkpt lat="34.36309" lon="-117.93061">
        <ele>2054.84</ele>
        <time>2025-08-16T18:08:50Z</time>
      </trkpt>
      <trkpt lat="34.36313" lon="-117.93058">
        <ele>2053.66</ele>
        <time>2025-08-16T18:09:01Z</time>
      </trkpt>
      <trkpt lat="34.36318" lon="-117.93055">
        <ele>2052.27</ele>
        <time>2025-08-16T18:09:13Z</time>
      </trkpt>
      <trkpt lat="34.36322" lon="-117.93053">
        <ele>2051.39</ele>
        <time>2025-08-16T18:09:24Z</time>
      </trkpt>
      <trkpt lat="34.36325" lon="-117.9305">
        <ele>2050.8</ele>
        <time>2025-08-16T18:09:35Z</time>
      </trkpt>
      <trkpt lat="34.36329" lon="-117.93048">
        <ele>2049.94</ele>
        <time>2025-08-16T18:09:46Z</time>
      </trkpt>
      <trkpt lat="34.36333" lon="-117.93045">
        <ele>2049.07</ele>
        <time>2025-08-16T18:09:58Z</time>
      </trkpt>
      <trkpt lat="34.36337" lon="-117.93042">
        <ele>2048.21</ele>
        <time>2025-08-16T18:10:13Z</time>
      </trkpt>
      <trkpt lat="34.3634" lon="-117.93038">
        <ele>2047.56</ele>
        <time>2025-08-16T18:10:33Z</time>
      </trkpt>
      <trkpt lat="34.36342" lon="-117.93045">
        <ele>2047.13</ele>
        <time>2025-08-16T18:10:48Z</time>
      </trkpt>
      <trkpt lat="34.36341" lon="-117.93053">
        <ele>2046.74</ele>
        <time>2025-08-16T18:10:51Z</time>
      </trkpt>
      <trkpt lat="34.36334" lon="-117.93056">
        <ele>2048.74</ele>
        <time>2025-08-16T18:10:54Z</time>
      </trkpt>
      <trkpt lat="34.3633" lon="-117.93058">
        <ele>2049.55</ele>
        <time>2025-08-16T18:11:20Z</time>
      </trkpt>
      <trkpt lat="34.36333" lon="-117.93056">
        <ele>2049.03</ele>
        <time>2025-08-16T18:11:55Z</time>
      </trkpt>
      <trkpt lat="34.36333" lon="-117.93051">
        <ele>2049.07</ele>
        <time>2025-08-16T18:12:04Z</time>
      </trkpt>
      <trkpt lat="34.36334" lon="-117.93045">
        <ele>2048.86</ele>
        <time>2025-08-16T18:12:11Z</time>
      </trkpt>
      <trkpt lat="34.36337" lon="-117.93042">
        <ele>2048.21</ele>
        <time>2025-08-16T18:12:21Z</time>
      </trkpt>
      <trkpt lat="34.36341" lon="-117.9304">
        <ele>2047.34</ele>
        <time>2025-08-16T18:12:26Z</time>
      </trkpt>
      <trkpt lat="34.36344" lon="-117.93038">
        <ele>2046.68</ele>
        <time>2025-08-16T18:12:28Z</time>
      </trkpt>
      <trkpt lat="34.36348" lon="-117.93036">
        <ele>2045.67</ele>
        <time>2025-08-16T18:12:32Z</time>
      </trkpt>
      <trkpt lat="34.36352" lon="-117.93032">
        <ele>2044.47</ele>
        <time>2025-08-16T18:12:37Z</time>
      </trkpt>
      <trkpt lat="34.36355" lon="-117.93029">
        <ele>2044.68</ele>
        <time>2025-08-16T18:12:41Z</time>
      </trkpt>
      <trkpt lat="34.36356" lon="-117.93026">
        <ele>2044.79</ele>
        <time>2025-08-16T18:12:45Z</time>
      </trkpt>
      <trkpt lat="34.36357" lon="-117.93022">
        <ele>2044.83</ele>
        <time>2025-08-16T18:12:49Z</time>
      </trkpt>
      <trkpt lat="34.36358" lon="-117.93018">
        <ele>2045.03</ele>
        <time>2025-08-16T18:12:53Z</time>
      </trkpt>
      <trkpt lat="34.36359" lon="-117.93015">
        <ele>2045.61</ele>
        <time>2025-08-16T18:12:56Z</time>
      </trkpt>
      <trkpt lat="34.3636" lon="-117.93011">
        <ele>2046.35</ele>
        <time>2025-08-16T18:12:59Z</time>
      </trkpt>
      <trkpt lat="34.3636" lon="-117.93008">
        <ele>2046.5</ele>
        <time>2025-08-16T18:13:02Z</time>
      </trkpt>
      <trkpt lat="34.36361" lon="-117.93004">
        <ele>2046.95</ele>
        <time>2025-08-16T18:13:05Z</time>
      </trkpt>
      <trkpt lat="34.36362" lon="-117.93001">
        <ele>2047.29</ele>
        <time>2025-08-16T18:13:08Z</time>
      </trkpt>
      <trkpt lat="34.36363" lon="-117.92997">
        <ele>2047.42</ele>
        <time>2025-08-16T18:13:11Z</time>
      </trkpt>
      <trkpt lat="34.36364" lon="-117.92994">
        <ele>2047.69</ele>
        <time>2025-08-16T18:13:14Z</time>
      </trkpt>
      <trkpt lat="34.36365" lon="-117.92989">
        <ele>2048.02</ele>
        <time>2025-08-16T18:13:17Z</time>
      </trkpt>
      <trkpt lat="34.36366" lon="-117.92985">
        <ele>2048.31</ele>
        <time>2025-08-16T18:13:20Z</time>
      </trkpt>
      <trkpt lat="34.36367" lon="-117.9298">
        <ele>2048.38</ele>
        <time>2025-08-16T18:13:23Z</time>
      </trkpt>
      <trkpt lat="34.36368" lon="-117.92976">
        <ele>2048.38</ele>
        <time>2025-08-16T18:13:26Z</time>
      </trkpt>
      <trkpt lat="34.36369" lon="-117.92973">
        <ele>2048.49</ele>
        <time>2025-08-16T18:13:29Z</time>
      </trkpt>
      <trkpt lat="34.3637" lon="-117.92969">
        <ele>2048.49</ele>
        <time>2025-08-16T18:13:32Z</time>
      </trkpt>
      <trkpt lat="34.36371" lon="-117.92966">
        <ele>2048.6</ele>
        <time>2025-08-16T18:13:35Z</time>
      </trkpt>
      <trkpt lat="34.36372" lon="-117.92962">
        <ele>2048.58</ele>
        <time>2025-08-16T18:13:38Z</time>
      </trkpt>
      <trkpt lat="34.36373" lon="-117.92959">
        <ele>2048.59</ele>
        <time>2025-08-16T18:13:41Z</time>
      </trkpt>
      <trkpt lat="34.36374" lon="-117.92956">
        <ele>2048.52</ele>
        <time>2025-08-16T18:13:44Z</time>
      </trkpt>
      <trkpt lat="34.36376" lon="-117.92953">
        <ele>2048.72</ele>
        <time>2025-08-16T18:13:47Z</time>
      </trkpt>
      <trkpt lat="34.36378" lon="-117.9295">
        <ele>2049.0</ele>
        <time>2025-08-16T18:13:51Z</time>
      </trkpt>
      <trkpt lat="34.3638" lon="-117.92948">
        <ele>2049.52</ele>
        <time>2025-08-16T18:13:54Z</time>
      </trkpt>
      <trkpt lat="34.36382" lon="-117.92946">
        <ele>2049.98</ele>
        <time>2025-08-16T18:13:57Z</time>
      </trkpt>
      <trkpt lat="34.36384" lon="-117.92943">
        <ele>2050.1</ele>
        <time>2025-08-16T18:14:00Z</time>
      </trkpt>
      <trkpt lat="34.36385" lon="-117.92939">
        <ele>2049.56</ele>
        <time>2025-08-16T18:14:03Z</time>
      </trkpt>
      <trkpt lat="34.36385" lon="-117.92936">
        <ele>2048.92</ele>
        <time>2025-08-16T18:14:06Z</time>
      </trkpt>
      <trkpt lat="34.36386" lon="-117.92932">
        <ele>2048.48</ele>
        <time>2025-08-16T18:14:09Z</time>
      </trkpt>
      <trkpt lat="34.36386" lon="-117.92929">
        <ele>2047.94</ele>
        <time>2025-08-16T18:14:12Z</time>
      </trkpt>
      <trkpt lat="34.36386" lon="-117.92925">
        <ele>2047.28</ele>
        <time>2025-08-16T18:14:15Z</time>
      </trkpt>
      <trkpt lat="34.36387" lon="-117.92921">
        <ele>2047.06</ele>
        <time>2025-08-16T18:14:19Z</time>
      </trkpt>
      <trkpt lat="34.36386" lon="-117.92917">
        <ele>2046.41</ele>
        <time>2025-08-16T18:14:23Z</time>
      </trkpt>
      <trkpt lat="34.36386" lon="-117.92914">
        <ele>2046.09</ele>
        <time>2025-08-16T18:14:26Z</time>
      </trkpt>
      <trkpt lat="34.36385" lon="-117.92911">
        <ele>2045.55</ele>
        <time>2025-08-16T18:14:29Z</time>
      </trkpt>
      <trkpt lat="34.36385" lon="-117.92907">
        <ele>2045.12</ele>
        <time>2025-08-16T18:14:32Z</time>
      </trkpt>
      <trkpt lat="34.36385" lon="-117.92904">
        <ele>2044.79</ele>
        <time>2025-08-16T18:14:35Z</time>
      </trkpt>
      <trkpt lat="34.36386" lon="-117.929">
        <ele>2044.58</ele>
        <time>2025-08-16T18:14:39Z</time>
      </trkpt>
      <trkpt lat="34.3639" lon="-117.92898">
        <ele>2045.36</ele>
        <time>2025-08-16T18:14:42Z</time>
      </trkpt>
      <trkpt lat="34.36393" lon="-117.92898">
        <ele>2046.32</ele>
        <time>2025-08-16T18:14:44Z</time>
      </trkpt>
      <trkpt lat="34.36396" lon="-117.92898">
        <ele>2047.29</ele>
        <time>2025-08-16T18:14:47Z</time>
      </trkpt>
      <trkpt lat="34.364" lon="-117.92898">
        <ele>2048.59</ele>
        <time>2025-08-16T18:14:50Z</time>
      </trkpt>
      <trkpt lat="34.36403" lon="-117.92897">
        <ele>2049.51</ele>
        <time>2025-08-16T18:14:53Z</time>
      </trkpt>
      <trkpt lat="34.36405" lon="-117.92896">
        <ele>2050.16</ele>
        <time>2025-08-16T18:14:56Z</time>
      </trkpt>
      <trkpt lat="34.36408" lon="-117.92894">
        <ele>2051.32</ele>
        <time>2025-08-16T18:14:59Z</time>
      </trkpt>
      <trkpt lat="34.3641" lon="-117.92892">
        <ele>2052.4</ele>
        <time>2025-08-16T18:15:02Z</time>
      </trkpt>
      <trkpt lat="34.36411" lon="-117.92888">
        <ele>2052.84</ele>
        <time>2025-08-16T18:15:05Z</time>
      </trkpt>
      <trkpt lat="34.36409" lon="-117.92885">
        <ele>2051.44</ele>
        <time>2025-08-16T18:15:07Z</time>
      </trkpt>
      <trkpt lat="34.36408" lon="-117.92881">
        <ele>2050.47</ele>
        <time>2025-08-16T18:15:09Z</time>
      </trkpt>
      <trkpt lat="34.36407" lon="-117.92877">
        <ele>2049.87</ele>
        <time>2025-08-16T18:15:12Z</time>
      </trkpt>
      <trkpt lat="34.36406" lon="-117.92873">
        <ele>2049.54</ele>
        <time>2025-08-16T18:15:15Z</time>
      </trkpt>
      <trkpt lat="34.36405" lon="-117.92869">
        <ele>2049.18</ele>
        <time>2025-08-16T18:15:18Z</time>
      </trkpt>
      <trkpt lat="34.36405" lon="-117.92866">
        <ele>2049.1</ele>
        <time>2025-08-16T18:15:21Z</time>
      </trkpt>
      <trkpt lat="34.36407" lon="-117.92862">
        <ele>2049.83</ele>
        <time>2025-08-16T18:15:24Z</time>
      </trkpt>
      <trkpt lat="34.36409" lon="-117.92859">
        <ele>2050.46</ele>
        <time>2025-08-16T18:15:26Z</time>
      </trkpt>
      <trkpt lat="34.36412" lon="-117.92857">
        <ele>2051.54</ele>
        <time>2025-08-16T18:15:28Z</time>
      </trkpt>
      <trkpt lat="34.36414" lon="-117.92853">
        <ele>2051.97</ele>
        <time>2025-08-16T18:15:31Z</time>
      </trkpt>
      <trkpt lat="34.36416" lon="-117.9285">
        <ele>2052.33</ele>
        <time>2025-08-16T18:15:34Z</time>
      </trkpt>
      <trkpt lat="34.36417" lon="-117.92846">
        <ele>2051.84</ele>
        <time>2025-08-16T18:15:37Z</time>
      </trkpt>
      <trkpt lat="34.36419" lon="-117.92843">
        <ele>2051.84</ele>
        <time>2025-08-16T18:15:40Z</time>
      </trkpt>
      <trkpt lat="34.3642" lon="-117.92839">
        <ele>2051.16</ele>
        <time>2025-08-16T18:15:43Z</time>
      </trkpt>
      <trkpt lat="34.36422" lon="-117.92836">
        <ele>2050.89</ele>
        <time>2025-08-16T18:15:46Z</time>
      </trkpt>
      <trkpt lat="34.36424" lon="-117.92833">
        <ele>2050.48</ele>
        <time>2025-08-16T18:15:49Z</time>
      </trkpt>
      <trkpt lat="34.36426" lon="-117.9283">
        <ele>2049.94</ele>
        <time>2025-08-16T18:15:52Z</time>
      </trkpt>
      <trkpt lat="34.36429" lon="-117.92829">
        <ele>2050.26</ele>
        <time>2025-08-16T18:15:56Z</time>
      </trkpt>
      <trkpt lat="34.36431" lon="-117.92826">
        <ele>2049.72</ele>
        <time>2025-08-16T18:15:59Z</time>
      </trkpt>
      <trkpt lat="34.36433" lon="-117.92823">
        <ele>2049.27</ele>
        <time>2025-08-16T18:16:02Z</time>
      </trkpt>
      <trkpt lat="34.36435" lon="-117.9282">
        <ele>2049.07</ele>
        <time>2025-08-16T18:16:05Z</time>
      </trkpt>
      <trkpt lat="34.36437" lon="-117.92817">
        <ele>2049.11</ele>
        <time>2025-08-16T18:16:08Z</time>
      </trkpt>
      <trkpt lat="34.36439" lon="-117.92815">
        <ele>2049.28</ele>
        <time>2025-08-16T18:16:12Z</time>
      </trkpt>
      <trkpt lat="34.36442" lon="-117.92813">
        <ele>2049.76</ele>
        <time>2025-08-16T18:16:17Z</time>
      </trkpt>
      <trkpt lat="34.36444" lon="-117.92811">
        <ele>2050.01</ele>
        <time>2025-08-16T18:16:36Z</time>
      </trkpt>
      <trkpt lat="34.36447" lon="-117.92808">
        <ele>2050.15</ele>
        <time>2025-08-16T18:16:39Z</time>
      </trkpt>
      <trkpt lat="34.36449" lon="-117.92805">
        <ele>2049.8</ele>
        <time>2025-08-16T18:16:42Z</time>
      </trkpt>
      <trkpt lat="34.36451" lon="-117.92802">
        <ele>2049.26</ele>
        <time>2025-08-16T18:16:45Z</time>
      </trkpt>
      <trkpt lat="34.36453" lon="-117.92798">
        <ele>2048.4</ele>
        <time>2025-08-16T18:16:48Z</time>
      </trkpt>
      <trkpt lat="34.36455" lon="-117.92795">
        <ele>2048.12</ele>
        <time>2025-08-16T18:16:51Z</time>
      </trkpt>
      <trkpt lat="34.36457" lon="-117.92791">
        <ele>2047.72</ele>
        <time>2025-08-16T18:16:54Z</time>
      </trkpt>
      <trkpt lat="34.36458" lon="-117.92788">
        <ele>2047.18</ele>
        <time>2025-08-16T18:16:56Z</time>
      </trkpt>
      <trkpt lat="34.3646" lon="-117.92785">
        <ele>2046.7</ele>
        <time>2025-08-16T18:16:58Z</time>
      </trkpt>
      <trkpt lat="34.36462" lon="-117.92781">
        <ele>2045.84</ele>
        <time>2025-08-16T18:17:01Z</time>
      </trkpt>
      <trkpt lat="34.36465" lon="-117.92778">
        <ele>2045.51</ele>
        <time>2025-08-16T18:17:04Z</time>
      </trkpt>
      <trkpt lat="34.36467" lon="-117.92775">
        <ele>2044.97</ele>
        <time>2025-08-16T18:17:07Z</time>
      </trkpt>
      <trkpt lat="34.3647" lon="-117.92772">
        <ele>2044.65</ele>
        <time>2025-08-16T18:17:10Z</time>
      </trkpt>
      <trkpt lat="34.36473" lon="-117.92771">
        <ele>2044.89</ele>
        <time>2025-08-16T18:17:13Z</time>
      </trkpt>
      <trkpt lat="34.36475" lon="-117.9277">
        <ele>2044.78</ele>
        <time>2025-08-16T18:17:16Z</time>
      </trkpt>
      <trkpt lat="34.36478" lon="-117.92769">
        <ele>2044.78</ele>
        <time>2025-08-16T18:17:19Z</time>
      </trkpt>
      <trkpt lat="34.36481" lon="-117.92767">
        <ele>2044.46</ele>
        <time>2025-08-16T18:17:22Z</time>
      </trkpt>
      <trkpt lat="34.36483" lon="-117.92765">
        <ele>2044.09</ele>
        <time>2025-08-16T18:17:25Z</time>
      </trkpt>
      <trkpt lat="34.36485" lon="-117.92762">
        <ele>2043.54</ele>
        <time>2025-08-16T18:17:28Z</time>
      </trkpt>
      <trkpt lat="34.36487" lon="-117.9276">
        <ele>2043.38</ele>
        <time>2025-08-16T18:17:31Z</time>
      </trkpt>
      <trkpt lat="34.36488" lon="-117.92756">
        <ele>2042.25</ele>
        <time>2025-08-16T18:17:35Z</time>
      </trkpt>
      <trkpt lat="34.36487" lon="-117.92753">
        <ele>2040.89</ele>
        <time>2025-08-16T18:17:39Z</time>
      </trkpt>
      <trkpt lat="34.36485" lon="-117.92751">
        <ele>2039.53</ele>
        <time>2025-08-16T18:17:41Z</time>
      </trkpt>
      <trkpt lat="34.36483" lon="-117.92747">
        <ele>2037.52</ele>
        <time>2025-08-16T18:17:45Z</time>
      </trkpt>
      <trkpt lat="34.36486" lon="-117.92745">
        <ele>2037.84</ele>
        <time>2025-08-16T18:17:48Z</time>
      </trkpt>
      <trkpt lat="34.36488" lon="-117.92743">
        <ele>2037.84</ele>
        <time>2025-08-16T18:17:50Z</time>
      </trkpt>
      <trkpt lat="34.36491" lon="-117.92741">
        <ele>2038.25</ele>
        <time>2025-08-16T18:17:53Z</time>
      </trkpt>
      <trkpt lat="34.36493" lon="-117.92738">
        <ele>2038.8</ele>
        <time>2025-08-16T18:17:57Z</time>
      </trkpt>
      <trkpt lat="34.36495" lon="-117.92735">
        <ele>2039.23</ele>
        <time>2025-08-16T18:18:01Z</time>
      </trkpt>
      <trkpt lat="34.36498" lon="-117.92732">
        <ele>2040.08</ele>
        <time>2025-08-16T18:18:05Z</time>
      </trkpt>
      <trkpt lat="34.36499" lon="-117.9273">
        <ele>2040.14</ele>
        <time>2025-08-16T18:18:09Z</time>
      </trkpt>
      <trkpt lat="34.36501" lon="-117.92727">
        <ele>2040.58</ele>
        <time>2025-08-16T18:18:13Z</time>
      </trkpt>
      <trkpt lat="34.36504" lon="-117.92723">
        <ele>2040.97</ele>
        <time>2025-08-16T18:18:18Z</time>
      </trkpt>
      <trkpt lat="34.36506" lon="-117.92719">
        <ele>2040.9</ele>
        <time>2025-08-16T18:18:22Z</time>
      </trkpt>
      <trkpt lat="34.36509" lon="-117.92716">
        <ele>2041.54</ele>
        <time>2025-08-16T18:18:26Z</time>
      </trkpt>
      <trkpt lat="34.36511" lon="-117.92713">
        <ele>2041.38</ele>
        <time>2025-08-16T18:18:30Z</time>
      </trkpt>
      <trkpt lat="34.36513" lon="-117.9271">
        <ele>2041.17</ele>
        <time>2025-08-16T18:18:33Z</time>
      </trkpt>
      <trkpt lat="34.36515" lon="-117.92708">
        <ele>2041.17</ele>
        <time>2025-08-16T18:18:36Z</time>
      </trkpt>
      <trkpt lat="34.36518" lon="-117.92706">
        <ele>2041.38</ele>
        <time>2025-08-16T18:18:39Z</time>
      </trkpt>
      <trkpt lat="34.3652" lon="-117.92703">
        <ele>2040.93</ele>
        <time>2025-08-16T18:18:42Z</time>
      </trkpt>
      <trkpt lat="34.36522" lon="-117.92701">
        <ele>2040.5</ele>
        <time>2025-08-16T18:18:45Z</time>
      </trkpt>
      <trkpt lat="34.36526" lon="-117.92699">
        <ele>2040.28</ele>
        <time>2025-08-16T18:18:48Z</time>
      </trkpt>
      <trkpt lat="34.36529" lon="-117.92697">
        <ele>2039.96</ele>
        <time>2025-08-16T18:18:51Z</time>
      </trkpt>
      <trkpt lat="34.36532" lon="-117.92695">
        <ele>2039.64</ele>
        <time>2025-08-16T18:18:54Z</time>
      </trkpt>
      <trkpt lat="34.36534" lon="-117.92694">
        <ele>2039.53</ele>
        <time>2025-08-16T18:18:58Z</time>
      </trkpt>
      <trkpt lat="34.36537" lon="-117.92693">
        <ele>2039.53</ele>
        <time>2025-08-16T18:19:03Z</time>
      </trkpt>
      <trkpt lat="34.3654" lon="-117.9269">
        <ele>2038.56</ele>
        <time>2025-08-16T18:19:08Z</time>
      </trkpt>
      <trkpt lat="34.36542" lon="-117.92688">
        <ele>2037.91</ele>
        <time>2025-08-16T18:19:12Z</time>
      </trkpt>
      <trkpt lat="34.36545" lon="-117.92687">
        <ele>2037.59</ele>
        <time>2025-08-16T18:19:16Z</time>
      </trkpt>
      <trkpt lat="34.36549" lon="-117.92685">
        <ele>2036.94</ele>
        <time>2025-08-16T18:19:20Z</time>
      </trkpt>
      <trkpt lat="34.36552" lon="-117.92683">
        <ele>2036.29</ele>
        <time>2025-08-16T18:19:24Z</time>
      </trkpt>
      <trkpt lat="34.36555" lon="-117.92682">
        <ele>2035.97</ele>
        <time>2025-08-16T18:19:27Z</time>
      </trkpt>
      <trkpt lat="34.36559" lon="-117.92681">
        <ele>2035.81</ele>
        <time>2025-08-16T18:19:30Z</time>
      </trkpt>
      <trkpt lat="34.36562" lon="-117.9268">
        <ele>2035.71</ele>
        <time>2025-08-16T18:19:32Z</time>
      </trkpt>
      <trkpt lat="34.36565" lon="-117.92679">
        <ele>2035.69</ele>
        <time>2025-08-16T18:19:34Z</time>
      </trkpt>
      <trkpt lat="34.36569" lon="-117.92678">
        <ele>2036.0</ele>
        <time>2025-08-16T18:19:37Z</time>
      </trkpt>
      <trkpt lat="34.36572" lon="-117.92677">
        <ele>2036.1</ele>
        <time>2025-08-16T18:19:40Z</time>
      </trkpt>
      <trkpt lat="34.36575" lon="-117.92675">
        <ele>2035.99</ele>
        <time>2025-08-16T18:19:43Z</time>
      </trkpt>
      <trkpt lat="34.36578" lon="-117.92673">
        <ele>2036.08</ele>
        <time>2025-08-16T18:19:46Z</time>
      </trkpt>
      <trkpt lat="34.36581" lon="-117.92672">
        <ele>2036.33</ele>
        <time>2025-08-16T18:19:49Z</time>
      </trkpt>
      <trkpt lat="34.36585" lon="-117.92671">
        <ele>2036.76</ele>
        <time>2025-08-16T18:19:52Z</time>
      </trkpt>
      <trkpt lat="34.36588" lon="-117.9267">
        <ele>2037.09</ele>
        <time>2025-08-16T18:19:55Z</time>
      </trkpt>
      <trkpt lat="34.36592" lon="-117.92669">
        <ele>2037.63</ele>
        <time>2025-08-16T18:19:58Z</time>
      </trkpt>
      <trkpt lat="34.36595" lon="-117.92668">
        <ele>2037.69</ele>
        <time>2025-08-16T18:20:01Z</time>
      </trkpt>
      <trkpt lat="34.36598" lon="-117.92667">
        <ele>2037.69</ele>
        <time>2025-08-16T18:20:04Z</time>
      </trkpt>
      <trkpt lat="34.36601" lon="-117.92665">
        <ele>2037.38</ele>
        <time>2025-08-16T18:20:07Z</time>
      </trkpt>
      <trkpt lat="34.36604" lon="-117.92664">
        <ele>2037.2</ele>
        <time>2025-08-16T18:20:10Z</time>
      </trkpt>
      <trkpt lat="34.36606" lon="-117.92662">
        <ele>2036.71</ele>
        <time>2025-08-16T18:20:13Z</time>
      </trkpt>
      <trkpt lat="34.36607" lon="-117.92658">
        <ele>2035.71</ele>
        <time>2025-08-16T18:20:16Z</time>
      </trkpt>
      <trkpt lat="34.36608" lon="-117.92654">
        <ele>2034.81</ele>
        <time>2025-08-16T18:20:19Z</time>
      </trkpt>
      <trkpt lat="34.36609" lon="-117.9265">
        <ele>2033.74</ele>
        <time>2025-08-16T18:20:22Z</time>
      </trkpt>
      <trkpt lat="34.3661" lon="-117.92647">
        <ele>2032.87</ele>
        <time>2025-08-16T18:20:25Z</time>
      </trkpt>
      <trkpt lat="34.36612" lon="-117.92644">
        <ele>2032.01</ele>
        <time>2025-08-16T18:20:28Z</time>
      </trkpt>
      <trkpt lat="34.36615" lon="-117.92641">
        <ele>2031.04</ele>
        <time>2025-08-16T18:20:31Z</time>
      </trkpt>
      <trkpt lat="34.36618" lon="-117.92639">
        <ele>2030.28</ele>
        <time>2025-08-16T18:20:34Z</time>
      </trkpt>
      <trkpt lat="34.3662" lon="-117.92637">
        <ele>2029.63</ele>
        <time>2025-08-16T18:20:37Z</time>
      </trkpt>
      <trkpt lat="34.36622" lon="-117.92634">
        <ele>2028.51</ele>
        <time>2025-08-16T18:20:41Z</time>
      </trkpt>
      <trkpt lat="34.36623" lon="-117.92631">
        <ele>2027.69</ele>
        <time>2025-08-16T18:20:47Z</time>
      </trkpt>
      <trkpt lat="34.36622" lon="-117.92627">
        <ele>2027.36</ele>
        <time>2025-08-16T18:20:51Z</time>
      </trkpt>
      <trkpt lat="34.36621" lon="-117.92624">
        <ele>2027.26</ele>
        <time>2025-08-16T18:20:54Z</time>
      </trkpt>
      <trkpt lat="34.3662" lon="-117.92621">
        <ele>2027.15</ele>
        <time>2025-08-16T18:20:57Z</time>
      </trkpt>
      <trkpt lat="34.36619" lon="-117.92617">
        <ele>2027.24</ele>
        <time>2025-08-16T18:21:01Z</time>
      </trkpt>
      <trkpt lat="34.36617" lon="-117.92615">
        <ele>2027.52</ele>
        <time>2025-08-16T18:21:06Z</time>
      </trkpt>
      <trkpt lat="34.36615" lon="-117.92612">
        <ele>2027.64</ele>
        <time>2025-08-16T18:21:11Z</time>
      </trkpt>
      <trkpt lat="34.36613" lon="-117.92609">
        <ele>2027.8</ele>
        <time>2025-08-16T18:21:15Z</time>
      </trkpt>
      <trkpt lat="34.36611" lon="-117.92606">
        <ele>2028.02</ele>
        <time>2025-08-16T18:21:19Z</time>
      </trkpt>
      <trkpt lat="34.36609" lon="-117.92603">
        <ele>2028.46</ele>
        <time>2025-08-16T18:21:22Z</time>
      </trkpt>
      <trkpt lat="34.36608" lon="-117.926">
        <ele>2028.67</ele>
        <time>2025-08-16T18:21:25Z</time>
      </trkpt>
      <trkpt lat="34.36606" lon="-117.92598">
        <ele>2029.1</ele>
        <time>2025-08-16T18:21:28Z</time>
      </trkpt>
      <trkpt lat="34.36604" lon="-117.92595">
        <ele>2029.54</ele>
        <time>2025-08-16T18:21:31Z</time>
      </trkpt>
      <trkpt lat="34.36602" lon="-117.92593">
        <ele>2029.97</ele>
        <time>2025-08-16T18:21:34Z</time>
      </trkpt>
      <trkpt lat="34.366" lon="-117.9259">
        <ele>2029.6</ele>
        <time>2025-08-16T18:21:37Z</time>
      </trkpt>
      <trkpt lat="34.36598" lon="-117.92587">
        <ele>2029.17</ele>
        <time>2025-08-16T18:21:40Z</time>
      </trkpt>
      <trkpt lat="34.36595" lon="-117.92584">
        <ele>2028.52</ele>
        <time>2025-08-16T18:21:43Z</time>
      </trkpt>
      <trkpt lat="34.36594" lon="-117.9258">
        <ele>2028.61</ele>
        <time>2025-08-16T18:21:45Z</time>
      </trkpt>
      <trkpt lat="34.36592" lon="-117.92576">
        <ele>2028.61</ele>
        <time>2025-08-16T18:21:47Z</time>
      </trkpt>
      <trkpt lat="34.3659" lon="-117.92573">
        <ele>2028.36</ele>
        <time>2025-08-16T18:21:49Z</time>
      </trkpt>
      <trkpt lat="34.36588" lon="-117.92569">
        <ele>2028.34</ele>
        <time>2025-08-16T18:21:52Z</time>
      </trkpt>
      <trkpt lat="34.36585" lon="-117.92567">
        <ele>2027.44</ele>
        <time>2025-08-16T18:21:55Z</time>
      </trkpt>
      <trkpt lat="34.36582" lon="-117.92565">
        <ele>2026.55</ele>
        <time>2025-08-16T18:22:00Z</time>
      </trkpt>
      <trkpt lat="34.3658" lon="-117.92562">
        <ele>2026.33</ele>
        <time>2025-08-16T18:22:03Z</time>
      </trkpt>
      <trkpt lat="34.36578" lon="-117.9256">
        <ele>2026.09</ele>
        <time>2025-08-16T18:22:06Z</time>
      </trkpt>
      <trkpt lat="34.36576" lon="-117.92557">
        <ele>2026.14</ele>
        <time>2025-08-16T18:22:09Z</time>
      </trkpt>
      <trkpt lat="34.36574" lon="-117.92555">
        <ele>2026.04</ele>
        <time>2025-08-16T18:22:12Z</time>
      </trkpt>
      <trkpt lat="34.36572" lon="-117.92553">
        <ele>2025.67</ele>
        <time>2025-08-16T18:22:15Z</time>
      </trkpt>
      <trkpt lat="34.36569" lon="-117.92553">
        <ele>2024.78</ele>
        <time>2025-08-16T18:22:18Z</time>
      </trkpt>
      <trkpt lat="34.36566" lon="-117.92553">
        <ele>2023.9</ele>
        <time>2025-08-16T18:22:21Z</time>
      </trkpt>
      <trkpt lat="34.36564" lon="-117.92552">
        <ele>2023.5</ele>
        <time>2025-08-16T18:22:27Z</time>
      </trkpt>
      <trkpt lat="34.3656" lon="-117.9255">
        <ele>2022.64</ele>
        <time>2025-08-16T18:22:31Z</time>
      </trkpt>
      <trkpt lat="34.36558" lon="-117.92548">
        <ele>2022.42</ele>
        <time>2025-08-16T18:22:34Z</time>
      </trkpt>
      <trkpt lat="34.36556" lon="-117.92545">
        <ele>2022.42</ele>
        <time>2025-08-16T18:22:37Z</time>
      </trkpt>
      <trkpt lat="34.36553" lon="-117.92542">
        <ele>2021.82</ele>
        <time>2025-08-16T18:22:40Z</time>
      </trkpt>
      <trkpt lat="34.36551" lon="-117.9254">
        <ele>2021.39</ele>
        <time>2025-08-16T18:22:43Z</time>
      </trkpt>
      <trkpt lat="34.36548" lon="-117.92538">
        <ele>2020.53</ele>
        <time>2025-08-16T18:22:47Z</time>
      </trkpt>
      <trkpt lat="34.36546" lon="-117.92535">
        <ele>2020.09</ele>
        <time>2025-08-16T18:22:51Z</time>
      </trkpt>
      <trkpt lat="34.36544" lon="-117.92533">
        <ele>2019.44</ele>
        <time>2025-08-16T18:22:54Z</time>
      </trkpt>
      <trkpt lat="34.36543" lon="-117.92529">
        <ele>2019.44</ele>
        <time>2025-08-16T18:22:58Z</time>
      </trkpt>
      <trkpt lat="34.36542" lon="-117.92526">
        <ele>2019.14</ele>
        <time>2025-08-16T18:23:02Z</time>
      </trkpt>
      <trkpt lat="34.3654" lon="-117.92522">
        <ele>2018.28</ele>
        <time>2025-08-16T18:23:06Z</time>
      </trkpt>
      <trkpt lat="34.36538" lon="-117.9252">
        <ele>2017.42</ele>
        <time>2025-08-16T18:23:09Z</time>
      </trkpt>
      <trkpt lat="34.36535" lon="-117.92517">
        <ele>2016.34</ele>
        <time>2025-08-16T18:23:12Z</time>
      </trkpt>
      <trkpt lat="34.36533" lon="-117.92514">
        <ele>2015.69</ele>
        <time>2025-08-16T18:23:16Z</time>
      </trkpt>
      <trkpt lat="34.36532" lon="-117.92511">
        <ele>2015.37</ele>
        <time>2025-08-16T18:23:23Z</time>
      </trkpt>
      <trkpt lat="34.36528" lon="-117.92509">
        <ele>2014.02</ele>
        <time>2025-08-16T18:23:40Z</time>
      </trkpt>
      <trkpt lat="34.36528" lon="-117.92504">
        <ele>2012.95</ele>
        <time>2025-08-16T18:23:46Z</time>
      </trkpt>
      <trkpt lat="34.36531" lon="-117.92501">
        <ele>2013.57</ele>
        <time>2025-08-16T18:23:50Z</time>
      </trkpt>
      <trkpt lat="34.36534" lon="-117.92498">
        <ele>2014.26</ele>
        <time>2025-08-16T18:23:54Z</time>
      </trkpt>
      <trkpt lat="34.36538" lon="-117.92495">
        <ele>2015.23</ele>
        <time>2025-08-16T18:23:58Z</time>
      </trkpt>
      <trkpt lat="34.3654" lon="-117.92492">
        <ele>2015.23</ele>
        <time>2025-08-16T18:24:02Z</time>
      </trkpt>
      <trkpt lat="34.36543" lon="-117.92489">
        <ele>2015.37</ele>
        <time>2025-08-16T18:24:06Z</time>
      </trkpt>
      <trkpt lat="34.36546" lon="-117.92486">
        <ele>2015.37</ele>
        <time>2025-08-16T18:24:12Z</time>
      </trkpt>
      <trkpt lat="34.36549" lon="-117.92483">
        <ele>2015.12</ele>
        <time>2025-08-16T18:24:17Z</time>
      </trkpt>
      <trkpt lat="34.36551" lon="-117.9248">
        <ele>2014.22</ele>
        <time>2025-08-16T18:24:21Z</time>
      </trkpt>
      <trkpt lat="34.36553" lon="-117.92477">
        <ele>2013.03</ele>
        <time>2025-08-16T18:24:25Z</time>
      </trkpt>
      <trkpt lat="34.36556" lon="-117.92475">
        <ele>2012.55</ele>
        <time>2025-08-16T18:24:29Z</time>
      </trkpt>
      <trkpt lat="34.36558" lon="-117.92472">
        <ele>2011.13</ele>
        <time>2025-08-16T18:24:33Z</time>
      </trkpt>
      <trkpt lat="34.3656" lon="-117.9247">
        <ele>2010.16</ele>
        <time>2025-08-16T18:24:36Z</time>
      </trkpt>
      <trkpt lat="34.36563" lon="-117.92468">
        <ele>2009.43</ele>
        <time>2025-08-16T18:24:40Z</time>
      </trkpt>
      <trkpt lat="34.36565" lon="-117.92465">
        <ele>2008.14</ele>
        <time>2025-08-16T18:24:44Z</time>
      </trkpt>
      <trkpt lat="34.36567" lon="-117.92463">
        <ele>2007.49</ele>
        <time>2025-08-16T18:24:48Z</time>
      </trkpt>
      <trkpt lat="34.36569" lon="-117.9246">
        <ele>2007.06</ele>
        <time>2025-08-16T18:24:52Z</time>
      </trkpt>
      <trkpt lat="34.36572" lon="-117.92458">
        <ele>2007.66</ele>
        <time>2025-08-16T18:24:56Z</time>
      </trkpt>
      <trkpt lat="34.36576" lon="-117.92456">
        <ele>2008.66</ele>
        <time>2025-08-16T18:24:59Z</time>
      </trkpt>
      <trkpt lat="34.36579" lon="-117.92454">
        <ele>2009.1</ele>
        <time>2025-08-16T18:25:02Z</time>
      </trkpt>
      <trkpt lat="34.36581" lon="-117.92452">
        <ele>2009.59</ele>
        <time>2025-08-16T18:25:06Z</time>
      </trkpt>
      <trkpt lat="34.36583" lon="-117.9245">
        <ele>2010.3</ele>
        <time>2025-08-16T18:25:10Z</time>
      </trkpt>
      <trkpt lat="34.36586" lon="-117.92447">
        <ele>2011.3</ele>
        <time>2025-08-16T18:25:14Z</time>
      </trkpt>
      <trkpt lat="34.36589" lon="-117.92445">
        <ele>2012.16</ele>
        <time>2025-08-16T18:25:18Z</time>
      </trkpt>
      <trkpt lat="34.36586" lon="-117.92442">
        <ele>2011.65</ele>
        <time>2025-08-16T18:25:22Z</time>
      </trkpt>
      <trkpt lat="34.36582" lon="-117.9244">
        <ele>2010.49</ele>
        <time>2025-08-16T18:25:25Z</time>
      </trkpt>
      <trkpt lat="34.3658" lon="-117.92439">
        <ele>2009.77</ele>
        <time>2025-08-16T18:25:28Z</time>
      </trkpt>
      <trkpt lat="34.36577" lon="-117.92437">
        <ele>2008.81</ele>
        <time>2025-08-16T18:25:31Z</time>
      </trkpt>
      <trkpt lat="34.36574" lon="-117.92435">
        <ele>2007.99</ele>
        <time>2025-08-16T18:25:34Z</time>
      </trkpt>
      <trkpt lat="34.36571" lon="-117.92433">
        <ele>2006.91</ele>
        <time>2025-08-16T18:25:37Z</time>
      </trkpt>
      <trkpt lat="34.36568" lon="-117.92431">
        <ele>2005.83</ele>
        <time>2025-08-16T18:25:40Z</time>
      </trkpt>
      <trkpt lat="34.36565" lon="-117.92429">
        <ele>2004.75</ele>
        <time>2025-08-16T18:25:43Z</time>
      </trkpt>
      <trkpt lat="34.36563" lon="-117.92427">
        <ele>2004.3</ele>
        <time>2025-08-16T18:25:46Z</time>
      </trkpt>
      <trkpt lat="34.3656" lon="-117.92425">
        <ele>2003.59</ele>
        <time>2025-08-16T18:25:49Z</time>
      </trkpt>
      <trkpt lat="34.36557" lon="-117.92425">
        <ele>2002.58</ele>
        <time>2025-08-16T18:25:52Z</time>
      </trkpt>
      <trkpt lat="34.36554" lon="-117.92425">
        <ele>2001.76</ele>
        <time>2025-08-16T18:25:55Z</time>
      </trkpt>
      <trkpt lat="34.36551" lon="-117.92424">
        <ele>2001.22</ele>
        <time>2025-08-16T18:25:58Z</time>
      </trkpt>
      <trkpt lat="34.36548" lon="-117.92422">
        <ele>2000.79</ele>
        <time>2025-08-16T18:26:01Z</time>
      </trkpt>
      <trkpt lat="34.36545" lon="-117.9242">
        <ele>2000.22</ele>
        <time>2025-08-16T18:26:04Z</time>
      </trkpt>
      <trkpt lat="34.36543" lon="-117.92417">
        <ele>1999.9</ele>
        <time>2025-08-16T18:26:07Z</time>
      </trkpt>
      <trkpt lat="34.36541" lon="-117.92414">
        <ele>1999.74</ele>
        <time>2025-08-16T18:26:10Z</time>
      </trkpt>
      <trkpt lat="34.36539" lon="-117.92412">
        <ele>1999.54</ele>
        <time>2025-08-16T18:26:13Z</time>
      </trkpt>
      <trkpt lat="34.36537" lon="-117.92409">
        <ele>1999.64</ele>
        <time>2025-08-16T18:26:16Z</time>
      </trkpt>
      <trkpt lat="34.36536" lon="-117.92406">
        <ele>1999.83</ele>
        <time>2025-08-16T18:26:19Z</time>
      </trkpt>
      <trkpt lat="34.36535" lon="-117.92402">
        <ele>2000.05</ele>
        <time>2025-08-16T18:26:22Z</time>
      </trkpt>
      <trkpt lat="34.36533" lon="-117.92398">
        <ele>2000.15</ele>
        <time>2025-08-16T18:26:25Z</time>
      </trkpt>
      <trkpt lat="34.36531" lon="-117.92395">
        <ele>2000.26</ele>
        <time>2025-08-16T18:26:28Z</time>
      </trkpt>
      <trkpt lat="34.3653" lon="-117.92392">
        <ele>2000.65</ele>
        <time>2025-08-16T18:26:31Z</time>
      </trkpt>
      <trkpt lat="34.36528" lon="-117.92388">
        <ele>2001.22</ele>
        <time>2025-08-16T18:26:34Z</time>
      </trkpt>
      <trkpt lat="34.36526" lon="-117.92386">
        <ele>2001.43</ele>
        <time>2025-08-16T18:26:37Z</time>
      </trkpt>
      <trkpt lat="34.36523" lon="-117.92383">
        <ele>2001.76</ele>
        <time>2025-08-16T18:26:40Z</time>
      </trkpt>
      <trkpt lat="34.3652" lon="-117.92382">
        <ele>2001.65</ele>
        <time>2025-08-16T18:26:43Z</time>
      </trkpt>
      <trkpt lat="34.36516" lon="-117.92384">
        <ele>2000.66</ele>
        <time>2025-08-16T18:26:45Z</time>
      </trkpt>
      <trkpt lat="34.36514" lon="-117.92385">
        <ele>2000.07</ele>
        <time>2025-08-16T18:26:47Z</time>
      </trkpt>
      <trkpt lat="34.3651" lon="-117.92386">
        <ele>1999.07</ele>
        <time>2025-08-16T18:26:50Z</time>
      </trkpt>
      <trkpt lat="34.36507" lon="-117.92386">
        <ele>1998.69</ele>
        <time>2025-08-16T18:26:53Z</time>
      </trkpt>
      <trkpt lat="34.36504" lon="-117.92387">
        <ele>1998.04</ele>
        <time>2025-08-16T18:26:56Z</time>
      </trkpt>
      <trkpt lat="34.36502" lon="-117.92388">
        <ele>1997.5</ele>
        <time>2025-08-16T18:26:59Z</time>
      </trkpt>
      <trkpt lat="34.36498" lon="-117.92389">
        <ele>1996.52</ele>
        <time>2025-08-16T18:27:03Z</time>
      </trkpt>
      <trkpt lat="34.36495" lon="-117.92388">
        <ele>1996.21</ele>
        <time>2025-08-16T18:27:14Z</time>
      </trkpt>
      <trkpt lat="34.36492" lon="-117.92388">
        <ele>1995.56</ele>
        <time>2025-08-16T18:27:18Z</time>
      </trkpt>
      <trkpt lat="34.36489" lon="-117.92388">
        <ele>1994.91</ele>
        <time>2025-08-16T18:27:22Z</time>
      </trkpt>
      <trkpt lat="34.36485" lon="-117.92388">
        <ele>1994.05</ele>
        <time>2025-08-16T18:27:26Z</time>
      </trkpt>
      <trkpt lat="34.36481" lon="-117.92387">
        <ele>1993.51</ele>
        <time>2025-08-16T18:27:30Z</time>
      </trkpt>
      <trkpt lat="34.36478" lon="-117.92387">
        <ele>1992.86</ele>
        <time>2025-08-16T18:27:33Z</time>
      </trkpt>
      <trkpt lat="34.36475" lon="-117.92385">
        <ele>1992.86</ele>
        <time>2025-08-16T18:27:36Z</time>
      </trkpt>
      <trkpt lat="34.36472" lon="-117.92383">
        <ele>1992.86</ele>
        <time>2025-08-16T18:27:39Z</time>
      </trkpt>
      <trkpt lat="34.36469" lon="-117.92381">
        <ele>1992.86</ele>
        <time>2025-08-16T18:27:42Z</time>
      </trkpt>
      <trkpt lat="34.36466" lon="-117.92379">
        <ele>1992.77</ele>
        <time>2025-08-16T18:27:45Z</time>
      </trkpt>
      <trkpt lat="34.36464" lon="-117.92376">
        <ele>1992.7</ele>
        <time>2025-08-16T18:27:48Z</time>
      </trkpt>
      <trkpt lat="34.36461" lon="-117.92374">
        <ele>1991.97</ele>
        <time>2025-08-16T18:27:51Z</time>
      </trkpt>
      <trkpt lat="34.36458" lon="-117.9237">
        <ele>1991.43</ele>
        <time>2025-08-16T18:27:55Z</time>
      </trkpt>
      <trkpt lat="34.36457" lon="-117.92365">
        <ele>1991.65</ele>
        <time>2025-08-16T18:28:00Z</time>
      </trkpt>
      <trkpt lat="34.36458" lon="-117.92361">
        <ele>1992.4</ele>
        <time>2025-08-16T18:28:08Z</time>
      </trkpt>
      <trkpt lat="34.36459" lon="-117.92357">
        <ele>1992.97</ele>
        <time>2025-08-16T18:28:46Z</time>
      </trkpt>
      <trkpt lat="34.36459" lon="-117.92353">
        <ele>1993.22</ele>
        <time>2025-08-16T18:28:55Z</time>
      </trkpt>
      <trkpt lat="34.36459" lon="-117.92348">
        <ele>1993.05</ele>
        <time>2025-08-16T18:28:57Z</time>
      </trkpt>
      <trkpt lat="34.36459" lon="-117.92342">
        <ele>1992.62</ele>
        <time>2025-08-16T18:28:59Z</time>
      </trkpt>
      <trkpt lat="34.36459" lon="-117.92338">
        <ele>1992.01</ele>
        <time>2025-08-16T18:29:01Z</time>
      </trkpt>
      <trkpt lat="34.3646" lon="-117.92333">
        <ele>1991.64</ele>
        <time>2025-08-16T18:29:04Z</time>
      </trkpt>
      <trkpt lat="34.36461" lon="-117.9233">
        <ele>1991.22</ele>
        <time>2025-08-16T18:29:07Z</time>
      </trkpt>
      <trkpt lat="34.36464" lon="-117.92327">
        <ele>1991.28</ele>
        <time>2025-08-16T18:29:11Z</time>
      </trkpt>
      <trkpt lat="34.36465" lon="-117.92323">
        <ele>1990.29</ele>
        <time>2025-08-16T18:29:14Z</time>
      </trkpt>
      <trkpt lat="34.36466" lon="-117.9232">
        <ele>1989.52</ele>
        <time>2025-08-16T18:29:17Z</time>
      </trkpt>
      <trkpt lat="34.36467" lon="-117.92316">
        <ele>1988.31</ele>
        <time>2025-08-16T18:29:20Z</time>
      </trkpt>
      <trkpt lat="34.36468" lon="-117.92312">
        <ele>1987.15</ele>
        <time>2025-08-16T18:29:23Z</time>
      </trkpt>
      <trkpt lat="34.3647" lon="-117.92309">
        <ele>1986.31</ele>
        <time>2025-08-16T18:29:26Z</time>
      </trkpt>
      <trkpt lat="34.36471" lon="-117.92306">
        <ele>1985.18</ele>
        <time>2025-08-16T18:29:29Z</time>
      </trkpt>
      <trkpt lat="34.36472" lon="-117.92302">
        <ele>1983.85</ele>
        <time>2025-08-16T18:29:33Z</time>
      </trkpt>
      <trkpt lat="34.36469" lon="-117.92301">
        <ele>1983.52</ele>
        <time>2025-08-16T18:29:36Z</time>
      </trkpt>
      <trkpt lat="34.36466" lon="-117.92301">
        <ele>1983.52</ele>
        <time>2025-08-16T18:29:38Z</time>
      </trkpt>
      <trkpt lat="34.36462" lon="-117.923">
        <ele>1983.26</ele>
        <time>2025-08-16T18:29:41Z</time>
      </trkpt>
      <trkpt lat="34.3646" lon="-117.92298">
        <ele>1982.81</ele>
        <time>2025-08-16T18:29:44Z</time>
      </trkpt>
      <trkpt lat="34.36458" lon="-117.92296">
        <ele>1982.46</ele>
        <time>2025-08-16T18:29:47Z</time>
      </trkpt>
      <trkpt lat="34.36455" lon="-117.92294">
        <ele>1982.33</ele>
        <time>2025-08-16T18:29:50Z</time>
      </trkpt>
      <trkpt lat="34.36453" lon="-117.92292">
        <ele>1982.03</ele>
        <time>2025-08-16T18:29:53Z</time>
      </trkpt>
      <trkpt lat="34.36451" lon="-117.92289">
        <ele>1981.36</ele>
        <time>2025-08-16T18:29:56Z</time>
      </trkpt>
      <trkpt lat="34.36449" lon="-117.92286">
        <ele>1980.89</ele>
        <time>2025-08-16T18:29:58Z</time>
      </trkpt>
      <trkpt lat="34.36448" lon="-117.92283">
        <ele>1980.67</ele>
        <time>2025-08-16T18:30:00Z</time>
      </trkpt>
      <trkpt lat="34.36446" lon="-117.92279">
        <ele>1980.71</ele>
        <time>2025-08-16T18:30:03Z</time>
      </trkpt>
      <trkpt lat="34.36444" lon="-117.92276">
        <ele>1981.01</ele>
        <time>2025-08-16T18:30:06Z</time>
      </trkpt>
      <trkpt lat="34.36442" lon="-117.92273">
        <ele>1981.14</ele>
        <time>2025-08-16T18:30:09Z</time>
      </trkpt>
      <trkpt lat="34.3644" lon="-117.92271">
        <ele>1981.35</ele>
        <time>2025-08-16T18:30:12Z</time>
      </trkpt>
      <trkpt lat="34.36438" lon="-117.92269">
        <ele>1981.66</ele>
        <time>2025-08-16T18:30:15Z</time>
      </trkpt>
      <trkpt lat="34.36436" lon="-117.92267">
        <ele>1982.06</ele>
        <time>2025-08-16T18:30:18Z</time>
      </trkpt>
      <trkpt lat="34.36433" lon="-117.92265">
        <ele>1982.71</ele>
        <time>2025-08-16T18:30:21Z</time>
      </trkpt>
      <trkpt lat="34.36431" lon="-117.92264">
        <ele>1983.16</ele>
        <time>2025-08-16T18:30:24Z</time>
      </trkpt>
      <trkpt lat="34.36428" lon="-117.92263">
        <ele>1983.83</ele>
        <time>2025-08-16T18:30:27Z</time>
      </trkpt>
      <trkpt lat="34.36425" lon="-117.92263">
        <ele>1984.29</ele>
        <time>2025-08-16T18:30:31Z</time>
      </trkpt>
      <trkpt lat="34.36422" lon="-117.92265">
        <ele>1984.18</ele>
        <time>2025-08-16T18:30:34Z</time>
      </trkpt>
      <trkpt lat="34.36419" lon="-117.92267">
        <ele>1984.08</ele>
        <time>2025-08-16T18:30:38Z</time>
      </trkpt>
      <trkpt lat="34.36417" lon="-117.92269">
        <ele>1983.76</ele>
        <time>2025-08-16T18:30:41Z</time>
      </trkpt>
      <trkpt lat="34.36414" lon="-117.92273">
        <ele>1981.48</ele>
        <time>2025-08-16T18:30:44Z</time>
      </trkpt>
      <trkpt lat="34.36413" lon="-117.92276">
        <ele>1980.22</ele>
        <time>2025-08-16T18:30:48Z</time>
      </trkpt>
      <trkpt lat="34.36412" lon="-117.9228">
        <ele>1979.02</ele>
        <time>2025-08-16T18:30:52Z</time>
      </trkpt>
      <trkpt lat="34.36411" lon="-117.92283">
        <ele>1978.26</ele>
        <time>2025-08-16T18:30:55Z</time>
      </trkpt>
      <trkpt lat="34.3641" lon="-117.92286">
        <ele>1977.5</ele>
        <time>2025-08-16T18:30:58Z</time>
      </trkpt>
      <trkpt lat="34.36409" lon="-117.9229">
        <ele>1976.85</ele>
        <time>2025-08-16T18:31:02Z</time>
      </trkpt>
      <trkpt lat="34.36407" lon="-117.92293">
        <ele>1976.27</ele>
        <time>2025-08-16T18:31:06Z</time>
      </trkpt>
      <trkpt lat="34.36406" lon="-117.92296">
        <ele>1975.73</ele>
        <time>2025-08-16T18:31:10Z</time>
      </trkpt>
      <trkpt lat="34.36405" lon="-117.923">
        <ele>1975.08</ele>
        <time>2025-08-16T18:31:14Z</time>
      </trkpt>
      <trkpt lat="34.36404" lon="-117.92303">
        <ele>1974.54</ele>
        <time>2025-08-16T18:31:18Z</time>
      </trkpt>
      <trkpt lat="34.36402" lon="-117.92307">
        <ele>1973.83</ele>
        <time>2025-08-16T18:31:22Z</time>
      </trkpt>
      <trkpt lat="34.36401" lon="-117.9231">
        <ele>1973.62</ele>
        <time>2025-08-16T18:31:25Z</time>
      </trkpt>
      <trkpt lat="34.364" lon="-117.92313">
        <ele>1973.4</ele>
        <time>2025-08-16T18:31:28Z</time>
      </trkpt>
      <trkpt lat="34.36398" lon="-117.92316">
        <ele>1972.95</ele>
        <time>2025-08-16T18:31:31Z</time>
      </trkpt>
      <trkpt lat="34.36396" lon="-117.92318">
        <ele>1972.3</ele>
        <time>2025-08-16T18:31:34Z</time>
      </trkpt>
      <trkpt lat="34.36395" lon="-117.92321">
        <ele>1971.98</ele>
        <time>2025-08-16T18:31:37Z</time>
      </trkpt>
      <trkpt lat="34.36393" lon="-117.92324">
        <ele>1971.33</ele>
        <time>2025-08-16T18:31:40Z</time>
      </trkpt>
      <trkpt lat="34.36391" lon="-117.92326">
        <ele>1970.89</ele>
        <time>2025-08-16T18:31:44Z</time>
      </trkpt>
      <trkpt lat="34.3639" lon="-117.92323">
        <ele>1970.36</ele>
        <time>2025-08-16T18:31:46Z</time>
      </trkpt>
      <trkpt lat="34.36389" lon="-117.92319">
        <ele>1970.04</ele>
        <time>2025-08-16T18:31:48Z</time>
      </trkpt>
      <trkpt lat="34.36388" lon="-117.92316">
        <ele>1969.63</ele>
        <time>2025-08-16T18:31:50Z</time>
      </trkpt>
      <trkpt lat="34.36386" lon="-117.92313">
        <ele>1968.81</ele>
        <time>2025-08-16T18:31:52Z</time>
      </trkpt>
      <trkpt lat="34.36385" lon="-117.92309">
        <ele>1968.58</ele>
        <time>2025-08-16T18:31:55Z</time>
      </trkpt>
      <trkpt lat="34.36385" lon="-117.92305">
        <ele>1968.83</ele>
        <time>2025-08-16T18:31:58Z</time>
      </trkpt>
      <trkpt lat="34.36382" lon="-117.92303">
        <ele>1968.11</ele>
        <time>2025-08-16T18:32:01Z</time>
      </trkpt>
      <trkpt lat="34.36379" lon="-117.92305">
        <ele>1966.86</ele>
        <time>2025-08-16T18:32:04Z</time>
      </trkpt>
      <trkpt lat="34.36376" lon="-117.92306">
        <ele>1965.78</ele>
        <time>2025-08-16T18:32:07Z</time>
      </trkpt>
      <trkpt lat="34.36373" lon="-117.92307">
        <ele>1964.7</ele>
        <time>2025-08-16T18:32:10Z</time>
      </trkpt>
      <trkpt lat="34.36369" lon="-117.92306">
        <ele>1963.66</ele>
        <time>2025-08-16T18:32:13Z</time>
      </trkpt>
      <trkpt lat="34.36366" lon="-117.92305">
        <ele>1963.14</ele>
        <time>2025-08-16T18:32:16Z</time>
      </trkpt>
      <trkpt lat="34.36365" lon="-117.92301">
        <ele>1963.62</ele>
        <time>2025-08-16T18:32:19Z</time>
      </trkpt>
      <trkpt lat="34.36364" lon="-117.92297">
        <ele>1964.18</ele>
        <time>2025-08-16T18:32:22Z</time>
      </trkpt>
      <trkpt lat="34.36366" lon="-117.92293">
        <ele>1965.6</ele>
        <time>2025-08-16T18:32:24Z</time>
      </trkpt>
      <trkpt lat="34.36367" lon="-117.9229">
        <ele>1966.68</ele>
        <time>2025-08-16T18:32:26Z</time>
      </trkpt>
      <trkpt lat="34.36368" lon="-117.92286">
        <ele>1968.14</ele>
        <time>2025-08-16T18:32:29Z</time>
      </trkpt>
      <trkpt lat="34.36366" lon="-117.92286">
        <ele>1967.97</ele>
        <time>2025-08-16T18:32:36Z</time>
      </trkpt>
      <trkpt lat="34.36364" lon="-117.92289">
        <ele>1966.68</ele>
        <time>2025-08-16T18:32:40Z</time>
      </trkpt>
      <trkpt lat="34.36362" lon="-117.92292">
        <ele>1965.49</ele>
        <time>2025-08-16T18:32:43Z</time>
      </trkpt>
      <trkpt lat="34.3636" lon="-117.92294">
        <ele>1964.86</ele>
        <time>2025-08-16T18:32:46Z</time>
      </trkpt>
      <trkpt lat="34.36358" lon="-117.92297">
        <ele>1964.16</ele>
        <time>2025-08-16T18:32:49Z</time>
      </trkpt>
      <trkpt lat="34.36356" lon="-117.92299">
        <ele>1963.81</ele>
        <time>2025-08-16T18:32:52Z</time>
      </trkpt>
      <trkpt lat="34.36353" lon="-117.92302">
        <ele>1963.1</ele>
        <time>2025-08-16T18:32:55Z</time>
      </trkpt>
      <trkpt lat="34.36351" lon="-117.92304">
        <ele>1962.6</ele>
        <time>2025-08-16T18:32:58Z</time>
      </trkpt>
      <trkpt lat="34.36348" lon="-117.92307">
        <ele>1962.2</ele>
        <time>2025-08-16T18:33:01Z</time>
      </trkpt>
      <trkpt lat="34.36346" lon="-117.9231">
        <ele>1961.85</ele>
        <time>2025-08-16T18:33:04Z</time>
      </trkpt>
      <trkpt lat="34.36344" lon="-117.92313">
        <ele>1961.36</ele>
        <time>2025-08-16T18:33:07Z</time>
      </trkpt>
      <trkpt lat="34.36342" lon="-117.92316">
        <ele>1960.8</ele>
        <time>2025-08-16T18:33:10Z</time>
      </trkpt>
      <trkpt lat="34.3634" lon="-117.92319">
        <ele>1960.25</ele>
        <time>2025-08-16T18:33:13Z</time>
      </trkpt>
      <trkpt lat="34.36338" lon="-117.92323">
        <ele>1959.29</ele>
        <time>2025-08-16T18:33:16Z</time>
      </trkpt>
      <trkpt lat="34.36336" lon="-117.92326">
        <ele>1958.58</ele>
        <time>2025-08-16T18:33:19Z</time>
      </trkpt>
      <trkpt lat="34.36334" lon="-117.92329">
        <ele>1957.94</ele>
        <time>2025-08-16T18:33:22Z</time>
      </trkpt>
      <trkpt lat="34.36331" lon="-117.92332">
        <ele>1957.29</ele>
        <time>2025-08-16T18:33:25Z</time>
      </trkpt>
      <trkpt lat="34.36329" lon="-117.92335">
        <ele>1956.46</ele>
        <time>2025-08-16T18:33:28Z</time>
      </trkpt>
      <trkpt lat="34.36325" lon="-117.92336">
        <ele>1956.14</ele>
        <time>2025-08-16T18:33:31Z</time>
      </trkpt>
      <trkpt lat="34.36322" lon="-117.92336">
        <ele>1956.14</ele>
        <time>2025-08-16T18:33:33Z</time>
      </trkpt>
      <trkpt lat="34.36319" lon="-117.92336">
        <ele>1956.14</ele>
        <time>2025-08-16T18:33:36Z</time>
      </trkpt>
      <trkpt lat="34.36316" lon="-117.92336">
        <ele>1956.14</ele>
        <time>2025-08-16T18:33:39Z</time>
      </trkpt>
      <trkpt lat="34.36313" lon="-117.92338">
        <ele>1955.39</ele>
        <time>2025-08-16T18:33:42Z</time>
      </trkpt>
      <trkpt lat="34.36311" lon="-117.9234">
        <ele>1954.72</ele>
        <time>2025-08-16T18:33:45Z</time>
      </trkpt>
      <trkpt lat="34.36309" lon="-117.92343">
        <ele>1953.91</ele>
        <time>2025-08-16T18:33:48Z</time>
      </trkpt>
      <trkpt lat="34.36307" lon="-117.92346">
        <ele>1953.26</ele>
        <time>2025-08-16T18:33:51Z</time>
      </trkpt>
      <trkpt lat="34.36305" lon="-117.92349">
        <ele>1952.57</ele>
        <time>2025-08-16T18:33:54Z</time>
      </trkpt>
      <trkpt lat="34.36303" lon="-117.92354">
        <ele>1950.56</ele>
        <time>2025-08-16T18:33:57Z</time>
      </trkpt>
      <trkpt lat="34.36301" lon="-117.92357">
        <ele>1948.73</ele>
        <time>2025-08-16T18:33:59Z</time>
      </trkpt>
      <trkpt lat="34.363" lon="-117.92361">
        <ele>1946.46</ele>
        <time>2025-08-16T18:34:02Z</time>
      </trkpt>
      <trkpt lat="34.36299" lon="-117.92365">
        <ele>1944.19</ele>
        <time>2025-08-16T18:34:05Z</time>
      </trkpt>
      <trkpt lat="34.36298" lon="-117.92368">
        <ele>1942.46</ele>
        <time>2025-08-16T18:34:08Z</time>
      </trkpt>
      <trkpt lat="34.36297" lon="-117.92372">
        <ele>1940.39</ele>
        <time>2025-08-16T18:34:11Z</time>
      </trkpt>
      <trkpt lat="34.36299" lon="-117.92375">
        <ele>1939.44</ele>
        <time>2025-08-16T18:34:14Z</time>
      </trkpt>
      <trkpt lat="34.36292" lon="-117.92375">
        <ele>1938.77</ele>
        <time>2025-08-16T18:34:48Z</time>
      </trkpt>
      <trkpt lat="34.36287" lon="-117.92369">
        <ele>1940.89</ele>
        <time>2025-08-16T18:34:58Z</time>
      </trkpt>
      <trkpt lat="34.36282" lon="-117.92364">
        <ele>1943.38</ele>
        <time>2025-08-16T18:35:05Z</time>
      </trkpt>
      <trkpt lat="34.36276" lon="-117.92361">
        <ele>1943.66</ele>
        <time>2025-08-16T18:35:12Z</time>
      </trkpt>
      <trkpt lat="34.36271" lon="-117.92359">
        <ele>1943.11</ele>
        <time>2025-08-16T18:35:18Z</time>
      </trkpt>
      <trkpt lat="34.36264" lon="-117.92356">
        <ele>1941.64</ele>
        <time>2025-08-16T18:35:22Z</time>
      </trkpt>
      <trkpt lat="34.36259" lon="-117.92354">
        <ele>1940.42</ele>
        <time>2025-08-16T18:35:25Z</time>
      </trkpt>
      <trkpt lat="34.36256" lon="-117.92348">
        <ele>1940.01</ele>
        <time>2025-08-16T18:35:28Z</time>
      </trkpt>
      <trkpt lat="34.36255" lon="-117.9234">
        <ele>1940.59</ele>
        <time>2025-08-16T18:35:31Z</time>
      </trkpt>
      <trkpt lat="34.36254" lon="-117.92335">
        <ele>1940.9</ele>
        <time>2025-08-16T18:35:34Z</time>
      </trkpt>
      <trkpt lat="34.36253" lon="-117.92329">
        <ele>1941.09</ele>
        <time>2025-08-16T18:35:38Z</time>
      </trkpt>
      <trkpt lat="34.36252" lon="-117.92324">
        <ele>1941.09</ele>
        <time>2025-08-16T18:35:42Z</time>
      </trkpt>
      <trkpt lat="34.3625" lon="-117.92319">
        <ele>1940.55</ele>
        <time>2025-08-16T18:35:46Z</time>
      </trkpt>
      <trkpt lat="34.36249" lon="-117.92315">
        <ele>1940.55</ele>
        <time>2025-08-16T18:35:50Z</time>
      </trkpt>
      <trkpt lat="34.36247" lon="-117.92311">
        <ele>1940.66</ele>
        <time>2025-08-16T18:35:55Z</time>
      </trkpt>
      <trkpt lat="34.36245" lon="-117.92316">
        <ele>1938.71</ele>
        <time>2025-08-16T18:35:59Z</time>
      </trkpt>
      <trkpt lat="34.36243" lon="-117.92319">
        <ele>1937.52</ele>
        <time>2025-08-16T18:36:02Z</time>
      </trkpt>
      <trkpt lat="34.36239" lon="-117.9232">
        <ele>1935.77</ele>
        <time>2025-08-16T18:36:06Z</time>
      </trkpt>
      <trkpt lat="34.36235" lon="-117.9232">
        <ele>1934.23</ele>
        <time>2025-08-16T18:36:09Z</time>
      </trkpt>
      <trkpt lat="34.36231" lon="-117.9232">
        <ele>1932.64</ele>
        <time>2025-08-16T18:36:12Z</time>
      </trkpt>
      <trkpt lat="34.36227" lon="-117.92319">
        <ele>1930.94</ele>
        <time>2025-08-16T18:36:15Z</time>
      </trkpt>
      <trkpt lat="34.36225" lon="-117.92316">
        <ele>1930.85</ele>
        <time>2025-08-16T18:36:18Z</time>
      </trkpt>
      <trkpt lat="34.36222" lon="-117.92312">
        <ele>1930.81</ele>
        <time>2025-08-16T18:36:21Z</time>
      </trkpt>
      <trkpt lat="34.36219" lon="-117.9231">
        <ele>1929.99</ele>
        <time>2025-08-16T18:36:24Z</time>
      </trkpt>
      <trkpt lat="34.36217" lon="-117.92307">
        <ele>1929.8</ele>
        <time>2025-08-16T18:36:27Z</time>
      </trkpt>
      <trkpt lat="34.36214" lon="-117.92305">
        <ele>1928.75</ele>
        <time>2025-08-16T18:36:31Z</time>
      </trkpt>
      <trkpt lat="34.36212" lon="-117.92301">
        <ele>1929.01</ele>
        <time>2025-08-16T18:36:36Z</time>
      </trkpt>
      <trkpt lat="34.36214" lon="-117.92297">
        <ele>1931.44</ele>
        <time>2025-08-16T18:36:40Z</time>
      </trkpt>
      <trkpt lat="34.36212" lon="-117.92292">
        <ele>1931.41</ele>
        <time>2025-08-16T18:36:45Z</time>
      </trkpt>
      <trkpt lat="34.36209" lon="-117.9229">
        <ele>1930.22</ele>
        <time>2025-08-16T18:36:49Z</time>
      </trkpt>
      <trkpt lat="34.36205" lon="-117.92288">
        <ele>1928.49</ele>
        <time>2025-08-16T18:36:53Z</time>
      </trkpt>
      <trkpt lat="34.36201" lon="-117.92286">
        <ele>1926.36</ele>
        <time>2025-08-16T18:36:57Z</time>
      </trkpt>
      <trkpt lat="34.36197" lon="-117.92284">
        <ele>1923.98</ele>
        <time>2025-08-16T18:37:01Z</time>
      </trkpt>
      <trkpt lat="34.36193" lon="-117.92282">
        <ele>1921.52</ele>
        <time>2025-08-16T18:37:05Z</time>
      </trkpt>
      <trkpt lat="34.36189" lon="-117.9228">
        <ele>1918.79</ele>
        <time>2025-08-16T18:37:09Z</time>
      </trkpt>
      <trkpt lat="34.36186" lon="-117.92277">
        <ele>1916.78</ele>
        <time>2025-08-16T18:37:13Z</time>
      </trkpt>
      <trkpt lat="34.36183" lon="-117.92274">
        <ele>1916.01</ele>
        <time>2025-08-16T18:37:17Z</time>
      </trkpt>
      <trkpt lat="34.3618" lon="-117.92271">
        <ele>1915.37</ele>
        <time>2025-08-16T18:37:20Z</time>
      </trkpt>
      <trkpt lat="34.36179" lon="-117.92266">
        <ele>1915.96</ele>
        <time>2025-08-16T18:37:23Z</time>
      </trkpt>
      <trkpt lat="34.36179" lon="-117.92262">
        <ele>1916.97</ele>
        <time>2025-08-16T18:37:26Z</time>
      </trkpt>
      <trkpt lat="34.36178" lon="-117.92258">
        <ele>1917.5</ele>
        <time>2025-08-16T18:37:29Z</time>
      </trkpt>
      <trkpt lat="34.36177" lon="-117.92254">
        <ele>1918.22</ele>
        <time>2025-08-16T18:37:32Z</time>
      </trkpt>
      <trkpt lat="34.36176" lon="-117.92249">
        <ele>1919.36</ele>
        <time>2025-08-16T18:37:36Z</time>
      </trkpt>
      <trkpt lat="34.36173" lon="-117.92245">
        <ele>1919.19</ele>
        <time>2025-08-16T18:37:40Z</time>
      </trkpt>
      <trkpt lat="34.36171" lon="-117.92242">
        <ele>1919.0</ele>
        <time>2025-08-16T18:37:43Z</time>
      </trkpt>
      <trkpt lat="34.36169" lon="-117.92239">
        <ele>1918.82</ele>
        <time>2025-08-16T18:37:46Z</time>
      </trkpt>
      <trkpt lat="34.36167" lon="-117.92236">
        <ele>1918.72</ele>
        <time>2025-08-16T18:37:49Z</time>
      </trkpt>
      <trkpt lat="34.36165" lon="-117.92232">
        <ele>1918.95</ele>
        <time>2025-08-16T18:37:53Z</time>
      </trkpt>
      <trkpt lat="34.36163" lon="-117.92227">
        <ele>1918.99</ele>
        <time>2025-08-16T18:37:57Z</time>
      </trkpt>
      <trkpt lat="34.36162" lon="-117.92223">
        <ele>1919.31</ele>
        <time>2025-08-16T18:38:01Z</time>
      </trkpt>
      <trkpt lat="34.36161" lon="-117.92219">
        <ele>1919.42</ele>
        <time>2025-08-16T18:38:05Z</time>
      </trkpt>
      <trkpt lat="34.3616" lon="-117.92214">
        <ele>1919.54</ele>
        <time>2025-08-16T18:38:09Z</time>
      </trkpt>
      <trkpt lat="34.36156" lon="-117.92211">
        <ele>1917.72</ele>
        <time>2025-08-16T18:38:17Z</time>
      </trkpt>
      <trkpt lat="34.36152" lon="-117.92213">
        <ele>1916.24</ele>
        <time>2025-08-16T18:38:21Z</time>
      </trkpt>
      <trkpt lat="34.36148" lon="-117.92214">
        <ele>1914.84</ele>
        <time>2025-08-16T18:38:25Z</time>
      </trkpt>
      <trkpt lat="34.36143" lon="-117.92213">
        <ele>1913.33</ele>
        <time>2025-08-16T18:38:29Z</time>
      </trkpt>
      <trkpt lat="34.3614" lon="-117.92211">
        <ele>1912.55</ele>
        <time>2025-08-16T18:38:32Z</time>
      </trkpt>
      <trkpt lat="34.36137" lon="-117.92206">
        <ele>1911.99</ele>
        <time>2025-08-16T18:38:35Z</time>
      </trkpt>
      <trkpt lat="34.36136" lon="-117.92202">
        <ele>1911.75</ele>
        <time>2025-08-16T18:38:37Z</time>
      </trkpt>
      <trkpt lat="34.36133" lon="-117.92197">
        <ele>1910.46</ele>
        <time>2025-08-16T18:38:40Z</time>
      </trkpt>
      <trkpt lat="34.36132" lon="-117.92193">
        <ele>1909.98</ele>
        <time>2025-08-16T18:38:43Z</time>
      </trkpt>
      <trkpt lat="34.36131" lon="-117.92188">
        <ele>1909.49</ele>
        <time>2025-08-16T18:38:47Z</time>
      </trkpt>
      <trkpt lat="34.36132" lon="-117.92184">
        <ele>1909.67</ele>
        <time>2025-08-16T18:38:50Z</time>
      </trkpt>
      <trkpt lat="34.36134" lon="-117.92179">
        <ele>1910.06</ele>
        <time>2025-08-16T18:38:54Z</time>
      </trkpt>
      <trkpt lat="34.36135" lon="-117.92175">
        <ele>1910.16</ele>
        <time>2025-08-16T18:38:57Z</time>
      </trkpt>
      <trkpt lat="34.36136" lon="-117.92171">
        <ele>1909.85</ele>
        <time>2025-08-16T18:39:00Z</time>
      </trkpt>
      <trkpt lat="34.36138" lon="-117.92167">
        <ele>1909.78</ele>
        <time>2025-08-16T18:39:03Z</time>
      </trkpt>
      <trkpt lat="34.3614" lon="-117.92163">
        <ele>1909.96</ele>
        <time>2025-08-16T18:39:06Z</time>
      </trkpt>
      <trkpt lat="34.36141" lon="-117.92159">
        <ele>1909.86</ele>
        <time>2025-08-16T18:39:09Z</time>
      </trkpt>
      <trkpt lat="34.36142" lon="-117.92155">
        <ele>1909.49</ele>
        <time>2025-08-16T18:39:12Z</time>
      </trkpt>
      <trkpt lat="34.36143" lon="-117.92152">
        <ele>1909.16</ele>
        <time>2025-08-16T18:39:15Z</time>
      </trkpt>
      <trkpt lat="34.36145" lon="-117.92149">
        <ele>1909.16</ele>
        <time>2025-08-16T18:39:18Z</time>
      </trkpt>
      <trkpt lat="34.36148" lon="-117.92148">
        <ele>1909.95</ele>
        <time>2025-08-16T18:39:21Z</time>
      </trkpt>
      <trkpt lat="34.36152" lon="-117.92147">
        <ele>1911.25</ele>
        <time>2025-08-16T18:39:24Z</time>
      </trkpt>
      <trkpt lat="34.36156" lon="-117.92146">
        <ele>1912.54</ele>
        <time>2025-08-16T18:39:27Z</time>
      </trkpt>
      <trkpt lat="34.36159" lon="-117.92144">
        <ele>1913.42</ele>
        <time>2025-08-16T18:39:31Z</time>
      </trkpt>
      <trkpt lat="34.36155" lon="-117.92142">
        <ele>1912.22</ele>
        <time>2025-08-16T18:39:37Z</time>
      </trkpt>
      <trkpt lat="34.36152" lon="-117.92141">
        <ele>1911.25</ele>
        <time>2025-08-16T18:39:40Z</time>
      </trkpt>
      <trkpt lat="34.36149" lon="-117.92141">
        <ele>1910.28</ele>
        <time>2025-08-16T18:39:43Z</time>
      </trkpt>
      <trkpt lat="34.36146" lon="-117.92139">
        <ele>1909.07</ele>
        <time>2025-08-16T18:39:46Z</time>
      </trkpt>
      <trkpt lat="34.36143" lon="-117.92138">
        <ele>1907.82</ele>
        <time>2025-08-16T18:39:49Z</time>
      </trkpt>
      <trkpt lat="34.3614" lon="-117.92136">
        <ele>1906.52</ele>
        <time>2025-08-16T18:39:52Z</time>
      </trkpt>
      <trkpt lat="34.36138" lon="-117.92133">
        <ele>1905.62</ele>
        <time>2025-08-16T18:39:54Z</time>
      </trkpt>
      <trkpt lat="34.36136" lon="-117.92131">
        <ele>1904.75</ele>
        <time>2025-08-16T18:39:56Z</time>
      </trkpt>
      <trkpt lat="34.36133" lon="-117.92128">
        <ele>1903.63</ele>
        <time>2025-08-16T18:39:59Z</time>
      </trkpt>
      <trkpt lat="34.3613" lon="-117.92125">
        <ele>1902.66</ele>
        <time>2025-08-16T18:40:02Z</time>
      </trkpt>
      <trkpt lat="34.36127" lon="-117.92121">
        <ele>1902.1</ele>
        <time>2025-08-16T18:40:05Z</time>
      </trkpt>
      <trkpt lat="34.36124" lon="-117.92119">
        <ele>1901.27</ele>
        <time>2025-08-16T18:40:08Z</time>
      </trkpt>
      <trkpt lat="34.36122" lon="-117.92116">
        <ele>1900.92</ele>
        <time>2025-08-16T18:40:11Z</time>
      </trkpt>
      <trkpt lat="34.36119" lon="-117.92114">
        <ele>1900.44</ele>
        <time>2025-08-16T18:40:14Z</time>
      </trkpt>
      <trkpt lat="34.36116" lon="-117.92111">
        <ele>1900.06</ele>
        <time>2025-08-16T18:40:18Z</time>
      </trkpt>
      <trkpt lat="34.36114" lon="-117.92108">
        <ele>1899.62</ele>
        <time>2025-08-16T18:40:22Z</time>
      </trkpt>
      <trkpt lat="34.3611" lon="-117.92112">
        <ele>1899.0</ele>
        <time>2025-08-16T18:40:37Z</time>
      </trkpt>
      <trkpt lat="34.36108" lon="-117.92118">
        <ele>1899.0</ele>
        <time>2025-08-16T18:40:44Z</time>
      </trkpt>
      <trkpt lat="34.36107" lon="-117.92124">
        <ele>1899.0</ele>
        <time>2025-08-16T18:40:50Z</time>
      </trkpt>
      <trkpt lat="34.36107" lon="-117.9213">
        <ele>1899.02</ele>
        <time>2025-08-16T18:40:57Z</time>
      </trkpt>
      <trkpt lat="34.36102" lon="-117.92133">
        <ele>1899.01</ele>
        <time>2025-08-16T18:41:58Z</time>
      </trkpt>
      <trkpt lat="34.36098" lon="-117.92126">
        <ele>1899.0</ele>
        <time>2025-08-16T18:42:59Z</time>
      </trkpt>
      <trkpt lat="34.36088" lon="-117.92125">
        <ele>1901.73</ele>
        <time>2025-08-16T18:43:03Z</time>
      </trkpt>
      <trkpt lat="34.36081" lon="-117.92124">
        <ele>1907.23</ele>
        <time>2025-08-16T18:43:07Z</time>
      </trkpt>
      <trkpt lat="34.36077" lon="-117.92118">
        <ele>1911.92</ele>
        <time>2025-08-16T18:43:11Z</time>
      </trkpt>
      <trkpt lat="34.36075" lon="-117.92111">
        <ele>1914.1</ele>
        <time>2025-08-16T18:43:13Z</time>
      </trkpt>
      <trkpt lat="34.36074" lon="-117.92103">
        <ele>1915.02</ele>
        <time>2025-08-16T18:43:16Z</time>
      </trkpt>
      <trkpt lat="34.36074" lon="-117.92097">
        <ele>1914.48</ele>
        <time>2025-08-16T18:43:20Z</time>
      </trkpt>
      <trkpt lat="34.36074" lon="-117.92091">
        <ele>1913.29</ele>
        <time>2025-08-16T18:43:25Z</time>
      </trkpt>
      <trkpt lat="34.36073" lon="-117.92085">
        <ele>1910.3</ele>
        <time>2025-08-16T18:43:30Z</time>
      </trkpt>
      <trkpt lat="34.36076" lon="-117.92082">
        <ele>1908.54</ele>
        <time>2025-08-16T18:43:33Z</time>
      </trkpt>
      <trkpt lat="34.36079" lon="-117.92077">
        <ele>1905.54</ele>
        <time>2025-08-16T18:43:37Z</time>
      </trkpt>
      <trkpt lat="34.36081" lon="-117.92072">
        <ele>1904.14</ele>
        <time>2025-08-16T18:43:41Z</time>
      </trkpt>
      <trkpt lat="34.36083" lon="-117.92069">
        <ele>1904.0</ele>
        <time>2025-08-16T18:43:46Z</time>
      </trkpt>
      <trkpt lat="34.36085" lon="-117.92074">
        <ele>1903.82</ele>
        <time>2025-08-16T18:43:52Z</time>
      </trkpt>
      <trkpt lat="34.36087" lon="-117.92079">
        <ele>1904.04</ele>
        <time>2025-08-16T18:45:06Z</time>
      </trkpt>
      <trkpt lat="34.36084" lon="-117.9208">
        <ele>1905.07</ele>
        <time>2025-08-16T18:46:52Z</time>
      </trkpt>
      <trkpt lat="34.36083" lon="-117.92079">
        <ele>1905.16</ele>
        <time>2025-08-16T18:48:49Z</time>
      </trkpt>
      <trkpt lat="34.36083" lon="-117.92078">
        <ele>1904.93</ele>
        <time>2025-08-16T18:51:06Z</time>
      </trkpt>
      <trkpt lat="34.36083" lon="-117.92078">
        <ele>1904.93</ele>
        <time>2025-08-16T18:52:50Z</time>
      </trkpt>
      <trkpt lat="34.36083" lon="-117.92078">
        <ele>1904.93</ele>
        <time>2025-08-16T18:55:28Z</time>
      </trkpt>
      <trkpt lat="34.36083" lon="-117.92078">
        <ele>1904.93</ele>
        <time>2025-08-16T18:58:27Z</time>
      </trkpt>
      <trkpt lat="34.36083" lon="-117.92078">
        <ele>1904.93</ele>
        <time>2025-08-16T19:01:02Z</time>
      </trkpt>
      <trkpt lat="34.36084" lon="-117.92078">
        <ele>1904.68</ele>
        <time>2025-08-16T19:03:43Z</time>
      </trkpt>
      <trkpt lat="34.36085" lon="-117.92077">
        <ele>1904.28</ele>
        <time>2025-08-16T19:06:28Z</time>
      </trkpt>
      <trkpt lat="34.36085" lon="-117.92077">
        <ele>1904.28</ele>
        <time>2025-08-16T19:10:16Z</time>
      </trkpt>
      <trkpt lat="34.36086" lon="-117.92087">
        <ele>1905.02</ele>
        <time>2025-08-16T19:11:03Z</time>
      </trkpt>
      <trkpt lat="34.36086" lon="-117.92094">
        <ele>1905.12</ele>
        <time>2025-08-16T19:11:05Z</time>
      </trkpt>
      <trkpt lat="34.36086" lon="-117.921">
        <ele>1904.47</ele>
        <time>2025-08-16T19:11:08Z</time>
      </trkpt>
      <trkpt lat="34.36086" lon="-117.92106">
        <ele>1904.27</ele>
        <time>2025-08-16T19:11:12Z</time>
      </trkpt>
      <trkpt lat="34.36086" lon="-117.92111">
        <ele>1904.27</ele>
        <time>2025-08-16T19:11:17Z</time>
      </trkpt>
      <trkpt lat="34.36089" lon="-117.92108">
        <ele>1902.33</ele>
        <time>2025-08-16T19:11:33Z</time>
      </trkpt>
      <trkpt lat="34.36093" lon="-117.92107">
        <ele>1899.96</ele>
        <time>2025-08-16T19:11:35Z</time>
      </trkpt>
      <trkpt lat="34.36096" lon="-117.92108">
        <ele>1899.63</ele>
        <time>2025-08-16T19:11:37Z</time>
      </trkpt>
      <trkpt lat="34.361" lon="-117.92109">
        <ele>1899.2</ele>
        <time>2025-08-16T19:11:40Z</time>
      </trkpt>
      <trkpt lat="34.36104" lon="-117.9211">
        <ele>1899.0</ele>
        <time>2025-08-16T19:11:43Z</time>
      </trkpt>
      <trkpt lat="34.36108" lon="-117.92112">
        <ele>1899.0</ele>
        <time>2025-08-16T19:11:47Z</time>
      </trkpt>
      <trkpt lat="34.36112" lon="-117.92114">
        <ele>1899.16</ele>
        <time>2025-08-16T19:11:51Z</time>
      </trkpt>
      <trkpt lat="34.36114" lon="-117.92118">
        <ele>1899.39</ele>
        <time>2025-08-16T19:11:55Z</time>
      </trkpt>
      <trkpt lat="34.36115" lon="-117.92123">
        <ele>1899.42</ele>
        <time>2025-08-16T19:11:59Z</time>
      </trkpt>
      <trkpt lat="34.36116" lon="-117.92127">
        <ele>1899.53</ele>
        <time>2025-08-16T19:12:04Z</time>
      </trkpt>
      <trkpt lat="34.36115" lon="-117.92133">
        <ele>1899.78</ele>
        <time>2025-08-16T19:12:19Z</time>
      </trkpt>
      <trkpt lat="34.36112" lon="-117.92138">
        <ele>1900.0</ele>
        <time>2025-08-16T19:15:20Z</time>
      </trkpt>
      <trkpt lat="34.36108" lon="-117.92129">
        <ele>1899.0</ele>
        <time>2025-08-16T19:18:17Z</time>
      </trkpt>
      <trkpt lat="34.36108" lon="-117.92116">
        <ele>1899.0</ele>
        <time>2025-08-16T19:18:20Z</time>
      </trkpt>
      <trkpt lat="34.36108" lon="-117.92106">
        <ele>1899.0</ele>
        <time>2025-08-16T19:18:25Z</time>
      </trkpt>
      <trkpt lat="34.36109" lon="-117.92098">
        <ele>1899.0</ele>
        <time>2025-08-16T19:18:32Z</time>
      </trkpt>
      <trkpt lat="34.36115" lon="-117.92095">
        <ele>1899.84</ele>
        <time>2025-08-16T19:18:35Z</time>
      </trkpt>
      <trkpt lat="34.3612" lon="-117.92091">
        <ele>1900.75</ele>
        <time>2025-08-16T19:18:39Z</time>
      </trkpt>
      <trkpt lat="34.36124" lon="-117.92086">
        <ele>1901.35</ele>
        <time>2025-08-16T19:18:44Z</time>
      </trkpt>
      <trkpt lat="34.36126" lon="-117.92081">
        <ele>1901.57</ele>
        <time>2025-08-16T19:18:49Z</time>
      </trkpt>
      <trkpt lat="34.36129" lon="-117.92077">
        <ele>1902.11</ele>
        <time>2025-08-16T19:18:54Z</time>
      </trkpt>
      <trkpt lat="34.36131" lon="-117.92074">
        <ele>1902.58</ele>
        <time>2025-08-16T19:18:58Z</time>
      </trkpt>
      <trkpt lat="34.36132" lon="-117.92069">
        <ele>1902.48</ele>
        <time>2025-08-16T19:19:06Z</time>
      </trkpt>
      <trkpt lat="34.36133" lon="-117.92066">
        <ele>1902.58</ele>
        <time>2025-08-16T19:19:10Z</time>
      </trkpt>
      <trkpt lat="34.36134" lon="-117.92061">
        <ele>1902.28</ele>
        <time>2025-08-16T19:19:14Z</time>
      </trkpt>
      <trkpt lat="34.36135" lon="-117.92056">
        <ele>1901.82</ele>
        <time>2025-08-16T19:19:18Z</time>
      </trkpt>
      <trkpt lat="34.36136" lon="-117.92052">
        <ele>1902.06</ele>
        <time>2025-08-16T19:19:21Z</time>
      </trkpt>
      <trkpt lat="34.36136" lon="-117.92049">
        <ele>1902.06</ele>
        <time>2025-08-16T19:19:24Z</time>
      </trkpt>
      <trkpt lat="34.36137" lon="-117.92045">
        <ele>1902.5</ele>
        <time>2025-08-16T19:19:27Z</time>
      </trkpt>
      <trkpt lat="34.36137" lon="-117.92041">
        <ele>1902.84</ele>
        <time>2025-08-16T19:19:30Z</time>
      </trkpt>
      <trkpt lat="34.36137" lon="-117.92036">
        <ele>1903.27</ele>
        <time>2025-08-16T19:19:34Z</time>
      </trkpt>
      <trkpt lat="34.36136" lon="-117.92032">
        <ele>1903.13</ele>
        <time>2025-08-16T19:19:38Z</time>
      </trkpt>
      <trkpt lat="34.36135" lon="-117.92027">
        <ele>1902.94</ele>
        <time>2025-08-16T19:19:42Z</time>
      </trkpt>
      <trkpt lat="34.36134" lon="-117.92022">
        <ele>1902.69</ele>
        <time>2025-08-16T19:19:46Z</time>
      </trkpt>
      <trkpt lat="34.36133" lon="-117.92017">
        <ele>1902.52</ele>
        <time>2025-08-16T19:19:50Z</time>
      </trkpt>
      <trkpt lat="34.36132" lon="-117.92012">
        <ele>1902.2</ele>
        <time>2025-08-16T19:19:54Z</time>
      </trkpt>
      <trkpt lat="34.36131" lon="-117.92007">
        <ele>1901.74</ele>
        <time>2025-08-16T19:19:58Z</time>
      </trkpt>
      <trkpt lat="34.3613" lon="-117.92002">
        <ele>1901.2</ele>
        <time>2025-08-16T19:20:02Z</time>
      </trkpt>
      <trkpt lat="34.3613" lon="-117.91997">
        <ele>1901.2</ele>
        <time>2025-08-16T19:20:06Z</time>
      </trkpt>
      <trkpt lat="34.3613" lon="-117.91992">
        <ele>1901.2</ele>
        <time>2025-08-16T19:20:10Z</time>
      </trkpt>
      <trkpt lat="34.3613" lon="-117.91987">
        <ele>1901.18</ele>
        <time>2025-08-16T19:20:14Z</time>
      </trkpt>
      <trkpt lat="34.3613" lon="-117.91982">
        <ele>1901.16</ele>
        <time>2025-08-16T19:20:18Z</time>
      </trkpt>
      <trkpt lat="34.3613" lon="-117.91977">
        <ele>1901.16</ele>
        <time>2025-08-16T19:20:22Z</time>
      </trkpt>
      <trkpt lat="34.36129" lon="-117.91973">
        <ele>1900.8</ele>
        <time>2025-08-16T19:20:26Z</time>
      </trkpt>
      <trkpt lat="34.36129" lon="-117.91968">
        <ele>1900.34</ele>
        <time>2025-08-16T19:20:30Z</time>
      </trkpt>
      <trkpt lat="34.36129" lon="-117.91963">
        <ele>1899.8</ele>
        <time>2025-08-16T19:20:34Z</time>
      </trkpt>
      <trkpt lat="34.3613" lon="-117.91958">
        <ele>1900.14</ele>
        <time>2025-08-16T19:20:39Z</time>
      </trkpt>
      <trkpt lat="34.36132" lon="-117.91954">
        <ele>1900.78</ele>
        <time>2025-08-16T19:20:43Z</time>
      </trkpt>
      <trkpt lat="34.36134" lon="-117.9195">
        <ele>1901.2</ele>
        <time>2025-08-16T19:20:46Z</time>
      </trkpt>
      <trkpt lat="34.36135" lon="-117.91946">
        <ele>1901.39</ele>
        <time>2025-08-16T19:20:50Z</time>
      </trkpt>
      <trkpt lat="34.36137" lon="-117.91941">
        <ele>1902.18</ele>
        <time>2025-08-16T19:20:54Z</time>
      </trkpt>
      <trkpt lat="34.36137" lon="-117.91937">
        <ele>1902.18</ele>
        <time>2025-08-16T19:20:58Z</time>
      </trkpt>
      <trkpt lat="34.36138" lon="-117.91932">
        <ele>1902.93</ele>
        <time>2025-08-16T19:21:02Z</time>
      </trkpt>
      <trkpt lat="34.36138" lon="-117.91928">
        <ele>1903.32</ele>
        <time>2025-08-16T19:21:06Z</time>
      </trkpt>
      <trkpt lat="34.36138" lon="-117.91923">
        <ele>1903.52</ele>
        <time>2025-08-16T19:21:10Z</time>
      </trkpt>
      <trkpt lat="34.36138" lon="-117.91919">
        <ele>1903.52</ele>
        <time>2025-08-16T19:21:14Z</time>
      </trkpt>
      <trkpt lat="34.36137" lon="-117.91915">
        <ele>1903.12</ele>
        <time>2025-08-16T19:21:18Z</time>
      </trkpt>
      <trkpt lat="34.36136" lon="-117.9191">
        <ele>1902.94</ele>
        <time>2025-08-16T19:21:22Z</time>
      </trkpt>
      <trkpt lat="34.36133" lon="-117.91907">
        <ele>1901.23</ele>
        <time>2025-08-16T19:21:27Z</time>
      </trkpt>
      <trkpt lat="34.36132" lon="-117.91904">
        <ele>1900.9</ele>
        <time>2025-08-16T19:21:32Z</time>
      </trkpt>
      <trkpt lat="34.36129" lon="-117.919">
        <ele>1899.41</ele>
        <time>2025-08-16T19:21:36Z</time>
      </trkpt>
      <trkpt lat="34.36127" lon="-117.91897">
        <ele>1898.3</ele>
        <time>2025-08-16T19:21:39Z</time>
      </trkpt>
      <trkpt lat="34.36126" lon="-117.91894">
        <ele>1897.65</ele>
        <time>2025-08-16T19:21:42Z</time>
      </trkpt>
      <trkpt lat="34.36124" lon="-117.91891">
        <ele>1896.35</ele>
        <time>2025-08-16T19:21:46Z</time>
      </trkpt>
      <trkpt lat="34.36122" lon="-117.91887">
        <ele>1895.26</ele>
        <time>2025-08-16T19:21:50Z</time>
      </trkpt>
      <trkpt lat="34.3612" lon="-117.91885">
        <ele>1894.2</ele>
        <time>2025-08-16T19:21:54Z</time>
      </trkpt>
      <trkpt lat="34.36117" lon="-117.91882">
        <ele>1892.65</ele>
        <time>2025-08-16T19:21:58Z</time>
      </trkpt>
      <trkpt lat="34.36114" lon="-117.91878">
        <ele>1890.87</ele>
        <time>2025-08-16T19:22:02Z</time>
      </trkpt>
      <trkpt lat="34.36111" lon="-117.91875">
        <ele>1888.96</ele>
        <time>2025-08-16T19:22:06Z</time>
      </trkpt>
      <trkpt lat="34.36109" lon="-117.91872">
        <ele>1888.32</ele>
        <time>2025-08-16T19:22:09Z</time>
      </trkpt>
      <trkpt lat="34.36107" lon="-117.91869">
        <ele>1887.73</ele>
        <time>2025-08-16T19:22:12Z</time>
      </trkpt>
      <trkpt lat="34.36105" lon="-117.91865">
        <ele>1887.4</ele>
        <time>2025-08-16T19:22:16Z</time>
      </trkpt>
      <trkpt lat="34.36102" lon="-117.91861">
        <ele>1887.03</ele>
        <time>2025-08-16T19:22:20Z</time>
      </trkpt>
      <trkpt lat="34.36101" lon="-117.91859">
        <ele>1886.82</ele>
        <time>2025-08-16T19:22:23Z</time>
      </trkpt>
      <trkpt lat="34.361" lon="-117.91854">
        <ele>1886.6</ele>
        <time>2025-08-16T19:22:26Z</time>
      </trkpt>
      <trkpt lat="34.361" lon="-117.91851">
        <ele>1886.6</ele>
        <time>2025-08-16T19:22:28Z</time>
      </trkpt>
      <trkpt lat="34.361" lon="-117.91847">
        <ele>1886.6</ele>
        <time>2025-08-16T19:22:31Z</time>
      </trkpt>
      <trkpt lat="34.36101" lon="-117.91844">
        <ele>1886.82</ele>
        <time>2025-08-16T19:22:34Z</time>
      </trkpt>
      <trkpt lat="34.36101" lon="-117.9184">
        <ele>1886.82</ele>
        <time>2025-08-16T19:22:37Z</time>
      </trkpt>
      <trkpt lat="34.36102" lon="-117.91836">
        <ele>1887.03</ele>
        <time>2025-08-16T19:22:41Z</time>
      </trkpt>
      <trkpt lat="34.36102" lon="-117.91832">
        <ele>1887.03</ele>
        <time>2025-08-16T19:22:45Z</time>
      </trkpt>
      <trkpt lat="34.36103" lon="-117.91828">
        <ele>1887.25</ele>
        <time>2025-08-16T19:22:49Z</time>
      </trkpt>
      <trkpt lat="34.36105" lon="-117.91825">
        <ele>1887.68</ele>
        <time>2025-08-16T19:22:52Z</time>
      </trkpt>
      <trkpt lat="34.36107" lon="-117.91822">
        <ele>1888.11</ele>
        <time>2025-08-16T19:22:55Z</time>
      </trkpt>
      <trkpt lat="34.36109" lon="-117.91819">
        <ele>1888.54</ele>
        <time>2025-08-16T19:22:58Z</time>
      </trkpt>
      <trkpt lat="34.3611" lon="-117.91816">
        <ele>1888.76</ele>
        <time>2025-08-16T19:23:01Z</time>
      </trkpt>
      <trkpt lat="34.36111" lon="-117.91813">
        <ele>1888.98</ele>
        <time>2025-08-16T19:23:04Z</time>
      </trkpt>
      <trkpt lat="34.36112" lon="-117.91809">
        <ele>1889.32</ele>
        <time>2025-08-16T19:23:07Z</time>
      </trkpt>
      <trkpt lat="34.36113" lon="-117.91806">
        <ele>1889.62</ele>
        <time>2025-08-16T19:23:10Z</time>
      </trkpt>
      <trkpt lat="34.36114" lon="-117.91802">
        <ele>1889.82</ele>
        <time>2025-08-16T19:23:14Z</time>
      </trkpt>
      <trkpt lat="34.36115" lon="-117.91798">
        <ele>1889.92</ele>
        <time>2025-08-16T19:23:18Z</time>
      </trkpt>
      <trkpt lat="34.36114" lon="-117.91794">
        <ele>1889.45</ele>
        <time>2025-08-16T19:23:22Z</time>
      </trkpt>
      <trkpt lat="34.36113" lon="-117.91791">
        <ele>1888.95</ele>
        <time>2025-08-16T19:23:25Z</time>
      </trkpt>
      <trkpt lat="34.36113" lon="-117.91788">
        <ele>1888.69</ele>
        <time>2025-08-16T19:23:28Z</time>
      </trkpt>
      <trkpt lat="34.36112" lon="-117.91784">
        <ele>1887.96</ele>
        <time>2025-08-16T19:23:31Z</time>
      </trkpt>
      <trkpt lat="34.36112" lon="-117.91781">
        <ele>1887.64</ele>
        <time>2025-08-16T19:23:34Z</time>
      </trkpt>
      <trkpt lat="34.36111" lon="-117.91777">
        <ele>1886.89</ele>
        <time>2025-08-16T19:23:38Z</time>
      </trkpt>
      <trkpt lat="34.36111" lon="-117.91773">
        <ele>1886.46</ele>
        <time>2025-08-16T19:23:42Z</time>
      </trkpt>
      <trkpt lat="34.36109" lon="-117.9177">
        <ele>1885.7</ele>
        <time>2025-08-16T19:23:49Z</time>
      </trkpt>
      <trkpt lat="34.36107" lon="-117.91766">
        <ele>1884.84</ele>
        <time>2025-08-16T19:23:54Z</time>
      </trkpt>
      <trkpt lat="34.36106" lon="-117.91763">
        <ele>1884.3</ele>
        <time>2025-08-16T19:23:58Z</time>
      </trkpt>
      <trkpt lat="34.36105" lon="-117.91759">
        <ele>1883.65</ele>
        <time>2025-08-16T19:24:02Z</time>
      </trkpt>
      <trkpt lat="34.36104" lon="-117.91756">
        <ele>1883.11</ele>
        <time>2025-08-16T19:24:06Z</time>
      </trkpt>
      <trkpt lat="34.36103" lon="-117.9175">
        <ele>1882.25</ele>
        <time>2025-08-16T19:24:11Z</time>
      </trkpt>
      <trkpt lat="34.36106" lon="-117.91746">
        <ele>1882.42</ele>
        <time>2025-08-16T19:24:16Z</time>
      </trkpt>
      <trkpt lat="34.36109" lon="-117.91742">
        <ele>1883.15</ele>
        <time>2025-08-16T19:24:20Z</time>
      </trkpt>
      <trkpt lat="34.3611" lon="-117.91737">
        <ele>1883.12</ele>
        <time>2025-08-16T19:24:26Z</time>
      </trkpt>
      <trkpt lat="34.3611" lon="-117.91731">
        <ele>1882.52</ele>
        <time>2025-08-16T19:24:32Z</time>
      </trkpt>
      <trkpt lat="34.3611" lon="-117.91726">
        <ele>1882.52</ele>
        <time>2025-08-16T19:24:38Z</time>
      </trkpt>
      <trkpt lat="34.3611" lon="-117.91721">
        <ele>1882.52</ele>
        <time>2025-08-16T19:24:44Z</time>
      </trkpt>
      <trkpt lat="34.3611" lon="-117.91717">
        <ele>1882.52</ele>
        <time>2025-08-16T19:24:49Z</time>
      </trkpt>
      <trkpt lat="34.36109" lon="-117.91713">
        <ele>1882.09</ele>
        <time>2025-08-16T19:24:54Z</time>
      </trkpt>
      <trkpt lat="34.36109" lon="-117.91709">
        <ele>1882.09</ele>
        <time>2025-08-16T19:24:58Z</time>
      </trkpt>
      <trkpt lat="34.36109" lon="-117.91705">
        <ele>1882.09</ele>
        <time>2025-08-16T19:25:02Z</time>
      </trkpt>
      <trkpt lat="34.36108" lon="-117.91702">
        <ele>1881.66</ele>
        <time>2025-08-16T19:25:06Z</time>
      </trkpt>
      <trkpt lat="34.36107" lon="-117.91698">
        <ele>1881.22</ele>
        <time>2025-08-16T19:25:10Z</time>
      </trkpt>
      <trkpt lat="34.36107" lon="-117.91695">
        <ele>1881.22</ele>
        <time>2025-08-16T19:25:14Z</time>
      </trkpt>
      <trkpt lat="34.36106" lon="-117.91691">
        <ele>1880.79</ele>
        <time>2025-08-16T19:25:18Z</time>
      </trkpt>
      <trkpt lat="34.36106" lon="-117.91687">
        <ele>1880.79</ele>
        <time>2025-08-16T19:25:22Z</time>
      </trkpt>
      <trkpt lat="34.36105" lon="-117.91683">
        <ele>1880.36</ele>
        <time>2025-08-16T19:25:26Z</time>
      </trkpt>
      <trkpt lat="34.36104" lon="-117.9168">
        <ele>1879.93</ele>
        <time>2025-08-16T19:25:30Z</time>
      </trkpt>
      <trkpt lat="34.36104" lon="-117.91676">
        <ele>1879.93</ele>
        <time>2025-08-16T19:25:34Z</time>
      </trkpt>
      <trkpt lat="34.36103" lon="-117.91672">
        <ele>1879.55</ele>
        <time>2025-08-16T19:25:38Z</time>
      </trkpt>
      <trkpt lat="34.36103" lon="-117.91668">
        <ele>1879.6</ele>
        <time>2025-08-16T19:25:42Z</time>
      </trkpt>
      <trkpt lat="34.36102" lon="-117.91665">
        <ele>1879.08</ele>
        <time>2025-08-16T19:25:46Z</time>
      </trkpt>
      <trkpt lat="34.36101" lon="-117.91661">
        <ele>1878.67</ele>
        <time>2025-08-16T19:25:50Z</time>
      </trkpt>
      <trkpt lat="34.36101" lon="-117.91657">
        <ele>1878.63</ele>
        <time>2025-08-16T19:25:54Z</time>
      </trkpt>
      <trkpt lat="34.361" lon="-117.91654">
        <ele>1878.2</ele>
        <time>2025-08-16T19:25:57Z</time>
      </trkpt>
      <trkpt lat="34.361" lon="-117.91649">
        <ele>1878.2</ele>
        <time>2025-08-16T19:26:00Z</time>
      </trkpt>
      <trkpt lat="34.36099" lon="-117.91645">
        <ele>1877.53</ele>
        <time>2025-08-16T19:26:03Z</time>
      </trkpt>
      <trkpt lat="34.36099" lon="-117.91641">
        <ele>1877.23</ele>
        <time>2025-08-16T19:26:06Z</time>
      </trkpt>
      <trkpt lat="34.36098" lon="-117.91637">
        <ele>1876.75</ele>
        <time>2025-08-16T19:26:10Z</time>
      </trkpt>
      <trkpt lat="34.36098" lon="-117.91634">
        <ele>1876.75</ele>
        <time>2025-08-16T19:26:14Z</time>
      </trkpt>
      <trkpt lat="34.36096" lon="-117.9163">
        <ele>1876.1</ele>
        <time>2025-08-16T19:26:18Z</time>
      </trkpt>
      <trkpt lat="34.36095" lon="-117.91627">
        <ele>1875.78</ele>
        <time>2025-08-16T19:26:21Z</time>
      </trkpt>
      <trkpt lat="34.36094" lon="-117.91624">
        <ele>1875.46</ele>
        <time>2025-08-16T19:26:24Z</time>
      </trkpt>
      <trkpt lat="34.36092" lon="-117.9162">
        <ele>1874.87</ele>
        <time>2025-08-16T19:26:28Z</time>
      </trkpt>
      <trkpt lat="34.36092" lon="-117.91616">
        <ele>1874.84</ele>
        <time>2025-08-16T19:26:32Z</time>
      </trkpt>
      <trkpt lat="34.36092" lon="-117.91612">
        <ele>1874.81</ele>
        <time>2025-08-16T19:26:35Z</time>
      </trkpt>
      <trkpt lat="34.36092" lon="-117.91609">
        <ele>1874.59</ele>
        <time>2025-08-16T19:26:38Z</time>
      </trkpt>
      <trkpt lat="34.36092" lon="-117.91605">
        <ele>1874.19</ele>
        <time>2025-08-16T19:26:42Z</time>
      </trkpt>
      <trkpt lat="34.36092" lon="-117.916">
        <ele>1873.87</ele>
        <time>2025-08-16T19:26:46Z</time>
      </trkpt>
      <trkpt lat="34.36092" lon="-117.91596">
        <ele>1873.87</ele>
        <time>2025-08-16T19:26:50Z</time>
      </trkpt>
      <trkpt lat="34.36091" lon="-117.91592">
        <ele>1873.66</ele>
        <time>2025-08-16T19:26:54Z</time>
      </trkpt>
      <trkpt lat="34.36091" lon="-117.91588">
        <ele>1873.66</ele>
        <time>2025-08-16T19:26:58Z</time>
      </trkpt>
      <trkpt lat="34.36092" lon="-117.91584">
        <ele>1873.87</ele>
        <time>2025-08-16T19:27:02Z</time>
      </trkpt>
      <trkpt lat="34.36093" lon="-117.91581">
        <ele>1873.88</ele>
        <time>2025-08-16T19:27:05Z</time>
      </trkpt>
      <trkpt lat="34.36095" lon="-117.91578">
        <ele>1874.2</ele>
        <time>2025-08-16T19:27:08Z</time>
      </trkpt>
      <trkpt lat="34.36096" lon="-117.91575">
        <ele>1874.2</ele>
        <time>2025-08-16T19:27:11Z</time>
      </trkpt>
      <trkpt lat="34.36098" lon="-117.91572">
        <ele>1874.43</ele>
        <time>2025-08-16T19:27:14Z</time>
      </trkpt>
      <trkpt lat="34.361" lon="-117.91568">
        <ele>1874.61</ele>
        <time>2025-08-16T19:27:18Z</time>
      </trkpt>
      <trkpt lat="34.36101" lon="-117.91566">
        <ele>1874.77</ele>
        <time>2025-08-16T19:27:21Z</time>
      </trkpt>
      <trkpt lat="34.36103" lon="-117.91562">
        <ele>1874.89</ele>
        <time>2025-08-16T19:27:25Z</time>
      </trkpt>
      <trkpt lat="34.36104" lon="-117.91558">
        <ele>1874.46</ele>
        <time>2025-08-16T19:27:29Z</time>
      </trkpt>
      <trkpt lat="34.36105" lon="-117.91555">
        <ele>1874.22</ele>
        <time>2025-08-16T19:27:33Z</time>
      </trkpt>
      <trkpt lat="34.36106" lon="-117.91551">
        <ele>1873.59</ele>
        <time>2025-08-16T19:27:37Z</time>
      </trkpt>
      <trkpt lat="34.36105" lon="-117.91547">
        <ele>1872.2</ele>
        <time>2025-08-16T19:27:41Z</time>
      </trkpt>
      <trkpt lat="34.36105" lon="-117.91543">
        <ele>1871.31</ele>
        <time>2025-08-16T19:27:47Z</time>
      </trkpt>
      <trkpt lat="34.36106" lon="-117.91539">
        <ele>1870.77</ele>
        <time>2025-08-16T19:27:51Z</time>
      </trkpt>
      <trkpt lat="34.36107" lon="-117.91535">
        <ele>1870.01</ele>
        <time>2025-08-16T19:27:55Z</time>
      </trkpt>
      <trkpt lat="34.36108" lon="-117.91532">
        <ele>1869.36</ele>
        <time>2025-08-16T19:27:59Z</time>
      </trkpt>
      <trkpt lat="34.36109" lon="-117.91529">
        <ele>1868.71</ele>
        <time>2025-08-16T19:28:03Z</time>
      </trkpt>
      <trkpt lat="34.36109" lon="-117.91525">
        <ele>1867.72</ele>
        <time>2025-08-16T19:28:07Z</time>
      </trkpt>
      <trkpt lat="34.36109" lon="-117.91521">
        <ele>1866.85</ele>
        <time>2025-08-16T19:28:11Z</time>
      </trkpt>
      <trkpt lat="34.3611" lon="-117.91517">
        <ele>1866.48</ele>
        <time>2025-08-16T19:28:15Z</time>
      </trkpt>
      <trkpt lat="34.36111" lon="-117.91514">
        <ele>1866.48</ele>
        <time>2025-08-16T19:28:18Z</time>
      </trkpt>
      <trkpt lat="34.36112" lon="-117.9151">
        <ele>1866.56</ele>
        <time>2025-08-16T19:28:22Z</time>
      </trkpt>
      <trkpt lat="34.36112" lon="-117.91505">
        <ele>1866.48</ele>
        <time>2025-08-16T19:28:26Z</time>
      </trkpt>
      <trkpt lat="34.36111" lon="-117.91502">
        <ele>1865.96</ele>
        <time>2025-08-16T19:28:31Z</time>
      </trkpt>
      <trkpt lat="34.3611" lon="-117.91499">
        <ele>1865.64</ele>
        <time>2025-08-16T19:28:38Z</time>
      </trkpt>
      <trkpt lat="34.3611" lon="-117.91495">
        <ele>1865.64</ele>
        <time>2025-08-16T19:28:43Z</time>
      </trkpt>
      <trkpt lat="34.3611" lon="-117.91491">
        <ele>1865.64</ele>
        <time>2025-08-16T19:28:49Z</time>
      </trkpt>
      <trkpt lat="34.3611" lon="-117.91487">
        <ele>1865.64</ele>
        <time>2025-08-16T19:28:54Z</time>
      </trkpt>
      <trkpt lat="34.3611" lon="-117.91483">
        <ele>1865.64</ele>
        <time>2025-08-16T19:29:00Z</time>
      </trkpt>
      <trkpt lat="34.3611" lon="-117.91478">
        <ele>1865.64</ele>
        <time>2025-08-16T19:29:07Z</time>
      </trkpt>
      <trkpt lat="34.3611" lon="-117.91473">
        <ele>1865.64</ele>
        <time>2025-08-16T19:29:16Z</time>
      </trkpt>
      <trkpt lat="34.3611" lon="-117.91468">
        <ele>1865.59</ele>
        <time>2025-08-16T19:29:24Z</time>
      </trkpt>
      <trkpt lat="34.36109" lon="-117.91463">
        <ele>1865.09</ele>
        <time>2025-08-16T19:29:33Z</time>
      </trkpt>
      <trkpt lat="34.36108" lon="-117.91458">
        <ele>1864.3</ele>
        <time>2025-08-16T19:29:42Z</time>
      </trkpt>
      <trkpt lat="34.36108" lon="-117.91452">
        <ele>1863.81</ele>
        <time>2025-08-16T19:29:50Z</time>
      </trkpt>
      <trkpt lat="34.36108" lon="-117.91447">
        <ele>1863.27</ele>
        <time>2025-08-16T19:29:57Z</time>
      </trkpt>
      <trkpt lat="34.36108" lon="-117.91441">
        <ele>1862.74</ele>
        <time>2025-08-16T19:30:03Z</time>
      </trkpt>
      <trkpt lat="34.36107" lon="-117.91436">
        <ele>1862.16</ele>
        <time>2025-08-16T19:30:09Z</time>
      </trkpt>
      <trkpt lat="34.36106" lon="-117.91432">
        <ele>1861.74</ele>
        <time>2025-08-16T19:30:15Z</time>
      </trkpt>
      <trkpt lat="34.36106" lon="-117.91427">
        <ele>1861.5</ele>
        <time>2025-08-16T19:30:21Z</time>
      </trkpt>
      <trkpt lat="34.36105" lon="-117.91422">
        <ele>1861.2</ele>
        <time>2025-08-16T19:30:27Z</time>
      </trkpt>
      <trkpt lat="34.36105" lon="-117.91416">
        <ele>1860.95</ele>
        <time>2025-08-16T19:30:32Z</time>
      </trkpt>
      <trkpt lat="34.36105" lon="-117.91411">
        <ele>1860.6</ele>
        <time>2025-08-16T19:30:34Z</time>
      </trkpt>
      <trkpt lat="34.36105" lon="-117.91407">
        <ele>1860.34</ele>
        <time>2025-08-16T19:30:37Z</time>
      </trkpt>
      <trkpt lat="34.36108" lon="-117.91402">
        <ele>1860.66</ele>
        <time>2025-08-16T19:30:41Z</time>
      </trkpt>
      <trkpt lat="34.36111" lon="-117.91401">
        <ele>1860.99</ele>
        <time>2025-08-16T19:30:43Z</time>
      </trkpt>
      <trkpt lat="34.36113" lon="-117.91397">
        <ele>1861.28</ele>
        <time>2025-08-16T19:30:47Z</time>
      </trkpt>
      <trkpt lat="34.36115" lon="-117.91394">
        <ele>1861.39</ele>
        <time>2025-08-16T19:30:51Z</time>
      </trkpt>
      <trkpt lat="34.36115" lon="-117.9139">
        <ele>1860.96</ele>
        <time>2025-08-16T19:30:55Z</time>
      </trkpt>
      <trkpt lat="34.36116" lon="-117.91385">
        <ele>1860.64</ele>
        <time>2025-08-16T19:30:59Z</time>
      </trkpt>
      <trkpt lat="34.36117" lon="-117.91382">
        <ele>1860.53</ele>
        <time>2025-08-16T19:31:02Z</time>
      </trkpt>
      <trkpt lat="34.36118" lon="-117.91379">
        <ele>1860.42</ele>
        <time>2025-08-16T19:31:05Z</time>
      </trkpt>
      <trkpt lat="34.36119" lon="-117.91376">
        <ele>1860.31</ele>
        <time>2025-08-16T19:31:08Z</time>
      </trkpt>
      <trkpt lat="34.3612" lon="-117.91373">
        <ele>1860.2</ele>
        <time>2025-08-16T19:31:11Z</time>
      </trkpt>
      <trkpt lat="34.36121" lon="-117.91369">
        <ele>1859.83</ele>
        <time>2025-08-16T19:31:15Z</time>
      </trkpt>
      <trkpt lat="34.36122" lon="-117.91365">
        <ele>1858.96</ele>
        <time>2025-08-16T19:31:19Z</time>
      </trkpt>
      <trkpt lat="34.36124" lon="-117.91361">
        <ele>1858.53</ele>
        <time>2025-08-16T19:31:23Z</time>
      </trkpt>
      <trkpt lat="34.36125" lon="-117.91357">
        <ele>1857.67</ele>
        <time>2025-08-16T19:31:27Z</time>
      </trkpt>
      <trkpt lat="34.36126" lon="-117.91353">
        <ele>1856.8</ele>
        <time>2025-08-16T19:31:31Z</time>
      </trkpt>
      <trkpt lat="34.36127" lon="-117.9135">
        <ele>1856.38</ele>
        <time>2025-08-16T19:31:35Z</time>
      </trkpt>
      <trkpt lat="34.36127" lon="-117.91346">
        <ele>1855.33</ele>
        <time>2025-08-16T19:31:42Z</time>
      </trkpt>
      <trkpt lat="34.36127" lon="-117.91343">
        <ele>1854.54</ele>
        <time>2025-08-16T19:31:46Z</time>
      </trkpt>
      <trkpt lat="34.36128" lon="-117.91339">
        <ele>1853.94</ele>
        <time>2025-08-16T19:31:50Z</time>
      </trkpt>
      <trkpt lat="34.36127" lon="-117.91336">
        <ele>1853.21</ele>
        <time>2025-08-16T19:31:54Z</time>
      </trkpt>
      <trkpt lat="34.36128" lon="-117.91332">
        <ele>1852.71</ele>
        <time>2025-08-16T19:31:58Z</time>
      </trkpt>
      <trkpt lat="34.36128" lon="-117.91328">
        <ele>1852.35</ele>
        <time>2025-08-16T19:32:02Z</time>
      </trkpt>
      <trkpt lat="34.36129" lon="-117.91324">
        <ele>1851.99</ele>
        <time>2025-08-16T19:32:06Z</time>
      </trkpt>
      <trkpt lat="34.3613" lon="-117.91319">
        <ele>1851.57</ele>
        <time>2025-08-16T19:32:10Z</time>
      </trkpt>
      <trkpt lat="34.3613" lon="-117.91315">
        <ele>1851.14</ele>
        <time>2025-08-16T19:32:14Z</time>
      </trkpt>
      <trkpt lat="34.3613" lon="-117.91311">
        <ele>1850.72</ele>
        <time>2025-08-16T19:32:18Z</time>
      </trkpt>
      <trkpt lat="34.36131" lon="-117.91306">
        <ele>1850.63</ele>
        <time>2025-08-16T19:32:22Z</time>
      </trkpt>
      <trkpt lat="34.36131" lon="-117.91302">
        <ele>1850.65</ele>
        <time>2025-08-16T19:32:26Z</time>
      </trkpt>
      <trkpt lat="34.36131" lon="-117.91298">
        <ele>1850.71</ele>
        <time>2025-08-16T19:32:30Z</time>
      </trkpt>
      <trkpt lat="34.36132" lon="-117.91294">
        <ele>1851.46</ele>
        <time>2025-08-16T19:32:34Z</time>
      </trkpt>
      <trkpt lat="34.36132" lon="-117.9129">
        <ele>1851.79</ele>
        <time>2025-08-16T19:32:38Z</time>
      </trkpt>
      <trkpt lat="34.36132" lon="-117.91286">
        <ele>1852.02</ele>
        <time>2025-08-16T19:32:42Z</time>
      </trkpt>
      <trkpt lat="34.36131" lon="-117.91282">
        <ele>1851.59</ele>
        <time>2025-08-16T19:32:46Z</time>
      </trkpt>
      <trkpt lat="34.3613" lon="-117.91278">
        <ele>1851.16</ele>
        <time>2025-08-16T19:32:50Z</time>
      </trkpt>
      <trkpt lat="34.36129" lon="-117.91274">
        <ele>1850.8</ele>
        <time>2025-08-16T19:32:54Z</time>
      </trkpt>
      <trkpt lat="34.36127" lon="-117.91271">
        <ele>1850.15</ele>
        <time>2025-08-16T19:32:57Z</time>
      </trkpt>
      <trkpt lat="34.36126" lon="-117.91268">
        <ele>1849.85</ele>
        <time>2025-08-16T19:33:00Z</time>
      </trkpt>
      <trkpt lat="34.36125" lon="-117.91264">
        <ele>1849.74</ele>
        <time>2025-08-16T19:33:04Z</time>
      </trkpt>
      <trkpt lat="34.36125" lon="-117.9126">
        <ele>1849.96</ele>
        <time>2025-08-16T19:33:08Z</time>
      </trkpt>
      <trkpt lat="34.36125" lon="-117.91257">
        <ele>1850.12</ele>
        <time>2025-08-16T19:33:13Z</time>
      </trkpt>
      <trkpt lat="34.36126" lon="-117.91253">
        <ele>1850.63</ele>
        <time>2025-08-16T19:33:18Z</time>
      </trkpt>
      <trkpt lat="34.36125" lon="-117.9125">
        <ele>1850.5</ele>
        <time>2025-08-16T19:33:21Z</time>
      </trkpt>
      <trkpt lat="34.36125" lon="-117.91246">
        <ele>1850.72</ele>
        <time>2025-08-16T19:33:24Z</time>
      </trkpt>
      <trkpt lat="34.36124" lon="-117.91242">
        <ele>1850.7</ele>
        <time>2025-08-16T19:33:27Z</time>
      </trkpt>
      <trkpt lat="34.36123" lon="-117.91239">
        <ele>1850.76</ele>
        <time>2025-08-16T19:33:30Z</time>
      </trkpt>
      <trkpt lat="34.36122" lon="-117.91235">
        <ele>1850.97</ele>
        <time>2025-08-16T19:33:33Z</time>
      </trkpt>
      <trkpt lat="34.3612" lon="-117.91232">
        <ele>1850.86</ele>
        <time>2025-08-16T19:33:36Z</time>
      </trkpt>
      <trkpt lat="34.36118" lon="-117.91229">
        <ele>1850.69</ele>
        <time>2025-08-16T19:33:39Z</time>
      </trkpt>
      <trkpt lat="34.36117" lon="-117.91225">
        <ele>1850.72</ele>
        <time>2025-08-16T19:33:43Z</time>
      </trkpt>
      <trkpt lat="34.36115" lon="-117.91223">
        <ele>1850.22</ele>
        <time>2025-08-16T19:33:47Z</time>
      </trkpt>
      <trkpt lat="34.36113" lon="-117.9122">
        <ele>1849.85</ele>
        <time>2025-08-16T19:33:52Z</time>
      </trkpt>
      <trkpt lat="34.36111" lon="-117.91217">
        <ele>1849.52</ele>
        <time>2025-08-16T19:33:56Z</time>
      </trkpt>
      <trkpt lat="34.3611" lon="-117.91214">
        <ele>1849.42</ele>
        <time>2025-08-16T19:34:00Z</time>
      </trkpt>
      <trkpt lat="34.36108" lon="-117.91211">
        <ele>1848.8</ele>
        <time>2025-08-16T19:34:05Z</time>
      </trkpt>
      <trkpt lat="34.36105" lon="-117.91208">
        <ele>1847.54</ele>
        <time>2025-08-16T19:34:11Z</time>
      </trkpt>
      <trkpt lat="34.36103" lon="-117.91203">
        <ele>1846.69</ele>
        <time>2025-08-16T19:34:17Z</time>
      </trkpt>
      <trkpt lat="34.36101" lon="-117.91198">
        <ele>1846.25</ele>
        <time>2025-08-16T19:34:23Z</time>
      </trkpt>
      <trkpt lat="34.36098" lon="-117.91194">
        <ele>1845.36</ele>
        <time>2025-08-16T19:34:28Z</time>
      </trkpt>
      <trkpt lat="34.36096" lon="-117.9119">
        <ele>1844.65</ele>
        <time>2025-08-16T19:34:33Z</time>
      </trkpt>
      <trkpt lat="34.36094" lon="-117.91186">
        <ele>1843.75</ele>
        <time>2025-08-16T19:34:41Z</time>
      </trkpt>
      <trkpt lat="34.36091" lon="-117.91182">
        <ele>1843.05</ele>
        <time>2025-08-16T19:34:49Z</time>
      </trkpt>
      <trkpt lat="34.36088" lon="-117.91178">
        <ele>1842.29</ele>
        <time>2025-08-16T19:34:56Z</time>
      </trkpt>
      <trkpt lat="34.36086" lon="-117.91174">
        <ele>1842.06</ele>
        <time>2025-08-16T19:35:02Z</time>
      </trkpt>
      <trkpt lat="34.36083" lon="-117.91171">
        <ele>1841.52</ele>
        <time>2025-08-16T19:35:07Z</time>
      </trkpt>
      <trkpt lat="34.3608" lon="-117.91169">
        <ele>1841.35</ele>
        <time>2025-08-16T19:35:10Z</time>
      </trkpt>
      <trkpt lat="34.36076" lon="-117.91167">
        <ele>1840.57</ele>
        <time>2025-08-16T19:35:14Z</time>
      </trkpt>
      <trkpt lat="34.36074" lon="-117.91164">
        <ele>1841.42</ele>
        <time>2025-08-16T19:35:18Z</time>
      </trkpt>
      <trkpt lat="34.36072" lon="-117.91161">
        <ele>1842.34</ele>
        <time>2025-08-16T19:35:22Z</time>
      </trkpt>
      <trkpt lat="34.36071" lon="-117.91158">
        <ele>1843.39</ele>
        <time>2025-08-16T19:35:26Z</time>
      </trkpt>
      <trkpt lat="34.3607" lon="-117.91154">
        <ele>1845.12</ele>
        <time>2025-08-16T19:35:31Z</time>
      </trkpt>
      <trkpt lat="34.36069" lon="-117.9115">
        <ele>1846.73</ele>
        <time>2025-08-16T19:35:36Z</time>
      </trkpt>
      <trkpt lat="34.36068" lon="-117.91147">
        <ele>1847.73</ele>
        <time>2025-08-16T19:35:41Z</time>
      </trkpt>
      <trkpt lat="34.36067" lon="-117.91143">
        <ele>1849.33</ele>
        <time>2025-08-16T19:35:47Z</time>
      </trkpt>
      <trkpt lat="34.36063" lon="-117.91145">
        <ele>1845.85</ele>
        <time>2025-08-16T19:36:02Z</time>
      </trkpt>
      <trkpt lat="34.36058" lon="-117.91144">
        <ele>1843.97</ele>
        <time>2025-08-16T19:36:16Z</time>
      </trkpt>
      <trkpt lat="34.36054" lon="-117.91141">
        <ele>1843.45</ele>
        <time>2025-08-16T19:36:24Z</time>
      </trkpt>
      <trkpt lat="34.3605" lon="-117.91138">
        <ele>1842.96</ele>
        <time>2025-08-16T19:36:32Z</time>
      </trkpt>
      <trkpt lat="34.36045" lon="-117.91136">
        <ele>1841.52</ele>
        <time>2025-08-16T19:36:38Z</time>
      </trkpt>
      <trkpt lat="34.3604" lon="-117.91134">
        <ele>1840.54</ele>
        <time>2025-08-16T19:36:42Z</time>
      </trkpt>
      <trkpt lat="34.36037" lon="-117.91129">
        <ele>1841.26</ele>
        <time>2025-08-16T19:36:48Z</time>
      </trkpt>
      <trkpt lat="34.36036" lon="-117.91124">
        <ele>1843.1</ele>
        <time>2025-08-16T19:36:51Z</time>
      </trkpt>
      <trkpt lat="34.36036" lon="-117.91119">
        <ele>1845.4</ele>
        <time>2025-08-16T19:36:55Z</time>
      </trkpt>
      <trkpt lat="34.36035" lon="-117.91114">
        <ele>1847.78</ele>
        <time>2025-08-16T19:36:59Z</time>
      </trkpt>
      <trkpt lat="34.36035" lon="-117.91109">
        <ele>1850.48</ele>
        <time>2025-08-16T19:37:03Z</time>
      </trkpt>
      <trkpt lat="34.36034" lon="-117.91105">
        <ele>1852.32</ele>
        <time>2025-08-16T19:37:07Z</time>
      </trkpt>
      <trkpt lat="34.36033" lon="-117.911">
        <ele>1854.29</ele>
        <time>2025-08-16T19:37:11Z</time>
      </trkpt>
      <trkpt lat="34.36031" lon="-117.91096">
        <ele>1854.94</ele>
        <time>2025-08-16T19:37:15Z</time>
      </trkpt>
      <trkpt lat="34.36028" lon="-117.91092">
        <ele>1855.2</ele>
        <time>2025-08-16T19:37:19Z</time>
      </trkpt>
      <trkpt lat="34.36026" lon="-117.91088">
        <ele>1855.42</ele>
        <time>2025-08-16T19:37:23Z</time>
      </trkpt>
      <trkpt lat="34.36023" lon="-117.91085">
        <ele>1855.09</ele>
        <time>2025-08-16T19:37:27Z</time>
      </trkpt>
      <trkpt lat="34.3602" lon="-117.91081">
        <ele>1854.69</ele>
        <time>2025-08-16T19:37:31Z</time>
      </trkpt>
      <trkpt lat="34.36018" lon="-117.91077">
        <ele>1854.46</ele>
        <time>2025-08-16T19:37:35Z</time>
      </trkpt>
      <trkpt lat="34.36018" lon="-117.91073">
        <ele>1854.66</ele>
        <time>2025-08-16T19:37:39Z</time>
      </trkpt>
      <trkpt lat="34.3602" lon="-117.9107">
        <ele>1854.95</ele>
        <time>2025-08-16T19:37:42Z</time>
      </trkpt>
      <trkpt lat="34.36022" lon="-117.91067">
        <ele>1855.28</ele>
        <time>2025-08-16T19:37:45Z</time>
      </trkpt>
      <trkpt lat="34.36023" lon="-117.91064">
        <ele>1855.28</ele>
        <time>2025-08-16T19:37:48Z</time>
      </trkpt>
      <trkpt lat="34.36025" lon="-117.9106">
        <ele>1855.06</ele>
        <time>2025-08-16T19:37:51Z</time>
      </trkpt>
      <trkpt lat="34.36026" lon="-117.91057">
        <ele>1854.74</ele>
        <time>2025-08-16T19:37:54Z</time>
      </trkpt>
      <trkpt lat="34.36027" lon="-117.91053">
        <ele>1854.2</ele>
        <time>2025-08-16T19:37:57Z</time>
      </trkpt>
      <trkpt lat="34.36028" lon="-117.9105">
        <ele>1853.87</ele>
        <time>2025-08-16T19:38:00Z</time>
      </trkpt>
      <trkpt lat="34.36029" lon="-117.91046">
        <ele>1853.33</ele>
        <time>2025-08-16T19:38:03Z</time>
      </trkpt>
      <trkpt lat="34.3603" lon="-117.91043">
        <ele>1852.92</ele>
        <time>2025-08-16T19:38:06Z</time>
      </trkpt>
      <trkpt lat="34.36032" lon="-117.91039">
        <ele>1852.43</ele>
        <time>2025-08-16T19:38:09Z</time>
      </trkpt>
      <trkpt lat="34.36033" lon="-117.91036">
        <ele>1851.86</ele>
        <time>2025-08-16T19:38:12Z</time>
      </trkpt>
      <trkpt lat="34.36035" lon="-117.91032">
        <ele>1851.35</ele>
        <time>2025-08-16T19:38:15Z</time>
      </trkpt>
      <trkpt lat="34.36036" lon="-117.91029">
        <ele>1850.94</ele>
        <time>2025-08-16T19:38:18Z</time>
      </trkpt>
      <trkpt lat="34.36038" lon="-117.91025">
        <ele>1850.74</ele>
        <time>2025-08-16T19:38:22Z</time>
      </trkpt>
      <trkpt lat="34.36036" lon="-117.91021">
        <ele>1849.12</ele>
        <time>2025-08-16T19:38:44Z</time>
      </trkpt>
      <trkpt lat="34.36036" lon="-117.91017">
        <ele>1848.22</ele>
        <time>2025-08-16T19:38:47Z</time>
      </trkpt>
      <trkpt lat="34.36033" lon="-117.91015">
        <ele>1846.5</ele>
        <time>2025-08-16T19:38:51Z</time>
      </trkpt>
      <trkpt lat="34.36029" lon="-117.91016">
        <ele>1844.98</ele>
        <time>2025-08-16T19:38:54Z</time>
      </trkpt>
      <trkpt lat="34.36027" lon="-117.91019">
        <ele>1845.07</ele>
        <time>2025-08-16T19:38:57Z</time>
      </trkpt>
      <trkpt lat="34.36024" lon="-117.91021">
        <ele>1845.29</ele>
        <time>2025-08-16T19:39:01Z</time>
      </trkpt>
      <trkpt lat="34.36021" lon="-117.91024">
        <ele>1845.61</ele>
        <time>2025-08-16T19:39:05Z</time>
      </trkpt>
      <trkpt lat="34.36018" lon="-117.91025">
        <ele>1845.25</ele>
        <time>2025-08-16T19:39:09Z</time>
      </trkpt>
      <trkpt lat="34.36015" lon="-117.91026">
        <ele>1844.55</ele>
        <time>2025-08-16T19:39:13Z</time>
      </trkpt>
      <trkpt lat="34.36012" lon="-117.91028">
        <ele>1843.94</ele>
        <time>2025-08-16T19:39:17Z</time>
      </trkpt>
      <trkpt lat="34.36009" lon="-117.9103">
        <ele>1843.39</ele>
        <time>2025-08-16T19:39:21Z</time>
      </trkpt>
      <trkpt lat="34.36006" lon="-117.91031">
        <ele>1842.52</ele>
        <time>2025-08-16T19:39:24Z</time>
      </trkpt>
      <trkpt lat="34.36003" lon="-117.91033">
        <ele>1841.72</ele>
        <time>2025-08-16T19:39:28Z</time>
      </trkpt>
      <trkpt lat="34.36" lon="-117.91034">
        <ele>1840.67</ele>
        <time>2025-08-16T19:39:32Z</time>
      </trkpt>
      <trkpt lat="34.35997" lon="-117.91033">
        <ele>1839.27</ele>
        <time>2025-08-16T19:39:36Z</time>
      </trkpt>
      <trkpt lat="34.35994" lon="-117.91031">
        <ele>1837.76</ele>
        <time>2025-08-16T19:39:39Z</time>
      </trkpt>
      <trkpt lat="34.35992" lon="-117.91028">
        <ele>1836.57</ele>
        <time>2025-08-16T19:39:42Z</time>
      </trkpt>
      <trkpt lat="34.35991" lon="-117.91025">
        <ele>1835.8</ele>
        <time>2025-08-16T19:39:46Z</time>
      </trkpt>
      <trkpt lat="34.35989" lon="-117.91022">
        <ele>1834.62</ele>
        <time>2025-08-16T19:39:50Z</time>
      </trkpt>
      <trkpt lat="34.35988" lon="-117.91019">
        <ele>1833.87</ele>
        <time>2025-08-16T19:39:54Z</time>
      </trkpt>
      <trkpt lat="34.35987" lon="-117.91016">
        <ele>1832.84</ele>
        <time>2025-08-16T19:39:58Z</time>
      </trkpt>
      <trkpt lat="34.35985" lon="-117.91012">
        <ele>1831.11</ele>
        <time>2025-08-16T19:40:02Z</time>
      </trkpt>
      <trkpt lat="34.35985" lon="-117.91009">
        <ele>1830.46</ele>
        <time>2025-08-16T19:40:06Z</time>
      </trkpt>
      <trkpt lat="34.35985" lon="-117.91005">
        <ele>1829.6</ele>
        <time>2025-08-16T19:40:10Z</time>
      </trkpt>
      <trkpt lat="34.35987" lon="-117.91003">
        <ele>1830.03</ele>
        <time>2025-08-16T19:40:13Z</time>
      </trkpt>
      <trkpt lat="34.35987" lon="-117.90999">
        <ele>1829.28</ele>
        <time>2025-08-16T19:40:18Z</time>
      </trkpt>
      <trkpt lat="34.35987" lon="-117.90995">
        <ele>1828.84</ele>
        <time>2025-08-16T19:40:24Z</time>
      </trkpt>
      <trkpt lat="34.35987" lon="-117.90992">
        <ele>1828.52</ele>
        <time>2025-08-16T19:40:32Z</time>
      </trkpt>
      <trkpt lat="34.35987" lon="-117.90996">
        <ele>1828.95</ele>
        <time>2025-08-16T19:40:37Z</time>
      </trkpt>
      <trkpt lat="34.35985" lon="-117.90992">
        <ele>1827.66</ele>
        <time>2025-08-16T19:40:51Z</time>
      </trkpt>
      <trkpt lat="34.35983" lon="-117.90989">
        <ele>1826.25</ele>
        <time>2025-08-16T19:40:58Z</time>
      </trkpt>
      <trkpt lat="34.35981" lon="-117.90986">
        <ele>1824.72</ele>
        <time>2025-08-16T19:41:04Z</time>
      </trkpt>
      <trkpt lat="34.35979" lon="-117.90982">
        <ele>1822.77</ele>
        <time>2025-08-16T19:41:09Z</time>
      </trkpt>
      <trkpt lat="34.35978" lon="-117.90978">
        <ele>1821.13</ele>
        <time>2025-08-16T19:41:14Z</time>
      </trkpt>
      <trkpt lat="34.35979" lon="-117.90974">
        <ele>1820.45</ele>
        <time>2025-08-16T19:41:18Z</time>
      </trkpt>
      <trkpt lat="34.35982" lon="-117.90972">
        <ele>1821.12</ele>
        <time>2025-08-16T19:41:20Z</time>
      </trkpt>
      <trkpt lat="34.35984" lon="-117.9097">
        <ele>1821.27</ele>
        <time>2025-08-16T19:41:22Z</time>
      </trkpt>
      <trkpt lat="34.35987" lon="-117.90966">
        <ele>1821.04</ele>
        <time>2025-08-16T19:41:25Z</time>
      </trkpt>
      <trkpt lat="34.35988" lon="-117.90963">
        <ele>1820.42</ele>
        <time>2025-08-16T19:41:28Z</time>
      </trkpt>
      <trkpt lat="34.3599" lon="-117.90959">
        <ele>1819.56</ele>
        <time>2025-08-16T19:41:32Z</time>
      </trkpt>
      <trkpt lat="34.35992" lon="-117.90956">
        <ele>1819.05</ele>
        <time>2025-08-16T19:41:36Z</time>
      </trkpt>
      <trkpt lat="34.35994" lon="-117.90953">
        <ele>1818.48</ele>
        <time>2025-08-16T19:41:40Z</time>
      </trkpt>
      <trkpt lat="34.35997" lon="-117.90951">
        <ele>1818.48</ele>
        <time>2025-08-16T19:41:44Z</time>
      </trkpt>
      <trkpt lat="34.35999" lon="-117.90949">
        <ele>1818.26</ele>
        <time>2025-08-16T19:41:48Z</time>
      </trkpt>
      <trkpt lat="34.36002" lon="-117.90951">
        <ele>1819.77</ele>
        <time>2025-08-16T19:41:52Z</time>
      </trkpt>
      <trkpt lat="34.36004" lon="-117.90948">
        <ele>1819.45</ele>
        <time>2025-08-16T19:41:56Z</time>
      </trkpt>
      <trkpt lat="34.36004" lon="-117.90944">
        <ele>1818.17</ele>
        <time>2025-08-16T19:41:59Z</time>
      </trkpt>
      <trkpt lat="34.36003" lon="-117.90939">
        <ele>1816.4</ele>
        <time>2025-08-16T19:42:02Z</time>
      </trkpt>
      <trkpt lat="34.36003" lon="-117.90936">
        <ele>1815.53</ele>
        <time>2025-08-16T19:42:05Z</time>
      </trkpt>
      <trkpt lat="34.36002" lon="-117.90932">
        <ele>1814.18</ele>
        <time>2025-08-16T19:42:08Z</time>
      </trkpt>
      <trkpt lat="34.36003" lon="-117.90929">
        <ele>1813.96</ele>
        <time>2025-08-16T19:42:11Z</time>
      </trkpt>
      <trkpt lat="34.36004" lon="-117.90925">
        <ele>1813.47</ele>
        <time>2025-08-16T19:42:15Z</time>
      </trkpt>
      <trkpt lat="34.36004" lon="-117.90921">
        <ele>1812.36</ele>
        <time>2025-08-16T19:42:18Z</time>
      </trkpt>
      <trkpt lat="34.36005" lon="-117.90918">
        <ele>1812.05</ele>
        <time>2025-08-16T19:42:21Z</time>
      </trkpt>
      <trkpt lat="34.36005" lon="-117.90914">
        <ele>1810.84</ele>
        <time>2025-08-16T19:42:24Z</time>
      </trkpt>
      <trkpt lat="34.36006" lon="-117.9091">
        <ele>1810.08</ele>
        <time>2025-08-16T19:42:28Z</time>
      </trkpt>
      <trkpt lat="34.36006" lon="-117.90906">
        <ele>1808.94</ele>
        <time>2025-08-16T19:42:32Z</time>
      </trkpt>
      <trkpt lat="34.36006" lon="-117.90902">
        <ele>1808.07</ele>
        <time>2025-08-16T19:42:36Z</time>
      </trkpt>
      <trkpt lat="34.36007" lon="-117.90898">
        <ele>1807.74</ele>
        <time>2025-08-16T19:42:40Z</time>
      </trkpt>
      <trkpt lat="34.36007" lon="-117.90894">
        <ele>1806.55</ele>
        <time>2025-08-16T19:42:44Z</time>
      </trkpt>
      <trkpt lat="34.36007" lon="-117.9089">
        <ele>1805.35</ele>
        <time>2025-08-16T19:42:48Z</time>
      </trkpt>
      <trkpt lat="34.36007" lon="-117.90885">
        <ele>1804.08</ele>
        <time>2025-08-16T19:42:52Z</time>
      </trkpt>
      <trkpt lat="34.36008" lon="-117.90882">
        <ele>1803.87</ele>
        <time>2025-08-16T19:42:55Z</time>
      </trkpt>
      <trkpt lat="34.3601" lon="-117.90879">
        <ele>1804.04</ele>
        <time>2025-08-16T19:42:58Z</time>
      </trkpt>
      <trkpt lat="34.36012" lon="-117.90875">
        <ele>1803.39</ele>
        <time>2025-08-16T19:43:01Z</time>
      </trkpt>
      <trkpt lat="34.36013" lon="-117.90872">
        <ele>1802.74</ele>
        <time>2025-08-16T19:43:04Z</time>
      </trkpt>
      <trkpt lat="34.36014" lon="-117.90869">
        <ele>1801.94</ele>
        <time>2025-08-16T19:43:07Z</time>
      </trkpt>
      <trkpt lat="34.36015" lon="-117.90866">
        <ele>1800.97</ele>
        <time>2025-08-16T19:43:10Z</time>
      </trkpt>
      <trkpt lat="34.36016" lon="-117.90863">
        <ele>1800.0</ele>
        <time>2025-08-16T19:43:13Z</time>
      </trkpt>
      <trkpt lat="34.36017" lon="-117.90859">
        <ele>1798.82</ele>
        <time>2025-08-16T19:43:16Z</time>
      </trkpt>
      <trkpt lat="34.36018" lon="-117.90856">
        <ele>1798.18</ele>
        <time>2025-08-16T19:43:19Z</time>
      </trkpt>
      <trkpt lat="34.36019" lon="-117.90853">
        <ele>1797.48</ele>
        <time>2025-08-16T19:43:22Z</time>
      </trkpt>
      <trkpt lat="34.3602" lon="-117.9085">
        <ele>1796.52</ele>
        <time>2025-08-16T19:43:25Z</time>
      </trkpt>
      <trkpt lat="34.36022" lon="-117.90847">
        <ele>1795.66</ele>
        <time>2025-08-16T19:43:28Z</time>
      </trkpt>
      <trkpt lat="34.36024" lon="-117.90845">
        <ele>1795.22</ele>
        <time>2025-08-16T19:43:32Z</time>
      </trkpt>
      <trkpt lat="34.36027" lon="-117.90845">
        <ele>1795.87</ele>
        <time>2025-08-16T19:43:36Z</time>
      </trkpt>
      <trkpt lat="34.3603" lon="-117.90844">
        <ele>1796.29</ele>
        <time>2025-08-16T19:43:40Z</time>
      </trkpt>
      <trkpt lat="34.36033" lon="-117.90843">
        <ele>1796.84</ele>
        <time>2025-08-16T19:43:44Z</time>
      </trkpt>
      <trkpt lat="34.36037" lon="-117.90842">
        <ele>1797.86</ele>
        <time>2025-08-16T19:43:48Z</time>
      </trkpt>
      <trkpt lat="34.3604" lon="-117.90842">
        <ele>1799.15</ele>
        <time>2025-08-16T19:43:53Z</time>
      </trkpt>
      <trkpt lat="34.36044" lon="-117.90839">
        <ele>1800.23</ele>
        <time>2025-08-16T19:43:59Z</time>
      </trkpt>
      <trkpt lat="34.36047" lon="-117.90836">
        <ele>1800.86</ele>
        <time>2025-08-16T19:44:05Z</time>
      </trkpt>
      <trkpt lat="34.36049" lon="-117.90834">
        <ele>1801.29</ele>
        <time>2025-08-16T19:44:10Z</time>
      </trkpt>
      <trkpt lat="34.36051" lon="-117.9083">
        <ele>1801.85</ele>
        <time>2025-08-16T19:44:15Z</time>
      </trkpt>
      <trkpt lat="34.36052" lon="-117.90826">
        <ele>1802.16</ele>
        <time>2025-08-16T19:44:19Z</time>
      </trkpt>
      <trkpt lat="34.36053" lon="-117.90823">
        <ele>1802.5</ele>
        <time>2025-08-16T19:44:23Z</time>
      </trkpt>
      <trkpt lat="34.36055" lon="-117.90819">
        <ele>1803.15</ele>
        <time>2025-08-16T19:44:27Z</time>
      </trkpt>
      <trkpt lat="34.36056" lon="-117.90815">
        <ele>1803.26</ele>
        <time>2025-08-16T19:44:31Z</time>
      </trkpt>
      <trkpt lat="34.36056" lon="-117.90811">
        <ele>1802.83</ele>
        <time>2025-08-16T19:44:35Z</time>
      </trkpt>
      <trkpt lat="34.36057" lon="-117.90806">
        <ele>1802.83</ele>
        <time>2025-08-16T19:44:40Z</time>
      </trkpt>
      <trkpt lat="34.36057" lon="-117.90802">
        <ele>1802.4</ele>
        <time>2025-08-16T19:44:45Z</time>
      </trkpt>
      <trkpt lat="34.36057" lon="-117.90797">
        <ele>1801.86</ele>
        <time>2025-08-16T19:44:50Z</time>
      </trkpt>
      <trkpt lat="34.36058" lon="-117.90791">
        <ele>1801.6</ele>
        <time>2025-08-16T19:44:56Z</time>
      </trkpt>
      <trkpt lat="34.36058" lon="-117.90785">
        <ele>1800.67</ele>
        <time>2025-08-16T19:45:03Z</time>
      </trkpt>
      <trkpt lat="34.36059" lon="-117.90778">
        <ele>1799.9</ele>
        <time>2025-08-16T19:45:10Z</time>
      </trkpt>
      <trkpt lat="34.3606" lon="-117.90771">
        <ele>1798.94</ele>
        <time>2025-08-16T19:45:18Z</time>
      </trkpt>
      <trkpt lat="34.3606" lon="-117.90762">
        <ele>1796.99</ele>
        <time>2025-08-16T19:45:26Z</time>
      </trkpt>
      <trkpt lat="34.36061" lon="-117.90755">
        <ele>1795.75</ele>
        <time>2025-08-16T19:45:33Z</time>
      </trkpt>
      <trkpt lat="34.36061" lon="-117.90749">
        <ele>1794.09</ele>
        <time>2025-08-16T19:45:39Z</time>
      </trkpt>
      <trkpt lat="34.36056" lon="-117.90743">
        <ele>1789.96</ele>
        <time>2025-08-16T19:45:44Z</time>
      </trkpt>
      <trkpt lat="34.36053" lon="-117.90737">
        <ele>1786.24</ele>
        <time>2025-08-16T19:45:50Z</time>
      </trkpt>
      <trkpt lat="34.36051" lon="-117.9073">
        <ele>1783.22</ele>
        <time>2025-08-16T19:45:57Z</time>
      </trkpt>
      <trkpt lat="34.36049" lon="-117.90721">
        <ele>1780.33</ele>
        <time>2025-08-16T19:46:05Z</time>
      </trkpt>
      <trkpt lat="34.36046" lon="-117.90714">
        <ele>1777.99</ele>
        <time>2025-08-16T19:46:12Z</time>
      </trkpt>
      <trkpt lat="34.36044" lon="-117.90706">
        <ele>1776.82</ele>
        <time>2025-08-16T19:46:20Z</time>
      </trkpt>
      <trkpt lat="34.36042" lon="-117.90698">
        <ele>1775.06</ele>
        <time>2025-08-16T19:46:28Z</time>
      </trkpt>
      <trkpt lat="34.36041" lon="-117.90691">
        <ele>1773.77</ele>
        <time>2025-08-16T19:46:35Z</time>
      </trkpt>
      <trkpt lat="34.3604" lon="-117.90685">
        <ele>1772.58</ele>
        <time>2025-08-16T19:46:41Z</time>
      </trkpt>
      <trkpt lat="34.36041" lon="-117.90679">
        <ele>1772.47</ele>
        <time>2025-08-16T19:46:47Z</time>
      </trkpt>
      <trkpt lat="34.36045" lon="-117.90675">
        <ele>1774.2</ele>
        <time>2025-08-16T19:46:52Z</time>
      </trkpt>
      <trkpt lat="34.36047" lon="-117.90668">
        <ele>1774.52</ele>
        <time>2025-08-16T19:46:59Z</time>
      </trkpt>
      <trkpt lat="34.36048" lon="-117.90662">
        <ele>1774.42</ele>
        <time>2025-08-16T19:47:06Z</time>
      </trkpt>
      <trkpt lat="34.36049" lon="-117.90656">
        <ele>1774.31</ele>
        <time>2025-08-16T19:47:13Z</time>
      </trkpt>
      <trkpt lat="34.36049" lon="-117.90649">
        <ele>1773.55</ele>
        <time>2025-08-16T19:47:21Z</time>
      </trkpt>
      <trkpt lat="34.36048" lon="-117.90641">
        <ele>1772.78</ele>
        <time>2025-08-16T19:47:30Z</time>
      </trkpt>
      <trkpt lat="34.36049" lon="-117.90633">
        <ele>1772.35</ele>
        <time>2025-08-16T19:47:40Z</time>
      </trkpt>
      <trkpt lat="34.3605" lon="-117.90625">
        <ele>1771.7</ele>
        <time>2025-08-16T19:47:50Z</time>
      </trkpt>
      <trkpt lat="34.36052" lon="-117.90617">
        <ele>1771.48</ele>
        <time>2025-08-16T19:48:00Z</time>
      </trkpt>
      <trkpt lat="34.36054" lon="-117.9061">
        <ele>1771.36</ele>
        <time>2025-08-16T19:48:09Z</time>
      </trkpt>
      <trkpt lat="34.36055" lon="-117.90602">
        <ele>1770.78</ele>
        <time>2025-08-16T19:48:18Z</time>
      </trkpt>
      <trkpt lat="34.36057" lon="-117.90596">
        <ele>1770.3</ele>
        <time>2025-08-16T19:48:25Z</time>
      </trkpt>
      <trkpt lat="34.36059" lon="-117.9059">
        <ele>1770.21</ele>
        <time>2025-08-16T19:48:32Z</time>
      </trkpt>
      <trkpt lat="34.3606" lon="-117.90584">
        <ele>1769.99</ele>
        <time>2025-08-16T19:48:39Z</time>
      </trkpt>
      <trkpt lat="34.36061" lon="-117.90578">
        <ele>1769.54</ele>
        <time>2025-08-16T19:48:45Z</time>
      </trkpt>
      <trkpt lat="34.36061" lon="-117.90574">
        <ele>1768.93</ele>
        <time>2025-08-16T19:48:50Z</time>
      </trkpt>
      <trkpt lat="34.36062" lon="-117.90569">
        <ele>1768.55</ele>
        <time>2025-08-16T19:48:55Z</time>
      </trkpt>
      <trkpt lat="34.36063" lon="-117.90564">
        <ele>1768.04</ele>
        <time>2025-08-16T19:49:00Z</time>
      </trkpt>
      <trkpt lat="34.36063" lon="-117.90559">
        <ele>1766.96</ele>
        <time>2025-08-16T19:49:05Z</time>
      </trkpt>
      <trkpt lat="34.36063" lon="-117.90554">
        <ele>1765.88</ele>
        <time>2025-08-16T19:49:09Z</time>
      </trkpt>
      <trkpt lat="34.36064" lon="-117.90549">
        <ele>1765.23</ele>
        <time>2025-08-16T19:49:11Z</time>
      </trkpt>
      <trkpt lat="34.36064" lon="-117.90543">
        <ele>1763.94</ele>
        <time>2025-08-16T19:49:14Z</time>
      </trkpt>
      <trkpt lat="34.36064" lon="-117.90538">
        <ele>1762.86</ele>
        <time>2025-08-16T19:49:17Z</time>
      </trkpt>
      <trkpt lat="34.36065" lon="-117.90533">
        <ele>1761.75</ele>
        <time>2025-08-16T19:49:21Z</time>
      </trkpt>
      <trkpt lat="34.36065" lon="-117.90528">
        <ele>1760.13</ele>
        <time>2025-08-16T19:49:25Z</time>
      </trkpt>
      <trkpt lat="34.36066" lon="-117.90524">
        <ele>1759.57</ele>
        <time>2025-08-16T19:49:29Z</time>
      </trkpt>
      <trkpt lat="34.36067" lon="-117.90519">
        <ele>1758.81</ele>
        <time>2025-08-16T19:49:33Z</time>
      </trkpt>
      <trkpt lat="34.36068" lon="-117.90515">
        <ele>1758.14</ele>
        <time>2025-08-16T19:49:37Z</time>
      </trkpt>
      <trkpt lat="34.36069" lon="-117.9051">
        <ele>1757.1</ele>
        <time>2025-08-16T19:49:41Z</time>
      </trkpt>
      <trkpt lat="34.36071" lon="-117.90507">
        <ele>1756.85</ele>
        <time>2025-08-16T19:49:44Z</time>
      </trkpt>
      <trkpt lat="34.36075" lon="-117.90504">
        <ele>1757.26</ele>
        <time>2025-08-16T19:49:47Z</time>
      </trkpt>
      <trkpt lat="34.36077" lon="-117.905">
        <ele>1757.26</ele>
        <time>2025-08-16T19:49:51Z</time>
      </trkpt>
      <trkpt lat="34.36077" lon="-117.90495">
        <ele>1756.01</ele>
        <time>2025-08-16T19:49:55Z</time>
      </trkpt>
      <trkpt lat="34.36077" lon="-117.90491">
        <ele>1755.01</ele>
        <time>2025-08-16T19:49:59Z</time>
      </trkpt>
      <trkpt lat="34.36077" lon="-117.90486">
        <ele>1754.27</ele>
        <time>2025-08-16T19:50:03Z</time>
      </trkpt>
      <trkpt lat="34.3608" lon="-117.90487">
        <ele>1755.26</ele>
        <time>2025-08-16T19:50:12Z</time>
      </trkpt>
      <trkpt lat="34.36081" lon="-117.90479">
        <ele>1754.16</ele>
        <time>2025-08-16T19:50:52Z</time>
      </trkpt>
      <trkpt lat="34.36081" lon="-117.90471">
        <ele>1752.98</ele>
        <time>2025-08-16T19:50:59Z</time>
      </trkpt>
      <trkpt lat="34.36081" lon="-117.90465">
        <ele>1751.68</ele>
        <time>2025-08-16T19:51:05Z</time>
      </trkpt>
      <trkpt lat="34.36082" lon="-117.90459">
        <ele>1750.35</ele>
        <time>2025-08-16T19:51:11Z</time>
      </trkpt>
      <trkpt lat="34.36082" lon="-117.90453">
        <ele>1748.56</ele>
        <time>2025-08-16T19:51:17Z</time>
      </trkpt>
      <trkpt lat="34.36083" lon="-117.90446">
        <ele>1747.26</ele>
        <time>2025-08-16T19:51:21Z</time>
      </trkpt>
      <trkpt lat="34.36083" lon="-117.90441">
        <ele>1745.83</ele>
        <time>2025-08-16T19:51:23Z</time>
      </trkpt>
      <trkpt lat="34.36084" lon="-117.90436">
        <ele>1744.48</ele>
        <time>2025-08-16T19:51:26Z</time>
      </trkpt>
      <trkpt lat="34.36085" lon="-117.90431">
        <ele>1744.01</ele>
        <time>2025-08-16T19:51:31Z</time>
      </trkpt>
      <trkpt lat="34.36088" lon="-117.90427">
        <ele>1744.18</ele>
        <time>2025-08-16T19:51:34Z</time>
      </trkpt>
      <trkpt lat="34.3609" lon="-117.90423">
        <ele>1744.12</ele>
        <time>2025-08-16T19:51:37Z</time>
      </trkpt>
      <trkpt lat="34.36091" lon="-117.90418">
        <ele>1743.8</ele>
        <time>2025-08-16T19:51:41Z</time>
      </trkpt>
      <trkpt lat="34.36092" lon="-117.90414">
        <ele>1743.3</ele>
        <time>2025-08-16T19:51:45Z</time>
      </trkpt>
      <trkpt lat="34.36094" lon="-117.9041">
        <ele>1743.13</ele>
        <time>2025-08-16T19:51:49Z</time>
      </trkpt>
      <trkpt lat="34.36095" lon="-117.90406">
        <ele>1743.0</ele>
        <time>2025-08-16T19:51:53Z</time>
      </trkpt>
      <trkpt lat="34.36096" lon="-117.90401">
        <ele>1743.22</ele>
        <time>2025-08-16T19:51:58Z</time>
      </trkpt>
      <trkpt lat="34.36097" lon="-117.90396">
        <ele>1743.09</ele>
        <time>2025-08-16T19:52:03Z</time>
      </trkpt>
      <trkpt lat="34.36097" lon="-117.90392">
        <ele>1742.45</ele>
        <time>2025-08-16T19:52:07Z</time>
      </trkpt>
      <trkpt lat="34.36097" lon="-117.90388">
        <ele>1741.86</ele>
        <time>2025-08-16T19:52:11Z</time>
      </trkpt>
      <trkpt lat="34.36097" lon="-117.90383">
        <ele>1741.32</ele>
        <time>2025-08-16T19:52:15Z</time>
      </trkpt>
      <trkpt lat="34.36097" lon="-117.90378">
        <ele>1740.86</ele>
        <time>2025-08-16T19:52:19Z</time>
      </trkpt>
      <trkpt lat="34.36097" lon="-117.90374">
        <ele>1740.63</ele>
        <time>2025-08-16T19:52:23Z</time>
      </trkpt>
      <trkpt lat="34.36097" lon="-117.90369">
        <ele>1740.43</ele>
        <time>2025-08-16T19:52:28Z</time>
      </trkpt>
      <trkpt lat="34.36097" lon="-117.90364">
        <ele>1740.43</ele>
        <time>2025-08-16T19:52:33Z</time>
      </trkpt>
      <trkpt lat="34.36097" lon="-117.90361">
        <ele>1740.43</ele>
        <time>2025-08-16T19:52:55Z</time>
      </trkpt>
      <trkpt lat="34.36098" lon="-117.90357">
        <ele>1740.75</ele>
        <time>2025-08-16T19:52:59Z</time>
      </trkpt>
      <trkpt lat="34.36098" lon="-117.90354">
        <ele>1740.75</ele>
        <time>2025-08-16T19:53:03Z</time>
      </trkpt>
      <trkpt lat="34.36098" lon="-117.9035">
        <ele>1740.55</ele>
        <time>2025-08-16T19:53:08Z</time>
      </trkpt>
      <trkpt lat="34.36098" lon="-117.90346">
        <ele>1740.12</ele>
        <time>2025-08-16T19:53:13Z</time>
      </trkpt>
      <trkpt lat="34.36098" lon="-117.90343">
        <ele>1739.8</ele>
        <time>2025-08-16T19:53:18Z</time>
      </trkpt>
      <trkpt lat="34.36099" lon="-117.90339">
        <ele>1739.69</ele>
        <time>2025-08-16T19:53:23Z</time>
      </trkpt>
      <trkpt lat="34.36097" lon="-117.90336">
        <ele>1738.72</ele>
        <time>2025-08-16T19:53:27Z</time>
      </trkpt>
      <trkpt lat="34.36094" lon="-117.90335">
        <ele>1737.64</ele>
        <time>2025-08-16T19:53:30Z</time>
      </trkpt>
      <trkpt lat="34.36095" lon="-117.90328">
        <ele>1736.63</ele>
        <time>2025-08-16T19:53:50Z</time>
      </trkpt>
      <trkpt lat="34.36098" lon="-117.90323">
        <ele>1736.45</ele>
        <time>2025-08-16T19:54:07Z</time>
      </trkpt>
      <trkpt lat="34.36097" lon="-117.90318">
        <ele>1734.8</ele>
        <time>2025-08-16T19:54:23Z</time>
      </trkpt>
      <trkpt lat="34.36096" lon="-117.90324">
        <ele>1736.09</ele>
        <time>2025-08-16T19:54:47Z</time>
      </trkpt>
      <trkpt lat="34.36092" lon="-117.90326">
        <ele>1735.47</ele>
        <time>2025-08-16T19:55:04Z</time>
      </trkpt>
      <trkpt lat="34.36087" lon="-117.90325">
        <ele>1735.74</ele>
        <time>2025-08-16T19:55:07Z</time>
      </trkpt>
      <trkpt lat="34.36084" lon="-117.90325">
        <ele>1736.04</ele>
        <time>2025-08-16T19:55:10Z</time>
      </trkpt>
      <trkpt lat="34.3608" lon="-117.90324">
        <ele>1737.43</ele>
        <time>2025-08-16T19:55:16Z</time>
      </trkpt>
      <trkpt lat="34.36076" lon="-117.90321">
        <ele>1738.84</ele>
        <time>2025-08-16T19:55:25Z</time>
      </trkpt>
      <trkpt lat="34.36074" lon="-117.90318">
        <ele>1739.38</ele>
        <time>2025-08-16T19:55:31Z</time>
      </trkpt>
      <trkpt lat="34.36072" lon="-117.90314">
        <ele>1740.12</ele>
        <time>2025-08-16T19:55:38Z</time>
      </trkpt>
      <trkpt lat="34.36071" lon="-117.9031">
        <ele>1740.66</ele>
        <time>2025-08-16T19:55:45Z</time>
      </trkpt>
      <trkpt lat="34.36069" lon="-117.90305">
        <ele>1741.71</ele>
        <time>2025-08-16T19:55:53Z</time>
      </trkpt>
      <trkpt lat="34.36068" lon="-117.903">
        <ele>1742.07</ele>
        <time>2025-08-16T19:56:03Z</time>
      </trkpt>
      <trkpt lat="34.36068" lon="-117.90295">
        <ele>1741.8</ele>
        <time>2025-08-16T19:56:17Z</time>
      </trkpt>
      <trkpt lat="34.36067" lon="-117.9029">
        <ele>1741.9</ele>
        <time>2025-08-16T19:56:30Z</time>
      </trkpt>
      <trkpt lat="34.36066" lon="-117.90284">
        <ele>1742.19</ele>
        <time>2025-08-16T19:56:44Z</time>
      </trkpt>
      <trkpt lat="34.36068" lon="-117.90279">
        <ele>1740.64</ele>
        <time>2025-08-16T19:57:05Z</time>
      </trkpt>
      <trkpt lat="34.36069" lon="-117.90272">
        <ele>1739.55</ele>
        <time>2025-08-16T19:57:50Z</time>
      </trkpt>
      <trkpt lat="34.36064" lon="-117.90265">
        <ele>1743.18</ele>
        <time>2025-08-16T19:58:51Z</time>
      </trkpt>
      <trkpt lat="34.36062" lon="-117.90255">
        <ele>1744.13</ele>
        <time>2025-08-16T20:00:00Z</time>
      </trkpt>
      <trkpt lat="34.36067" lon="-117.90244">
        <ele>1742.29</ele>
        <time>2025-08-16T20:00:21Z</time>
      </trkpt>
      <trkpt lat="34.36074" lon="-117.90237">
        <ele>1740.48</ele>
        <time>2025-08-16T20:00:23Z</time>
      </trkpt>
      <trkpt lat="34.36079" lon="-117.90231">
        <ele>1741.12</ele>
        <time>2025-08-16T20:00:25Z</time>
      </trkpt>
      <trkpt lat="34.36084" lon="-117.90226">
        <ele>1741.08</ele>
        <time>2025-08-16T20:00:28Z</time>
      </trkpt>
      <trkpt lat="34.36089" lon="-117.90221">
        <ele>1740.46</ele>
        <time>2025-08-16T20:00:33Z</time>
      </trkpt>
      <trkpt lat="34.36093" lon="-117.90219">
        <ele>1738.79</ele>
        <time>2025-08-16T20:00:38Z</time>
      </trkpt>
      <trkpt lat="34.36097" lon="-117.90217">
        <ele>1736.99</ele>
        <time>2025-08-16T20:00:43Z</time>
      </trkpt>
      <trkpt lat="34.36102" lon="-117.90218">
        <ele>1732.75</ele>
        <time>2025-08-16T20:00:48Z</time>
      </trkpt>
      <trkpt lat="34.36104" lon="-117.90215">
        <ele>1732.83</ele>
        <time>2025-08-16T20:00:52Z</time>
      </trkpt>
      <trkpt lat="34.36106" lon="-117.90212">
        <ele>1732.79</ele>
        <time>2025-08-16T20:00:56Z</time>
      </trkpt>
      <trkpt lat="34.36108" lon="-117.9021">
        <ele>1732.4</ele>
        <time>2025-08-16T20:00:59Z</time>
      </trkpt>
      <trkpt lat="34.3611" lon="-117.90207">
        <ele>1732.37</ele>
        <time>2025-08-16T20:01:03Z</time>
      </trkpt>
      <trkpt lat="34.36112" lon="-117.90204">
        <ele>1732.4</ele>
        <time>2025-08-16T20:01:07Z</time>
      </trkpt>
      <trkpt lat="34.36115" lon="-117.90202">
        <ele>1731.48</ele>
        <time>2025-08-16T20:01:11Z</time>
      </trkpt>
      <trkpt lat="34.36114" lon="-117.90199">
        <ele>1733.16</ele>
        <time>2025-08-16T20:01:20Z</time>
      </trkpt>
      <trkpt lat="34.36114" lon="-117.90203">
        <ele>1731.7</ele>
        <time>2025-08-16T20:01:34Z</time>
      </trkpt>
      <trkpt lat="34.36113" lon="-117.90207">
        <ele>1730.63</ele>
        <time>2025-08-16T20:01:47Z</time>
      </trkpt>
      <trkpt lat="34.36119" lon="-117.90207">
        <ele>1727.62</ele>
        <time>2025-08-16T20:03:01Z</time>
      </trkpt>
      <trkpt lat="34.36126" lon="-117.90208">
        <ele>1724.41</ele>
        <time>2025-08-16T20:04:13Z</time>
      </trkpt>
      <trkpt lat="34.36133" lon="-117.90209">
        <ele>1722.69</ele>
        <time>2025-08-16T20:05:34Z</time>
      </trkpt>
      <trkpt lat="34.36139" lon="-117.90214">
        <ele>1723.36</ele>
        <time>2025-08-16T20:06:21Z</time>
      </trkpt>
      <trkpt lat="34.3614" lon="-117.90224">
        <ele>1726.65</ele>
        <time>2025-08-16T20:07:19Z</time>
      </trkpt>
      <trkpt lat="34.36136" lon="-117.90228">
        <ele>1726.62</ele>
        <time>2025-08-16T20:08:29Z</time>
      </trkpt>
      <trkpt lat="34.36135" lon="-117.90228">
        <ele>1726.41</ele>
        <time>2025-08-16T20:11:05Z</time>
      </trkpt>
      <trkpt lat="34.3614" lon="-117.9023">
        <ele>1728.02</ele>
        <time>2025-08-16T20:13:43Z</time>
      </trkpt>
      <trkpt lat="34.3614" lon="-117.9023">
        <ele>1728.02</ele>
        <time>2025-08-16T20:17:50Z</time>
      </trkpt>
      <trkpt lat="34.36138" lon="-117.90229">
        <ele>1727.27</ele>
        <time>2025-08-16T20:21:41Z</time>
      </trkpt>
      <trkpt lat="34.36141" lon="-117.90229">
        <ele>1728.09</ele>
        <time>2025-08-16T20:26:13Z</time>
      </trkpt>
      <trkpt lat="34.36135" lon="-117.90228">
        <ele>1726.41</ele>
        <time>2025-08-16T20:29:58Z</time>
      </trkpt>
      <trkpt lat="34.36127" lon="-117.90228">
        <ele>1724.89</ele>
        <time>2025-08-16T20:31:20Z</time>
      </trkpt>
      <trkpt lat="34.36132" lon="-117.90236">
        <ele>1727.49</ele>
        <time>2025-08-16T20:37:15Z</time>
      </trkpt>
      <trkpt lat="34.36132" lon="-117.90234">
        <ele>1727.06</ele>
        <time>2025-08-16T20:45:17Z</time>
      </trkpt>
      <trkpt lat="34.36134" lon="-117.90225">
        <ele>1725.54</ele>
        <time>2025-08-16T20:50:01Z</time>
      </trkpt>
      <trkpt lat="34.36133" lon="-117.90212">
        <ele>1722.92</ele>
        <time>2025-08-16T20:51:15Z</time>
      </trkpt>
      <trkpt lat="34.36133" lon="-117.90202">
        <ele>1722.51</ele>
        <time>2025-08-16T20:51:27Z</time>
      </trkpt>
      <trkpt lat="34.36125" lon="-117.90197">
        <ele>1726.95</ele>
        <time>2025-08-16T20:51:34Z</time>
      </trkpt>
      <trkpt lat="34.36117" lon="-117.90196">
        <ele>1732.09</ele>
        <time>2025-08-16T20:51:37Z</time>
      </trkpt>
      <trkpt lat="34.36111" lon="-117.90198">
        <ele>1735.56</ele>
        <time>2025-08-16T20:51:44Z</time>
      </trkpt>
      <trkpt lat="34.36106" lon="-117.90204">
        <ele>1736.72</ele>
        <time>2025-08-16T20:51:50Z</time>
      </trkpt>
      <trkpt lat="34.36102" lon="-117.90211">
        <ele>1735.96</ele>
        <time>2025-08-16T20:51:56Z</time>
      </trkpt>
      <trkpt lat="34.361" lon="-117.90217">
        <ele>1734.68</ele>
        <time>2025-08-16T20:52:04Z</time>
      </trkpt>
      <trkpt lat="34.36102" lon="-117.90221">
        <ele>1731.46</ele>
        <time>2025-08-16T20:52:11Z</time>
      </trkpt>
      <trkpt lat="34.361" lon="-117.90227">
        <ele>1730.45</ele>
        <time>2025-08-16T20:52:17Z</time>
      </trkpt>
      <trkpt lat="34.36097" lon="-117.90232">
        <ele>1729.9</ele>
        <time>2025-08-16T20:52:22Z</time>
      </trkpt>
      <trkpt lat="34.36093" lon="-117.90235">
        <ele>1730.32</ele>
        <time>2025-08-16T20:52:26Z</time>
      </trkpt>
      <trkpt lat="34.36088" lon="-117.90238">
        <ele>1731.81</ele>
        <time>2025-08-16T20:52:31Z</time>
      </trkpt>
      <trkpt lat="34.36084" lon="-117.90242">
        <ele>1732.12</ele>
        <time>2025-08-16T20:52:36Z</time>
      </trkpt>
      <trkpt lat="34.36079" lon="-117.90247">
        <ele>1732.95</ele>
        <time>2025-08-16T20:52:42Z</time>
      </trkpt>
      <trkpt lat="34.36074" lon="-117.90251">
        <ele>1734.95</ele>
        <time>2025-08-16T20:52:48Z</time>
      </trkpt>
      <trkpt lat="34.3607" lon="-117.90256">
        <ele>1737.72</ele>
        <time>2025-08-16T20:52:54Z</time>
      </trkpt>
      <trkpt lat="34.36065" lon="-117.90261">
        <ele>1742.03</ele>
        <time>2025-08-16T20:53:00Z</time>
      </trkpt>
      <trkpt lat="34.36062" lon="-117.90266">
        <ele>1744.63</ele>
        <time>2025-08-16T20:53:06Z</time>
      </trkpt>
      <trkpt lat="34.36063" lon="-117.90273">
        <ele>1744.18</ele>
        <time>2025-08-16T20:53:14Z</time>
      </trkpt>
      <trkpt lat="34.36064" lon="-117.90281">
        <ele>1743.53</ele>
        <time>2025-08-16T20:53:22Z</time>
      </trkpt>
      <trkpt lat="34.36065" lon="-117.90289">
        <ele>1743.09</ele>
        <time>2025-08-16T20:53:28Z</time>
      </trkpt>
      <trkpt lat="34.36065" lon="-117.90297">
        <ele>1743.88</ele>
        <time>2025-08-16T20:53:31Z</time>
      </trkpt>
      <trkpt lat="34.36065" lon="-117.90305">
        <ele>1743.9</ele>
        <time>2025-08-16T20:53:37Z</time>
      </trkpt>
      <trkpt lat="34.36063" lon="-117.90313">
        <ele>1745.18</ele>
        <time>2025-08-16T20:53:44Z</time>
      </trkpt>
      <trkpt lat="34.36061" lon="-117.9032">
        <ele>1746.47</ele>
        <time>2025-08-16T20:53:50Z</time>
      </trkpt>
      <trkpt lat="34.36066" lon="-117.90327">
        <ele>1743.49</ele>
        <time>2025-08-16T20:54:03Z</time>
      </trkpt>
      <trkpt lat="34.36072" lon="-117.90328">
        <ele>1740.9</ele>
        <time>2025-08-16T20:54:07Z</time>
      </trkpt>
      <trkpt lat="34.36076" lon="-117.90322">
        <ele>1738.94</ele>
        <time>2025-08-16T20:54:13Z</time>
      </trkpt>
      <trkpt lat="34.3608" lon="-117.90328">
        <ele>1737.71</ele>
        <time>2025-08-16T20:54:33Z</time>
      </trkpt>
      <trkpt lat="34.36081" lon="-117.90335">
        <ele>1737.89</ele>
        <time>2025-08-16T20:54:36Z</time>
      </trkpt>
      <trkpt lat="34.36083" lon="-117.90342">
        <ele>1738.01</ele>
        <time>2025-08-16T20:54:40Z</time>
      </trkpt>
      <trkpt lat="34.36084" lon="-117.90349">
        <ele>1738.05</ele>
        <time>2025-08-16T20:54:46Z</time>
      </trkpt>
      <trkpt lat="34.36085" lon="-117.90356">
        <ele>1738.18</ele>
        <time>2025-08-16T20:54:52Z</time>
      </trkpt>
      <trkpt lat="34.36086" lon="-117.90362">
        <ele>1738.29</ele>
        <time>2025-08-16T20:54:58Z</time>
      </trkpt>
      <trkpt lat="34.36089" lon="-117.90368">
        <ele>1738.61</ele>
        <time>2025-08-16T20:55:09Z</time>
      </trkpt>
      <trkpt lat="34.36091" lon="-117.90362">
        <ele>1738.83</ele>
        <time>2025-08-16T20:55:21Z</time>
      </trkpt>
      <trkpt lat="34.36091" lon="-117.90356">
        <ele>1738.83</ele>
        <time>2025-08-16T20:55:25Z</time>
      </trkpt>
      <trkpt lat="34.36087" lon="-117.9035">
        <ele>1738.32</ele>
        <time>2025-08-16T20:57:37Z</time>
      </trkpt>
      <trkpt lat="34.36092" lon="-117.90349">
        <ele>1738.65</ele>
        <time>2025-08-16T20:58:10Z</time>
      </trkpt>
      <trkpt lat="34.36093" lon="-117.90356">
        <ele>1739.13</ele>
        <time>2025-08-16T20:58:13Z</time>
      </trkpt>
      <trkpt lat="34.36093" lon="-117.90363">
        <ele>1739.13</ele>
        <time>2025-08-16T20:58:16Z</time>
      </trkpt>
      <trkpt lat="34.36098" lon="-117.90358">
        <ele>1740.75</ele>
        <time>2025-08-16T20:58:43Z</time>
      </trkpt>
      <trkpt lat="34.36107" lon="-117.90361">
        <ele>1744.22</ele>
        <time>2025-08-16T21:03:13Z</time>
      </trkpt>
      <trkpt lat="34.36107" lon="-117.90374">
        <ele>1744.44</ele>
        <time>2025-08-16T21:03:17Z</time>
      </trkpt>
      <trkpt lat="34.36103" lon="-117.90383">
        <ele>1742.98</ele>
        <time>2025-08-16T21:03:25Z</time>
      </trkpt>
      <trkpt lat="34.36096" lon="-117.90386">
        <ele>1741.42</ele>
        <time>2025-08-16T21:03:29Z</time>
      </trkpt>
      <trkpt lat="34.36096" lon="-117.90394">
        <ele>1742.49</ele>
        <time>2025-08-16T21:03:39Z</time>
      </trkpt>
      <trkpt lat="34.36096" lon="-117.90401">
        <ele>1743.22</ele>
        <time>2025-08-16T21:03:47Z</time>
      </trkpt>
      <trkpt lat="34.36097" lon="-117.90407">
        <ele>1743.88</ele>
        <time>2025-08-16T21:03:54Z</time>
      </trkpt>
      <trkpt lat="34.36097" lon="-117.90413">
        <ele>1744.82</ele>
        <time>2025-08-16T21:04:00Z</time>
      </trkpt>
      <trkpt lat="34.36097" lon="-117.90419">
        <ele>1745.8</ele>
        <time>2025-08-16T21:04:06Z</time>
      </trkpt>
      <trkpt lat="34.36097" lon="-117.90425">
        <ele>1746.76</ele>
        <time>2025-08-16T21:04:12Z</time>
      </trkpt>
      <trkpt lat="34.36096" lon="-117.90431">
        <ele>1747.57</ele>
        <time>2025-08-16T21:04:19Z</time>
      </trkpt>
      <trkpt lat="34.36095" lon="-117.90438">
        <ele>1748.87</ele>
        <time>2025-08-16T21:04:26Z</time>
      </trkpt>
      <trkpt lat="34.36094" lon="-117.90444">
        <ele>1750.32</ele>
        <time>2025-08-16T21:04:33Z</time>
      </trkpt>
      <trkpt lat="34.36093" lon="-117.9045">
        <ele>1751.36</ele>
        <time>2025-08-16T21:04:40Z</time>
      </trkpt>
      <trkpt lat="34.36091" lon="-117.90457">
        <ele>1752.55</ele>
        <time>2025-08-16T21:04:47Z</time>
      </trkpt>
      <trkpt lat="34.36086" lon="-117.90462">
        <ele>1752.55</ele>
        <time>2025-08-16T21:04:52Z</time>
      </trkpt>
      <trkpt lat="34.36081" lon="-117.90467">
        <ele>1752.12</ele>
        <time>2025-08-16T21:04:57Z</time>
      </trkpt>
      <trkpt lat="34.3608" lon="-117.90473">
        <ele>1753.03</ele>
        <time>2025-08-16T21:05:04Z</time>
      </trkpt>
      <trkpt lat="34.36078" lon="-117.9048">
        <ele>1753.6</ele>
        <time>2025-08-16T21:05:11Z</time>
      </trkpt>
      <trkpt lat="34.36078" lon="-117.90487">
        <ele>1754.7</ele>
        <time>2025-08-16T21:05:18Z</time>
      </trkpt>
      <trkpt lat="34.36079" lon="-117.90494">
        <ele>1756.49</ele>
        <time>2025-08-16T21:05:25Z</time>
      </trkpt>
      <trkpt lat="34.3608" lon="-117.905">
        <ele>1758.56</ele>
        <time>2025-08-16T21:05:31Z</time>
      </trkpt>
      <trkpt lat="34.36081" lon="-117.90507">
        <ele>1760.5</ele>
        <time>2025-08-16T21:05:37Z</time>
      </trkpt>
      <trkpt lat="34.3608" lon="-117.90514">
        <ele>1761.77</ele>
        <time>2025-08-16T21:05:43Z</time>
      </trkpt>
      <trkpt lat="34.36078" lon="-117.9052">
        <ele>1762.59</ele>
        <time>2025-08-16T21:05:49Z</time>
      </trkpt>
      <trkpt lat="34.36076" lon="-117.90528">
        <ele>1763.7</ele>
        <time>2025-08-16T21:05:56Z</time>
      </trkpt>
      <trkpt lat="34.36074" lon="-117.90534">
        <ele>1764.99</ele>
        <time>2025-08-16T21:06:02Z</time>
      </trkpt>
      <trkpt lat="34.36072" lon="-117.90541">
        <ele>1766.52</ele>
        <time>2025-08-16T21:06:08Z</time>
      </trkpt>
      <trkpt lat="34.36071" lon="-117.90547">
        <ele>1767.82</ele>
        <time>2025-08-16T21:06:14Z</time>
      </trkpt>
      <trkpt lat="34.36069" lon="-117.90554">
        <ele>1768.47</ele>
        <time>2025-08-16T21:06:20Z</time>
      </trkpt>
      <trkpt lat="34.36068" lon="-117.9056">
        <ele>1769.17</ele>
        <time>2025-08-16T21:06:26Z</time>
      </trkpt>
      <trkpt lat="34.36067" lon="-117.90566">
        <ele>1769.96</ele>
        <time>2025-08-16T21:06:32Z</time>
      </trkpt>
      <trkpt lat="34.36066" lon="-117.90573">
        <ele>1771.15</ele>
        <time>2025-08-16T21:06:38Z</time>
      </trkpt>
      <trkpt lat="34.36065" lon="-117.90579">
        <ele>1771.59</ele>
        <time>2025-08-16T21:06:44Z</time>
      </trkpt>
      <trkpt lat="34.36064" lon="-117.90586">
        <ele>1771.94</ele>
        <time>2025-08-16T21:06:50Z</time>
      </trkpt>
      <trkpt lat="34.36064" lon="-117.90591">
        <ele>1772.48</ele>
        <time>2025-08-16T21:06:55Z</time>
      </trkpt>
      <trkpt lat="34.36064" lon="-117.90596">
        <ele>1773.05</ele>
        <time>2025-08-16T21:07:00Z</time>
      </trkpt>
      <trkpt lat="34.36063" lon="-117.90602">
        <ele>1773.43</ele>
        <time>2025-08-16T21:07:05Z</time>
      </trkpt>
      <trkpt lat="34.36062" lon="-117.90607">
        <ele>1773.64</ele>
        <time>2025-08-16T21:07:10Z</time>
      </trkpt>
      <trkpt lat="34.36061" lon="-117.90613">
        <ele>1774.09</ele>
        <time>2025-08-16T21:07:15Z</time>
      </trkpt>
      <trkpt lat="34.3606" lon="-117.90618">
        <ele>1774.54</ele>
        <time>2025-08-16T21:07:20Z</time>
      </trkpt>
      <trkpt lat="34.36059" lon="-117.90624">
        <ele>1774.88</ele>
        <time>2025-08-16T21:07:25Z</time>
      </trkpt>
      <trkpt lat="34.36058" lon="-117.90629">
        <ele>1774.99</ele>
        <time>2025-08-16T21:07:30Z</time>
      </trkpt>
      <trkpt lat="34.36057" lon="-117.90636">
        <ele>1775.89</ele>
        <time>2025-08-16T21:07:36Z</time>
      </trkpt>
      <trkpt lat="34.36056" lon="-117.90641">
        <ele>1776.38</ele>
        <time>2025-08-16T21:07:41Z</time>
      </trkpt>
      <trkpt lat="34.36055" lon="-117.90647">
        <ele>1776.58</ele>
        <time>2025-08-16T21:07:46Z</time>
      </trkpt>
      <trkpt lat="34.36054" lon="-117.90652">
        <ele>1776.58</ele>
        <time>2025-08-16T21:07:51Z</time>
      </trkpt>
      <trkpt lat="34.36053" lon="-117.90657">
        <ele>1776.58</ele>
        <time>2025-08-16T21:07:56Z</time>
      </trkpt>
      <trkpt lat="34.36052" lon="-117.90662">
        <ele>1776.58</ele>
        <time>2025-08-16T21:08:01Z</time>
      </trkpt>
      <trkpt lat="34.36052" lon="-117.90668">
        <ele>1777.22</ele>
        <time>2025-08-16T21:08:06Z</time>
      </trkpt>
      <trkpt lat="34.3605" lon="-117.90674">
        <ele>1776.79</ele>
        <time>2025-08-16T21:08:12Z</time>
      </trkpt>
      <trkpt lat="34.36049" lon="-117.9068">
        <ele>1776.9</ele>
        <time>2025-08-16T21:08:18Z</time>
      </trkpt>
      <trkpt lat="34.36048" lon="-117.90685">
        <ele>1776.9</ele>
        <time>2025-08-16T21:08:23Z</time>
      </trkpt>
      <trkpt lat="34.36048" lon="-117.9069">
        <ele>1777.44</ele>
        <time>2025-08-16T21:08:28Z</time>
      </trkpt>
      <trkpt lat="34.36047" lon="-117.90695">
        <ele>1777.44</ele>
        <time>2025-08-16T21:08:33Z</time>
      </trkpt>
      <trkpt lat="34.36046" lon="-117.907">
        <ele>1777.44</ele>
        <time>2025-08-16T21:08:38Z</time>
      </trkpt>
      <trkpt lat="34.36049" lon="-117.90704">
        <ele>1779.46</ele>
        <time>2025-08-16T21:08:48Z</time>
      </trkpt>
      <trkpt lat="34.36051" lon="-117.90708">
        <ele>1780.54</ele>
        <time>2025-08-16T21:08:55Z</time>
      </trkpt>
      <trkpt lat="34.36053" lon="-117.90713">
        <ele>1781.62</ele>
        <time>2025-08-16T21:09:01Z</time>
      </trkpt>
      <trkpt lat="34.36055" lon="-117.90718">
        <ele>1783.24</ele>
        <time>2025-08-16T21:09:07Z</time>
      </trkpt>
      <trkpt lat="34.36056" lon="-117.90722">
        <ele>1784.26</ele>
        <time>2025-08-16T21:09:13Z</time>
      </trkpt>
      <trkpt lat="34.36058" lon="-117.90728">
        <ele>1786.67</ele>
        <time>2025-08-16T21:09:19Z</time>
      </trkpt>
      <trkpt lat="34.36059" lon="-117.90733">
        <ele>1788.35</ele>
        <time>2025-08-16T21:09:24Z</time>
      </trkpt>
      <trkpt lat="34.3606" lon="-117.90738">
        <ele>1790.51</ele>
        <time>2025-08-16T21:09:29Z</time>
      </trkpt>
      <trkpt lat="34.36061" lon="-117.90743">
        <ele>1792.53</ele>
        <time>2025-08-16T21:09:34Z</time>
      </trkpt>
      <trkpt lat="34.36062" lon="-117.90749">
        <ele>1794.54</ele>
        <time>2025-08-16T21:09:39Z</time>
      </trkpt>
      <trkpt lat="34.36062" lon="-117.90754">
        <ele>1795.95</ele>
        <time>2025-08-16T21:09:42Z</time>
      </trkpt>
      <trkpt lat="34.36063" lon="-117.9076">
        <ele>1798.18</ele>
        <time>2025-08-16T21:09:45Z</time>
      </trkpt>
      <trkpt lat="34.36063" lon="-117.90766">
        <ele>1799.48</ele>
        <time>2025-08-16T21:09:49Z</time>
      </trkpt>
      <trkpt lat="34.36063" lon="-117.90771">
        <ele>1800.56</ele>
        <time>2025-08-16T21:09:53Z</time>
      </trkpt>
      <trkpt lat="34.36061" lon="-117.90776">
        <ele>1800.56</ele>
        <time>2025-08-16T21:09:57Z</time>
      </trkpt>
      <trkpt lat="34.36059" lon="-117.90781">
        <ele>1800.43</ele>
        <time>2025-08-16T21:10:02Z</time>
      </trkpt>
      <trkpt lat="34.36057" lon="-117.90785">
        <ele>1800.22</ele>
        <time>2025-08-16T21:10:06Z</time>
      </trkpt>
      <trkpt lat="34.36054" lon="-117.90789">
        <ele>1799.37</ele>
        <time>2025-08-16T21:10:11Z</time>
      </trkpt>
      <trkpt lat="34.36052" lon="-117.90794">
        <ele>1798.83</ele>
        <time>2025-08-16T21:10:16Z</time>
      </trkpt>
      <trkpt lat="34.36051" lon="-117.90799">
        <ele>1798.98</ele>
        <time>2025-08-16T21:10:21Z</time>
      </trkpt>
      <trkpt lat="34.36053" lon="-117.90804">
        <ele>1800.68</ele>
        <time>2025-08-16T21:10:26Z</time>
      </trkpt>
      <trkpt lat="34.36056" lon="-117.90808">
        <ele>1802.5</ele>
        <time>2025-08-16T21:10:30Z</time>
      </trkpt>
      <trkpt lat="34.36056" lon="-117.90813">
        <ele>1803.04</ele>
        <time>2025-08-16T21:10:35Z</time>
      </trkpt>
      <trkpt lat="34.36056" lon="-117.90818">
        <ele>1803.58</ele>
        <time>2025-08-16T21:10:40Z</time>
      </trkpt>
      <trkpt lat="34.36055" lon="-117.90823">
        <ele>1803.58</ele>
        <time>2025-08-16T21:10:44Z</time>
      </trkpt>
      <trkpt lat="34.36054" lon="-117.90827">
        <ele>1803.21</ele>
        <time>2025-08-16T21:10:48Z</time>
      </trkpt>
      <trkpt lat="34.36052" lon="-117.90833">
        <ele>1802.45</ele>
        <time>2025-08-16T21:10:53Z</time>
      </trkpt>
      <trkpt lat="34.36051" lon="-117.90837">
        <ele>1802.62</ele>
        <time>2025-08-16T21:10:57Z</time>
      </trkpt>
      <trkpt lat="34.36049" lon="-117.90841">
        <ele>1802.58</ele>
        <time>2025-08-16T21:11:01Z</time>
      </trkpt>
      <trkpt lat="34.36045" lon="-117.90845">
        <ele>1802.0</ele>
        <time>2025-08-16T21:11:04Z</time>
      </trkpt>
      <trkpt lat="34.36042" lon="-117.90848">
        <ele>1801.58</ele>
        <time>2025-08-16T21:11:07Z</time>
      </trkpt>
      <trkpt lat="34.36039" lon="-117.90851">
        <ele>1801.38</ele>
        <time>2025-08-16T21:11:11Z</time>
      </trkpt>
      <trkpt lat="34.36035" lon="-117.90851">
        <ele>1800.26</ele>
        <time>2025-08-16T21:11:15Z</time>
      </trkpt>
      <trkpt lat="34.3603" lon="-117.90851">
        <ele>1799.13</ele>
        <time>2025-08-16T21:11:20Z</time>
      </trkpt>
      <trkpt lat="34.36026" lon="-117.90852">
        <ele>1798.68</ele>
        <time>2025-08-16T21:11:25Z</time>
      </trkpt>
      <trkpt lat="34.36022" lon="-117.90854">
        <ele>1798.54</ele>
        <time>2025-08-16T21:11:30Z</time>
      </trkpt>
      <trkpt lat="34.36019" lon="-117.90857">
        <ele>1798.8</ele>
        <time>2025-08-16T21:11:35Z</time>
      </trkpt>
      <trkpt lat="34.36016" lon="-117.90861">
        <ele>1799.15</ele>
        <time>2025-08-16T21:11:40Z</time>
      </trkpt>
      <trkpt lat="34.36014" lon="-117.90865">
        <ele>1800.22</ele>
        <time>2025-08-16T21:11:45Z</time>
      </trkpt>
      <trkpt lat="34.36012" lon="-117.90869">
        <ele>1801.3</ele>
        <time>2025-08-16T21:11:50Z</time>
      </trkpt>
      <trkpt lat="34.36011" lon="-117.90874">
        <ele>1802.74</ele>
        <time>2025-08-16T21:11:55Z</time>
      </trkpt>
      <trkpt lat="34.36011" lon="-117.90879">
        <ele>1804.36</ele>
        <time>2025-08-16T21:12:00Z</time>
      </trkpt>
      <trkpt lat="34.36012" lon="-117.90884">
        <ele>1805.97</ele>
        <time>2025-08-16T21:12:03Z</time>
      </trkpt>
      <trkpt lat="34.36012" lon="-117.90889">
        <ele>1807.22</ele>
        <time>2025-08-16T21:12:07Z</time>
      </trkpt>
      <trkpt lat="34.36011" lon="-117.90894">
        <ele>1808.41</ele>
        <time>2025-08-16T21:12:12Z</time>
      </trkpt>
      <trkpt lat="34.36008" lon="-117.90897">
        <ele>1807.96</ele>
        <time>2025-08-16T21:12:16Z</time>
      </trkpt>
      <trkpt lat="34.36007" lon="-117.90902">
        <ele>1808.61</ele>
        <time>2025-08-16T21:12:21Z</time>
      </trkpt>
      <trkpt lat="34.36012" lon="-117.90903">
        <ele>1811.39</ele>
        <time>2025-08-16T21:12:49Z</time>
      </trkpt>
      <trkpt lat="34.36006" lon="-117.90907">
        <ele>1809.15</ele>
        <time>2025-08-16T21:15:03Z</time>
      </trkpt>
      <trkpt lat="34.36006" lon="-117.90915">
        <ele>1811.7</ele>
        <time>2025-08-16T21:15:08Z</time>
      </trkpt>
      <trkpt lat="34.36006" lon="-117.90924">
        <ele>1814.1</ele>
        <time>2025-08-16T21:15:10Z</time>
      </trkpt>
      <trkpt lat="34.36006" lon="-117.90932">
        <ele>1815.9</ele>
        <time>2025-08-16T21:15:13Z</time>
      </trkpt>
      <trkpt lat="34.36006" lon="-117.90938">
        <ele>1817.31</ele>
        <time>2025-08-16T21:15:18Z</time>
      </trkpt>
      <trkpt lat="34.36006" lon="-117.90944">
        <ele>1818.83</ele>
        <time>2025-08-16T21:15:24Z</time>
      </trkpt>
      <trkpt lat="34.36006" lon="-117.90949">
        <ele>1820.42</ele>
        <time>2025-08-16T21:15:29Z</time>
      </trkpt>
      <trkpt lat="34.36006" lon="-117.90953">
        <ele>1821.72</ele>
        <time>2025-08-16T21:15:34Z</time>
      </trkpt>
      <trkpt lat="34.36004" lon="-117.90957">
        <ele>1822.57</ele>
        <time>2025-08-16T21:15:38Z</time>
      </trkpt>
      <trkpt lat="34.36001" lon="-117.90958">
        <ele>1822.13</ele>
        <time>2025-08-16T21:15:42Z</time>
      </trkpt>
      <trkpt lat="34.35997" lon="-117.90957">
        <ele>1820.66</ele>
        <time>2025-08-16T21:15:47Z</time>
      </trkpt>
      <trkpt lat="34.35994" lon="-117.9096">
        <ele>1820.98</ele>
        <time>2025-08-16T21:15:52Z</time>
      </trkpt>
      <trkpt lat="34.35992" lon="-117.90962">
        <ele>1821.08</ele>
        <time>2025-08-16T21:15:56Z</time>
      </trkpt>
      <trkpt lat="34.3599" lon="-117.90965">
        <ele>1821.48</ele>
        <time>2025-08-16T21:16:00Z</time>
      </trkpt>
      <trkpt lat="34.35988" lon="-117.90968">
        <ele>1821.88</ele>
        <time>2025-08-16T21:16:04Z</time>
      </trkpt>
      <trkpt lat="34.35986" lon="-117.90971">
        <ele>1822.14</ele>
        <time>2025-08-16T21:16:08Z</time>
      </trkpt>
      <trkpt lat="34.35985" lon="-117.90974">
        <ele>1822.72</ele>
        <time>2025-08-16T21:16:12Z</time>
      </trkpt>
      <trkpt lat="34.35983" lon="-117.90977">
        <ele>1823.04</ele>
        <time>2025-08-16T21:16:16Z</time>
      </trkpt>
      <trkpt lat="34.35981" lon="-117.90981">
        <ele>1823.59</ele>
        <time>2025-08-16T21:16:21Z</time>
      </trkpt>
      <trkpt lat="34.35976" lon="-117.90988">
        <ele>1822.45</ele>
        <time>2025-08-16T21:16:46Z</time>
      </trkpt>
      <trkpt lat="34.35984" lon="-117.90991">
        <ele>1827.12</ele>
        <time>2025-08-16T21:16:56Z</time>
      </trkpt>
      <trkpt lat="34.35989" lon="-117.90996">
        <ele>1829.82</ele>
        <time>2025-08-16T21:17:08Z</time>
      </trkpt>
      <trkpt lat="34.35992" lon="-117.91007">
        <ele>1832.92</ele>
        <time>2025-08-16T21:18:14Z</time>
      </trkpt>
      <trkpt lat="34.35994" lon="-117.91015">
        <ele>1835.3</ele>
        <time>2025-08-16T21:18:32Z</time>
      </trkpt>
      <trkpt lat="34.35995" lon="-117.91023">
        <ele>1837.09</ele>
        <time>2025-08-16T21:18:37Z</time>
      </trkpt>
      <trkpt lat="34.35995" lon="-117.9103">
        <ele>1838.08</ele>
        <time>2025-08-16T21:18:41Z</time>
      </trkpt>
      <trkpt lat="34.36" lon="-117.91033">
        <ele>1840.56</ele>
        <time>2025-08-16T21:18:47Z</time>
      </trkpt>
      <trkpt lat="34.36004" lon="-117.91034">
        <ele>1842.26</ele>
        <time>2025-08-16T21:18:51Z</time>
      </trkpt>
      <trkpt lat="34.36009" lon="-117.91033">
        <ele>1844.03</ele>
        <time>2025-08-16T21:18:57Z</time>
      </trkpt>
      <trkpt lat="34.36012" lon="-117.9103">
        <ele>1844.37</ele>
        <time>2025-08-16T21:19:02Z</time>
      </trkpt>
      <trkpt lat="34.36014" lon="-117.91026">
        <ele>1844.25</ele>
        <time>2025-08-16T21:19:05Z</time>
      </trkpt>
      <trkpt lat="34.36016" lon="-117.91022">
        <ele>1844.11</ele>
        <time>2025-08-16T21:19:09Z</time>
      </trkpt>
      <trkpt lat="34.36019" lon="-117.91019">
        <ele>1844.16</ele>
        <time>2025-08-16T21:19:14Z</time>
      </trkpt>
      <trkpt lat="34.36023" lon="-117.91017">
        <ele>1844.07</ele>
        <time>2025-08-16T21:19:20Z</time>
      </trkpt>
      <trkpt lat="34.36026" lon="-117.91015">
        <ele>1843.98</ele>
        <time>2025-08-16T21:19:25Z</time>
      </trkpt>
      <trkpt lat="34.3603" lon="-117.91013">
        <ele>1844.77</ele>
        <time>2025-08-16T21:19:31Z</time>
      </trkpt>
      <trkpt lat="34.36035" lon="-117.91014">
        <ele>1847.14</ele>
        <time>2025-08-16T21:19:38Z</time>
      </trkpt>
      <trkpt lat="34.36037" lon="-117.91021">
        <ele>1849.52</ele>
        <time>2025-08-16T21:19:41Z</time>
      </trkpt>
      <trkpt lat="34.36039" lon="-117.91028">
        <ele>1851.68</ele>
        <time>2025-08-16T21:19:44Z</time>
      </trkpt>
      <trkpt lat="34.36041" lon="-117.91034">
        <ele>1853.63</ele>
        <time>2025-08-16T21:19:48Z</time>
      </trkpt>
      <trkpt lat="34.36037" lon="-117.91036">
        <ele>1852.77</ele>
        <time>2025-08-16T21:19:51Z</time>
      </trkpt>
      <trkpt lat="34.36034" lon="-117.91039">
        <ele>1852.91</ele>
        <time>2025-08-16T21:19:54Z</time>
      </trkpt>
      <trkpt lat="34.36032" lon="-117.91044">
        <ele>1853.76</ele>
        <time>2025-08-16T21:19:59Z</time>
      </trkpt>
      <trkpt lat="34.3603" lon="-117.91047">
        <ele>1853.87</ele>
        <time>2025-08-16T21:20:03Z</time>
      </trkpt>
      <trkpt lat="34.36029" lon="-117.91052">
        <ele>1854.63</ele>
        <time>2025-08-16T21:20:07Z</time>
      </trkpt>
      <trkpt lat="34.36028" lon="-117.91056">
        <ele>1855.17</ele>
        <time>2025-08-16T21:20:11Z</time>
      </trkpt>
      <trkpt lat="34.36027" lon="-117.9106">
        <ele>1855.71</ele>
        <time>2025-08-16T21:20:14Z</time>
      </trkpt>
      <trkpt lat="34.36026" lon="-117.91063">
        <ele>1856.03</ele>
        <time>2025-08-16T21:20:17Z</time>
      </trkpt>
      <trkpt lat="34.36025" lon="-117.91066">
        <ele>1856.14</ele>
        <time>2025-08-16T21:20:20Z</time>
      </trkpt>
      <trkpt lat="34.36024" lon="-117.9107">
        <ele>1856.0</ele>
        <time>2025-08-16T21:20:23Z</time>
      </trkpt>
      <trkpt lat="34.36022" lon="-117.91073">
        <ele>1855.68</ele>
        <time>2025-08-16T21:20:26Z</time>
      </trkpt>
      <trkpt lat="34.36021" lon="-117.91077">
        <ele>1855.3</ele>
        <time>2025-08-16T21:20:29Z</time>
      </trkpt>
      <trkpt lat="34.36019" lon="-117.9108">
        <ele>1854.5</ele>
        <time>2025-08-16T21:20:32Z</time>
      </trkpt>
      <trkpt lat="34.36019" lon="-117.91083">
        <ele>1854.19</ele>
        <time>2025-08-16T21:20:36Z</time>
      </trkpt>
      <trkpt lat="34.36022" lon="-117.91086">
        <ele>1854.55</ele>
        <time>2025-08-16T21:21:13Z</time>
      </trkpt>
      <trkpt lat="34.36025" lon="-117.9109">
        <ele>1854.66</ele>
        <time>2025-08-16T21:21:16Z</time>
      </trkpt>
      <trkpt lat="34.36028" lon="-117.91094">
        <ele>1854.62</ele>
        <time>2025-08-16T21:21:20Z</time>
      </trkpt>
      <trkpt lat="34.36031" lon="-117.91098">
        <ele>1854.29</ele>
        <time>2025-08-16T21:21:24Z</time>
      </trkpt>
      <trkpt lat="34.36034" lon="-117.91102">
        <ele>1853.94</ele>
        <time>2025-08-16T21:21:28Z</time>
      </trkpt>
      <trkpt lat="34.36037" lon="-117.91106">
        <ele>1852.75</ele>
        <time>2025-08-16T21:21:32Z</time>
      </trkpt>
      <trkpt lat="34.36039" lon="-117.91109">
        <ele>1851.99</ele>
        <time>2025-08-16T21:21:36Z</time>
      </trkpt>
      <trkpt lat="34.3604" lon="-117.91114">
        <ele>1849.72</ele>
        <time>2025-08-16T21:21:40Z</time>
      </trkpt>
      <trkpt lat="34.36041" lon="-117.91119">
        <ele>1847.45</ele>
        <time>2025-08-16T21:21:44Z</time>
      </trkpt>
      <trkpt lat="34.36041" lon="-117.91123">
        <ele>1845.45</ele>
        <time>2025-08-16T21:21:48Z</time>
      </trkpt>
      <trkpt lat="34.3604" lon="-117.91128">
        <ele>1842.72</ele>
        <time>2025-08-16T21:21:52Z</time>
      </trkpt>
      <trkpt lat="34.36041" lon="-117.91133">
        <ele>1841.19</ele>
        <time>2025-08-16T21:21:56Z</time>
      </trkpt>
      <trkpt lat="34.36043" lon="-117.91137">
        <ele>1840.54</ele>
        <time>2025-08-16T21:22:00Z</time>
      </trkpt>
      <trkpt lat="34.36046" lon="-117.91141">
        <ele>1840.23</ele>
        <time>2025-08-16T21:22:04Z</time>
      </trkpt>
      <trkpt lat="34.36048" lon="-117.91144">
        <ele>1839.98</ele>
        <time>2025-08-16T21:22:09Z</time>
      </trkpt>
      <trkpt lat="34.36051" lon="-117.91147">
        <ele>1839.96</ele>
        <time>2025-08-16T21:22:13Z</time>
      </trkpt>
      <trkpt lat="34.36054" lon="-117.9115">
        <ele>1839.96</ele>
        <time>2025-08-16T21:22:18Z</time>
      </trkpt>
      <trkpt lat="34.36057" lon="-117.91146">
        <ele>1842.59</ele>
        <time>2025-08-16T21:22:24Z</time>
      </trkpt>
      <trkpt lat="34.36059" lon="-117.91142">
        <ele>1845.39</ele>
        <time>2025-08-16T21:22:28Z</time>
      </trkpt>
      <trkpt lat="34.36063" lon="-117.91142">
        <ele>1847.41</ele>
        <time>2025-08-16T21:22:34Z</time>
      </trkpt>
      <trkpt lat="34.36066" lon="-117.91142">
        <ele>1849.17</ele>
        <time>2025-08-16T21:22:40Z</time>
      </trkpt>
      <trkpt lat="34.3607" lon="-117.91143">
        <ele>1851.45</ele>
        <time>2025-08-16T21:22:46Z</time>
      </trkpt>
      <trkpt lat="34.36072" lon="-117.91148">
        <ele>1849.75</ele>
        <time>2025-08-16T21:22:50Z</time>
      </trkpt>
      <trkpt lat="34.36075" lon="-117.91153">
        <ele>1848.4</ele>
        <time>2025-08-16T21:22:56Z</time>
      </trkpt>
      <trkpt lat="34.36077" lon="-117.91159">
        <ele>1845.61</ele>
        <time>2025-08-16T21:23:03Z</time>
      </trkpt>
      <trkpt lat="34.3608" lon="-117.91165">
        <ele>1843.05</ele>
        <time>2025-08-16T21:23:09Z</time>
      </trkpt>
      <trkpt lat="34.36082" lon="-117.9117">
        <ele>1841.59</ele>
        <time>2025-08-16T21:23:14Z</time>
      </trkpt>
      <trkpt lat="34.36085" lon="-117.91174">
        <ele>1841.52</ele>
        <time>2025-08-16T21:23:19Z</time>
      </trkpt>
      <trkpt lat="34.36088" lon="-117.91178">
        <ele>1842.29</ele>
        <time>2025-08-16T21:23:24Z</time>
      </trkpt>
      <trkpt lat="34.3609" lon="-117.91182">
        <ele>1842.66</ele>
        <time>2025-08-16T21:23:29Z</time>
      </trkpt>
      <trkpt lat="34.36093" lon="-117.91186">
        <ele>1843.22</ele>
        <time>2025-08-16T21:23:34Z</time>
      </trkpt>
      <trkpt lat="34.36096" lon="-117.91191">
        <ele>1844.61</ele>
        <time>2025-08-16T21:23:39Z</time>
      </trkpt>
      <trkpt lat="34.36098" lon="-117.91194">
        <ele>1845.36</ele>
        <time>2025-08-16T21:23:43Z</time>
      </trkpt>
      <trkpt lat="34.361" lon="-117.91198">
        <ele>1845.82</ele>
        <time>2025-08-16T21:23:47Z</time>
      </trkpt>
      <trkpt lat="34.36103" lon="-117.91202">
        <ele>1846.78</ele>
        <time>2025-08-16T21:23:51Z</time>
      </trkpt>
      <trkpt lat="34.36105" lon="-117.91206">
        <ele>1847.62</ele>
        <time>2025-08-16T21:23:55Z</time>
      </trkpt>
      <trkpt lat="34.36107" lon="-117.9121">
        <ele>1848.4</ele>
        <time>2025-08-16T21:23:59Z</time>
      </trkpt>
      <trkpt lat="34.36109" lon="-117.91214">
        <ele>1849.0</ele>
        <time>2025-08-16T21:24:03Z</time>
      </trkpt>
      <trkpt lat="34.36112" lon="-117.91217">
        <ele>1849.85</ele>
        <time>2025-08-16T21:24:07Z</time>
      </trkpt>
      <trkpt lat="34.36114" lon="-117.91221">
        <ele>1850.07</ele>
        <time>2025-08-16T21:24:11Z</time>
      </trkpt>
      <trkpt lat="34.36116" lon="-117.91224">
        <ele>1850.48</ele>
        <time>2025-08-16T21:24:15Z</time>
      </trkpt>
      <trkpt lat="34.36118" lon="-117.91228">
        <ele>1850.77</ele>
        <time>2025-08-16T21:24:20Z</time>
      </trkpt>
      <trkpt lat="34.3612" lon="-117.91231">
        <ele>1850.97</ele>
        <time>2025-08-16T21:24:24Z</time>
      </trkpt>
      <trkpt lat="34.36122" lon="-117.91234">
        <ele>1851.08</ele>
        <time>2025-08-16T21:24:28Z</time>
      </trkpt>
      <trkpt lat="34.36124" lon="-117.91237">
        <ele>1851.19</ele>
        <time>2025-08-16T21:24:32Z</time>
      </trkpt>
      <trkpt lat="34.36126" lon="-117.91241">
        <ele>1851.21</ele>
        <time>2025-08-16T21:24:36Z</time>
      </trkpt>
      <trkpt lat="34.36128" lon="-117.91244">
        <ele>1851.59</ele>
        <time>2025-08-16T21:24:40Z</time>
      </trkpt>
      <trkpt lat="34.36128" lon="-117.91248">
        <ele>1851.51</ele>
        <time>2025-08-16T21:24:43Z</time>
      </trkpt>
      <trkpt lat="34.36128" lon="-117.91252">
        <ele>1851.29</ele>
        <time>2025-08-16T21:24:46Z</time>
      </trkpt>
      <trkpt lat="34.36127" lon="-117.91256">
        <ele>1850.68</ele>
        <time>2025-08-16T21:24:49Z</time>
      </trkpt>
      <trkpt lat="34.36126" lon="-117.9126">
        <ele>1850.18</ele>
        <time>2025-08-16T21:24:52Z</time>
      </trkpt>
      <trkpt lat="34.36125" lon="-117.91265">
        <ele>1849.69</ele>
        <time>2025-08-16T21:24:56Z</time>
      </trkpt>
      <trkpt lat="34.36126" lon="-117.91269">
        <ele>1849.82</ele>
        <time>2025-08-16T21:25:02Z</time>
      </trkpt>
      <trkpt lat="34.36126" lon="-117.91273">
        <ele>1849.82</ele>
        <time>2025-08-16T21:25:07Z</time>
      </trkpt>
      <trkpt lat="34.36128" lon="-117.91277">
        <ele>1850.47</ele>
        <time>2025-08-16T21:25:11Z</time>
      </trkpt>
      <trkpt lat="34.36129" lon="-117.91281">
        <ele>1850.82</ele>
        <time>2025-08-16T21:25:15Z</time>
      </trkpt>
      <trkpt lat="34.3613" lon="-117.91286">
        <ele>1851.16</ele>
        <time>2025-08-16T21:25:19Z</time>
      </trkpt>
      <trkpt lat="34.36132" lon="-117.9129">
        <ele>1851.79</ele>
        <time>2025-08-16T21:25:23Z</time>
      </trkpt>
      <trkpt lat="34.36133" lon="-117.91294">
        <ele>1851.98</ele>
        <time>2025-08-16T21:25:27Z</time>
      </trkpt>
      <trkpt lat="34.36133" lon="-117.91298">
        <ele>1851.75</ele>
        <time>2025-08-16T21:25:31Z</time>
      </trkpt>
      <trkpt lat="34.36134" lon="-117.91303">
        <ele>1852.02</ele>
        <time>2025-08-16T21:25:35Z</time>
      </trkpt>
      <trkpt lat="34.36134" lon="-117.91307">
        <ele>1851.97</ele>
        <time>2025-08-16T21:25:39Z</time>
      </trkpt>
      <trkpt lat="34.36134" lon="-117.91311">
        <ele>1852.2</ele>
        <time>2025-08-16T21:25:43Z</time>
      </trkpt>
      <trkpt lat="34.36132" lon="-117.91315">
        <ele>1851.79</ele>
        <time>2025-08-16T21:25:46Z</time>
      </trkpt>
      <trkpt lat="34.36132" lon="-117.91318">
        <ele>1852.11</ele>
        <time>2025-08-16T21:25:49Z</time>
      </trkpt>
      <trkpt lat="34.36133" lon="-117.91322">
        <ele>1852.87</ele>
        <time>2025-08-16T21:25:52Z</time>
      </trkpt>
      <trkpt lat="34.36132" lon="-117.91325">
        <ele>1852.89</ele>
        <time>2025-08-16T21:25:55Z</time>
      </trkpt>
      <trkpt lat="34.36132" lon="-117.91329">
        <ele>1853.44</ele>
        <time>2025-08-16T21:25:58Z</time>
      </trkpt>
      <trkpt lat="34.36131" lon="-117.91333">
        <ele>1853.55</ele>
        <time>2025-08-16T21:26:01Z</time>
      </trkpt>
      <trkpt lat="34.3613" lon="-117.91336">
        <ele>1853.76</ele>
        <time>2025-08-16T21:26:04Z</time>
      </trkpt>
      <trkpt lat="34.3613" lon="-117.9134">
        <ele>1854.66</ele>
        <time>2025-08-16T21:26:07Z</time>
      </trkpt>
      <trkpt lat="34.3613" lon="-117.91344">
        <ele>1855.7</ele>
        <time>2025-08-16T21:26:10Z</time>
      </trkpt>
      <trkpt lat="34.3613" lon="-117.91347">
        <ele>1856.67</ele>
        <time>2025-08-16T21:26:13Z</time>
      </trkpt>
      <trkpt lat="34.36129" lon="-117.91351">
        <ele>1857.46</ele>
        <time>2025-08-16T21:26:16Z</time>
      </trkpt>
      <trkpt lat="34.36129" lon="-117.91354">
        <ele>1858.42</ele>
        <time>2025-08-16T21:26:19Z</time>
      </trkpt>
      <trkpt lat="34.36128" lon="-117.91358">
        <ele>1859.29</ele>
        <time>2025-08-16T21:26:22Z</time>
      </trkpt>
      <trkpt lat="34.36128" lon="-117.91361">
        <ele>1860.26</ele>
        <time>2025-08-16T21:26:25Z</time>
      </trkpt>
      <trkpt lat="34.36127" lon="-117.91365">
        <ele>1861.12</ele>
        <time>2025-08-16T21:26:29Z</time>
      </trkpt>
      <trkpt lat="34.36126" lon="-117.9137">
        <ele>1862.31</ele>
        <time>2025-08-16T21:26:34Z</time>
      </trkpt>
      <trkpt lat="34.36125" lon="-117.91375">
        <ele>1862.5</ele>
        <time>2025-08-16T21:26:39Z</time>
      </trkpt>
      <trkpt lat="34.36123" lon="-117.9138">
        <ele>1862.16</ele>
        <time>2025-08-16T21:26:44Z</time>
      </trkpt>
      <trkpt lat="34.36122" lon="-117.91385">
        <ele>1862.18</ele>
        <time>2025-08-16T21:26:49Z</time>
      </trkpt>
      <trkpt lat="34.36121" lon="-117.91389">
        <ele>1862.22</ele>
        <time>2025-08-16T21:26:53Z</time>
      </trkpt>
      <trkpt lat="34.36119" lon="-117.91393">
        <ele>1862.15</ele>
        <time>2025-08-16T21:26:57Z</time>
      </trkpt>
      <trkpt lat="34.36118" lon="-117.91397">
        <ele>1862.36</ele>
        <time>2025-08-16T21:27:01Z</time>
      </trkpt>
      <trkpt lat="34.36117" lon="-117.91402">
        <ele>1862.27</ele>
        <time>2025-08-16T21:27:05Z</time>
      </trkpt>
      <trkpt lat="34.36115" lon="-117.91405">
        <ele>1861.84</ele>
        <time>2025-08-16T21:27:09Z</time>
      </trkpt>
      <trkpt lat="34.36113" lon="-117.91407">
        <ele>1861.41</ele>
        <time>2025-08-16T21:27:13Z</time>
      </trkpt>
      <trkpt lat="34.3611" lon="-117.9141">
        <ele>1860.91</ele>
        <time>2025-08-16T21:27:17Z</time>
      </trkpt>
      <trkpt lat="34.36109" lon="-117.91414">
        <ele>1860.93</ele>
        <time>2025-08-16T21:27:21Z</time>
      </trkpt>
      <trkpt lat="34.36108" lon="-117.91418">
        <ele>1861.1</ele>
        <time>2025-08-16T21:27:25Z</time>
      </trkpt>
      <trkpt lat="34.36107" lon="-117.91422">
        <ele>1861.32</ele>
        <time>2025-08-16T21:27:29Z</time>
      </trkpt>
      <trkpt lat="34.36107" lon="-117.91427">
        <ele>1861.62</ele>
        <time>2025-08-16T21:27:33Z</time>
      </trkpt>
      <trkpt lat="34.36107" lon="-117.91431">
        <ele>1861.86</ele>
        <time>2025-08-16T21:27:37Z</time>
      </trkpt>
      <trkpt lat="34.36107" lon="-117.91435">
        <ele>1862.1</ele>
        <time>2025-08-16T21:27:41Z</time>
      </trkpt>
      <trkpt lat="34.36108" lon="-117.91439">
        <ele>1862.6</ele>
        <time>2025-08-16T21:27:46Z</time>
      </trkpt>
      <trkpt lat="34.36108" lon="-117.91443">
        <ele>1862.89</ele>
        <time>2025-08-16T21:27:51Z</time>
      </trkpt>
      <trkpt lat="34.36108" lon="-117.91446">
        <ele>1863.16</ele>
        <time>2025-08-16T21:27:56Z</time>
      </trkpt>
      <trkpt lat="34.36109" lon="-117.91451">
        <ele>1864.02</ele>
        <time>2025-08-16T21:28:02Z</time>
      </trkpt>
      <trkpt lat="34.3611" lon="-117.91456">
        <ele>1864.86</ele>
        <time>2025-08-16T21:28:07Z</time>
      </trkpt>
      <trkpt lat="34.3611" lon="-117.91461">
        <ele>1865.33</ele>
        <time>2025-08-16T21:28:12Z</time>
      </trkpt>
      <trkpt lat="34.3611" lon="-117.91465">
        <ele>1865.55</ele>
        <time>2025-08-16T21:28:17Z</time>
      </trkpt>
      <trkpt lat="34.3611" lon="-117.91469">
        <ele>1865.6</ele>
        <time>2025-08-16T21:28:21Z</time>
      </trkpt>
      <trkpt lat="34.36111" lon="-117.91473">
        <ele>1865.96</ele>
        <time>2025-08-16T21:28:25Z</time>
      </trkpt>
      <trkpt lat="34.36111" lon="-117.91477">
        <ele>1865.96</ele>
        <time>2025-08-16T21:28:29Z</time>
      </trkpt>
      <trkpt lat="34.36111" lon="-117.91481">
        <ele>1865.96</ele>
        <time>2025-08-16T21:28:33Z</time>
      </trkpt>
      <trkpt lat="34.36111" lon="-117.91485">
        <ele>1865.96</ele>
        <time>2025-08-16T21:28:37Z</time>
      </trkpt>
      <trkpt lat="34.36112" lon="-117.9149">
        <ele>1866.58</ele>
        <time>2025-08-16T21:28:42Z</time>
      </trkpt>
      <trkpt lat="34.36112" lon="-117.91495">
        <ele>1866.53</ele>
        <time>2025-08-16T21:28:48Z</time>
      </trkpt>
      <trkpt lat="34.36112" lon="-117.91501">
        <ele>1866.48</ele>
        <time>2025-08-16T21:28:54Z</time>
      </trkpt>
      <trkpt lat="34.36112" lon="-117.91506">
        <ele>1866.48</ele>
        <time>2025-08-16T21:28:59Z</time>
      </trkpt>
      <trkpt lat="34.36112" lon="-117.9151">
        <ele>1866.56</ele>
        <time>2025-08-16T21:29:04Z</time>
      </trkpt>
      <trkpt lat="34.36113" lon="-117.91515">
        <ele>1867.64</ele>
        <time>2025-08-16T21:29:09Z</time>
      </trkpt>
      <trkpt lat="34.36113" lon="-117.9152">
        <ele>1868.31</ele>
        <time>2025-08-16T21:29:15Z</time>
      </trkpt>
      <trkpt lat="34.36111" lon="-117.91526">
        <ele>1868.58</ele>
        <time>2025-08-16T21:29:21Z</time>
      </trkpt>
      <trkpt lat="34.36109" lon="-117.9153">
        <ele>1869.04</ele>
        <time>2025-08-16T21:29:26Z</time>
      </trkpt>
      <trkpt lat="34.36109" lon="-117.91535">
        <ele>1870.66</ele>
        <time>2025-08-16T21:29:31Z</time>
      </trkpt>
      <trkpt lat="34.36108" lon="-117.9154">
        <ele>1871.63</ele>
        <time>2025-08-16T21:29:36Z</time>
      </trkpt>
      <trkpt lat="34.36107" lon="-117.91545">
        <ele>1872.39</ele>
        <time>2025-08-16T21:29:40Z</time>
      </trkpt>
      <trkpt lat="34.36106" lon="-117.91549">
        <ele>1873.06</ele>
        <time>2025-08-16T21:29:44Z</time>
      </trkpt>
      <trkpt lat="34.36105" lon="-117.91553">
        <ele>1873.71</ele>
        <time>2025-08-16T21:29:48Z</time>
      </trkpt>
      <trkpt lat="34.36104" lon="-117.91557">
        <ele>1874.24</ele>
        <time>2025-08-16T21:29:52Z</time>
      </trkpt>
      <trkpt lat="34.36104" lon="-117.91562">
        <ele>1875.32</ele>
        <time>2025-08-16T21:29:56Z</time>
      </trkpt>
      <trkpt lat="34.36103" lon="-117.91565">
        <ele>1875.52</ele>
        <time>2025-08-16T21:29:59Z</time>
      </trkpt>
      <trkpt lat="34.36102" lon="-117.91568">
        <ele>1875.41</ele>
        <time>2025-08-16T21:30:02Z</time>
      </trkpt>
      <trkpt lat="34.36101" lon="-117.91572">
        <ele>1875.48</ele>
        <time>2025-08-16T21:30:05Z</time>
      </trkpt>
      <trkpt lat="34.361" lon="-117.91575">
        <ele>1875.5</ele>
        <time>2025-08-16T21:30:08Z</time>
      </trkpt>
      <trkpt lat="34.36099" lon="-117.91581">
        <ele>1875.82</ele>
        <time>2025-08-16T21:30:10Z</time>
      </trkpt>
      <trkpt lat="34.36098" lon="-117.91586">
        <ele>1875.75</ele>
        <time>2025-08-16T21:30:12Z</time>
      </trkpt>
      <trkpt lat="34.36097" lon="-117.9159">
        <ele>1875.43</ele>
        <time>2025-08-16T21:30:15Z</time>
      </trkpt>
      <trkpt lat="34.36096" lon="-117.91593">
        <ele>1875.1</ele>
        <time>2025-08-16T21:30:18Z</time>
      </trkpt>
      <trkpt lat="34.36094" lon="-117.91597">
        <ele>1874.46</ele>
        <time>2025-08-16T21:30:21Z</time>
      </trkpt>
      <trkpt lat="34.36094" lon="-117.916">
        <ele>1874.46</ele>
        <time>2025-08-16T21:30:24Z</time>
      </trkpt>
      <trkpt lat="34.36093" lon="-117.91604">
        <ele>1874.36</ele>
        <time>2025-08-16T21:30:27Z</time>
      </trkpt>
      <trkpt lat="34.36094" lon="-117.91607">
        <ele>1875.01</ele>
        <time>2025-08-16T21:30:30Z</time>
      </trkpt>
      <trkpt lat="34.36094" lon="-117.9161">
        <ele>1875.34</ele>
        <time>2025-08-16T21:30:33Z</time>
      </trkpt>
      <trkpt lat="34.36094" lon="-117.91614">
        <ele>1875.46</ele>
        <time>2025-08-16T21:30:36Z</time>
      </trkpt>
      <trkpt lat="34.36094" lon="-117.91617">
        <ele>1875.46</ele>
        <time>2025-08-16T21:30:39Z</time>
      </trkpt>
      <trkpt lat="34.36094" lon="-117.91621">
        <ele>1875.46</ele>
        <time>2025-08-16T21:30:42Z</time>
      </trkpt>
      <trkpt lat="34.36094" lon="-117.91624">
        <ele>1875.46</ele>
        <time>2025-08-16T21:30:45Z</time>
      </trkpt>
      <trkpt lat="34.36095" lon="-117.91628">
        <ele>1875.78</ele>
        <time>2025-08-16T21:30:48Z</time>
      </trkpt>
      <trkpt lat="34.36095" lon="-117.91631">
        <ele>1875.78</ele>
        <time>2025-08-16T21:30:51Z</time>
      </trkpt>
      <trkpt lat="34.36096" lon="-117.91635">
        <ele>1876.1</ele>
        <time>2025-08-16T21:30:54Z</time>
      </trkpt>
      <trkpt lat="34.36097" lon="-117.91639">
        <ele>1876.43</ele>
        <time>2025-08-16T21:30:57Z</time>
      </trkpt>
      <trkpt lat="34.36097" lon="-117.91642">
        <ele>1876.59</ele>
        <time>2025-08-16T21:31:00Z</time>
      </trkpt>
      <trkpt lat="34.36099" lon="-117.91646">
        <ele>1877.61</ele>
        <time>2025-08-16T21:31:03Z</time>
      </trkpt>
      <trkpt lat="34.361" lon="-117.91649">
        <ele>1878.2</ele>
        <time>2025-08-16T21:31:06Z</time>
      </trkpt>
      <trkpt lat="34.361" lon="-117.91653">
        <ele>1878.2</ele>
        <time>2025-08-16T21:31:09Z</time>
      </trkpt>
      <trkpt lat="34.36101" lon="-117.91656">
        <ele>1878.63</ele>
        <time>2025-08-16T21:31:12Z</time>
      </trkpt>
      <trkpt lat="34.36102" lon="-117.9166">
        <ele>1879.07</ele>
        <time>2025-08-16T21:31:15Z</time>
      </trkpt>
      <trkpt lat="34.36103" lon="-117.91664">
        <ele>1879.58</ele>
        <time>2025-08-16T21:31:18Z</time>
      </trkpt>
      <trkpt lat="34.36104" lon="-117.91667">
        <ele>1880.15</ele>
        <time>2025-08-16T21:31:21Z</time>
      </trkpt>
      <trkpt lat="34.36105" lon="-117.91671">
        <ele>1880.54</ele>
        <time>2025-08-16T21:31:24Z</time>
      </trkpt>
      <trkpt lat="34.36105" lon="-117.91674">
        <ele>1880.43</ele>
        <time>2025-08-16T21:31:27Z</time>
      </trkpt>
      <trkpt lat="34.36106" lon="-117.91678">
        <ele>1880.79</ele>
        <time>2025-08-16T21:31:30Z</time>
      </trkpt>
      <trkpt lat="34.36107" lon="-117.91681">
        <ele>1881.22</ele>
        <time>2025-08-16T21:31:33Z</time>
      </trkpt>
      <trkpt lat="34.36107" lon="-117.91685">
        <ele>1881.22</ele>
        <time>2025-08-16T21:31:36Z</time>
      </trkpt>
      <trkpt lat="34.36108" lon="-117.91689">
        <ele>1881.66</ele>
        <time>2025-08-16T21:31:39Z</time>
      </trkpt>
      <trkpt lat="34.36108" lon="-117.91692">
        <ele>1881.66</ele>
        <time>2025-08-16T21:31:42Z</time>
      </trkpt>
      <trkpt lat="34.36109" lon="-117.91696">
        <ele>1882.09</ele>
        <time>2025-08-16T21:31:45Z</time>
      </trkpt>
      <trkpt lat="34.3611" lon="-117.917">
        <ele>1882.52</ele>
        <time>2025-08-16T21:31:48Z</time>
      </trkpt>
      <trkpt lat="34.3611" lon="-117.91704">
        <ele>1882.52</ele>
        <time>2025-08-16T21:31:51Z</time>
      </trkpt>
      <trkpt lat="34.36111" lon="-117.91708">
        <ele>1882.95</ele>
        <time>2025-08-16T21:31:54Z</time>
      </trkpt>
      <trkpt lat="34.36111" lon="-117.91711">
        <ele>1882.95</ele>
        <time>2025-08-16T21:31:57Z</time>
      </trkpt>
      <trkpt lat="34.36108" lon="-117.91715">
        <ele>1881.66</ele>
        <time>2025-08-16T21:32:00Z</time>
      </trkpt>
      <trkpt lat="34.36107" lon="-117.91719">
        <ele>1881.22</ele>
        <time>2025-08-16T21:32:03Z</time>
      </trkpt>
      <trkpt lat="34.36106" lon="-117.91723">
        <ele>1880.79</ele>
        <time>2025-08-16T21:32:06Z</time>
      </trkpt>
      <trkpt lat="34.36106" lon="-117.91727">
        <ele>1880.79</ele>
        <time>2025-08-16T21:32:09Z</time>
      </trkpt>
      <trkpt lat="34.36107" lon="-117.9173">
        <ele>1881.22</ele>
        <time>2025-08-16T21:32:12Z</time>
      </trkpt>
      <trkpt lat="34.36109" lon="-117.91734">
        <ele>1882.36</ele>
        <time>2025-08-16T21:32:15Z</time>
      </trkpt>
      <trkpt lat="34.3611" lon="-117.91737">
        <ele>1883.12</ele>
        <time>2025-08-16T21:32:18Z</time>
      </trkpt>
      <trkpt lat="34.3611" lon="-117.91741">
        <ele>1883.53</ele>
        <time>2025-08-16T21:32:21Z</time>
      </trkpt>
      <trkpt lat="34.36111" lon="-117.91744">
        <ele>1883.96</ele>
        <time>2025-08-16T21:32:24Z</time>
      </trkpt>
      <trkpt lat="34.3611" lon="-117.91748">
        <ele>1883.71</ele>
        <time>2025-08-16T21:32:28Z</time>
      </trkpt>
      <trkpt lat="34.36107" lon="-117.9175">
        <ele>1883.11</ele>
        <time>2025-08-16T21:32:32Z</time>
      </trkpt>
      <trkpt lat="34.36106" lon="-117.91754">
        <ele>1883.33</ele>
        <time>2025-08-16T21:32:36Z</time>
      </trkpt>
      <trkpt lat="34.36106" lon="-117.91758">
        <ele>1883.76</ele>
        <time>2025-08-16T21:32:39Z</time>
      </trkpt>
      <trkpt lat="34.36106" lon="-117.91761">
        <ele>1884.08</ele>
        <time>2025-08-16T21:32:42Z</time>
      </trkpt>
      <trkpt lat="34.36106" lon="-117.91765">
        <ele>1884.52</ele>
        <time>2025-08-16T21:32:45Z</time>
      </trkpt>
      <trkpt lat="34.36107" lon="-117.91769">
        <ele>1885.16</ele>
        <time>2025-08-16T21:32:49Z</time>
      </trkpt>
      <trkpt lat="34.36108" lon="-117.91772">
        <ele>1885.7</ele>
        <time>2025-08-16T21:32:53Z</time>
      </trkpt>
      <trkpt lat="34.36109" lon="-117.91776">
        <ele>1886.35</ele>
        <time>2025-08-16T21:32:59Z</time>
      </trkpt>
      <trkpt lat="34.36111" lon="-117.91779">
        <ele>1887.11</ele>
        <time>2025-08-16T21:33:04Z</time>
      </trkpt>
      <trkpt lat="34.36112" lon="-117.91783">
        <ele>1887.85</ele>
        <time>2025-08-16T21:33:09Z</time>
      </trkpt>
      <trkpt lat="34.36113" lon="-117.91786">
        <ele>1888.5</ele>
        <time>2025-08-16T21:33:13Z</time>
      </trkpt>
      <trkpt lat="34.36114" lon="-117.9179">
        <ele>1889.16</ele>
        <time>2025-08-16T21:33:17Z</time>
      </trkpt>
      <trkpt lat="34.36114" lon="-117.91794">
        <ele>1889.45</ele>
        <time>2025-08-16T21:33:21Z</time>
      </trkpt>
      <trkpt lat="34.36115" lon="-117.91798">
        <ele>1889.92</ele>
        <time>2025-08-16T21:33:25Z</time>
      </trkpt>
      <trkpt lat="34.36115" lon="-117.91801">
        <ele>1890.05</ele>
        <time>2025-08-16T21:33:29Z</time>
      </trkpt>
      <trkpt lat="34.36116" lon="-117.91808">
        <ele>1890.72</ele>
        <time>2025-08-16T21:35:59Z</time>
      </trkpt>
      <trkpt lat="34.36115" lon="-117.91816">
        <ele>1890.73</ele>
        <time>2025-08-16T21:36:01Z</time>
      </trkpt>
      <trkpt lat="34.36115" lon="-117.91824">
        <ele>1891.1</ele>
        <time>2025-08-16T21:36:04Z</time>
      </trkpt>
      <trkpt lat="34.36109" lon="-117.91829">
        <ele>1888.54</ele>
        <time>2025-08-16T21:36:08Z</time>
      </trkpt>
      <trkpt lat="34.36105" lon="-117.91834">
        <ele>1887.68</ele>
        <time>2025-08-16T21:36:12Z</time>
      </trkpt>
      <trkpt lat="34.36103" lon="-117.9184">
        <ele>1887.25</ele>
        <time>2025-08-16T21:36:18Z</time>
      </trkpt>
      <trkpt lat="34.36102" lon="-117.91846">
        <ele>1887.03</ele>
        <time>2025-08-16T21:36:23Z</time>
      </trkpt>
      <trkpt lat="34.36102" lon="-117.91852">
        <ele>1887.03</ele>
        <time>2025-08-16T21:36:28Z</time>
      </trkpt>
      <trkpt lat="34.36103" lon="-117.91857">
        <ele>1887.25</ele>
        <time>2025-08-16T21:36:32Z</time>
      </trkpt>
      <trkpt lat="34.36103" lon="-117.91862">
        <ele>1887.16</ele>
        <time>2025-08-16T21:36:36Z</time>
      </trkpt>
      <trkpt lat="34.36106" lon="-117.91865">
        <ele>1887.66</ele>
        <time>2025-08-16T21:36:39Z</time>
      </trkpt>
      <trkpt lat="34.36108" lon="-117.91869">
        <ele>1888.04</ele>
        <time>2025-08-16T21:36:42Z</time>
      </trkpt>
      <trkpt lat="34.36111" lon="-117.91873">
        <ele>1888.96</ele>
        <time>2025-08-16T21:36:46Z</time>
      </trkpt>
      <trkpt lat="34.36114" lon="-117.91875">
        <ele>1890.87</ele>
        <time>2025-08-16T21:36:51Z</time>
      </trkpt>
      <trkpt lat="34.36118" lon="-117.91878">
        <ele>1893.46</ele>
        <time>2025-08-16T21:36:56Z</time>
      </trkpt>
      <trkpt lat="34.36121" lon="-117.91882">
        <ele>1895.15</ele>
        <time>2025-08-16T21:37:01Z</time>
      </trkpt>
      <trkpt lat="34.36123" lon="-117.91886">
        <ele>1896.02</ele>
        <time>2025-08-16T21:37:05Z</time>
      </trkpt>
      <trkpt lat="34.36125" lon="-117.9189">
        <ele>1897.0</ele>
        <time>2025-08-16T21:37:09Z</time>
      </trkpt>
      <trkpt lat="34.36128" lon="-117.91894">
        <ele>1898.94</ele>
        <time>2025-08-16T21:37:13Z</time>
      </trkpt>
      <trkpt lat="34.36131" lon="-117.91898">
        <ele>1900.89</ele>
        <time>2025-08-16T21:37:17Z</time>
      </trkpt>
      <trkpt lat="34.36134" lon="-117.91901">
        <ele>1902.52</ele>
        <time>2025-08-16T21:37:21Z</time>
      </trkpt>
      <trkpt lat="34.36136" lon="-117.91905">
        <ele>1903.39</ele>
        <time>2025-08-16T21:37:25Z</time>
      </trkpt>
      <trkpt lat="34.36139" lon="-117.91909">
        <ele>1904.9</ele>
        <time>2025-08-16T21:37:29Z</time>
      </trkpt>
      <trkpt lat="34.36141" lon="-117.91913">
        <ele>1905.9</ele>
        <time>2025-08-16T21:37:33Z</time>
      </trkpt>
      <trkpt lat="34.36142" lon="-117.91917">
        <ele>1906.34</ele>
        <time>2025-08-16T21:37:37Z</time>
      </trkpt>
      <trkpt lat="34.36139" lon="-117.9192">
        <ele>1904.08</ele>
        <time>2025-08-16T21:37:40Z</time>
      </trkpt>
      <trkpt lat="34.36139" lon="-117.91925">
        <ele>1904.07</ele>
        <time>2025-08-16T21:37:44Z</time>
      </trkpt>
      <trkpt lat="34.36139" lon="-117.91929">
        <ele>1903.74</ele>
        <time>2025-08-16T21:37:48Z</time>
      </trkpt>
      <trkpt lat="34.36139" lon="-117.91934">
        <ele>1903.2</ele>
        <time>2025-08-16T21:37:52Z</time>
      </trkpt>
      <trkpt lat="34.36139" lon="-117.91939">
        <ele>1903.07</ele>
        <time>2025-08-16T21:37:56Z</time>
      </trkpt>
      <trkpt lat="34.36139" lon="-117.91943">
        <ele>1903.07</ele>
        <time>2025-08-16T21:38:00Z</time>
      </trkpt>
      <trkpt lat="34.36139" lon="-117.91948">
        <ele>1903.07</ele>
        <time>2025-08-16T21:38:04Z</time>
      </trkpt>
      <trkpt lat="34.36138" lon="-117.91953">
        <ele>1902.7</ele>
        <time>2025-08-16T21:38:08Z</time>
      </trkpt>
      <trkpt lat="34.36137" lon="-117.91958">
        <ele>1902.76</ele>
        <time>2025-08-16T21:38:12Z</time>
      </trkpt>
      <trkpt lat="34.36136" lon="-117.91963">
        <ele>1902.76</ele>
        <time>2025-08-16T21:38:16Z</time>
      </trkpt>
      <trkpt lat="34.36135" lon="-117.91968">
        <ele>1902.86</ele>
        <time>2025-08-16T21:38:20Z</time>
      </trkpt>
      <trkpt lat="34.36134" lon="-117.91972">
        <ele>1902.86</ele>
        <time>2025-08-16T21:38:24Z</time>
      </trkpt>
      <trkpt lat="34.36134" lon="-117.91977">
        <ele>1902.89</ele>
        <time>2025-08-16T21:38:28Z</time>
      </trkpt>
      <trkpt lat="34.36134" lon="-117.91982">
        <ele>1902.91</ele>
        <time>2025-08-16T21:38:32Z</time>
      </trkpt>
      <trkpt lat="34.36133" lon="-117.91987">
        <ele>1902.67</ele>
        <time>2025-08-16T21:38:36Z</time>
      </trkpt>
      <trkpt lat="34.36133" lon="-117.91992">
        <ele>1902.82</ele>
        <time>2025-08-16T21:38:40Z</time>
      </trkpt>
      <trkpt lat="34.36133" lon="-117.91997">
        <ele>1902.82</ele>
        <time>2025-08-16T21:38:44Z</time>
      </trkpt>
      <trkpt lat="34.36134" lon="-117.92002">
        <ele>1903.36</ele>
        <time>2025-08-16T21:38:48Z</time>
      </trkpt>
      <trkpt lat="34.36134" lon="-117.92007">
        <ele>1903.36</ele>
        <time>2025-08-16T21:38:52Z</time>
      </trkpt>
      <trkpt lat="34.36134" lon="-117.92012">
        <ele>1903.22</ele>
        <time>2025-08-16T21:38:56Z</time>
      </trkpt>
      <trkpt lat="34.36134" lon="-117.92017">
        <ele>1902.97</ele>
        <time>2025-08-16T21:39:00Z</time>
      </trkpt>
      <trkpt lat="34.36134" lon="-117.92022">
        <ele>1902.69</ele>
        <time>2025-08-16T21:39:04Z</time>
      </trkpt>
      <trkpt lat="34.36135" lon="-117.92028">
        <ele>1902.89</ele>
        <time>2025-08-16T21:39:08Z</time>
      </trkpt>
      <trkpt lat="34.36137" lon="-117.92032">
        <ele>1903.62</ele>
        <time>2025-08-16T21:39:10Z</time>
      </trkpt>
      <trkpt lat="34.36139" lon="-117.92036">
        <ele>1904.2</ele>
        <time>2025-08-16T21:39:12Z</time>
      </trkpt>
      <trkpt lat="34.36141" lon="-117.92041">
        <ele>1905.27</ele>
        <time>2025-08-16T21:39:15Z</time>
      </trkpt>
      <trkpt lat="34.36142" lon="-117.92046">
        <ele>1905.71</ele>
        <time>2025-08-16T21:39:18Z</time>
      </trkpt>
      <trkpt lat="34.36143" lon="-117.92052">
        <ele>1906.55</ele>
        <time>2025-08-16T21:39:22Z</time>
      </trkpt>
      <trkpt lat="34.36143" lon="-117.92057">
        <ele>1906.79</ele>
        <time>2025-08-16T21:39:26Z</time>
      </trkpt>
      <trkpt lat="34.36142" lon="-117.92062">
        <ele>1906.85</ele>
        <time>2025-08-16T21:39:29Z</time>
      </trkpt>
      <trkpt lat="34.36139" lon="-117.92066">
        <ele>1905.21</ele>
        <time>2025-08-16T21:39:32Z</time>
      </trkpt>
      <trkpt lat="34.36137" lon="-117.92071">
        <ele>1904.85</ele>
        <time>2025-08-16T21:39:36Z</time>
      </trkpt>
      <trkpt lat="34.36135" lon="-117.92077">
        <ele>1904.64</ele>
        <time>2025-08-16T21:39:40Z</time>
      </trkpt>
      <trkpt lat="34.36133" lon="-117.92083">
        <ele>1904.42</ele>
        <time>2025-08-16T21:39:44Z</time>
      </trkpt>
      <trkpt lat="34.36131" lon="-117.92088">
        <ele>1903.67</ele>
        <time>2025-08-16T21:39:48Z</time>
      </trkpt>
      <trkpt lat="34.36129" lon="-117.92092">
        <ele>1902.86</ele>
        <time>2025-08-16T21:39:51Z</time>
      </trkpt>
      <trkpt lat="34.36127" lon="-117.92096">
        <ele>1902.43</ele>
        <time>2025-08-16T21:39:54Z</time>
      </trkpt>
      <trkpt lat="34.36125" lon="-117.921">
        <ele>1902.0</ele>
        <time>2025-08-16T21:39:57Z</time>
      </trkpt>
      <trkpt lat="34.36123" lon="-117.92103">
        <ele>1901.57</ele>
        <time>2025-08-16T21:40:00Z</time>
      </trkpt>
      <trkpt lat="34.3612" lon="-117.92108">
        <ele>1900.92</ele>
        <time>2025-08-16T21:40:04Z</time>
      </trkpt>
      <trkpt lat="34.36118" lon="-117.92112">
        <ele>1900.42</ele>
        <time>2025-08-16T21:40:08Z</time>
      </trkpt>
      <trkpt lat="34.36114" lon="-117.92114">
        <ele>1899.53</ele>
        <time>2025-08-16T21:40:15Z</time>
      </trkpt>
      <trkpt lat="34.3611" lon="-117.92118">
        <ele>1899.0</ele>
        <time>2025-08-16T21:40:20Z</time>
      </trkpt>
      <trkpt lat="34.36107" lon="-117.92123">
        <ele>1899.0</ele>
        <time>2025-08-16T21:40:24Z</time>
      </trkpt>
      <trkpt lat="34.36102" lon="-117.92125">
        <ele>1899.0</ele>
        <time>2025-08-16T21:40:29Z</time>
      </trkpt>
      <trkpt lat="34.36095" lon="-117.92125">
        <ele>1899.0</ele>
        <time>2025-08-16T21:40:32Z</time>
      </trkpt>
      <trkpt lat="34.36088" lon="-117.92125">
        <ele>1901.73</ele>
        <time>2025-08-16T21:40:35Z</time>
      </trkpt>
      <trkpt lat="34.36081" lon="-117.92124">
        <ele>1907.23</ele>
        <time>2025-08-16T21:40:40Z</time>
      </trkpt>
      <trkpt lat="34.36076" lon="-117.92122">
        <ele>1912.88</ele>
        <time>2025-08-16T21:40:45Z</time>
      </trkpt>
      <trkpt lat="34.36071" lon="-117.92117">
        <ele>1916.75</ele>
        <time>2025-08-16T21:40:50Z</time>
      </trkpt>
      <trkpt lat="34.36068" lon="-117.92111">
        <ele>1917.61</ele>
        <time>2025-08-16T21:40:54Z</time>
      </trkpt>
      <trkpt lat="34.36062" lon="-117.92108">
        <ele>1917.31</ele>
        <time>2025-08-16T21:41:01Z</time>
      </trkpt>
      <trkpt lat="34.36061" lon="-117.92096">
        <ele>1911.11</ele>
        <time>2025-08-16T21:41:45Z</time>
      </trkpt>
    </trkseg>
  </trk>
</gpx>
