<?xml version="1.0"?>
<gpx xmlns="http://www.topografix.com/GPX/1/1" xmlns:xsi="http://www.w3.org/2001/XMLSchema-instance" version="1.1" creator="AllTrails.com" xsi:schemaLocation="http://www.topografix.com/GPX/1/1 http://www.topografix.com/GPX/1/1/gpx.xsd">
  <metadata>
    <name><![CDATA[Afternoon hike at Indian Canyon North on PCT]]></name>
    <desc><![CDATA[]]></desc>
    <link href="http://www.alltrails.com">
      <text>AllTrails, LLC</text>
    </link>
    <bounds minlat="34.43681" minlon="-118.27463" maxlat="34.45507" maxlon="-118.26859"/>
  </metadata>
  <trk>
    <name><![CDATA[Afternoon hike at Indian Canyon North on PCT]]></name>
    <src>AllTrails</src>
    <trkseg>
      <trkpt lat="34.4369" lon="-118.27299">
        <ele>695.29</ele>
        <time>2026-06-28T21:18:09Z</time>
      </trkpt>
      <trkpt lat="34.4369" lon="-118.27294">
        <ele>694.5</ele>
        <time>2026-06-28T21:18:13Z</time>
      </trkpt>
      <trkpt lat="34.43691" lon="-118.2729">
        <ele>693.64</ele>
        <time>2026-06-28T21:18:16Z</time>
      </trkpt>
      <trkpt lat="34.43695" lon="-118.27288">
        <ele>693.15</ele>
        <time>2026-06-28T21:18:20Z</time>
      </trkpt>
      <trkpt lat="34.43698" lon="-118.27288">
        <ele>692.82</ele>
        <time>2026-06-28T21:18:24Z</time>
      </trkpt>
      <trkpt lat="34.43702" lon="-118.27287">
        <ele>692.18</ele>
        <time>2026-06-28T21:18:28Z</time>
      </trkpt>
      <trkpt lat="34.43706" lon="-118.27287">
        <ele>691.5</ele>
        <time>2026-06-28T21:18:32Z</time>
      </trkpt>
      <trkpt lat="34.43709" lon="-118.27286">
        <ele>690.79</ele>
        <time>2026-06-28T21:18:36Z</time>
      </trkpt>
      <trkpt lat="34.43712" lon="-118.27285">
        <ele>690.01</ele>
        <time>2026-06-28T21:18:40Z</time>
      </trkpt>
      <trkpt lat="34.43716" lon="-118.27285">
        <ele>688.28</ele>
        <time>2026-06-28T21:18:44Z</time>
      </trkpt>
      <trkpt lat="34.43719" lon="-118.27285">
        <ele>686.81</ele>
        <time>2026-06-28T21:18:47Z</time>
      </trkpt>
      <trkpt lat="34.43721" lon="-118.27285">
        <ele>685.82</ele>
        <time>2026-06-28T21:18:50Z</time>
      </trkpt>
      <trkpt lat="34.43724" lon="-118.27287">
        <ele>684.62</ele>
        <time>2026-06-28T21:18:53Z</time>
      </trkpt>
      <trkpt lat="34.43727" lon="-118.27288">
        <ele>684.12</ele>
        <time>2026-06-28T21:18:56Z</time>
      </trkpt>
      <trkpt lat="34.4373" lon="-118.27288">
        <ele>683.44</ele>
        <time>2026-06-28T21:18:59Z</time>
      </trkpt>
      <trkpt lat="34.43733" lon="-118.27289">
        <ele>683.18</ele>
        <time>2026-06-28T21:19:02Z</time>
      </trkpt>
      <trkpt lat="34.43736" lon="-118.2729">
        <ele>683.16</ele>
        <time>2026-06-28T21:19:05Z</time>
      </trkpt>
      <trkpt lat="34.43738" lon="-118.27292">
        <ele>683.16</ele>
        <time>2026-06-28T21:19:08Z</time>
      </trkpt>
      <trkpt lat="34.43741" lon="-118.27293">
        <ele>682.98</ele>
        <time>2026-06-28T21:19:11Z</time>
      </trkpt>
      <trkpt lat="34.43744" lon="-118.27294">
        <ele>682.74</ele>
        <time>2026-06-28T21:19:14Z</time>
      </trkpt>
      <trkpt lat="34.43747" lon="-118.27295">
        <ele>682.42</ele>
        <time>2026-06-28T21:19:17Z</time>
      </trkpt>
      <trkpt lat="34.4375" lon="-118.27295">
        <ele>682.14</ele>
        <time>2026-06-28T21:19:40Z</time>
      </trkpt>
      <trkpt lat="34.43753" lon="-118.27293">
        <ele>682.36</ele>
        <time>2026-06-28T21:19:43Z</time>
      </trkpt>
      <trkpt lat="34.43753" lon="-118.2729">
        <ele>682.68</ele>
        <time>2026-06-28T21:19:47Z</time>
      </trkpt>
      <trkpt lat="34.43753" lon="-118.27285">
        <ele>683.22</ele>
        <time>2026-06-28T21:19:50Z</time>
      </trkpt>
      <trkpt lat="34.43753" lon="-118.27282">
        <ele>683.54</ele>
        <time>2026-06-28T21:19:52Z</time>
      </trkpt>
      <trkpt lat="34.43753" lon="-118.27277">
        <ele>684.14</ele>
        <time>2026-06-28T21:19:55Z</time>
      </trkpt>
      <trkpt lat="34.43753" lon="-118.27273">
        <ele>684.86</ele>
        <time>2026-06-28T21:19:58Z</time>
      </trkpt>
      <trkpt lat="34.43753" lon="-118.27269">
        <ele>685.59</ele>
        <time>2026-06-28T21:20:01Z</time>
      </trkpt>
      <trkpt lat="34.43754" lon="-118.27265">
        <ele>685.78</ele>
        <time>2026-06-28T21:20:04Z</time>
      </trkpt>
      <trkpt lat="34.43754" lon="-118.27261">
        <ele>686.03</ele>
        <time>2026-06-28T21:20:07Z</time>
      </trkpt>
      <trkpt lat="34.43754" lon="-118.27257">
        <ele>686.24</ele>
        <time>2026-06-28T21:20:10Z</time>
      </trkpt>
      <trkpt lat="34.43754" lon="-118.27253">
        <ele>686.43</ele>
        <time>2026-06-28T21:20:13Z</time>
      </trkpt>
      <trkpt lat="34.43755" lon="-118.27249">
        <ele>686.51</ele>
        <time>2026-06-28T21:20:16Z</time>
      </trkpt>
      <trkpt lat="34.43755" lon="-118.27245">
        <ele>686.71</ele>
        <time>2026-06-28T21:20:19Z</time>
      </trkpt>
      <trkpt lat="34.43755" lon="-118.27242">
        <ele>686.86</ele>
        <time>2026-06-28T21:20:22Z</time>
      </trkpt>
      <trkpt lat="34.43757" lon="-118.27238">
        <ele>686.49</ele>
        <time>2026-06-28T21:20:25Z</time>
      </trkpt>
      <trkpt lat="34.43759" lon="-118.27235">
        <ele>686.06</ele>
        <time>2026-06-28T21:20:28Z</time>
      </trkpt>
      <trkpt lat="34.43762" lon="-118.27232">
        <ele>685.41</ele>
        <time>2026-06-28T21:20:31Z</time>
      </trkpt>
      <trkpt lat="34.43765" lon="-118.27231">
        <ele>684.76</ele>
        <time>2026-06-28T21:20:34Z</time>
      </trkpt>
      <trkpt lat="34.43768" lon="-118.27233">
        <ele>684.11</ele>
        <time>2026-06-28T21:20:38Z</time>
      </trkpt>
      <trkpt lat="34.4377" lon="-118.27232">
        <ele>683.84</ele>
        <time>2026-06-28T21:20:44Z</time>
      </trkpt>
      <trkpt lat="34.43771" lon="-118.27228">
        <ele>683.73</ele>
        <time>2026-06-28T21:20:49Z</time>
      </trkpt>
      <trkpt lat="34.43771" lon="-118.27224">
        <ele>683.73</ele>
        <time>2026-06-28T21:20:53Z</time>
      </trkpt>
      <trkpt lat="34.43769" lon="-118.27221">
        <ele>683.95</ele>
        <time>2026-06-28T21:20:56Z</time>
      </trkpt>
      <trkpt lat="34.4377" lon="-118.27219">
        <ele>683.84</ele>
        <time>2026-06-28T21:21:01Z</time>
      </trkpt>
      <trkpt lat="34.43772" lon="-118.27222">
        <ele>683.62</ele>
        <time>2026-06-28T21:21:05Z</time>
      </trkpt>
      <trkpt lat="34.43773" lon="-118.27225">
        <ele>683.52</ele>
        <time>2026-06-28T21:21:08Z</time>
      </trkpt>
      <trkpt lat="34.43774" lon="-118.27228">
        <ele>683.41</ele>
        <time>2026-06-28T21:21:11Z</time>
      </trkpt>
      <trkpt lat="34.43776" lon="-118.27231">
        <ele>683.19</ele>
        <time>2026-06-28T21:21:14Z</time>
      </trkpt>
      <trkpt lat="34.43777" lon="-118.27235">
        <ele>683.08</ele>
        <time>2026-06-28T21:21:18Z</time>
      </trkpt>
      <trkpt lat="34.4378" lon="-118.27237">
        <ele>682.76</ele>
        <time>2026-06-28T21:21:23Z</time>
      </trkpt>
      <trkpt lat="34.4378" lon="-118.27233">
        <ele>682.76</ele>
        <time>2026-06-28T21:21:26Z</time>
      </trkpt>
      <trkpt lat="34.43781" lon="-118.27229">
        <ele>682.65</ele>
        <time>2026-06-28T21:21:29Z</time>
      </trkpt>
      <trkpt lat="34.43782" lon="-118.27226">
        <ele>682.54</ele>
        <time>2026-06-28T21:21:32Z</time>
      </trkpt>
      <trkpt lat="34.43782" lon="-118.27222">
        <ele>682.54</ele>
        <time>2026-06-28T21:21:36Z</time>
      </trkpt>
      <trkpt lat="34.43783" lon="-118.27219">
        <ele>682.44</ele>
        <time>2026-06-28T21:21:41Z</time>
      </trkpt>
      <trkpt lat="34.43784" lon="-118.27215">
        <ele>682.33</ele>
        <time>2026-06-28T21:21:46Z</time>
      </trkpt>
      <trkpt lat="34.43785" lon="-118.27212">
        <ele>682.22</ele>
        <time>2026-06-28T21:21:50Z</time>
      </trkpt>
      <trkpt lat="34.43787" lon="-118.2721">
        <ele>682.0</ele>
        <time>2026-06-28T21:21:54Z</time>
      </trkpt>
      <trkpt lat="34.43791" lon="-118.27208">
        <ele>681.57</ele>
        <time>2026-06-28T21:21:57Z</time>
      </trkpt>
      <trkpt lat="34.43793" lon="-118.27207">
        <ele>681.36</ele>
        <time>2026-06-28T21:22:00Z</time>
      </trkpt>
      <trkpt lat="34.43796" lon="-118.27209">
        <ele>681.03</ele>
        <time>2026-06-28T21:22:07Z</time>
      </trkpt>
      <trkpt lat="34.43799" lon="-118.27208">
        <ele>680.71</ele>
        <time>2026-06-28T21:22:54Z</time>
      </trkpt>
      <trkpt lat="34.43802" lon="-118.27208">
        <ele>680.38</ele>
        <time>2026-06-28T21:23:01Z</time>
      </trkpt>
      <trkpt lat="34.43805" lon="-118.27208">
        <ele>680.06</ele>
        <time>2026-06-28T21:23:07Z</time>
      </trkpt>
      <trkpt lat="34.43809" lon="-118.27208">
        <ele>679.83</ele>
        <time>2026-06-28T21:23:10Z</time>
      </trkpt>
      <trkpt lat="34.43813" lon="-118.27208">
        <ele>679.63</ele>
        <time>2026-06-28T21:23:12Z</time>
      </trkpt>
      <trkpt lat="34.43816" lon="-118.27208">
        <ele>679.47</ele>
        <time>2026-06-28T21:23:14Z</time>
      </trkpt>
      <trkpt lat="34.43819" lon="-118.27208">
        <ele>679.29</ele>
        <time>2026-06-28T21:23:17Z</time>
      </trkpt>
      <trkpt lat="34.43823" lon="-118.27208">
        <ele>679.06</ele>
        <time>2026-06-28T21:23:21Z</time>
      </trkpt>
      <trkpt lat="34.43825" lon="-118.27207">
        <ele>678.9</ele>
        <time>2026-06-28T21:23:25Z</time>
      </trkpt>
      <trkpt lat="34.43829" lon="-118.27207">
        <ele>678.47</ele>
        <time>2026-06-28T21:23:29Z</time>
      </trkpt>
      <trkpt lat="34.43832" lon="-118.27207">
        <ele>678.14</ele>
        <time>2026-06-28T21:23:33Z</time>
      </trkpt>
      <trkpt lat="34.43835" lon="-118.27207">
        <ele>677.82</ele>
        <time>2026-06-28T21:23:37Z</time>
      </trkpt>
      <trkpt lat="34.43838" lon="-118.27206">
        <ele>677.5</ele>
        <time>2026-06-28T21:23:42Z</time>
      </trkpt>
      <trkpt lat="34.43841" lon="-118.27205">
        <ele>677.17</ele>
        <time>2026-06-28T21:23:46Z</time>
      </trkpt>
      <trkpt lat="34.43843" lon="-118.27203">
        <ele>677.07</ele>
        <time>2026-06-28T21:23:49Z</time>
      </trkpt>
      <trkpt lat="34.43846" lon="-118.27201">
        <ele>677.18</ele>
        <time>2026-06-28T21:23:53Z</time>
      </trkpt>
      <trkpt lat="34.43849" lon="-118.27201">
        <ele>677.09</ele>
        <time>2026-06-28T21:23:57Z</time>
      </trkpt>
      <trkpt lat="34.43852" lon="-118.27201">
        <ele>676.99</ele>
        <time>2026-06-28T21:24:02Z</time>
      </trkpt>
      <trkpt lat="34.43849" lon="-118.27202">
        <ele>677.06</ele>
        <time>2026-06-28T21:24:07Z</time>
      </trkpt>
      <trkpt lat="34.43847" lon="-118.27202">
        <ele>677.1</ele>
        <time>2026-06-28T21:24:11Z</time>
      </trkpt>
      <trkpt lat="34.43852" lon="-118.27203">
        <ele>676.99</ele>
        <time>2026-06-28T21:30:02Z</time>
      </trkpt>
      <trkpt lat="34.43857" lon="-118.27203">
        <ele>676.49</ele>
        <time>2026-06-28T21:30:04Z</time>
      </trkpt>
      <trkpt lat="34.4386" lon="-118.27203">
        <ele>676.19</ele>
        <time>2026-06-28T21:30:06Z</time>
      </trkpt>
      <trkpt lat="34.43864" lon="-118.27202">
        <ele>676.13</ele>
        <time>2026-06-28T21:30:09Z</time>
      </trkpt>
      <trkpt lat="34.43867" lon="-118.27202">
        <ele>676.07</ele>
        <time>2026-06-28T21:30:14Z</time>
      </trkpt>
      <trkpt lat="34.4387" lon="-118.27201">
        <ele>676.01</ele>
        <time>2026-06-28T21:30:20Z</time>
      </trkpt>
      <trkpt lat="34.43872" lon="-118.27196">
        <ele>676.0</ele>
        <time>2026-06-28T21:30:22Z</time>
      </trkpt>
      <trkpt lat="34.43873" lon="-118.27193">
        <ele>676.0</ele>
        <time>2026-06-28T21:30:25Z</time>
      </trkpt>
      <trkpt lat="34.43876" lon="-118.27191">
        <ele>676.0</ele>
        <time>2026-06-28T21:30:30Z</time>
      </trkpt>
      <trkpt lat="34.43878" lon="-118.27191">
        <ele>676.0</ele>
        <time>2026-06-28T21:30:36Z</time>
      </trkpt>
      <trkpt lat="34.43875" lon="-118.2719">
        <ele>676.0</ele>
        <time>2026-06-28T21:30:40Z</time>
      </trkpt>
      <trkpt lat="34.43873" lon="-118.27188">
        <ele>676.0</ele>
        <time>2026-06-28T21:30:43Z</time>
      </trkpt>
      <trkpt lat="34.43871" lon="-118.27186">
        <ele>676.0</ele>
        <time>2026-06-28T21:30:46Z</time>
      </trkpt>
      <trkpt lat="34.43871" lon="-118.27182">
        <ele>676.34</ele>
        <time>2026-06-28T21:30:52Z</time>
      </trkpt>
      <trkpt lat="34.43872" lon="-118.27185">
        <ele>676.02</ele>
        <time>2026-06-28T21:31:02Z</time>
      </trkpt>
      <trkpt lat="34.43872" lon="-118.27188">
        <ele>676.0</ele>
        <time>2026-06-28T21:31:08Z</time>
      </trkpt>
      <trkpt lat="34.43872" lon="-118.27184">
        <ele>676.13</ele>
        <time>2026-06-28T21:31:16Z</time>
      </trkpt>
      <trkpt lat="34.4387" lon="-118.27179">
        <ele>676.68</ele>
        <time>2026-06-28T21:31:42Z</time>
      </trkpt>
      <trkpt lat="34.43872" lon="-118.27183">
        <ele>676.24</ele>
        <time>2026-06-28T21:32:04Z</time>
      </trkpt>
      <trkpt lat="34.43872" lon="-118.27186">
        <ele>676.0</ele>
        <time>2026-06-28T21:32:44Z</time>
      </trkpt>
      <trkpt lat="34.43876" lon="-118.27187">
        <ele>676.0</ele>
        <time>2026-06-28T21:33:29Z</time>
      </trkpt>
      <trkpt lat="34.43879" lon="-118.27188">
        <ele>676.0</ele>
        <time>2026-06-28T21:34:18Z</time>
      </trkpt>
      <trkpt lat="34.43882" lon="-118.27188">
        <ele>676.0</ele>
        <time>2026-06-28T21:34:21Z</time>
      </trkpt>
      <trkpt lat="34.43885" lon="-118.27189">
        <ele>676.0</ele>
        <time>2026-06-28T21:34:26Z</time>
      </trkpt>
      <trkpt lat="34.43888" lon="-118.27192">
        <ele>676.0</ele>
        <time>2026-06-28T21:34:29Z</time>
      </trkpt>
      <trkpt lat="34.4389" lon="-118.27195">
        <ele>676.0</ele>
        <time>2026-06-28T21:34:32Z</time>
      </trkpt>
      <trkpt lat="34.43892" lon="-118.27198">
        <ele>676.0</ele>
        <time>2026-06-28T21:34:35Z</time>
      </trkpt>
      <trkpt lat="34.43895" lon="-118.27198">
        <ele>676.0</ele>
        <time>2026-06-28T21:34:42Z</time>
      </trkpt>
      <trkpt lat="34.43898" lon="-118.272">
        <ele>676.0</ele>
        <time>2026-06-28T21:34:48Z</time>
      </trkpt>
      <trkpt lat="34.43898" lon="-118.27196">
        <ele>676.0</ele>
        <time>2026-06-28T21:35:04Z</time>
      </trkpt>
      <trkpt lat="34.43899" lon="-118.27193">
        <ele>676.23</ele>
        <time>2026-06-28T21:35:06Z</time>
      </trkpt>
      <trkpt lat="34.43902" lon="-118.27191">
        <ele>676.63</ele>
        <time>2026-06-28T21:35:10Z</time>
      </trkpt>
      <trkpt lat="34.43904" lon="-118.27188">
        <ele>676.89</ele>
        <time>2026-06-28T21:35:13Z</time>
      </trkpt>
      <trkpt lat="34.43907" lon="-118.27186">
        <ele>677.0</ele>
        <time>2026-06-28T21:35:16Z</time>
      </trkpt>
      <trkpt lat="34.43909" lon="-118.27184">
        <ele>677.0</ele>
        <time>2026-06-28T21:35:19Z</time>
      </trkpt>
      <trkpt lat="34.43912" lon="-118.27182">
        <ele>677.0</ele>
        <time>2026-06-28T21:35:23Z</time>
      </trkpt>
      <trkpt lat="34.43915" lon="-118.27181">
        <ele>677.0</ele>
        <time>2026-06-28T21:35:27Z</time>
      </trkpt>
      <trkpt lat="34.43918" lon="-118.27184">
        <ele>677.02</ele>
        <time>2026-06-28T21:35:31Z</time>
      </trkpt>
      <trkpt lat="34.43921" lon="-118.27187">
        <ele>677.0</ele>
        <time>2026-06-28T21:35:34Z</time>
      </trkpt>
      <trkpt lat="34.43924" lon="-118.27187">
        <ele>677.0</ele>
        <time>2026-06-28T21:35:38Z</time>
      </trkpt>
      <trkpt lat="34.43926" lon="-118.27186">
        <ele>677.01</ele>
        <time>2026-06-28T21:35:43Z</time>
      </trkpt>
      <trkpt lat="34.43929" lon="-118.27185">
        <ele>677.35</ele>
        <time>2026-06-28T21:35:48Z</time>
      </trkpt>
      <trkpt lat="34.43933" lon="-118.27184">
        <ele>677.79</ele>
        <time>2026-06-28T21:35:53Z</time>
      </trkpt>
      <trkpt lat="34.43935" lon="-118.27183">
        <ele>677.98</ele>
        <time>2026-06-28T21:35:57Z</time>
      </trkpt>
      <trkpt lat="34.43938" lon="-118.27184">
        <ele>678.3</ele>
        <time>2026-06-28T21:36:02Z</time>
      </trkpt>
      <trkpt lat="34.43941" lon="-118.27184">
        <ele>678.63</ele>
        <time>2026-06-28T21:36:08Z</time>
      </trkpt>
      <trkpt lat="34.43938" lon="-118.27185">
        <ele>678.3</ele>
        <time>2026-06-28T21:36:16Z</time>
      </trkpt>
      <trkpt lat="34.43941" lon="-118.27183">
        <ele>678.63</ele>
        <time>2026-06-28T21:36:27Z</time>
      </trkpt>
      <trkpt lat="34.43944" lon="-118.27181">
        <ele>678.95</ele>
        <time>2026-06-28T21:36:31Z</time>
      </trkpt>
      <trkpt lat="34.43947" lon="-118.2718">
        <ele>679.15</ele>
        <time>2026-06-28T21:36:33Z</time>
      </trkpt>
      <trkpt lat="34.43949" lon="-118.27179">
        <ele>679.33</ele>
        <time>2026-06-28T21:36:35Z</time>
      </trkpt>
      <trkpt lat="34.43953" lon="-118.27179">
        <ele>679.62</ele>
        <time>2026-06-28T21:36:38Z</time>
      </trkpt>
      <trkpt lat="34.43956" lon="-118.27179">
        <ele>679.75</ele>
        <time>2026-06-28T21:36:41Z</time>
      </trkpt>
      <trkpt lat="34.43959" lon="-118.27179">
        <ele>679.86</ele>
        <time>2026-06-28T21:36:44Z</time>
      </trkpt>
      <trkpt lat="34.43962" lon="-118.27179">
        <ele>679.97</ele>
        <time>2026-06-28T21:36:47Z</time>
      </trkpt>
      <trkpt lat="34.43965" lon="-118.27179">
        <ele>680.15</ele>
        <time>2026-06-28T21:36:51Z</time>
      </trkpt>
      <trkpt lat="34.43968" lon="-118.27178">
        <ele>680.42</ele>
        <time>2026-06-28T21:36:56Z</time>
      </trkpt>
      <trkpt lat="34.43972" lon="-118.27177">
        <ele>680.86</ele>
        <time>2026-06-28T21:37:01Z</time>
      </trkpt>
      <trkpt lat="34.43975" lon="-118.27176">
        <ele>680.99</ele>
        <time>2026-06-28T21:37:05Z</time>
      </trkpt>
      <trkpt lat="34.43977" lon="-118.27176">
        <ele>680.99</ele>
        <time>2026-06-28T21:37:09Z</time>
      </trkpt>
      <trkpt lat="34.43979" lon="-118.27172">
        <ele>681.0</ele>
        <time>2026-06-28T21:37:17Z</time>
      </trkpt>
      <trkpt lat="34.43979" lon="-118.27168">
        <ele>681.0</ele>
        <time>2026-06-28T21:37:20Z</time>
      </trkpt>
      <trkpt lat="34.4398" lon="-118.27164">
        <ele>681.24</ele>
        <time>2026-06-28T21:37:22Z</time>
      </trkpt>
      <trkpt lat="34.43981" lon="-118.27161">
        <ele>681.58</ele>
        <time>2026-06-28T21:37:25Z</time>
      </trkpt>
      <trkpt lat="34.43982" lon="-118.27157">
        <ele>682.0</ele>
        <time>2026-06-28T21:37:29Z</time>
      </trkpt>
      <trkpt lat="34.43983" lon="-118.27153">
        <ele>682.08</ele>
        <time>2026-06-28T21:37:33Z</time>
      </trkpt>
      <trkpt lat="34.43984" lon="-118.2715">
        <ele>682.22</ele>
        <time>2026-06-28T21:37:36Z</time>
      </trkpt>
      <trkpt lat="34.43985" lon="-118.27146">
        <ele>682.38</ele>
        <time>2026-06-28T21:37:40Z</time>
      </trkpt>
      <trkpt lat="34.43986" lon="-118.27143">
        <ele>682.49</ele>
        <time>2026-06-28T21:37:43Z</time>
      </trkpt>
      <trkpt lat="34.43987" lon="-118.2714">
        <ele>682.6</ele>
        <time>2026-06-28T21:37:46Z</time>
      </trkpt>
      <trkpt lat="34.43988" lon="-118.27136">
        <ele>682.8</ele>
        <time>2026-06-28T21:37:49Z</time>
      </trkpt>
      <trkpt lat="34.43988" lon="-118.27133">
        <ele>682.89</ele>
        <time>2026-06-28T21:37:52Z</time>
      </trkpt>
      <trkpt lat="34.43989" lon="-118.2713">
        <ele>682.99</ele>
        <time>2026-06-28T21:37:55Z</time>
      </trkpt>
      <trkpt lat="34.4399" lon="-118.27126">
        <ele>683.36</ele>
        <time>2026-06-28T21:37:58Z</time>
      </trkpt>
      <trkpt lat="34.4399" lon="-118.27123">
        <ele>683.66</ele>
        <time>2026-06-28T21:38:01Z</time>
      </trkpt>
      <trkpt lat="34.43991" lon="-118.27119">
        <ele>684.03</ele>
        <time>2026-06-28T21:38:05Z</time>
      </trkpt>
      <trkpt lat="34.43992" lon="-118.27115">
        <ele>684.14</ele>
        <time>2026-06-28T21:38:09Z</time>
      </trkpt>
      <trkpt lat="34.4399" lon="-118.27112">
        <ele>683.92</ele>
        <time>2026-06-28T21:38:13Z</time>
      </trkpt>
      <trkpt lat="34.43988" lon="-118.27109">
        <ele>683.7</ele>
        <time>2026-06-28T21:38:16Z</time>
      </trkpt>
      <trkpt lat="34.43985" lon="-118.27106">
        <ele>683.38</ele>
        <time>2026-06-28T21:38:19Z</time>
      </trkpt>
      <trkpt lat="34.43985" lon="-118.27103">
        <ele>683.38</ele>
        <time>2026-06-28T21:38:23Z</time>
      </trkpt>
      <trkpt lat="34.43984" lon="-118.27099">
        <ele>683.27</ele>
        <time>2026-06-28T21:38:27Z</time>
      </trkpt>
      <trkpt lat="34.43983" lon="-118.27095">
        <ele>683.16</ele>
        <time>2026-06-28T21:38:31Z</time>
      </trkpt>
      <trkpt lat="34.43982" lon="-118.27092">
        <ele>683.05</ele>
        <time>2026-06-28T21:38:40Z</time>
      </trkpt>
      <trkpt lat="34.43982" lon="-118.27088">
        <ele>683.03</ele>
        <time>2026-06-28T21:38:44Z</time>
      </trkpt>
      <trkpt lat="34.43982" lon="-118.27085">
        <ele>683.01</ele>
        <time>2026-06-28T21:38:49Z</time>
      </trkpt>
      <trkpt lat="34.43985" lon="-118.27083">
        <ele>683.0</ele>
        <time>2026-06-28T21:38:52Z</time>
      </trkpt>
      <trkpt lat="34.43988" lon="-118.27082">
        <ele>683.0</ele>
        <time>2026-06-28T21:38:56Z</time>
      </trkpt>
      <trkpt lat="34.43991" lon="-118.27084">
        <ele>683.1</ele>
        <time>2026-06-28T21:39:00Z</time>
      </trkpt>
      <trkpt lat="34.43994" lon="-118.27084">
        <ele>683.42</ele>
        <time>2026-06-28T21:39:04Z</time>
      </trkpt>
      <trkpt lat="34.43997" lon="-118.27086">
        <ele>683.96</ele>
        <time>2026-06-28T21:39:08Z</time>
      </trkpt>
      <trkpt lat="34.44" lon="-118.27087">
        <ele>684.4</ele>
        <time>2026-06-28T21:39:12Z</time>
      </trkpt>
      <trkpt lat="34.44003" lon="-118.27086">
        <ele>684.84</ele>
        <time>2026-06-28T21:39:16Z</time>
      </trkpt>
      <trkpt lat="34.44006" lon="-118.27086">
        <ele>685.4</ele>
        <time>2026-06-28T21:39:20Z</time>
      </trkpt>
      <trkpt lat="34.44008" lon="-118.27082">
        <ele>685.73</ele>
        <time>2026-06-28T21:39:35Z</time>
      </trkpt>
      <trkpt lat="34.4401" lon="-118.2708">
        <ele>686.08</ele>
        <time>2026-06-28T21:39:38Z</time>
      </trkpt>
      <trkpt lat="34.44013" lon="-118.27079">
        <ele>686.4</ele>
        <time>2026-06-28T21:39:42Z</time>
      </trkpt>
      <trkpt lat="34.44017" lon="-118.27079">
        <ele>686.84</ele>
        <time>2026-06-28T21:39:45Z</time>
      </trkpt>
      <trkpt lat="34.44021" lon="-118.27079">
        <ele>687.54</ele>
        <time>2026-06-28T21:39:48Z</time>
      </trkpt>
      <trkpt lat="34.44024" lon="-118.2708">
        <ele>688.18</ele>
        <time>2026-06-28T21:39:51Z</time>
      </trkpt>
      <trkpt lat="34.44026" lon="-118.2708">
        <ele>688.62</ele>
        <time>2026-06-28T21:39:54Z</time>
      </trkpt>
      <trkpt lat="34.44029" lon="-118.2708">
        <ele>689.22</ele>
        <time>2026-06-28T21:39:57Z</time>
      </trkpt>
      <trkpt lat="34.44032" lon="-118.27079">
        <ele>689.7</ele>
        <time>2026-06-28T21:40:01Z</time>
      </trkpt>
      <trkpt lat="34.44035" lon="-118.27078">
        <ele>690.11</ele>
        <time>2026-06-28T21:40:27Z</time>
      </trkpt>
      <trkpt lat="34.44038" lon="-118.27076">
        <ele>690.31</ele>
        <time>2026-06-28T21:40:29Z</time>
      </trkpt>
      <trkpt lat="34.4404" lon="-118.27075">
        <ele>690.42</ele>
        <time>2026-06-28T21:40:31Z</time>
      </trkpt>
      <trkpt lat="34.44043" lon="-118.27073">
        <ele>690.64</ele>
        <time>2026-06-28T21:40:33Z</time>
      </trkpt>
      <trkpt lat="34.44046" lon="-118.27073">
        <ele>690.97</ele>
        <time>2026-06-28T21:40:36Z</time>
      </trkpt>
      <trkpt lat="34.44049" lon="-118.27073">
        <ele>691.29</ele>
        <time>2026-06-28T21:40:39Z</time>
      </trkpt>
      <trkpt lat="34.44053" lon="-118.27073">
        <ele>691.72</ele>
        <time>2026-06-28T21:40:43Z</time>
      </trkpt>
      <trkpt lat="34.44056" lon="-118.27074">
        <ele>692.0</ele>
        <time>2026-06-28T21:40:46Z</time>
      </trkpt>
      <trkpt lat="34.44058" lon="-118.27074">
        <ele>692.0</ele>
        <time>2026-06-28T21:40:49Z</time>
      </trkpt>
      <trkpt lat="34.44061" lon="-118.27074">
        <ele>692.0</ele>
        <time>2026-06-28T21:40:52Z</time>
      </trkpt>
      <trkpt lat="34.44064" lon="-118.27075">
        <ele>692.1</ele>
        <time>2026-06-28T21:40:55Z</time>
      </trkpt>
      <trkpt lat="34.44066" lon="-118.27078">
        <ele>692.5</ele>
        <time>2026-06-28T21:40:58Z</time>
      </trkpt>
      <trkpt lat="34.44069" lon="-118.27079">
        <ele>692.74</ele>
        <time>2026-06-28T21:41:02Z</time>
      </trkpt>
      <trkpt lat="34.44072" lon="-118.2708">
        <ele>692.92</ele>
        <time>2026-06-28T21:41:06Z</time>
      </trkpt>
      <trkpt lat="34.44075" lon="-118.27081">
        <ele>693.1</ele>
        <time>2026-06-28T21:41:10Z</time>
      </trkpt>
      <trkpt lat="34.44077" lon="-118.27077">
        <ele>693.32</ele>
        <time>2026-06-28T21:41:15Z</time>
      </trkpt>
      <trkpt lat="34.44077" lon="-118.27073">
        <ele>693.2</ele>
        <time>2026-06-28T21:41:18Z</time>
      </trkpt>
      <trkpt lat="34.44076" lon="-118.2707">
        <ele>692.77</ele>
        <time>2026-06-28T21:41:21Z</time>
      </trkpt>
      <trkpt lat="34.44076" lon="-118.27066">
        <ele>692.34</ele>
        <time>2026-06-28T21:41:24Z</time>
      </trkpt>
      <trkpt lat="34.44078" lon="-118.27062">
        <ele>692.3</ele>
        <time>2026-06-28T21:41:27Z</time>
      </trkpt>
      <trkpt lat="34.44082" lon="-118.2706">
        <ele>692.41</ele>
        <time>2026-06-28T21:41:30Z</time>
      </trkpt>
      <trkpt lat="34.44084" lon="-118.27059">
        <ele>692.37</ele>
        <time>2026-06-28T21:41:32Z</time>
      </trkpt>
      <trkpt lat="34.44087" lon="-118.27057">
        <ele>692.16</ele>
        <time>2026-06-28T21:41:34Z</time>
      </trkpt>
      <trkpt lat="34.4409" lon="-118.27057">
        <ele>692.16</ele>
        <time>2026-06-28T21:41:37Z</time>
      </trkpt>
      <trkpt lat="34.44093" lon="-118.27057">
        <ele>692.16</ele>
        <time>2026-06-28T21:41:40Z</time>
      </trkpt>
      <trkpt lat="34.44096" lon="-118.27057">
        <ele>692.16</ele>
        <time>2026-06-28T21:41:45Z</time>
      </trkpt>
      <trkpt lat="34.44099" lon="-118.27055">
        <ele>692.0</ele>
        <time>2026-06-28T21:41:49Z</time>
      </trkpt>
      <trkpt lat="34.44102" lon="-118.27054">
        <ele>692.0</ele>
        <time>2026-06-28T21:41:52Z</time>
      </trkpt>
      <trkpt lat="34.44104" lon="-118.27052">
        <ele>692.0</ele>
        <time>2026-06-28T21:41:55Z</time>
      </trkpt>
      <trkpt lat="34.44107" lon="-118.2705">
        <ele>692.0</ele>
        <time>2026-06-28T21:41:58Z</time>
      </trkpt>
      <trkpt lat="34.44109" lon="-118.27049">
        <ele>692.0</ele>
        <time>2026-06-28T21:42:01Z</time>
      </trkpt>
      <trkpt lat="34.44112" lon="-118.27048">
        <ele>692.08</ele>
        <time>2026-06-28T21:42:04Z</time>
      </trkpt>
      <trkpt lat="34.44115" lon="-118.27046">
        <ele>692.45</ele>
        <time>2026-06-28T21:42:07Z</time>
      </trkpt>
      <trkpt lat="34.44117" lon="-118.27045">
        <ele>692.78</ele>
        <time>2026-06-28T21:42:10Z</time>
      </trkpt>
      <trkpt lat="34.4412" lon="-118.27044">
        <ele>693.21</ele>
        <time>2026-06-28T21:42:13Z</time>
      </trkpt>
      <trkpt lat="34.44123" lon="-118.27043">
        <ele>693.64</ele>
        <time>2026-06-28T21:42:16Z</time>
      </trkpt>
      <trkpt lat="34.44126" lon="-118.27044">
        <ele>693.86</ele>
        <time>2026-06-28T21:42:19Z</time>
      </trkpt>
      <trkpt lat="34.44129" lon="-118.27047">
        <ele>693.79</ele>
        <time>2026-06-28T21:42:22Z</time>
      </trkpt>
      <trkpt lat="34.44132" lon="-118.27049">
        <ele>693.49</ele>
        <time>2026-06-28T21:42:25Z</time>
      </trkpt>
      <trkpt lat="34.44135" lon="-118.2705">
        <ele>693.43</ele>
        <time>2026-06-28T21:42:28Z</time>
      </trkpt>
      <trkpt lat="34.44137" lon="-118.27052">
        <ele>693.26</ele>
        <time>2026-06-28T21:42:31Z</time>
      </trkpt>
      <trkpt lat="34.4414" lon="-118.27054">
        <ele>693.29</ele>
        <time>2026-06-28T21:42:34Z</time>
      </trkpt>
      <trkpt lat="34.44143" lon="-118.27057">
        <ele>693.6</ele>
        <time>2026-06-28T21:42:37Z</time>
      </trkpt>
      <trkpt lat="34.44145" lon="-118.27059">
        <ele>694.03</ele>
        <time>2026-06-28T21:42:40Z</time>
      </trkpt>
      <trkpt lat="34.44148" lon="-118.27062">
        <ele>694.68</ele>
        <time>2026-06-28T21:42:43Z</time>
      </trkpt>
      <trkpt lat="34.4415" lon="-118.27064">
        <ele>695.11</ele>
        <time>2026-06-28T21:42:46Z</time>
      </trkpt>
      <trkpt lat="34.44151" lon="-118.27067">
        <ele>696.02</ele>
        <time>2026-06-28T21:42:50Z</time>
      </trkpt>
      <trkpt lat="34.44153" lon="-118.2707">
        <ele>697.2</ele>
        <time>2026-06-28T21:42:54Z</time>
      </trkpt>
      <trkpt lat="34.44155" lon="-118.27072">
        <ele>698.07</ele>
        <time>2026-06-28T21:42:57Z</time>
      </trkpt>
      <trkpt lat="34.44158" lon="-118.27071">
        <ele>698.03</ele>
        <time>2026-06-28T21:43:01Z</time>
      </trkpt>
      <trkpt lat="34.44161" lon="-118.27071">
        <ele>698.13</ele>
        <time>2026-06-28T21:43:05Z</time>
      </trkpt>
      <trkpt lat="34.44164" lon="-118.27073">
        <ele>698.73</ele>
        <time>2026-06-28T21:43:08Z</time>
      </trkpt>
      <trkpt lat="34.44167" lon="-118.27075">
        <ele>699.46</ele>
        <time>2026-06-28T21:43:12Z</time>
      </trkpt>
      <trkpt lat="34.44169" lon="-118.27077">
        <ele>700.61</ele>
        <time>2026-06-28T21:43:15Z</time>
      </trkpt>
      <trkpt lat="34.44172" lon="-118.27079">
        <ele>701.67</ele>
        <time>2026-06-28T21:43:19Z</time>
      </trkpt>
      <trkpt lat="34.44175" lon="-118.27081">
        <ele>702.45</ele>
        <time>2026-06-28T21:43:23Z</time>
      </trkpt>
      <trkpt lat="34.44178" lon="-118.27083">
        <ele>703.17</ele>
        <time>2026-06-28T21:43:27Z</time>
      </trkpt>
      <trkpt lat="34.44181" lon="-118.27083">
        <ele>703.52</ele>
        <time>2026-06-28T21:43:31Z</time>
      </trkpt>
      <trkpt lat="34.44184" lon="-118.27084">
        <ele>704.03</ele>
        <time>2026-06-28T21:43:35Z</time>
      </trkpt>
      <trkpt lat="34.44187" lon="-118.27084">
        <ele>704.13</ele>
        <time>2026-06-28T21:43:38Z</time>
      </trkpt>
      <trkpt lat="34.4419" lon="-118.27085">
        <ele>704.27</ele>
        <time>2026-06-28T21:43:41Z</time>
      </trkpt>
      <trkpt lat="34.44192" lon="-118.27086">
        <ele>704.36</ele>
        <time>2026-06-28T21:43:44Z</time>
      </trkpt>
      <trkpt lat="34.44195" lon="-118.27088">
        <ele>704.53</ele>
        <time>2026-06-28T21:43:47Z</time>
      </trkpt>
      <trkpt lat="34.44197" lon="-118.27089">
        <ele>704.72</ele>
        <time>2026-06-28T21:43:50Z</time>
      </trkpt>
      <trkpt lat="34.442" lon="-118.2709">
        <ele>704.89</ele>
        <time>2026-06-28T21:43:53Z</time>
      </trkpt>
      <trkpt lat="34.44202" lon="-118.27091">
        <ele>704.97</ele>
        <time>2026-06-28T21:43:56Z</time>
      </trkpt>
      <trkpt lat="34.44205" lon="-118.27094">
        <ele>705.28</ele>
        <time>2026-06-28T21:43:59Z</time>
      </trkpt>
      <trkpt lat="34.44206" lon="-118.27098">
        <ele>706.02</ele>
        <time>2026-06-28T21:44:01Z</time>
      </trkpt>
      <trkpt lat="34.44208" lon="-118.27102">
        <ele>706.58</ele>
        <time>2026-06-28T21:44:03Z</time>
      </trkpt>
      <trkpt lat="34.44209" lon="-118.27105">
        <ele>707.25</ele>
        <time>2026-06-28T21:44:05Z</time>
      </trkpt>
      <trkpt lat="34.44212" lon="-118.27108">
        <ele>707.5</ele>
        <time>2026-06-28T21:44:08Z</time>
      </trkpt>
      <trkpt lat="34.44214" lon="-118.2711">
        <ele>707.66</ele>
        <time>2026-06-28T21:44:11Z</time>
      </trkpt>
      <trkpt lat="34.44216" lon="-118.27113">
        <ele>708.22</ele>
        <time>2026-06-28T21:44:14Z</time>
      </trkpt>
      <trkpt lat="34.44219" lon="-118.27115">
        <ele>708.33</ele>
        <time>2026-06-28T21:44:17Z</time>
      </trkpt>
      <trkpt lat="34.44221" lon="-118.27117">
        <ele>708.49</ele>
        <time>2026-06-28T21:44:21Z</time>
      </trkpt>
      <trkpt lat="34.44223" lon="-118.27121">
        <ele>709.26</ele>
        <time>2026-06-28T21:44:25Z</time>
      </trkpt>
      <trkpt lat="34.44224" lon="-118.27124">
        <ele>710.42</ele>
        <time>2026-06-28T21:44:29Z</time>
      </trkpt>
      <trkpt lat="34.44225" lon="-118.27127">
        <ele>711.43</ele>
        <time>2026-06-28T21:44:33Z</time>
      </trkpt>
      <trkpt lat="34.44226" lon="-118.2713">
        <ele>712.3</ele>
        <time>2026-06-28T21:44:37Z</time>
      </trkpt>
      <trkpt lat="34.44226" lon="-118.27134">
        <ele>713.6</ele>
        <time>2026-06-28T21:44:42Z</time>
      </trkpt>
      <trkpt lat="34.44227" lon="-118.27138">
        <ele>714.68</ele>
        <time>2026-06-28T21:44:47Z</time>
      </trkpt>
      <trkpt lat="34.44228" lon="-118.2714">
        <ele>715.11</ele>
        <time>2026-06-28T21:44:51Z</time>
      </trkpt>
      <trkpt lat="34.44232" lon="-118.2714">
        <ele>714.3</ele>
        <time>2026-06-28T21:44:54Z</time>
      </trkpt>
      <trkpt lat="34.44235" lon="-118.27139">
        <ele>713.66</ele>
        <time>2026-06-28T21:44:57Z</time>
      </trkpt>
      <trkpt lat="34.44237" lon="-118.27141">
        <ele>714.09</ele>
        <time>2026-06-28T21:45:00Z</time>
      </trkpt>
      <trkpt lat="34.44239" lon="-118.27143">
        <ele>714.52</ele>
        <time>2026-06-28T21:45:03Z</time>
      </trkpt>
      <trkpt lat="34.44242" lon="-118.27145">
        <ele>714.94</ele>
        <time>2026-06-28T21:45:06Z</time>
      </trkpt>
      <trkpt lat="34.44244" lon="-118.27148">
        <ele>715.61</ele>
        <time>2026-06-28T21:45:09Z</time>
      </trkpt>
      <trkpt lat="34.44245" lon="-118.27152">
        <ele>716.15</ele>
        <time>2026-06-28T21:45:13Z</time>
      </trkpt>
      <trkpt lat="34.44244" lon="-118.27155">
        <ele>716.65</ele>
        <time>2026-06-28T21:45:19Z</time>
      </trkpt>
      <trkpt lat="34.44244" lon="-118.27158">
        <ele>717.06</ele>
        <time>2026-06-28T21:45:32Z</time>
      </trkpt>
      <trkpt lat="34.44244" lon="-118.27162">
        <ele>717.5</ele>
        <time>2026-06-28T21:50:21Z</time>
      </trkpt>
      <trkpt lat="34.44244" lon="-118.27167">
        <ele>718.04</ele>
        <time>2026-06-28T21:50:23Z</time>
      </trkpt>
      <trkpt lat="34.44245" lon="-118.2717">
        <ele>718.36</ele>
        <time>2026-06-28T21:50:26Z</time>
      </trkpt>
      <trkpt lat="34.44247" lon="-118.27172">
        <ele>718.58</ele>
        <time>2026-06-28T21:50:30Z</time>
      </trkpt>
      <trkpt lat="34.44251" lon="-118.27173">
        <ele>718.79</ele>
        <time>2026-06-28T21:50:32Z</time>
      </trkpt>
      <trkpt lat="34.44254" lon="-118.27173">
        <ele>719.12</ele>
        <time>2026-06-28T21:50:34Z</time>
      </trkpt>
      <trkpt lat="34.44257" lon="-118.27173">
        <ele>719.44</ele>
        <time>2026-06-28T21:50:37Z</time>
      </trkpt>
      <trkpt lat="34.44259" lon="-118.27171">
        <ele>719.44</ele>
        <time>2026-06-28T21:50:40Z</time>
      </trkpt>
      <trkpt lat="34.44261" lon="-118.27167">
        <ele>719.04</ele>
        <time>2026-06-28T21:50:43Z</time>
      </trkpt>
      <trkpt lat="34.44263" lon="-118.27164">
        <ele>718.54</ele>
        <time>2026-06-28T21:50:46Z</time>
      </trkpt>
      <trkpt lat="34.44265" lon="-118.27162">
        <ele>718.3</ele>
        <time>2026-06-28T21:50:51Z</time>
      </trkpt>
      <trkpt lat="34.44268" lon="-118.2716">
        <ele>718.24</ele>
        <time>2026-06-28T21:50:56Z</time>
      </trkpt>
      <trkpt lat="34.44271" lon="-118.2716">
        <ele>718.36</ele>
        <time>2026-06-28T21:51:01Z</time>
      </trkpt>
      <trkpt lat="34.44273" lon="-118.27163">
        <ele>718.9</ele>
        <time>2026-06-28T21:51:05Z</time>
      </trkpt>
      <trkpt lat="34.44275" lon="-118.27166">
        <ele>719.58</ele>
        <time>2026-06-28T21:51:08Z</time>
      </trkpt>
      <trkpt lat="34.44277" lon="-118.27169">
        <ele>720.19</ele>
        <time>2026-06-28T21:51:12Z</time>
      </trkpt>
      <trkpt lat="34.44279" lon="-118.27172">
        <ele>720.58</ele>
        <time>2026-06-28T21:51:16Z</time>
      </trkpt>
      <trkpt lat="34.44279" lon="-118.27176">
        <ele>721.02</ele>
        <time>2026-06-28T21:51:21Z</time>
      </trkpt>
      <trkpt lat="34.4428" lon="-118.27179">
        <ele>721.92</ele>
        <time>2026-06-28T21:51:27Z</time>
      </trkpt>
      <trkpt lat="34.44281" lon="-118.27182">
        <ele>722.74</ele>
        <time>2026-06-28T21:51:32Z</time>
      </trkpt>
      <trkpt lat="34.44282" lon="-118.27185">
        <ele>723.49</ele>
        <time>2026-06-28T21:51:36Z</time>
      </trkpt>
      <trkpt lat="34.44284" lon="-118.27188">
        <ele>724.34</ele>
        <time>2026-06-28T21:51:40Z</time>
      </trkpt>
      <trkpt lat="34.44286" lon="-118.2719">
        <ele>725.08</ele>
        <time>2026-06-28T21:51:44Z</time>
      </trkpt>
      <trkpt lat="34.44288" lon="-118.27193">
        <ele>726.29</ele>
        <time>2026-06-28T21:51:49Z</time>
      </trkpt>
      <trkpt lat="34.44289" lon="-118.27196">
        <ele>727.33</ele>
        <time>2026-06-28T21:51:53Z</time>
      </trkpt>
      <trkpt lat="34.44291" lon="-118.27199">
        <ele>728.26</ele>
        <time>2026-06-28T21:51:57Z</time>
      </trkpt>
      <trkpt lat="34.44293" lon="-118.27201">
        <ele>728.94</ele>
        <time>2026-06-28T21:52:01Z</time>
      </trkpt>
      <trkpt lat="34.44295" lon="-118.27204">
        <ele>730.1</ele>
        <time>2026-06-28T21:52:05Z</time>
      </trkpt>
      <trkpt lat="34.44297" lon="-118.27207">
        <ele>730.87</ele>
        <time>2026-06-28T21:52:09Z</time>
      </trkpt>
      <trkpt lat="34.44298" lon="-118.2721">
        <ele>731.61</ele>
        <time>2026-06-28T21:52:13Z</time>
      </trkpt>
      <trkpt lat="34.443" lon="-118.27213">
        <ele>732.21</ele>
        <time>2026-06-28T21:52:17Z</time>
      </trkpt>
      <trkpt lat="34.44302" lon="-118.27216">
        <ele>732.75</ele>
        <time>2026-06-28T21:52:21Z</time>
      </trkpt>
      <trkpt lat="34.44304" lon="-118.27219">
        <ele>733.29</ele>
        <time>2026-06-28T21:52:25Z</time>
      </trkpt>
      <trkpt lat="34.44306" lon="-118.27222">
        <ele>733.78</ele>
        <time>2026-06-28T21:52:29Z</time>
      </trkpt>
      <trkpt lat="34.44308" lon="-118.27225">
        <ele>734.11</ele>
        <time>2026-06-28T21:52:33Z</time>
      </trkpt>
      <trkpt lat="34.4431" lon="-118.27227">
        <ele>734.11</ele>
        <time>2026-06-28T21:52:37Z</time>
      </trkpt>
      <trkpt lat="34.44313" lon="-118.27229">
        <ele>733.78</ele>
        <time>2026-06-28T21:52:40Z</time>
      </trkpt>
      <trkpt lat="34.44317" lon="-118.27231">
        <ele>733.15</ele>
        <time>2026-06-28T21:52:43Z</time>
      </trkpt>
      <trkpt lat="34.44319" lon="-118.27234">
        <ele>733.46</ele>
        <time>2026-06-28T21:52:47Z</time>
      </trkpt>
      <trkpt lat="34.44321" lon="-118.27237">
        <ele>733.78</ele>
        <time>2026-06-28T21:52:52Z</time>
      </trkpt>
      <trkpt lat="34.44323" lon="-118.2724">
        <ele>734.11</ele>
        <time>2026-06-28T21:52:56Z</time>
      </trkpt>
      <trkpt lat="34.44324" lon="-118.27243">
        <ele>734.51</ele>
        <time>2026-06-28T21:53:01Z</time>
      </trkpt>
      <trkpt lat="34.44326" lon="-118.27246">
        <ele>734.51</ele>
        <time>2026-06-28T21:53:06Z</time>
      </trkpt>
      <trkpt lat="34.44327" lon="-118.27249">
        <ele>734.84</ele>
        <time>2026-06-28T21:53:11Z</time>
      </trkpt>
      <trkpt lat="34.44328" lon="-118.27253">
        <ele>735.24</ele>
        <time>2026-06-28T21:53:14Z</time>
      </trkpt>
      <trkpt lat="34.44329" lon="-118.27257">
        <ele>735.51</ele>
        <time>2026-06-28T21:53:17Z</time>
      </trkpt>
      <trkpt lat="34.4433" lon="-118.2726">
        <ele>735.55</ele>
        <time>2026-06-28T21:53:20Z</time>
      </trkpt>
      <trkpt lat="34.44329" lon="-118.27263">
        <ele>736.47</ele>
        <time>2026-06-28T21:53:23Z</time>
      </trkpt>
      <trkpt lat="34.44327" lon="-118.27267">
        <ele>738.14</ele>
        <time>2026-06-28T21:53:26Z</time>
      </trkpt>
      <trkpt lat="34.44325" lon="-118.27269">
        <ele>739.55</ele>
        <time>2026-06-28T21:53:29Z</time>
      </trkpt>
      <trkpt lat="34.44323" lon="-118.27273">
        <ele>741.0</ele>
        <time>2026-06-28T21:53:33Z</time>
      </trkpt>
      <trkpt lat="34.44323" lon="-118.27277">
        <ele>741.49</ele>
        <time>2026-06-28T21:53:37Z</time>
      </trkpt>
      <trkpt lat="34.44324" lon="-118.27279">
        <ele>741.17</ele>
        <time>2026-06-28T21:53:47Z</time>
      </trkpt>
      <trkpt lat="34.44326" lon="-118.27282">
        <ele>740.42</ele>
        <time>2026-06-28T21:53:50Z</time>
      </trkpt>
      <trkpt lat="34.44327" lon="-118.27285">
        <ele>740.2</ele>
        <time>2026-06-28T21:53:53Z</time>
      </trkpt>
      <trkpt lat="34.44328" lon="-118.27289">
        <ele>740.24</ele>
        <time>2026-06-28T21:53:57Z</time>
      </trkpt>
      <trkpt lat="34.44328" lon="-118.27292">
        <ele>740.79</ele>
        <time>2026-06-28T21:54:04Z</time>
      </trkpt>
      <trkpt lat="34.44331" lon="-118.27294">
        <ele>740.51</ele>
        <time>2026-06-28T21:54:09Z</time>
      </trkpt>
      <trkpt lat="34.44333" lon="-118.27297">
        <ele>741.26</ele>
        <time>2026-06-28T21:54:13Z</time>
      </trkpt>
      <trkpt lat="34.44335" lon="-118.273">
        <ele>741.8</ele>
        <time>2026-06-28T21:54:17Z</time>
      </trkpt>
      <trkpt lat="34.44336" lon="-118.27304">
        <ele>743.11</ele>
        <time>2026-06-28T21:54:21Z</time>
      </trkpt>
      <trkpt lat="34.44338" lon="-118.27306">
        <ele>743.69</ele>
        <time>2026-06-28T21:54:24Z</time>
      </trkpt>
      <trkpt lat="34.4434" lon="-118.2731">
        <ele>745.2</ele>
        <time>2026-06-28T21:54:28Z</time>
      </trkpt>
      <trkpt lat="34.44342" lon="-118.27312">
        <ele>745.85</ele>
        <time>2026-06-28T21:54:31Z</time>
      </trkpt>
      <trkpt lat="34.44343" lon="-118.27315">
        <ele>746.99</ele>
        <time>2026-06-28T21:54:34Z</time>
      </trkpt>
      <trkpt lat="34.44345" lon="-118.27318">
        <ele>747.95</ele>
        <time>2026-06-28T21:54:37Z</time>
      </trkpt>
      <trkpt lat="34.44346" lon="-118.27321">
        <ele>749.18</ele>
        <time>2026-06-28T21:54:40Z</time>
      </trkpt>
      <trkpt lat="34.44348" lon="-118.27324">
        <ele>750.38</ele>
        <time>2026-06-28T21:54:44Z</time>
      </trkpt>
      <trkpt lat="34.4435" lon="-118.27327">
        <ele>751.72</ele>
        <time>2026-06-28T21:54:47Z</time>
      </trkpt>
      <trkpt lat="34.44351" lon="-118.27331">
        <ele>753.76</ele>
        <time>2026-06-28T21:54:50Z</time>
      </trkpt>
      <trkpt lat="34.44353" lon="-118.27335">
        <ele>755.49</ele>
        <time>2026-06-28T21:54:53Z</time>
      </trkpt>
      <trkpt lat="34.44355" lon="-118.27337">
        <ele>756.04</ele>
        <time>2026-06-28T21:54:56Z</time>
      </trkpt>
      <trkpt lat="34.44357" lon="-118.27341">
        <ele>757.66</ele>
        <time>2026-06-28T21:55:00Z</time>
      </trkpt>
      <trkpt lat="34.44358" lon="-118.27343">
        <ele>758.42</ele>
        <time>2026-06-28T21:55:03Z</time>
      </trkpt>
      <trkpt lat="34.4436" lon="-118.27346">
        <ele>758.86</ele>
        <time>2026-06-28T21:55:06Z</time>
      </trkpt>
      <trkpt lat="34.44363" lon="-118.27349">
        <ele>759.05</ele>
        <time>2026-06-28T21:55:09Z</time>
      </trkpt>
      <trkpt lat="34.44365" lon="-118.27351">
        <ele>759.32</ele>
        <time>2026-06-28T21:55:11Z</time>
      </trkpt>
      <trkpt lat="34.44368" lon="-118.27353">
        <ele>759.35</ele>
        <time>2026-06-28T21:55:14Z</time>
      </trkpt>
      <trkpt lat="34.44371" lon="-118.27355">
        <ele>759.23</ele>
        <time>2026-06-28T21:55:17Z</time>
      </trkpt>
      <trkpt lat="34.44374" lon="-118.27355">
        <ele>758.69</ele>
        <time>2026-06-28T21:55:21Z</time>
      </trkpt>
      <trkpt lat="34.44377" lon="-118.27355">
        <ele>758.15</ele>
        <time>2026-06-28T21:55:25Z</time>
      </trkpt>
      <trkpt lat="34.4438" lon="-118.27354">
        <ele>757.42</ele>
        <time>2026-06-28T21:55:29Z</time>
      </trkpt>
      <trkpt lat="34.44383" lon="-118.27353">
        <ele>756.88</ele>
        <time>2026-06-28T21:55:33Z</time>
      </trkpt>
      <trkpt lat="34.44386" lon="-118.27352">
        <ele>756.34</ele>
        <time>2026-06-28T21:55:37Z</time>
      </trkpt>
      <trkpt lat="34.4439" lon="-118.27351">
        <ele>755.86</ele>
        <time>2026-06-28T21:55:41Z</time>
      </trkpt>
      <trkpt lat="34.44393" lon="-118.27351">
        <ele>756.21</ele>
        <time>2026-06-28T21:55:45Z</time>
      </trkpt>
      <trkpt lat="34.44396" lon="-118.27352">
        <ele>756.79</ele>
        <time>2026-06-28T21:55:49Z</time>
      </trkpt>
      <trkpt lat="34.44394" lon="-118.27353">
        <ele>756.73</ele>
        <time>2026-06-28T21:56:32Z</time>
      </trkpt>
      <trkpt lat="34.44397" lon="-118.27353">
        <ele>757.02</ele>
        <time>2026-06-28T21:57:09Z</time>
      </trkpt>
      <trkpt lat="34.44401" lon="-118.27354">
        <ele>757.78</ele>
        <time>2026-06-28T21:57:12Z</time>
      </trkpt>
      <trkpt lat="34.44404" lon="-118.27354">
        <ele>758.35</ele>
        <time>2026-06-28T21:57:15Z</time>
      </trkpt>
      <trkpt lat="34.44407" lon="-118.27354">
        <ele>758.92</ele>
        <time>2026-06-28T21:57:18Z</time>
      </trkpt>
      <trkpt lat="34.4441" lon="-118.27354">
        <ele>759.22</ele>
        <time>2026-06-28T21:57:21Z</time>
      </trkpt>
      <trkpt lat="34.44413" lon="-118.27354">
        <ele>759.46</ele>
        <time>2026-06-28T21:57:25Z</time>
      </trkpt>
      <trkpt lat="34.44417" lon="-118.27353">
        <ele>759.87</ele>
        <time>2026-06-28T21:57:29Z</time>
      </trkpt>
      <trkpt lat="34.4442" lon="-118.27353">
        <ele>759.79</ele>
        <time>2026-06-28T21:57:33Z</time>
      </trkpt>
      <trkpt lat="34.44422" lon="-118.27351">
        <ele>760.05</ele>
        <time>2026-06-28T21:57:37Z</time>
      </trkpt>
      <trkpt lat="34.44425" lon="-118.27348">
        <ele>760.37</ele>
        <time>2026-06-28T21:57:40Z</time>
      </trkpt>
      <trkpt lat="34.44427" lon="-118.27345">
        <ele>760.8</ele>
        <time>2026-06-28T21:57:43Z</time>
      </trkpt>
      <trkpt lat="34.4443" lon="-118.27343">
        <ele>761.36</ele>
        <time>2026-06-28T21:57:47Z</time>
      </trkpt>
      <trkpt lat="34.44432" lon="-118.27341">
        <ele>761.88</ele>
        <time>2026-06-28T21:57:51Z</time>
      </trkpt>
      <trkpt lat="34.44435" lon="-118.27339">
        <ele>762.74</ele>
        <time>2026-06-28T21:57:55Z</time>
      </trkpt>
      <trkpt lat="34.44437" lon="-118.27337">
        <ele>763.25</ele>
        <time>2026-06-28T21:58:00Z</time>
      </trkpt>
      <trkpt lat="34.4444" lon="-118.27336">
        <ele>763.64</ele>
        <time>2026-06-28T21:58:25Z</time>
      </trkpt>
      <trkpt lat="34.44443" lon="-118.27335">
        <ele>764.18</ele>
        <time>2026-06-28T21:58:29Z</time>
      </trkpt>
      <trkpt lat="34.44446" lon="-118.27333">
        <ele>765.05</ele>
        <time>2026-06-28T21:58:33Z</time>
      </trkpt>
      <trkpt lat="34.44448" lon="-118.27332">
        <ele>765.25</ele>
        <time>2026-06-28T21:58:37Z</time>
      </trkpt>
      <trkpt lat="34.44451" lon="-118.2733">
        <ele>765.87</ele>
        <time>2026-06-28T21:58:42Z</time>
      </trkpt>
      <trkpt lat="34.44454" lon="-118.27328">
        <ele>766.75</ele>
        <time>2026-06-28T21:58:46Z</time>
      </trkpt>
      <trkpt lat="34.44456" lon="-118.27326">
        <ele>767.72</ele>
        <time>2026-06-28T21:58:50Z</time>
      </trkpt>
      <trkpt lat="34.44459" lon="-118.27324">
        <ele>769.15</ele>
        <time>2026-06-28T21:58:54Z</time>
      </trkpt>
      <trkpt lat="34.44462" lon="-118.27323">
        <ele>769.91</ele>
        <time>2026-06-28T21:58:58Z</time>
      </trkpt>
      <trkpt lat="34.44465" lon="-118.27322">
        <ele>770.27</ele>
        <time>2026-06-28T21:59:02Z</time>
      </trkpt>
      <trkpt lat="34.44468" lon="-118.27321">
        <ele>770.51</ele>
        <time>2026-06-28T21:59:06Z</time>
      </trkpt>
      <trkpt lat="34.44471" lon="-118.27321">
        <ele>770.62</ele>
        <time>2026-06-28T21:59:10Z</time>
      </trkpt>
      <trkpt lat="34.44475" lon="-118.27321">
        <ele>770.26</ele>
        <time>2026-06-28T21:59:14Z</time>
      </trkpt>
      <trkpt lat="34.44477" lon="-118.27323">
        <ele>769.32</ele>
        <time>2026-06-28T21:59:17Z</time>
      </trkpt>
      <trkpt lat="34.4448" lon="-118.27322">
        <ele>769.14</ele>
        <time>2026-06-28T21:59:21Z</time>
      </trkpt>
      <trkpt lat="34.44482" lon="-118.2732">
        <ele>769.64</ele>
        <time>2026-06-28T21:59:24Z</time>
      </trkpt>
      <trkpt lat="34.44485" lon="-118.27317">
        <ele>770.5</ele>
        <time>2026-06-28T21:59:28Z</time>
      </trkpt>
      <trkpt lat="34.44487" lon="-118.27315">
        <ele>771.3</ele>
        <time>2026-06-28T21:59:31Z</time>
      </trkpt>
      <trkpt lat="34.44489" lon="-118.27314">
        <ele>771.31</ele>
        <time>2026-06-28T21:59:34Z</time>
      </trkpt>
      <trkpt lat="34.44492" lon="-118.27312">
        <ele>771.28</ele>
        <time>2026-06-28T21:59:37Z</time>
      </trkpt>
      <trkpt lat="34.44495" lon="-118.2731">
        <ele>771.14</ele>
        <time>2026-06-28T21:59:41Z</time>
      </trkpt>
      <trkpt lat="34.44498" lon="-118.27308">
        <ele>771.27</ele>
        <time>2026-06-28T21:59:45Z</time>
      </trkpt>
      <trkpt lat="34.44501" lon="-118.27307">
        <ele>771.27</ele>
        <time>2026-06-28T21:59:48Z</time>
      </trkpt>
      <trkpt lat="34.44503" lon="-118.27307">
        <ele>771.05</ele>
        <time>2026-06-28T21:59:50Z</time>
      </trkpt>
      <trkpt lat="34.44507" lon="-118.27306">
        <ele>771.05</ele>
        <time>2026-06-28T21:59:53Z</time>
      </trkpt>
      <trkpt lat="34.4451" lon="-118.27305">
        <ele>770.98</ele>
        <time>2026-06-28T21:59:56Z</time>
      </trkpt>
      <trkpt lat="34.44513" lon="-118.27304">
        <ele>770.76</ele>
        <time>2026-06-28T21:59:59Z</time>
      </trkpt>
      <trkpt lat="34.44517" lon="-118.27304">
        <ele>770.33</ele>
        <time>2026-06-28T22:00:03Z</time>
      </trkpt>
      <trkpt lat="34.4452" lon="-118.27304">
        <ele>770.35</ele>
        <time>2026-06-28T22:00:07Z</time>
      </trkpt>
      <trkpt lat="34.44522" lon="-118.27306">
        <ele>770.23</ele>
        <time>2026-06-28T22:00:10Z</time>
      </trkpt>
      <trkpt lat="34.44525" lon="-118.27308">
        <ele>769.91</ele>
        <time>2026-06-28T22:00:13Z</time>
      </trkpt>
      <trkpt lat="34.44528" lon="-118.27308">
        <ele>770.26</ele>
        <time>2026-06-28T22:00:17Z</time>
      </trkpt>
      <trkpt lat="34.44531" lon="-118.27308">
        <ele>770.9</ele>
        <time>2026-06-28T22:00:21Z</time>
      </trkpt>
      <trkpt lat="34.44535" lon="-118.27308">
        <ele>771.77</ele>
        <time>2026-06-28T22:00:25Z</time>
      </trkpt>
      <trkpt lat="34.44538" lon="-118.27308">
        <ele>772.49</ele>
        <time>2026-06-28T22:00:29Z</time>
      </trkpt>
      <trkpt lat="34.44541" lon="-118.27308">
        <ele>773.38</ele>
        <time>2026-06-28T22:00:33Z</time>
      </trkpt>
      <trkpt lat="34.44544" lon="-118.27309">
        <ele>773.86</ele>
        <time>2026-06-28T22:00:36Z</time>
      </trkpt>
      <trkpt lat="34.44547" lon="-118.27311">
        <ele>774.03</ele>
        <time>2026-06-28T22:00:39Z</time>
      </trkpt>
      <trkpt lat="34.44549" lon="-118.27314">
        <ele>773.81</ele>
        <time>2026-06-28T22:00:41Z</time>
      </trkpt>
      <trkpt lat="34.4455" lon="-118.27317">
        <ele>772.87</ele>
        <time>2026-06-28T22:00:43Z</time>
      </trkpt>
      <trkpt lat="34.44552" lon="-118.27319">
        <ele>772.72</ele>
        <time>2026-06-28T22:00:45Z</time>
      </trkpt>
      <trkpt lat="34.44554" lon="-118.27322">
        <ele>771.76</ele>
        <time>2026-06-28T22:00:47Z</time>
      </trkpt>
      <trkpt lat="34.44557" lon="-118.27325">
        <ele>771.28</ele>
        <time>2026-06-28T22:00:50Z</time>
      </trkpt>
      <trkpt lat="34.4456" lon="-118.27326">
        <ele>772.0</ele>
        <time>2026-06-28T22:00:53Z</time>
      </trkpt>
      <trkpt lat="34.44563" lon="-118.27328">
        <ele>771.92</ele>
        <time>2026-06-28T22:00:56Z</time>
      </trkpt>
      <trkpt lat="34.44566" lon="-118.2733">
        <ele>771.63</ele>
        <time>2026-06-28T22:00:59Z</time>
      </trkpt>
      <trkpt lat="34.44568" lon="-118.27333">
        <ele>770.58</ele>
        <time>2026-06-28T22:01:02Z</time>
      </trkpt>
      <trkpt lat="34.44571" lon="-118.27335">
        <ele>771.37</ele>
        <time>2026-06-28T22:01:05Z</time>
      </trkpt>
      <trkpt lat="34.44574" lon="-118.27337">
        <ele>772.18</ele>
        <time>2026-06-28T22:01:08Z</time>
      </trkpt>
      <trkpt lat="34.44575" lon="-118.2734">
        <ele>772.1</ele>
        <time>2026-06-28T22:01:12Z</time>
      </trkpt>
      <trkpt lat="34.44572" lon="-118.27342">
        <ele>770.44</ele>
        <time>2026-06-28T22:01:15Z</time>
      </trkpt>
      <trkpt lat="34.4457" lon="-118.27344">
        <ele>770.14</ele>
        <time>2026-06-28T22:01:17Z</time>
      </trkpt>
      <trkpt lat="34.44567" lon="-118.27345">
        <ele>769.49</ele>
        <time>2026-06-28T22:01:19Z</time>
      </trkpt>
      <trkpt lat="34.44565" lon="-118.27347">
        <ele>769.49</ele>
        <time>2026-06-28T22:01:22Z</time>
      </trkpt>
      <trkpt lat="34.44562" lon="-118.2735">
        <ele>769.91</ele>
        <time>2026-06-28T22:01:25Z</time>
      </trkpt>
      <trkpt lat="34.4456" lon="-118.27352">
        <ele>770.02</ele>
        <time>2026-06-28T22:01:28Z</time>
      </trkpt>
      <trkpt lat="34.44557" lon="-118.27354">
        <ele>770.04</ele>
        <time>2026-06-28T22:01:32Z</time>
      </trkpt>
      <trkpt lat="34.44555" lon="-118.27356">
        <ele>770.26</ele>
        <time>2026-06-28T22:01:35Z</time>
      </trkpt>
      <trkpt lat="34.44553" lon="-118.27358">
        <ele>770.53</ele>
        <time>2026-06-28T22:01:38Z</time>
      </trkpt>
      <trkpt lat="34.4455" lon="-118.27359">
        <ele>770.25</ele>
        <time>2026-06-28T22:01:42Z</time>
      </trkpt>
      <trkpt lat="34.44547" lon="-118.2736">
        <ele>769.9</ele>
        <time>2026-06-28T22:01:46Z</time>
      </trkpt>
      <trkpt lat="34.44544" lon="-118.27362">
        <ele>769.86</ele>
        <time>2026-06-28T22:01:49Z</time>
      </trkpt>
      <trkpt lat="34.44542" lon="-118.27365">
        <ele>770.56</ele>
        <time>2026-06-28T22:01:53Z</time>
      </trkpt>
      <trkpt lat="34.44539" lon="-118.27367">
        <ele>770.47</ele>
        <time>2026-06-28T22:01:57Z</time>
      </trkpt>
      <trkpt lat="34.44536" lon="-118.2737">
        <ele>770.55</ele>
        <time>2026-06-28T22:02:01Z</time>
      </trkpt>
      <trkpt lat="34.44534" lon="-118.27373">
        <ele>770.87</ele>
        <time>2026-06-28T22:02:04Z</time>
      </trkpt>
      <trkpt lat="34.44533" lon="-118.27376">
        <ele>771.52</ele>
        <time>2026-06-28T22:02:08Z</time>
      </trkpt>
      <trkpt lat="34.44532" lon="-118.2738">
        <ele>772.53</ele>
        <time>2026-06-28T22:02:12Z</time>
      </trkpt>
      <trkpt lat="34.44531" lon="-118.27383">
        <ele>773.5</ele>
        <time>2026-06-28T22:02:16Z</time>
      </trkpt>
      <trkpt lat="34.4453" lon="-118.27386">
        <ele>774.47</ele>
        <time>2026-06-28T22:02:20Z</time>
      </trkpt>
      <trkpt lat="34.44529" lon="-118.2739">
        <ele>775.76</ele>
        <time>2026-06-28T22:02:24Z</time>
      </trkpt>
      <trkpt lat="34.44528" lon="-118.27393">
        <ele>776.4</ele>
        <time>2026-06-28T22:02:28Z</time>
      </trkpt>
      <trkpt lat="34.44526" lon="-118.27397">
        <ele>776.86</ele>
        <time>2026-06-28T22:02:32Z</time>
      </trkpt>
      <trkpt lat="34.44524" lon="-118.274">
        <ele>776.97</ele>
        <time>2026-06-28T22:02:36Z</time>
      </trkpt>
      <trkpt lat="34.44523" lon="-118.27404">
        <ele>777.83</ele>
        <time>2026-06-28T22:02:40Z</time>
      </trkpt>
      <trkpt lat="34.44521" lon="-118.27407">
        <ele>777.94</ele>
        <time>2026-06-28T22:02:44Z</time>
      </trkpt>
      <trkpt lat="34.44519" lon="-118.2741">
        <ele>777.77</ele>
        <time>2026-06-28T22:02:48Z</time>
      </trkpt>
      <trkpt lat="34.44518" lon="-118.27414">
        <ele>778.2</ele>
        <time>2026-06-28T22:02:52Z</time>
      </trkpt>
      <trkpt lat="34.44516" lon="-118.27417">
        <ele>777.97</ele>
        <time>2026-06-28T22:02:56Z</time>
      </trkpt>
      <trkpt lat="34.44515" lon="-118.27421">
        <ele>778.24</ele>
        <time>2026-06-28T22:03:00Z</time>
      </trkpt>
      <trkpt lat="34.44513" lon="-118.27425">
        <ele>777.88</ele>
        <time>2026-06-28T22:03:04Z</time>
      </trkpt>
      <trkpt lat="34.44512" lon="-118.27428">
        <ele>777.86</ele>
        <time>2026-06-28T22:03:08Z</time>
      </trkpt>
      <trkpt lat="34.4451" lon="-118.27431">
        <ele>777.45</ele>
        <time>2026-06-28T22:03:11Z</time>
      </trkpt>
      <trkpt lat="34.44509" lon="-118.27436">
        <ele>777.95</ele>
        <time>2026-06-28T22:03:14Z</time>
      </trkpt>
      <trkpt lat="34.44508" lon="-118.27439">
        <ele>777.73</ele>
        <time>2026-06-28T22:03:17Z</time>
      </trkpt>
      <trkpt lat="34.44507" lon="-118.27443">
        <ele>777.62</ele>
        <time>2026-06-28T22:03:21Z</time>
      </trkpt>
      <trkpt lat="34.44509" lon="-118.27447">
        <ele>779.14</ele>
        <time>2026-06-28T22:03:25Z</time>
      </trkpt>
      <trkpt lat="34.44509" lon="-118.2745">
        <ele>779.46</ele>
        <time>2026-06-28T22:03:28Z</time>
      </trkpt>
      <trkpt lat="34.44509" lon="-118.27453">
        <ele>779.78</ele>
        <time>2026-06-28T22:03:31Z</time>
      </trkpt>
      <trkpt lat="34.44509" lon="-118.27457">
        <ele>779.17</ele>
        <time>2026-06-28T22:03:34Z</time>
      </trkpt>
      <trkpt lat="34.44509" lon="-118.2746">
        <ele>778.54</ele>
        <time>2026-06-28T22:03:38Z</time>
      </trkpt>
      <trkpt lat="34.44512" lon="-118.27462">
        <ele>778.24</ele>
        <time>2026-06-28T22:03:44Z</time>
      </trkpt>
      <trkpt lat="34.44515" lon="-118.27461">
        <ele>778.56</ele>
        <time>2026-06-28T22:03:49Z</time>
      </trkpt>
      <trkpt lat="34.44518" lon="-118.2746">
        <ele>778.94</ele>
        <time>2026-06-28T22:03:53Z</time>
      </trkpt>
      <trkpt lat="34.44518" lon="-118.27455">
        <ele>780.53</ele>
        <time>2026-06-28T22:03:57Z</time>
      </trkpt>
      <trkpt lat="34.44517" lon="-118.27452">
        <ele>780.96</ele>
        <time>2026-06-28T22:03:59Z</time>
      </trkpt>
      <trkpt lat="34.44517" lon="-118.27449">
        <ele>781.18</ele>
        <time>2026-06-28T22:04:01Z</time>
      </trkpt>
      <trkpt lat="34.44516" lon="-118.27446">
        <ele>781.11</ele>
        <time>2026-06-28T22:04:04Z</time>
      </trkpt>
      <trkpt lat="34.44516" lon="-118.27442">
        <ele>781.11</ele>
        <time>2026-06-28T22:04:08Z</time>
      </trkpt>
      <trkpt lat="34.44517" lon="-118.27438">
        <ele>781.39</ele>
        <time>2026-06-28T22:04:12Z</time>
      </trkpt>
      <trkpt lat="34.44519" lon="-118.27434">
        <ele>781.98</ele>
        <time>2026-06-28T22:04:16Z</time>
      </trkpt>
      <trkpt lat="34.44522" lon="-118.27432">
        <ele>782.54</ele>
        <time>2026-06-28T22:04:19Z</time>
      </trkpt>
      <trkpt lat="34.44524" lon="-118.27429">
        <ele>782.91</ele>
        <time>2026-06-28T22:04:22Z</time>
      </trkpt>
      <trkpt lat="34.44526" lon="-118.27427">
        <ele>783.45</ele>
        <time>2026-06-28T22:04:25Z</time>
      </trkpt>
      <trkpt lat="34.44528" lon="-118.27424">
        <ele>783.84</ele>
        <time>2026-06-28T22:04:28Z</time>
      </trkpt>
      <trkpt lat="34.4453" lon="-118.27421">
        <ele>783.95</ele>
        <time>2026-06-28T22:04:32Z</time>
      </trkpt>
      <trkpt lat="34.44532" lon="-118.27418">
        <ele>784.06</ele>
        <time>2026-06-28T22:04:36Z</time>
      </trkpt>
      <trkpt lat="34.44534" lon="-118.27415">
        <ele>783.98</ele>
        <time>2026-06-28T22:04:40Z</time>
      </trkpt>
      <trkpt lat="34.44535" lon="-118.27411">
        <ele>783.34</ele>
        <time>2026-06-28T22:04:44Z</time>
      </trkpt>
      <trkpt lat="34.44538" lon="-118.27408">
        <ele>783.44</ele>
        <time>2026-06-28T22:04:48Z</time>
      </trkpt>
      <trkpt lat="34.4454" lon="-118.27405">
        <ele>783.44</ele>
        <time>2026-06-28T22:04:52Z</time>
      </trkpt>
      <trkpt lat="34.44543" lon="-118.27403">
        <ele>783.98</ele>
        <time>2026-06-28T22:04:56Z</time>
      </trkpt>
      <trkpt lat="34.44545" lon="-118.274">
        <ele>783.98</ele>
        <time>2026-06-28T22:05:00Z</time>
      </trkpt>
      <trkpt lat="34.44548" lon="-118.274">
        <ele>785.17</ele>
        <time>2026-06-28T22:05:04Z</time>
      </trkpt>
      <trkpt lat="34.44551" lon="-118.27398">
        <ele>785.98</ele>
        <time>2026-06-28T22:05:08Z</time>
      </trkpt>
      <trkpt lat="34.44554" lon="-118.27396">
        <ele>786.44</ele>
        <time>2026-06-28T22:05:12Z</time>
      </trkpt>
      <trkpt lat="34.44556" lon="-118.27394">
        <ele>786.38</ele>
        <time>2026-06-28T22:05:16Z</time>
      </trkpt>
      <trkpt lat="34.4456" lon="-118.27393">
        <ele>787.43</ele>
        <time>2026-06-28T22:05:20Z</time>
      </trkpt>
      <trkpt lat="34.44563" lon="-118.27393">
        <ele>788.54</ele>
        <time>2026-06-28T22:05:24Z</time>
      </trkpt>
      <trkpt lat="34.44566" lon="-118.27392">
        <ele>789.06</ele>
        <time>2026-06-28T22:05:28Z</time>
      </trkpt>
      <trkpt lat="34.44569" lon="-118.27392">
        <ele>790.04</ele>
        <time>2026-06-28T22:05:32Z</time>
      </trkpt>
      <trkpt lat="34.44572" lon="-118.27392">
        <ele>791.01</ele>
        <time>2026-06-28T22:05:36Z</time>
      </trkpt>
      <trkpt lat="34.44575" lon="-118.27392">
        <ele>791.95</ele>
        <time>2026-06-28T22:05:41Z</time>
      </trkpt>
      <trkpt lat="34.44578" lon="-118.27391">
        <ele>792.32</ele>
        <time>2026-06-28T22:05:46Z</time>
      </trkpt>
      <trkpt lat="34.44581" lon="-118.27391">
        <ele>793.21</ele>
        <time>2026-06-28T22:05:50Z</time>
      </trkpt>
      <trkpt lat="34.44583" lon="-118.2739">
        <ele>793.38</ele>
        <time>2026-06-28T22:05:54Z</time>
      </trkpt>
      <trkpt lat="34.44586" lon="-118.27389">
        <ele>793.91</ele>
        <time>2026-06-28T22:05:58Z</time>
      </trkpt>
      <trkpt lat="34.44589" lon="-118.27387">
        <ele>793.94</ele>
        <time>2026-06-28T22:06:02Z</time>
      </trkpt>
      <trkpt lat="34.44591" lon="-118.27384">
        <ele>793.28</ele>
        <time>2026-06-28T22:06:05Z</time>
      </trkpt>
      <trkpt lat="34.44593" lon="-118.27382">
        <ele>793.21</ele>
        <time>2026-06-28T22:06:08Z</time>
      </trkpt>
      <trkpt lat="34.44595" lon="-118.27379">
        <ele>792.72</ele>
        <time>2026-06-28T22:06:12Z</time>
      </trkpt>
      <trkpt lat="34.44598" lon="-118.27377">
        <ele>793.08</ele>
        <time>2026-06-28T22:06:16Z</time>
      </trkpt>
      <trkpt lat="34.446" lon="-118.27375">
        <ele>793.1</ele>
        <time>2026-06-28T22:06:20Z</time>
      </trkpt>
      <trkpt lat="34.44603" lon="-118.27373">
        <ele>793.67</ele>
        <time>2026-06-28T22:06:24Z</time>
      </trkpt>
      <trkpt lat="34.44605" lon="-118.27371">
        <ele>793.66</ele>
        <time>2026-06-28T22:06:28Z</time>
      </trkpt>
      <trkpt lat="34.44608" lon="-118.27369">
        <ele>794.06</ele>
        <time>2026-06-28T22:06:32Z</time>
      </trkpt>
      <trkpt lat="34.4461" lon="-118.27366">
        <ele>793.63</ele>
        <time>2026-06-28T22:06:36Z</time>
      </trkpt>
      <trkpt lat="34.44612" lon="-118.27364">
        <ele>793.57</ele>
        <time>2026-06-28T22:06:40Z</time>
      </trkpt>
      <trkpt lat="34.44615" lon="-118.27363">
        <ele>794.16</ele>
        <time>2026-06-28T22:06:44Z</time>
      </trkpt>
      <trkpt lat="34.44617" lon="-118.27361">
        <ele>793.87</ele>
        <time>2026-06-28T22:06:59Z</time>
      </trkpt>
      <trkpt lat="34.4462" lon="-118.27359">
        <ele>794.2</ele>
        <time>2026-06-28T22:07:02Z</time>
      </trkpt>
      <trkpt lat="34.44622" lon="-118.27357">
        <ele>794.29</ele>
        <time>2026-06-28T22:07:05Z</time>
      </trkpt>
      <trkpt lat="34.44624" lon="-118.27353">
        <ele>793.6</ele>
        <time>2026-06-28T22:07:08Z</time>
      </trkpt>
      <trkpt lat="34.44626" lon="-118.27349">
        <ele>793.21</ele>
        <time>2026-06-28T22:07:11Z</time>
      </trkpt>
      <trkpt lat="34.44628" lon="-118.27346">
        <ele>793.21</ele>
        <time>2026-06-28T22:07:15Z</time>
      </trkpt>
      <trkpt lat="34.44629" lon="-118.27343">
        <ele>792.88</ele>
        <time>2026-06-28T22:07:18Z</time>
      </trkpt>
      <trkpt lat="34.44632" lon="-118.2734">
        <ele>793.6</ele>
        <time>2026-06-28T22:07:22Z</time>
      </trkpt>
      <trkpt lat="34.44634" lon="-118.27337">
        <ele>793.71</ele>
        <time>2026-06-28T22:07:26Z</time>
      </trkpt>
      <trkpt lat="34.44636" lon="-118.27334">
        <ele>793.55</ele>
        <time>2026-06-28T22:07:30Z</time>
      </trkpt>
      <trkpt lat="34.44639" lon="-118.27331">
        <ele>794.06</ele>
        <time>2026-06-28T22:07:34Z</time>
      </trkpt>
      <trkpt lat="34.44642" lon="-118.2733">
        <ele>795.56</ele>
        <time>2026-06-28T22:07:40Z</time>
      </trkpt>
      <trkpt lat="34.44644" lon="-118.27329">
        <ele>796.5</ele>
        <time>2026-06-28T22:07:47Z</time>
      </trkpt>
      <trkpt lat="34.44646" lon="-118.27326">
        <ele>797.23</ele>
        <time>2026-06-28T22:07:52Z</time>
      </trkpt>
      <trkpt lat="34.44647" lon="-118.27323">
        <ele>797.75</ele>
        <time>2026-06-28T22:07:56Z</time>
      </trkpt>
      <trkpt lat="34.44645" lon="-118.2732">
        <ele>797.67</ele>
        <time>2026-06-28T22:08:01Z</time>
      </trkpt>
      <trkpt lat="34.44644" lon="-118.27317">
        <ele>798.08</ele>
        <time>2026-06-28T22:08:05Z</time>
      </trkpt>
      <trkpt lat="34.44643" lon="-118.27313">
        <ele>799.22</ele>
        <time>2026-06-28T22:08:10Z</time>
      </trkpt>
      <trkpt lat="34.44641" lon="-118.2731">
        <ele>800.17</ele>
        <time>2026-06-28T22:08:14Z</time>
      </trkpt>
      <trkpt lat="34.44639" lon="-118.27308">
        <ele>800.71</ele>
        <time>2026-06-28T22:08:17Z</time>
      </trkpt>
      <trkpt lat="34.44637" lon="-118.27305">
        <ele>801.35</ele>
        <time>2026-06-28T22:08:20Z</time>
      </trkpt>
      <trkpt lat="34.44636" lon="-118.27301">
        <ele>802.07</ele>
        <time>2026-06-28T22:08:23Z</time>
      </trkpt>
      <trkpt lat="34.44635" lon="-118.27296">
        <ele>802.9</ele>
        <time>2026-06-28T22:08:26Z</time>
      </trkpt>
      <trkpt lat="34.44634" lon="-118.27293">
        <ele>802.36</ele>
        <time>2026-06-28T22:08:29Z</time>
      </trkpt>
      <trkpt lat="34.44634" lon="-118.2729">
        <ele>802.36</ele>
        <time>2026-06-28T22:08:32Z</time>
      </trkpt>
      <trkpt lat="34.44633" lon="-118.27285">
        <ele>801.74</ele>
        <time>2026-06-28T22:08:36Z</time>
      </trkpt>
      <trkpt lat="34.44633" lon="-118.27282">
        <ele>801.62</ele>
        <time>2026-06-28T22:08:40Z</time>
      </trkpt>
      <trkpt lat="34.44635" lon="-118.27279">
        <ele>802.4</ele>
        <time>2026-06-28T22:08:43Z</time>
      </trkpt>
      <trkpt lat="34.44638" lon="-118.27276">
        <ele>803.6</ele>
        <time>2026-06-28T22:08:46Z</time>
      </trkpt>
      <trkpt lat="34.44639" lon="-118.27273">
        <ele>804.04</ele>
        <time>2026-06-28T22:08:49Z</time>
      </trkpt>
      <trkpt lat="34.44641" lon="-118.2727">
        <ele>804.72</ele>
        <time>2026-06-28T22:08:52Z</time>
      </trkpt>
      <trkpt lat="34.44643" lon="-118.27268">
        <ele>805.28</ele>
        <time>2026-06-28T22:08:55Z</time>
      </trkpt>
      <trkpt lat="34.44645" lon="-118.27264">
        <ele>805.49</ele>
        <time>2026-06-28T22:08:59Z</time>
      </trkpt>
      <trkpt lat="34.44647" lon="-118.27262">
        <ele>805.92</ele>
        <time>2026-06-28T22:09:02Z</time>
      </trkpt>
      <trkpt lat="34.44649" lon="-118.27259">
        <ele>806.34</ele>
        <time>2026-06-28T22:09:05Z</time>
      </trkpt>
      <trkpt lat="34.44651" lon="-118.27257">
        <ele>806.99</ele>
        <time>2026-06-28T22:09:08Z</time>
      </trkpt>
      <trkpt lat="34.44651" lon="-118.27253">
        <ele>806.56</ele>
        <time>2026-06-28T22:09:12Z</time>
      </trkpt>
      <trkpt lat="34.44651" lon="-118.2725">
        <ele>806.23</ele>
        <time>2026-06-28T22:09:16Z</time>
      </trkpt>
      <trkpt lat="34.44651" lon="-118.27247">
        <ele>806.78</ele>
        <time>2026-06-28T22:09:20Z</time>
      </trkpt>
      <trkpt lat="34.44651" lon="-118.27243">
        <ele>807.51</ele>
        <time>2026-06-28T22:09:24Z</time>
      </trkpt>
      <trkpt lat="34.44653" lon="-118.27237">
        <ele>809.38</ele>
        <time>2026-06-28T22:12:52Z</time>
      </trkpt>
      <trkpt lat="34.44653" lon="-118.27231">
        <ele>810.6</ele>
        <time>2026-06-28T22:12:54Z</time>
      </trkpt>
      <trkpt lat="34.44653" lon="-118.27226">
        <ele>810.88</ele>
        <time>2026-06-28T22:12:56Z</time>
      </trkpt>
      <trkpt lat="34.44652" lon="-118.27222">
        <ele>810.67</ele>
        <time>2026-06-28T22:12:59Z</time>
      </trkpt>
      <trkpt lat="34.44651" lon="-118.27219">
        <ele>810.37</ele>
        <time>2026-06-28T22:13:02Z</time>
      </trkpt>
      <trkpt lat="34.44648" lon="-118.27217">
        <ele>809.53</ele>
        <time>2026-06-28T22:13:04Z</time>
      </trkpt>
      <trkpt lat="34.44645" lon="-118.27216">
        <ele>808.99</ele>
        <time>2026-06-28T22:13:06Z</time>
      </trkpt>
      <trkpt lat="34.44642" lon="-118.27213">
        <ele>808.67</ele>
        <time>2026-06-28T22:13:09Z</time>
      </trkpt>
      <trkpt lat="34.4464" lon="-118.2721">
        <ele>808.48</ele>
        <time>2026-06-28T22:13:13Z</time>
      </trkpt>
      <trkpt lat="34.44639" lon="-118.27207">
        <ele>808.65</ele>
        <time>2026-06-28T22:13:17Z</time>
      </trkpt>
      <trkpt lat="34.44638" lon="-118.27203">
        <ele>808.75</ele>
        <time>2026-06-28T22:13:21Z</time>
      </trkpt>
      <trkpt lat="34.44639" lon="-118.27199">
        <ele>808.49</ele>
        <time>2026-06-28T22:13:25Z</time>
      </trkpt>
      <trkpt lat="34.44642" lon="-118.27198">
        <ele>808.38</ele>
        <time>2026-06-28T22:13:28Z</time>
      </trkpt>
      <trkpt lat="34.44645" lon="-118.27198">
        <ele>808.38</ele>
        <time>2026-06-28T22:13:31Z</time>
      </trkpt>
      <trkpt lat="34.44649" lon="-118.27199">
        <ele>808.63</ele>
        <time>2026-06-28T22:13:34Z</time>
      </trkpt>
      <trkpt lat="34.44651" lon="-118.272">
        <ele>809.09</ele>
        <time>2026-06-28T22:13:37Z</time>
      </trkpt>
      <trkpt lat="34.44654" lon="-118.272">
        <ele>809.61</ele>
        <time>2026-06-28T22:13:44Z</time>
      </trkpt>
      <trkpt lat="34.44657" lon="-118.272">
        <ele>810.13</ele>
        <time>2026-06-28T22:13:49Z</time>
      </trkpt>
      <trkpt lat="34.4466" lon="-118.27201">
        <ele>810.61</ele>
        <time>2026-06-28T22:13:53Z</time>
      </trkpt>
      <trkpt lat="34.44663" lon="-118.27202">
        <ele>811.12</ele>
        <time>2026-06-28T22:13:57Z</time>
      </trkpt>
      <trkpt lat="34.44666" lon="-118.27203">
        <ele>811.71</ele>
        <time>2026-06-28T22:14:01Z</time>
      </trkpt>
      <trkpt lat="34.44669" lon="-118.27205">
        <ele>812.92</ele>
        <time>2026-06-28T22:14:05Z</time>
      </trkpt>
      <trkpt lat="34.44672" lon="-118.27206">
        <ele>813.9</ele>
        <time>2026-06-28T22:14:08Z</time>
      </trkpt>
      <trkpt lat="34.44675" lon="-118.27207">
        <ele>814.87</ele>
        <time>2026-06-28T22:14:12Z</time>
      </trkpt>
      <trkpt lat="34.44678" lon="-118.27209">
        <ele>815.75</ele>
        <time>2026-06-28T22:14:16Z</time>
      </trkpt>
      <trkpt lat="34.44681" lon="-118.2721">
        <ele>816.24</ele>
        <time>2026-06-28T22:14:20Z</time>
      </trkpt>
      <trkpt lat="34.44685" lon="-118.27212">
        <ele>817.46</ele>
        <time>2026-06-28T22:14:24Z</time>
      </trkpt>
      <trkpt lat="34.44688" lon="-118.27213">
        <ele>818.01</ele>
        <time>2026-06-28T22:14:28Z</time>
      </trkpt>
      <trkpt lat="34.44691" lon="-118.27214">
        <ele>818.41</ele>
        <time>2026-06-28T22:14:32Z</time>
      </trkpt>
      <trkpt lat="34.44694" lon="-118.27215">
        <ele>818.87</ele>
        <time>2026-06-28T22:14:36Z</time>
      </trkpt>
      <trkpt lat="34.44697" lon="-118.27215">
        <ele>818.66</ele>
        <time>2026-06-28T22:14:40Z</time>
      </trkpt>
      <trkpt lat="34.44701" lon="-118.27216">
        <ele>818.84</ele>
        <time>2026-06-28T22:14:44Z</time>
      </trkpt>
      <trkpt lat="34.44704" lon="-118.27217">
        <ele>819.17</ele>
        <time>2026-06-28T22:14:48Z</time>
      </trkpt>
      <trkpt lat="34.44707" lon="-118.27218">
        <ele>819.53</ele>
        <time>2026-06-28T22:14:52Z</time>
      </trkpt>
      <trkpt lat="34.4471" lon="-118.27218">
        <ele>819.35</ele>
        <time>2026-06-28T22:14:56Z</time>
      </trkpt>
      <trkpt lat="34.44713" lon="-118.27219">
        <ele>819.6</ele>
        <time>2026-06-28T22:15:00Z</time>
      </trkpt>
      <trkpt lat="34.44716" lon="-118.27219">
        <ele>819.28</ele>
        <time>2026-06-28T22:15:04Z</time>
      </trkpt>
      <trkpt lat="34.44719" lon="-118.2722">
        <ele>819.39</ele>
        <time>2026-06-28T22:15:08Z</time>
      </trkpt>
      <trkpt lat="34.44723" lon="-118.2722">
        <ele>819.0</ele>
        <time>2026-06-28T22:15:12Z</time>
      </trkpt>
      <trkpt lat="34.44726" lon="-118.2722">
        <ele>818.83</ele>
        <time>2026-06-28T22:15:16Z</time>
      </trkpt>
      <trkpt lat="34.44729" lon="-118.27221">
        <ele>818.93</ele>
        <time>2026-06-28T22:15:20Z</time>
      </trkpt>
      <trkpt lat="34.44732" lon="-118.27218">
        <ele>818.23</ele>
        <time>2026-06-28T22:15:24Z</time>
      </trkpt>
      <trkpt lat="34.44735" lon="-118.27217">
        <ele>818.85</ele>
        <time>2026-06-28T22:15:28Z</time>
      </trkpt>
      <trkpt lat="34.44738" lon="-118.27217">
        <ele>819.68</ele>
        <time>2026-06-28T22:15:32Z</time>
      </trkpt>
      <trkpt lat="34.44742" lon="-118.27218">
        <ele>821.09</ele>
        <time>2026-06-28T22:15:36Z</time>
      </trkpt>
      <trkpt lat="34.44745" lon="-118.27219">
        <ele>822.49</ele>
        <time>2026-06-28T22:15:40Z</time>
      </trkpt>
      <trkpt lat="34.44748" lon="-118.27221">
        <ele>824.0</ele>
        <time>2026-06-28T22:15:44Z</time>
      </trkpt>
      <trkpt lat="34.44751" lon="-118.27221">
        <ele>825.21</ele>
        <time>2026-06-28T22:15:49Z</time>
      </trkpt>
      <trkpt lat="34.44748" lon="-118.2722">
        <ele>823.9</ele>
        <time>2026-06-28T22:15:57Z</time>
      </trkpt>
      <trkpt lat="34.44747" lon="-118.27218">
        <ele>823.25</ele>
        <time>2026-06-28T22:16:06Z</time>
      </trkpt>
      <trkpt lat="34.44746" lon="-118.27214">
        <ele>822.38</ele>
        <time>2026-06-28T22:16:10Z</time>
      </trkpt>
      <trkpt lat="34.44746" lon="-118.27211">
        <ele>822.48</ele>
        <time>2026-06-28T22:16:17Z</time>
      </trkpt>
      <trkpt lat="34.44745" lon="-118.27207">
        <ele>822.48</ele>
        <time>2026-06-28T22:16:22Z</time>
      </trkpt>
      <trkpt lat="34.44744" lon="-118.27204">
        <ele>822.38</ele>
        <time>2026-06-28T22:16:27Z</time>
      </trkpt>
      <trkpt lat="34.44742" lon="-118.272">
        <ele>822.34</ele>
        <time>2026-06-28T22:16:31Z</time>
      </trkpt>
      <trkpt lat="34.44741" lon="-118.27197">
        <ele>822.56</ele>
        <time>2026-06-28T22:16:35Z</time>
      </trkpt>
      <trkpt lat="34.4474" lon="-118.27193">
        <ele>822.76</ele>
        <time>2026-06-28T22:16:39Z</time>
      </trkpt>
      <trkpt lat="34.44739" lon="-118.27189">
        <ele>822.65</ele>
        <time>2026-06-28T22:16:43Z</time>
      </trkpt>
      <trkpt lat="34.44738" lon="-118.27185">
        <ele>822.56</ele>
        <time>2026-06-28T22:16:47Z</time>
      </trkpt>
      <trkpt lat="34.44737" lon="-118.27181">
        <ele>822.88</ele>
        <time>2026-06-28T22:16:51Z</time>
      </trkpt>
      <trkpt lat="34.44737" lon="-118.27177">
        <ele>823.75</ele>
        <time>2026-06-28T22:16:54Z</time>
      </trkpt>
      <trkpt lat="34.44737" lon="-118.27172">
        <ele>824.4</ele>
        <time>2026-06-28T22:16:57Z</time>
      </trkpt>
      <trkpt lat="34.44737" lon="-118.27168">
        <ele>824.84</ele>
        <time>2026-06-28T22:17:00Z</time>
      </trkpt>
      <trkpt lat="34.44737" lon="-118.27165">
        <ele>825.05</ele>
        <time>2026-06-28T22:17:03Z</time>
      </trkpt>
      <trkpt lat="34.44739" lon="-118.27162">
        <ele>826.15</ele>
        <time>2026-06-28T22:17:06Z</time>
      </trkpt>
      <trkpt lat="34.44739" lon="-118.27158">
        <ele>826.24</ele>
        <time>2026-06-28T22:17:09Z</time>
      </trkpt>
      <trkpt lat="34.44739" lon="-118.27155">
        <ele>826.25</ele>
        <time>2026-06-28T22:17:12Z</time>
      </trkpt>
      <trkpt lat="34.44739" lon="-118.27151">
        <ele>826.25</ele>
        <time>2026-06-28T22:17:16Z</time>
      </trkpt>
      <trkpt lat="34.44739" lon="-118.27148">
        <ele>826.22</ele>
        <time>2026-06-28T22:17:19Z</time>
      </trkpt>
      <trkpt lat="34.44738" lon="-118.27143">
        <ele>824.87</ele>
        <time>2026-06-28T22:17:23Z</time>
      </trkpt>
      <trkpt lat="34.44738" lon="-118.27139">
        <ele>824.13</ele>
        <time>2026-06-28T22:17:27Z</time>
      </trkpt>
      <trkpt lat="34.44739" lon="-118.27135">
        <ele>823.6</ele>
        <time>2026-06-28T22:17:31Z</time>
      </trkpt>
      <trkpt lat="34.44739" lon="-118.27131">
        <ele>822.73</ele>
        <time>2026-06-28T22:17:35Z</time>
      </trkpt>
      <trkpt lat="34.4474" lon="-118.27127">
        <ele>821.91</ele>
        <time>2026-06-28T22:17:39Z</time>
      </trkpt>
      <trkpt lat="34.44741" lon="-118.27124">
        <ele>821.28</ele>
        <time>2026-06-28T22:17:43Z</time>
      </trkpt>
      <trkpt lat="34.44742" lon="-118.2712">
        <ele>820.46</ele>
        <time>2026-06-28T22:17:47Z</time>
      </trkpt>
      <trkpt lat="34.44744" lon="-118.27117">
        <ele>820.68</ele>
        <time>2026-06-28T22:17:51Z</time>
      </trkpt>
      <trkpt lat="34.44747" lon="-118.27117">
        <ele>821.98</ele>
        <time>2026-06-28T22:17:55Z</time>
      </trkpt>
      <trkpt lat="34.4475" lon="-118.27115">
        <ele>822.84</ele>
        <time>2026-06-28T22:17:58Z</time>
      </trkpt>
      <trkpt lat="34.44752" lon="-118.27113">
        <ele>823.49</ele>
        <time>2026-06-28T22:18:01Z</time>
      </trkpt>
      <trkpt lat="34.44755" lon="-118.27112">
        <ele>824.89</ele>
        <time>2026-06-28T22:18:05Z</time>
      </trkpt>
      <trkpt lat="34.44757" lon="-118.27109">
        <ele>825.15</ele>
        <time>2026-06-28T22:18:09Z</time>
      </trkpt>
      <trkpt lat="34.44759" lon="-118.27107">
        <ele>825.54</ele>
        <time>2026-06-28T22:18:12Z</time>
      </trkpt>
      <trkpt lat="34.44762" lon="-118.27104">
        <ele>825.65</ele>
        <time>2026-06-28T22:18:16Z</time>
      </trkpt>
      <trkpt lat="34.44764" lon="-118.27102">
        <ele>825.59</ele>
        <time>2026-06-28T22:18:20Z</time>
      </trkpt>
      <trkpt lat="34.44767" lon="-118.27099">
        <ele>825.28</ele>
        <time>2026-06-28T22:18:24Z</time>
      </trkpt>
      <trkpt lat="34.4477" lon="-118.27097">
        <ele>825.3</ele>
        <time>2026-06-28T22:18:28Z</time>
      </trkpt>
      <trkpt lat="34.44773" lon="-118.27095">
        <ele>825.13</ele>
        <time>2026-06-28T22:18:32Z</time>
      </trkpt>
      <trkpt lat="34.44776" lon="-118.27097">
        <ele>826.9</ele>
        <time>2026-06-28T22:18:36Z</time>
      </trkpt>
      <trkpt lat="34.44779" lon="-118.27098">
        <ele>828.26</ele>
        <time>2026-06-28T22:18:40Z</time>
      </trkpt>
      <trkpt lat="34.44783" lon="-118.27098">
        <ele>829.38</ele>
        <time>2026-06-28T22:18:44Z</time>
      </trkpt>
      <trkpt lat="34.44786" lon="-118.27097">
        <ele>829.58</ele>
        <time>2026-06-28T22:18:48Z</time>
      </trkpt>
      <trkpt lat="34.44789" lon="-118.27095">
        <ele>829.14</ele>
        <time>2026-06-28T22:18:52Z</time>
      </trkpt>
      <trkpt lat="34.44792" lon="-118.27094">
        <ele>829.44</ele>
        <time>2026-06-28T22:18:56Z</time>
      </trkpt>
      <trkpt lat="34.44795" lon="-118.27094">
        <ele>830.36</ele>
        <time>2026-06-28T22:19:00Z</time>
      </trkpt>
      <trkpt lat="34.44799" lon="-118.27094">
        <ele>831.39</ele>
        <time>2026-06-28T22:20:48Z</time>
      </trkpt>
      <trkpt lat="34.44802" lon="-118.27093">
        <ele>831.48</ele>
        <time>2026-06-28T22:20:56Z</time>
      </trkpt>
      <trkpt lat="34.44806" lon="-118.27093">
        <ele>832.36</ele>
        <time>2026-06-28T22:20:58Z</time>
      </trkpt>
      <trkpt lat="34.4481" lon="-118.27093">
        <ele>833.22</ele>
        <time>2026-06-28T22:20:59Z</time>
      </trkpt>
      <trkpt lat="34.44815" lon="-118.27093">
        <ele>834.28</ele>
        <time>2026-06-28T22:21:01Z</time>
      </trkpt>
      <trkpt lat="34.44819" lon="-118.27093">
        <ele>834.7</ele>
        <time>2026-06-28T22:21:03Z</time>
      </trkpt>
      <trkpt lat="34.44823" lon="-118.27093">
        <ele>835.11</ele>
        <time>2026-06-28T22:21:06Z</time>
      </trkpt>
      <trkpt lat="34.44826" lon="-118.27092">
        <ele>834.14</ele>
        <time>2026-06-28T22:21:10Z</time>
      </trkpt>
      <trkpt lat="34.44829" lon="-118.27092">
        <ele>833.49</ele>
        <time>2026-06-28T22:21:14Z</time>
      </trkpt>
      <trkpt lat="34.44832" lon="-118.27093">
        <ele>833.55</ele>
        <time>2026-06-28T22:21:18Z</time>
      </trkpt>
      <trkpt lat="34.44834" lon="-118.27096">
        <ele>835.28</ele>
        <time>2026-06-28T22:21:21Z</time>
      </trkpt>
      <trkpt lat="34.44836" lon="-118.27099">
        <ele>837.44</ele>
        <time>2026-06-28T22:21:24Z</time>
      </trkpt>
      <trkpt lat="34.44838" lon="-118.27101">
        <ele>838.95</ele>
        <time>2026-06-28T22:21:27Z</time>
      </trkpt>
      <trkpt lat="34.44841" lon="-118.27104">
        <ele>840.8</ele>
        <time>2026-06-28T22:21:31Z</time>
      </trkpt>
      <trkpt lat="34.44844" lon="-118.27106">
        <ele>842.4</ele>
        <time>2026-06-28T22:21:35Z</time>
      </trkpt>
      <trkpt lat="34.44847" lon="-118.27106">
        <ele>843.7</ele>
        <time>2026-06-28T22:21:39Z</time>
      </trkpt>
      <trkpt lat="34.44847" lon="-118.27102">
        <ele>841.97</ele>
        <time>2026-06-28T22:21:44Z</time>
      </trkpt>
      <trkpt lat="34.44847" lon="-118.27098">
        <ele>839.41</ele>
        <time>2026-06-28T22:21:47Z</time>
      </trkpt>
      <trkpt lat="34.44849" lon="-118.27096">
        <ele>838.98</ele>
        <time>2026-06-28T22:21:50Z</time>
      </trkpt>
      <trkpt lat="34.44852" lon="-118.27094">
        <ele>838.96</ele>
        <time>2026-06-28T22:21:54Z</time>
      </trkpt>
      <trkpt lat="34.44855" lon="-118.27092">
        <ele>838.55</ele>
        <time>2026-06-28T22:21:58Z</time>
      </trkpt>
      <trkpt lat="34.44858" lon="-118.27092">
        <ele>839.56</ele>
        <time>2026-06-28T22:22:01Z</time>
      </trkpt>
      <trkpt lat="34.44861" lon="-118.27091">
        <ele>839.93</ele>
        <time>2026-06-28T22:22:05Z</time>
      </trkpt>
      <trkpt lat="34.44865" lon="-118.27091">
        <ele>840.6</ele>
        <time>2026-06-28T22:22:09Z</time>
      </trkpt>
      <trkpt lat="34.44867" lon="-118.27091">
        <ele>840.93</ele>
        <time>2026-06-28T22:22:12Z</time>
      </trkpt>
      <trkpt lat="34.4487" lon="-118.27091">
        <ele>841.42</ele>
        <time>2026-06-28T22:22:16Z</time>
      </trkpt>
      <trkpt lat="34.44872" lon="-118.27094">
        <ele>843.77</ele>
        <time>2026-06-28T22:22:19Z</time>
      </trkpt>
      <trkpt lat="34.44874" lon="-118.27096">
        <ele>846.02</ele>
        <time>2026-06-28T22:22:22Z</time>
      </trkpt>
      <trkpt lat="34.44877" lon="-118.27097">
        <ele>848.1</ele>
        <time>2026-06-28T22:22:26Z</time>
      </trkpt>
      <trkpt lat="34.4488" lon="-118.27094">
        <ele>847.96</ele>
        <time>2026-06-28T22:22:29Z</time>
      </trkpt>
      <trkpt lat="34.44882" lon="-118.2709">
        <ele>847.09</ele>
        <time>2026-06-28T22:22:32Z</time>
      </trkpt>
      <trkpt lat="34.44884" lon="-118.27086">
        <ele>846.18</ele>
        <time>2026-06-28T22:22:35Z</time>
      </trkpt>
      <trkpt lat="34.44886" lon="-118.27083">
        <ele>845.59</ele>
        <time>2026-06-28T22:22:38Z</time>
      </trkpt>
      <trkpt lat="34.44888" lon="-118.2708">
        <ele>844.89</ele>
        <time>2026-06-28T22:22:41Z</time>
      </trkpt>
      <trkpt lat="34.4489" lon="-118.27078">
        <ele>844.41</ele>
        <time>2026-06-28T22:22:44Z</time>
      </trkpt>
      <trkpt lat="34.44894" lon="-118.27076">
        <ele>844.26</ele>
        <time>2026-06-28T22:22:48Z</time>
      </trkpt>
      <trkpt lat="34.44897" lon="-118.27076">
        <ele>844.97</ele>
        <time>2026-06-28T22:22:52Z</time>
      </trkpt>
      <trkpt lat="34.44899" lon="-118.27079">
        <ele>847.28</ele>
        <time>2026-06-28T22:22:55Z</time>
      </trkpt>
      <trkpt lat="34.44902" lon="-118.2708">
        <ele>848.26</ele>
        <time>2026-06-28T22:22:59Z</time>
      </trkpt>
      <trkpt lat="34.44905" lon="-118.2708">
        <ele>848.58</ele>
        <time>2026-06-28T22:23:03Z</time>
      </trkpt>
      <trkpt lat="34.44908" lon="-118.27081">
        <ele>849.57</ele>
        <time>2026-06-28T22:23:07Z</time>
      </trkpt>
      <trkpt lat="34.44911" lon="-118.27081">
        <ele>849.97</ele>
        <time>2026-06-28T22:23:11Z</time>
      </trkpt>
      <trkpt lat="34.44914" lon="-118.27081">
        <ele>850.38</ele>
        <time>2026-06-28T22:23:15Z</time>
      </trkpt>
      <trkpt lat="34.44917" lon="-118.27082">
        <ele>851.34</ele>
        <time>2026-06-28T22:23:19Z</time>
      </trkpt>
      <trkpt lat="34.4492" lon="-118.27082">
        <ele>851.85</ele>
        <time>2026-06-28T22:23:23Z</time>
      </trkpt>
      <trkpt lat="34.44922" lon="-118.27079">
        <ele>851.31</ele>
        <time>2026-06-28T22:23:28Z</time>
      </trkpt>
      <trkpt lat="34.44921" lon="-118.27075">
        <ele>849.65</ele>
        <time>2026-06-28T22:23:33Z</time>
      </trkpt>
      <trkpt lat="34.44923" lon="-118.27072">
        <ele>850.28</ele>
        <time>2026-06-28T22:23:37Z</time>
      </trkpt>
      <trkpt lat="34.44924" lon="-118.27069">
        <ele>850.73</ele>
        <time>2026-06-28T22:23:41Z</time>
      </trkpt>
      <trkpt lat="34.44926" lon="-118.27066">
        <ele>852.02</ele>
        <time>2026-06-28T22:23:45Z</time>
      </trkpt>
      <trkpt lat="34.44928" lon="-118.27062">
        <ele>853.11</ele>
        <time>2026-06-28T22:23:50Z</time>
      </trkpt>
      <trkpt lat="34.44931" lon="-118.2706">
        <ele>854.73</ele>
        <time>2026-06-28T22:23:55Z</time>
      </trkpt>
      <trkpt lat="34.44933" lon="-118.27057">
        <ele>856.43</ele>
        <time>2026-06-28T22:24:00Z</time>
      </trkpt>
      <trkpt lat="34.44932" lon="-118.27053">
        <ele>857.11</ele>
        <time>2026-06-28T22:24:06Z</time>
      </trkpt>
      <trkpt lat="34.44929" lon="-118.27051">
        <ele>856.14</ele>
        <time>2026-06-28T22:24:10Z</time>
      </trkpt>
      <trkpt lat="34.44928" lon="-118.27048">
        <ele>856.57</ele>
        <time>2026-06-28T22:24:14Z</time>
      </trkpt>
      <trkpt lat="34.44926" lon="-118.27045">
        <ele>856.18</ele>
        <time>2026-06-28T22:24:18Z</time>
      </trkpt>
      <trkpt lat="34.44925" lon="-118.27041">
        <ele>856.19</ele>
        <time>2026-06-28T22:24:21Z</time>
      </trkpt>
      <trkpt lat="34.44924" lon="-118.27036">
        <ele>856.51</ele>
        <time>2026-06-28T22:24:24Z</time>
      </trkpt>
      <trkpt lat="34.44924" lon="-118.27033">
        <ele>856.9</ele>
        <time>2026-06-28T22:24:27Z</time>
      </trkpt>
      <trkpt lat="34.44925" lon="-118.2703">
        <ele>857.54</ele>
        <time>2026-06-28T22:24:30Z</time>
      </trkpt>
      <trkpt lat="34.44927" lon="-118.27027">
        <ele>858.56</ele>
        <time>2026-06-28T22:24:33Z</time>
      </trkpt>
      <trkpt lat="34.44929" lon="-118.27023">
        <ele>859.32</ele>
        <time>2026-06-28T22:24:37Z</time>
      </trkpt>
      <trkpt lat="34.44931" lon="-118.27021">
        <ele>859.94</ele>
        <time>2026-06-28T22:24:41Z</time>
      </trkpt>
      <trkpt lat="34.44934" lon="-118.27018">
        <ele>860.46</ele>
        <time>2026-06-28T22:24:45Z</time>
      </trkpt>
      <trkpt lat="34.44937" lon="-118.27017">
        <ele>861.06</ele>
        <time>2026-06-28T22:24:49Z</time>
      </trkpt>
      <trkpt lat="34.4494" lon="-118.27018">
        <ele>862.36</ele>
        <time>2026-06-28T22:24:53Z</time>
      </trkpt>
      <trkpt lat="34.44943" lon="-118.27018">
        <ele>863.32</ele>
        <time>2026-06-28T22:24:57Z</time>
      </trkpt>
      <trkpt lat="34.44946" lon="-118.27017">
        <ele>863.68</ele>
        <time>2026-06-28T22:25:01Z</time>
      </trkpt>
      <trkpt lat="34.44949" lon="-118.27016">
        <ele>863.9</ele>
        <time>2026-06-28T22:25:05Z</time>
      </trkpt>
      <trkpt lat="34.44951" lon="-118.27015">
        <ele>863.9</ele>
        <time>2026-06-28T22:25:09Z</time>
      </trkpt>
      <trkpt lat="34.44954" lon="-118.27012">
        <ele>863.24</ele>
        <time>2026-06-28T22:25:36Z</time>
      </trkpt>
      <trkpt lat="34.44956" lon="-118.27011">
        <ele>863.2</ele>
        <time>2026-06-28T22:25:39Z</time>
      </trkpt>
      <trkpt lat="34.44959" lon="-118.2701">
        <ele>863.42</ele>
        <time>2026-06-28T22:25:54Z</time>
      </trkpt>
      <trkpt lat="34.44961" lon="-118.27008">
        <ele>863.11</ele>
        <time>2026-06-28T22:26:00Z</time>
      </trkpt>
      <trkpt lat="34.44962" lon="-118.27005">
        <ele>862.32</ele>
        <time>2026-06-28T22:26:03Z</time>
      </trkpt>
      <trkpt lat="34.44964" lon="-118.27002">
        <ele>862.07</ele>
        <time>2026-06-28T22:26:06Z</time>
      </trkpt>
      <trkpt lat="34.44966" lon="-118.26999">
        <ele>862.24</ele>
        <time>2026-06-28T22:26:11Z</time>
      </trkpt>
      <trkpt lat="34.44969" lon="-118.26997">
        <ele>863.5</ele>
        <time>2026-06-28T22:26:16Z</time>
      </trkpt>
      <trkpt lat="34.44971" lon="-118.26996">
        <ele>864.41</ele>
        <time>2026-06-28T22:26:21Z</time>
      </trkpt>
      <trkpt lat="34.44974" lon="-118.26993">
        <ele>865.91</ele>
        <time>2026-06-28T22:26:26Z</time>
      </trkpt>
      <trkpt lat="34.44976" lon="-118.26991">
        <ele>867.03</ele>
        <time>2026-06-28T22:26:30Z</time>
      </trkpt>
      <trkpt lat="34.44977" lon="-118.26987">
        <ele>867.58</ele>
        <time>2026-06-28T22:26:34Z</time>
      </trkpt>
      <trkpt lat="34.44978" lon="-118.26984">
        <ele>868.12</ele>
        <time>2026-06-28T22:26:37Z</time>
      </trkpt>
      <trkpt lat="34.44979" lon="-118.2698">
        <ele>868.7</ele>
        <time>2026-06-28T22:26:39Z</time>
      </trkpt>
      <trkpt lat="34.44979" lon="-118.26976">
        <ele>868.82</ele>
        <time>2026-06-28T22:26:41Z</time>
      </trkpt>
      <trkpt lat="34.4498" lon="-118.26972">
        <ele>869.34</ele>
        <time>2026-06-28T22:26:44Z</time>
      </trkpt>
      <trkpt lat="34.44981" lon="-118.26969">
        <ele>869.44</ele>
        <time>2026-06-28T22:26:47Z</time>
      </trkpt>
      <trkpt lat="34.44983" lon="-118.26965">
        <ele>869.71</ele>
        <time>2026-06-28T22:26:51Z</time>
      </trkpt>
      <trkpt lat="34.44985" lon="-118.26962">
        <ele>870.04</ele>
        <time>2026-06-28T22:26:55Z</time>
      </trkpt>
      <trkpt lat="34.44988" lon="-118.26959">
        <ele>870.68</ele>
        <time>2026-06-28T22:26:59Z</time>
      </trkpt>
      <trkpt lat="34.44991" lon="-118.26957">
        <ele>871.42</ele>
        <time>2026-06-28T22:27:02Z</time>
      </trkpt>
      <trkpt lat="34.44993" lon="-118.26955">
        <ele>871.66</ele>
        <time>2026-06-28T22:27:05Z</time>
      </trkpt>
      <trkpt lat="34.44997" lon="-118.26956">
        <ele>872.77</ele>
        <time>2026-06-28T22:27:21Z</time>
      </trkpt>
      <trkpt lat="34.45" lon="-118.26955">
        <ele>873.28</ele>
        <time>2026-06-28T22:27:24Z</time>
      </trkpt>
      <trkpt lat="34.45003" lon="-118.26954">
        <ele>873.72</ele>
        <time>2026-06-28T22:27:27Z</time>
      </trkpt>
      <trkpt lat="34.45006" lon="-118.26953">
        <ele>874.14</ele>
        <time>2026-06-28T22:27:30Z</time>
      </trkpt>
      <trkpt lat="34.45009" lon="-118.26952">
        <ele>874.58</ele>
        <time>2026-06-28T22:27:33Z</time>
      </trkpt>
      <trkpt lat="34.45012" lon="-118.26952">
        <ele>875.17</ele>
        <time>2026-06-28T22:27:36Z</time>
      </trkpt>
      <trkpt lat="34.45016" lon="-118.26951">
        <ele>875.66</ele>
        <time>2026-06-28T22:27:40Z</time>
      </trkpt>
      <trkpt lat="34.45019" lon="-118.26952">
        <ele>876.46</ele>
        <time>2026-06-28T22:27:44Z</time>
      </trkpt>
      <trkpt lat="34.45023" lon="-118.26952">
        <ele>876.54</ele>
        <time>2026-06-28T22:27:48Z</time>
      </trkpt>
      <trkpt lat="34.45026" lon="-118.26953">
        <ele>876.83</ele>
        <time>2026-06-28T22:27:52Z</time>
      </trkpt>
      <trkpt lat="34.45029" lon="-118.26954">
        <ele>877.1</ele>
        <time>2026-06-28T22:27:55Z</time>
      </trkpt>
      <trkpt lat="34.45031" lon="-118.26956">
        <ele>877.74</ele>
        <time>2026-06-28T22:27:58Z</time>
      </trkpt>
      <trkpt lat="34.45034" lon="-118.26957">
        <ele>878.07</ele>
        <time>2026-06-28T22:28:01Z</time>
      </trkpt>
      <trkpt lat="34.45037" lon="-118.26959">
        <ele>878.72</ele>
        <time>2026-06-28T22:28:05Z</time>
      </trkpt>
      <trkpt lat="34.4504" lon="-118.26961">
        <ele>879.36</ele>
        <time>2026-06-28T22:28:09Z</time>
      </trkpt>
      <trkpt lat="34.45043" lon="-118.26962">
        <ele>879.69</ele>
        <time>2026-06-28T22:28:13Z</time>
      </trkpt>
      <trkpt lat="34.45044" lon="-118.26965">
        <ele>880.66</ele>
        <time>2026-06-28T22:28:23Z</time>
      </trkpt>
      <trkpt lat="34.45047" lon="-118.26965">
        <ele>880.57</ele>
        <time>2026-06-28T22:29:41Z</time>
      </trkpt>
      <trkpt lat="34.4505" lon="-118.26967">
        <ele>880.73</ele>
        <time>2026-06-28T22:29:49Z</time>
      </trkpt>
      <trkpt lat="34.45055" lon="-118.26968">
        <ele>880.18</ele>
        <time>2026-06-28T22:29:52Z</time>
      </trkpt>
      <trkpt lat="34.45061" lon="-118.26969">
        <ele>879.51</ele>
        <time>2026-06-28T22:29:54Z</time>
      </trkpt>
      <trkpt lat="34.45065" lon="-118.26969">
        <ele>878.93</ele>
        <time>2026-06-28T22:29:56Z</time>
      </trkpt>
      <trkpt lat="34.45068" lon="-118.2697">
        <ele>878.76</ele>
        <time>2026-06-28T22:29:58Z</time>
      </trkpt>
      <trkpt lat="34.45071" lon="-118.26971">
        <ele>878.44</ele>
        <time>2026-06-28T22:30:01Z</time>
      </trkpt>
      <trkpt lat="34.45074" lon="-118.26973">
        <ele>878.18</ele>
        <time>2026-06-28T22:30:04Z</time>
      </trkpt>
      <trkpt lat="34.45077" lon="-118.26974">
        <ele>878.32</ele>
        <time>2026-06-28T22:30:07Z</time>
      </trkpt>
      <trkpt lat="34.45079" lon="-118.26976">
        <ele>878.6</ele>
        <time>2026-06-28T22:30:10Z</time>
      </trkpt>
      <trkpt lat="34.45081" lon="-118.26979">
        <ele>878.92</ele>
        <time>2026-06-28T22:30:12Z</time>
      </trkpt>
      <trkpt lat="34.45082" lon="-118.26983">
        <ele>879.94</ele>
        <time>2026-06-28T22:30:14Z</time>
      </trkpt>
      <trkpt lat="34.45085" lon="-118.26986">
        <ele>881.98</ele>
        <time>2026-06-28T22:30:17Z</time>
      </trkpt>
      <trkpt lat="34.45088" lon="-118.26989">
        <ele>884.26</ele>
        <time>2026-06-28T22:30:21Z</time>
      </trkpt>
      <trkpt lat="34.4509" lon="-118.26991">
        <ele>885.52</ele>
        <time>2026-06-28T22:30:25Z</time>
      </trkpt>
      <trkpt lat="34.45092" lon="-118.26994">
        <ele>886.93</ele>
        <time>2026-06-28T22:30:29Z</time>
      </trkpt>
      <trkpt lat="34.45095" lon="-118.26997">
        <ele>888.98</ele>
        <time>2026-06-28T22:30:33Z</time>
      </trkpt>
      <trkpt lat="34.45097" lon="-118.27">
        <ele>890.43</ele>
        <time>2026-06-28T22:30:37Z</time>
      </trkpt>
      <trkpt lat="34.45099" lon="-118.27003">
        <ele>891.62</ele>
        <time>2026-06-28T22:30:41Z</time>
      </trkpt>
      <trkpt lat="34.45102" lon="-118.27005">
        <ele>893.14</ele>
        <time>2026-06-28T22:30:45Z</time>
      </trkpt>
      <trkpt lat="34.45102" lon="-118.27002">
        <ele>892.48</ele>
        <time>2026-06-28T22:30:50Z</time>
      </trkpt>
      <trkpt lat="34.45101" lon="-118.26997">
        <ele>891.34</ele>
        <time>2026-06-28T22:30:52Z</time>
      </trkpt>
      <trkpt lat="34.451" lon="-118.26993">
        <ele>890.34</ele>
        <time>2026-06-28T22:30:54Z</time>
      </trkpt>
      <trkpt lat="34.451" lon="-118.26989">
        <ele>889.59</ele>
        <time>2026-06-28T22:30:57Z</time>
      </trkpt>
      <trkpt lat="34.451" lon="-118.26985">
        <ele>888.64</ele>
        <time>2026-06-28T22:31:02Z</time>
      </trkpt>
      <trkpt lat="34.45101" lon="-118.26982">
        <ele>888.57</ele>
        <time>2026-06-28T22:31:07Z</time>
      </trkpt>
      <trkpt lat="34.45102" lon="-118.2698">
        <ele>888.73</ele>
        <time>2026-06-28T22:31:13Z</time>
      </trkpt>
      <trkpt lat="34.45105" lon="-118.26977">
        <ele>889.22</ele>
        <time>2026-06-28T22:31:17Z</time>
      </trkpt>
      <trkpt lat="34.45107" lon="-118.26975">
        <ele>889.66</ele>
        <time>2026-06-28T22:31:21Z</time>
      </trkpt>
      <trkpt lat="34.45109" lon="-118.26978">
        <ele>890.85</ele>
        <time>2026-06-28T22:31:26Z</time>
      </trkpt>
      <trkpt lat="34.45111" lon="-118.26976">
        <ele>891.36</ele>
        <time>2026-06-28T22:31:34Z</time>
      </trkpt>
      <trkpt lat="34.45112" lon="-118.26972">
        <ele>891.15</ele>
        <time>2026-06-28T22:31:37Z</time>
      </trkpt>
      <trkpt lat="34.45113" lon="-118.26969">
        <ele>890.78</ele>
        <time>2026-06-28T22:31:40Z</time>
      </trkpt>
      <trkpt lat="34.45115" lon="-118.26966">
        <ele>890.78</ele>
        <time>2026-06-28T22:31:44Z</time>
      </trkpt>
      <trkpt lat="34.45116" lon="-118.26963">
        <ele>890.59</ele>
        <time>2026-06-28T22:31:48Z</time>
      </trkpt>
      <trkpt lat="34.45119" lon="-118.2696">
        <ele>890.6</ele>
        <time>2026-06-28T22:31:52Z</time>
      </trkpt>
      <trkpt lat="34.45123" lon="-118.26959">
        <ele>891.12</ele>
        <time>2026-06-28T22:31:55Z</time>
      </trkpt>
      <trkpt lat="34.45125" lon="-118.26958">
        <ele>891.16</ele>
        <time>2026-06-28T22:31:57Z</time>
      </trkpt>
      <trkpt lat="34.45128" lon="-118.26957">
        <ele>891.42</ele>
        <time>2026-06-28T22:32:00Z</time>
      </trkpt>
      <trkpt lat="34.45131" lon="-118.26957">
        <ele>891.86</ele>
        <time>2026-06-28T22:32:03Z</time>
      </trkpt>
      <trkpt lat="34.45133" lon="-118.26959">
        <ele>892.51</ele>
        <time>2026-06-28T22:32:06Z</time>
      </trkpt>
      <trkpt lat="34.45135" lon="-118.26962">
        <ele>893.37</ele>
        <time>2026-06-28T22:32:10Z</time>
      </trkpt>
      <trkpt lat="34.45138" lon="-118.26962">
        <ele>893.7</ele>
        <time>2026-06-28T22:32:17Z</time>
      </trkpt>
      <trkpt lat="34.45141" lon="-118.26963">
        <ele>894.01</ele>
        <time>2026-06-28T22:32:22Z</time>
      </trkpt>
      <trkpt lat="34.45144" lon="-118.26964">
        <ele>894.22</ele>
        <time>2026-06-28T22:32:27Z</time>
      </trkpt>
      <trkpt lat="34.45147" lon="-118.26965">
        <ele>894.44</ele>
        <time>2026-06-28T22:32:31Z</time>
      </trkpt>
      <trkpt lat="34.45151" lon="-118.26966">
        <ele>894.66</ele>
        <time>2026-06-28T22:32:35Z</time>
      </trkpt>
      <trkpt lat="34.45153" lon="-118.26966">
        <ele>894.66</ele>
        <time>2026-06-28T22:32:38Z</time>
      </trkpt>
      <trkpt lat="34.45156" lon="-118.26967">
        <ele>894.87</ele>
        <time>2026-06-28T22:32:41Z</time>
      </trkpt>
      <trkpt lat="34.45159" lon="-118.26968">
        <ele>895.09</ele>
        <time>2026-06-28T22:32:44Z</time>
      </trkpt>
      <trkpt lat="34.45162" lon="-118.26969">
        <ele>895.3</ele>
        <time>2026-06-28T22:32:47Z</time>
      </trkpt>
      <trkpt lat="34.45164" lon="-118.2697">
        <ele>895.52</ele>
        <time>2026-06-28T22:32:50Z</time>
      </trkpt>
      <trkpt lat="34.45167" lon="-118.26971">
        <ele>895.7</ele>
        <time>2026-06-28T22:32:53Z</time>
      </trkpt>
      <trkpt lat="34.45169" lon="-118.26972">
        <ele>895.7</ele>
        <time>2026-06-28T22:32:56Z</time>
      </trkpt>
      <trkpt lat="34.45172" lon="-118.26974">
        <ele>896.0</ele>
        <time>2026-06-28T22:32:59Z</time>
      </trkpt>
      <trkpt lat="34.45174" lon="-118.26975">
        <ele>896.11</ele>
        <time>2026-06-28T22:33:02Z</time>
      </trkpt>
      <trkpt lat="34.45177" lon="-118.26977">
        <ele>896.43</ele>
        <time>2026-06-28T22:33:05Z</time>
      </trkpt>
      <trkpt lat="34.45179" lon="-118.26978">
        <ele>896.54</ele>
        <time>2026-06-28T22:33:08Z</time>
      </trkpt>
      <trkpt lat="34.45182" lon="-118.2698">
        <ele>896.86</ele>
        <time>2026-06-28T22:33:12Z</time>
      </trkpt>
      <trkpt lat="34.45185" lon="-118.26982">
        <ele>897.13</ele>
        <time>2026-06-28T22:33:16Z</time>
      </trkpt>
      <trkpt lat="34.45188" lon="-118.26984">
        <ele>897.02</ele>
        <time>2026-06-28T22:33:20Z</time>
      </trkpt>
      <trkpt lat="34.45191" lon="-118.26987">
        <ele>897.31</ele>
        <time>2026-06-28T22:33:24Z</time>
      </trkpt>
      <trkpt lat="34.45193" lon="-118.26989">
        <ele>897.62</ele>
        <time>2026-06-28T22:33:28Z</time>
      </trkpt>
      <trkpt lat="34.45196" lon="-118.26991">
        <ele>898.22</ele>
        <time>2026-06-28T22:33:32Z</time>
      </trkpt>
      <trkpt lat="34.45198" lon="-118.26994">
        <ele>899.09</ele>
        <time>2026-06-28T22:33:36Z</time>
      </trkpt>
      <trkpt lat="34.45197" lon="-118.26996">
        <ele>899.41</ele>
        <time>2026-06-28T22:33:41Z</time>
      </trkpt>
      <trkpt lat="34.45195" lon="-118.26999">
        <ele>899.84</ele>
        <time>2026-06-28T22:33:48Z</time>
      </trkpt>
      <trkpt lat="34.45196" lon="-118.27003">
        <ele>900.76</ele>
        <time>2026-06-28T22:34:01Z</time>
      </trkpt>
      <trkpt lat="34.45195" lon="-118.27">
        <ele>900.06</ele>
        <time>2026-06-28T22:34:23Z</time>
      </trkpt>
      <trkpt lat="34.45199" lon="-118.27003">
        <ele>900.98</ele>
        <time>2026-06-28T22:35:16Z</time>
      </trkpt>
      <trkpt lat="34.45203" lon="-118.27005">
        <ele>901.51</ele>
        <time>2026-06-28T22:35:20Z</time>
      </trkpt>
      <trkpt lat="34.45209" lon="-118.27005">
        <ele>902.42</ele>
        <time>2026-06-28T22:35:22Z</time>
      </trkpt>
      <trkpt lat="34.45213" lon="-118.27006">
        <ele>903.3</ele>
        <time>2026-06-28T22:35:25Z</time>
      </trkpt>
      <trkpt lat="34.45218" lon="-118.27006">
        <ele>903.65</ele>
        <time>2026-06-28T22:35:30Z</time>
      </trkpt>
      <trkpt lat="34.45221" lon="-118.27006">
        <ele>903.86</ele>
        <time>2026-06-28T22:35:35Z</time>
      </trkpt>
      <trkpt lat="34.45224" lon="-118.27006">
        <ele>904.14</ele>
        <time>2026-06-28T22:35:40Z</time>
      </trkpt>
      <trkpt lat="34.45228" lon="-118.27005">
        <ele>904.24</ele>
        <time>2026-06-28T22:35:44Z</time>
      </trkpt>
      <trkpt lat="34.45231" lon="-118.27004">
        <ele>904.24</ele>
        <time>2026-06-28T22:35:48Z</time>
      </trkpt>
      <trkpt lat="34.45234" lon="-118.27003">
        <ele>904.24</ele>
        <time>2026-06-28T22:35:52Z</time>
      </trkpt>
      <trkpt lat="34.45238" lon="-118.27003">
        <ele>904.68</ele>
        <time>2026-06-28T22:35:56Z</time>
      </trkpt>
      <trkpt lat="34.45241" lon="-118.27002">
        <ele>904.75</ele>
        <time>2026-06-28T22:36:00Z</time>
      </trkpt>
      <trkpt lat="34.45244" lon="-118.26999">
        <ele>905.3</ele>
        <time>2026-06-28T22:36:03Z</time>
      </trkpt>
      <trkpt lat="34.45245" lon="-118.26994">
        <ele>905.19</ele>
        <time>2026-06-28T22:36:05Z</time>
      </trkpt>
      <trkpt lat="34.45246" lon="-118.2699">
        <ele>905.23</ele>
        <time>2026-06-28T22:36:07Z</time>
      </trkpt>
      <trkpt lat="34.45248" lon="-118.26986">
        <ele>905.73</ele>
        <time>2026-06-28T22:36:10Z</time>
      </trkpt>
      <trkpt lat="34.45246" lon="-118.26982">
        <ele>904.74</ele>
        <time>2026-06-28T22:36:14Z</time>
      </trkpt>
      <trkpt lat="34.45244" lon="-118.26981">
        <ele>904.0</ele>
        <time>2026-06-28T22:36:16Z</time>
      </trkpt>
      <trkpt lat="34.45242" lon="-118.26978">
        <ele>903.03</ele>
        <time>2026-06-28T22:36:19Z</time>
      </trkpt>
      <trkpt lat="34.45241" lon="-118.26975">
        <ele>902.38</ele>
        <time>2026-06-28T22:36:22Z</time>
      </trkpt>
      <trkpt lat="34.45241" lon="-118.26971">
        <ele>901.95</ele>
        <time>2026-06-28T22:36:25Z</time>
      </trkpt>
      <trkpt lat="34.45241" lon="-118.26968">
        <ele>901.63</ele>
        <time>2026-06-28T22:36:28Z</time>
      </trkpt>
      <trkpt lat="34.45241" lon="-118.26963">
        <ele>901.09</ele>
        <time>2026-06-28T22:36:32Z</time>
      </trkpt>
      <trkpt lat="34.45241" lon="-118.2696">
        <ele>900.76</ele>
        <time>2026-06-28T22:36:35Z</time>
      </trkpt>
      <trkpt lat="34.45241" lon="-118.26957">
        <ele>900.44</ele>
        <time>2026-06-28T22:36:38Z</time>
      </trkpt>
      <trkpt lat="34.45242" lon="-118.26952">
        <ele>900.04</ele>
        <time>2026-06-28T22:36:42Z</time>
      </trkpt>
      <trkpt lat="34.45243" lon="-118.26949">
        <ele>899.72</ele>
        <time>2026-06-28T22:36:46Z</time>
      </trkpt>
      <trkpt lat="34.45244" lon="-118.26946">
        <ele>899.39</ele>
        <time>2026-06-28T22:36:49Z</time>
      </trkpt>
      <trkpt lat="34.45247" lon="-118.26943">
        <ele>899.82</ele>
        <time>2026-06-28T22:36:52Z</time>
      </trkpt>
      <trkpt lat="34.45249" lon="-118.2694">
        <ele>900.14</ele>
        <time>2026-06-28T22:36:55Z</time>
      </trkpt>
      <trkpt lat="34.4525" lon="-118.26936">
        <ele>900.09</ele>
        <time>2026-06-28T22:36:59Z</time>
      </trkpt>
      <trkpt lat="34.45251" lon="-118.26932">
        <ele>899.8</ele>
        <time>2026-06-28T22:37:03Z</time>
      </trkpt>
      <trkpt lat="34.45253" lon="-118.26928">
        <ele>899.8</ele>
        <time>2026-06-28T22:37:07Z</time>
      </trkpt>
      <trkpt lat="34.45253" lon="-118.26925">
        <ele>899.68</ele>
        <time>2026-06-28T22:37:11Z</time>
      </trkpt>
      <trkpt lat="34.45254" lon="-118.26921">
        <ele>900.09</ele>
        <time>2026-06-28T22:37:15Z</time>
      </trkpt>
      <trkpt lat="34.45255" lon="-118.26917">
        <ele>900.6</ele>
        <time>2026-06-28T22:37:19Z</time>
      </trkpt>
      <trkpt lat="34.45258" lon="-118.26917">
        <ele>901.56</ele>
        <time>2026-06-28T22:37:29Z</time>
      </trkpt>
      <trkpt lat="34.4526" lon="-118.26913">
        <ele>902.21</ele>
        <time>2026-06-28T22:37:56Z</time>
      </trkpt>
      <trkpt lat="34.45262" lon="-118.26909">
        <ele>902.64</ele>
        <time>2026-06-28T22:37:59Z</time>
      </trkpt>
      <trkpt lat="34.45264" lon="-118.26906">
        <ele>902.87</ele>
        <time>2026-06-28T22:38:02Z</time>
      </trkpt>
      <trkpt lat="34.45266" lon="-118.26904">
        <ele>903.09</ele>
        <time>2026-06-28T22:38:05Z</time>
      </trkpt>
      <trkpt lat="34.45269" lon="-118.26903">
        <ele>903.63</ele>
        <time>2026-06-28T22:38:10Z</time>
      </trkpt>
      <trkpt lat="34.45271" lon="-118.26902">
        <ele>903.95</ele>
        <time>2026-06-28T22:38:37Z</time>
      </trkpt>
      <trkpt lat="34.45275" lon="-118.26901">
        <ele>904.71</ele>
        <time>2026-06-28T22:38:54Z</time>
      </trkpt>
      <trkpt lat="34.45278" lon="-118.26898">
        <ele>905.02</ele>
        <time>2026-06-28T22:39:00Z</time>
      </trkpt>
      <trkpt lat="34.4528" lon="-118.26896">
        <ele>905.24</ele>
        <time>2026-06-28T22:39:05Z</time>
      </trkpt>
      <trkpt lat="34.45283" lon="-118.26895">
        <ele>905.56</ele>
        <time>2026-06-28T22:39:09Z</time>
      </trkpt>
      <trkpt lat="34.45286" lon="-118.26894">
        <ele>905.89</ele>
        <time>2026-06-28T22:39:11Z</time>
      </trkpt>
      <trkpt lat="34.45289" lon="-118.26893">
        <ele>905.88</ele>
        <time>2026-06-28T22:39:14Z</time>
      </trkpt>
      <trkpt lat="34.45292" lon="-118.26892">
        <ele>905.64</ele>
        <time>2026-06-28T22:39:17Z</time>
      </trkpt>
      <trkpt lat="34.45295" lon="-118.26892">
        <ele>905.43</ele>
        <time>2026-06-28T22:39:21Z</time>
      </trkpt>
      <trkpt lat="34.45298" lon="-118.26892">
        <ele>905.15</ele>
        <time>2026-06-28T22:39:25Z</time>
      </trkpt>
      <trkpt lat="34.45301" lon="-118.26892">
        <ele>904.83</ele>
        <time>2026-06-28T22:39:28Z</time>
      </trkpt>
      <trkpt lat="34.45304" lon="-118.26896">
        <ele>904.94</ele>
        <time>2026-06-28T22:39:31Z</time>
      </trkpt>
      <trkpt lat="34.45306" lon="-118.26899">
        <ele>905.08</ele>
        <time>2026-06-28T22:39:33Z</time>
      </trkpt>
      <trkpt lat="34.45308" lon="-118.26902">
        <ele>905.19</ele>
        <time>2026-06-28T22:39:36Z</time>
      </trkpt>
      <trkpt lat="34.45311" lon="-118.26904">
        <ele>904.72</ele>
        <time>2026-06-28T22:39:39Z</time>
      </trkpt>
      <trkpt lat="34.45313" lon="-118.26907">
        <ele>904.54</ele>
        <time>2026-06-28T22:39:42Z</time>
      </trkpt>
      <trkpt lat="34.45316" lon="-118.26909">
        <ele>903.58</ele>
        <time>2026-06-28T22:39:45Z</time>
      </trkpt>
      <trkpt lat="34.45318" lon="-118.26911">
        <ele>902.93</ele>
        <time>2026-06-28T22:39:48Z</time>
      </trkpt>
      <trkpt lat="34.4532" lon="-118.26914">
        <ele>902.71</ele>
        <time>2026-06-28T22:39:51Z</time>
      </trkpt>
      <trkpt lat="34.45322" lon="-118.26917">
        <ele>902.72</ele>
        <time>2026-06-28T22:39:54Z</time>
      </trkpt>
      <trkpt lat="34.45323" lon="-118.2692">
        <ele>902.75</ele>
        <time>2026-06-28T22:39:57Z</time>
      </trkpt>
      <trkpt lat="34.45325" lon="-118.26923">
        <ele>902.15</ele>
        <time>2026-06-28T22:40:00Z</time>
      </trkpt>
      <trkpt lat="34.45325" lon="-118.26927">
        <ele>902.73</ele>
        <time>2026-06-28T22:40:04Z</time>
      </trkpt>
      <trkpt lat="34.45326" lon="-118.26931">
        <ele>903.06</ele>
        <time>2026-06-28T22:40:08Z</time>
      </trkpt>
      <trkpt lat="34.45328" lon="-118.26934">
        <ele>902.62</ele>
        <time>2026-06-28T22:40:12Z</time>
      </trkpt>
      <trkpt lat="34.4533" lon="-118.26936">
        <ele>901.83</ele>
        <time>2026-06-28T22:40:15Z</time>
      </trkpt>
      <trkpt lat="34.45332" lon="-118.26938">
        <ele>900.76</ele>
        <time>2026-06-28T22:40:18Z</time>
      </trkpt>
      <trkpt lat="34.45335" lon="-118.2694">
        <ele>899.01</ele>
        <time>2026-06-28T22:40:22Z</time>
      </trkpt>
      <trkpt lat="34.45338" lon="-118.26942">
        <ele>897.35</ele>
        <time>2026-06-28T22:40:25Z</time>
      </trkpt>
      <trkpt lat="34.4534" lon="-118.26944">
        <ele>896.37</ele>
        <time>2026-06-28T22:40:28Z</time>
      </trkpt>
      <trkpt lat="34.45343" lon="-118.26947">
        <ele>895.32</ele>
        <time>2026-06-28T22:40:32Z</time>
      </trkpt>
      <trkpt lat="34.45346" lon="-118.2695">
        <ele>894.14</ele>
        <time>2026-06-28T22:40:36Z</time>
      </trkpt>
      <trkpt lat="34.45349" lon="-118.26953">
        <ele>892.75</ele>
        <time>2026-06-28T22:40:40Z</time>
      </trkpt>
      <trkpt lat="34.45351" lon="-118.26955">
        <ele>891.82</ele>
        <time>2026-06-28T22:40:44Z</time>
      </trkpt>
      <trkpt lat="34.45354" lon="-118.26958">
        <ele>891.0</ele>
        <time>2026-06-28T22:40:48Z</time>
      </trkpt>
      <trkpt lat="34.45356" lon="-118.26961">
        <ele>890.78</ele>
        <time>2026-06-28T22:40:53Z</time>
      </trkpt>
      <trkpt lat="34.45359" lon="-118.26965">
        <ele>890.74</ele>
        <time>2026-06-28T22:40:59Z</time>
      </trkpt>
      <trkpt lat="34.4536" lon="-118.2696">
        <ele>888.84</ele>
        <time>2026-06-28T22:41:04Z</time>
      </trkpt>
      <trkpt lat="34.45362" lon="-118.26956">
        <ele>887.52</ele>
        <time>2026-06-28T22:41:09Z</time>
      </trkpt>
      <trkpt lat="34.45364" lon="-118.26953">
        <ele>886.72</ele>
        <time>2026-06-28T22:41:18Z</time>
      </trkpt>
      <trkpt lat="34.45367" lon="-118.26951">
        <ele>885.75</ele>
        <time>2026-06-28T22:41:31Z</time>
      </trkpt>
      <trkpt lat="34.4537" lon="-118.26952">
        <ele>886.09</ele>
        <time>2026-06-28T22:41:41Z</time>
      </trkpt>
      <trkpt lat="34.45374" lon="-118.26953">
        <ele>887.01</ele>
        <time>2026-06-28T22:41:50Z</time>
      </trkpt>
      <trkpt lat="34.45377" lon="-118.26953">
        <ele>887.34</ele>
        <time>2026-06-28T22:41:57Z</time>
      </trkpt>
      <trkpt lat="34.4538" lon="-118.26953">
        <ele>887.67</ele>
        <time>2026-06-28T22:42:03Z</time>
      </trkpt>
      <trkpt lat="34.45383" lon="-118.26953">
        <ele>888.04</ele>
        <time>2026-06-28T22:42:06Z</time>
      </trkpt>
      <trkpt lat="34.45386" lon="-118.26953">
        <ele>888.41</ele>
        <time>2026-06-28T22:42:08Z</time>
      </trkpt>
      <trkpt lat="34.4539" lon="-118.26953">
        <ele>889.12</ele>
        <time>2026-06-28T22:42:11Z</time>
      </trkpt>
      <trkpt lat="34.45393" lon="-118.26953">
        <ele>890.07</ele>
        <time>2026-06-28T22:42:14Z</time>
      </trkpt>
      <trkpt lat="34.45396" lon="-118.26953">
        <ele>891.02</ele>
        <time>2026-06-28T22:42:17Z</time>
      </trkpt>
      <trkpt lat="34.45399" lon="-118.26953">
        <ele>891.79</ele>
        <time>2026-06-28T22:42:20Z</time>
      </trkpt>
      <trkpt lat="34.45402" lon="-118.26953">
        <ele>892.14</ele>
        <time>2026-06-28T22:42:23Z</time>
      </trkpt>
      <trkpt lat="34.45405" lon="-118.26953">
        <ele>892.49</ele>
        <time>2026-06-28T22:42:26Z</time>
      </trkpt>
      <trkpt lat="34.45408" lon="-118.26953">
        <ele>892.83</ele>
        <time>2026-06-28T22:42:29Z</time>
      </trkpt>
      <trkpt lat="34.45411" lon="-118.26952">
        <ele>892.76</ele>
        <time>2026-06-28T22:42:33Z</time>
      </trkpt>
      <trkpt lat="34.45413" lon="-118.26953">
        <ele>893.33</ele>
        <time>2026-06-28T22:42:41Z</time>
      </trkpt>
      <trkpt lat="34.45416" lon="-118.26953">
        <ele>893.63</ele>
        <time>2026-06-28T22:42:50Z</time>
      </trkpt>
      <trkpt lat="34.45419" lon="-118.26952">
        <ele>893.56</ele>
        <time>2026-06-28T22:42:53Z</time>
      </trkpt>
      <trkpt lat="34.45423" lon="-118.26952">
        <ele>894.07</ele>
        <time>2026-06-28T22:42:56Z</time>
      </trkpt>
      <trkpt lat="34.45426" lon="-118.26952">
        <ele>894.47</ele>
        <time>2026-06-28T22:42:59Z</time>
      </trkpt>
      <trkpt lat="34.45429" lon="-118.26952">
        <ele>895.51</ele>
        <time>2026-06-28T22:43:02Z</time>
      </trkpt>
      <trkpt lat="34.45432" lon="-118.26952">
        <ele>896.54</ele>
        <time>2026-06-28T22:43:05Z</time>
      </trkpt>
      <trkpt lat="34.45435" lon="-118.26952">
        <ele>897.57</ele>
        <time>2026-06-28T22:43:08Z</time>
      </trkpt>
      <trkpt lat="34.45438" lon="-118.26952">
        <ele>898.9</ele>
        <time>2026-06-28T22:43:11Z</time>
      </trkpt>
      <trkpt lat="34.45442" lon="-118.26952">
        <ele>900.71</ele>
        <time>2026-06-28T22:43:14Z</time>
      </trkpt>
      <trkpt lat="34.45445" lon="-118.26951">
        <ele>902.03</ele>
        <time>2026-06-28T22:43:17Z</time>
      </trkpt>
      <trkpt lat="34.45447" lon="-118.2695">
        <ele>903.09</ele>
        <time>2026-06-28T22:43:20Z</time>
      </trkpt>
      <trkpt lat="34.45449" lon="-118.26946">
        <ele>904.04</ele>
        <time>2026-06-28T22:43:22Z</time>
      </trkpt>
      <trkpt lat="34.4545" lon="-118.26941">
        <ele>905.12</ele>
        <time>2026-06-28T22:43:24Z</time>
      </trkpt>
      <trkpt lat="34.45451" lon="-118.26938">
        <ele>906.15</ele>
        <time>2026-06-28T22:43:26Z</time>
      </trkpt>
      <trkpt lat="34.45452" lon="-118.26934">
        <ele>907.08</ele>
        <time>2026-06-28T22:43:29Z</time>
      </trkpt>
      <trkpt lat="34.45449" lon="-118.26932">
        <ele>905.46</ele>
        <time>2026-06-28T22:43:31Z</time>
      </trkpt>
      <trkpt lat="34.45446" lon="-118.2693">
        <ele>903.84</ele>
        <time>2026-06-28T22:43:33Z</time>
      </trkpt>
      <trkpt lat="34.45444" lon="-118.26927">
        <ele>902.67</ele>
        <time>2026-06-28T22:43:36Z</time>
      </trkpt>
      <trkpt lat="34.45443" lon="-118.26924">
        <ele>901.49</ele>
        <time>2026-06-28T22:43:39Z</time>
      </trkpt>
      <trkpt lat="34.45443" lon="-118.2692">
        <ele>900.63</ele>
        <time>2026-06-28T22:43:42Z</time>
      </trkpt>
      <trkpt lat="34.45442" lon="-118.26917">
        <ele>899.22</ele>
        <time>2026-06-28T22:43:46Z</time>
      </trkpt>
      <trkpt lat="34.45442" lon="-118.2692">
        <ele>899.87</ele>
        <time>2026-06-28T22:43:59Z</time>
      </trkpt>
      <trkpt lat="34.45442" lon="-118.26923">
        <ele>900.52</ele>
        <time>2026-06-28T22:44:05Z</time>
      </trkpt>
      <trkpt lat="34.45445" lon="-118.26919">
        <ele>901.76</ele>
        <time>2026-06-28T22:47:22Z</time>
      </trkpt>
      <trkpt lat="34.45445" lon="-118.26913">
        <ele>900.08</ele>
        <time>2026-06-28T22:47:24Z</time>
      </trkpt>
      <trkpt lat="34.45445" lon="-118.26906">
        <ele>897.69</ele>
        <time>2026-06-28T22:47:26Z</time>
      </trkpt>
      <trkpt lat="34.45445" lon="-118.26901">
        <ele>895.53</ele>
        <time>2026-06-28T22:47:28Z</time>
      </trkpt>
      <trkpt lat="34.45445" lon="-118.26897">
        <ele>893.93</ele>
        <time>2026-06-28T22:47:32Z</time>
      </trkpt>
      <trkpt lat="34.45445" lon="-118.26893">
        <ele>892.63</ele>
        <time>2026-06-28T22:47:39Z</time>
      </trkpt>
      <trkpt lat="34.45448" lon="-118.2689">
        <ele>893.28</ele>
        <time>2026-06-28T22:47:44Z</time>
      </trkpt>
      <trkpt lat="34.45452" lon="-118.26889">
        <ele>895.12</ele>
        <time>2026-06-28T22:47:47Z</time>
      </trkpt>
      <trkpt lat="34.45455" lon="-118.26888">
        <ele>896.04</ele>
        <time>2026-06-28T22:47:51Z</time>
      </trkpt>
      <trkpt lat="34.45457" lon="-118.26887">
        <ele>896.25</ele>
        <time>2026-06-28T22:47:55Z</time>
      </trkpt>
      <trkpt lat="34.4546" lon="-118.26885">
        <ele>896.36</ele>
        <time>2026-06-28T22:47:59Z</time>
      </trkpt>
      <trkpt lat="34.45462" lon="-118.26883">
        <ele>896.14</ele>
        <time>2026-06-28T22:48:04Z</time>
      </trkpt>
      <trkpt lat="34.45464" lon="-118.2688">
        <ele>895.27</ele>
        <time>2026-06-28T22:48:09Z</time>
      </trkpt>
      <trkpt lat="34.45466" lon="-118.26877">
        <ele>894.19</ele>
        <time>2026-06-28T22:48:13Z</time>
      </trkpt>
      <trkpt lat="34.45469" lon="-118.26875">
        <ele>893.65</ele>
        <time>2026-06-28T22:48:17Z</time>
      </trkpt>
      <trkpt lat="34.45471" lon="-118.26872">
        <ele>892.57</ele>
        <time>2026-06-28T22:48:21Z</time>
      </trkpt>
      <trkpt lat="34.45474" lon="-118.26869">
        <ele>891.6</ele>
        <time>2026-06-28T22:48:25Z</time>
      </trkpt>
      <trkpt lat="34.45476" lon="-118.26867">
        <ele>890.95</ele>
        <time>2026-06-28T22:48:29Z</time>
      </trkpt>
      <trkpt lat="34.45479" lon="-118.26865">
        <ele>890.41</ele>
        <time>2026-06-28T22:48:34Z</time>
      </trkpt>
      <trkpt lat="34.45482" lon="-118.26866">
        <ele>891.22</ele>
        <time>2026-06-28T22:48:39Z</time>
      </trkpt>
      <trkpt lat="34.45485" lon="-118.26865">
        <ele>891.44</ele>
        <time>2026-06-28T22:48:43Z</time>
      </trkpt>
      <trkpt lat="34.45489" lon="-118.26864">
        <ele>891.87</ele>
        <time>2026-06-28T22:48:46Z</time>
      </trkpt>
      <trkpt lat="34.45492" lon="-118.26862">
        <ele>891.63</ele>
        <time>2026-06-28T22:48:49Z</time>
      </trkpt>
      <trkpt lat="34.45496" lon="-118.26861">
        <ele>892.1</ele>
        <time>2026-06-28T22:48:52Z</time>
      </trkpt>
      <trkpt lat="34.45499" lon="-118.2686">
        <ele>892.42</ele>
        <time>2026-06-28T22:48:55Z</time>
      </trkpt>
      <trkpt lat="34.45502" lon="-118.2686">
        <ele>892.23</ele>
        <time>2026-06-28T22:48:58Z</time>
      </trkpt>
      <trkpt lat="34.45506" lon="-118.26859">
        <ele>891.17</ele>
        <time>2026-06-28T22:49:02Z</time>
      </trkpt>
      <trkpt lat="34.45507" lon="-118.26861">
        <ele>891.46</ele>
        <time>2026-06-28T22:49:23Z</time>
      </trkpt>
      <trkpt lat="34.45502" lon="-118.26861">
        <ele>892.53</ele>
        <time>2026-06-28T22:58:23Z</time>
      </trkpt>
      <trkpt lat="34.45497" lon="-118.26861">
        <ele>892.32</ele>
        <time>2026-06-28T22:58:25Z</time>
      </trkpt>
      <trkpt lat="34.45493" lon="-118.26861">
        <ele>891.45</ele>
        <time>2026-06-28T22:58:27Z</time>
      </trkpt>
      <trkpt lat="34.45489" lon="-118.26861">
        <ele>890.59</ele>
        <time>2026-06-28T22:58:30Z</time>
      </trkpt>
      <trkpt lat="34.45485" lon="-118.26862">
        <ele>890.14</ele>
        <time>2026-06-28T22:58:34Z</time>
      </trkpt>
      <trkpt lat="34.45483" lon="-118.26863">
        <ele>890.14</ele>
        <time>2026-06-28T22:58:42Z</time>
      </trkpt>
      <trkpt lat="34.45481" lon="-118.26867">
        <ele>891.49</ele>
        <time>2026-06-28T22:58:45Z</time>
      </trkpt>
      <trkpt lat="34.45479" lon="-118.26871">
        <ele>893.05</ele>
        <time>2026-06-28T22:58:48Z</time>
      </trkpt>
      <trkpt lat="34.45476" lon="-118.26873">
        <ele>893.66</ele>
        <time>2026-06-28T22:58:51Z</time>
      </trkpt>
      <trkpt lat="34.45474" lon="-118.26875">
        <ele>894.29</ele>
        <time>2026-06-28T22:58:54Z</time>
      </trkpt>
      <trkpt lat="34.45472" lon="-118.26876">
        <ele>894.41</ele>
        <time>2026-06-28T22:58:57Z</time>
      </trkpt>
      <trkpt lat="34.45469" lon="-118.26878">
        <ele>894.95</ele>
        <time>2026-06-28T22:59:00Z</time>
      </trkpt>
      <trkpt lat="34.45467" lon="-118.26881">
        <ele>896.03</ele>
        <time>2026-06-28T22:59:03Z</time>
      </trkpt>
      <trkpt lat="34.45465" lon="-118.26883">
        <ele>896.68</ele>
        <time>2026-06-28T22:59:06Z</time>
      </trkpt>
      <trkpt lat="34.45463" lon="-118.26885">
        <ele>897.32</ele>
        <time>2026-06-28T22:59:09Z</time>
      </trkpt>
      <trkpt lat="34.4546" lon="-118.26887">
        <ele>897.22</ele>
        <time>2026-06-28T22:59:13Z</time>
      </trkpt>
      <trkpt lat="34.45461" lon="-118.2689">
        <ele>898.82</ele>
        <time>2026-06-28T22:59:19Z</time>
      </trkpt>
      <trkpt lat="34.4546" lon="-118.26894">
        <ele>900.07</ele>
        <time>2026-06-28T22:59:25Z</time>
      </trkpt>
      <trkpt lat="34.45457" lon="-118.26896">
        <ele>899.65</ele>
        <time>2026-06-28T22:59:29Z</time>
      </trkpt>
      <trkpt lat="34.45455" lon="-118.26898">
        <ele>899.51</ele>
        <time>2026-06-28T22:59:34Z</time>
      </trkpt>
      <trkpt lat="34.45453" lon="-118.26895">
        <ele>897.6</ele>
        <time>2026-06-28T22:59:41Z</time>
      </trkpt>
      <trkpt lat="34.45451" lon="-118.26895">
        <ele>896.52</ele>
        <time>2026-06-28T22:59:48Z</time>
      </trkpt>
      <trkpt lat="34.45448" lon="-118.26898">
        <ele>895.87</ele>
        <time>2026-06-28T23:00:16Z</time>
      </trkpt>
      <trkpt lat="34.45447" lon="-118.26901">
        <ele>896.61</ele>
        <time>2026-06-28T23:00:26Z</time>
      </trkpt>
      <trkpt lat="34.45446" lon="-118.26905">
        <ele>897.8</ele>
        <time>2026-06-28T23:00:33Z</time>
      </trkpt>
      <trkpt lat="34.45446" lon="-118.2691">
        <ele>899.63</ele>
        <time>2026-06-28T23:00:38Z</time>
      </trkpt>
      <trkpt lat="34.45446" lon="-118.26914">
        <ele>900.86</ele>
        <time>2026-06-28T23:00:40Z</time>
      </trkpt>
      <trkpt lat="34.45445" lon="-118.26917">
        <ele>901.31</ele>
        <time>2026-06-28T23:00:42Z</time>
      </trkpt>
      <trkpt lat="34.45445" lon="-118.26921">
        <ele>902.2</ele>
        <time>2026-06-28T23:00:45Z</time>
      </trkpt>
      <trkpt lat="34.45446" lon="-118.26925">
        <ele>903.62</ele>
        <time>2026-06-28T23:00:49Z</time>
      </trkpt>
      <trkpt lat="34.45448" lon="-118.26928">
        <ele>904.92</ele>
        <time>2026-06-28T23:00:54Z</time>
      </trkpt>
      <trkpt lat="34.45448" lon="-118.26932">
        <ele>904.92</ele>
        <time>2026-06-28T23:00:59Z</time>
      </trkpt>
      <trkpt lat="34.45448" lon="-118.26935">
        <ele>904.92</ele>
        <time>2026-06-28T23:01:03Z</time>
      </trkpt>
      <trkpt lat="34.45448" lon="-118.26939">
        <ele>904.25</ele>
        <time>2026-06-28T23:01:07Z</time>
      </trkpt>
      <trkpt lat="34.45448" lon="-118.26942">
        <ele>903.73</ele>
        <time>2026-06-28T23:01:12Z</time>
      </trkpt>
      <trkpt lat="34.45448" lon="-118.26945">
        <ele>903.34</ele>
        <time>2026-06-28T23:01:16Z</time>
      </trkpt>
      <trkpt lat="34.45448" lon="-118.26948">
        <ele>903.54</ele>
        <time>2026-06-28T23:01:21Z</time>
      </trkpt>
      <trkpt lat="34.45448" lon="-118.26952">
        <ele>903.81</ele>
        <time>2026-06-28T23:01:26Z</time>
      </trkpt>
      <trkpt lat="34.45448" lon="-118.26955">
        <ele>904.01</ele>
        <time>2026-06-28T23:01:31Z</time>
      </trkpt>
      <trkpt lat="34.45445" lon="-118.26957">
        <ele>902.63</ele>
        <time>2026-06-28T23:01:35Z</time>
      </trkpt>
      <trkpt lat="34.45442" lon="-118.26957">
        <ele>901.39</ele>
        <time>2026-06-28T23:01:37Z</time>
      </trkpt>
      <trkpt lat="34.45439" lon="-118.26956">
        <ele>900.04</ele>
        <time>2026-06-28T23:01:39Z</time>
      </trkpt>
      <trkpt lat="34.45436" lon="-118.26955">
        <ele>898.62</ele>
        <time>2026-06-28T23:01:42Z</time>
      </trkpt>
      <trkpt lat="34.45433" lon="-118.26954">
        <ele>897.36</ele>
        <time>2026-06-28T23:01:45Z</time>
      </trkpt>
      <trkpt lat="34.4543" lon="-118.26954">
        <ele>896.4</ele>
        <time>2026-06-28T23:01:48Z</time>
      </trkpt>
      <trkpt lat="34.45427" lon="-118.26953">
        <ele>895.13</ele>
        <time>2026-06-28T23:01:51Z</time>
      </trkpt>
      <trkpt lat="34.45424" lon="-118.26954">
        <ele>894.89</ele>
        <time>2026-06-28T23:01:54Z</time>
      </trkpt>
      <trkpt lat="34.45421" lon="-118.26953">
        <ele>894.2</ele>
        <time>2026-06-28T23:01:57Z</time>
      </trkpt>
      <trkpt lat="34.45418" lon="-118.26954">
        <ele>894.24</ele>
        <time>2026-06-28T23:02:00Z</time>
      </trkpt>
      <trkpt lat="34.45415" lon="-118.26954">
        <ele>893.92</ele>
        <time>2026-06-28T23:02:03Z</time>
      </trkpt>
      <trkpt lat="34.45412" lon="-118.26954">
        <ele>893.61</ele>
        <time>2026-06-28T23:02:06Z</time>
      </trkpt>
      <trkpt lat="34.45409" lon="-118.26954">
        <ele>893.29</ele>
        <time>2026-06-28T23:02:10Z</time>
      </trkpt>
      <trkpt lat="34.45406" lon="-118.26954">
        <ele>892.97</ele>
        <time>2026-06-28T23:02:14Z</time>
      </trkpt>
      <trkpt lat="34.45402" lon="-118.26954">
        <ele>892.53</ele>
        <time>2026-06-28T23:02:18Z</time>
      </trkpt>
      <trkpt lat="34.45399" lon="-118.26954">
        <ele>892.19</ele>
        <time>2026-06-28T23:02:27Z</time>
      </trkpt>
      <trkpt lat="34.45396" lon="-118.26954">
        <ele>891.41</ele>
        <time>2026-06-28T23:02:31Z</time>
      </trkpt>
      <trkpt lat="34.45394" lon="-118.26954">
        <ele>890.77</ele>
        <time>2026-06-28T23:02:35Z</time>
      </trkpt>
      <trkpt lat="34.4539" lon="-118.26955">
        <ele>889.9</ele>
        <time>2026-06-28T23:02:39Z</time>
      </trkpt>
      <trkpt lat="34.45387" lon="-118.26956">
        <ele>889.79</ele>
        <time>2026-06-28T23:02:43Z</time>
      </trkpt>
      <trkpt lat="34.45384" lon="-118.26956">
        <ele>889.46</ele>
        <time>2026-06-28T23:02:47Z</time>
      </trkpt>
      <trkpt lat="34.45381" lon="-118.26957">
        <ele>889.57</ele>
        <time>2026-06-28T23:02:51Z</time>
      </trkpt>
      <trkpt lat="34.45378" lon="-118.26957">
        <ele>889.19</ele>
        <time>2026-06-28T23:02:55Z</time>
      </trkpt>
      <trkpt lat="34.45375" lon="-118.26958">
        <ele>889.12</ele>
        <time>2026-06-28T23:02:59Z</time>
      </trkpt>
      <trkpt lat="34.45372" lon="-118.26958">
        <ele>888.65</ele>
        <time>2026-06-28T23:03:04Z</time>
      </trkpt>
      <trkpt lat="34.45374" lon="-118.26958">
        <ele>888.97</ele>
        <time>2026-06-28T23:03:17Z</time>
      </trkpt>
      <trkpt lat="34.45371" lon="-118.26959">
        <ele>888.82</ele>
        <time>2026-06-28T23:03:26Z</time>
      </trkpt>
      <trkpt lat="34.45368" lon="-118.26959">
        <ele>888.57</ele>
        <time>2026-06-28T23:03:31Z</time>
      </trkpt>
      <trkpt lat="34.45365" lon="-118.26959">
        <ele>888.38</ele>
        <time>2026-06-28T23:03:36Z</time>
      </trkpt>
      <trkpt lat="34.45362" lon="-118.26959">
        <ele>888.2</ele>
        <time>2026-06-28T23:03:41Z</time>
      </trkpt>
      <trkpt lat="34.45359" lon="-118.26959">
        <ele>889.06</ele>
        <time>2026-06-28T23:03:46Z</time>
      </trkpt>
      <trkpt lat="34.45356" lon="-118.2696">
        <ele>890.57</ele>
        <time>2026-06-28T23:03:51Z</time>
      </trkpt>
      <trkpt lat="34.45353" lon="-118.26959">
        <ele>891.65</ele>
        <time>2026-06-28T23:03:57Z</time>
      </trkpt>
      <trkpt lat="34.45351" lon="-118.26956">
        <ele>892.03</ele>
        <time>2026-06-28T23:04:02Z</time>
      </trkpt>
      <trkpt lat="34.4535" lon="-118.26952">
        <ele>891.98</ele>
        <time>2026-06-28T23:04:05Z</time>
      </trkpt>
      <trkpt lat="34.45349" lon="-118.26949">
        <ele>892.18</ele>
        <time>2026-06-28T23:04:09Z</time>
      </trkpt>
      <trkpt lat="34.45347" lon="-118.26946">
        <ele>892.88</ele>
        <time>2026-06-28T23:04:13Z</time>
      </trkpt>
      <trkpt lat="34.45345" lon="-118.26943">
        <ele>893.5</ele>
        <time>2026-06-28T23:04:18Z</time>
      </trkpt>
      <trkpt lat="34.45343" lon="-118.26941">
        <ele>894.39</ele>
        <time>2026-06-28T23:04:23Z</time>
      </trkpt>
      <trkpt lat="34.45341" lon="-118.26938">
        <ele>895.28</ele>
        <time>2026-06-28T23:04:28Z</time>
      </trkpt>
      <trkpt lat="34.45338" lon="-118.26936">
        <ele>897.02</ele>
        <time>2026-06-28T23:04:33Z</time>
      </trkpt>
      <trkpt lat="34.45336" lon="-118.26934">
        <ele>898.02</ele>
        <time>2026-06-28T23:04:38Z</time>
      </trkpt>
      <trkpt lat="34.45333" lon="-118.26931">
        <ele>899.28</ele>
        <time>2026-06-28T23:04:43Z</time>
      </trkpt>
      <trkpt lat="34.45331" lon="-118.26929">
        <ele>899.92</ele>
        <time>2026-06-28T23:04:48Z</time>
      </trkpt>
      <trkpt lat="34.45328" lon="-118.26927">
        <ele>901.11</ele>
        <time>2026-06-28T23:04:53Z</time>
      </trkpt>
      <trkpt lat="34.45326" lon="-118.26924">
        <ele>901.71</ele>
        <time>2026-06-28T23:04:57Z</time>
      </trkpt>
      <trkpt lat="34.45323" lon="-118.26922">
        <ele>902.99</ele>
        <time>2026-06-28T23:05:01Z</time>
      </trkpt>
      <trkpt lat="34.45321" lon="-118.2692">
        <ele>903.48</ele>
        <time>2026-06-28T23:05:05Z</time>
      </trkpt>
      <trkpt lat="34.45319" lon="-118.26917">
        <ele>903.7</ele>
        <time>2026-06-28T23:05:09Z</time>
      </trkpt>
      <trkpt lat="34.45317" lon="-118.26914">
        <ele>903.87</ele>
        <time>2026-06-28T23:05:13Z</time>
      </trkpt>
      <trkpt lat="34.45316" lon="-118.26911">
        <ele>903.85</ele>
        <time>2026-06-28T23:05:17Z</time>
      </trkpt>
      <trkpt lat="34.45314" lon="-118.26908">
        <ele>904.33</ele>
        <time>2026-06-28T23:05:21Z</time>
      </trkpt>
      <trkpt lat="34.45312" lon="-118.26906">
        <ele>904.71</ele>
        <time>2026-06-28T23:05:25Z</time>
      </trkpt>
      <trkpt lat="34.4531" lon="-118.26903">
        <ele>904.84</ele>
        <time>2026-06-28T23:05:29Z</time>
      </trkpt>
      <trkpt lat="34.45308" lon="-118.26901">
        <ele>905.01</ele>
        <time>2026-06-28T23:05:33Z</time>
      </trkpt>
      <trkpt lat="34.45305" lon="-118.26898">
        <ele>905.04</ele>
        <time>2026-06-28T23:05:37Z</time>
      </trkpt>
      <trkpt lat="34.45302" lon="-118.26897">
        <ele>905.26</ele>
        <time>2026-06-28T23:05:40Z</time>
      </trkpt>
      <trkpt lat="34.45299" lon="-118.26895">
        <ele>905.37</ele>
        <time>2026-06-28T23:05:43Z</time>
      </trkpt>
      <trkpt lat="34.45296" lon="-118.26893">
        <ele>905.46</ele>
        <time>2026-06-28T23:05:46Z</time>
      </trkpt>
      <trkpt lat="34.45293" lon="-118.26891">
        <ele>905.5</ele>
        <time>2026-06-28T23:05:50Z</time>
      </trkpt>
      <trkpt lat="34.45291" lon="-118.26889">
        <ele>905.58</ele>
        <time>2026-06-28T23:05:54Z</time>
      </trkpt>
      <trkpt lat="34.45291" lon="-118.26892">
        <ele>905.72</ele>
        <time>2026-06-28T23:05:59Z</time>
      </trkpt>
      <trkpt lat="34.4529" lon="-118.26895">
        <ele>905.89</ele>
        <time>2026-06-28T23:06:19Z</time>
      </trkpt>
      <trkpt lat="34.45288" lon="-118.26896">
        <ele>905.98</ele>
        <time>2026-06-28T23:06:24Z</time>
      </trkpt>
      <trkpt lat="34.45285" lon="-118.26898">
        <ele>905.78</ele>
        <time>2026-06-28T23:06:28Z</time>
      </trkpt>
      <trkpt lat="34.45282" lon="-118.26899">
        <ele>905.55</ele>
        <time>2026-06-28T23:06:30Z</time>
      </trkpt>
      <trkpt lat="34.45279" lon="-118.269">
        <ele>905.33</ele>
        <time>2026-06-28T23:06:32Z</time>
      </trkpt>
      <trkpt lat="34.45276" lon="-118.26901">
        <ele>904.92</ele>
        <time>2026-06-28T23:06:35Z</time>
      </trkpt>
      <trkpt lat="34.45273" lon="-118.26903">
        <ele>904.49</ele>
        <time>2026-06-28T23:06:38Z</time>
      </trkpt>
      <trkpt lat="34.4527" lon="-118.26905">
        <ele>904.06</ele>
        <time>2026-06-28T23:06:42Z</time>
      </trkpt>
      <trkpt lat="34.45267" lon="-118.26906">
        <ele>903.52</ele>
        <time>2026-06-28T23:06:46Z</time>
      </trkpt>
      <trkpt lat="34.45264" lon="-118.26908">
        <ele>903.06</ele>
        <time>2026-06-28T23:06:50Z</time>
      </trkpt>
      <trkpt lat="34.45262" lon="-118.26911">
        <ele>902.71</ele>
        <time>2026-06-28T23:06:54Z</time>
      </trkpt>
      <trkpt lat="34.45259" lon="-118.26913">
        <ele>901.9</ele>
        <time>2026-06-28T23:06:58Z</time>
      </trkpt>
      <trkpt lat="34.45257" lon="-118.26916">
        <ele>901.25</ele>
        <time>2026-06-28T23:07:00Z</time>
      </trkpt>
      <trkpt lat="34.45256" lon="-118.2692">
        <ele>900.71</ele>
        <time>2026-06-28T23:07:02Z</time>
      </trkpt>
      <trkpt lat="34.45255" lon="-118.26923">
        <ele>900.25</ele>
        <time>2026-06-28T23:07:04Z</time>
      </trkpt>
      <trkpt lat="34.45253" lon="-118.26926">
        <ele>899.65</ele>
        <time>2026-06-28T23:07:07Z</time>
      </trkpt>
      <trkpt lat="34.45253" lon="-118.2693">
        <ele>899.95</ele>
        <time>2026-06-28T23:07:11Z</time>
      </trkpt>
      <trkpt lat="34.45254" lon="-118.26934">
        <ele>900.36</ele>
        <time>2026-06-28T23:07:15Z</time>
      </trkpt>
      <trkpt lat="34.45253" lon="-118.26938">
        <ele>900.73</ele>
        <time>2026-06-28T23:07:19Z</time>
      </trkpt>
      <trkpt lat="34.45252" lon="-118.26942">
        <ele>901.11</ele>
        <time>2026-06-28T23:07:23Z</time>
      </trkpt>
      <trkpt lat="34.45252" lon="-118.26945">
        <ele>901.55</ele>
        <time>2026-06-28T23:07:27Z</time>
      </trkpt>
      <trkpt lat="34.45251" lon="-118.26948">
        <ele>901.98</ele>
        <time>2026-06-28T23:07:42Z</time>
      </trkpt>
      <trkpt lat="34.4525" lon="-118.26951">
        <ele>902.42</ele>
        <time>2026-06-28T23:07:46Z</time>
      </trkpt>
      <trkpt lat="34.45249" lon="-118.26955">
        <ele>902.82</ele>
        <time>2026-06-28T23:07:50Z</time>
      </trkpt>
      <trkpt lat="34.45249" lon="-118.26958">
        <ele>903.14</ele>
        <time>2026-06-28T23:07:54Z</time>
      </trkpt>
      <trkpt lat="34.45248" lon="-118.26962">
        <ele>903.25</ele>
        <time>2026-06-28T23:07:58Z</time>
      </trkpt>
      <trkpt lat="34.45247" lon="-118.26965">
        <ele>903.25</ele>
        <time>2026-06-28T23:08:02Z</time>
      </trkpt>
      <trkpt lat="34.45247" lon="-118.26969">
        <ele>903.68</ele>
        <time>2026-06-28T23:08:06Z</time>
      </trkpt>
      <trkpt lat="34.45246" lon="-118.26974">
        <ele>903.9</ele>
        <time>2026-06-28T23:08:09Z</time>
      </trkpt>
      <trkpt lat="34.45246" lon="-118.26978">
        <ele>904.33</ele>
        <time>2026-06-28T23:08:11Z</time>
      </trkpt>
      <trkpt lat="34.45246" lon="-118.26981">
        <ele>904.65</ele>
        <time>2026-06-28T23:08:14Z</time>
      </trkpt>
      <trkpt lat="34.45245" lon="-118.26984">
        <ele>904.51</ele>
        <time>2026-06-28T23:08:17Z</time>
      </trkpt>
      <trkpt lat="34.45245" lon="-118.26988">
        <ele>904.7</ele>
        <time>2026-06-28T23:08:20Z</time>
      </trkpt>
      <trkpt lat="34.45245" lon="-118.26991">
        <ele>904.87</ele>
        <time>2026-06-28T23:08:23Z</time>
      </trkpt>
      <trkpt lat="34.45245" lon="-118.26994">
        <ele>905.19</ele>
        <time>2026-06-28T23:08:26Z</time>
      </trkpt>
      <trkpt lat="34.45245" lon="-118.26997">
        <ele>905.52</ele>
        <time>2026-06-28T23:08:29Z</time>
      </trkpt>
      <trkpt lat="34.45244" lon="-118.27001">
        <ele>905.69</ele>
        <time>2026-06-28T23:08:33Z</time>
      </trkpt>
      <trkpt lat="34.45244" lon="-118.27004">
        <ele>906.55</ele>
        <time>2026-06-28T23:08:37Z</time>
      </trkpt>
      <trkpt lat="34.4524" lon="-118.27004">
        <ele>905.22</ele>
        <time>2026-06-28T23:08:41Z</time>
      </trkpt>
      <trkpt lat="34.45236" lon="-118.27003">
        <ele>904.46</ele>
        <time>2026-06-28T23:08:43Z</time>
      </trkpt>
      <trkpt lat="34.45233" lon="-118.27002">
        <ele>903.81</ele>
        <time>2026-06-28T23:08:46Z</time>
      </trkpt>
      <trkpt lat="34.45231" lon="-118.27001">
        <ele>903.27</ele>
        <time>2026-06-28T23:08:51Z</time>
      </trkpt>
      <trkpt lat="34.45228" lon="-118.27001">
        <ele>902.95</ele>
        <time>2026-06-28T23:08:55Z</time>
      </trkpt>
      <trkpt lat="34.45225" lon="-118.27002">
        <ele>902.95</ele>
        <time>2026-06-28T23:08:59Z</time>
      </trkpt>
      <trkpt lat="34.45222" lon="-118.27003">
        <ele>902.96</ele>
        <time>2026-06-28T23:09:04Z</time>
      </trkpt>
      <trkpt lat="34.4522" lon="-118.27005">
        <ele>903.49</ele>
        <time>2026-06-28T23:09:08Z</time>
      </trkpt>
      <trkpt lat="34.45218" lon="-118.27006">
        <ele>903.65</ele>
        <time>2026-06-28T23:09:12Z</time>
      </trkpt>
      <trkpt lat="34.45215" lon="-118.27008">
        <ele>903.92</ele>
        <time>2026-06-28T23:09:16Z</time>
      </trkpt>
      <trkpt lat="34.45213" lon="-118.2701">
        <ele>904.16</ele>
        <time>2026-06-28T23:09:20Z</time>
      </trkpt>
      <trkpt lat="34.45209" lon="-118.27012">
        <ele>903.61</ele>
        <time>2026-06-28T23:09:24Z</time>
      </trkpt>
      <trkpt lat="34.45206" lon="-118.27013">
        <ele>903.0</ele>
        <time>2026-06-28T23:09:28Z</time>
      </trkpt>
      <trkpt lat="34.45203" lon="-118.27011">
        <ele>902.19</ele>
        <time>2026-06-28T23:09:32Z</time>
      </trkpt>
      <trkpt lat="34.45201" lon="-118.27007">
        <ele>901.68</ele>
        <time>2026-06-28T23:09:35Z</time>
      </trkpt>
      <trkpt lat="34.452" lon="-118.27004">
        <ele>901.2</ele>
        <time>2026-06-28T23:09:38Z</time>
      </trkpt>
      <trkpt lat="34.45198" lon="-118.27002">
        <ele>900.73</ele>
        <time>2026-06-28T23:09:41Z</time>
      </trkpt>
      <trkpt lat="34.45196" lon="-118.26999">
        <ele>899.95</ele>
        <time>2026-06-28T23:09:45Z</time>
      </trkpt>
      <trkpt lat="34.45194" lon="-118.26997">
        <ele>899.4</ele>
        <time>2026-06-28T23:09:49Z</time>
      </trkpt>
      <trkpt lat="34.45191" lon="-118.26995">
        <ele>899.29</ele>
        <time>2026-06-28T23:09:54Z</time>
      </trkpt>
      <trkpt lat="34.45191" lon="-118.26992">
        <ele>898.64</ele>
        <time>2026-06-28T23:10:00Z</time>
      </trkpt>
      <trkpt lat="34.45189" lon="-118.26988">
        <ele>897.87</ele>
        <time>2026-06-28T23:10:07Z</time>
      </trkpt>
      <trkpt lat="34.45187" lon="-118.26986">
        <ele>897.68</ele>
        <time>2026-06-28T23:10:12Z</time>
      </trkpt>
      <trkpt lat="34.45185" lon="-118.26983">
        <ele>897.35</ele>
        <time>2026-06-28T23:10:17Z</time>
      </trkpt>
      <trkpt lat="34.45183" lon="-118.2698">
        <ele>896.76</ele>
        <time>2026-06-28T23:10:22Z</time>
      </trkpt>
      <trkpt lat="34.45181" lon="-118.26978">
        <ele>896.32</ele>
        <time>2026-06-28T23:10:26Z</time>
      </trkpt>
      <trkpt lat="34.45179" lon="-118.26976">
        <ele>895.89</ele>
        <time>2026-06-28T23:10:32Z</time>
      </trkpt>
      <trkpt lat="34.45176" lon="-118.26974">
        <ele>895.57</ele>
        <time>2026-06-28T23:10:38Z</time>
      </trkpt>
      <trkpt lat="34.45174" lon="-118.26972">
        <ele>895.16</ele>
        <time>2026-06-28T23:10:44Z</time>
      </trkpt>
      <trkpt lat="34.45171" lon="-118.26971">
        <ele>895.27</ele>
        <time>2026-06-28T23:10:49Z</time>
      </trkpt>
      <trkpt lat="34.45169" lon="-118.26969">
        <ele>895.05</ele>
        <time>2026-06-28T23:10:54Z</time>
      </trkpt>
      <trkpt lat="34.45166" lon="-118.26967">
        <ele>894.87</ele>
        <time>2026-06-28T23:10:59Z</time>
      </trkpt>
      <trkpt lat="34.45163" lon="-118.26965">
        <ele>894.44</ele>
        <time>2026-06-28T23:11:04Z</time>
      </trkpt>
      <trkpt lat="34.4516" lon="-118.26964">
        <ele>894.22</ele>
        <time>2026-06-28T23:11:07Z</time>
      </trkpt>
      <trkpt lat="34.45157" lon="-118.26963">
        <ele>894.01</ele>
        <time>2026-06-28T23:11:10Z</time>
      </trkpt>
      <trkpt lat="34.45154" lon="-118.26963">
        <ele>894.01</ele>
        <time>2026-06-28T23:11:13Z</time>
      </trkpt>
      <trkpt lat="34.45151" lon="-118.26964">
        <ele>894.22</ele>
        <time>2026-06-28T23:11:17Z</time>
      </trkpt>
      <trkpt lat="34.45148" lon="-118.26965">
        <ele>894.44</ele>
        <time>2026-06-28T23:11:21Z</time>
      </trkpt>
      <trkpt lat="34.45146" lon="-118.26966">
        <ele>894.66</ele>
        <time>2026-06-28T23:11:25Z</time>
      </trkpt>
      <trkpt lat="34.45143" lon="-118.26965">
        <ele>894.44</ele>
        <time>2026-06-28T23:11:29Z</time>
      </trkpt>
      <trkpt lat="34.4514" lon="-118.26964">
        <ele>894.22</ele>
        <time>2026-06-28T23:11:34Z</time>
      </trkpt>
      <trkpt lat="34.45138" lon="-118.26963">
        <ele>893.91</ele>
        <time>2026-06-28T23:11:39Z</time>
      </trkpt>
      <trkpt lat="34.45135" lon="-118.26962">
        <ele>893.37</ele>
        <time>2026-06-28T23:11:44Z</time>
      </trkpt>
      <trkpt lat="34.45132" lon="-118.26961">
        <ele>892.83</ele>
        <time>2026-06-28T23:11:49Z</time>
      </trkpt>
      <trkpt lat="34.45129" lon="-118.2696">
        <ele>892.27</ele>
        <time>2026-06-28T23:11:55Z</time>
      </trkpt>
      <trkpt lat="34.45127" lon="-118.2696">
        <ele>891.99</ele>
        <time>2026-06-28T23:12:00Z</time>
      </trkpt>
      <trkpt lat="34.45124" lon="-118.2696">
        <ele>891.56</ele>
        <time>2026-06-28T23:12:06Z</time>
      </trkpt>
      <trkpt lat="34.45122" lon="-118.26962">
        <ele>891.88</ele>
        <time>2026-06-28T23:12:11Z</time>
      </trkpt>
      <trkpt lat="34.4512" lon="-118.26965">
        <ele>892.11</ele>
        <time>2026-06-28T23:12:14Z</time>
      </trkpt>
      <trkpt lat="34.45118" lon="-118.26968">
        <ele>891.92</ele>
        <time>2026-06-28T23:12:18Z</time>
      </trkpt>
      <trkpt lat="34.45117" lon="-118.26971">
        <ele>892.09</ele>
        <time>2026-06-28T23:12:22Z</time>
      </trkpt>
      <trkpt lat="34.45115" lon="-118.26975">
        <ele>892.14</ele>
        <time>2026-06-28T23:12:26Z</time>
      </trkpt>
      <trkpt lat="34.45113" lon="-118.26978">
        <ele>892.03</ele>
        <time>2026-06-28T23:12:30Z</time>
      </trkpt>
      <trkpt lat="34.45111" lon="-118.26981">
        <ele>891.91</ele>
        <time>2026-06-28T23:12:33Z</time>
      </trkpt>
      <trkpt lat="34.45109" lon="-118.26984">
        <ele>891.86</ele>
        <time>2026-06-28T23:12:37Z</time>
      </trkpt>
      <trkpt lat="34.45106" lon="-118.26986">
        <ele>891.32</ele>
        <time>2026-06-28T23:12:42Z</time>
      </trkpt>
      <trkpt lat="34.45104" lon="-118.26988">
        <ele>891.1</ele>
        <time>2026-06-28T23:12:47Z</time>
      </trkpt>
      <trkpt lat="34.45105" lon="-118.26992">
        <ele>892.16</ele>
        <time>2026-06-28T23:12:53Z</time>
      </trkpt>
      <trkpt lat="34.45105" lon="-118.26995">
        <ele>892.48</ele>
        <time>2026-06-28T23:12:58Z</time>
      </trkpt>
      <trkpt lat="34.45105" lon="-118.26998">
        <ele>892.8</ele>
        <time>2026-06-28T23:13:04Z</time>
      </trkpt>
      <trkpt lat="34.45104" lon="-118.27001">
        <ele>892.94</ele>
        <time>2026-06-28T23:13:09Z</time>
      </trkpt>
      <trkpt lat="34.45102" lon="-118.27004">
        <ele>892.92</ele>
        <time>2026-06-28T23:13:14Z</time>
      </trkpt>
      <trkpt lat="34.451" lon="-118.27006">
        <ele>892.57</ele>
        <time>2026-06-28T23:13:18Z</time>
      </trkpt>
      <trkpt lat="34.45097" lon="-118.27008">
        <ele>891.7</ele>
        <time>2026-06-28T23:13:22Z</time>
      </trkpt>
      <trkpt lat="34.45095" lon="-118.27003">
        <ele>890.19</ele>
        <time>2026-06-28T23:13:25Z</time>
      </trkpt>
      <trkpt lat="34.45094" lon="-118.26998">
        <ele>888.87</ele>
        <time>2026-06-28T23:13:27Z</time>
      </trkpt>
      <trkpt lat="34.45092" lon="-118.26994">
        <ele>886.93</ele>
        <time>2026-06-28T23:13:30Z</time>
      </trkpt>
      <trkpt lat="34.4509" lon="-118.26992">
        <ele>885.85</ele>
        <time>2026-06-28T23:13:34Z</time>
      </trkpt>
      <trkpt lat="34.45088" lon="-118.26989">
        <ele>884.26</ele>
        <time>2026-06-28T23:13:38Z</time>
      </trkpt>
      <trkpt lat="34.45086" lon="-118.26987">
        <ele>882.79</ele>
        <time>2026-06-28T23:13:43Z</time>
      </trkpt>
      <trkpt lat="34.45084" lon="-118.26985">
        <ele>881.13</ele>
        <time>2026-06-28T23:13:48Z</time>
      </trkpt>
      <trkpt lat="34.45082" lon="-118.26983">
        <ele>879.94</ele>
        <time>2026-06-28T23:13:53Z</time>
      </trkpt>
      <trkpt lat="34.45079" lon="-118.26981">
        <ele>879.39</ele>
        <time>2026-06-28T23:13:59Z</time>
      </trkpt>
      <trkpt lat="34.45077" lon="-118.26979">
        <ele>879.23</ele>
        <time>2026-06-28T23:14:05Z</time>
      </trkpt>
      <trkpt lat="34.45074" lon="-118.26977">
        <ele>879.05</ele>
        <time>2026-06-28T23:14:11Z</time>
      </trkpt>
      <trkpt lat="34.45071" lon="-118.26976">
        <ele>879.62</ele>
        <time>2026-06-28T23:14:16Z</time>
      </trkpt>
      <trkpt lat="34.45069" lon="-118.26974">
        <ele>879.59</ele>
        <time>2026-06-28T23:14:21Z</time>
      </trkpt>
      <trkpt lat="34.45066" lon="-118.26973">
        <ele>879.99</ele>
        <time>2026-06-28T23:14:26Z</time>
      </trkpt>
      <trkpt lat="34.45063" lon="-118.26972">
        <ele>880.13</ele>
        <time>2026-06-28T23:14:30Z</time>
      </trkpt>
      <trkpt lat="34.4506" lon="-118.26971">
        <ele>880.19</ele>
        <time>2026-06-28T23:14:33Z</time>
      </trkpt>
      <trkpt lat="34.45057" lon="-118.2697">
        <ele>880.33</ele>
        <time>2026-06-28T23:14:37Z</time>
      </trkpt>
      <trkpt lat="34.45055" lon="-118.26968">
        <ele>880.18</ele>
        <time>2026-06-28T23:14:42Z</time>
      </trkpt>
      <trkpt lat="34.45053" lon="-118.26967">
        <ele>880.27</ele>
        <time>2026-06-28T23:14:47Z</time>
      </trkpt>
      <trkpt lat="34.4505" lon="-118.26965">
        <ele>880.17</ele>
        <time>2026-06-28T23:14:52Z</time>
      </trkpt>
      <trkpt lat="34.45047" lon="-118.26964">
        <ele>880.25</ele>
        <time>2026-06-28T23:14:56Z</time>
      </trkpt>
      <trkpt lat="34.45044" lon="-118.26962">
        <ele>879.69</ele>
        <time>2026-06-28T23:15:00Z</time>
      </trkpt>
      <trkpt lat="34.45042" lon="-118.26961">
        <ele>879.36</ele>
        <time>2026-06-28T23:15:04Z</time>
      </trkpt>
      <trkpt lat="34.45039" lon="-118.2696">
        <ele>879.04</ele>
        <time>2026-06-28T23:15:08Z</time>
      </trkpt>
      <trkpt lat="34.45036" lon="-118.26959">
        <ele>878.72</ele>
        <time>2026-06-28T23:15:12Z</time>
      </trkpt>
      <trkpt lat="34.45034" lon="-118.26957">
        <ele>878.07</ele>
        <time>2026-06-28T23:15:16Z</time>
      </trkpt>
      <trkpt lat="34.45031" lon="-118.26956">
        <ele>877.74</ele>
        <time>2026-06-28T23:15:20Z</time>
      </trkpt>
      <trkpt lat="34.45028" lon="-118.26955">
        <ele>877.42</ele>
        <time>2026-06-28T23:15:24Z</time>
      </trkpt>
      <trkpt lat="34.45026" lon="-118.26954">
        <ele>877.09</ele>
        <time>2026-06-28T23:15:28Z</time>
      </trkpt>
      <trkpt lat="34.45023" lon="-118.26952">
        <ele>876.54</ele>
        <time>2026-06-28T23:15:32Z</time>
      </trkpt>
      <trkpt lat="34.4502" lon="-118.26951">
        <ele>876.17</ele>
        <time>2026-06-28T23:15:36Z</time>
      </trkpt>
      <trkpt lat="34.45017" lon="-118.2695">
        <ele>875.54</ele>
        <time>2026-06-28T23:15:40Z</time>
      </trkpt>
      <trkpt lat="34.45014" lon="-118.26949">
        <ele>874.75</ele>
        <time>2026-06-28T23:15:44Z</time>
      </trkpt>
      <trkpt lat="34.45011" lon="-118.26952">
        <ele>874.97</ele>
        <time>2026-06-28T23:15:47Z</time>
      </trkpt>
      <trkpt lat="34.45008" lon="-118.26954">
        <ele>874.82</ele>
        <time>2026-06-28T23:15:49Z</time>
      </trkpt>
      <trkpt lat="34.45005" lon="-118.26956">
        <ele>874.71</ele>
        <time>2026-06-28T23:15:52Z</time>
      </trkpt>
      <trkpt lat="34.45002" lon="-118.26955">
        <ele>873.74</ele>
        <time>2026-06-28T23:15:59Z</time>
      </trkpt>
      <trkpt lat="34.44999" lon="-118.26957">
        <ele>873.46</ele>
        <time>2026-06-28T23:16:03Z</time>
      </trkpt>
      <trkpt lat="34.44996" lon="-118.26957">
        <ele>872.69</ele>
        <time>2026-06-28T23:16:09Z</time>
      </trkpt>
      <trkpt lat="34.44993" lon="-118.26957">
        <ele>871.93</ele>
        <time>2026-06-28T23:16:19Z</time>
      </trkpt>
      <trkpt lat="34.44991" lon="-118.2696">
        <ele>871.76</ele>
        <time>2026-06-28T23:16:25Z</time>
      </trkpt>
      <trkpt lat="34.4499" lon="-118.26963">
        <ele>871.76</ele>
        <time>2026-06-28T23:16:28Z</time>
      </trkpt>
      <trkpt lat="34.44988" lon="-118.26966">
        <ele>871.44</ele>
        <time>2026-06-28T23:16:32Z</time>
      </trkpt>
      <trkpt lat="34.44986" lon="-118.26969">
        <ele>871.12</ele>
        <time>2026-06-28T23:16:36Z</time>
      </trkpt>
      <trkpt lat="34.44984" lon="-118.26972">
        <ele>870.79</ele>
        <time>2026-06-28T23:16:39Z</time>
      </trkpt>
      <trkpt lat="34.44982" lon="-118.26976">
        <ele>870.19</ele>
        <time>2026-06-28T23:16:43Z</time>
      </trkpt>
      <trkpt lat="34.44981" lon="-118.26979">
        <ele>869.75</ele>
        <time>2026-06-28T23:16:47Z</time>
      </trkpt>
      <trkpt lat="34.44979" lon="-118.26983">
        <ele>868.66</ele>
        <time>2026-06-28T23:16:51Z</time>
      </trkpt>
      <trkpt lat="34.44978" lon="-118.26987">
        <ele>868.12</ele>
        <time>2026-06-28T23:16:55Z</time>
      </trkpt>
      <trkpt lat="34.44977" lon="-118.2699">
        <ele>867.58</ele>
        <time>2026-06-28T23:16:58Z</time>
      </trkpt>
      <trkpt lat="34.44976" lon="-118.26993">
        <ele>866.94</ele>
        <time>2026-06-28T23:17:01Z</time>
      </trkpt>
      <trkpt lat="34.44976" lon="-118.26996">
        <ele>866.81</ele>
        <time>2026-06-28T23:17:04Z</time>
      </trkpt>
      <trkpt lat="34.44976" lon="-118.27001">
        <ele>866.8</ele>
        <time>2026-06-28T23:17:08Z</time>
      </trkpt>
      <trkpt lat="34.44974" lon="-118.27004">
        <ele>866.55</ele>
        <time>2026-06-28T23:17:12Z</time>
      </trkpt>
      <trkpt lat="34.44972" lon="-118.27007">
        <ele>866.43</ele>
        <time>2026-06-28T23:17:16Z</time>
      </trkpt>
      <trkpt lat="34.44971" lon="-118.27003">
        <ele>865.16</ele>
        <time>2026-06-28T23:17:20Z</time>
      </trkpt>
      <trkpt lat="34.44971" lon="-118.26999">
        <ele>864.46</ele>
        <time>2026-06-28T23:17:30Z</time>
      </trkpt>
      <trkpt lat="34.44967" lon="-118.27003">
        <ele>863.57</ele>
        <time>2026-06-28T23:19:24Z</time>
      </trkpt>
      <trkpt lat="34.44962" lon="-118.27004">
        <ele>861.97</ele>
        <time>2026-06-28T23:19:27Z</time>
      </trkpt>
      <trkpt lat="34.44958" lon="-118.27005">
        <ele>861.05</ele>
        <time>2026-06-28T23:19:30Z</time>
      </trkpt>
      <trkpt lat="34.44955" lon="-118.27008">
        <ele>861.64</ele>
        <time>2026-06-28T23:19:33Z</time>
      </trkpt>
      <trkpt lat="34.44954" lon="-118.27012">
        <ele>863.24</ele>
        <time>2026-06-28T23:19:35Z</time>
      </trkpt>
      <trkpt lat="34.44952" lon="-118.27016">
        <ele>864.54</ele>
        <time>2026-06-28T23:19:37Z</time>
      </trkpt>
      <trkpt lat="34.4495" lon="-118.2702">
        <ele>865.52</ele>
        <time>2026-06-28T23:19:40Z</time>
      </trkpt>
      <trkpt lat="34.44947" lon="-118.27022">
        <ele>865.3</ele>
        <time>2026-06-28T23:19:44Z</time>
      </trkpt>
      <trkpt lat="34.44944" lon="-118.27023">
        <ele>864.82</ele>
        <time>2026-06-28T23:19:48Z</time>
      </trkpt>
      <trkpt lat="34.44941" lon="-118.27023">
        <ele>863.85</ele>
        <time>2026-06-28T23:19:52Z</time>
      </trkpt>
      <trkpt lat="34.44938" lon="-118.27024">
        <ele>863.1</ele>
        <time>2026-06-28T23:19:56Z</time>
      </trkpt>
      <trkpt lat="34.44935" lon="-118.27025">
        <ele>862.31</ele>
        <time>2026-06-28T23:20:00Z</time>
      </trkpt>
      <trkpt lat="34.44932" lon="-118.27027">
        <ele>861.17</ele>
        <time>2026-06-28T23:20:04Z</time>
      </trkpt>
      <trkpt lat="34.4493" lon="-118.2703">
        <ele>860.07</ele>
        <time>2026-06-28T23:20:08Z</time>
      </trkpt>
      <trkpt lat="34.44927" lon="-118.27032">
        <ele>858.18</ele>
        <time>2026-06-28T23:20:12Z</time>
      </trkpt>
      <trkpt lat="34.44925" lon="-118.27034">
        <ele>857.06</ele>
        <time>2026-06-28T23:20:16Z</time>
      </trkpt>
      <trkpt lat="34.44923" lon="-118.27038">
        <ele>855.88</ele>
        <time>2026-06-28T23:20:20Z</time>
      </trkpt>
      <trkpt lat="34.44927" lon="-118.27042">
        <ele>857.1</ele>
        <time>2026-06-28T23:20:23Z</time>
      </trkpt>
      <trkpt lat="34.4493" lon="-118.27045">
        <ele>858.4</ele>
        <time>2026-06-28T23:20:25Z</time>
      </trkpt>
      <trkpt lat="34.44931" lon="-118.27049">
        <ele>857.86</ele>
        <time>2026-06-28T23:20:28Z</time>
      </trkpt>
      <trkpt lat="34.44932" lon="-118.27052">
        <ele>857.43</ele>
        <time>2026-06-28T23:20:33Z</time>
      </trkpt>
      <trkpt lat="34.44932" lon="-118.27055">
        <ele>856.46</ele>
        <time>2026-06-28T23:20:45Z</time>
      </trkpt>
      <trkpt lat="34.44934" lon="-118.27058">
        <ele>856.64</ele>
        <time>2026-06-28T23:20:50Z</time>
      </trkpt>
      <trkpt lat="34.44935" lon="-118.27061">
        <ele>856.16</ele>
        <time>2026-06-28T23:20:55Z</time>
      </trkpt>
      <trkpt lat="34.44935" lon="-118.27064">
        <ele>855.2</ele>
        <time>2026-06-28T23:20:59Z</time>
      </trkpt>
      <trkpt lat="34.44933" lon="-118.27066">
        <ele>854.29</ele>
        <time>2026-06-28T23:21:02Z</time>
      </trkpt>
      <trkpt lat="34.44931" lon="-118.27069">
        <ele>853.64</ele>
        <time>2026-06-28T23:21:06Z</time>
      </trkpt>
      <trkpt lat="34.44929" lon="-118.27072">
        <ele>853.0</ele>
        <time>2026-06-28T23:21:11Z</time>
      </trkpt>
      <trkpt lat="34.44928" lon="-118.27074">
        <ele>852.67</ele>
        <time>2026-06-28T23:21:16Z</time>
      </trkpt>
      <trkpt lat="34.44926" lon="-118.27078">
        <ele>852.45</ele>
        <time>2026-06-28T23:21:21Z</time>
      </trkpt>
      <trkpt lat="34.44925" lon="-118.27081">
        <ele>852.55</ele>
        <time>2026-06-28T23:21:26Z</time>
      </trkpt>
      <trkpt lat="34.44923" lon="-118.27084">
        <ele>852.99</ele>
        <time>2026-06-28T23:21:31Z</time>
      </trkpt>
      <trkpt lat="34.44922" lon="-118.27087">
        <ele>854.33</ele>
        <time>2026-06-28T23:21:36Z</time>
      </trkpt>
      <trkpt lat="34.44919" lon="-118.27089">
        <ele>855.16</ele>
        <time>2026-06-28T23:21:41Z</time>
      </trkpt>
      <trkpt lat="34.44917" lon="-118.27086">
        <ele>853.47</ele>
        <time>2026-06-28T23:21:45Z</time>
      </trkpt>
      <trkpt lat="34.44915" lon="-118.27084">
        <ele>852.19</ele>
        <time>2026-06-28T23:21:49Z</time>
      </trkpt>
      <trkpt lat="34.44911" lon="-118.27083">
        <ele>851.19</ele>
        <time>2026-06-28T23:21:52Z</time>
      </trkpt>
      <trkpt lat="34.44908" lon="-118.27083">
        <ele>850.85</ele>
        <time>2026-06-28T23:21:55Z</time>
      </trkpt>
      <trkpt lat="34.44905" lon="-118.27082">
        <ele>849.88</ele>
        <time>2026-06-28T23:21:59Z</time>
      </trkpt>
      <trkpt lat="34.44902" lon="-118.27082">
        <ele>849.55</ele>
        <time>2026-06-28T23:22:03Z</time>
      </trkpt>
      <trkpt lat="34.44899" lon="-118.27081">
        <ele>848.58</ele>
        <time>2026-06-28T23:22:07Z</time>
      </trkpt>
      <trkpt lat="34.44896" lon="-118.27081">
        <ele>847.85</ele>
        <time>2026-06-28T23:22:12Z</time>
      </trkpt>
      <trkpt lat="34.44893" lon="-118.27081">
        <ele>846.96</ele>
        <time>2026-06-28T23:22:17Z</time>
      </trkpt>
      <trkpt lat="34.4489" lon="-118.27083">
        <ele>847.18</ele>
        <time>2026-06-28T23:22:21Z</time>
      </trkpt>
      <trkpt lat="34.44887" lon="-118.27086">
        <ele>847.57</ele>
        <time>2026-06-28T23:22:24Z</time>
      </trkpt>
      <trkpt lat="34.44885" lon="-118.27088">
        <ele>847.63</ele>
        <time>2026-06-28T23:22:27Z</time>
      </trkpt>
      <trkpt lat="34.44882" lon="-118.27091">
        <ele>847.55</ele>
        <time>2026-06-28T23:22:31Z</time>
      </trkpt>
      <trkpt lat="34.4488" lon="-118.27093">
        <ele>847.42</ele>
        <time>2026-06-28T23:22:35Z</time>
      </trkpt>
      <trkpt lat="34.44878" lon="-118.27095">
        <ele>847.47</ele>
        <time>2026-06-28T23:22:39Z</time>
      </trkpt>
      <trkpt lat="34.44876" lon="-118.27098">
        <ele>848.19</ele>
        <time>2026-06-28T23:22:43Z</time>
      </trkpt>
      <trkpt lat="34.44873" lon="-118.27099">
        <ele>847.38</ele>
        <time>2026-06-28T23:22:48Z</time>
      </trkpt>
      <trkpt lat="34.44871" lon="-118.27096">
        <ele>844.52</ele>
        <time>2026-06-28T23:22:52Z</time>
      </trkpt>
      <trkpt lat="34.44868" lon="-118.27095">
        <ele>843.3</ele>
        <time>2026-06-28T23:22:57Z</time>
      </trkpt>
      <trkpt lat="34.44865" lon="-118.27096">
        <ele>843.63</ele>
        <time>2026-06-28T23:23:02Z</time>
      </trkpt>
      <trkpt lat="34.44861" lon="-118.27096">
        <ele>843.17</ele>
        <time>2026-06-28T23:23:07Z</time>
      </trkpt>
      <trkpt lat="34.44858" lon="-118.27097">
        <ele>842.85</ele>
        <time>2026-06-28T23:23:12Z</time>
      </trkpt>
      <trkpt lat="34.44855" lon="-118.27097">
        <ele>841.88</ele>
        <time>2026-06-28T23:23:17Z</time>
      </trkpt>
      <trkpt lat="34.44852" lon="-118.27098">
        <ele>841.55</ele>
        <time>2026-06-28T23:23:22Z</time>
      </trkpt>
      <trkpt lat="34.4485" lon="-118.271">
        <ele>842.0</ele>
        <time>2026-06-28T23:23:27Z</time>
      </trkpt>
      <trkpt lat="34.44847" lon="-118.27102">
        <ele>841.97</ele>
        <time>2026-06-28T23:23:32Z</time>
      </trkpt>
      <trkpt lat="34.44844" lon="-118.27103">
        <ele>841.1</ele>
        <time>2026-06-28T23:23:37Z</time>
      </trkpt>
      <trkpt lat="34.44842" lon="-118.27106">
        <ele>841.76</ele>
        <time>2026-06-28T23:23:40Z</time>
      </trkpt>
      <trkpt lat="34.4484" lon="-118.27108">
        <ele>842.56</ele>
        <time>2026-06-28T23:23:44Z</time>
      </trkpt>
      <trkpt lat="34.44837" lon="-118.27106">
        <ele>841.46</ele>
        <time>2026-06-28T23:23:48Z</time>
      </trkpt>
      <trkpt lat="34.44835" lon="-118.27104">
        <ele>840.3</ele>
        <time>2026-06-28T23:23:52Z</time>
      </trkpt>
      <trkpt lat="34.44833" lon="-118.27102">
        <ele>839.12</ele>
        <time>2026-06-28T23:23:56Z</time>
      </trkpt>
      <trkpt lat="34.4483" lon="-118.271">
        <ele>838.23</ele>
        <time>2026-06-28T23:24:00Z</time>
      </trkpt>
      <trkpt lat="34.44829" lon="-118.27097">
        <ele>836.57</ele>
        <time>2026-06-28T23:24:04Z</time>
      </trkpt>
      <trkpt lat="34.44829" lon="-118.27094">
        <ele>834.78</ele>
        <time>2026-06-28T23:24:12Z</time>
      </trkpt>
      <trkpt lat="34.44827" lon="-118.27092">
        <ele>833.92</ele>
        <time>2026-06-28T23:24:18Z</time>
      </trkpt>
      <trkpt lat="34.44824" lon="-118.27091">
        <ele>833.79</ele>
        <time>2026-06-28T23:24:23Z</time>
      </trkpt>
      <trkpt lat="34.44822" lon="-118.27092">
        <ele>834.33</ele>
        <time>2026-06-28T23:24:27Z</time>
      </trkpt>
      <trkpt lat="34.44819" lon="-118.27094">
        <ele>835.3</ele>
        <time>2026-06-28T23:24:30Z</time>
      </trkpt>
      <trkpt lat="34.44816" lon="-118.27095">
        <ele>835.65</ele>
        <time>2026-06-28T23:24:34Z</time>
      </trkpt>
      <trkpt lat="34.44814" lon="-118.27095">
        <ele>835.38</ele>
        <time>2026-06-28T23:24:38Z</time>
      </trkpt>
      <trkpt lat="34.44811" lon="-118.27096">
        <ele>835.38</ele>
        <time>2026-06-28T23:24:42Z</time>
      </trkpt>
      <trkpt lat="34.44808" lon="-118.27096">
        <ele>834.74</ele>
        <time>2026-06-28T23:24:46Z</time>
      </trkpt>
      <trkpt lat="34.44805" lon="-118.27096">
        <ele>834.07</ele>
        <time>2026-06-28T23:24:50Z</time>
      </trkpt>
      <trkpt lat="34.44801" lon="-118.27096">
        <ele>833.04</ele>
        <time>2026-06-28T23:24:54Z</time>
      </trkpt>
      <trkpt lat="34.44798" lon="-118.27096">
        <ele>832.28</ele>
        <time>2026-06-28T23:24:58Z</time>
      </trkpt>
      <trkpt lat="34.44795" lon="-118.27097">
        <ele>832.03</ele>
        <time>2026-06-28T23:25:02Z</time>
      </trkpt>
      <trkpt lat="34.44792" lon="-118.27097">
        <ele>831.21</ele>
        <time>2026-06-28T23:25:06Z</time>
      </trkpt>
      <trkpt lat="34.44789" lon="-118.27097">
        <ele>830.39</ele>
        <time>2026-06-28T23:25:10Z</time>
      </trkpt>
      <trkpt lat="34.44786" lon="-118.27098">
        <ele>830.21</ele>
        <time>2026-06-28T23:25:14Z</time>
      </trkpt>
      <trkpt lat="34.44783" lon="-118.27098">
        <ele>829.38</ele>
        <time>2026-06-28T23:25:18Z</time>
      </trkpt>
      <trkpt lat="34.44781" lon="-118.27099">
        <ele>829.4</ele>
        <time>2026-06-28T23:25:22Z</time>
      </trkpt>
      <trkpt lat="34.44778" lon="-118.27099">
        <ele>828.52</ele>
        <time>2026-06-28T23:25:26Z</time>
      </trkpt>
      <trkpt lat="34.44775" lon="-118.271">
        <ele>828.16</ele>
        <time>2026-06-28T23:25:30Z</time>
      </trkpt>
      <trkpt lat="34.44773" lon="-118.271">
        <ele>827.56</ele>
        <time>2026-06-28T23:25:34Z</time>
      </trkpt>
      <trkpt lat="34.4477" lon="-118.27101">
        <ele>827.1</ele>
        <time>2026-06-28T23:25:39Z</time>
      </trkpt>
      <trkpt lat="34.44766" lon="-118.27102">
        <ele>826.24</ele>
        <time>2026-06-28T23:25:44Z</time>
      </trkpt>
      <trkpt lat="34.44763" lon="-118.27103">
        <ele>825.63</ele>
        <time>2026-06-28T23:25:49Z</time>
      </trkpt>
      <trkpt lat="34.44761" lon="-118.27107">
        <ele>826.34</ele>
        <time>2026-06-28T23:25:53Z</time>
      </trkpt>
      <trkpt lat="34.4476" lon="-118.27111">
        <ele>827.28</ele>
        <time>2026-06-28T23:25:55Z</time>
      </trkpt>
      <trkpt lat="34.44758" lon="-118.27114">
        <ele>826.94</ele>
        <time>2026-06-28T23:25:58Z</time>
      </trkpt>
      <trkpt lat="34.44755" lon="-118.27117">
        <ele>825.97</ele>
        <time>2026-06-28T23:26:02Z</time>
      </trkpt>
      <trkpt lat="34.44752" lon="-118.27119">
        <ele>824.78</ele>
        <time>2026-06-28T23:26:06Z</time>
      </trkpt>
      <trkpt lat="34.4475" lon="-118.27121">
        <ele>824.14</ele>
        <time>2026-06-28T23:26:10Z</time>
      </trkpt>
      <trkpt lat="34.44747" lon="-118.27124">
        <ele>823.62</ele>
        <time>2026-06-28T23:26:14Z</time>
      </trkpt>
      <trkpt lat="34.44745" lon="-118.27127">
        <ele>823.66</ele>
        <time>2026-06-28T23:26:18Z</time>
      </trkpt>
      <trkpt lat="34.44745" lon="-118.2713">
        <ele>824.46</ele>
        <time>2026-06-28T23:26:22Z</time>
      </trkpt>
      <trkpt lat="34.44744" lon="-118.27134">
        <ele>825.0</ele>
        <time>2026-06-28T23:26:26Z</time>
      </trkpt>
      <trkpt lat="34.44743" lon="-118.27137">
        <ele>825.32</ele>
        <time>2026-06-28T23:26:30Z</time>
      </trkpt>
      <trkpt lat="34.44742" lon="-118.27141">
        <ele>825.9</ele>
        <time>2026-06-28T23:26:34Z</time>
      </trkpt>
      <trkpt lat="34.44741" lon="-118.27145">
        <ele>826.42</ele>
        <time>2026-06-28T23:26:38Z</time>
      </trkpt>
      <trkpt lat="34.4474" lon="-118.27148">
        <ele>826.65</ele>
        <time>2026-06-28T23:26:42Z</time>
      </trkpt>
      <trkpt lat="34.4474" lon="-118.27151">
        <ele>826.68</ele>
        <time>2026-06-28T23:26:46Z</time>
      </trkpt>
      <trkpt lat="34.4474" lon="-118.27155">
        <ele>826.68</ele>
        <time>2026-06-28T23:26:50Z</time>
      </trkpt>
      <trkpt lat="34.4474" lon="-118.27159">
        <ele>826.67</ele>
        <time>2026-06-28T23:26:54Z</time>
      </trkpt>
      <trkpt lat="34.4474" lon="-118.27163">
        <ele>826.63</ele>
        <time>2026-06-28T23:26:58Z</time>
      </trkpt>
      <trkpt lat="34.44741" lon="-118.27168">
        <ele>827.0</ele>
        <time>2026-06-28T23:27:02Z</time>
      </trkpt>
      <trkpt lat="34.44741" lon="-118.27172">
        <ele>826.56</ele>
        <time>2026-06-28T23:27:05Z</time>
      </trkpt>
      <trkpt lat="34.44741" lon="-118.27176">
        <ele>826.12</ele>
        <time>2026-06-28T23:27:08Z</time>
      </trkpt>
      <trkpt lat="34.44741" lon="-118.2718">
        <ele>825.26</ele>
        <time>2026-06-28T23:27:12Z</time>
      </trkpt>
      <trkpt lat="34.44741" lon="-118.27184">
        <ele>824.4</ele>
        <time>2026-06-28T23:27:15Z</time>
      </trkpt>
      <trkpt lat="34.44741" lon="-118.27187">
        <ele>823.94</ele>
        <time>2026-06-28T23:27:18Z</time>
      </trkpt>
      <trkpt lat="34.44741" lon="-118.27191">
        <ele>823.49</ele>
        <time>2026-06-28T23:27:22Z</time>
      </trkpt>
      <trkpt lat="34.44741" lon="-118.27195">
        <ele>822.99</ele>
        <time>2026-06-28T23:27:27Z</time>
      </trkpt>
      <trkpt lat="34.44744" lon="-118.27196">
        <ele>824.07</ele>
        <time>2026-06-28T23:27:33Z</time>
      </trkpt>
      <trkpt lat="34.44745" lon="-118.27199">
        <ele>823.86</ele>
        <time>2026-06-28T23:27:39Z</time>
      </trkpt>
      <trkpt lat="34.44746" lon="-118.27203">
        <ele>823.42</ele>
        <time>2026-06-28T23:27:44Z</time>
      </trkpt>
      <trkpt lat="34.44748" lon="-118.27206">
        <ele>823.89</ele>
        <time>2026-06-28T23:27:48Z</time>
      </trkpt>
      <trkpt lat="34.4475" lon="-118.27208">
        <ele>824.54</ele>
        <time>2026-06-28T23:27:52Z</time>
      </trkpt>
      <trkpt lat="34.44751" lon="-118.27211">
        <ele>824.64</ele>
        <time>2026-06-28T23:27:57Z</time>
      </trkpt>
      <trkpt lat="34.44753" lon="-118.27213">
        <ele>825.3</ele>
        <time>2026-06-28T23:28:02Z</time>
      </trkpt>
      <trkpt lat="34.44754" lon="-118.27217">
        <ele>825.98</ele>
        <time>2026-06-28T23:28:06Z</time>
      </trkpt>
      <trkpt lat="34.44754" lon="-118.2722">
        <ele>826.16</ele>
        <time>2026-06-28T23:28:10Z</time>
      </trkpt>
      <trkpt lat="34.44753" lon="-118.27224">
        <ele>826.1</ele>
        <time>2026-06-28T23:28:15Z</time>
      </trkpt>
      <trkpt lat="34.44751" lon="-118.27226">
        <ele>825.69</ele>
        <time>2026-06-28T23:28:18Z</time>
      </trkpt>
      <trkpt lat="34.44749" lon="-118.27227">
        <ele>825.14</ele>
        <time>2026-06-28T23:28:22Z</time>
      </trkpt>
      <trkpt lat="34.44746" lon="-118.27225">
        <ele>823.7</ele>
        <time>2026-06-28T23:28:26Z</time>
      </trkpt>
      <trkpt lat="34.44744" lon="-118.27223">
        <ele>822.55</ele>
        <time>2026-06-28T23:28:30Z</time>
      </trkpt>
      <trkpt lat="34.44741" lon="-118.27223">
        <ele>821.28</ele>
        <time>2026-06-28T23:28:35Z</time>
      </trkpt>
      <trkpt lat="34.44738" lon="-118.27222">
        <ele>820.38</ele>
        <time>2026-06-28T23:28:40Z</time>
      </trkpt>
      <trkpt lat="34.44735" lon="-118.27222">
        <ele>819.72</ele>
        <time>2026-06-28T23:28:45Z</time>
      </trkpt>
      <trkpt lat="34.44732" lon="-118.27222">
        <ele>819.07</ele>
        <time>2026-06-28T23:28:49Z</time>
      </trkpt>
      <trkpt lat="34.44729" lon="-118.27222">
        <ele>819.21</ele>
        <time>2026-06-28T23:28:53Z</time>
      </trkpt>
      <trkpt lat="34.44726" lon="-118.27222">
        <ele>819.52</ele>
        <time>2026-06-28T23:28:57Z</time>
      </trkpt>
      <trkpt lat="34.44723" lon="-118.27222">
        <ele>819.82</ele>
        <time>2026-06-28T23:29:01Z</time>
      </trkpt>
      <trkpt lat="34.44721" lon="-118.27222">
        <ele>820.04</ele>
        <time>2026-06-28T23:29:05Z</time>
      </trkpt>
      <trkpt lat="34.44717" lon="-118.27221">
        <ele>820.04</ele>
        <time>2026-06-28T23:29:10Z</time>
      </trkpt>
      <trkpt lat="34.44715" lon="-118.27221">
        <ele>820.25</ele>
        <time>2026-06-28T23:29:14Z</time>
      </trkpt>
      <trkpt lat="34.44712" lon="-118.2722">
        <ele>820.12</ele>
        <time>2026-06-28T23:29:18Z</time>
      </trkpt>
      <trkpt lat="34.44709" lon="-118.2722">
        <ele>820.37</ele>
        <time>2026-06-28T23:29:22Z</time>
      </trkpt>
      <trkpt lat="34.44706" lon="-118.27219">
        <ele>820.1</ele>
        <time>2026-06-28T23:29:26Z</time>
      </trkpt>
      <trkpt lat="34.44704" lon="-118.27219">
        <ele>820.24</ele>
        <time>2026-06-28T23:29:29Z</time>
      </trkpt>
      <trkpt lat="34.447" lon="-118.27219">
        <ele>820.4</ele>
        <time>2026-06-28T23:29:32Z</time>
      </trkpt>
      <trkpt lat="34.44697" lon="-118.27218">
        <ele>820.05</ele>
        <time>2026-06-28T23:29:35Z</time>
      </trkpt>
      <trkpt lat="34.44693" lon="-118.27218">
        <ele>820.09</ele>
        <time>2026-06-28T23:29:38Z</time>
      </trkpt>
      <trkpt lat="34.4469" lon="-118.27217">
        <ele>819.53</ele>
        <time>2026-06-28T23:29:41Z</time>
      </trkpt>
      <trkpt lat="34.44687" lon="-118.27217">
        <ele>819.39</ele>
        <time>2026-06-28T23:29:44Z</time>
      </trkpt>
      <trkpt lat="34.44684" lon="-118.27216">
        <ele>818.81</ele>
        <time>2026-06-28T23:29:48Z</time>
      </trkpt>
      <trkpt lat="34.44681" lon="-118.27215">
        <ele>818.11</ele>
        <time>2026-06-28T23:29:52Z</time>
      </trkpt>
      <trkpt lat="34.44678" lon="-118.27213">
        <ele>817.23</ele>
        <time>2026-06-28T23:29:55Z</time>
      </trkpt>
      <trkpt lat="34.44676" lon="-118.27211">
        <ele>816.37</ele>
        <time>2026-06-28T23:29:58Z</time>
      </trkpt>
      <trkpt lat="34.44673" lon="-118.27209">
        <ele>815.08</ele>
        <time>2026-06-28T23:30:01Z</time>
      </trkpt>
      <trkpt lat="34.44671" lon="-118.27208">
        <ele>814.33</ele>
        <time>2026-06-28T23:30:04Z</time>
      </trkpt>
      <trkpt lat="34.44668" lon="-118.27206">
        <ele>813.03</ele>
        <time>2026-06-28T23:30:08Z</time>
      </trkpt>
      <trkpt lat="34.44665" lon="-118.27205">
        <ele>812.19</ele>
        <time>2026-06-28T23:30:12Z</time>
      </trkpt>
      <trkpt lat="34.44663" lon="-118.27203">
        <ele>811.41</ele>
        <time>2026-06-28T23:30:16Z</time>
      </trkpt>
      <trkpt lat="34.4466" lon="-118.27202">
        <ele>810.86</ele>
        <time>2026-06-28T23:30:20Z</time>
      </trkpt>
      <trkpt lat="34.44657" lon="-118.27201">
        <ele>810.34</ele>
        <time>2026-06-28T23:30:24Z</time>
      </trkpt>
      <trkpt lat="34.44654" lon="-118.272">
        <ele>809.61</ele>
        <time>2026-06-28T23:30:28Z</time>
      </trkpt>
      <trkpt lat="34.44652" lon="-118.27201">
        <ele>809.42</ele>
        <time>2026-06-28T23:30:57Z</time>
      </trkpt>
      <trkpt lat="34.4465" lon="-118.27203">
        <ele>809.31</ele>
        <time>2026-06-28T23:31:20Z</time>
      </trkpt>
      <trkpt lat="34.44647" lon="-118.27205">
        <ele>809.11</ele>
        <time>2026-06-28T23:31:27Z</time>
      </trkpt>
      <trkpt lat="34.44644" lon="-118.27206">
        <ele>809.03</ele>
        <time>2026-06-28T23:31:30Z</time>
      </trkpt>
      <trkpt lat="34.44644" lon="-118.27209">
        <ele>809.06</ele>
        <time>2026-06-28T23:31:33Z</time>
      </trkpt>
      <trkpt lat="34.44644" lon="-118.27214">
        <ele>808.99</ele>
        <time>2026-06-28T23:31:36Z</time>
      </trkpt>
      <trkpt lat="34.44645" lon="-118.27217">
        <ele>808.88</ele>
        <time>2026-06-28T23:31:39Z</time>
      </trkpt>
      <trkpt lat="34.44646" lon="-118.2722">
        <ele>808.78</ele>
        <time>2026-06-28T23:31:42Z</time>
      </trkpt>
      <trkpt lat="34.44647" lon="-118.27224">
        <ele>808.7</ele>
        <time>2026-06-28T23:31:45Z</time>
      </trkpt>
      <trkpt lat="34.44648" lon="-118.27227">
        <ele>808.95</ele>
        <time>2026-06-28T23:31:48Z</time>
      </trkpt>
      <trkpt lat="34.4465" lon="-118.2723">
        <ele>809.63</ele>
        <time>2026-06-28T23:31:52Z</time>
      </trkpt>
      <trkpt lat="34.44651" lon="-118.27233">
        <ele>809.6</ele>
        <time>2026-06-28T23:31:55Z</time>
      </trkpt>
      <trkpt lat="34.44653" lon="-118.27237">
        <ele>809.38</ele>
        <time>2026-06-28T23:31:59Z</time>
      </trkpt>
      <trkpt lat="34.44654" lon="-118.27241">
        <ele>808.86</ele>
        <time>2026-06-28T23:32:03Z</time>
      </trkpt>
      <trkpt lat="34.44655" lon="-118.27244">
        <ele>808.78</ele>
        <time>2026-06-28T23:32:07Z</time>
      </trkpt>
      <trkpt lat="34.44656" lon="-118.27247">
        <ele>808.77</ele>
        <time>2026-06-28T23:32:11Z</time>
      </trkpt>
      <trkpt lat="34.44657" lon="-118.27251">
        <ele>808.93</ele>
        <time>2026-06-28T23:32:15Z</time>
      </trkpt>
      <trkpt lat="34.44655" lon="-118.27254">
        <ele>808.39</ele>
        <time>2026-06-28T23:32:19Z</time>
      </trkpt>
      <trkpt lat="34.44654" lon="-118.27257">
        <ele>808.28</ele>
        <time>2026-06-28T23:32:23Z</time>
      </trkpt>
      <trkpt lat="34.44654" lon="-118.27261">
        <ele>808.72</ele>
        <time>2026-06-28T23:32:28Z</time>
      </trkpt>
      <trkpt lat="34.44653" lon="-118.27265">
        <ele>808.72</ele>
        <time>2026-06-28T23:32:32Z</time>
      </trkpt>
      <trkpt lat="34.44652" lon="-118.27268">
        <ele>808.61</ele>
        <time>2026-06-28T23:32:36Z</time>
      </trkpt>
      <trkpt lat="34.4465" lon="-118.27271">
        <ele>808.07</ele>
        <time>2026-06-28T23:32:40Z</time>
      </trkpt>
      <trkpt lat="34.44649" lon="-118.27274">
        <ele>807.96</ele>
        <time>2026-06-28T23:32:44Z</time>
      </trkpt>
      <trkpt lat="34.44647" lon="-118.27277">
        <ele>807.43</ele>
        <time>2026-06-28T23:32:48Z</time>
      </trkpt>
      <trkpt lat="34.44645" lon="-118.27281">
        <ele>806.76</ele>
        <time>2026-06-28T23:32:52Z</time>
      </trkpt>
      <trkpt lat="34.44643" lon="-118.27284">
        <ele>806.15</ele>
        <time>2026-06-28T23:32:56Z</time>
      </trkpt>
      <trkpt lat="34.44641" lon="-118.27287">
        <ele>805.68</ele>
        <time>2026-06-28T23:33:00Z</time>
      </trkpt>
      <trkpt lat="34.4464" lon="-118.2729">
        <ele>805.32</ele>
        <time>2026-06-28T23:33:04Z</time>
      </trkpt>
      <trkpt lat="34.44638" lon="-118.27293">
        <ele>804.52</ele>
        <time>2026-06-28T23:33:08Z</time>
      </trkpt>
      <trkpt lat="34.44638" lon="-118.27296">
        <ele>804.52</ele>
        <time>2026-06-28T23:33:12Z</time>
      </trkpt>
      <trkpt lat="34.44639" lon="-118.273">
        <ele>803.82</ele>
        <time>2026-06-28T23:33:16Z</time>
      </trkpt>
      <trkpt lat="34.4464" lon="-118.27303">
        <ele>803.07</ele>
        <time>2026-06-28T23:33:20Z</time>
      </trkpt>
      <trkpt lat="34.44641" lon="-118.27306">
        <ele>802.23</ele>
        <time>2026-06-28T23:33:24Z</time>
      </trkpt>
      <trkpt lat="34.44642" lon="-118.2731">
        <ele>800.43</ele>
        <time>2026-06-28T23:33:29Z</time>
      </trkpt>
      <trkpt lat="34.44644" lon="-118.27313">
        <ele>799.53</ele>
        <time>2026-06-28T23:33:40Z</time>
      </trkpt>
      <trkpt lat="34.44646" lon="-118.27316">
        <ele>799.02</ele>
        <time>2026-06-28T23:33:46Z</time>
      </trkpt>
      <trkpt lat="34.44648" lon="-118.27319">
        <ele>799.04</ele>
        <time>2026-06-28T23:33:51Z</time>
      </trkpt>
      <trkpt lat="34.44649" lon="-118.27323">
        <ele>798.59</ele>
        <time>2026-06-28T23:33:56Z</time>
      </trkpt>
      <trkpt lat="34.4465" lon="-118.27326">
        <ele>799.01</ele>
        <time>2026-06-28T23:34:00Z</time>
      </trkpt>
      <trkpt lat="34.44652" lon="-118.27328">
        <ele>800.09</ele>
        <time>2026-06-28T23:34:05Z</time>
      </trkpt>
      <trkpt lat="34.44653" lon="-118.27331">
        <ele>800.84</ele>
        <time>2026-06-28T23:34:13Z</time>
      </trkpt>
      <trkpt lat="34.44651" lon="-118.27329">
        <ele>799.76</ele>
        <time>2026-06-28T23:34:22Z</time>
      </trkpt>
      <trkpt lat="34.44648" lon="-118.2733">
        <ele>798.57</ele>
        <time>2026-06-28T23:34:28Z</time>
      </trkpt>
      <trkpt lat="34.44646" lon="-118.27332">
        <ele>797.73</ele>
        <time>2026-06-28T23:34:32Z</time>
      </trkpt>
      <trkpt lat="34.44643" lon="-118.27334">
        <ele>796.4</ele>
        <time>2026-06-28T23:34:39Z</time>
      </trkpt>
      <trkpt lat="34.44642" lon="-118.27336">
        <ele>796.45</ele>
        <time>2026-06-28T23:34:59Z</time>
      </trkpt>
      <trkpt lat="34.44639" lon="-118.27338">
        <ele>795.57</ele>
        <time>2026-06-28T23:35:14Z</time>
      </trkpt>
      <trkpt lat="34.44638" lon="-118.27342">
        <ele>796.44</ele>
        <time>2026-06-28T23:35:19Z</time>
      </trkpt>
      <trkpt lat="34.44637" lon="-118.27346">
        <ele>797.21</ele>
        <time>2026-06-28T23:35:22Z</time>
      </trkpt>
      <trkpt lat="34.44635" lon="-118.2735">
        <ele>797.38</ele>
        <time>2026-06-28T23:35:26Z</time>
      </trkpt>
      <trkpt lat="34.44631" lon="-118.27352">
        <ele>795.8</ele>
        <time>2026-06-28T23:35:28Z</time>
      </trkpt>
      <trkpt lat="34.44628" lon="-118.27353">
        <ele>794.95</ele>
        <time>2026-06-28T23:35:30Z</time>
      </trkpt>
      <trkpt lat="34.44627" lon="-118.27356">
        <ele>795.81</ele>
        <time>2026-06-28T23:35:34Z</time>
      </trkpt>
      <trkpt lat="34.44626" lon="-118.2736">
        <ele>797.0</ele>
        <time>2026-06-28T23:35:39Z</time>
      </trkpt>
      <trkpt lat="34.44625" lon="-118.27363">
        <ele>797.82</ele>
        <time>2026-06-28T23:35:43Z</time>
      </trkpt>
      <trkpt lat="34.44622" lon="-118.27365">
        <ele>797.66</ele>
        <time>2026-06-28T23:35:46Z</time>
      </trkpt>
      <trkpt lat="34.4462" lon="-118.27367">
        <ele>798.03</ele>
        <time>2026-06-28T23:35:50Z</time>
      </trkpt>
      <trkpt lat="34.44617" lon="-118.27369">
        <ele>797.86</ele>
        <time>2026-06-28T23:35:54Z</time>
      </trkpt>
      <trkpt lat="34.44615" lon="-118.27371">
        <ele>797.99</ele>
        <time>2026-06-28T23:35:58Z</time>
      </trkpt>
      <trkpt lat="34.44612" lon="-118.27374">
        <ele>798.31</ele>
        <time>2026-06-28T23:36:02Z</time>
      </trkpt>
      <trkpt lat="34.4461" lon="-118.27376">
        <ele>798.49</ele>
        <time>2026-06-28T23:36:06Z</time>
      </trkpt>
      <trkpt lat="34.44607" lon="-118.27377">
        <ele>797.49</ele>
        <time>2026-06-28T23:36:10Z</time>
      </trkpt>
      <trkpt lat="34.44605" lon="-118.27379">
        <ele>797.4</ele>
        <time>2026-06-28T23:36:14Z</time>
      </trkpt>
      <trkpt lat="34.44603" lon="-118.27381">
        <ele>797.34</ele>
        <time>2026-06-28T23:36:18Z</time>
      </trkpt>
      <trkpt lat="34.446" lon="-118.27383">
        <ele>796.95</ele>
        <time>2026-06-28T23:36:23Z</time>
      </trkpt>
      <trkpt lat="34.44597" lon="-118.27383">
        <ele>795.53</ele>
        <time>2026-06-28T23:36:29Z</time>
      </trkpt>
      <trkpt lat="34.44594" lon="-118.27385">
        <ele>795.02</ele>
        <time>2026-06-28T23:36:34Z</time>
      </trkpt>
      <trkpt lat="34.44592" lon="-118.27388">
        <ele>795.42</ele>
        <time>2026-06-28T23:36:38Z</time>
      </trkpt>
      <trkpt lat="34.4459" lon="-118.2739">
        <ele>795.64</ele>
        <time>2026-06-28T23:36:42Z</time>
      </trkpt>
      <trkpt lat="34.44587" lon="-118.27393">
        <ele>795.96</ele>
        <time>2026-06-28T23:36:46Z</time>
      </trkpt>
      <trkpt lat="34.44584" lon="-118.27394">
        <ele>795.42</ele>
        <time>2026-06-28T23:36:49Z</time>
      </trkpt>
      <trkpt lat="34.44581" lon="-118.27396">
        <ele>795.51</ele>
        <time>2026-06-28T23:36:52Z</time>
      </trkpt>
      <trkpt lat="34.44578" lon="-118.27397">
        <ele>795.28</ele>
        <time>2026-06-28T23:36:55Z</time>
      </trkpt>
      <trkpt lat="34.44575" lon="-118.27398">
        <ele>795.12</ele>
        <time>2026-06-28T23:37:00Z</time>
      </trkpt>
      <trkpt lat="34.44572" lon="-118.27399">
        <ele>794.46</ele>
        <time>2026-06-28T23:37:04Z</time>
      </trkpt>
      <trkpt lat="34.44569" lon="-118.27398">
        <ele>793.28</ele>
        <time>2026-06-28T23:37:08Z</time>
      </trkpt>
      <trkpt lat="34.44566" lon="-118.27396">
        <ele>791.22</ele>
        <time>2026-06-28T23:37:11Z</time>
      </trkpt>
      <trkpt lat="34.44563" lon="-118.27396">
        <ele>790.1</ele>
        <time>2026-06-28T23:37:15Z</time>
      </trkpt>
      <trkpt lat="34.44561" lon="-118.27396">
        <ele>789.29</ele>
        <time>2026-06-28T23:37:27Z</time>
      </trkpt>
      <trkpt lat="34.44558" lon="-118.27398">
        <ele>788.99</ele>
        <time>2026-06-28T23:37:32Z</time>
      </trkpt>
      <trkpt lat="34.44555" lon="-118.27401">
        <ele>788.67</ele>
        <time>2026-06-28T23:37:36Z</time>
      </trkpt>
      <trkpt lat="34.44553" lon="-118.27403">
        <ele>788.32</ele>
        <time>2026-06-28T23:37:39Z</time>
      </trkpt>
      <trkpt lat="34.44551" lon="-118.27406">
        <ele>788.16</ele>
        <time>2026-06-28T23:37:42Z</time>
      </trkpt>
      <trkpt lat="34.44549" lon="-118.27408">
        <ele>787.57</ele>
        <time>2026-06-28T23:37:46Z</time>
      </trkpt>
      <trkpt lat="34.44546" lon="-118.27411">
        <ele>786.68</ele>
        <time>2026-06-28T23:37:51Z</time>
      </trkpt>
      <trkpt lat="34.44544" lon="-118.27412">
        <ele>786.25</ele>
        <time>2026-06-28T23:37:56Z</time>
      </trkpt>
      <trkpt lat="34.44541" lon="-118.27415">
        <ele>785.92</ele>
        <time>2026-06-28T23:38:01Z</time>
      </trkpt>
      <trkpt lat="34.44539" lon="-118.27417">
        <ele>785.66</ele>
        <time>2026-06-28T23:38:05Z</time>
      </trkpt>
      <trkpt lat="34.44537" lon="-118.2742">
        <ele>785.35</ele>
        <time>2026-06-28T23:38:09Z</time>
      </trkpt>
      <trkpt lat="34.44535" lon="-118.27423">
        <ele>785.24</ele>
        <time>2026-06-28T23:38:13Z</time>
      </trkpt>
      <trkpt lat="34.44533" lon="-118.27425">
        <ele>785.03</ele>
        <time>2026-06-28T23:38:17Z</time>
      </trkpt>
      <trkpt lat="34.44531" lon="-118.27428">
        <ele>784.62</ele>
        <time>2026-06-28T23:38:21Z</time>
      </trkpt>
      <trkpt lat="34.44529" lon="-118.27431">
        <ele>784.19</ele>
        <time>2026-06-28T23:38:25Z</time>
      </trkpt>
      <trkpt lat="34.44527" lon="-118.27434">
        <ele>783.82</ele>
        <time>2026-06-28T23:38:29Z</time>
      </trkpt>
      <trkpt lat="34.44525" lon="-118.27437">
        <ele>783.4</ele>
        <time>2026-06-28T23:38:33Z</time>
      </trkpt>
      <trkpt lat="34.44523" lon="-118.2744">
        <ele>782.97</ele>
        <time>2026-06-28T23:38:37Z</time>
      </trkpt>
      <trkpt lat="34.44521" lon="-118.27443">
        <ele>782.54</ele>
        <time>2026-06-28T23:38:41Z</time>
      </trkpt>
      <trkpt lat="34.44519" lon="-118.27446">
        <ele>781.92</ele>
        <time>2026-06-28T23:38:45Z</time>
      </trkpt>
      <trkpt lat="34.44518" lon="-118.2745">
        <ele>781.3</ele>
        <time>2026-06-28T23:38:49Z</time>
      </trkpt>
      <trkpt lat="34.4452" lon="-118.27455">
        <ele>780.58</ele>
        <time>2026-06-28T23:38:52Z</time>
      </trkpt>
      <trkpt lat="34.44522" lon="-118.27458">
        <ele>779.61</ele>
        <time>2026-06-28T23:38:55Z</time>
      </trkpt>
      <trkpt lat="34.44524" lon="-118.27461">
        <ele>778.64</ele>
        <time>2026-06-28T23:38:58Z</time>
      </trkpt>
      <trkpt lat="34.44522" lon="-118.27463">
        <ele>777.98</ele>
        <time>2026-06-28T23:39:05Z</time>
      </trkpt>
      <trkpt lat="34.44519" lon="-118.27463">
        <ele>777.98</ele>
        <time>2026-06-28T23:39:09Z</time>
      </trkpt>
      <trkpt lat="34.44516" lon="-118.27462">
        <ele>778.28</ele>
        <time>2026-06-28T23:39:12Z</time>
      </trkpt>
      <trkpt lat="34.44514" lon="-118.27458">
        <ele>779.35</ele>
        <time>2026-06-28T23:39:15Z</time>
      </trkpt>
      <trkpt lat="34.44512" lon="-118.27456">
        <ele>779.73</ele>
        <time>2026-06-28T23:39:19Z</time>
      </trkpt>
      <trkpt lat="34.44511" lon="-118.27452">
        <ele>780.07</ele>
        <time>2026-06-28T23:39:23Z</time>
      </trkpt>
      <trkpt lat="34.4451" lon="-118.27449">
        <ele>779.65</ele>
        <time>2026-06-28T23:39:27Z</time>
      </trkpt>
      <trkpt lat="34.4451" lon="-118.27446">
        <ele>779.38</ele>
        <time>2026-06-28T23:39:31Z</time>
      </trkpt>
      <trkpt lat="34.44511" lon="-118.27443">
        <ele>779.44</ele>
        <time>2026-06-28T23:39:35Z</time>
      </trkpt>
      <trkpt lat="34.44512" lon="-118.2744">
        <ele>779.55</ele>
        <time>2026-06-28T23:39:40Z</time>
      </trkpt>
      <trkpt lat="34.44513" lon="-118.27436">
        <ele>779.67</ele>
        <time>2026-06-28T23:39:45Z</time>
      </trkpt>
      <trkpt lat="34.44514" lon="-118.27432">
        <ele>779.54</ele>
        <time>2026-06-28T23:39:50Z</time>
      </trkpt>
      <trkpt lat="34.44515" lon="-118.27428">
        <ele>779.41</ele>
        <time>2026-06-28T23:39:55Z</time>
      </trkpt>
      <trkpt lat="34.44516" lon="-118.27425">
        <ele>779.47</ele>
        <time>2026-06-28T23:39:59Z</time>
      </trkpt>
      <trkpt lat="34.44517" lon="-118.27422">
        <ele>779.4</ele>
        <time>2026-06-28T23:40:03Z</time>
      </trkpt>
      <trkpt lat="34.44518" lon="-118.27418">
        <ele>779.06</ele>
        <time>2026-06-28T23:40:08Z</time>
      </trkpt>
      <trkpt lat="34.44519" lon="-118.27414">
        <ele>778.63</ele>
        <time>2026-06-28T23:40:12Z</time>
      </trkpt>
      <trkpt lat="34.4452" lon="-118.27411">
        <ele>778.42</ele>
        <time>2026-06-28T23:40:16Z</time>
      </trkpt>
      <trkpt lat="34.44521" lon="-118.27407">
        <ele>777.94</ele>
        <time>2026-06-28T23:40:20Z</time>
      </trkpt>
      <trkpt lat="34.44523" lon="-118.27404">
        <ele>777.83</ele>
        <time>2026-06-28T23:40:24Z</time>
      </trkpt>
      <trkpt lat="34.44525" lon="-118.274">
        <ele>777.4</ele>
        <time>2026-06-28T23:40:28Z</time>
      </trkpt>
      <trkpt lat="34.44526" lon="-118.27397">
        <ele>776.86</ele>
        <time>2026-06-28T23:40:32Z</time>
      </trkpt>
      <trkpt lat="34.44528" lon="-118.27394">
        <ele>776.73</ele>
        <time>2026-06-28T23:40:36Z</time>
      </trkpt>
      <trkpt lat="34.4453" lon="-118.27391">
        <ele>776.4</ele>
        <time>2026-06-28T23:40:40Z</time>
      </trkpt>
      <trkpt lat="34.44532" lon="-118.27388">
        <ele>775.98</ele>
        <time>2026-06-28T23:40:44Z</time>
      </trkpt>
      <trkpt lat="34.44533" lon="-118.27385">
        <ele>775.01</ele>
        <time>2026-06-28T23:40:48Z</time>
      </trkpt>
      <trkpt lat="34.44535" lon="-118.27382">
        <ele>774.36</ele>
        <time>2026-06-28T23:40:52Z</time>
      </trkpt>
      <trkpt lat="34.44536" lon="-118.27379">
        <ele>773.46</ele>
        <time>2026-06-28T23:40:56Z</time>
      </trkpt>
      <trkpt lat="34.44537" lon="-118.27376">
        <ele>772.81</ele>
        <time>2026-06-28T23:41:00Z</time>
      </trkpt>
      <trkpt lat="34.44539" lon="-118.27372">
        <ele>772.16</ele>
        <time>2026-06-28T23:41:05Z</time>
      </trkpt>
      <trkpt lat="34.4454" lon="-118.27369">
        <ele>771.47</ele>
        <time>2026-06-28T23:41:09Z</time>
      </trkpt>
      <trkpt lat="34.44542" lon="-118.27366">
        <ele>770.94</ele>
        <time>2026-06-28T23:41:13Z</time>
      </trkpt>
      <trkpt lat="34.44543" lon="-118.27363">
        <ele>770.03</ele>
        <time>2026-06-28T23:41:17Z</time>
      </trkpt>
      <trkpt lat="34.44545" lon="-118.2736">
        <ele>769.48</ele>
        <time>2026-06-28T23:41:22Z</time>
      </trkpt>
      <trkpt lat="34.44547" lon="-118.27357">
        <ele>769.23</ele>
        <time>2026-06-28T23:41:26Z</time>
      </trkpt>
      <trkpt lat="34.44549" lon="-118.27354">
        <ele>768.82</ele>
        <time>2026-06-28T23:41:30Z</time>
      </trkpt>
      <trkpt lat="34.44552" lon="-118.27353">
        <ele>768.94</ele>
        <time>2026-06-28T23:41:32Z</time>
      </trkpt>
      <trkpt lat="34.44555" lon="-118.27352">
        <ele>768.99</ele>
        <time>2026-06-28T23:41:34Z</time>
      </trkpt>
      <trkpt lat="34.44558" lon="-118.2735">
        <ele>769.22</ele>
        <time>2026-06-28T23:41:37Z</time>
      </trkpt>
      <trkpt lat="34.4456" lon="-118.27348">
        <ele>769.14</ele>
        <time>2026-06-28T23:41:40Z</time>
      </trkpt>
      <trkpt lat="34.44563" lon="-118.27346">
        <ele>768.96</ele>
        <time>2026-06-28T23:41:43Z</time>
      </trkpt>
      <trkpt lat="34.44566" lon="-118.27345">
        <ele>769.16</ele>
        <time>2026-06-28T23:41:47Z</time>
      </trkpt>
      <trkpt lat="34.44568" lon="-118.27348">
        <ele>770.78</ele>
        <time>2026-06-28T23:41:50Z</time>
      </trkpt>
      <trkpt lat="34.44571" lon="-118.27347">
        <ele>771.43</ele>
        <time>2026-06-28T23:41:55Z</time>
      </trkpt>
      <trkpt lat="34.44573" lon="-118.27344">
        <ele>771.11</ele>
        <time>2026-06-28T23:41:59Z</time>
      </trkpt>
      <trkpt lat="34.44575" lon="-118.27341">
        <ele>771.91</ele>
        <time>2026-06-28T23:42:03Z</time>
      </trkpt>
      <trkpt lat="34.44574" lon="-118.27338">
        <ele>771.96</ele>
        <time>2026-06-28T23:42:08Z</time>
      </trkpt>
      <trkpt lat="34.44571" lon="-118.27336">
        <ele>771.19</ele>
        <time>2026-06-28T23:42:12Z</time>
      </trkpt>
      <trkpt lat="34.44568" lon="-118.27333">
        <ele>770.58</ele>
        <time>2026-06-28T23:42:16Z</time>
      </trkpt>
      <trkpt lat="34.44566" lon="-118.27331">
        <ele>770.99</ele>
        <time>2026-06-28T23:42:20Z</time>
      </trkpt>
      <trkpt lat="34.44564" lon="-118.27328">
        <ele>772.22</ele>
        <time>2026-06-28T23:42:25Z</time>
      </trkpt>
      <trkpt lat="34.44562" lon="-118.27325">
        <ele>773.28</ele>
        <time>2026-06-28T23:42:31Z</time>
      </trkpt>
      <trkpt lat="34.4456" lon="-118.27323">
        <ele>773.56</ele>
        <time>2026-06-28T23:42:36Z</time>
      </trkpt>
      <trkpt lat="34.44557" lon="-118.27322">
        <ele>772.93</ele>
        <time>2026-06-28T23:42:40Z</time>
      </trkpt>
      <trkpt lat="34.44555" lon="-118.2732">
        <ele>773.41</ele>
        <time>2026-06-28T23:42:44Z</time>
      </trkpt>
      <trkpt lat="34.44552" lon="-118.27317">
        <ele>773.85</ele>
        <time>2026-06-28T23:42:48Z</time>
      </trkpt>
      <trkpt lat="34.4455" lon="-118.27315">
        <ele>773.9</ele>
        <time>2026-06-28T23:42:52Z</time>
      </trkpt>
      <trkpt lat="34.44548" lon="-118.27313">
        <ele>773.7</ele>
        <time>2026-06-28T23:42:56Z</time>
      </trkpt>
      <trkpt lat="34.44546" lon="-118.27311">
        <ele>773.57</ele>
        <time>2026-06-28T23:43:00Z</time>
      </trkpt>
      <trkpt lat="34.44543" lon="-118.27309">
        <ele>773.58</ele>
        <time>2026-06-28T23:43:04Z</time>
      </trkpt>
      <trkpt lat="34.44541" lon="-118.27307">
        <ele>773.75</ele>
        <time>2026-06-28T23:43:08Z</time>
      </trkpt>
      <trkpt lat="34.44538" lon="-118.27307">
        <ele>772.83</ele>
        <time>2026-06-28T23:43:13Z</time>
      </trkpt>
      <trkpt lat="34.44536" lon="-118.2731">
        <ele>771.34</ele>
        <time>2026-06-28T23:43:17Z</time>
      </trkpt>
      <trkpt lat="34.44534" lon="-118.27311">
        <ele>770.58</ele>
        <time>2026-06-28T23:43:21Z</time>
      </trkpt>
      <trkpt lat="34.4453" lon="-118.27311">
        <ele>769.72</ele>
        <time>2026-06-28T23:43:26Z</time>
      </trkpt>
      <trkpt lat="34.44527" lon="-118.27311">
        <ele>769.15</ele>
        <time>2026-06-28T23:43:31Z</time>
      </trkpt>
      <trkpt lat="34.44524" lon="-118.2731">
        <ele>769.15</ele>
        <time>2026-06-28T23:43:35Z</time>
      </trkpt>
      <trkpt lat="34.44521" lon="-118.2731">
        <ele>768.83</ele>
        <time>2026-06-28T23:43:39Z</time>
      </trkpt>
      <trkpt lat="34.44517" lon="-118.2731">
        <ele>768.65</ele>
        <time>2026-06-28T23:43:41Z</time>
      </trkpt>
      <trkpt lat="34.44514" lon="-118.2731">
        <ele>768.81</ele>
        <time>2026-06-28T23:43:43Z</time>
      </trkpt>
      <trkpt lat="34.44511" lon="-118.2731">
        <ele>768.98</ele>
        <time>2026-06-28T23:43:46Z</time>
      </trkpt>
      <trkpt lat="34.44507" lon="-118.2731">
        <ele>769.32</ele>
        <time>2026-06-28T23:43:49Z</time>
      </trkpt>
      <trkpt lat="34.44504" lon="-118.2731">
        <ele>769.65</ele>
        <time>2026-06-28T23:43:52Z</time>
      </trkpt>
      <trkpt lat="34.44501" lon="-118.2731">
        <ele>769.97</ele>
        <time>2026-06-28T23:43:55Z</time>
      </trkpt>
      <trkpt lat="34.44498" lon="-118.27311">
        <ele>770.12</ele>
        <time>2026-06-28T23:43:59Z</time>
      </trkpt>
      <trkpt lat="34.44495" lon="-118.27312">
        <ele>770.51</ele>
        <time>2026-06-28T23:44:03Z</time>
      </trkpt>
      <trkpt lat="34.44492" lon="-118.27313">
        <ele>771.04</ele>
        <time>2026-06-28T23:44:07Z</time>
      </trkpt>
      <trkpt lat="34.4449" lon="-118.27314">
        <ele>771.23</ele>
        <time>2026-06-28T23:44:11Z</time>
      </trkpt>
      <trkpt lat="34.44487" lon="-118.27316">
        <ele>770.74</ele>
        <time>2026-06-28T23:44:16Z</time>
      </trkpt>
      <trkpt lat="34.44484" lon="-118.27318">
        <ele>770.16</ele>
        <time>2026-06-28T23:44:20Z</time>
      </trkpt>
      <trkpt lat="34.44482" lon="-118.27319">
        <ele>770.09</ele>
        <time>2026-06-28T23:44:24Z</time>
      </trkpt>
      <trkpt lat="34.44479" lon="-118.27321">
        <ele>769.69</ele>
        <time>2026-06-28T23:44:28Z</time>
      </trkpt>
      <trkpt lat="34.44477" lon="-118.27322">
        <ele>769.65</ele>
        <time>2026-06-28T23:44:32Z</time>
      </trkpt>
      <trkpt lat="34.44474" lon="-118.27324">
        <ele>769.64</ele>
        <time>2026-06-28T23:44:37Z</time>
      </trkpt>
      <trkpt lat="34.44471" lon="-118.27326">
        <ele>768.39</ele>
        <time>2026-06-28T23:44:42Z</time>
      </trkpt>
      <trkpt lat="34.44468" lon="-118.27327">
        <ele>767.76</ele>
        <time>2026-06-28T23:44:46Z</time>
      </trkpt>
      <trkpt lat="34.44465" lon="-118.27327">
        <ele>767.96</ele>
        <time>2026-06-28T23:44:50Z</time>
      </trkpt>
      <trkpt lat="34.44463" lon="-118.27328">
        <ele>767.45</ele>
        <time>2026-06-28T23:44:54Z</time>
      </trkpt>
      <trkpt lat="34.4446" lon="-118.27329">
        <ele>766.68</ele>
        <time>2026-06-28T23:44:58Z</time>
      </trkpt>
      <trkpt lat="34.44457" lon="-118.27329">
        <ele>766.55</ele>
        <time>2026-06-28T23:45:02Z</time>
      </trkpt>
      <trkpt lat="34.44454" lon="-118.27331">
        <ele>765.75</ele>
        <time>2026-06-28T23:45:06Z</time>
      </trkpt>
      <trkpt lat="34.44451" lon="-118.27332">
        <ele>765.35</ele>
        <time>2026-06-28T23:45:10Z</time>
      </trkpt>
      <trkpt lat="34.44448" lon="-118.27333">
        <ele>765.06</ele>
        <time>2026-06-28T23:45:14Z</time>
      </trkpt>
      <trkpt lat="34.44445" lon="-118.27334">
        <ele>764.7</ele>
        <time>2026-06-28T23:45:18Z</time>
      </trkpt>
      <trkpt lat="34.44443" lon="-118.27336">
        <ele>763.78</ele>
        <time>2026-06-28T23:45:22Z</time>
      </trkpt>
      <trkpt lat="34.44439" lon="-118.27337">
        <ele>763.29</ele>
        <time>2026-06-28T23:45:27Z</time>
      </trkpt>
      <trkpt lat="34.44442" lon="-118.2734">
        <ele>762.24</ele>
        <time>2026-06-28T23:45:35Z</time>
      </trkpt>
      <trkpt lat="34.44441" lon="-118.27344">
        <ele>760.82</ele>
        <time>2026-06-28T23:45:54Z</time>
      </trkpt>
      <trkpt lat="34.44438" lon="-118.27346">
        <ele>760.48</ele>
        <time>2026-06-28T23:46:02Z</time>
      </trkpt>
      <trkpt lat="34.44435" lon="-118.27347">
        <ele>760.57</ele>
        <time>2026-06-28T23:46:06Z</time>
      </trkpt>
      <trkpt lat="34.44431" lon="-118.27347">
        <ele>760.55</ele>
        <time>2026-06-28T23:46:08Z</time>
      </trkpt>
      <trkpt lat="34.44428" lon="-118.27348">
        <ele>760.38</ele>
        <time>2026-06-28T23:46:10Z</time>
      </trkpt>
      <trkpt lat="34.44425" lon="-118.27348">
        <ele>760.37</ele>
        <time>2026-06-28T23:46:12Z</time>
      </trkpt>
      <trkpt lat="34.44421" lon="-118.27349">
        <ele>760.14</ele>
        <time>2026-06-28T23:46:15Z</time>
      </trkpt>
      <trkpt lat="34.44419" lon="-118.27351">
        <ele>760.02</ele>
        <time>2026-06-28T23:46:17Z</time>
      </trkpt>
      <trkpt lat="34.44416" lon="-118.27354">
        <ele>759.71</ele>
        <time>2026-06-28T23:46:19Z</time>
      </trkpt>
      <trkpt lat="34.44414" lon="-118.27358">
        <ele>759.24</ele>
        <time>2026-06-28T23:46:21Z</time>
      </trkpt>
      <trkpt lat="34.44413" lon="-118.27361">
        <ele>759.01</ele>
        <time>2026-06-28T23:46:23Z</time>
      </trkpt>
      <trkpt lat="34.44411" lon="-118.27364">
        <ele>757.82</ele>
        <time>2026-06-28T23:46:25Z</time>
      </trkpt>
      <trkpt lat="34.44413" lon="-118.27367">
        <ele>756.32</ele>
        <time>2026-06-28T23:46:32Z</time>
      </trkpt>
      <trkpt lat="34.44414" lon="-118.27363">
        <ele>758.1</ele>
        <time>2026-06-28T23:48:58Z</time>
      </trkpt>
      <trkpt lat="34.44416" lon="-118.27358">
        <ele>759.31</ele>
        <time>2026-06-28T23:49:28Z</time>
      </trkpt>
      <trkpt lat="34.44411" lon="-118.27356">
        <ele>759.21</ele>
        <time>2026-06-28T23:49:59Z</time>
      </trkpt>
      <trkpt lat="34.44407" lon="-118.27356">
        <ele>758.93</ele>
        <time>2026-06-28T23:50:01Z</time>
      </trkpt>
      <trkpt lat="34.44402" lon="-118.27356">
        <ele>758.09</ele>
        <time>2026-06-28T23:50:04Z</time>
      </trkpt>
      <trkpt lat="34.44399" lon="-118.27355">
        <ele>757.49</ele>
        <time>2026-06-28T23:50:07Z</time>
      </trkpt>
      <trkpt lat="34.44396" lon="-118.27355">
        <ele>757.19</ele>
        <time>2026-06-28T23:50:11Z</time>
      </trkpt>
      <trkpt lat="34.44392" lon="-118.27355">
        <ele>756.9</ele>
        <time>2026-06-28T23:50:15Z</time>
      </trkpt>
      <trkpt lat="34.44389" lon="-118.27355">
        <ele>756.69</ele>
        <time>2026-06-28T23:50:19Z</time>
      </trkpt>
      <trkpt lat="34.44386" lon="-118.27354">
        <ele>756.78</ele>
        <time>2026-06-28T23:50:23Z</time>
      </trkpt>
      <trkpt lat="34.44382" lon="-118.27354">
        <ele>757.21</ele>
        <time>2026-06-28T23:50:27Z</time>
      </trkpt>
      <trkpt lat="34.44379" lon="-118.27354">
        <ele>757.58</ele>
        <time>2026-06-28T23:50:31Z</time>
      </trkpt>
      <trkpt lat="34.44377" lon="-118.27354">
        <ele>757.97</ele>
        <time>2026-06-28T23:50:35Z</time>
      </trkpt>
      <trkpt lat="34.44374" lon="-118.27354">
        <ele>758.54</ele>
        <time>2026-06-28T23:50:39Z</time>
      </trkpt>
      <trkpt lat="34.44371" lon="-118.27353">
        <ele>759.0</ele>
        <time>2026-06-28T23:50:43Z</time>
      </trkpt>
      <trkpt lat="34.44368" lon="-118.27352">
        <ele>759.27</ele>
        <time>2026-06-28T23:50:47Z</time>
      </trkpt>
      <trkpt lat="34.44365" lon="-118.27349">
        <ele>758.71</ele>
        <time>2026-06-28T23:50:51Z</time>
      </trkpt>
      <trkpt lat="34.44363" lon="-118.27347">
        <ele>758.53</ele>
        <time>2026-06-28T23:50:54Z</time>
      </trkpt>
      <trkpt lat="34.44361" lon="-118.27344">
        <ele>758.32</ele>
        <time>2026-06-28T23:50:57Z</time>
      </trkpt>
      <trkpt lat="34.44359" lon="-118.27341">
        <ele>757.41</ele>
        <time>2026-06-28T23:51:00Z</time>
      </trkpt>
      <trkpt lat="34.44357" lon="-118.27339">
        <ele>756.68</ele>
        <time>2026-06-28T23:51:03Z</time>
      </trkpt>
      <trkpt lat="34.44359" lon="-118.27336">
        <ele>754.83</ele>
        <time>2026-06-28T23:51:09Z</time>
      </trkpt>
      <trkpt lat="34.44357" lon="-118.27333">
        <ele>753.71</ele>
        <time>2026-06-28T23:51:15Z</time>
      </trkpt>
      <trkpt lat="34.44355" lon="-118.27331">
        <ele>753.06</ele>
        <time>2026-06-28T23:51:19Z</time>
      </trkpt>
      <trkpt lat="34.44353" lon="-118.27328">
        <ele>751.87</ele>
        <time>2026-06-28T23:51:23Z</time>
      </trkpt>
      <trkpt lat="34.44351" lon="-118.27325">
        <ele>750.58</ele>
        <time>2026-06-28T23:51:27Z</time>
      </trkpt>
      <trkpt lat="34.44349" lon="-118.27323">
        <ele>749.76</ele>
        <time>2026-06-28T23:51:31Z</time>
      </trkpt>
      <trkpt lat="34.44347" lon="-118.2732">
        <ele>748.55</ele>
        <time>2026-06-28T23:51:35Z</time>
      </trkpt>
      <trkpt lat="34.44345" lon="-118.27318">
        <ele>747.95</ele>
        <time>2026-06-28T23:51:39Z</time>
      </trkpt>
      <trkpt lat="34.44343" lon="-118.27315">
        <ele>746.99</ele>
        <time>2026-06-28T23:51:44Z</time>
      </trkpt>
      <trkpt lat="34.44341" lon="-118.27312">
        <ele>745.96</ele>
        <time>2026-06-28T23:51:49Z</time>
      </trkpt>
      <trkpt lat="34.44339" lon="-118.27308">
        <ele>744.44</ele>
        <time>2026-06-28T23:51:54Z</time>
      </trkpt>
      <trkpt lat="34.44337" lon="-118.27306">
        <ele>743.8</ele>
        <time>2026-06-28T23:51:58Z</time>
      </trkpt>
      <trkpt lat="34.44336" lon="-118.27303">
        <ele>742.73</ele>
        <time>2026-06-28T23:52:02Z</time>
      </trkpt>
      <trkpt lat="34.44334" lon="-118.273">
        <ele>742.04</ele>
        <time>2026-06-28T23:52:06Z</time>
      </trkpt>
      <trkpt lat="34.44333" lon="-118.27297">
        <ele>741.26</ele>
        <time>2026-06-28T23:52:10Z</time>
      </trkpt>
      <trkpt lat="34.44332" lon="-118.27294">
        <ele>740.29</ele>
        <time>2026-06-28T23:52:15Z</time>
      </trkpt>
      <trkpt lat="34.4433" lon="-118.27291">
        <ele>739.9</ele>
        <time>2026-06-28T23:52:19Z</time>
      </trkpt>
      <trkpt lat="34.44328" lon="-118.27288">
        <ele>740.06</ele>
        <time>2026-06-28T23:52:23Z</time>
      </trkpt>
      <trkpt lat="34.44326" lon="-118.27286">
        <ele>740.85</ele>
        <time>2026-06-28T23:52:27Z</time>
      </trkpt>
      <trkpt lat="34.44325" lon="-118.27283">
        <ele>741.06</ele>
        <time>2026-06-28T23:52:31Z</time>
      </trkpt>
      <trkpt lat="34.44323" lon="-118.2728">
        <ele>741.79</ele>
        <time>2026-06-28T23:52:35Z</time>
      </trkpt>
      <trkpt lat="34.44322" lon="-118.27277">
        <ele>742.02</ele>
        <time>2026-06-28T23:52:39Z</time>
      </trkpt>
      <trkpt lat="34.44322" lon="-118.27274">
        <ele>741.62</ele>
        <time>2026-06-28T23:52:43Z</time>
      </trkpt>
      <trkpt lat="34.44323" lon="-118.2727">
        <ele>740.64</ele>
        <time>2026-06-28T23:52:45Z</time>
      </trkpt>
      <trkpt lat="34.44326" lon="-118.27267">
        <ele>738.67</ele>
        <time>2026-06-28T23:52:47Z</time>
      </trkpt>
      <trkpt lat="34.44328" lon="-118.27264">
        <ele>737.11</ele>
        <time>2026-06-28T23:52:49Z</time>
      </trkpt>
      <trkpt lat="34.44329" lon="-118.2726">
        <ele>735.99</ele>
        <time>2026-06-28T23:52:52Z</time>
      </trkpt>
      <trkpt lat="34.4433" lon="-118.27257">
        <ele>735.11</ele>
        <time>2026-06-28T23:52:56Z</time>
      </trkpt>
      <trkpt lat="34.4433" lon="-118.27254">
        <ele>734.67</ele>
        <time>2026-06-28T23:53:00Z</time>
      </trkpt>
      <trkpt lat="34.4433" lon="-118.2725">
        <ele>734.08</ele>
        <time>2026-06-28T23:53:04Z</time>
      </trkpt>
      <trkpt lat="34.44329" lon="-118.27246">
        <ele>733.54</ele>
        <time>2026-06-28T23:53:08Z</time>
      </trkpt>
      <trkpt lat="34.44328" lon="-118.27243">
        <ele>733.22</ele>
        <time>2026-06-28T23:53:11Z</time>
      </trkpt>
      <trkpt lat="34.44327" lon="-118.27239">
        <ele>732.55</ele>
        <time>2026-06-28T23:53:14Z</time>
      </trkpt>
      <trkpt lat="34.44326" lon="-118.27236">
        <ele>731.95</ele>
        <time>2026-06-28T23:53:17Z</time>
      </trkpt>
      <trkpt lat="34.44325" lon="-118.27233">
        <ele>731.28</ele>
        <time>2026-06-28T23:53:21Z</time>
      </trkpt>
      <trkpt lat="34.44323" lon="-118.2723">
        <ele>731.01</ele>
        <time>2026-06-28T23:53:26Z</time>
      </trkpt>
      <trkpt lat="34.4432" lon="-118.27228">
        <ele>731.4</ele>
        <time>2026-06-28T23:53:29Z</time>
      </trkpt>
      <trkpt lat="34.44317" lon="-118.27226">
        <ele>731.66</ele>
        <time>2026-06-28T23:53:31Z</time>
      </trkpt>
      <trkpt lat="34.44313" lon="-118.27224">
        <ele>732.16</ele>
        <time>2026-06-28T23:53:34Z</time>
      </trkpt>
      <trkpt lat="34.4431" lon="-118.27223">
        <ele>732.81</ele>
        <time>2026-06-28T23:53:37Z</time>
      </trkpt>
      <trkpt lat="34.44307" lon="-118.27223">
        <ele>733.78</ele>
        <time>2026-06-28T23:53:41Z</time>
      </trkpt>
      <trkpt lat="34.44303" lon="-118.27223">
        <ele>734.8</ele>
        <time>2026-06-28T23:53:45Z</time>
      </trkpt>
      <trkpt lat="34.44302" lon="-118.2722">
        <ele>734.05</ele>
        <time>2026-06-28T23:53:48Z</time>
      </trkpt>
      <trkpt lat="34.44301" lon="-118.27216">
        <ele>732.97</ele>
        <time>2026-06-28T23:53:51Z</time>
      </trkpt>
      <trkpt lat="34.44299" lon="-118.27213">
        <ele>732.43</ele>
        <time>2026-06-28T23:53:54Z</time>
      </trkpt>
      <trkpt lat="34.44298" lon="-118.2721">
        <ele>731.61</ele>
        <time>2026-06-28T23:53:57Z</time>
      </trkpt>
      <trkpt lat="34.44297" lon="-118.27208">
        <ele>731.2</ele>
        <time>2026-06-28T23:54:00Z</time>
      </trkpt>
      <trkpt lat="34.44295" lon="-118.27204">
        <ele>730.1</ele>
        <time>2026-06-28T23:54:04Z</time>
      </trkpt>
      <trkpt lat="34.44293" lon="-118.27201">
        <ele>728.94</ele>
        <time>2026-06-28T23:54:08Z</time>
      </trkpt>
      <trkpt lat="34.44292" lon="-118.27198">
        <ele>727.82</ele>
        <time>2026-06-28T23:54:12Z</time>
      </trkpt>
      <trkpt lat="34.4429" lon="-118.27195">
        <ele>726.88</ele>
        <time>2026-06-28T23:54:17Z</time>
      </trkpt>
      <trkpt lat="34.44288" lon="-118.27192">
        <ele>725.87</ele>
        <time>2026-06-28T23:54:21Z</time>
      </trkpt>
      <trkpt lat="34.44286" lon="-118.27189">
        <ele>724.67</ele>
        <time>2026-06-28T23:54:25Z</time>
      </trkpt>
      <trkpt lat="34.44284" lon="-118.27185">
        <ele>723.28</ele>
        <time>2026-06-28T23:54:29Z</time>
      </trkpt>
      <trkpt lat="34.44282" lon="-118.27182">
        <ele>722.67</ele>
        <time>2026-06-28T23:54:33Z</time>
      </trkpt>
      <trkpt lat="34.44281" lon="-118.2718">
        <ele>722.17</ele>
        <time>2026-06-28T23:54:37Z</time>
      </trkpt>
      <trkpt lat="34.4428" lon="-118.27177">
        <ele>721.32</ele>
        <time>2026-06-28T23:54:41Z</time>
      </trkpt>
      <trkpt lat="34.44278" lon="-118.27174">
        <ele>720.79</ele>
        <time>2026-06-28T23:54:46Z</time>
      </trkpt>
      <trkpt lat="34.44276" lon="-118.27171">
        <ele>720.37</ele>
        <time>2026-06-28T23:54:51Z</time>
      </trkpt>
      <trkpt lat="34.44279" lon="-118.27171">
        <ele>720.47</ele>
        <time>2026-06-28T23:55:01Z</time>
      </trkpt>
      <trkpt lat="34.44277" lon="-118.27169">
        <ele>720.19</ele>
        <time>2026-06-28T23:55:21Z</time>
      </trkpt>
      <trkpt lat="34.44275" lon="-118.27167">
        <ele>719.75</ele>
        <time>2026-06-28T23:55:28Z</time>
      </trkpt>
      <trkpt lat="34.44273" lon="-118.27164">
        <ele>719.06</ele>
        <time>2026-06-28T23:55:38Z</time>
      </trkpt>
      <trkpt lat="34.4427" lon="-118.27164">
        <ele>718.83</ele>
        <time>2026-06-28T23:55:47Z</time>
      </trkpt>
      <trkpt lat="34.44268" lon="-118.27168">
        <ele>719.28</ele>
        <time>2026-06-28T23:55:52Z</time>
      </trkpt>
      <trkpt lat="34.44266" lon="-118.2717">
        <ele>719.62</ele>
        <time>2026-06-28T23:55:56Z</time>
      </trkpt>
      <trkpt lat="34.44263" lon="-118.27171">
        <ele>719.66</ele>
        <time>2026-06-28T23:56:00Z</time>
      </trkpt>
      <trkpt lat="34.4426" lon="-118.27173">
        <ele>719.74</ele>
        <time>2026-06-28T23:56:06Z</time>
      </trkpt>
      <trkpt lat="34.44257" lon="-118.27174">
        <ele>719.55</ele>
        <time>2026-06-28T23:56:10Z</time>
      </trkpt>
      <trkpt lat="34.44254" lon="-118.27175">
        <ele>719.33</ele>
        <time>2026-06-28T23:56:14Z</time>
      </trkpt>
      <trkpt lat="34.44252" lon="-118.27174">
        <ele>719.01</ele>
        <time>2026-06-28T23:56:21Z</time>
      </trkpt>
      <trkpt lat="34.44249" lon="-118.27172">
        <ele>718.58</ele>
        <time>2026-06-28T23:56:27Z</time>
      </trkpt>
      <trkpt lat="34.44248" lon="-118.27168">
        <ele>718.14</ele>
        <time>2026-06-28T23:56:30Z</time>
      </trkpt>
      <trkpt lat="34.44246" lon="-118.27164">
        <ele>717.71</ele>
        <time>2026-06-28T23:56:33Z</time>
      </trkpt>
      <trkpt lat="34.44245" lon="-118.2716">
        <ele>717.28</ele>
        <time>2026-06-28T23:56:36Z</time>
      </trkpt>
      <trkpt lat="34.44244" lon="-118.27156">
        <ele>716.79</ele>
        <time>2026-06-28T23:56:39Z</time>
      </trkpt>
      <trkpt lat="34.44243" lon="-118.27153">
        <ele>716.41</ele>
        <time>2026-06-28T23:56:42Z</time>
      </trkpt>
      <trkpt lat="34.44242" lon="-118.27149">
        <ele>715.97</ele>
        <time>2026-06-28T23:56:46Z</time>
      </trkpt>
      <trkpt lat="34.44241" lon="-118.27146">
        <ele>715.29</ele>
        <time>2026-06-28T23:56:51Z</time>
      </trkpt>
      <trkpt lat="34.44239" lon="-118.27143">
        <ele>714.52</ele>
        <time>2026-06-28T23:56:56Z</time>
      </trkpt>
      <trkpt lat="34.44237" lon="-118.27141">
        <ele>714.09</ele>
        <time>2026-06-28T23:57:01Z</time>
      </trkpt>
      <trkpt lat="34.44235" lon="-118.27138">
        <ele>713.37</ele>
        <time>2026-06-28T23:57:06Z</time>
      </trkpt>
      <trkpt lat="34.44233" lon="-118.27136">
        <ele>712.95</ele>
        <time>2026-06-28T23:57:11Z</time>
      </trkpt>
      <trkpt lat="34.4423" lon="-118.27134">
        <ele>712.74</ele>
        <time>2026-06-28T23:57:16Z</time>
      </trkpt>
      <trkpt lat="34.44228" lon="-118.27132">
        <ele>712.52</ele>
        <time>2026-06-28T23:57:21Z</time>
      </trkpt>
      <trkpt lat="34.44225" lon="-118.27129">
        <ele>712.17</ele>
        <time>2026-06-28T23:57:26Z</time>
      </trkpt>
      <trkpt lat="34.44224" lon="-118.27127">
        <ele>711.59</ele>
        <time>2026-06-28T23:57:30Z</time>
      </trkpt>
      <trkpt lat="34.44222" lon="-118.27124">
        <ele>710.62</ele>
        <time>2026-06-28T23:57:34Z</time>
      </trkpt>
      <trkpt lat="34.4422" lon="-118.27121">
        <ele>709.75</ele>
        <time>2026-06-28T23:57:38Z</time>
      </trkpt>
      <trkpt lat="34.44218" lon="-118.27118">
        <ele>709.28</ele>
        <time>2026-06-28T23:57:42Z</time>
      </trkpt>
      <trkpt lat="34.44217" lon="-118.27114">
        <ele>708.36</ele>
        <time>2026-06-28T23:57:46Z</time>
      </trkpt>
      <trkpt lat="34.44215" lon="-118.27111">
        <ele>707.76</ele>
        <time>2026-06-28T23:57:50Z</time>
      </trkpt>
      <trkpt lat="34.44213" lon="-118.27108">
        <ele>707.33</ele>
        <time>2026-06-28T23:57:54Z</time>
      </trkpt>
      <trkpt lat="34.44211" lon="-118.27106">
        <ele>707.2</ele>
        <time>2026-06-28T23:57:58Z</time>
      </trkpt>
      <trkpt lat="34.44209" lon="-118.27103">
        <ele>706.73</ele>
        <time>2026-06-28T23:58:02Z</time>
      </trkpt>
      <trkpt lat="34.44207" lon="-118.271">
        <ele>706.32</ele>
        <time>2026-06-28T23:58:06Z</time>
      </trkpt>
      <trkpt lat="34.44205" lon="-118.27097">
        <ele>705.89</ele>
        <time>2026-06-28T23:58:10Z</time>
      </trkpt>
      <trkpt lat="34.44203" lon="-118.27094">
        <ele>705.32</ele>
        <time>2026-06-28T23:58:14Z</time>
      </trkpt>
      <trkpt lat="34.44201" lon="-118.27092">
        <ele>704.98</ele>
        <time>2026-06-28T23:58:18Z</time>
      </trkpt>
      <trkpt lat="34.44198" lon="-118.2709">
        <ele>704.83</ele>
        <time>2026-06-28T23:58:22Z</time>
      </trkpt>
      <trkpt lat="34.44195" lon="-118.27088">
        <ele>704.53</ele>
        <time>2026-06-28T23:58:24Z</time>
      </trkpt>
      <trkpt lat="34.44191" lon="-118.27087">
        <ele>704.54</ele>
        <time>2026-06-28T23:58:26Z</time>
      </trkpt>
      <trkpt lat="34.44188" lon="-118.27086">
        <ele>704.49</ele>
        <time>2026-06-28T23:58:28Z</time>
      </trkpt>
      <trkpt lat="34.44185" lon="-118.27085">
        <ele>704.34</ele>
        <time>2026-06-28T23:58:30Z</time>
      </trkpt>
      <trkpt lat="34.44185" lon="-118.27088">
        <ele>705.0</ele>
        <time>2026-06-28T23:58:34Z</time>
      </trkpt>
      <trkpt lat="34.44187" lon="-118.27091">
        <ele>705.49</ele>
        <time>2026-06-28T23:58:36Z</time>
      </trkpt>
      <trkpt lat="34.4419" lon="-118.27093">
        <ele>705.63</ele>
        <time>2026-06-28T23:58:40Z</time>
      </trkpt>
      <trkpt lat="34.44189" lon="-118.27089">
        <ele>704.97</ele>
        <time>2026-06-28T23:58:59Z</time>
      </trkpt>
      <trkpt lat="34.44185" lon="-118.27088">
        <ele>705.0</ele>
        <time>2026-06-28T23:59:03Z</time>
      </trkpt>
      <trkpt lat="34.44181" lon="-118.27087">
        <ele>704.52</ele>
        <time>2026-06-28T23:59:05Z</time>
      </trkpt>
      <trkpt lat="34.44177" lon="-118.27087">
        <ele>704.26</ele>
        <time>2026-06-28T23:59:07Z</time>
      </trkpt>
      <trkpt lat="34.44173" lon="-118.27086">
        <ele>703.86</ele>
        <time>2026-06-28T23:59:10Z</time>
      </trkpt>
      <trkpt lat="34.4417" lon="-118.27085">
        <ele>703.54</ele>
        <time>2026-06-28T23:59:13Z</time>
      </trkpt>
      <trkpt lat="34.44167" lon="-118.27084">
        <ele>703.22</ele>
        <time>2026-06-28T23:59:17Z</time>
      </trkpt>
      <trkpt lat="34.44164" lon="-118.27082">
        <ele>702.18</ele>
        <time>2026-06-28T23:59:21Z</time>
      </trkpt>
      <trkpt lat="34.44162" lon="-118.2708">
        <ele>701.24</ele>
        <time>2026-06-28T23:59:25Z</time>
      </trkpt>
      <trkpt lat="34.4416" lon="-118.27078">
        <ele>700.39</ele>
        <time>2026-06-28T23:59:29Z</time>
      </trkpt>
      <trkpt lat="34.44157" lon="-118.27076">
        <ele>699.59</ele>
        <time>2026-06-28T23:59:33Z</time>
      </trkpt>
      <trkpt lat="34.44154" lon="-118.27075">
        <ele>698.97</ele>
        <time>2026-06-28T23:59:37Z</time>
      </trkpt>
      <trkpt lat="34.44151" lon="-118.27073">
        <ele>697.96</ele>
        <time>2026-06-28T23:59:41Z</time>
      </trkpt>
      <trkpt lat="34.44149" lon="-118.27071">
        <ele>697.1</ele>
        <time>2026-06-28T23:59:45Z</time>
      </trkpt>
      <trkpt lat="34.44146" lon="-118.2707">
        <ele>696.45</ele>
        <time>2026-06-28T23:59:49Z</time>
      </trkpt>
      <trkpt lat="34.44144" lon="-118.27068">
        <ele>695.58</ele>
        <time>2026-06-28T23:59:53Z</time>
      </trkpt>
      <trkpt lat="34.44142" lon="-118.27066">
        <ele>694.72</ele>
        <time>2026-06-28T23:59:57Z</time>
      </trkpt>
      <trkpt lat="34.4414" lon="-118.27064">
        <ele>694.03</ele>
        <time>2026-06-29T00:00:01Z</time>
      </trkpt>
      <trkpt lat="34.44138" lon="-118.27062">
        <ele>693.6</ele>
        <time>2026-06-29T00:00:05Z</time>
      </trkpt>
      <trkpt lat="34.44135" lon="-118.27059">
        <ele>692.95</ele>
        <time>2026-06-29T00:00:10Z</time>
      </trkpt>
      <trkpt lat="34.44133" lon="-118.27057">
        <ele>692.52</ele>
        <time>2026-06-29T00:00:14Z</time>
      </trkpt>
      <trkpt lat="34.4413" lon="-118.27055">
        <ele>692.16</ele>
        <time>2026-06-29T00:00:19Z</time>
      </trkpt>
      <trkpt lat="34.44128" lon="-118.27053">
        <ele>692.5</ele>
        <time>2026-06-29T00:00:24Z</time>
      </trkpt>
      <trkpt lat="34.44125" lon="-118.27051">
        <ele>692.74</ele>
        <time>2026-06-29T00:00:28Z</time>
      </trkpt>
      <trkpt lat="34.44123" lon="-118.27049">
        <ele>692.91</ele>
        <time>2026-06-29T00:00:32Z</time>
      </trkpt>
      <trkpt lat="34.4412" lon="-118.27048">
        <ele>692.78</ele>
        <time>2026-06-29T00:00:36Z</time>
      </trkpt>
      <trkpt lat="34.44117" lon="-118.27048">
        <ele>692.52</ele>
        <time>2026-06-29T00:00:41Z</time>
      </trkpt>
      <trkpt lat="34.44115" lon="-118.27051">
        <ele>692.21</ele>
        <time>2026-06-29T00:00:44Z</time>
      </trkpt>
      <trkpt lat="34.44112" lon="-118.27053">
        <ele>692.03</ele>
        <time>2026-06-29T00:00:47Z</time>
      </trkpt>
      <trkpt lat="34.44108" lon="-118.27055">
        <ele>692.0</ele>
        <time>2026-06-29T00:00:50Z</time>
      </trkpt>
      <trkpt lat="34.44106" lon="-118.27057">
        <ele>692.23</ele>
        <time>2026-06-29T00:00:53Z</time>
      </trkpt>
      <trkpt lat="34.44103" lon="-118.27058">
        <ele>692.3</ele>
        <time>2026-06-29T00:00:56Z</time>
      </trkpt>
      <trkpt lat="34.441" lon="-118.27059">
        <ele>692.37</ele>
        <time>2026-06-29T00:00:59Z</time>
      </trkpt>
      <trkpt lat="34.44098" lon="-118.27061">
        <ele>692.59</ele>
        <time>2026-06-29T00:01:02Z</time>
      </trkpt>
      <trkpt lat="34.44095" lon="-118.27062">
        <ele>692.7</ele>
        <time>2026-06-29T00:01:05Z</time>
      </trkpt>
      <trkpt lat="34.44092" lon="-118.27064">
        <ele>692.91</ele>
        <time>2026-06-29T00:01:08Z</time>
      </trkpt>
      <trkpt lat="34.4409" lon="-118.27065">
        <ele>693.02</ele>
        <time>2026-06-29T00:01:11Z</time>
      </trkpt>
      <trkpt lat="34.44087" lon="-118.27066">
        <ele>693.13</ele>
        <time>2026-06-29T00:01:14Z</time>
      </trkpt>
      <trkpt lat="34.44084" lon="-118.27068">
        <ele>693.34</ele>
        <time>2026-06-29T00:01:17Z</time>
      </trkpt>
      <trkpt lat="34.44081" lon="-118.27069">
        <ele>693.2</ele>
        <time>2026-06-29T00:01:20Z</time>
      </trkpt>
      <trkpt lat="34.44078" lon="-118.27071">
        <ele>693.09</ele>
        <time>2026-06-29T00:01:24Z</time>
      </trkpt>
      <trkpt lat="34.44078" lon="-118.27075">
        <ele>693.42</ele>
        <time>2026-06-29T00:01:27Z</time>
      </trkpt>
      <trkpt lat="34.44079" lon="-118.27079">
        <ele>693.53</ele>
        <time>2026-06-29T00:01:30Z</time>
      </trkpt>
      <trkpt lat="34.44079" lon="-118.27084">
        <ele>693.57</ele>
        <time>2026-06-29T00:01:33Z</time>
      </trkpt>
      <trkpt lat="34.44077" lon="-118.27086">
        <ele>693.51</ele>
        <time>2026-06-29T00:01:36Z</time>
      </trkpt>
      <trkpt lat="34.44074" lon="-118.27084">
        <ele>693.07</ele>
        <time>2026-06-29T00:01:40Z</time>
      </trkpt>
      <trkpt lat="34.44071" lon="-118.27082">
        <ele>692.95</ele>
        <time>2026-06-29T00:01:43Z</time>
      </trkpt>
      <trkpt lat="34.44069" lon="-118.2708">
        <ele>692.8</ele>
        <time>2026-06-29T00:01:47Z</time>
      </trkpt>
      <trkpt lat="34.44066" lon="-118.27078">
        <ele>692.5</ele>
        <time>2026-06-29T00:01:51Z</time>
      </trkpt>
      <trkpt lat="34.44063" lon="-118.27077">
        <ele>692.32</ele>
        <time>2026-06-29T00:01:55Z</time>
      </trkpt>
      <trkpt lat="34.44059" lon="-118.27077">
        <ele>692.32</ele>
        <time>2026-06-29T00:01:59Z</time>
      </trkpt>
      <trkpt lat="34.44056" lon="-118.27077">
        <ele>692.32</ele>
        <time>2026-06-29T00:02:02Z</time>
      </trkpt>
      <trkpt lat="34.44053" lon="-118.27077">
        <ele>692.04</ele>
        <time>2026-06-29T00:02:06Z</time>
      </trkpt>
      <trkpt lat="34.4405" lon="-118.27077">
        <ele>691.72</ele>
        <time>2026-06-29T00:02:09Z</time>
      </trkpt>
      <trkpt lat="34.44047" lon="-118.27077">
        <ele>691.39</ele>
        <time>2026-06-29T00:02:12Z</time>
      </trkpt>
      <trkpt lat="34.44044" lon="-118.27077">
        <ele>691.07</ele>
        <time>2026-06-29T00:02:15Z</time>
      </trkpt>
      <trkpt lat="34.4404" lon="-118.27078">
        <ele>690.74</ele>
        <time>2026-06-29T00:02:17Z</time>
      </trkpt>
      <trkpt lat="34.44037" lon="-118.27079">
        <ele>690.53</ele>
        <time>2026-06-29T00:02:20Z</time>
      </trkpt>
      <trkpt lat="34.44034" lon="-118.27081">
        <ele>690.17</ele>
        <time>2026-06-29T00:02:23Z</time>
      </trkpt>
      <trkpt lat="34.44032" lon="-118.27083">
        <ele>689.9</ele>
        <time>2026-06-29T00:02:26Z</time>
      </trkpt>
      <trkpt lat="34.44029" lon="-118.27083">
        <ele>689.26</ele>
        <time>2026-06-29T00:02:29Z</time>
      </trkpt>
      <trkpt lat="34.44026" lon="-118.27083">
        <ele>688.62</ele>
        <time>2026-06-29T00:02:32Z</time>
      </trkpt>
      <trkpt lat="34.44023" lon="-118.27083">
        <ele>687.97</ele>
        <time>2026-06-29T00:02:36Z</time>
      </trkpt>
      <trkpt lat="34.4402" lon="-118.27084">
        <ele>687.39</ele>
        <time>2026-06-29T00:02:40Z</time>
      </trkpt>
      <trkpt lat="34.44016" lon="-118.27084">
        <ele>686.78</ele>
        <time>2026-06-29T00:02:44Z</time>
      </trkpt>
      <trkpt lat="34.44013" lon="-118.27084">
        <ele>686.43</ele>
        <time>2026-06-29T00:02:47Z</time>
      </trkpt>
      <trkpt lat="34.44011" lon="-118.27084">
        <ele>686.2</ele>
        <time>2026-06-29T00:02:50Z</time>
      </trkpt>
      <trkpt lat="34.44008" lon="-118.27084">
        <ele>685.74</ele>
        <time>2026-06-29T00:02:53Z</time>
      </trkpt>
      <trkpt lat="34.44005" lon="-118.27085">
        <ele>685.16</ele>
        <time>2026-06-29T00:02:57Z</time>
      </trkpt>
      <trkpt lat="34.44002" lon="-118.27086">
        <ele>684.66</ele>
        <time>2026-06-29T00:03:04Z</time>
      </trkpt>
      <trkpt lat="34.43999" lon="-118.27087">
        <ele>684.29</ele>
        <time>2026-06-29T00:03:08Z</time>
      </trkpt>
      <trkpt lat="34.43996" lon="-118.27088">
        <ele>684.07</ele>
        <time>2026-06-29T00:03:12Z</time>
      </trkpt>
      <trkpt lat="34.43993" lon="-118.27089">
        <ele>683.86</ele>
        <time>2026-06-29T00:03:15Z</time>
      </trkpt>
      <trkpt lat="34.4399" lon="-118.27089">
        <ele>683.56</ele>
        <time>2026-06-29T00:03:18Z</time>
      </trkpt>
      <trkpt lat="34.43987" lon="-118.27089">
        <ele>683.36</ele>
        <time>2026-06-29T00:03:21Z</time>
      </trkpt>
      <trkpt lat="34.43985" lon="-118.27091">
        <ele>683.31</ele>
        <time>2026-06-29T00:03:24Z</time>
      </trkpt>
      <trkpt lat="34.43984" lon="-118.27094">
        <ele>683.27</ele>
        <time>2026-06-29T00:03:26Z</time>
      </trkpt>
      <trkpt lat="34.43985" lon="-118.27099">
        <ele>683.38</ele>
        <time>2026-06-29T00:03:29Z</time>
      </trkpt>
      <trkpt lat="34.43986" lon="-118.27103">
        <ele>683.49</ele>
        <time>2026-06-29T00:03:32Z</time>
      </trkpt>
      <trkpt lat="34.43987" lon="-118.27106">
        <ele>683.6</ele>
        <time>2026-06-29T00:03:35Z</time>
      </trkpt>
      <trkpt lat="34.43989" lon="-118.27111">
        <ele>683.81</ele>
        <time>2026-06-29T00:03:38Z</time>
      </trkpt>
      <trkpt lat="34.4399" lon="-118.27114">
        <ele>683.92</ele>
        <time>2026-06-29T00:03:41Z</time>
      </trkpt>
      <trkpt lat="34.43991" lon="-118.27118">
        <ele>684.03</ele>
        <time>2026-06-29T00:03:44Z</time>
      </trkpt>
      <trkpt lat="34.43992" lon="-118.27122">
        <ele>683.96</ele>
        <time>2026-06-29T00:03:47Z</time>
      </trkpt>
      <trkpt lat="34.43994" lon="-118.27124">
        <ele>683.96</ele>
        <time>2026-06-29T00:04:20Z</time>
      </trkpt>
      <trkpt lat="34.43994" lon="-118.27128">
        <ele>683.53</ele>
        <time>2026-06-29T00:04:27Z</time>
      </trkpt>
      <trkpt lat="34.43993" lon="-118.27131">
        <ele>683.24</ele>
        <time>2026-06-29T00:04:32Z</time>
      </trkpt>
      <trkpt lat="34.43992" lon="-118.27134">
        <ele>683.14</ele>
        <time>2026-06-29T00:04:34Z</time>
      </trkpt>
      <trkpt lat="34.43991" lon="-118.27138">
        <ele>683.03</ele>
        <time>2026-06-29T00:04:36Z</time>
      </trkpt>
      <trkpt lat="34.4399" lon="-118.27142">
        <ele>682.92</ele>
        <time>2026-06-29T00:04:38Z</time>
      </trkpt>
      <trkpt lat="34.43989" lon="-118.27146">
        <ele>682.81</ele>
        <time>2026-06-29T00:04:41Z</time>
      </trkpt>
      <trkpt lat="34.43989" lon="-118.2715">
        <ele>682.65</ele>
        <time>2026-06-29T00:04:45Z</time>
      </trkpt>
      <trkpt lat="34.43988" lon="-118.27154">
        <ele>682.26</ele>
        <time>2026-06-29T00:04:49Z</time>
      </trkpt>
      <trkpt lat="34.43987" lon="-118.27158">
        <ele>681.97</ele>
        <time>2026-06-29T00:04:53Z</time>
      </trkpt>
      <trkpt lat="34.43986" lon="-118.27162">
        <ele>681.75</ele>
        <time>2026-06-29T00:04:57Z</time>
      </trkpt>
      <trkpt lat="34.43986" lon="-118.27165">
        <ele>681.58</ele>
        <time>2026-06-29T00:05:00Z</time>
      </trkpt>
      <trkpt lat="34.43985" lon="-118.27168">
        <ele>681.33</ele>
        <time>2026-06-29T00:05:03Z</time>
      </trkpt>
      <trkpt lat="34.43984" lon="-118.27172">
        <ele>681.12</ele>
        <time>2026-06-29T00:05:06Z</time>
      </trkpt>
      <trkpt lat="34.43984" lon="-118.27175">
        <ele>681.03</ele>
        <time>2026-06-29T00:05:09Z</time>
      </trkpt>
      <trkpt lat="34.43983" lon="-118.27178">
        <ele>680.78</ele>
        <time>2026-06-29T00:05:12Z</time>
      </trkpt>
      <trkpt lat="34.43981" lon="-118.27182">
        <ele>680.34</ele>
        <time>2026-06-29T00:05:16Z</time>
      </trkpt>
      <trkpt lat="34.43979" lon="-118.27184">
        <ele>680.13</ele>
        <time>2026-06-29T00:05:18Z</time>
      </trkpt>
      <trkpt lat="34.43976" lon="-118.27185">
        <ele>680.02</ele>
        <time>2026-06-29T00:05:20Z</time>
      </trkpt>
      <trkpt lat="34.43973" lon="-118.27184">
        <ele>680.13</ele>
        <time>2026-06-29T00:05:23Z</time>
      </trkpt>
      <trkpt lat="34.43971" lon="-118.27181">
        <ele>680.39</ele>
        <time>2026-06-29T00:05:25Z</time>
      </trkpt>
      <trkpt lat="34.43968" lon="-118.2718">
        <ele>680.3</ele>
        <time>2026-06-29T00:05:29Z</time>
      </trkpt>
      <trkpt lat="34.43965" lon="-118.27181">
        <ele>680.1</ele>
        <time>2026-06-29T00:05:33Z</time>
      </trkpt>
      <trkpt lat="34.43961" lon="-118.27182">
        <ele>679.86</ele>
        <time>2026-06-29T00:05:37Z</time>
      </trkpt>
      <trkpt lat="34.43958" lon="-118.27183">
        <ele>679.59</ele>
        <time>2026-06-29T00:05:41Z</time>
      </trkpt>
      <trkpt lat="34.43956" lon="-118.27184">
        <ele>679.34</ele>
        <time>2026-06-29T00:05:44Z</time>
      </trkpt>
      <trkpt lat="34.43952" lon="-118.27185">
        <ele>679.02</ele>
        <time>2026-06-29T00:05:48Z</time>
      </trkpt>
      <trkpt lat="34.43949" lon="-118.27185">
        <ele>679.01</ele>
        <time>2026-06-29T00:05:52Z</time>
      </trkpt>
      <trkpt lat="34.43946" lon="-118.27185">
        <ele>679.0</ele>
        <time>2026-06-29T00:05:56Z</time>
      </trkpt>
      <trkpt lat="34.43943" lon="-118.27186">
        <ele>678.84</ele>
        <time>2026-06-29T00:06:02Z</time>
      </trkpt>
      <trkpt lat="34.4394" lon="-118.27187">
        <ele>678.52</ele>
        <time>2026-06-29T00:06:13Z</time>
      </trkpt>
      <trkpt lat="34.43938" lon="-118.27188">
        <ele>678.3</ele>
        <time>2026-06-29T00:06:22Z</time>
      </trkpt>
      <trkpt lat="34.43935" lon="-118.27189">
        <ele>677.98</ele>
        <time>2026-06-29T00:06:31Z</time>
      </trkpt>
      <trkpt lat="34.43932" lon="-118.2719">
        <ele>677.66</ele>
        <time>2026-06-29T00:06:36Z</time>
      </trkpt>
      <trkpt lat="34.4393" lon="-118.27191">
        <ele>677.44</ele>
        <time>2026-06-29T00:06:42Z</time>
      </trkpt>
      <trkpt lat="34.43927" lon="-118.27193">
        <ele>677.12</ele>
        <time>2026-06-29T00:06:49Z</time>
      </trkpt>
      <trkpt lat="34.43924" lon="-118.27194">
        <ele>677.0</ele>
        <time>2026-06-29T00:06:56Z</time>
      </trkpt>
      <trkpt lat="34.43921" lon="-118.27195">
        <ele>677.0</ele>
        <time>2026-06-29T00:07:01Z</time>
      </trkpt>
      <trkpt lat="34.43918" lon="-118.27195">
        <ele>677.0</ele>
        <time>2026-06-29T00:07:05Z</time>
      </trkpt>
      <trkpt lat="34.43915" lon="-118.27196">
        <ele>676.97</ele>
        <time>2026-06-29T00:07:07Z</time>
      </trkpt>
      <trkpt lat="34.43912" lon="-118.27196">
        <ele>676.92</ele>
        <time>2026-06-29T00:07:10Z</time>
      </trkpt>
      <trkpt lat="34.43908" lon="-118.27197">
        <ele>676.74</ele>
        <time>2026-06-29T00:07:13Z</time>
      </trkpt>
      <trkpt lat="34.43905" lon="-118.27198">
        <ele>676.46</ele>
        <time>2026-06-29T00:07:16Z</time>
      </trkpt>
      <trkpt lat="34.43902" lon="-118.27198">
        <ele>676.26</ele>
        <time>2026-06-29T00:07:19Z</time>
      </trkpt>
      <trkpt lat="34.43899" lon="-118.27199">
        <ele>676.05</ele>
        <time>2026-06-29T00:07:21Z</time>
      </trkpt>
      <trkpt lat="34.43895" lon="-118.272">
        <ele>676.0</ele>
        <time>2026-06-29T00:07:24Z</time>
      </trkpt>
      <trkpt lat="34.43892" lon="-118.27201">
        <ele>676.0</ele>
        <time>2026-06-29T00:07:27Z</time>
      </trkpt>
      <trkpt lat="34.43889" lon="-118.27201">
        <ele>676.0</ele>
        <time>2026-06-29T00:07:30Z</time>
      </trkpt>
      <trkpt lat="34.43886" lon="-118.27202">
        <ele>676.0</ele>
        <time>2026-06-29T00:07:34Z</time>
      </trkpt>
      <trkpt lat="34.43883" lon="-118.27203">
        <ele>676.0</ele>
        <time>2026-06-29T00:07:39Z</time>
      </trkpt>
      <trkpt lat="34.4388" lon="-118.27204">
        <ele>676.0</ele>
        <time>2026-06-29T00:07:50Z</time>
      </trkpt>
      <trkpt lat="34.43879" lon="-118.27199">
        <ele>676.0</ele>
        <time>2026-06-29T00:07:54Z</time>
      </trkpt>
      <trkpt lat="34.43878" lon="-118.27195">
        <ele>676.0</ele>
        <time>2026-06-29T00:07:56Z</time>
      </trkpt>
      <trkpt lat="34.43878" lon="-118.2719">
        <ele>676.0</ele>
        <time>2026-06-29T00:07:59Z</time>
      </trkpt>
      <trkpt lat="34.4388" lon="-118.27187">
        <ele>676.0</ele>
        <time>2026-06-29T00:08:04Z</time>
      </trkpt>
      <trkpt lat="34.43884" lon="-118.27187">
        <ele>676.0</ele>
        <time>2026-06-29T00:08:07Z</time>
      </trkpt>
      <trkpt lat="34.43887" lon="-118.27188">
        <ele>676.0</ele>
        <time>2026-06-29T00:08:21Z</time>
      </trkpt>
      <trkpt lat="34.43884" lon="-118.27189">
        <ele>676.0</ele>
        <time>2026-06-29T00:08:44Z</time>
      </trkpt>
      <trkpt lat="34.4388" lon="-118.2719">
        <ele>676.0</ele>
        <time>2026-06-29T00:08:54Z</time>
      </trkpt>
      <trkpt lat="34.43875" lon="-118.27188">
        <ele>676.0</ele>
        <time>2026-06-29T00:09:10Z</time>
      </trkpt>
      <trkpt lat="34.43874" lon="-118.27196">
        <ele>676.0</ele>
        <time>2026-06-29T00:10:39Z</time>
      </trkpt>
      <trkpt lat="34.43873" lon="-118.27203">
        <ele>676.0</ele>
        <time>2026-06-29T00:10:42Z</time>
      </trkpt>
      <trkpt lat="34.4387" lon="-118.27205">
        <ele>676.0</ele>
        <time>2026-06-29T00:10:56Z</time>
      </trkpt>
      <trkpt lat="34.43866" lon="-118.27204">
        <ele>676.0</ele>
        <time>2026-06-29T00:10:58Z</time>
      </trkpt>
      <trkpt lat="34.43862" lon="-118.27204">
        <ele>676.0</ele>
        <time>2026-06-29T00:11:00Z</time>
      </trkpt>
      <trkpt lat="34.43858" lon="-118.27204">
        <ele>676.33</ele>
        <time>2026-06-29T00:11:03Z</time>
      </trkpt>
      <trkpt lat="34.43855" lon="-118.27205">
        <ele>676.57</ele>
        <time>2026-06-29T00:11:06Z</time>
      </trkpt>
      <trkpt lat="34.43852" lon="-118.27206">
        <ele>676.74</ele>
        <time>2026-06-29T00:11:09Z</time>
      </trkpt>
      <trkpt lat="34.43849" lon="-118.27206">
        <ele>676.83</ele>
        <time>2026-06-29T00:11:12Z</time>
      </trkpt>
      <trkpt lat="34.43845" lon="-118.27206">
        <ele>676.94</ele>
        <time>2026-06-29T00:11:15Z</time>
      </trkpt>
      <trkpt lat="34.43842" lon="-118.27207">
        <ele>677.06</ele>
        <time>2026-06-29T00:11:18Z</time>
      </trkpt>
      <trkpt lat="34.43839" lon="-118.27207">
        <ele>677.39</ele>
        <time>2026-06-29T00:11:21Z</time>
      </trkpt>
      <trkpt lat="34.43836" lon="-118.27209">
        <ele>677.71</ele>
        <time>2026-06-29T00:11:24Z</time>
      </trkpt>
      <trkpt lat="34.43833" lon="-118.2721">
        <ele>678.04</ele>
        <time>2026-06-29T00:11:27Z</time>
      </trkpt>
      <trkpt lat="34.4383" lon="-118.27211">
        <ele>678.36</ele>
        <time>2026-06-29T00:11:30Z</time>
      </trkpt>
      <trkpt lat="34.43828" lon="-118.27213">
        <ele>678.57</ele>
        <time>2026-06-29T00:11:36Z</time>
      </trkpt>
      <trkpt lat="34.43825" lon="-118.27214">
        <ele>678.79</ele>
        <time>2026-06-29T00:11:40Z</time>
      </trkpt>
      <trkpt lat="34.43822" lon="-118.27215">
        <ele>678.83</ele>
        <time>2026-06-29T00:11:43Z</time>
      </trkpt>
      <trkpt lat="34.43819" lon="-118.27215">
        <ele>678.9</ele>
        <time>2026-06-29T00:11:46Z</time>
      </trkpt>
      <trkpt lat="34.43816" lon="-118.27216">
        <ele>678.96</ele>
        <time>2026-06-29T00:11:49Z</time>
      </trkpt>
      <trkpt lat="34.43813" lon="-118.27215">
        <ele>679.2</ele>
        <time>2026-06-29T00:11:52Z</time>
      </trkpt>
      <trkpt lat="34.43811" lon="-118.27212">
        <ele>679.47</ele>
        <time>2026-06-29T00:11:55Z</time>
      </trkpt>
      <trkpt lat="34.43807" lon="-118.27211">
        <ele>679.88</ele>
        <time>2026-06-29T00:11:59Z</time>
      </trkpt>
      <trkpt lat="34.43805" lon="-118.27211">
        <ele>680.06</ele>
        <time>2026-06-29T00:12:03Z</time>
      </trkpt>
      <trkpt lat="34.43801" lon="-118.27211">
        <ele>680.49</ele>
        <time>2026-06-29T00:12:08Z</time>
      </trkpt>
      <trkpt lat="34.43798" lon="-118.27211">
        <ele>680.82</ele>
        <time>2026-06-29T00:12:13Z</time>
      </trkpt>
      <trkpt lat="34.43795" lon="-118.27211">
        <ele>681.14</ele>
        <time>2026-06-29T00:12:17Z</time>
      </trkpt>
      <trkpt lat="34.43792" lon="-118.27212">
        <ele>681.46</ele>
        <time>2026-06-29T00:12:21Z</time>
      </trkpt>
      <trkpt lat="34.43788" lon="-118.27213">
        <ele>681.9</ele>
        <time>2026-06-29T00:12:25Z</time>
      </trkpt>
      <trkpt lat="34.43786" lon="-118.27214">
        <ele>682.11</ele>
        <time>2026-06-29T00:12:28Z</time>
      </trkpt>
      <trkpt lat="34.43785" lon="-118.27218">
        <ele>682.22</ele>
        <time>2026-06-29T00:12:31Z</time>
      </trkpt>
      <trkpt lat="34.43785" lon="-118.27221">
        <ele>682.22</ele>
        <time>2026-06-29T00:12:35Z</time>
      </trkpt>
      <trkpt lat="34.43786" lon="-118.27224">
        <ele>682.11</ele>
        <time>2026-06-29T00:12:40Z</time>
      </trkpt>
      <trkpt lat="34.43785" lon="-118.27228">
        <ele>682.22</ele>
        <time>2026-06-29T00:12:45Z</time>
      </trkpt>
      <trkpt lat="34.43785" lon="-118.27232">
        <ele>682.22</ele>
        <time>2026-06-29T00:12:49Z</time>
      </trkpt>
      <trkpt lat="34.43784" lon="-118.27236">
        <ele>682.33</ele>
        <time>2026-06-29T00:12:53Z</time>
      </trkpt>
      <trkpt lat="34.43781" lon="-118.27237">
        <ele>682.65</ele>
        <time>2026-06-29T00:12:57Z</time>
      </trkpt>
      <trkpt lat="34.43779" lon="-118.27235">
        <ele>682.87</ele>
        <time>2026-06-29T00:12:59Z</time>
      </trkpt>
      <trkpt lat="34.43777" lon="-118.27231">
        <ele>683.08</ele>
        <time>2026-06-29T00:13:02Z</time>
      </trkpt>
      <trkpt lat="34.43775" lon="-118.27227">
        <ele>683.3</ele>
        <time>2026-06-29T00:13:05Z</time>
      </trkpt>
      <trkpt lat="34.43774" lon="-118.27224">
        <ele>683.41</ele>
        <time>2026-06-29T00:13:08Z</time>
      </trkpt>
      <trkpt lat="34.43773" lon="-118.27221">
        <ele>683.52</ele>
        <time>2026-06-29T00:13:11Z</time>
      </trkpt>
      <trkpt lat="34.43771" lon="-118.27224">
        <ele>683.73</ele>
        <time>2026-06-29T00:13:19Z</time>
      </trkpt>
      <trkpt lat="34.43772" lon="-118.27227">
        <ele>683.62</ele>
        <time>2026-06-29T00:13:21Z</time>
      </trkpt>
      <trkpt lat="34.43773" lon="-118.27231">
        <ele>683.52</ele>
        <time>2026-06-29T00:13:24Z</time>
      </trkpt>
      <trkpt lat="34.43773" lon="-118.27235">
        <ele>683.52</ele>
        <time>2026-06-29T00:13:27Z</time>
      </trkpt>
      <trkpt lat="34.43773" lon="-118.27238">
        <ele>683.52</ele>
        <time>2026-06-29T00:13:30Z</time>
      </trkpt>
      <trkpt lat="34.43771" lon="-118.27241">
        <ele>683.73</ele>
        <time>2026-06-29T00:13:33Z</time>
      </trkpt>
      <trkpt lat="34.43767" lon="-118.27242">
        <ele>684.33</ele>
        <time>2026-06-29T00:13:36Z</time>
      </trkpt>
      <trkpt lat="34.43764" lon="-118.27243">
        <ele>684.98</ele>
        <time>2026-06-29T00:13:38Z</time>
      </trkpt>
      <trkpt lat="34.43761" lon="-118.27245">
        <ele>685.62</ele>
        <time>2026-06-29T00:13:41Z</time>
      </trkpt>
      <trkpt lat="34.43757" lon="-118.27246">
        <ele>686.35</ele>
        <time>2026-06-29T00:13:44Z</time>
      </trkpt>
      <trkpt lat="34.43756" lon="-118.2725">
        <ele>686.35</ele>
        <time>2026-06-29T00:13:48Z</time>
      </trkpt>
      <trkpt lat="34.43757" lon="-118.27254">
        <ele>685.92</ele>
        <time>2026-06-29T00:13:52Z</time>
      </trkpt>
      <trkpt lat="34.43757" lon="-118.27257">
        <ele>685.67</ele>
        <time>2026-06-29T00:13:55Z</time>
      </trkpt>
      <trkpt lat="34.43758" lon="-118.27262">
        <ele>685.23</ele>
        <time>2026-06-29T00:13:58Z</time>
      </trkpt>
      <trkpt lat="34.43758" lon="-118.27266">
        <ele>685.17</ele>
        <time>2026-06-29T00:14:00Z</time>
      </trkpt>
      <trkpt lat="34.43758" lon="-118.27269">
        <ele>685.08</ele>
        <time>2026-06-29T00:14:02Z</time>
      </trkpt>
      <trkpt lat="34.43757" lon="-118.27274">
        <ele>684.51</ele>
        <time>2026-06-29T00:14:05Z</time>
      </trkpt>
      <trkpt lat="34.43757" lon="-118.27278">
        <ele>683.98</ele>
        <time>2026-06-29T00:14:08Z</time>
      </trkpt>
      <trkpt lat="34.43756" lon="-118.27283">
        <ele>683.44</ele>
        <time>2026-06-29T00:14:11Z</time>
      </trkpt>
      <trkpt lat="34.43756" lon="-118.27287">
        <ele>683.0</ele>
        <time>2026-06-29T00:14:14Z</time>
      </trkpt>
      <trkpt lat="34.43755" lon="-118.27292">
        <ele>682.46</ele>
        <time>2026-06-29T00:14:17Z</time>
      </trkpt>
      <trkpt lat="34.43755" lon="-118.27296">
        <ele>682.03</ele>
        <time>2026-06-29T00:14:20Z</time>
      </trkpt>
      <trkpt lat="34.43752" lon="-118.27298">
        <ele>681.96</ele>
        <time>2026-06-29T00:14:23Z</time>
      </trkpt>
      <trkpt lat="34.43748" lon="-118.27297">
        <ele>682.22</ele>
        <time>2026-06-29T00:14:25Z</time>
      </trkpt>
      <trkpt lat="34.43745" lon="-118.27294">
        <ele>682.65</ele>
        <time>2026-06-29T00:14:27Z</time>
      </trkpt>
      <trkpt lat="34.43743" lon="-118.27292">
        <ele>682.87</ele>
        <time>2026-06-29T00:14:29Z</time>
      </trkpt>
      <trkpt lat="34.4374" lon="-118.2729">
        <ele>683.03</ele>
        <time>2026-06-29T00:14:32Z</time>
      </trkpt>
      <trkpt lat="34.43737" lon="-118.27289">
        <ele>683.09</ele>
        <time>2026-06-29T00:14:35Z</time>
      </trkpt>
      <trkpt lat="34.43735" lon="-118.27288">
        <ele>683.06</ele>
        <time>2026-06-29T00:14:38Z</time>
      </trkpt>
      <trkpt lat="34.43732" lon="-118.27288">
        <ele>683.1</ele>
        <time>2026-06-29T00:14:41Z</time>
      </trkpt>
      <trkpt lat="34.43728" lon="-118.27288">
        <ele>683.9</ele>
        <time>2026-06-29T00:14:45Z</time>
      </trkpt>
      <trkpt lat="34.43726" lon="-118.27288">
        <ele>684.35</ele>
        <time>2026-06-29T00:14:48Z</time>
      </trkpt>
      <trkpt lat="34.43723" lon="-118.27287">
        <ele>684.84</ele>
        <time>2026-06-29T00:14:51Z</time>
      </trkpt>
      <trkpt lat="34.4372" lon="-118.27288">
        <ele>686.36</ele>
        <time>2026-06-29T00:14:54Z</time>
      </trkpt>
      <trkpt lat="34.43717" lon="-118.27287">
        <ele>687.82</ele>
        <time>2026-06-29T00:14:57Z</time>
      </trkpt>
      <trkpt lat="34.43715" lon="-118.27288">
        <ele>688.95</ele>
        <time>2026-06-29T00:15:00Z</time>
      </trkpt>
      <trkpt lat="34.43712" lon="-118.27288">
        <ele>690.23</ele>
        <time>2026-06-29T00:15:03Z</time>
      </trkpt>
      <trkpt lat="34.43709" lon="-118.27289">
        <ele>691.04</ele>
        <time>2026-06-29T00:15:06Z</time>
      </trkpt>
      <trkpt lat="34.43706" lon="-118.27292">
        <ele>692.31</ele>
        <time>2026-06-29T00:15:09Z</time>
      </trkpt>
      <trkpt lat="34.43703" lon="-118.27294">
        <ele>693.58</ele>
        <time>2026-06-29T00:15:12Z</time>
      </trkpt>
      <trkpt lat="34.437" lon="-118.27296">
        <ele>694.34</ele>
        <time>2026-06-29T00:15:15Z</time>
      </trkpt>
      <trkpt lat="34.43698" lon="-118.27299">
        <ele>694.91</ele>
        <time>2026-06-29T00:15:18Z</time>
      </trkpt>
      <trkpt lat="34.43695" lon="-118.27302">
        <ele>695.56</ele>
        <time>2026-06-29T00:15:21Z</time>
      </trkpt>
      <trkpt lat="34.43693" lon="-118.27305">
        <ele>695.94</ele>
        <time>2026-06-29T00:15:24Z</time>
      </trkpt>
      <trkpt lat="34.43694" lon="-118.27309">
        <ele>696.39</ele>
        <time>2026-06-29T00:15:27Z</time>
      </trkpt>
      <trkpt lat="34.43694" lon="-118.27314">
        <ele>696.96</ele>
        <time>2026-06-29T00:15:30Z</time>
      </trkpt>
      <trkpt lat="34.43692" lon="-118.27319">
        <ele>697.72</ele>
        <time>2026-06-29T00:15:33Z</time>
      </trkpt>
      <trkpt lat="34.43691" lon="-118.27321">
        <ele>698.04</ele>
        <time>2026-06-29T00:15:35Z</time>
      </trkpt>
      <trkpt lat="34.43688" lon="-118.27325">
        <ele>698.77</ele>
        <time>2026-06-29T00:15:38Z</time>
      </trkpt>
      <trkpt lat="34.43685" lon="-118.27325">
        <ele>699.12</ele>
        <time>2026-06-29T00:15:44Z</time>
      </trkpt>
      <trkpt lat="34.43684" lon="-118.27328">
        <ele>699.55</ele>
        <time>2026-06-29T00:15:47Z</time>
      </trkpt>
      <trkpt lat="34.43683" lon="-118.27332">
        <ele>700.09</ele>
        <time>2026-06-29T00:15:50Z</time>
      </trkpt>
      <trkpt lat="34.43682" lon="-118.27335">
        <ele>700.41</ele>
        <time>2026-06-29T00:15:53Z</time>
      </trkpt>
      <trkpt lat="34.43682" lon="-118.2734">
        <ele>700.59</ele>
        <time>2026-06-29T00:15:56Z</time>
      </trkpt>
      <trkpt lat="34.43682" lon="-118.27343">
        <ele>700.62</ele>
        <time>2026-06-29T00:15:59Z</time>
      </trkpt>
      <trkpt lat="34.43683" lon="-118.27341">
        <ele>700.43</ele>
        <time>2026-06-29T00:16:10Z</time>
      </trkpt>
      <trkpt lat="34.43681" lon="-118.2734">
        <ele>700.78</ele>
        <time>2026-06-29T00:16:32Z</time>
      </trkpt>
      <trkpt lat="34.43682" lon="-118.27333">
        <ele>700.31</ele>
        <time>2026-06-29T00:17:38Z</time>
      </trkpt>
      <trkpt lat="34.43682" lon="-118.27328">
        <ele>699.77</ele>
        <time>2026-06-29T00:17:40Z</time>
      </trkpt>
      <trkpt lat="34.43682" lon="-118.27323">
        <ele>699.19</ele>
        <time>2026-06-29T00:17:43Z</time>
      </trkpt>
      <trkpt lat="34.43686" lon="-118.27321">
        <ele>698.58</ele>
        <time>2026-06-29T00:17:46Z</time>
      </trkpt>
      <trkpt lat="34.43691" lon="-118.2732">
        <ele>697.93</ele>
        <time>2026-06-29T00:17:48Z</time>
      </trkpt>
      <trkpt lat="34.43694" lon="-118.27319">
        <ele>697.5</ele>
        <time>2026-06-29T00:17:50Z</time>
      </trkpt>
      <trkpt lat="34.43697" lon="-118.27318">
        <ele>697.07</ele>
        <time>2026-06-29T00:17:52Z</time>
      </trkpt>
      <trkpt lat="34.437" lon="-118.27318">
        <ele>696.74</ele>
        <time>2026-06-29T00:17:57Z</time>
      </trkpt>
      <trkpt lat="34.43699" lon="-118.27322">
        <ele>697.28</ele>
        <time>2026-06-29T00:18:23Z</time>
      </trkpt>
      <trkpt lat="34.43699" lon="-118.27325">
        <ele>697.51</ele>
        <time>2026-06-29T00:19:51Z</time>
      </trkpt>
    </trkseg>
  </trk>
</gpx>
