<?xml version="1.0" encoding="UTF-8"?>
<gpx xmlns:xsi="http://www.w3.org/2001/XMLSchema-instance" xmlns="http://www.topografix.com/GPX/1/1" xmlns:onx="http://www.onxmaps.com" xsi:schemaLocation="http://www.topografix.com/GPX/1/1 http://www.topografix.com/GPX/1/1/gpx.xsd " version="1.1" creator="onXmaps backcountry ios">
	<trk>
		<name>McKinley Station Trail + Taiga Loop + Horseshoe Lake Loop</name>
		<extensions>
			<onx:style>dash</onx:style>
			<onx:weight>4.0</onx:weight>
			<onx:color>rgba(0, 255, 255, 1)</onx:color>
		</extensions>
		<trkseg>
			<trkpt lat="63.729713" lon="-148.900162">
				<ele>514.251282</ele>
				<time>2026-06-17T23:16:54Z</time>
			</trkpt>
			<trkpt lat="63.729744" lon="-148.900238">
				<ele>512.515747</ele>
				<time>2026-06-17T23:17:09Z</time>
			</trkpt>
			<trkpt lat="63.729748" lon="-148.900375">
				<ele>518.838318</ele>
				<time>2026-06-17T23:17:23Z</time>
			</trkpt>
			<trkpt lat="63.729748" lon="-148.900375">
				<ele>518.838318</ele>
				<time>2026-06-17T23:17:23Z</time>
			</trkpt>
			<trkpt lat="63.729702" lon="-148.90036">
				<ele>515.970215</ele>
				<time>2026-06-17T23:17:39Z</time>
			</trkpt>
			<trkpt lat="63.729683" lon="-148.900467">
				<ele>513.778809</ele>
				<time>2026-06-17T23:17:44Z</time>
			</trkpt>
			<trkpt lat="63.729683" lon="-148.900467">
				<ele>513.778809</ele>
				<time>2026-06-17T23:17:44Z</time>
			</trkpt>
			<trkpt lat="63.729717" lon="-148.900528">
				<ele>514.034363</ele>
				<time>2026-06-17T23:17:59Z</time>
			</trkpt>
			<trkpt lat="63.72971" lon="-148.900421">
				<ele>515.339417</ele>
				<time>2026-06-17T23:18:10Z</time>
			</trkpt>
			<trkpt lat="63.72971" lon="-148.900421">
				<ele>515.339417</ele>
				<time>2026-06-17T23:18:10Z</time>
			</trkpt>
			<trkpt lat="63.729683" lon="-148.900497">
				<ele>513.617249</ele>
				<time>2026-06-17T23:18:17Z</time>
			</trkpt>
			<trkpt lat="63.729645" lon="-148.900558">
				<ele>519.654846</ele>
				<time>2026-06-17T23:18:22Z</time>
			</trkpt>
			<trkpt lat="63.729671" lon="-148.900467">
				<ele>515.488342</ele>
				<time>2026-06-17T23:18:29Z</time>
			</trkpt>
			<trkpt lat="63.729671" lon="-148.900467">
				<ele>515.488342</ele>
				<time>2026-06-17T23:18:29Z</time>
			</trkpt>
			<trkpt lat="63.72966" lon="-148.900574">
				<ele>512.378113</ele>
				<time>2026-06-17T23:18:38Z</time>
			</trkpt>
			<trkpt lat="63.729614" lon="-148.90062">
				<ele>514.289063</ele>
				<time>2026-06-17T23:18:46Z</time>
			</trkpt>
			<trkpt lat="63.729595" lon="-148.900726">
				<ele>514.327942</ele>
				<time>2026-06-17T23:18:54Z</time>
			</trkpt>
			<trkpt lat="63.729595" lon="-148.900726">
				<ele>514.327942</ele>
				<time>2026-06-17T23:18:54Z</time>
			</trkpt>
			<trkpt lat="63.729576" lon="-148.900848">
				<ele>514.358032</ele>
				<time>2026-06-17T23:19:00Z</time>
			</trkpt>
			<trkpt lat="63.729557" lon="-148.90094">
				<ele>513.57251</ele>
				<time>2026-06-17T23:19:04Z</time>
			</trkpt>
			<trkpt lat="63.729568" lon="-148.901031">
				<ele>516.961304</ele>
				<time>2026-06-17T23:19:08Z</time>
			</trkpt>
			<trkpt lat="63.729572" lon="-148.901138">
				<ele>517.330383</ele>
				<time>2026-06-17T23:19:14Z</time>
			</trkpt>
			<trkpt lat="63.729572" lon="-148.901138">
				<ele>517.330383</ele>
				<time>2026-06-17T23:19:14Z</time>
			</trkpt>
			<trkpt lat="63.72958" lon="-148.901245">
				<ele>518.108337</ele>
				<time>2026-06-17T23:19:21Z</time>
			</trkpt>
			<trkpt lat="63.729584" lon="-148.901337">
				<ele>517.600952</ele>
				<time>2026-06-17T23:19:26Z</time>
			</trkpt>
			<trkpt lat="63.729561" lon="-148.901459">
				<ele>517.275024</ele>
				<time>2026-06-17T23:19:30Z</time>
			</trkpt>
			<trkpt lat="63.729568" lon="-148.901566">
				<ele>517.139465</ele>
				<time>2026-06-17T23:19:35Z</time>
			</trkpt>
			<trkpt lat="63.729568" lon="-148.901566">
				<ele>517.139465</ele>
				<time>2026-06-17T23:19:35Z</time>
			</trkpt>
			<trkpt lat="63.72958" lon="-148.901672">
				<ele>516.739746</ele>
				<time>2026-06-17T23:19:40Z</time>
			</trkpt>
			<trkpt lat="63.729576" lon="-148.901779">
				<ele>517.076599</ele>
				<time>2026-06-17T23:19:44Z</time>
			</trkpt>
			<trkpt lat="63.729553" lon="-148.901871">
				<ele>516.371643</ele>
				<time>2026-06-17T23:19:49Z</time>
			</trkpt>
			<trkpt lat="63.729565" lon="-148.901993">
				<ele>516.839478</ele>
				<time>2026-06-17T23:19:54Z</time>
			</trkpt>
			<trkpt lat="63.729565" lon="-148.901993">
				<ele>516.839478</ele>
				<time>2026-06-17T23:19:54Z</time>
			</trkpt>
			<trkpt lat="63.72953" lon="-148.902069">
				<ele>513.807007</ele>
				<time>2026-06-17T23:19:57Z</time>
			</trkpt>
			<trkpt lat="63.729523" lon="-148.902176">
				<ele>513.379395</ele>
				<time>2026-06-17T23:20:01Z</time>
			</trkpt>
			<trkpt lat="63.729527" lon="-148.902298">
				<ele>513.08905</ele>
				<time>2026-06-17T23:20:06Z</time>
			</trkpt>
			<trkpt lat="63.729546" lon="-148.90239">
				<ele>511.654083</ele>
				<time>2026-06-17T23:20:10Z</time>
			</trkpt>
			<trkpt lat="63.729572" lon="-148.902466">
				<ele>512.717651</ele>
				<time>2026-06-17T23:20:13Z</time>
			</trkpt>
			<trkpt lat="63.729572" lon="-148.902466">
				<ele>512.717651</ele>
				<time>2026-06-17T23:20:13Z</time>
			</trkpt>
			<trkpt lat="63.729595" lon="-148.902557">
				<ele>514.767639</ele>
				<time>2026-06-17T23:20:19Z</time>
			</trkpt>
			<trkpt lat="63.729576" lon="-148.902664">
				<ele>514.758545</ele>
				<time>2026-06-17T23:20:24Z</time>
			</trkpt>
			<trkpt lat="63.729588" lon="-148.902756">
				<ele>514.283508</ele>
				<time>2026-06-17T23:20:28Z</time>
			</trkpt>
			<trkpt lat="63.72958" lon="-148.902863">
				<ele>513.762939</ele>
				<time>2026-06-17T23:20:31Z</time>
			</trkpt>
			<trkpt lat="63.729561" lon="-148.902969">
				<ele>513.338989</ele>
				<time>2026-06-17T23:20:36Z</time>
			</trkpt>
			<trkpt lat="63.729561" lon="-148.902969">
				<ele>513.338989</ele>
				<time>2026-06-17T23:20:36Z</time>
			</trkpt>
			<trkpt lat="63.729527" lon="-148.90303">
				<ele>513.886658</ele>
				<time>2026-06-17T23:20:40Z</time>
			</trkpt>
			<trkpt lat="63.729496" lon="-148.903122">
				<ele>513.407043</ele>
				<time>2026-06-17T23:20:45Z</time>
			</trkpt>
			<trkpt lat="63.729477" lon="-148.903229">
				<ele>514.341736</ele>
				<time>2026-06-17T23:20:50Z</time>
			</trkpt>
			<trkpt lat="63.729462" lon="-148.90332">
				<ele>514.428772</ele>
				<time>2026-06-17T23:20:54Z</time>
			</trkpt>
			<trkpt lat="63.729469" lon="-148.903427">
				<ele>514.501404</ele>
				<time>2026-06-17T23:20:58Z</time>
			</trkpt>
			<trkpt lat="63.729469" lon="-148.903427">
				<ele>514.501404</ele>
				<time>2026-06-17T23:20:58Z</time>
			</trkpt>
			<trkpt lat="63.729465" lon="-148.903534">
				<ele>515.847229</ele>
				<time>2026-06-17T23:21:03Z</time>
			</trkpt>
			<trkpt lat="63.729443" lon="-148.903625">
				<ele>516.585754</ele>
				<time>2026-06-17T23:21:07Z</time>
			</trkpt>
			<trkpt lat="63.729424" lon="-148.903748">
				<ele>518.114807</ele>
				<time>2026-06-17T23:21:13Z</time>
			</trkpt>
			<trkpt lat="63.729408" lon="-148.903854">
				<ele>517.790527</ele>
				<time>2026-06-17T23:21:17Z</time>
			</trkpt>
			<trkpt lat="63.729408" lon="-148.903854">
				<ele>517.790527</ele>
				<time>2026-06-17T23:21:17Z</time>
			</trkpt>
			<trkpt lat="63.729401" lon="-148.903961">
				<ele>517.504395</ele>
				<time>2026-06-17T23:21:22Z</time>
			</trkpt>
			<trkpt lat="63.729393" lon="-148.904068">
				<ele>518.395691</ele>
				<time>2026-06-17T23:21:25Z</time>
			</trkpt>
			<trkpt lat="63.729366" lon="-148.904175">
				<ele>519.841309</ele>
				<time>2026-06-17T23:21:29Z</time>
			</trkpt>
			<trkpt lat="63.729328" lon="-148.904236">
				<ele>520.06189</ele>
				<time>2026-06-17T23:21:33Z</time>
			</trkpt>
			<trkpt lat="63.729279" lon="-148.904297">
				<ele>519.845459</ele>
				<time>2026-06-17T23:21:38Z</time>
			</trkpt>
			<trkpt lat="63.729279" lon="-148.904297">
				<ele>519.845459</ele>
				<time>2026-06-17T23:21:38Z</time>
			</trkpt>
			<trkpt lat="63.729244" lon="-148.904358">
				<ele>519.742554</ele>
				<time>2026-06-17T23:21:43Z</time>
			</trkpt>
			<trkpt lat="63.72921" lon="-148.904434">
				<ele>518.731323</ele>
				<time>2026-06-17T23:21:48Z</time>
			</trkpt>
			<trkpt lat="63.729164" lon="-148.90451">
				<ele>517.888062</ele>
				<time>2026-06-17T23:21:52Z</time>
			</trkpt>
			<trkpt lat="63.729134" lon="-148.904587">
				<ele>516.594849</ele>
				<time>2026-06-17T23:21:55Z</time>
			</trkpt>
			<trkpt lat="63.729095" lon="-148.904648">
				<ele>517.331482</ele>
				<time>2026-06-17T23:21:58Z</time>
			</trkpt>
			<trkpt lat="63.729095" lon="-148.904648">
				<ele>517.331482</ele>
				<time>2026-06-17T23:21:58Z</time>
			</trkpt>
			<trkpt lat="63.729053" lon="-148.904678">
				<ele>516.607422</ele>
				<time>2026-06-17T23:22:01Z</time>
			</trkpt>
			<trkpt lat="63.729004" lon="-148.904709">
				<ele>516.882996</ele>
				<time>2026-06-17T23:22:05Z</time>
			</trkpt>
			<trkpt lat="63.728947" lon="-148.904709">
				<ele>517.484924</ele>
				<time>2026-06-17T23:22:09Z</time>
			</trkpt>
			<trkpt lat="63.728893" lon="-148.904724">
				<ele>518.400879</ele>
				<time>2026-06-17T23:22:13Z</time>
			</trkpt>
			<trkpt lat="63.728844" lon="-148.904755">
				<ele>519.006897</ele>
				<time>2026-06-17T23:22:17Z</time>
			</trkpt>
			<trkpt lat="63.728844" lon="-148.904755">
				<ele>519.006897</ele>
				<time>2026-06-17T23:22:17Z</time>
			</trkpt>
			<trkpt lat="63.728802" lon="-148.904785">
				<ele>519.606995</ele>
				<time>2026-06-17T23:22:21Z</time>
			</trkpt>
			<trkpt lat="63.728771" lon="-148.904846">
				<ele>520.599731</ele>
				<time>2026-06-17T23:22:26Z</time>
			</trkpt>
			<trkpt lat="63.728745" lon="-148.904938">
				<ele>521.137024</ele>
				<time>2026-06-17T23:22:30Z</time>
			</trkpt>
			<trkpt lat="63.728691" lon="-148.904938">
				<ele>519.388</ele>
				<time>2026-06-17T23:22:34Z</time>
			</trkpt>
			<trkpt lat="63.728649" lon="-148.904984">
				<ele>518.660034</ele>
				<time>2026-06-17T23:22:38Z</time>
			</trkpt>
			<trkpt lat="63.728649" lon="-148.904984">
				<ele>518.660034</ele>
				<time>2026-06-17T23:22:38Z</time>
			</trkpt>
			<trkpt lat="63.728615" lon="-148.90506">
				<ele>517.809021</ele>
				<time>2026-06-17T23:22:42Z</time>
			</trkpt>
			<trkpt lat="63.728577" lon="-148.905136">
				<ele>517.722107</ele>
				<time>2026-06-17T23:22:46Z</time>
			</trkpt>
			<trkpt lat="63.728504" lon="-148.905289">
				<ele>519.08728</ele>
				<time>2026-06-17T23:22:55Z</time>
			</trkpt>
			<trkpt lat="63.728466" lon="-148.905334">
				<ele>517.930725</ele>
				<time>2026-06-17T23:22:59Z</time>
			</trkpt>
			<trkpt lat="63.728466" lon="-148.905334">
				<ele>517.930725</ele>
				<time>2026-06-17T23:22:59Z</time>
			</trkpt>
			<trkpt lat="63.728439" lon="-148.905411">
				<ele>519.743164</ele>
				<time>2026-06-17T23:23:03Z</time>
			</trkpt>
			<trkpt lat="63.728401" lon="-148.905502">
				<ele>521.080078</ele>
				<time>2026-06-17T23:23:09Z</time>
			</trkpt>
			<trkpt lat="63.728363" lon="-148.905579">
				<ele>523.131958</ele>
				<time>2026-06-17T23:23:14Z</time>
			</trkpt>
			<trkpt lat="63.728313" lon="-148.905624">
				<ele>522.146973</ele>
				<time>2026-06-17T23:23:19Z</time>
			</trkpt>
			<trkpt lat="63.728313" lon="-148.905624">
				<ele>522.146973</ele>
				<time>2026-06-17T23:23:19Z</time>
			</trkpt>
			<trkpt lat="63.728268" lon="-148.905655">
				<ele>522.409363</ele>
				<time>2026-06-17T23:23:22Z</time>
			</trkpt>
			<trkpt lat="63.728168" lon="-148.905746">
				<ele>520.432251</ele>
				<time>2026-06-17T23:23:30Z</time>
			</trkpt>
			<trkpt lat="63.728119" lon="-148.905731">
				<ele>519.777771</ele>
				<time>2026-06-17T23:23:36Z</time>
			</trkpt>
			<trkpt lat="63.728073" lon="-148.905731">
				<ele>520.87738</ele>
				<time>2026-06-17T23:23:40Z</time>
			</trkpt>
			<trkpt lat="63.728073" lon="-148.905731">
				<ele>520.87738</ele>
				<time>2026-06-17T23:23:40Z</time>
			</trkpt>
			<trkpt lat="63.728027" lon="-148.905792">
				<ele>521.525269</ele>
				<time>2026-06-17T23:23:43Z</time>
			</trkpt>
			<trkpt lat="63.727978" lon="-148.905807">
				<ele>521.406128</ele>
				<time>2026-06-17T23:23:46Z</time>
			</trkpt>
			<trkpt lat="63.72794" lon="-148.905838">
				<ele>521.476196</ele>
				<time>2026-06-17T23:23:51Z</time>
			</trkpt>
			<trkpt lat="63.727898" lon="-148.90593">
				<ele>520.576233</ele>
				<time>2026-06-17T23:23:57Z</time>
			</trkpt>
			<trkpt lat="63.727856" lon="-148.905975">
				<ele>520.314514</ele>
				<time>2026-06-17T23:24:02Z</time>
			</trkpt>
			<trkpt lat="63.727856" lon="-148.905975">
				<ele>520.314514</ele>
				<time>2026-06-17T23:24:02Z</time>
			</trkpt>
			<trkpt lat="63.727821" lon="-148.906067">
				<ele>519.756531</ele>
				<time>2026-06-17T23:24:05Z</time>
			</trkpt>
			<trkpt lat="63.727798" lon="-148.906158">
				<ele>520.535889</ele>
				<time>2026-06-17T23:24:11Z</time>
			</trkpt>
			<trkpt lat="63.72776" lon="-148.90625">
				<ele>520.536499</ele>
				<time>2026-06-17T23:24:14Z</time>
			</trkpt>
			<trkpt lat="63.72773" lon="-148.906342">
				<ele>521.102722</ele>
				<time>2026-06-17T23:24:20Z</time>
			</trkpt>
			<trkpt lat="63.727703" lon="-148.906418">
				<ele>521.724976</ele>
				<time>2026-06-17T23:24:24Z</time>
			</trkpt>
			<trkpt lat="63.727703" lon="-148.906418">
				<ele>521.724976</ele>
				<time>2026-06-17T23:24:24Z</time>
			</trkpt>
			<trkpt lat="63.727692" lon="-148.906555">
				<ele>521.403503</ele>
				<time>2026-06-17T23:24:29Z</time>
			</trkpt>
			<trkpt lat="63.727661" lon="-148.906662">
				<ele>523.191833</ele>
				<time>2026-06-17T23:24:34Z</time>
			</trkpt>
			<trkpt lat="63.727615" lon="-148.906845">
				<ele>524.291077</ele>
				<time>2026-06-17T23:24:42Z</time>
			</trkpt>
			<trkpt lat="63.727589" lon="-148.906906">
				<ele>523.207153</ele>
				<time>2026-06-17T23:24:45Z</time>
			</trkpt>
			<trkpt lat="63.727589" lon="-148.906906">
				<ele>523.207153</ele>
				<time>2026-06-17T23:24:45Z</time>
			</trkpt>
			<trkpt lat="63.727581" lon="-148.906998">
				<ele>524.177185</ele>
				<time>2026-06-17T23:24:49Z</time>
			</trkpt>
			<trkpt lat="63.727543" lon="-148.907104">
				<ele>524.198547</ele>
				<time>2026-06-17T23:24:54Z</time>
			</trkpt>
			<trkpt lat="63.727528" lon="-148.907211">
				<ele>522.955139</ele>
				<time>2026-06-17T23:24:58Z</time>
			</trkpt>
			<trkpt lat="63.72752" lon="-148.907333">
				<ele>522.378784</ele>
				<time>2026-06-17T23:25:02Z</time>
			</trkpt>
			<trkpt lat="63.727512" lon="-148.907455">
				<ele>523.165649</ele>
				<time>2026-06-17T23:25:08Z</time>
			</trkpt>
			<trkpt lat="63.727512" lon="-148.907455">
				<ele>523.165649</ele>
				<time>2026-06-17T23:25:08Z</time>
			</trkpt>
			<trkpt lat="63.727478" lon="-148.907578">
				<ele>523.909058</ele>
				<time>2026-06-17T23:25:12Z</time>
			</trkpt>
			<trkpt lat="63.727444" lon="-148.907654">
				<ele>523.35321</ele>
				<time>2026-06-17T23:25:15Z</time>
			</trkpt>
			<trkpt lat="63.727421" lon="-148.90773">
				<ele>522.92804</ele>
				<time>2026-06-17T23:25:19Z</time>
			</trkpt>
			<trkpt lat="63.727394" lon="-148.907837">
				<ele>524.213806</ele>
				<time>2026-06-17T23:25:23Z</time>
			</trkpt>
			<trkpt lat="63.727379" lon="-148.907959">
				<ele>523.538635</ele>
				<time>2026-06-17T23:25:28Z</time>
			</trkpt>
			<trkpt lat="63.727379" lon="-148.907959">
				<ele>523.538635</ele>
				<time>2026-06-17T23:25:28Z</time>
			</trkpt>
			<trkpt lat="63.727348" lon="-148.908035">
				<ele>523.329224</ele>
				<time>2026-06-17T23:25:32Z</time>
			</trkpt>
			<trkpt lat="63.727318" lon="-148.908112">
				<ele>524.661987</ele>
				<time>2026-06-17T23:25:36Z</time>
			</trkpt>
			<trkpt lat="63.727299" lon="-148.908203">
				<ele>523.674866</ele>
				<time>2026-06-17T23:25:39Z</time>
			</trkpt>
			<trkpt lat="63.727287" lon="-148.90831">
				<ele>525.120239</ele>
				<time>2026-06-17T23:25:45Z</time>
			</trkpt>
			<trkpt lat="63.727249" lon="-148.908386">
				<ele>523.610474</ele>
				<time>2026-06-17T23:25:48Z</time>
			</trkpt>
			<trkpt lat="63.727249" lon="-148.908386">
				<ele>523.610474</ele>
				<time>2026-06-17T23:25:48Z</time>
			</trkpt>
			<trkpt lat="63.727222" lon="-148.908493">
				<ele>524.415527</ele>
				<time>2026-06-17T23:25:52Z</time>
			</trkpt>
			<trkpt lat="63.727188" lon="-148.908569">
				<ele>523.237305</ele>
				<time>2026-06-17T23:25:57Z</time>
			</trkpt>
			<trkpt lat="63.727158" lon="-148.908661">
				<ele>523.390991</ele>
				<time>2026-06-17T23:26:00Z</time>
			</trkpt>
			<trkpt lat="63.727116" lon="-148.908737">
				<ele>522.849304</ele>
				<time>2026-06-17T23:26:03Z</time>
			</trkpt>
			<trkpt lat="63.72707" lon="-148.908722">
				<ele>522.849304</ele>
				<time>2026-06-17T23:26:06Z</time>
			</trkpt>
			<trkpt lat="63.727016" lon="-148.908691">
				<ele>522.000916</ele>
				<time>2026-06-17T23:26:10Z</time>
			</trkpt>
			<trkpt lat="63.727016" lon="-148.908691">
				<ele>522.000916</ele>
				<time>2026-06-17T23:26:10Z</time>
			</trkpt>
			<trkpt lat="63.726974" lon="-148.90863">
				<ele>521.266968</ele>
				<time>2026-06-17T23:26:14Z</time>
			</trkpt>
			<trkpt lat="63.726917" lon="-148.908646">
				<ele>520.243408</ele>
				<time>2026-06-17T23:26:21Z</time>
			</trkpt>
			<trkpt lat="63.726887" lon="-148.908554">
				<ele>520.4552</ele>
				<time>2026-06-17T23:26:29Z</time>
			</trkpt>
			<trkpt lat="63.726887" lon="-148.908554">
				<ele>520.4552</ele>
				<time>2026-06-17T23:26:29Z</time>
			</trkpt>
			<trkpt lat="63.726841" lon="-148.908539">
				<ele>520.676941</ele>
				<time>2026-06-17T23:26:41Z</time>
			</trkpt>
			<trkpt lat="63.726891" lon="-148.908493">
				<ele>518.945923</ele>
				<time>2026-06-17T23:26:49Z</time>
			</trkpt>
			<trkpt lat="63.726891" lon="-148.908493">
				<ele>518.945923</ele>
				<time>2026-06-17T23:26:49Z</time>
			</trkpt>
			<trkpt lat="63.726925" lon="-148.908432">
				<ele>521.526062</ele>
				<time>2026-06-17T23:26:58Z</time>
			</trkpt>
			<trkpt lat="63.726974" lon="-148.908432">
				<ele>521.858765</ele>
				<time>2026-06-17T23:27:04Z</time>
			</trkpt>
			<trkpt lat="63.726967" lon="-148.908524">
				<ele>520.777466</ele>
				<time>2026-06-17T23:27:08Z</time>
			</trkpt>
			<trkpt lat="63.726967" lon="-148.908524">
				<ele>520.777466</ele>
				<time>2026-06-17T23:27:08Z</time>
			</trkpt>
			<trkpt lat="63.726929" lon="-148.908569">
				<ele>521.824097</ele>
				<time>2026-06-17T23:27:25Z</time>
			</trkpt>
			<trkpt lat="63.726883" lon="-148.908615">
				<ele>520.034912</ele>
				<time>2026-06-17T23:27:33Z</time>
			</trkpt>
			<trkpt lat="63.726849" lon="-148.908691">
				<ele>519.496582</ele>
				<time>2026-06-17T23:27:38Z</time>
			</trkpt>
			<trkpt lat="63.726849" lon="-148.908691">
				<ele>519.496582</ele>
				<time>2026-06-17T23:27:38Z</time>
			</trkpt>
			<trkpt lat="63.726826" lon="-148.908798">
				<ele>521.085083</ele>
				<time>2026-06-17T23:27:42Z</time>
			</trkpt>
			<trkpt lat="63.72683" lon="-148.908905">
				<ele>520.267151</ele>
				<time>2026-06-17T23:27:49Z</time>
			</trkpt>
			<trkpt lat="63.726837" lon="-148.909027">
				<ele>521.887817</ele>
				<time>2026-06-17T23:27:53Z</time>
			</trkpt>
			<trkpt lat="63.72681" lon="-148.909103">
				<ele>522.61554</ele>
				<time>2026-06-17T23:27:56Z</time>
			</trkpt>
			<trkpt lat="63.726791" lon="-148.90921">
				<ele>521.076599</ele>
				<time>2026-06-17T23:28:00Z</time>
			</trkpt>
			<trkpt lat="63.726791" lon="-148.90921">
				<ele>521.076599</ele>
				<time>2026-06-17T23:28:00Z</time>
			</trkpt>
			<trkpt lat="63.726788" lon="-148.909317">
				<ele>519.2005</ele>
				<time>2026-06-17T23:28:06Z</time>
			</trkpt>
			<trkpt lat="63.726757" lon="-148.909378">
				<ele>519.039673</ele>
				<time>2026-06-17T23:28:10Z</time>
			</trkpt>
			<trkpt lat="63.72673" lon="-148.909485">
				<ele>517.150391</ele>
				<time>2026-06-17T23:28:15Z</time>
			</trkpt>
			<trkpt lat="63.726707" lon="-148.909561">
				<ele>516.926697</ele>
				<time>2026-06-17T23:28:20Z</time>
			</trkpt>
			<trkpt lat="63.726707" lon="-148.909561">
				<ele>516.926697</ele>
				<time>2026-06-17T23:28:20Z</time>
			</trkpt>
			<trkpt lat="63.726696" lon="-148.909653">
				<ele>519.268982</ele>
				<time>2026-06-17T23:28:24Z</time>
			</trkpt>
			<trkpt lat="63.726681" lon="-148.90976">
				<ele>519.797058</ele>
				<time>2026-06-17T23:28:29Z</time>
			</trkpt>
			<trkpt lat="63.726662" lon="-148.909851">
				<ele>518.258911</ele>
				<time>2026-06-17T23:28:35Z</time>
			</trkpt>
			<trkpt lat="63.726635" lon="-148.909958">
				<ele>518.395813</ele>
				<time>2026-06-17T23:28:39Z</time>
			</trkpt>
			<trkpt lat="63.726635" lon="-148.909958">
				<ele>518.395813</ele>
				<time>2026-06-17T23:28:39Z</time>
			</trkpt>
			<trkpt lat="63.726574" lon="-148.910141">
				<ele>515.540222</ele>
				<time>2026-06-17T23:28:47Z</time>
			</trkpt>
			<trkpt lat="63.72654" lon="-148.910233">
				<ele>514.431702</ele>
				<time>2026-06-17T23:28:51Z</time>
			</trkpt>
			<trkpt lat="63.726509" lon="-148.910324">
				<ele>513.540894</ele>
				<time>2026-06-17T23:28:55Z</time>
			</trkpt>
			<trkpt lat="63.726479" lon="-148.9104">
				<ele>512.973083</ele>
				<time>2026-06-17T23:28:59Z</time>
			</trkpt>
			<trkpt lat="63.726479" lon="-148.9104">
				<ele>512.973083</ele>
				<time>2026-06-17T23:28:59Z</time>
			</trkpt>
			<trkpt lat="63.726456" lon="-148.910492">
				<ele>513.545654</ele>
				<time>2026-06-17T23:29:06Z</time>
			</trkpt>
			<trkpt lat="63.726425" lon="-148.910583">
				<ele>513.780029</ele>
				<time>2026-06-17T23:29:11Z</time>
			</trkpt>
			<trkpt lat="63.726395" lon="-148.910675">
				<ele>512.882935</ele>
				<time>2026-06-17T23:29:16Z</time>
			</trkpt>
			<trkpt lat="63.72636" lon="-148.910736">
				<ele>511.992554</ele>
				<time>2026-06-17T23:29:19Z</time>
			</trkpt>
			<trkpt lat="63.72636" lon="-148.910736">
				<ele>511.992554</ele>
				<time>2026-06-17T23:29:19Z</time>
			</trkpt>
			<trkpt lat="63.726322" lon="-148.910843">
				<ele>511.931671</ele>
				<time>2026-06-17T23:29:26Z</time>
			</trkpt>
			<trkpt lat="63.726303" lon="-148.910934">
				<ele>512.117126</ele>
				<time>2026-06-17T23:29:30Z</time>
			</trkpt>
			<trkpt lat="63.726273" lon="-148.910995">
				<ele>512.211975</ele>
				<time>2026-06-17T23:29:33Z</time>
			</trkpt>
			<trkpt lat="63.726227" lon="-148.91095">
				<ele>510.53244</ele>
				<time>2026-06-17T23:29:36Z</time>
			</trkpt>
			<trkpt lat="63.7262" lon="-148.910873">
				<ele>510.289948</ele>
				<time>2026-06-17T23:29:40Z</time>
			</trkpt>
			<trkpt lat="63.7262" lon="-148.910873">
				<ele>510.289948</ele>
				<time>2026-06-17T23:29:40Z</time>
			</trkpt>
			<trkpt lat="63.726185" lon="-148.910767">
				<ele>510.157135</ele>
				<time>2026-06-17T23:29:43Z</time>
			</trkpt>
			<trkpt lat="63.726173" lon="-148.910675">
				<ele>509.009216</ele>
				<time>2026-06-17T23:29:46Z</time>
			</trkpt>
			<trkpt lat="63.726173" lon="-148.910568">
				<ele>508.208679</ele>
				<time>2026-06-17T23:29:50Z</time>
			</trkpt>
			<trkpt lat="63.726177" lon="-148.910461">
				<ele>507.936829</ele>
				<time>2026-06-17T23:29:54Z</time>
			</trkpt>
			<trkpt lat="63.726185" lon="-148.910339">
				<ele>507.913391</ele>
				<time>2026-06-17T23:29:58Z</time>
			</trkpt>
			<trkpt lat="63.726173" lon="-148.910248">
				<ele>507.087463</ele>
				<time>2026-06-17T23:30:03Z</time>
			</trkpt>
			<trkpt lat="63.726173" lon="-148.910248">
				<ele>507.087463</ele>
				<time>2026-06-17T23:30:03Z</time>
			</trkpt>
			<trkpt lat="63.726143" lon="-148.910156">
				<ele>506.233704</ele>
				<time>2026-06-17T23:30:08Z</time>
			</trkpt>
			<trkpt lat="63.726105" lon="-148.910095">
				<ele>504.926544</ele>
				<time>2026-06-17T23:30:12Z</time>
			</trkpt>
			<trkpt lat="63.726059" lon="-148.91008">
				<ele>503.515259</ele>
				<time>2026-06-17T23:30:17Z</time>
			</trkpt>
			<trkpt lat="63.726059" lon="-148.910202">
				<ele>506.388641</ele>
				<time>2026-06-17T23:31:11Z</time>
			</trkpt>
			<trkpt lat="63.726059" lon="-148.910202">
				<ele>506.388641</ele>
				<time>2026-06-17T23:31:11Z</time>
			</trkpt>
			<trkpt lat="63.726036" lon="-148.910294">
				<ele>506.244202</ele>
				<time>2026-06-17T23:31:15Z</time>
			</trkpt>
			<trkpt lat="63.726017" lon="-148.910385">
				<ele>507.311371</ele>
				<time>2026-06-17T23:31:19Z</time>
			</trkpt>
			<trkpt lat="63.725979" lon="-148.910431">
				<ele>505.703186</ele>
				<time>2026-06-17T23:32:20Z</time>
			</trkpt>
			<trkpt lat="63.725979" lon="-148.910431">
				<ele>505.703186</ele>
				<time>2026-06-17T23:32:20Z</time>
			</trkpt>
			<trkpt lat="63.725994" lon="-148.910339">
				<ele>507.217285</ele>
				<time>2026-06-17T23:32:41Z</time>
			</trkpt>
			<trkpt lat="63.726021" lon="-148.910263">
				<ele>507.10733</ele>
				<time>2026-06-17T23:32:47Z</time>
			</trkpt>
			<trkpt lat="63.726021" lon="-148.910263">
				<ele>507.10733</ele>
				<time>2026-06-17T23:32:47Z</time>
			</trkpt>
			<trkpt lat="63.726048" lon="-148.910172">
				<ele>506.046753</ele>
				<time>2026-06-17T23:32:54Z</time>
			</trkpt>
			<trkpt lat="63.726089" lon="-148.910126">
				<ele>508.100952</ele>
				<time>2026-06-17T23:33:18Z</time>
			</trkpt>
			<trkpt lat="63.726089" lon="-148.910126">
				<ele>508.100952</ele>
				<time>2026-06-17T23:33:18Z</time>
			</trkpt>
			<trkpt lat="63.726124" lon="-148.910065">
				<ele>506.467072</ele>
				<time>2026-06-17T23:33:46Z</time>
			</trkpt>
			<trkpt lat="63.726124" lon="-148.910065">
				<ele>506.467072</ele>
				<time>2026-06-17T23:33:46Z</time>
			</trkpt>
			<trkpt lat="63.726177" lon="-148.910095">
				<ele>508.069153</ele>
				<time>2026-06-17T23:33:53Z</time>
			</trkpt>
			<trkpt lat="63.726196" lon="-148.910187">
				<ele>509.872375</ele>
				<time>2026-06-17T23:33:58Z</time>
			</trkpt>
			<trkpt lat="63.726212" lon="-148.910278">
				<ele>508.90921</ele>
				<time>2026-06-17T23:34:01Z</time>
			</trkpt>
			<trkpt lat="63.7262" lon="-148.910385">
				<ele>509.922241</ele>
				<time>2026-06-17T23:34:05Z</time>
			</trkpt>
			<trkpt lat="63.7262" lon="-148.910385">
				<ele>509.922241</ele>
				<time>2026-06-17T23:34:05Z</time>
			</trkpt>
			<trkpt lat="63.7262" lon="-148.910522">
				<ele>510.25174</ele>
				<time>2026-06-17T23:34:10Z</time>
			</trkpt>
			<trkpt lat="63.726204" lon="-148.910629">
				<ele>510.287506</ele>
				<time>2026-06-17T23:34:16Z</time>
			</trkpt>
			<trkpt lat="63.726204" lon="-148.910736">
				<ele>509.865295</ele>
				<time>2026-06-17T23:34:20Z</time>
			</trkpt>
			<trkpt lat="63.726238" lon="-148.910828">
				<ele>509.124115</ele>
				<time>2026-06-17T23:34:24Z</time>
			</trkpt>
			<trkpt lat="63.726238" lon="-148.910828">
				<ele>509.124115</ele>
				<time>2026-06-17T23:34:24Z</time>
			</trkpt>
			<trkpt lat="63.726273" lon="-148.910904">
				<ele>509.57074</ele>
				<time>2026-06-17T23:34:27Z</time>
			</trkpt>
			<trkpt lat="63.72628" lon="-148.911026">
				<ele>510.012939</ele>
				<time>2026-06-17T23:34:30Z</time>
			</trkpt>
			<trkpt lat="63.726257" lon="-148.911118">
				<ele>510.504517</ele>
				<time>2026-06-17T23:34:33Z</time>
			</trkpt>
			<trkpt lat="63.726185" lon="-148.91127">
				<ele>511.641235</ele>
				<time>2026-06-17T23:34:39Z</time>
			</trkpt>
			<trkpt lat="63.726162" lon="-148.911392">
				<ele>512.111145</ele>
				<time>2026-06-17T23:34:43Z</time>
			</trkpt>
			<trkpt lat="63.726162" lon="-148.911392">
				<ele>512.111145</ele>
				<time>2026-06-17T23:34:43Z</time>
			</trkpt>
			<trkpt lat="63.726147" lon="-148.911514">
				<ele>512.178162</ele>
				<time>2026-06-17T23:34:47Z</time>
			</trkpt>
			<trkpt lat="63.726116" lon="-148.911606">
				<ele>511.954071</ele>
				<time>2026-06-17T23:34:51Z</time>
			</trkpt>
			<trkpt lat="63.726093" lon="-148.911697">
				<ele>513.207886</ele>
				<time>2026-06-17T23:34:55Z</time>
			</trkpt>
			<trkpt lat="63.726055" lon="-148.911789">
				<ele>511.863586</ele>
				<time>2026-06-17T23:34:59Z</time>
			</trkpt>
			<trkpt lat="63.726048" lon="-148.911896">
				<ele>513.107727</ele>
				<time>2026-06-17T23:35:03Z</time>
			</trkpt>
			<trkpt lat="63.726048" lon="-148.911896">
				<ele>513.107727</ele>
				<time>2026-06-17T23:35:03Z</time>
			</trkpt>
			<trkpt lat="63.726025" lon="-148.911987">
				<ele>512.074524</ele>
				<time>2026-06-17T23:35:06Z</time>
			</trkpt>
			<trkpt lat="63.726013" lon="-148.912079">
				<ele>513.231873</ele>
				<time>2026-06-17T23:35:10Z</time>
			</trkpt>
			<trkpt lat="63.725986" lon="-148.91217">
				<ele>512.579468</ele>
				<time>2026-06-17T23:35:14Z</time>
			</trkpt>
			<trkpt lat="63.725956" lon="-148.912262">
				<ele>511.426727</ele>
				<time>2026-06-17T23:35:18Z</time>
			</trkpt>
			<trkpt lat="63.725929" lon="-148.912338">
				<ele>511.391876</ele>
				<time>2026-06-17T23:35:22Z</time>
			</trkpt>
			<trkpt lat="63.725929" lon="-148.912338">
				<ele>511.391876</ele>
				<time>2026-06-17T23:35:22Z</time>
			</trkpt>
			<trkpt lat="63.725956" lon="-148.91246">
				<ele>512.819092</ele>
				<time>2026-06-17T23:35:25Z</time>
			</trkpt>
			<trkpt lat="63.726002" lon="-148.912506">
				<ele>512.099304</ele>
				<time>2026-06-17T23:35:28Z</time>
			</trkpt>
			<trkpt lat="63.726017" lon="-148.912613">
				<ele>512.656616</ele>
				<time>2026-06-17T23:35:33Z</time>
			</trkpt>
			<trkpt lat="63.726017" lon="-148.912704">
				<ele>510.650848</ele>
				<time>2026-06-17T23:35:36Z</time>
			</trkpt>
			<trkpt lat="63.725994" lon="-148.912827">
				<ele>509.532532</ele>
				<time>2026-06-17T23:35:39Z</time>
			</trkpt>
			<trkpt lat="63.72596" lon="-148.912903">
				<ele>509.761322</ele>
				<time>2026-06-17T23:35:42Z</time>
			</trkpt>
			<trkpt lat="63.72596" lon="-148.912903">
				<ele>509.761322</ele>
				<time>2026-06-17T23:35:42Z</time>
			</trkpt>
			<trkpt lat="63.725925" lon="-148.912994">
				<ele>512.145508</ele>
				<time>2026-06-17T23:35:47Z</time>
			</trkpt>
			<trkpt lat="63.725903" lon="-148.913116">
				<ele>511.893066</ele>
				<time>2026-06-17T23:35:52Z</time>
			</trkpt>
			<trkpt lat="63.725887" lon="-148.913223">
				<ele>512.148926</ele>
				<time>2026-06-17T23:35:56Z</time>
			</trkpt>
			<trkpt lat="63.725849" lon="-148.9133">
				<ele>512.311829</ele>
				<time>2026-06-17T23:36:13Z</time>
			</trkpt>
			<trkpt lat="63.725849" lon="-148.9133">
				<ele>512.311829</ele>
				<time>2026-06-17T23:36:13Z</time>
			</trkpt>
			<trkpt lat="63.725857" lon="-148.913406">
				<ele>512.02301</ele>
				<time>2026-06-17T23:36:35Z</time>
			</trkpt>
			<trkpt lat="63.725857" lon="-148.913406">
				<ele>512.02301</ele>
				<time>2026-06-17T23:36:35Z</time>
			</trkpt>
			<trkpt lat="63.72588" lon="-148.913498">
				<ele>511.233978</ele>
				<time>2026-06-17T23:36:40Z</time>
			</trkpt>
			<trkpt lat="63.725899" lon="-148.913589">
				<ele>511.192108</ele>
				<time>2026-06-17T23:36:44Z</time>
			</trkpt>
			<trkpt lat="63.725914" lon="-148.913696">
				<ele>512.776062</ele>
				<time>2026-06-17T23:36:51Z</time>
			</trkpt>
			<trkpt lat="63.725937" lon="-148.913788">
				<ele>513.497803</ele>
				<time>2026-06-17T23:36:55Z</time>
			</trkpt>
			<trkpt lat="63.725937" lon="-148.913788">
				<ele>513.497803</ele>
				<time>2026-06-17T23:36:55Z</time>
			</trkpt>
			<trkpt lat="63.725964" lon="-148.913879">
				<ele>514.677979</ele>
				<time>2026-06-17T23:37:01Z</time>
			</trkpt>
			<trkpt lat="63.725979" lon="-148.913986">
				<ele>515.099487</ele>
				<time>2026-06-17T23:37:05Z</time>
			</trkpt>
			<trkpt lat="63.725986" lon="-148.914108">
				<ele>513.921875</ele>
				<time>2026-06-17T23:37:09Z</time>
			</trkpt>
			<trkpt lat="63.725983" lon="-148.91423">
				<ele>513.66217</ele>
				<time>2026-06-17T23:37:13Z</time>
			</trkpt>
			<trkpt lat="63.725975" lon="-148.914322">
				<ele>513.60022</ele>
				<time>2026-06-17T23:37:17Z</time>
			</trkpt>
			<trkpt lat="63.725975" lon="-148.914322">
				<ele>513.60022</ele>
				<time>2026-06-17T23:37:17Z</time>
			</trkpt>
			<trkpt lat="63.725933" lon="-148.914398">
				<ele>513.717041</ele>
				<time>2026-06-17T23:37:23Z</time>
			</trkpt>
			<trkpt lat="63.725925" lon="-148.914505">
				<ele>513.223633</ele>
				<time>2026-06-17T23:37:27Z</time>
			</trkpt>
			<trkpt lat="63.725929" lon="-148.914612">
				<ele>513.580566</ele>
				<time>2026-06-17T23:37:32Z</time>
			</trkpt>
			<trkpt lat="63.725925" lon="-148.914734">
				<ele>515.773926</ele>
				<time>2026-06-17T23:38:40Z</time>
			</trkpt>
			<trkpt lat="63.725925" lon="-148.914734">
				<ele>515.773926</ele>
				<time>2026-06-17T23:38:40Z</time>
			</trkpt>
			<trkpt lat="63.725925" lon="-148.914856">
				<ele>515.01355</ele>
				<time>2026-06-17T23:38:45Z</time>
			</trkpt>
			<trkpt lat="63.725933" lon="-148.914963">
				<ele>515.646729</ele>
				<time>2026-06-17T23:38:48Z</time>
			</trkpt>
			<trkpt lat="63.725941" lon="-148.91507">
				<ele>516.18042</ele>
				<time>2026-06-17T23:38:52Z</time>
			</trkpt>
			<trkpt lat="63.725925" lon="-148.915176">
				<ele>516.444092</ele>
				<time>2026-06-17T23:38:56Z</time>
			</trkpt>
			<trkpt lat="63.725906" lon="-148.915268">
				<ele>516.549866</ele>
				<time>2026-06-17T23:39:00Z</time>
			</trkpt>
			<trkpt lat="63.725906" lon="-148.915268">
				<ele>516.549866</ele>
				<time>2026-06-17T23:39:00Z</time>
			</trkpt>
			<trkpt lat="63.725883" lon="-148.915375">
				<ele>516.167419</ele>
				<time>2026-06-17T23:39:04Z</time>
			</trkpt>
			<trkpt lat="63.725864" lon="-148.915497">
				<ele>517.278381</ele>
				<time>2026-06-17T23:39:09Z</time>
			</trkpt>
			<trkpt lat="63.725838" lon="-148.915588">
				<ele>516.314026</ele>
				<time>2026-06-17T23:39:14Z</time>
			</trkpt>
			<trkpt lat="63.725815" lon="-148.91568">
				<ele>515.955505</ele>
				<time>2026-06-17T23:39:18Z</time>
			</trkpt>
			<trkpt lat="63.725788" lon="-148.915787">
				<ele>516.720032</ele>
				<time>2026-06-17T23:39:23Z</time>
			</trkpt>
			<trkpt lat="63.725788" lon="-148.915787">
				<ele>516.720032</ele>
				<time>2026-06-17T23:39:23Z</time>
			</trkpt>
			<trkpt lat="63.725784" lon="-148.915894">
				<ele>517.019104</ele>
				<time>2026-06-17T23:39:27Z</time>
			</trkpt>
			<trkpt lat="63.725758" lon="-148.91597">
				<ele>517.821167</ele>
				<time>2026-06-17T23:39:30Z</time>
			</trkpt>
			<trkpt lat="63.725746" lon="-148.916061">
				<ele>516.952881</ele>
				<time>2026-06-17T23:39:34Z</time>
			</trkpt>
			<trkpt lat="63.725735" lon="-148.916168">
				<ele>518.994507</ele>
				<time>2026-06-17T23:39:38Z</time>
			</trkpt>
			<trkpt lat="63.725719" lon="-148.916275">
				<ele>519.751648</ele>
				<time>2026-06-17T23:39:42Z</time>
			</trkpt>
			<trkpt lat="63.725719" lon="-148.916275">
				<ele>519.751648</ele>
				<time>2026-06-17T23:39:42Z</time>
			</trkpt>
			<trkpt lat="63.7257" lon="-148.916473">
				<ele>517.047058</ele>
				<time>2026-06-17T23:39:51Z</time>
			</trkpt>
			<trkpt lat="63.725689" lon="-148.91658">
				<ele>518.364746</ele>
				<time>2026-06-17T23:39:55Z</time>
			</trkpt>
			<trkpt lat="63.725677" lon="-148.916687">
				<ele>517.79126</ele>
				<time>2026-06-17T23:39:59Z</time>
			</trkpt>
			<trkpt lat="63.725666" lon="-148.916779">
				<ele>516.998779</ele>
				<time>2026-06-17T23:40:03Z</time>
			</trkpt>
			<trkpt lat="63.725666" lon="-148.916779">
				<ele>516.998779</ele>
				<time>2026-06-17T23:40:03Z</time>
			</trkpt>
			<trkpt lat="63.725658" lon="-148.916885">
				<ele>518.157104</ele>
				<time>2026-06-17T23:40:08Z</time>
			</trkpt>
			<trkpt lat="63.725647" lon="-148.916992">
				<ele>517.484375</ele>
				<time>2026-06-17T23:40:13Z</time>
			</trkpt>
			<trkpt lat="63.725662" lon="-148.917084">
				<ele>516.446716</ele>
				<time>2026-06-17T23:40:19Z</time>
			</trkpt>
			<trkpt lat="63.72562" lon="-148.917023">
				<ele>516.919312</ele>
				<time>2026-06-17T23:40:24Z</time>
			</trkpt>
			<trkpt lat="63.72562" lon="-148.917023">
				<ele>516.919312</ele>
				<time>2026-06-17T23:40:24Z</time>
			</trkpt>
			<trkpt lat="63.72559" lon="-148.917099">
				<ele>514.597534</ele>
				<time>2026-06-17T23:40:41Z</time>
			</trkpt>
			<trkpt lat="63.725582" lon="-148.916977">
				<ele>515.700562</ele>
				<time>2026-06-17T23:42:13Z</time>
			</trkpt>
			<trkpt lat="63.725582" lon="-148.916977">
				<ele>515.700562</ele>
				<time>2026-06-17T23:42:13Z</time>
			</trkpt>
			<trkpt lat="63.725586" lon="-148.917068">
				<ele>515.644226</ele>
				<time>2026-06-17T23:43:06Z</time>
			</trkpt>
			<trkpt lat="63.725586" lon="-148.917068">
				<ele>515.644226</ele>
				<time>2026-06-17T23:43:06Z</time>
			</trkpt>
			<trkpt lat="63.725613" lon="-148.916977">
				<ele>514.833496</ele>
				<time>2026-06-17T23:44:02Z</time>
			</trkpt>
			<trkpt lat="63.725613" lon="-148.916977">
				<ele>514.833496</ele>
				<time>2026-06-17T23:44:02Z</time>
			</trkpt>
			<trkpt lat="63.725647" lon="-148.917038">
				<ele>515.845703</ele>
				<time>2026-06-17T23:44:09Z</time>
			</trkpt>
			<trkpt lat="63.725677" lon="-148.91713">
				<ele>517.177307</ele>
				<time>2026-06-17T23:44:12Z</time>
			</trkpt>
			<trkpt lat="63.725689" lon="-148.917221">
				<ele>516.875793</ele>
				<time>2026-06-17T23:44:17Z</time>
			</trkpt>
			<trkpt lat="63.725697" lon="-148.917328">
				<ele>516.211792</ele>
				<time>2026-06-17T23:44:21Z</time>
			</trkpt>
			<trkpt lat="63.725697" lon="-148.917328">
				<ele>516.211792</ele>
				<time>2026-06-17T23:44:21Z</time>
			</trkpt>
			<trkpt lat="63.725712" lon="-148.917435">
				<ele>516.911682</ele>
				<time>2026-06-17T23:44:25Z</time>
			</trkpt>
			<trkpt lat="63.725727" lon="-148.917526">
				<ele>516.687317</ele>
				<time>2026-06-17T23:44:29Z</time>
			</trkpt>
			<trkpt lat="63.725742" lon="-148.917618">
				<ele>517.610596</ele>
				<time>2026-06-17T23:44:35Z</time>
			</trkpt>
			<trkpt lat="63.725773" lon="-148.917755">
				<ele>516.947205</ele>
				<time>2026-06-17T23:44:39Z</time>
			</trkpt>
			<trkpt lat="63.7258" lon="-148.917831">
				<ele>516.454346</ele>
				<time>2026-06-17T23:44:42Z</time>
			</trkpt>
			<trkpt lat="63.7258" lon="-148.917831">
				<ele>516.454346</ele>
				<time>2026-06-17T23:44:42Z</time>
			</trkpt>
			<trkpt lat="63.725815" lon="-148.917923">
				<ele>516.590088</ele>
				<time>2026-06-17T23:44:46Z</time>
			</trkpt>
			<trkpt lat="63.725807" lon="-148.91803">
				<ele>516.228149</ele>
				<time>2026-06-17T23:44:50Z</time>
			</trkpt>
			<trkpt lat="63.725819" lon="-148.918137">
				<ele>516.358276</ele>
				<time>2026-06-17T23:44:54Z</time>
			</trkpt>
			<trkpt lat="63.725803" lon="-148.918243">
				<ele>517.60675</ele>
				<time>2026-06-17T23:44:59Z</time>
			</trkpt>
			<trkpt lat="63.725819" lon="-148.91835">
				<ele>519.667725</ele>
				<time>2026-06-17T23:45:03Z</time>
			</trkpt>
			<trkpt lat="63.725819" lon="-148.91835">
				<ele>519.667725</ele>
				<time>2026-06-17T23:45:03Z</time>
			</trkpt>
			<trkpt lat="63.7258" lon="-148.918442">
				<ele>518.35083</ele>
				<time>2026-06-17T23:45:07Z</time>
			</trkpt>
			<trkpt lat="63.725784" lon="-148.918549">
				<ele>518.984924</ele>
				<time>2026-06-17T23:45:11Z</time>
			</trkpt>
			<trkpt lat="63.72578" lon="-148.918655">
				<ele>518.045227</ele>
				<time>2026-06-17T23:45:16Z</time>
			</trkpt>
			<trkpt lat="63.725777" lon="-148.918762">
				<ele>518.522888</ele>
				<time>2026-06-17T23:45:20Z</time>
			</trkpt>
			<trkpt lat="63.725769" lon="-148.918869">
				<ele>518.132385</ele>
				<time>2026-06-17T23:45:24Z</time>
			</trkpt>
			<trkpt lat="63.725769" lon="-148.918869">
				<ele>518.132385</ele>
				<time>2026-06-17T23:45:24Z</time>
			</trkpt>
			<trkpt lat="63.725769" lon="-148.918976">
				<ele>517.904358</ele>
				<time>2026-06-17T23:45:30Z</time>
			</trkpt>
			<trkpt lat="63.725777" lon="-148.919083">
				<ele>518.478394</ele>
				<time>2026-06-17T23:45:33Z</time>
			</trkpt>
			<trkpt lat="63.725758" lon="-148.919189">
				<ele>519.208069</ele>
				<time>2026-06-17T23:45:37Z</time>
			</trkpt>
			<trkpt lat="63.725769" lon="-148.919296">
				<ele>520.132751</ele>
				<time>2026-06-17T23:45:40Z</time>
			</trkpt>
			<trkpt lat="63.725758" lon="-148.919403">
				<ele>521.355408</ele>
				<time>2026-06-17T23:45:46Z</time>
			</trkpt>
			<trkpt lat="63.725758" lon="-148.919403">
				<ele>521.355408</ele>
				<time>2026-06-17T23:45:46Z</time>
			</trkpt>
			<trkpt lat="63.725761" lon="-148.91951">
				<ele>521.652039</ele>
				<time>2026-06-17T23:45:49Z</time>
			</trkpt>
			<trkpt lat="63.725746" lon="-148.919632">
				<ele>523.581238</ele>
				<time>2026-06-17T23:45:53Z</time>
			</trkpt>
			<trkpt lat="63.725735" lon="-148.919739">
				<ele>523.886902</ele>
				<time>2026-06-17T23:45:57Z</time>
			</trkpt>
			<trkpt lat="63.725731" lon="-148.919846">
				<ele>522.08551</ele>
				<time>2026-06-17T23:46:00Z</time>
			</trkpt>
			<trkpt lat="63.725723" lon="-148.919952">
				<ele>522.662659</ele>
				<time>2026-06-17T23:46:08Z</time>
			</trkpt>
			<trkpt lat="63.725723" lon="-148.919952">
				<ele>522.662659</ele>
				<time>2026-06-17T23:46:08Z</time>
			</trkpt>
			<trkpt lat="63.725689" lon="-148.920044">
				<ele>523.25293</ele>
				<time>2026-06-17T23:46:12Z</time>
			</trkpt>
			<trkpt lat="63.725651" lon="-148.920151">
				<ele>523.344299</ele>
				<time>2026-06-17T23:46:16Z</time>
			</trkpt>
			<trkpt lat="63.72562" lon="-148.920242">
				<ele>522.421814</ele>
				<time>2026-06-17T23:46:21Z</time>
			</trkpt>
			<trkpt lat="63.725628" lon="-148.920349">
				<ele>522.689148</ele>
				<time>2026-06-17T23:46:27Z</time>
			</trkpt>
			<trkpt lat="63.725628" lon="-148.920349">
				<ele>522.689148</ele>
				<time>2026-06-17T23:46:27Z</time>
			</trkpt>
			<trkpt lat="63.725643" lon="-148.920456">
				<ele>522.858459</ele>
				<time>2026-06-17T23:46:30Z</time>
			</trkpt>
			<trkpt lat="63.725651" lon="-148.920547">
				<ele>523.151184</ele>
				<time>2026-06-17T23:46:35Z</time>
			</trkpt>
			<trkpt lat="63.725655" lon="-148.920654">
				<ele>524.790527</ele>
				<time>2026-06-17T23:46:40Z</time>
			</trkpt>
			<trkpt lat="63.725689" lon="-148.920746">
				<ele>523.686768</ele>
				<time>2026-06-17T23:46:45Z</time>
			</trkpt>
			<trkpt lat="63.725716" lon="-148.920822">
				<ele>525.040833</ele>
				<time>2026-06-17T23:46:49Z</time>
			</trkpt>
			<trkpt lat="63.725716" lon="-148.920822">
				<ele>525.040833</ele>
				<time>2026-06-17T23:46:49Z</time>
			</trkpt>
			<trkpt lat="63.72575" lon="-148.920898">
				<ele>525.544617</ele>
				<time>2026-06-17T23:46:53Z</time>
			</trkpt>
			<trkpt lat="63.72578" lon="-148.920975">
				<ele>524.706177</ele>
				<time>2026-06-17T23:46:57Z</time>
			</trkpt>
			<trkpt lat="63.725815" lon="-148.921036">
				<ele>523.598694</ele>
				<time>2026-06-17T23:47:03Z</time>
			</trkpt>
			<trkpt lat="63.725861" lon="-148.92099">
				<ele>525.928345</ele>
				<time>2026-06-17T23:47:10Z</time>
			</trkpt>
			<trkpt lat="63.725861" lon="-148.92099">
				<ele>525.928345</ele>
				<time>2026-06-17T23:47:10Z</time>
			</trkpt>
			<trkpt lat="63.72588" lon="-148.920883">
				<ele>525.982544</ele>
				<time>2026-06-17T23:47:20Z</time>
			</trkpt>
			<trkpt lat="63.725914" lon="-148.920822">
				<ele>525.786804</ele>
				<time>2026-06-17T23:47:25Z</time>
			</trkpt>
			<trkpt lat="63.725952" lon="-148.9207">
				<ele>526.665222</ele>
				<time>2026-06-17T23:47:30Z</time>
			</trkpt>
			<trkpt lat="63.725952" lon="-148.9207">
				<ele>526.665222</ele>
				<time>2026-06-17T23:47:30Z</time>
			</trkpt>
			<trkpt lat="63.725986" lon="-148.920624">
				<ele>525.553284</ele>
				<time>2026-06-17T23:47:34Z</time>
			</trkpt>
			<trkpt lat="63.726021" lon="-148.920532">
				<ele>525.105042</ele>
				<time>2026-06-17T23:47:39Z</time>
			</trkpt>
			<trkpt lat="63.726048" lon="-148.92041">
				<ele>526.280823</ele>
				<time>2026-06-17T23:47:44Z</time>
			</trkpt>
			<trkpt lat="63.726078" lon="-148.920319">
				<ele>524.602661</ele>
				<time>2026-06-17T23:47:49Z</time>
			</trkpt>
			<trkpt lat="63.726078" lon="-148.920319">
				<ele>524.602661</ele>
				<time>2026-06-17T23:47:49Z</time>
			</trkpt>
			<trkpt lat="63.726082" lon="-148.920227">
				<ele>524.462708</ele>
				<time>2026-06-17T23:47:53Z</time>
			</trkpt>
			<trkpt lat="63.726116" lon="-148.92012">
				<ele>526.251648</ele>
				<time>2026-06-17T23:47:58Z</time>
			</trkpt>
			<trkpt lat="63.726139" lon="-148.920044">
				<ele>524.17572</ele>
				<time>2026-06-17T23:48:02Z</time>
			</trkpt>
			<trkpt lat="63.726154" lon="-148.919922">
				<ele>527.511658</ele>
				<time>2026-06-17T23:48:08Z</time>
			</trkpt>
			<trkpt lat="63.726154" lon="-148.919922">
				<ele>527.511658</ele>
				<time>2026-06-17T23:48:08Z</time>
			</trkpt>
			<trkpt lat="63.726158" lon="-148.919815">
				<ele>526.710388</ele>
				<time>2026-06-17T23:48:12Z</time>
			</trkpt>
			<trkpt lat="63.726154" lon="-148.919693">
				<ele>527.48291</ele>
				<time>2026-06-17T23:48:16Z</time>
			</trkpt>
			<trkpt lat="63.726158" lon="-148.919601">
				<ele>529.07074</ele>
				<time>2026-06-17T23:48:21Z</time>
			</trkpt>
			<trkpt lat="63.726154" lon="-148.91951">
				<ele>529.841431</ele>
				<time>2026-06-17T23:48:25Z</time>
			</trkpt>
			<trkpt lat="63.726162" lon="-148.919373">
				<ele>529.339294</ele>
				<time>2026-06-17T23:48:29Z</time>
			</trkpt>
			<trkpt lat="63.726162" lon="-148.919373">
				<ele>529.339294</ele>
				<time>2026-06-17T23:48:29Z</time>
			</trkpt>
			<trkpt lat="63.726192" lon="-148.919281">
				<ele>529.288757</ele>
				<time>2026-06-17T23:48:34Z</time>
			</trkpt>
			<trkpt lat="63.726208" lon="-148.919174">
				<ele>529.052856</ele>
				<time>2026-06-17T23:48:38Z</time>
			</trkpt>
			<trkpt lat="63.726227" lon="-148.919052">
				<ele>530.025574</ele>
				<time>2026-06-17T23:48:42Z</time>
			</trkpt>
			<trkpt lat="63.726246" lon="-148.919159">
				<ele>531.512939</ele>
				<time>2026-06-17T23:49:07Z</time>
			</trkpt>
			<trkpt lat="63.726246" lon="-148.919159">
				<ele>531.512939</ele>
				<time>2026-06-17T23:49:07Z</time>
			</trkpt>
			<trkpt lat="63.726231" lon="-148.91925">
				<ele>533.467651</ele>
				<time>2026-06-17T23:49:11Z</time>
			</trkpt>
			<trkpt lat="63.726223" lon="-148.919357">
				<ele>534.480286</ele>
				<time>2026-06-17T23:49:15Z</time>
			</trkpt>
			<trkpt lat="63.726192" lon="-148.919434">
				<ele>531.51355</ele>
				<time>2026-06-17T23:49:23Z</time>
			</trkpt>
			<trkpt lat="63.726219" lon="-148.919525">
				<ele>530.253296</ele>
				<time>2026-06-17T23:49:26Z</time>
			</trkpt>
			<trkpt lat="63.726219" lon="-148.919525">
				<ele>530.253296</ele>
				<time>2026-06-17T23:49:26Z</time>
			</trkpt>
			<trkpt lat="63.726196" lon="-148.919601">
				<ele>529.982971</ele>
				<time>2026-06-17T23:49:30Z</time>
			</trkpt>
			<trkpt lat="63.726185" lon="-148.919708">
				<ele>527.829529</ele>
				<time>2026-06-17T23:49:34Z</time>
			</trkpt>
			<trkpt lat="63.726177" lon="-148.919815">
				<ele>528.222473</ele>
				<time>2026-06-17T23:49:39Z</time>
			</trkpt>
			<trkpt lat="63.726196" lon="-148.919922">
				<ele>527.787781</ele>
				<time>2026-06-17T23:49:42Z</time>
			</trkpt>
			<trkpt lat="63.72617" lon="-148.919998">
				<ele>527.475891</ele>
				<time>2026-06-17T23:49:46Z</time>
			</trkpt>
			<trkpt lat="63.72617" lon="-148.919998">
				<ele>527.475891</ele>
				<time>2026-06-17T23:49:46Z</time>
			</trkpt>
			<trkpt lat="63.726143" lon="-148.92009">
				<ele>528.042603</ele>
				<time>2026-06-17T23:49:50Z</time>
			</trkpt>
			<trkpt lat="63.726124" lon="-148.920181">
				<ele>527.851807</ele>
				<time>2026-06-17T23:49:55Z</time>
			</trkpt>
			<trkpt lat="63.726093" lon="-148.920258">
				<ele>527.114319</ele>
				<time>2026-06-17T23:49:58Z</time>
			</trkpt>
			<trkpt lat="63.726082" lon="-148.92038">
				<ele>527.421997</ele>
				<time>2026-06-17T23:50:01Z</time>
			</trkpt>
			<trkpt lat="63.726051" lon="-148.920441">
				<ele>526.7005</ele>
				<time>2026-06-17T23:50:05Z</time>
			</trkpt>
			<trkpt lat="63.726051" lon="-148.920441">
				<ele>526.7005</ele>
				<time>2026-06-17T23:50:05Z</time>
			</trkpt>
			<trkpt lat="63.726044" lon="-148.920547">
				<ele>527.581543</ele>
				<time>2026-06-17T23:50:09Z</time>
			</trkpt>
			<trkpt lat="63.726032" lon="-148.92067">
				<ele>527.523987</ele>
				<time>2026-06-17T23:50:13Z</time>
			</trkpt>
			<trkpt lat="63.726009" lon="-148.920746">
				<ele>526.163696</ele>
				<time>2026-06-17T23:50:17Z</time>
			</trkpt>
			<trkpt lat="63.72599" lon="-148.920868">
				<ele>522.828308</ele>
				<time>2026-06-17T23:50:22Z</time>
			</trkpt>
			<trkpt lat="63.725937" lon="-148.920929">
				<ele>522.91394</ele>
				<time>2026-06-17T23:50:25Z</time>
			</trkpt>
			<trkpt lat="63.725937" lon="-148.920929">
				<ele>522.91394</ele>
				<time>2026-06-17T23:50:25Z</time>
			</trkpt>
			<trkpt lat="63.725914" lon="-148.921021">
				<ele>523.518311</ele>
				<time>2026-06-17T23:50:28Z</time>
			</trkpt>
			<trkpt lat="63.72588" lon="-148.921082">
				<ele>523.741882</ele>
				<time>2026-06-17T23:50:31Z</time>
			</trkpt>
			<trkpt lat="63.725834" lon="-148.921127">
				<ele>522.555481</ele>
				<time>2026-06-17T23:50:34Z</time>
			</trkpt>
			<trkpt lat="63.725777" lon="-148.921143">
				<ele>522.269409</ele>
				<time>2026-06-17T23:50:38Z</time>
			</trkpt>
			<trkpt lat="63.725735" lon="-148.921112">
				<ele>521.763733</ele>
				<time>2026-06-17T23:50:41Z</time>
			</trkpt>
			<trkpt lat="63.725716" lon="-148.921021">
				<ele>521.154419</ele>
				<time>2026-06-17T23:50:44Z</time>
			</trkpt>
			<trkpt lat="63.725716" lon="-148.921021">
				<ele>521.154419</ele>
				<time>2026-06-17T23:50:44Z</time>
			</trkpt>
			<trkpt lat="63.725677" lon="-148.920975">
				<ele>521.087585</ele>
				<time>2026-06-17T23:50:47Z</time>
			</trkpt>
			<trkpt lat="63.725662" lon="-148.920883">
				<ele>520.494324</ele>
				<time>2026-06-17T23:50:50Z</time>
			</trkpt>
			<trkpt lat="63.725639" lon="-148.920776">
				<ele>522.460938</ele>
				<time>2026-06-17T23:51:00Z</time>
			</trkpt>
			<trkpt lat="63.72562" lon="-148.920685">
				<ele>523.152893</ele>
				<time>2026-06-17T23:51:04Z</time>
			</trkpt>
			<trkpt lat="63.72562" lon="-148.920685">
				<ele>523.152893</ele>
				<time>2026-06-17T23:51:04Z</time>
			</trkpt>
			<trkpt lat="63.725613" lon="-148.920578">
				<ele>522.637024</ele>
				<time>2026-06-17T23:51:08Z</time>
			</trkpt>
			<trkpt lat="63.72559" lon="-148.920456">
				<ele>522.730347</ele>
				<time>2026-06-17T23:51:14Z</time>
			</trkpt>
			<trkpt lat="63.725586" lon="-148.920349">
				<ele>522.892944</ele>
				<time>2026-06-17T23:51:19Z</time>
			</trkpt>
			<trkpt lat="63.725594" lon="-148.920258">
				<ele>522.495239</ele>
				<time>2026-06-17T23:51:23Z</time>
			</trkpt>
			<trkpt lat="63.725594" lon="-148.920258">
				<ele>522.495239</ele>
				<time>2026-06-17T23:51:23Z</time>
			</trkpt>
			<trkpt lat="63.725609" lon="-148.920166">
				<ele>522.251892</ele>
				<time>2026-06-17T23:51:27Z</time>
			</trkpt>
			<trkpt lat="63.725632" lon="-148.920059">
				<ele>521.730652</ele>
				<time>2026-06-17T23:51:31Z</time>
			</trkpt>
			<trkpt lat="63.725651" lon="-148.919968">
				<ele>521.614868</ele>
				<time>2026-06-17T23:51:35Z</time>
			</trkpt>
			<trkpt lat="63.72567" lon="-148.919876">
				<ele>521.242371</ele>
				<time>2026-06-17T23:51:39Z</time>
			</trkpt>
			<trkpt lat="63.725689" lon="-148.919785">
				<ele>521.917908</ele>
				<time>2026-06-17T23:51:43Z</time>
			</trkpt>
			<trkpt lat="63.725689" lon="-148.919785">
				<ele>521.917908</ele>
				<time>2026-06-17T23:51:43Z</time>
			</trkpt>
			<trkpt lat="63.725704" lon="-148.919571">
				<ele>521.046326</ele>
				<time>2026-06-17T23:51:54Z</time>
			</trkpt>
			<trkpt lat="63.725693" lon="-148.919449">
				<ele>521.82312</ele>
				<time>2026-06-17T23:51:58Z</time>
			</trkpt>
			<trkpt lat="63.725708" lon="-148.919327">
				<ele>521.47113</ele>
				<time>2026-06-17T23:52:02Z</time>
			</trkpt>
			<trkpt lat="63.725708" lon="-148.919327">
				<ele>521.47113</ele>
				<time>2026-06-17T23:52:02Z</time>
			</trkpt>
			<trkpt lat="63.725689" lon="-148.91922">
				<ele>521.507751</ele>
				<time>2026-06-17T23:52:06Z</time>
			</trkpt>
			<trkpt lat="63.725697" lon="-148.919098">
				<ele>521.282104</ele>
				<time>2026-06-17T23:52:10Z</time>
			</trkpt>
			<trkpt lat="63.725697" lon="-148.918976">
				<ele>520.651306</ele>
				<time>2026-06-17T23:52:14Z</time>
			</trkpt>
			<trkpt lat="63.725708" lon="-148.918884">
				<ele>518.817688</ele>
				<time>2026-06-17T23:52:18Z</time>
			</trkpt>
			<trkpt lat="63.725716" lon="-148.918777">
				<ele>517.620361</ele>
				<time>2026-06-17T23:52:22Z</time>
			</trkpt>
			<trkpt lat="63.725716" lon="-148.918777">
				<ele>517.620361</ele>
				<time>2026-06-17T23:52:22Z</time>
			</trkpt>
			<trkpt lat="63.725735" lon="-148.918686">
				<ele>517.338257</ele>
				<time>2026-06-17T23:52:26Z</time>
			</trkpt>
			<trkpt lat="63.725735" lon="-148.918564">
				<ele>517.738647</ele>
				<time>2026-06-17T23:52:30Z</time>
			</trkpt>
			<trkpt lat="63.725754" lon="-148.918457">
				<ele>516.284363</ele>
				<time>2026-06-17T23:52:34Z</time>
			</trkpt>
			<trkpt lat="63.725761" lon="-148.918365">
				<ele>515.237244</ele>
				<time>2026-06-17T23:52:38Z</time>
			</trkpt>
			<trkpt lat="63.725769" lon="-148.918259">
				<ele>515.127258</ele>
				<time>2026-06-17T23:52:42Z</time>
			</trkpt>
			<trkpt lat="63.725769" lon="-148.918259">
				<ele>515.127258</ele>
				<time>2026-06-17T23:52:42Z</time>
			</trkpt>
			<trkpt lat="63.725773" lon="-148.918152">
				<ele>513.557861</ele>
				<time>2026-06-17T23:52:46Z</time>
			</trkpt>
			<trkpt lat="63.725758" lon="-148.918045">
				<ele>513.707336</ele>
				<time>2026-06-17T23:52:50Z</time>
			</trkpt>
			<trkpt lat="63.725731" lon="-148.917969">
				<ele>514.34198</ele>
				<time>2026-06-17T23:52:53Z</time>
			</trkpt>
			<trkpt lat="63.725723" lon="-148.917862">
				<ele>515.173218</ele>
				<time>2026-06-17T23:52:57Z</time>
			</trkpt>
			<trkpt lat="63.725712" lon="-148.917755">
				<ele>515.424316</ele>
				<time>2026-06-17T23:53:01Z</time>
			</trkpt>
			<trkpt lat="63.725712" lon="-148.917755">
				<ele>515.424316</ele>
				<time>2026-06-17T23:53:01Z</time>
			</trkpt>
			<trkpt lat="63.725693" lon="-148.917648">
				<ele>514.131714</ele>
				<time>2026-06-17T23:53:05Z</time>
			</trkpt>
			<trkpt lat="63.725666" lon="-148.91745">
				<ele>513.162781</ele>
				<time>2026-06-17T23:53:13Z</time>
			</trkpt>
			<trkpt lat="63.725662" lon="-148.917328">
				<ele>512.275208</ele>
				<time>2026-06-17T23:53:17Z</time>
			</trkpt>
			<trkpt lat="63.725647" lon="-148.917221">
				<ele>512.11145</ele>
				<time>2026-06-17T23:53:21Z</time>
			</trkpt>
			<trkpt lat="63.725647" lon="-148.917221">
				<ele>512.11145</ele>
				<time>2026-06-17T23:53:21Z</time>
			</trkpt>
			<trkpt lat="63.725601" lon="-148.917053">
				<ele>514.122498</ele>
				<time>2026-06-17T23:53:29Z</time>
			</trkpt>
			<trkpt lat="63.725586" lon="-148.916946">
				<ele>514.374451</ele>
				<time>2026-06-17T23:53:34Z</time>
			</trkpt>
			<trkpt lat="63.725555" lon="-148.917023">
				<ele>512.721191</ele>
				<time>2026-06-17T23:53:37Z</time>
			</trkpt>
			<trkpt lat="63.725605" lon="-148.916977">
				<ele>513.705994</ele>
				<time>2026-06-17T23:53:50Z</time>
			</trkpt>
			<trkpt lat="63.725605" lon="-148.916977">
				<ele>513.705994</ele>
				<time>2026-06-17T23:53:50Z</time>
			</trkpt>
			<trkpt lat="63.725647" lon="-148.917007">
				<ele>515.498596</ele>
				<time>2026-06-17T23:53:55Z</time>
			</trkpt>
			<trkpt lat="63.725624" lon="-148.916916">
				<ele>515.622864</ele>
				<time>2026-06-17T23:54:10Z</time>
			</trkpt>
			<trkpt lat="63.725624" lon="-148.916916">
				<ele>515.622864</ele>
				<time>2026-06-17T23:54:10Z</time>
			</trkpt>
			<trkpt lat="63.725624" lon="-148.916809">
				<ele>516.832153</ele>
				<time>2026-06-17T23:54:14Z</time>
			</trkpt>
			<trkpt lat="63.725632" lon="-148.916687">
				<ele>516.509583</ele>
				<time>2026-06-17T23:54:17Z</time>
			</trkpt>
			<trkpt lat="63.725647" lon="-148.916595">
				<ele>516.850586</ele>
				<time>2026-06-17T23:54:21Z</time>
			</trkpt>
			<trkpt lat="63.725658" lon="-148.916489">
				<ele>516.487976</ele>
				<time>2026-06-17T23:54:25Z</time>
			</trkpt>
			<trkpt lat="63.72567" lon="-148.916382">
				<ele>515.931824</ele>
				<time>2026-06-17T23:54:29Z</time>
			</trkpt>
			<trkpt lat="63.72567" lon="-148.916382">
				<ele>515.931824</ele>
				<time>2026-06-17T23:54:29Z</time>
			</trkpt>
			<trkpt lat="63.725697" lon="-148.916275">
				<ele>515.860107</ele>
				<time>2026-06-17T23:54:33Z</time>
			</trkpt>
			<trkpt lat="63.725704" lon="-148.916168">
				<ele>515.8526</ele>
				<time>2026-06-17T23:54:37Z</time>
			</trkpt>
			<trkpt lat="63.725723" lon="-148.916077">
				<ele>516.607788</ele>
				<time>2026-06-17T23:54:41Z</time>
			</trkpt>
			<trkpt lat="63.725735" lon="-148.915955">
				<ele>515.942993</ele>
				<time>2026-06-17T23:54:45Z</time>
			</trkpt>
			<trkpt lat="63.725758" lon="-148.915833">
				<ele>516.237488</ele>
				<time>2026-06-17T23:54:50Z</time>
			</trkpt>
			<trkpt lat="63.725758" lon="-148.915833">
				<ele>516.237488</ele>
				<time>2026-06-17T23:54:50Z</time>
			</trkpt>
			<trkpt lat="63.725773" lon="-148.915726">
				<ele>516.18457</ele>
				<time>2026-06-17T23:54:55Z</time>
			</trkpt>
			<trkpt lat="63.7258" lon="-148.915634">
				<ele>515.937683</ele>
				<time>2026-06-17T23:54:58Z</time>
			</trkpt>
			<trkpt lat="63.725811" lon="-148.915527">
				<ele>516.291565</ele>
				<time>2026-06-17T23:55:02Z</time>
			</trkpt>
			<trkpt lat="63.725845" lon="-148.915436">
				<ele>515.952942</ele>
				<time>2026-06-17T23:55:06Z</time>
			</trkpt>
			<trkpt lat="63.72588" lon="-148.915329">
				<ele>515.402771</ele>
				<time>2026-06-17T23:55:10Z</time>
			</trkpt>
			<trkpt lat="63.72588" lon="-148.915329">
				<ele>515.402771</ele>
				<time>2026-06-17T23:55:10Z</time>
			</trkpt>
			<trkpt lat="63.725895" lon="-148.915207">
				<ele>515.11322</ele>
				<time>2026-06-17T23:55:14Z</time>
			</trkpt>
			<trkpt lat="63.725903" lon="-148.914993">
				<ele>517.100708</ele>
				<time>2026-06-17T23:55:22Z</time>
			</trkpt>
			<trkpt lat="63.725906" lon="-148.914902">
				<ele>517.280151</ele>
				<time>2026-06-17T23:55:26Z</time>
			</trkpt>
			<trkpt lat="63.725925" lon="-148.914795">
				<ele>517.595886</ele>
				<time>2026-06-17T23:55:30Z</time>
			</trkpt>
			<trkpt lat="63.725925" lon="-148.914795">
				<ele>517.595886</ele>
				<time>2026-06-17T23:55:30Z</time>
			</trkpt>
			<trkpt lat="63.725925" lon="-148.914703">
				<ele>518.36377</ele>
				<time>2026-06-17T23:55:33Z</time>
			</trkpt>
			<trkpt lat="63.725922" lon="-148.914581">
				<ele>518.413635</ele>
				<time>2026-06-17T23:55:37Z</time>
			</trkpt>
			<trkpt lat="63.725922" lon="-148.914474">
				<ele>518.575745</ele>
				<time>2026-06-17T23:55:41Z</time>
			</trkpt>
			<trkpt lat="63.725937" lon="-148.914383">
				<ele>516.369751</ele>
				<time>2026-06-17T23:55:44Z</time>
			</trkpt>
			<trkpt lat="63.725964" lon="-148.914307">
				<ele>515.497864</ele>
				<time>2026-06-17T23:55:47Z</time>
			</trkpt>
			<trkpt lat="63.725964" lon="-148.914185">
				<ele>514.066956</ele>
				<time>2026-06-17T23:55:51Z</time>
			</trkpt>
			<trkpt lat="63.725964" lon="-148.914185">
				<ele>514.066956</ele>
				<time>2026-06-17T23:55:51Z</time>
			</trkpt>
			<trkpt lat="63.725971" lon="-148.914078">
				<ele>512.486145</ele>
				<time>2026-06-17T23:55:55Z</time>
			</trkpt>
			<trkpt lat="63.725929" lon="-148.913879">
				<ele>512.004944</ele>
				<time>2026-06-17T23:56:02Z</time>
			</trkpt>
			<trkpt lat="63.725891" lon="-148.913803">
				<ele>512.35144</ele>
				<time>2026-06-17T23:56:06Z</time>
			</trkpt>
			<trkpt lat="63.725864" lon="-148.913696">
				<ele>511.698303</ele>
				<time>2026-06-17T23:56:10Z</time>
			</trkpt>
			<trkpt lat="63.725864" lon="-148.913696">
				<ele>511.698303</ele>
				<time>2026-06-17T23:56:10Z</time>
			</trkpt>
			<trkpt lat="63.725842" lon="-148.913589">
				<ele>511.857452</ele>
				<time>2026-06-17T23:56:14Z</time>
			</trkpt>
			<trkpt lat="63.725845" lon="-148.913498">
				<ele>511.070557</ele>
				<time>2026-06-17T23:56:17Z</time>
			</trkpt>
			<trkpt lat="63.725842" lon="-148.913376">
				<ele>510.744965</ele>
				<time>2026-06-17T23:56:21Z</time>
			</trkpt>
			<trkpt lat="63.725838" lon="-148.913284">
				<ele>507.669617</ele>
				<time>2026-06-17T23:56:36Z</time>
			</trkpt>
			<trkpt lat="63.725838" lon="-148.913284">
				<ele>507.669617</ele>
				<time>2026-06-17T23:56:36Z</time>
			</trkpt>
			<trkpt lat="63.725845" lon="-148.913177">
				<ele>508.615936</ele>
				<time>2026-06-17T23:56:44Z</time>
			</trkpt>
			<trkpt lat="63.725868" lon="-148.9133">
				<ele>509.853363</ele>
				<time>2026-06-17T23:57:05Z</time>
			</trkpt>
			<trkpt lat="63.725868" lon="-148.9133">
				<ele>509.853363</ele>
				<time>2026-06-17T23:57:05Z</time>
			</trkpt>
			<trkpt lat="63.72591" lon="-148.913361">
				<ele>511.298248</ele>
				<time>2026-06-17T23:57:16Z</time>
			</trkpt>
			<trkpt lat="63.725887" lon="-148.913452">
				<ele>510.468536</ele>
				<time>2026-06-17T23:57:20Z</time>
			</trkpt>
			<trkpt lat="63.725857" lon="-148.913376">
				<ele>510.315033</ele>
				<time>2026-06-17T23:57:27Z</time>
			</trkpt>
			<trkpt lat="63.725857" lon="-148.913376">
				<ele>510.315033</ele>
				<time>2026-06-17T23:57:27Z</time>
			</trkpt>
			<trkpt lat="63.725853" lon="-148.913269">
				<ele>511.878296</ele>
				<time>2026-06-17T23:57:32Z</time>
			</trkpt>
			<trkpt lat="63.725864" lon="-148.913162">
				<ele>510.59082</ele>
				<time>2026-06-17T23:57:37Z</time>
			</trkpt>
			<trkpt lat="63.725887" lon="-148.913071">
				<ele>509.615356</ele>
				<time>2026-06-17T23:57:41Z</time>
			</trkpt>
			<trkpt lat="63.725895" lon="-148.912949">
				<ele>509.712067</ele>
				<time>2026-06-17T23:57:46Z</time>
			</trkpt>
			<trkpt lat="63.725895" lon="-148.912949">
				<ele>509.712067</ele>
				<time>2026-06-17T23:57:46Z</time>
			</trkpt>
			<trkpt lat="63.725899" lon="-148.912827">
				<ele>512.379639</ele>
				<time>2026-06-17T23:57:52Z</time>
			</trkpt>
			<trkpt lat="63.725906" lon="-148.912735">
				<ele>511.539246</ele>
				<time>2026-06-17T23:57:56Z</time>
			</trkpt>
			<trkpt lat="63.725925" lon="-148.912613">
				<ele>509.730499</ele>
				<time>2026-06-17T23:58:00Z</time>
			</trkpt>
			<trkpt lat="63.725933" lon="-148.912491">
				<ele>510.241577</ele>
				<time>2026-06-17T23:58:04Z</time>
			</trkpt>
			<trkpt lat="63.725952" lon="-148.912399">
				<ele>510.575409</ele>
				<time>2026-06-17T23:58:10Z</time>
			</trkpt>
			<trkpt lat="63.725952" lon="-148.912399">
				<ele>510.575409</ele>
				<time>2026-06-17T23:58:10Z</time>
			</trkpt>
			<trkpt lat="63.725948" lon="-148.912292">
				<ele>510.839508</ele>
				<time>2026-06-17T23:58:14Z</time>
			</trkpt>
			<trkpt lat="63.725964" lon="-148.912186">
				<ele>508.536377</ele>
				<time>2026-06-17T23:58:19Z</time>
			</trkpt>
			<trkpt lat="63.725979" lon="-148.912094">
				<ele>509.149933</ele>
				<time>2026-06-17T23:58:22Z</time>
			</trkpt>
			<trkpt lat="63.725998" lon="-148.911972">
				<ele>508.336334</ele>
				<time>2026-06-17T23:58:27Z</time>
			</trkpt>
			<trkpt lat="63.726021" lon="-148.91188">
				<ele>509.954926</ele>
				<time>2026-06-17T23:58:31Z</time>
			</trkpt>
			<trkpt lat="63.726021" lon="-148.91188">
				<ele>509.954926</ele>
				<time>2026-06-17T23:58:31Z</time>
			</trkpt>
			<trkpt lat="63.726032" lon="-148.911774">
				<ele>511.628479</ele>
				<time>2026-06-17T23:58:35Z</time>
			</trkpt>
			<trkpt lat="63.726051" lon="-148.911682">
				<ele>510.81076</ele>
				<time>2026-06-17T23:58:39Z</time>
			</trkpt>
			<trkpt lat="63.726074" lon="-148.911575">
				<ele>512.101013</ele>
				<time>2026-06-17T23:58:43Z</time>
			</trkpt>
			<trkpt lat="63.726089" lon="-148.911469">
				<ele>512.937622</ele>
				<time>2026-06-17T23:58:47Z</time>
			</trkpt>
			<trkpt lat="63.726112" lon="-148.911377">
				<ele>513.23114</ele>
				<time>2026-06-17T23:58:51Z</time>
			</trkpt>
			<trkpt lat="63.726112" lon="-148.911377">
				<ele>513.23114</ele>
				<time>2026-06-17T23:58:51Z</time>
			</trkpt>
			<trkpt lat="63.726135" lon="-148.91127">
				<ele>513.124695</ele>
				<time>2026-06-17T23:58:55Z</time>
			</trkpt>
			<trkpt lat="63.726162" lon="-148.911179">
				<ele>512.716919</ele>
				<time>2026-06-17T23:58:59Z</time>
			</trkpt>
			<trkpt lat="63.726192" lon="-148.911087">
				<ele>512.495361</ele>
				<time>2026-06-17T23:59:03Z</time>
			</trkpt>
			<trkpt lat="63.726204" lon="-148.910995">
				<ele>512.367432</ele>
				<time>2026-06-17T23:59:07Z</time>
			</trkpt>
			<trkpt lat="63.726215" lon="-148.910904">
				<ele>510.528992</ele>
				<time>2026-06-17T23:59:12Z</time>
			</trkpt>
			<trkpt lat="63.726215" lon="-148.910904">
				<ele>510.528992</ele>
				<time>2026-06-17T23:59:12Z</time>
			</trkpt>
			<trkpt lat="63.726196" lon="-148.910812">
				<ele>509.395508</ele>
				<time>2026-06-17T23:59:18Z</time>
			</trkpt>
			<trkpt lat="63.726181" lon="-148.910583">
				<ele>510.921722</ele>
				<time>2026-06-17T23:59:27Z</time>
			</trkpt>
			<trkpt lat="63.726185" lon="-148.910477">
				<ele>511.721985</ele>
				<time>2026-06-17T23:59:31Z</time>
			</trkpt>
			<trkpt lat="63.726185" lon="-148.910477">
				<ele>511.721985</ele>
				<time>2026-06-17T23:59:31Z</time>
			</trkpt>
			<trkpt lat="63.726177" lon="-148.91037">
				<ele>512.171692</ele>
				<time>2026-06-17T23:59:35Z</time>
			</trkpt>
			<trkpt lat="63.726181" lon="-148.910278">
				<ele>511.994354</ele>
				<time>2026-06-17T23:59:39Z</time>
			</trkpt>
			<trkpt lat="63.726154" lon="-148.910187">
				<ele>509.962036</ele>
				<time>2026-06-17T23:59:45Z</time>
			</trkpt>
			<trkpt lat="63.726124" lon="-148.91011">
				<ele>509.197906</ele>
				<time>2026-06-17T23:59:49Z</time>
			</trkpt>
			<trkpt lat="63.726078" lon="-148.91011">
				<ele>505.236023</ele>
				<time>2026-06-17T23:59:59Z</time>
			</trkpt>
			<trkpt lat="63.726078" lon="-148.91011">
				<ele>505.236023</ele>
				<time>2026-06-17T23:59:59Z</time>
			</trkpt>
			<trkpt lat="63.726059" lon="-148.910202">
				<ele>506.557373</ele>
				<time>2026-06-18T00:00:05Z</time>
			</trkpt>
			<trkpt lat="63.72604" lon="-148.910294">
				<ele>506.32666</ele>
				<time>2026-06-18T00:00:11Z</time>
			</trkpt>
			<trkpt lat="63.726051" lon="-148.910202">
				<ele>507.884796</ele>
				<time>2026-06-18T00:00:22Z</time>
			</trkpt>
			<trkpt lat="63.726051" lon="-148.910202">
				<ele>507.884796</ele>
				<time>2026-06-18T00:00:22Z</time>
			</trkpt>
			<trkpt lat="63.726051" lon="-148.910309">
				<ele>506.117645</ele>
				<time>2026-06-18T00:00:40Z</time>
			</trkpt>
			<trkpt lat="63.726006" lon="-148.910309">
				<ele>506.007263</ele>
				<time>2026-06-18T00:01:43Z</time>
			</trkpt>
			<trkpt lat="63.726006" lon="-148.910309">
				<ele>506.007263</ele>
				<time>2026-06-18T00:01:43Z</time>
			</trkpt>
			<trkpt lat="63.726032" lon="-148.910202">
				<ele>504.316589</ele>
				<time>2026-06-18T00:06:44Z</time>
			</trkpt>
			<trkpt lat="63.726032" lon="-148.910202">
				<ele>504.316589</ele>
				<time>2026-06-18T00:06:44Z</time>
			</trkpt>
			<trkpt lat="63.726059" lon="-148.91011">
				<ele>503.087952</ele>
				<time>2026-06-18T00:06:50Z</time>
			</trkpt>
			<trkpt lat="63.726097" lon="-148.910049">
				<ele>502.980743</ele>
				<time>2026-06-18T00:06:56Z</time>
			</trkpt>
			<trkpt lat="63.726154" lon="-148.91008">
				<ele>504.443756</ele>
				<time>2026-06-18T00:07:02Z</time>
			</trkpt>
			<trkpt lat="63.726192" lon="-148.910141">
				<ele>505.394073</ele>
				<time>2026-06-18T00:07:06Z</time>
			</trkpt>
			<trkpt lat="63.726192" lon="-148.910141">
				<ele>505.394073</ele>
				<time>2026-06-18T00:07:06Z</time>
			</trkpt>
			<trkpt lat="63.726219" lon="-148.910248">
				<ele>506.874634</ele>
				<time>2026-06-18T00:07:13Z</time>
			</trkpt>
			<trkpt lat="63.726212" lon="-148.910355">
				<ele>507.908539</ele>
				<time>2026-06-18T00:07:16Z</time>
			</trkpt>
			<trkpt lat="63.726185" lon="-148.910446">
				<ele>508.115479</ele>
				<time>2026-06-18T00:07:19Z</time>
			</trkpt>
			<trkpt lat="63.726192" lon="-148.910583">
				<ele>508.723358</ele>
				<time>2026-06-18T00:07:23Z</time>
			</trkpt>
			<trkpt lat="63.726181" lon="-148.910675">
				<ele>509.44635</ele>
				<time>2026-06-18T00:07:26Z</time>
			</trkpt>
			<trkpt lat="63.726181" lon="-148.910675">
				<ele>509.44635</ele>
				<time>2026-06-18T00:07:26Z</time>
			</trkpt>
			<trkpt lat="63.726196" lon="-148.910767">
				<ele>509.265686</ele>
				<time>2026-06-18T00:07:29Z</time>
			</trkpt>
			<trkpt lat="63.726273" lon="-148.910919">
				<ele>507.402313</ele>
				<time>2026-06-18T00:07:37Z</time>
			</trkpt>
			<trkpt lat="63.726299" lon="-148.910995">
				<ele>508.104706</ele>
				<time>2026-06-18T00:07:40Z</time>
			</trkpt>
			<trkpt lat="63.726284" lon="-148.911102">
				<ele>507.66571</ele>
				<time>2026-06-18T00:07:43Z</time>
			</trkpt>
			<trkpt lat="63.726242" lon="-148.911194">
				<ele>507.387665</ele>
				<time>2026-06-18T00:07:46Z</time>
			</trkpt>
			<trkpt lat="63.726242" lon="-148.911194">
				<ele>507.387665</ele>
				<time>2026-06-18T00:07:46Z</time>
			</trkpt>
			<trkpt lat="63.726189" lon="-148.911224">
				<ele>508.547028</ele>
				<time>2026-06-18T00:07:49Z</time>
			</trkpt>
			<trkpt lat="63.726154" lon="-148.911301">
				<ele>508.608246</ele>
				<time>2026-06-18T00:07:53Z</time>
			</trkpt>
			<trkpt lat="63.726131" lon="-148.911392">
				<ele>507.400055</ele>
				<time>2026-06-18T00:07:57Z</time>
			</trkpt>
			<trkpt lat="63.726128" lon="-148.911514">
				<ele>509.603302</ele>
				<time>2026-06-18T00:08:01Z</time>
			</trkpt>
			<trkpt lat="63.726101" lon="-148.911606">
				<ele>510.230133</ele>
				<time>2026-06-18T00:08:05Z</time>
			</trkpt>
			<trkpt lat="63.726101" lon="-148.911606">
				<ele>510.230133</ele>
				<time>2026-06-18T00:08:05Z</time>
			</trkpt>
			<trkpt lat="63.726067" lon="-148.911682">
				<ele>510.078644</ele>
				<time>2026-06-18T00:08:09Z</time>
			</trkpt>
			<trkpt lat="63.726055" lon="-148.911789">
				<ele>510.317017</ele>
				<time>2026-06-18T00:08:13Z</time>
			</trkpt>
			<trkpt lat="63.726044" lon="-148.911926">
				<ele>509.63739</ele>
				<time>2026-06-18T00:08:19Z</time>
			</trkpt>
			<trkpt lat="63.726021" lon="-148.912033">
				<ele>509.193542</ele>
				<time>2026-06-18T00:08:23Z</time>
			</trkpt>
			<trkpt lat="63.726002" lon="-148.91214">
				<ele>507.806427</ele>
				<time>2026-06-18T00:08:28Z</time>
			</trkpt>
			<trkpt lat="63.726002" lon="-148.91214">
				<ele>507.806427</ele>
				<time>2026-06-18T00:08:28Z</time>
			</trkpt>
			<trkpt lat="63.725998" lon="-148.912262">
				<ele>508.077484</ele>
				<time>2026-06-18T00:08:33Z</time>
			</trkpt>
			<trkpt lat="63.726009" lon="-148.912369">
				<ele>508.744904</ele>
				<time>2026-06-18T00:08:38Z</time>
			</trkpt>
			<trkpt lat="63.726002" lon="-148.912476">
				<ele>509.332367</ele>
				<time>2026-06-18T00:08:43Z</time>
			</trkpt>
			<trkpt lat="63.726013" lon="-148.912582">
				<ele>510.151154</ele>
				<time>2026-06-18T00:08:47Z</time>
			</trkpt>
			<trkpt lat="63.726013" lon="-148.912582">
				<ele>510.151154</ele>
				<time>2026-06-18T00:08:47Z</time>
			</trkpt>
			<trkpt lat="63.726002" lon="-148.912689">
				<ele>507.730164</ele>
				<time>2026-06-18T00:08:52Z</time>
			</trkpt>
			<trkpt lat="63.725986" lon="-148.912781">
				<ele>503.509338</ele>
				<time>2026-06-18T00:08:58Z</time>
			</trkpt>
			<trkpt lat="63.725952" lon="-148.912872">
				<ele>502.335114</ele>
				<time>2026-06-18T00:09:03Z</time>
			</trkpt>
			<trkpt lat="63.725933" lon="-148.912994">
				<ele>504.241486</ele>
				<time>2026-06-18T00:09:07Z</time>
			</trkpt>
			<trkpt lat="63.725933" lon="-148.912994">
				<ele>504.241486</ele>
				<time>2026-06-18T00:09:07Z</time>
			</trkpt>
			<trkpt lat="63.725895" lon="-148.913071">
				<ele>504.855286</ele>
				<time>2026-06-18T00:09:11Z</time>
			</trkpt>
			<trkpt lat="63.725891" lon="-148.913162">
				<ele>505.215637</ele>
				<time>2026-06-18T00:09:15Z</time>
			</trkpt>
			<trkpt lat="63.725868" lon="-148.913284">
				<ele>506.513458</ele>
				<time>2026-06-18T00:09:20Z</time>
			</trkpt>
			<trkpt lat="63.725872" lon="-148.913391">
				<ele>507.810608</ele>
				<time>2026-06-18T00:09:25Z</time>
			</trkpt>
			<trkpt lat="63.725876" lon="-148.913498">
				<ele>508.353058</ele>
				<time>2026-06-18T00:09:29Z</time>
			</trkpt>
			<trkpt lat="63.725876" lon="-148.913498">
				<ele>508.353058</ele>
				<time>2026-06-18T00:09:29Z</time>
			</trkpt>
			<trkpt lat="63.725899" lon="-148.913605">
				<ele>508.748016</ele>
				<time>2026-06-18T00:09:34Z</time>
			</trkpt>
			<trkpt lat="63.725925" lon="-148.913712">
				<ele>508.769684</ele>
				<time>2026-06-18T00:09:39Z</time>
			</trkpt>
			<trkpt lat="63.725948" lon="-148.913788">
				<ele>510.121277</ele>
				<time>2026-06-18T00:09:43Z</time>
			</trkpt>
			<trkpt lat="63.72596" lon="-148.913895">
				<ele>509.879791</ele>
				<time>2026-06-18T00:09:48Z</time>
			</trkpt>
			<trkpt lat="63.72596" lon="-148.913895">
				<ele>509.879791</ele>
				<time>2026-06-18T00:09:48Z</time>
			</trkpt>
			<trkpt lat="63.725971" lon="-148.914001">
				<ele>510.06778</ele>
				<time>2026-06-18T00:09:52Z</time>
			</trkpt>
			<trkpt lat="63.725994" lon="-148.914078">
				<ele>511.211761</ele>
				<time>2026-06-18T00:09:55Z</time>
			</trkpt>
			<trkpt lat="63.725986" lon="-148.914185">
				<ele>511.019348</ele>
				<time>2026-06-18T00:10:00Z</time>
			</trkpt>
			<trkpt lat="63.725983" lon="-148.914307">
				<ele>511.937317</ele>
				<time>2026-06-18T00:10:04Z</time>
			</trkpt>
			<trkpt lat="63.725983" lon="-148.914429">
				<ele>513.654663</ele>
				<time>2026-06-18T00:10:10Z</time>
			</trkpt>
			<trkpt lat="63.725983" lon="-148.914429">
				<ele>513.654663</ele>
				<time>2026-06-18T00:10:10Z</time>
			</trkpt>
			<trkpt lat="63.725971" lon="-148.914551">
				<ele>514.141541</ele>
				<time>2026-06-18T00:10:14Z</time>
			</trkpt>
			<trkpt lat="63.725929" lon="-148.914581">
				<ele>515.059143</ele>
				<time>2026-06-18T00:10:50Z</time>
			</trkpt>
			<trkpt lat="63.725929" lon="-148.914581">
				<ele>515.059143</ele>
				<time>2026-06-18T00:10:50Z</time>
			</trkpt>
			<trkpt lat="63.725967" lon="-148.914612">
				<ele>513.284973</ele>
				<time>2026-06-18T00:11:22Z</time>
			</trkpt>
			<trkpt lat="63.725967" lon="-148.914612">
				<ele>513.284973</ele>
				<time>2026-06-18T00:11:22Z</time>
			</trkpt>
			<trkpt lat="63.726017" lon="-148.914597">
				<ele>512.548096</ele>
				<time>2026-06-18T00:11:51Z</time>
			</trkpt>
			<trkpt lat="63.726017" lon="-148.914597">
				<ele>512.548096</ele>
				<time>2026-06-18T00:11:51Z</time>
			</trkpt>
			<trkpt lat="63.72607" lon="-148.914612">
				<ele>514.406433</ele>
				<time>2026-06-18T00:11:58Z</time>
			</trkpt>
			<trkpt lat="63.726112" lon="-148.914642">
				<ele>516.355164</ele>
				<time>2026-06-18T00:12:03Z</time>
			</trkpt>
			<trkpt lat="63.726162" lon="-148.914688">
				<ele>517.646912</ele>
				<time>2026-06-18T00:12:09Z</time>
			</trkpt>
			<trkpt lat="63.7262" lon="-148.91478">
				<ele>516.868225</ele>
				<time>2026-06-18T00:12:12Z</time>
			</trkpt>
			<trkpt lat="63.7262" lon="-148.91478">
				<ele>516.868225</ele>
				<time>2026-06-18T00:12:12Z</time>
			</trkpt>
			<trkpt lat="63.726231" lon="-148.914871">
				<ele>518.109497</ele>
				<time>2026-06-18T00:12:18Z</time>
			</trkpt>
			<trkpt lat="63.726265" lon="-148.914963">
				<ele>518.264099</ele>
				<time>2026-06-18T00:12:23Z</time>
			</trkpt>
			<trkpt lat="63.726303" lon="-148.915161">
				<ele>521.303528</ele>
				<time>2026-06-18T00:12:35Z</time>
			</trkpt>
			<trkpt lat="63.726303" lon="-148.915161">
				<ele>521.303528</ele>
				<time>2026-06-18T00:12:35Z</time>
			</trkpt>
			<trkpt lat="63.726307" lon="-148.915253">
				<ele>522.252136</ele>
				<time>2026-06-18T00:12:39Z</time>
			</trkpt>
			<trkpt lat="63.726322" lon="-148.915359">
				<ele>522.666016</ele>
				<time>2026-06-18T00:12:44Z</time>
			</trkpt>
			<trkpt lat="63.726322" lon="-148.915466">
				<ele>524.126709</ele>
				<time>2026-06-18T00:12:49Z</time>
			</trkpt>
			<trkpt lat="63.726326" lon="-148.915558">
				<ele>526.487854</ele>
				<time>2026-06-18T00:12:54Z</time>
			</trkpt>
			<trkpt lat="63.726326" lon="-148.915558">
				<ele>526.487854</ele>
				<time>2026-06-18T00:12:54Z</time>
			</trkpt>
			<trkpt lat="63.726349" lon="-148.915649">
				<ele>528.622681</ele>
				<time>2026-06-18T00:12:59Z</time>
			</trkpt>
			<trkpt lat="63.726368" lon="-148.915771">
				<ele>530.67157</ele>
				<time>2026-06-18T00:13:04Z</time>
			</trkpt>
			<trkpt lat="63.726383" lon="-148.915863">
				<ele>531.06366</ele>
				<time>2026-06-18T00:13:08Z</time>
			</trkpt>
			<trkpt lat="63.726421" lon="-148.915939">
				<ele>531.200378</ele>
				<time>2026-06-18T00:13:13Z</time>
			</trkpt>
			<trkpt lat="63.726421" lon="-148.915939">
				<ele>531.200378</ele>
				<time>2026-06-18T00:13:13Z</time>
			</trkpt>
			<trkpt lat="63.726467" lon="-148.915909">
				<ele>531.667053</ele>
				<time>2026-06-18T00:13:20Z</time>
			</trkpt>
			<trkpt lat="63.726517" lon="-148.915878">
				<ele>531.334961</ele>
				<time>2026-06-18T00:13:27Z</time>
			</trkpt>
			<trkpt lat="63.726563" lon="-148.915909">
				<ele>529.629456</ele>
				<time>2026-06-18T00:13:29Z</time>
			</trkpt>
			<trkpt lat="63.726608" lon="-148.915894">
				<ele>530.087463</ele>
				<time>2026-06-18T00:13:33Z</time>
			</trkpt>
			<trkpt lat="63.726608" lon="-148.915894">
				<ele>530.087463</ele>
				<time>2026-06-18T00:13:33Z</time>
			</trkpt>
			<trkpt lat="63.72665" lon="-148.915909">
				<ele>531.989075</ele>
				<time>2026-06-18T00:13:38Z</time>
			</trkpt>
			<trkpt lat="63.7267" lon="-148.915878">
				<ele>532.77478</ele>
				<time>2026-06-18T00:13:44Z</time>
			</trkpt>
			<trkpt lat="63.726742" lon="-148.915848">
				<ele>532.191589</ele>
				<time>2026-06-18T00:13:48Z</time>
			</trkpt>
			<trkpt lat="63.72678" lon="-148.915771">
				<ele>532.072571</ele>
				<time>2026-06-18T00:13:54Z</time>
			</trkpt>
			<trkpt lat="63.72678" lon="-148.915771">
				<ele>532.072571</ele>
				<time>2026-06-18T00:13:54Z</time>
			</trkpt>
			<trkpt lat="63.726826" lon="-148.915726">
				<ele>533.682007</ele>
				<time>2026-06-18T00:14:00Z</time>
			</trkpt>
			<trkpt lat="63.726868" lon="-148.91571">
				<ele>533.246765</ele>
				<time>2026-06-18T00:14:04Z</time>
			</trkpt>
			<trkpt lat="63.726925" lon="-148.91568">
				<ele>535.461426</ele>
				<time>2026-06-18T00:14:10Z</time>
			</trkpt>
			<trkpt lat="63.726974" lon="-148.915665">
				<ele>534.88324</ele>
				<time>2026-06-18T00:14:15Z</time>
			</trkpt>
			<trkpt lat="63.726974" lon="-148.915665">
				<ele>534.88324</ele>
				<time>2026-06-18T00:14:15Z</time>
			</trkpt>
			<trkpt lat="63.727013" lon="-148.915588">
				<ele>535.201904</ele>
				<time>2026-06-18T00:14:21Z</time>
			</trkpt>
			<trkpt lat="63.727058" lon="-148.915543">
				<ele>535.429321</ele>
				<time>2026-06-18T00:14:26Z</time>
			</trkpt>
			<trkpt lat="63.727081" lon="-148.915451">
				<ele>536.607117</ele>
				<time>2026-06-18T00:14:30Z</time>
			</trkpt>
			<trkpt lat="63.727112" lon="-148.915329">
				<ele>537.220276</ele>
				<time>2026-06-18T00:14:35Z</time>
			</trkpt>
			<trkpt lat="63.727112" lon="-148.915329">
				<ele>537.220276</ele>
				<time>2026-06-18T00:14:35Z</time>
			</trkpt>
			<trkpt lat="63.727142" lon="-148.915237">
				<ele>538.764038</ele>
				<time>2026-06-18T00:14:40Z</time>
			</trkpt>
			<trkpt lat="63.72718" lon="-148.915161">
				<ele>540.943665</ele>
				<time>2026-06-18T00:14:45Z</time>
			</trkpt>
			<trkpt lat="63.727234" lon="-148.915131">
				<ele>540.927246</ele>
				<time>2026-06-18T00:14:50Z</time>
			</trkpt>
			<trkpt lat="63.727295" lon="-148.915131">
				<ele>541.110718</ele>
				<time>2026-06-18T00:14:55Z</time>
			</trkpt>
			<trkpt lat="63.727295" lon="-148.915131">
				<ele>541.110718</ele>
				<time>2026-06-18T00:14:55Z</time>
			</trkpt>
			<trkpt lat="63.727337" lon="-148.9151">
				<ele>541.404663</ele>
				<time>2026-06-18T00:14:58Z</time>
			</trkpt>
			<trkpt lat="63.727383" lon="-148.91507">
				<ele>541.483521</ele>
				<time>2026-06-18T00:15:02Z</time>
			</trkpt>
			<trkpt lat="63.727428" lon="-148.915085">
				<ele>540.517151</ele>
				<time>2026-06-18T00:15:05Z</time>
			</trkpt>
			<trkpt lat="63.727474" lon="-148.91507">
				<ele>541.694214</ele>
				<time>2026-06-18T00:15:08Z</time>
			</trkpt>
			<trkpt lat="63.727547" lon="-148.914948">
				<ele>543.534119</ele>
				<time>2026-06-18T00:15:15Z</time>
			</trkpt>
			<trkpt lat="63.727547" lon="-148.914948">
				<ele>543.534119</ele>
				<time>2026-06-18T00:15:15Z</time>
			</trkpt>
			<trkpt lat="63.727592" lon="-148.914917">
				<ele>544.683716</ele>
				<time>2026-06-18T00:15:19Z</time>
			</trkpt>
			<trkpt lat="63.727577" lon="-148.914825">
				<ele>543.941833</ele>
				<time>2026-06-18T00:15:25Z</time>
			</trkpt>
			<trkpt lat="63.727535" lon="-148.914825">
				<ele>542.909058</ele>
				<time>2026-06-18T00:16:08Z</time>
			</trkpt>
			<trkpt lat="63.727535" lon="-148.914825">
				<ele>542.909058</ele>
				<time>2026-06-18T00:16:08Z</time>
			</trkpt>
			<trkpt lat="63.727581" lon="-148.914856">
				<ele>542.475769</ele>
				<time>2026-06-18T00:16:13Z</time>
			</trkpt>
			<trkpt lat="63.727627" lon="-148.914902">
				<ele>542.431396</ele>
				<time>2026-06-18T00:16:19Z</time>
			</trkpt>
			<trkpt lat="63.727673" lon="-148.914963">
				<ele>542.500122</ele>
				<time>2026-06-18T00:16:23Z</time>
			</trkpt>
			<trkpt lat="63.727726" lon="-148.915024">
				<ele>541.901489</ele>
				<time>2026-06-18T00:16:27Z</time>
			</trkpt>
			<trkpt lat="63.727726" lon="-148.915024">
				<ele>541.901489</ele>
				<time>2026-06-18T00:16:27Z</time>
			</trkpt>
			<trkpt lat="63.727776" lon="-148.915085">
				<ele>543.391235</ele>
				<time>2026-06-18T00:16:32Z</time>
			</trkpt>
			<trkpt lat="63.727814" lon="-148.915146">
				<ele>541.537231</ele>
				<time>2026-06-18T00:16:37Z</time>
			</trkpt>
			<trkpt lat="63.727871" lon="-148.915176">
				<ele>540.024841</ele>
				<time>2026-06-18T00:16:44Z</time>
			</trkpt>
			<trkpt lat="63.727921" lon="-148.915192">
				<ele>540.922546</ele>
				<time>2026-06-18T00:16:47Z</time>
			</trkpt>
			<trkpt lat="63.727921" lon="-148.915192">
				<ele>540.922546</ele>
				<time>2026-06-18T00:16:47Z</time>
			</trkpt>
			<trkpt lat="63.72797" lon="-148.915253">
				<ele>542.622131</ele>
				<time>2026-06-18T00:16:52Z</time>
			</trkpt>
			<trkpt lat="63.728016" lon="-148.915298">
				<ele>543.568787</ele>
				<time>2026-06-18T00:16:57Z</time>
			</trkpt>
			<trkpt lat="63.728058" lon="-148.915314">
				<ele>545.635742</ele>
				<time>2026-06-18T00:17:02Z</time>
			</trkpt>
			<trkpt lat="63.728104" lon="-148.91539">
				<ele>546.33374</ele>
				<time>2026-06-18T00:17:05Z</time>
			</trkpt>
			<trkpt lat="63.728119" lon="-148.915497">
				<ele>545.777161</ele>
				<time>2026-06-18T00:17:08Z</time>
			</trkpt>
			<trkpt lat="63.728119" lon="-148.915497">
				<ele>545.777161</ele>
				<time>2026-06-18T00:17:08Z</time>
			</trkpt>
			<trkpt lat="63.728096" lon="-148.915573">
				<ele>545.095764</ele>
				<time>2026-06-18T00:17:29Z</time>
			</trkpt>
			<trkpt lat="63.728096" lon="-148.915573">
				<ele>545.095764</ele>
				<time>2026-06-18T00:17:29Z</time>
			</trkpt>
			<trkpt lat="63.728127" lon="-148.915497">
				<ele>545.297119</ele>
				<time>2026-06-18T00:17:50Z</time>
			</trkpt>
			<trkpt lat="63.728153" lon="-148.915421">
				<ele>545.665039</ele>
				<time>2026-06-18T00:17:55Z</time>
			</trkpt>
			<trkpt lat="63.728199" lon="-148.915451">
				<ele>544.162476</ele>
				<time>2026-06-18T00:18:04Z</time>
			</trkpt>
			<trkpt lat="63.728199" lon="-148.915451">
				<ele>544.162476</ele>
				<time>2026-06-18T00:18:04Z</time>
			</trkpt>
			<trkpt lat="63.728249" lon="-148.915451">
				<ele>543.611755</ele>
				<time>2026-06-18T00:18:08Z</time>
			</trkpt>
			<trkpt lat="63.728291" lon="-148.915482">
				<ele>543.656494</ele>
				<time>2026-06-18T00:18:12Z</time>
			</trkpt>
			<trkpt lat="63.72834" lon="-148.915482">
				<ele>544.006409</ele>
				<time>2026-06-18T00:18:16Z</time>
			</trkpt>
			<trkpt lat="63.72839" lon="-148.915405">
				<ele>545.081116</ele>
				<time>2026-06-18T00:18:20Z</time>
			</trkpt>
			<trkpt lat="63.728428" lon="-148.915375">
				<ele>545.283508</ele>
				<time>2026-06-18T00:18:25Z</time>
			</trkpt>
			<trkpt lat="63.728428" lon="-148.915375">
				<ele>545.283508</ele>
				<time>2026-06-18T00:18:25Z</time>
			</trkpt>
			<trkpt lat="63.728481" lon="-148.915421">
				<ele>545.562195</ele>
				<time>2026-06-18T00:18:28Z</time>
			</trkpt>
			<trkpt lat="63.728539" lon="-148.915421">
				<ele>546.704346</ele>
				<time>2026-06-18T00:18:35Z</time>
			</trkpt>
			<trkpt lat="63.728584" lon="-148.915405">
				<ele>548.065674</ele>
				<time>2026-06-18T00:18:40Z</time>
			</trkpt>
			<trkpt lat="63.728626" lon="-148.915405">
				<ele>548.171875</ele>
				<time>2026-06-18T00:18:45Z</time>
			</trkpt>
			<trkpt lat="63.728626" lon="-148.915405">
				<ele>548.171875</ele>
				<time>2026-06-18T00:18:45Z</time>
			</trkpt>
			<trkpt lat="63.728687" lon="-148.915405">
				<ele>545.756287</ele>
				<time>2026-06-18T00:18:52Z</time>
			</trkpt>
			<trkpt lat="63.728741" lon="-148.915421">
				<ele>544.769409</ele>
				<time>2026-06-18T00:18:58Z</time>
			</trkpt>
			<trkpt lat="63.72876" lon="-148.915512">
				<ele>544.585144</ele>
				<time>2026-06-18T00:19:06Z</time>
			</trkpt>
			<trkpt lat="63.72876" lon="-148.915512">
				<ele>544.585144</ele>
				<time>2026-06-18T00:19:06Z</time>
			</trkpt>
			<trkpt lat="63.728725" lon="-148.915619">
				<ele>546.516174</ele>
				<time>2026-06-18T00:19:15Z</time>
			</trkpt>
			<trkpt lat="63.728737" lon="-148.915512">
				<ele>544.571533</ele>
				<time>2026-06-18T00:19:25Z</time>
			</trkpt>
			<trkpt lat="63.728775" lon="-148.915466">
				<ele>546.078735</ele>
				<time>2026-06-18T00:19:30Z</time>
			</trkpt>
			<trkpt lat="63.728775" lon="-148.915466">
				<ele>546.078735</ele>
				<time>2026-06-18T00:19:30Z</time>
			</trkpt>
			<trkpt lat="63.728863" lon="-148.915421">
				<ele>543.474182</ele>
				<time>2026-06-18T00:19:50Z</time>
			</trkpt>
			<trkpt lat="63.728863" lon="-148.915421">
				<ele>543.474182</ele>
				<time>2026-06-18T00:19:50Z</time>
			</trkpt>
			<trkpt lat="63.728912" lon="-148.915436">
				<ele>543.063416</ele>
				<time>2026-06-18T00:19:55Z</time>
			</trkpt>
			<trkpt lat="63.728954" lon="-148.915451">
				<ele>542.862183</ele>
				<time>2026-06-18T00:19:57Z</time>
			</trkpt>
			<trkpt lat="63.729008" lon="-148.915421">
				<ele>543.239197</ele>
				<time>2026-06-18T00:20:02Z</time>
			</trkpt>
			<trkpt lat="63.72905" lon="-148.915436">
				<ele>543.262268</ele>
				<time>2026-06-18T00:20:07Z</time>
			</trkpt>
			<trkpt lat="63.729103" lon="-148.915436">
				<ele>543.703308</ele>
				<time>2026-06-18T00:20:12Z</time>
			</trkpt>
			<trkpt lat="63.729103" lon="-148.915436">
				<ele>543.703308</ele>
				<time>2026-06-18T00:20:12Z</time>
			</trkpt>
			<trkpt lat="63.729153" lon="-148.915436">
				<ele>542.131958</ele>
				<time>2026-06-18T00:20:29Z</time>
			</trkpt>
			<trkpt lat="63.729198" lon="-148.915451">
				<ele>544.570984</ele>
				<time>2026-06-18T00:20:35Z</time>
			</trkpt>
			<trkpt lat="63.729198" lon="-148.915451">
				<ele>544.570984</ele>
				<time>2026-06-18T00:20:35Z</time>
			</trkpt>
			<trkpt lat="63.729237" lon="-148.915527">
				<ele>542.834045</ele>
				<time>2026-06-18T00:20:40Z</time>
			</trkpt>
			<trkpt lat="63.729282" lon="-148.915588">
				<ele>541.680664</ele>
				<time>2026-06-18T00:20:45Z</time>
			</trkpt>
			<trkpt lat="63.729328" lon="-148.915634">
				<ele>540.415833</ele>
				<time>2026-06-18T00:20:50Z</time>
			</trkpt>
			<trkpt lat="63.72937" lon="-148.915619">
				<ele>540.463684</ele>
				<time>2026-06-18T00:20:54Z</time>
			</trkpt>
			<trkpt lat="63.72937" lon="-148.915619">
				<ele>540.463684</ele>
				<time>2026-06-18T00:20:54Z</time>
			</trkpt>
			<trkpt lat="63.729412" lon="-148.915619">
				<ele>540.946045</ele>
				<time>2026-06-18T00:20:58Z</time>
			</trkpt>
			<trkpt lat="63.729458" lon="-148.915634">
				<ele>540.556396</ele>
				<time>2026-06-18T00:21:03Z</time>
			</trkpt>
			<trkpt lat="63.729496" lon="-148.915695">
				<ele>539.966187</ele>
				<time>2026-06-18T00:21:07Z</time>
			</trkpt>
			<trkpt lat="63.72958" lon="-148.915817">
				<ele>540.516907</ele>
				<time>2026-06-18T00:21:18Z</time>
			</trkpt>
			<trkpt lat="63.72958" lon="-148.915817">
				<ele>540.516907</ele>
				<time>2026-06-18T00:21:18Z</time>
			</trkpt>
			<trkpt lat="63.72963" lon="-148.915833">
				<ele>542.051636</ele>
				<time>2026-06-18T00:21:28Z</time>
			</trkpt>
			<trkpt lat="63.729679" lon="-148.915817">
				<ele>542.992981</ele>
				<time>2026-06-18T00:21:34Z</time>
			</trkpt>
			<trkpt lat="63.729713" lon="-148.915894">
				<ele>542.85199</ele>
				<time>2026-06-18T00:21:39Z</time>
			</trkpt>
			<trkpt lat="63.729713" lon="-148.915894">
				<ele>542.85199</ele>
				<time>2026-06-18T00:21:39Z</time>
			</trkpt>
			<trkpt lat="63.729755" lon="-148.915863">
				<ele>543.319824</ele>
				<time>2026-06-18T00:21:44Z</time>
			</trkpt>
			<trkpt lat="63.729801" lon="-148.915833">
				<ele>543.118835</ele>
				<time>2026-06-18T00:21:52Z</time>
			</trkpt>
			<trkpt lat="63.729855" lon="-148.915863">
				<ele>542.795959</ele>
				<time>2026-06-18T00:21:58Z</time>
			</trkpt>
			<trkpt lat="63.729855" lon="-148.915863">
				<ele>542.795959</ele>
				<time>2026-06-18T00:21:58Z</time>
			</trkpt>
			<trkpt lat="63.729897" lon="-148.915848">
				<ele>541.426514</ele>
				<time>2026-06-18T00:22:04Z</time>
			</trkpt>
			<trkpt lat="63.729935" lon="-148.915894">
				<ele>541.302246</ele>
				<time>2026-06-18T00:22:11Z</time>
			</trkpt>
			<trkpt lat="63.729977" lon="-148.915924">
				<ele>541.411499</ele>
				<time>2026-06-18T00:22:16Z</time>
			</trkpt>
			<trkpt lat="63.730026" lon="-148.915939">
				<ele>541.101318</ele>
				<time>2026-06-18T00:22:21Z</time>
			</trkpt>
			<trkpt lat="63.730026" lon="-148.915939">
				<ele>541.101318</ele>
				<time>2026-06-18T00:22:21Z</time>
			</trkpt>
			<trkpt lat="63.730072" lon="-148.91597">
				<ele>540.654358</ele>
				<time>2026-06-18T00:22:26Z</time>
			</trkpt>
			<trkpt lat="63.730114" lon="-148.916016">
				<ele>540.796326</ele>
				<time>2026-06-18T00:22:33Z</time>
			</trkpt>
			<trkpt lat="63.730167" lon="-148.916016">
				<ele>540.947632</ele>
				<time>2026-06-18T00:22:38Z</time>
			</trkpt>
			<trkpt lat="63.730206" lon="-148.916077">
				<ele>540.850891</ele>
				<time>2026-06-18T00:22:42Z</time>
			</trkpt>
			<trkpt lat="63.730206" lon="-148.916077">
				<ele>540.850891</ele>
				<time>2026-06-18T00:22:42Z</time>
			</trkpt>
			<trkpt lat="63.730225" lon="-148.916168">
				<ele>540.830444</ele>
				<time>2026-06-18T00:22:46Z</time>
			</trkpt>
			<trkpt lat="63.730247" lon="-148.91626">
				<ele>541.684509</ele>
				<time>2026-06-18T00:22:50Z</time>
			</trkpt>
			<trkpt lat="63.730278" lon="-148.916321">
				<ele>543.621399</ele>
				<time>2026-06-18T00:22:54Z</time>
			</trkpt>
			<trkpt lat="63.730312" lon="-148.916397">
				<ele>544.693726</ele>
				<time>2026-06-18T00:22:58Z</time>
			</trkpt>
			<trkpt lat="63.730331" lon="-148.916489">
				<ele>547.755066</ele>
				<time>2026-06-18T00:23:03Z</time>
			</trkpt>
			<trkpt lat="63.730331" lon="-148.916489">
				<ele>547.755066</ele>
				<time>2026-06-18T00:23:03Z</time>
			</trkpt>
			<trkpt lat="63.730354" lon="-148.916595">
				<ele>547.502014</ele>
				<time>2026-06-18T00:23:07Z</time>
			</trkpt>
			<trkpt lat="63.730381" lon="-148.916687">
				<ele>550.220947</ele>
				<time>2026-06-18T00:23:11Z</time>
			</trkpt>
			<trkpt lat="63.730408" lon="-148.916794">
				<ele>550.05658</ele>
				<time>2026-06-18T00:23:16Z</time>
			</trkpt>
			<trkpt lat="63.730423" lon="-148.916885">
				<ele>550.601013</ele>
				<time>2026-06-18T00:23:20Z</time>
			</trkpt>
			<trkpt lat="63.730412" lon="-148.916992">
				<ele>546.650085</ele>
				<time>2026-06-18T00:23:25Z</time>
			</trkpt>
			<trkpt lat="63.730412" lon="-148.916992">
				<ele>546.650085</ele>
				<time>2026-06-18T00:23:25Z</time>
			</trkpt>
			<trkpt lat="63.730389" lon="-148.917084">
				<ele>544.530823</ele>
				<time>2026-06-18T00:23:37Z</time>
			</trkpt>
			<trkpt lat="63.730389" lon="-148.917191">
				<ele>544.102539</ele>
				<time>2026-06-18T00:23:55Z</time>
			</trkpt>
			<trkpt lat="63.730389" lon="-148.917191">
				<ele>544.102539</ele>
				<time>2026-06-18T00:23:55Z</time>
			</trkpt>
			<trkpt lat="63.730373" lon="-148.917297">
				<ele>544.871948</ele>
				<time>2026-06-18T00:24:00Z</time>
			</trkpt>
			<trkpt lat="63.730358" lon="-148.917389">
				<ele>544.794373</ele>
				<time>2026-06-18T00:24:05Z</time>
			</trkpt>
			<trkpt lat="63.730324" lon="-148.917465">
				<ele>544.153259</ele>
				<time>2026-06-18T00:24:10Z</time>
			</trkpt>
			<trkpt lat="63.730297" lon="-148.917542">
				<ele>543.648865</ele>
				<time>2026-06-18T00:24:15Z</time>
			</trkpt>
			<trkpt lat="63.730297" lon="-148.917542">
				<ele>543.648865</ele>
				<time>2026-06-18T00:24:15Z</time>
			</trkpt>
			<trkpt lat="63.730274" lon="-148.917633">
				<ele>543.590515</ele>
				<time>2026-06-18T00:24:19Z</time>
			</trkpt>
			<trkpt lat="63.730274" lon="-148.91774">
				<ele>543.260864</ele>
				<time>2026-06-18T00:24:24Z</time>
			</trkpt>
			<trkpt lat="63.73027" lon="-148.917862">
				<ele>543.120911</ele>
				<time>2026-06-18T00:24:29Z</time>
			</trkpt>
			<trkpt lat="63.730293" lon="-148.917969">
				<ele>543.717712</ele>
				<time>2026-06-18T00:24:34Z</time>
			</trkpt>
			<trkpt lat="63.730293" lon="-148.917969">
				<ele>543.717712</ele>
				<time>2026-06-18T00:24:34Z</time>
			</trkpt>
			<trkpt lat="63.730316" lon="-148.91806">
				<ele>545.550476</ele>
				<time>2026-06-18T00:24:40Z</time>
			</trkpt>
			<trkpt lat="63.730339" lon="-148.918152">
				<ele>547.744446</ele>
				<time>2026-06-18T00:24:44Z</time>
			</trkpt>
			<trkpt lat="63.73032" lon="-148.918243">
				<ele>548.38739</ele>
				<time>2026-06-18T00:24:48Z</time>
			</trkpt>
			<trkpt lat="63.730328" lon="-148.91835">
				<ele>549.720154</ele>
				<time>2026-06-18T00:24:53Z</time>
			</trkpt>
			<trkpt lat="63.730328" lon="-148.91835">
				<ele>549.720154</ele>
				<time>2026-06-18T00:24:53Z</time>
			</trkpt>
			<trkpt lat="63.730343" lon="-148.918442">
				<ele>549.971313</ele>
				<time>2026-06-18T00:24:57Z</time>
			</trkpt>
			<trkpt lat="63.73035" lon="-148.918533">
				<ele>551.01709</ele>
				<time>2026-06-18T00:25:01Z</time>
			</trkpt>
			<trkpt lat="63.730358" lon="-148.918625">
				<ele>551.762878</ele>
				<time>2026-06-18T00:25:05Z</time>
			</trkpt>
			<trkpt lat="63.730377" lon="-148.918747">
				<ele>551.489563</ele>
				<time>2026-06-18T00:25:10Z</time>
			</trkpt>
			<trkpt lat="63.730389" lon="-148.918854">
				<ele>550.079651</ele>
				<time>2026-06-18T00:25:14Z</time>
			</trkpt>
			<trkpt lat="63.730389" lon="-148.918854">
				<ele>550.079651</ele>
				<time>2026-06-18T00:25:14Z</time>
			</trkpt>
			<trkpt lat="63.730404" lon="-148.918945">
				<ele>550.946106</ele>
				<time>2026-06-18T00:25:19Z</time>
			</trkpt>
			<trkpt lat="63.730412" lon="-148.919052">
				<ele>551.779114</ele>
				<time>2026-06-18T00:25:24Z</time>
			</trkpt>
			<trkpt lat="63.730404" lon="-148.919174">
				<ele>548.924072</ele>
				<time>2026-06-18T00:25:28Z</time>
			</trkpt>
			<trkpt lat="63.730404" lon="-148.919296">
				<ele>547.682129</ele>
				<time>2026-06-18T00:25:32Z</time>
			</trkpt>
			<trkpt lat="63.730412" lon="-148.919388">
				<ele>546.949219</ele>
				<time>2026-06-18T00:25:36Z</time>
			</trkpt>
			<trkpt lat="63.730412" lon="-148.919388">
				<ele>546.949219</ele>
				<time>2026-06-18T00:25:36Z</time>
			</trkpt>
			<trkpt lat="63.7304" lon="-148.919479">
				<ele>547.035706</ele>
				<time>2026-06-18T00:25:57Z</time>
			</trkpt>
			<trkpt lat="63.730438" lon="-148.919556">
				<ele>549.865173</ele>
				<time>2026-06-18T00:26:24Z</time>
			</trkpt>
			<trkpt lat="63.730438" lon="-148.919556">
				<ele>549.865173</ele>
				<time>2026-06-18T00:26:24Z</time>
			</trkpt>
			<trkpt lat="63.730499" lon="-148.91954">
				<ele>549.379333</ele>
				<time>2026-06-18T00:26:30Z</time>
			</trkpt>
			<trkpt lat="63.730553" lon="-148.91954">
				<ele>550.286682</ele>
				<time>2026-06-18T00:26:33Z</time>
			</trkpt>
			<trkpt lat="63.730595" lon="-148.919601">
				<ele>551.186646</ele>
				<time>2026-06-18T00:26:37Z</time>
			</trkpt>
			<trkpt lat="63.730644" lon="-148.919617">
				<ele>552.804443</ele>
				<time>2026-06-18T00:26:41Z</time>
			</trkpt>
			<trkpt lat="63.730694" lon="-148.919632">
				<ele>552.37207</ele>
				<time>2026-06-18T00:26:45Z</time>
			</trkpt>
			<trkpt lat="63.730694" lon="-148.919632">
				<ele>552.37207</ele>
				<time>2026-06-18T00:26:45Z</time>
			</trkpt>
			<trkpt lat="63.730747" lon="-148.919586">
				<ele>552.223145</ele>
				<time>2026-06-18T00:26:49Z</time>
			</trkpt>
			<trkpt lat="63.730797" lon="-148.919571">
				<ele>554.14093</ele>
				<time>2026-06-18T00:26:53Z</time>
			</trkpt>
			<trkpt lat="63.73085" lon="-148.919601">
				<ele>553.561951</ele>
				<time>2026-06-18T00:26:58Z</time>
			</trkpt>
			<trkpt lat="63.730892" lon="-148.919647">
				<ele>554.728821</ele>
				<time>2026-06-18T00:27:02Z</time>
			</trkpt>
			<trkpt lat="63.730942" lon="-148.919693">
				<ele>554.954224</ele>
				<time>2026-06-18T00:27:06Z</time>
			</trkpt>
			<trkpt lat="63.730942" lon="-148.919693">
				<ele>554.954224</ele>
				<time>2026-06-18T00:27:06Z</time>
			</trkpt>
			<trkpt lat="63.730984" lon="-148.919678">
				<ele>554.348877</ele>
				<time>2026-06-18T00:27:11Z</time>
			</trkpt>
			<trkpt lat="63.731026" lon="-148.919601">
				<ele>554.492676</ele>
				<time>2026-06-18T00:27:15Z</time>
			</trkpt>
			<trkpt lat="63.731064" lon="-148.919632">
				<ele>554.779663</ele>
				<time>2026-06-18T00:27:18Z</time>
			</trkpt>
			<trkpt lat="63.731113" lon="-148.919724">
				<ele>554.320801</ele>
				<time>2026-06-18T00:27:23Z</time>
			</trkpt>
			<trkpt lat="63.73114" lon="-148.919815">
				<ele>553.152039</ele>
				<time>2026-06-18T00:27:27Z</time>
			</trkpt>
			<trkpt lat="63.73114" lon="-148.919815">
				<ele>553.152039</ele>
				<time>2026-06-18T00:27:27Z</time>
			</trkpt>
			<trkpt lat="63.731171" lon="-148.919891">
				<ele>552.745361</ele>
				<time>2026-06-18T00:27:31Z</time>
			</trkpt>
			<trkpt lat="63.731205" lon="-148.919968">
				<ele>552.877136</ele>
				<time>2026-06-18T00:27:35Z</time>
			</trkpt>
			<trkpt lat="63.731236" lon="-148.920029">
				<ele>553.15448</ele>
				<time>2026-06-18T00:27:38Z</time>
			</trkpt>
			<trkpt lat="63.731251" lon="-148.920135">
				<ele>552.318176</ele>
				<time>2026-06-18T00:27:42Z</time>
			</trkpt>
			<trkpt lat="63.731277" lon="-148.920227">
				<ele>552.345703</ele>
				<time>2026-06-18T00:27:45Z</time>
			</trkpt>
			<trkpt lat="63.731316" lon="-148.920273">
				<ele>551.837891</ele>
				<time>2026-06-18T00:27:48Z</time>
			</trkpt>
			<trkpt lat="63.731316" lon="-148.920273">
				<ele>551.837891</ele>
				<time>2026-06-18T00:27:48Z</time>
			</trkpt>
			<trkpt lat="63.731339" lon="-148.92038">
				<ele>553.915588</ele>
				<time>2026-06-18T00:27:52Z</time>
			</trkpt>
			<trkpt lat="63.731365" lon="-148.920471">
				<ele>554.646912</ele>
				<time>2026-06-18T00:27:56Z</time>
			</trkpt>
			<trkpt lat="63.731358" lon="-148.920593">
				<ele>552.448242</ele>
				<time>2026-06-18T00:28:00Z</time>
			</trkpt>
			<trkpt lat="63.731369" lon="-148.920685">
				<ele>552.85498</ele>
				<time>2026-06-18T00:28:04Z</time>
			</trkpt>
			<trkpt lat="63.731384" lon="-148.920776">
				<ele>552.673584</ele>
				<time>2026-06-18T00:28:08Z</time>
			</trkpt>
			<trkpt lat="63.731384" lon="-148.920776">
				<ele>552.673584</ele>
				<time>2026-06-18T00:28:08Z</time>
			</trkpt>
			<trkpt lat="63.731365" lon="-148.920883">
				<ele>551.873352</ele>
				<time>2026-06-18T00:28:12Z</time>
			</trkpt>
			<trkpt lat="63.731342" lon="-148.920959">
				<ele>551.96521</ele>
				<time>2026-06-18T00:28:15Z</time>
			</trkpt>
			<trkpt lat="63.731361" lon="-148.921066">
				<ele>552.001648</ele>
				<time>2026-06-18T00:28:19Z</time>
			</trkpt>
			<trkpt lat="63.731365" lon="-148.921188">
				<ele>553.213318</ele>
				<time>2026-06-18T00:28:24Z</time>
			</trkpt>
			<trkpt lat="63.731342" lon="-148.921295">
				<ele>552.818298</ele>
				<time>2026-06-18T00:28:28Z</time>
			</trkpt>
			<trkpt lat="63.731342" lon="-148.921295">
				<ele>552.818298</ele>
				<time>2026-06-18T00:28:28Z</time>
			</trkpt>
			<trkpt lat="63.7313" lon="-148.921371">
				<ele>552.30542</ele>
				<time>2026-06-18T00:28:32Z</time>
			</trkpt>
			<trkpt lat="63.731266" lon="-148.921463">
				<ele>551.711914</ele>
				<time>2026-06-18T00:28:36Z</time>
			</trkpt>
			<trkpt lat="63.731236" lon="-148.921555">
				<ele>551.954224</ele>
				<time>2026-06-18T00:28:40Z</time>
			</trkpt>
			<trkpt lat="63.731201" lon="-148.921646">
				<ele>552.010681</ele>
				<time>2026-06-18T00:28:44Z</time>
			</trkpt>
			<trkpt lat="63.731182" lon="-148.921753">
				<ele>552.959045</ele>
				<time>2026-06-18T00:28:48Z</time>
			</trkpt>
			<trkpt lat="63.731182" lon="-148.921753">
				<ele>552.959045</ele>
				<time>2026-06-18T00:28:48Z</time>
			</trkpt>
			<trkpt lat="63.73114" lon="-148.921829">
				<ele>553.205933</ele>
				<time>2026-06-18T00:28:52Z</time>
			</trkpt>
			<trkpt lat="63.731121" lon="-148.921906">
				<ele>553.308228</ele>
				<time>2026-06-18T00:28:55Z</time>
			</trkpt>
			<trkpt lat="63.731133" lon="-148.922028">
				<ele>554.039917</ele>
				<time>2026-06-18T00:29:00Z</time>
			</trkpt>
			<trkpt lat="63.731152" lon="-148.922104">
				<ele>554.111084</ele>
				<time>2026-06-18T00:29:04Z</time>
			</trkpt>
			<trkpt lat="63.731194" lon="-148.92218">
				<ele>555.154907</ele>
				<time>2026-06-18T00:29:08Z</time>
			</trkpt>
			<trkpt lat="63.731194" lon="-148.92218">
				<ele>555.154907</ele>
				<time>2026-06-18T00:29:08Z</time>
			</trkpt>
			<trkpt lat="63.731182" lon="-148.922302">
				<ele>554.290344</ele>
				<time>2026-06-18T00:29:12Z</time>
			</trkpt>
			<trkpt lat="63.731171" lon="-148.922409">
				<ele>553.665405</ele>
				<time>2026-06-18T00:29:16Z</time>
			</trkpt>
			<trkpt lat="63.731174" lon="-148.922516">
				<ele>555.598083</ele>
				<time>2026-06-18T00:29:21Z</time>
			</trkpt>
			<trkpt lat="63.731148" lon="-148.922623">
				<ele>555.304138</ele>
				<time>2026-06-18T00:29:26Z</time>
			</trkpt>
			<trkpt lat="63.731136" lon="-148.922729">
				<ele>554.982788</ele>
				<time>2026-06-18T00:29:31Z</time>
			</trkpt>
			<trkpt lat="63.731136" lon="-148.922729">
				<ele>554.982788</ele>
				<time>2026-06-18T00:29:31Z</time>
			</trkpt>
			<trkpt lat="63.731125" lon="-148.922836">
				<ele>555.766846</ele>
				<time>2026-06-18T00:29:35Z</time>
			</trkpt>
			<trkpt lat="63.731125" lon="-148.922958">
				<ele>556.152039</ele>
				<time>2026-06-18T00:29:39Z</time>
			</trkpt>
			<trkpt lat="63.73114" lon="-148.92305">
				<ele>556.098938</ele>
				<time>2026-06-18T00:29:43Z</time>
			</trkpt>
			<trkpt lat="63.731174" lon="-148.923126">
				<ele>557.145752</ele>
				<time>2026-06-18T00:29:48Z</time>
			</trkpt>
			<trkpt lat="63.73119" lon="-148.923218">
				<ele>558.367432</ele>
				<time>2026-06-18T00:29:51Z</time>
			</trkpt>
			<trkpt lat="63.73119" lon="-148.923218">
				<ele>558.367432</ele>
				<time>2026-06-18T00:29:51Z</time>
			</trkpt>
			<trkpt lat="63.731209" lon="-148.923309">
				<ele>561.511047</ele>
				<time>2026-06-18T00:29:55Z</time>
			</trkpt>
			<trkpt lat="63.731213" lon="-148.923401">
				<ele>561.01532</ele>
				<time>2026-06-18T00:29:59Z</time>
			</trkpt>
			<trkpt lat="63.731228" lon="-148.923523">
				<ele>561.752869</ele>
				<time>2026-06-18T00:30:03Z</time>
			</trkpt>
			<trkpt lat="63.731243" lon="-148.92363">
				<ele>562.765625</ele>
				<time>2026-06-18T00:30:08Z</time>
			</trkpt>
			<trkpt lat="63.731266" lon="-148.923721">
				<ele>563.099365</ele>
				<time>2026-06-18T00:30:12Z</time>
			</trkpt>
			<trkpt lat="63.731266" lon="-148.923721">
				<ele>563.099365</ele>
				<time>2026-06-18T00:30:12Z</time>
			</trkpt>
			<trkpt lat="63.731277" lon="-148.923828">
				<ele>562.014771</ele>
				<time>2026-06-18T00:30:15Z</time>
			</trkpt>
			<trkpt lat="63.731293" lon="-148.923935">
				<ele>562.65387</ele>
				<time>2026-06-18T00:30:19Z</time>
			</trkpt>
			<trkpt lat="63.731323" lon="-148.924026">
				<ele>563.432495</ele>
				<time>2026-06-18T00:30:23Z</time>
			</trkpt>
			<trkpt lat="63.731327" lon="-148.924149">
				<ele>562.654419</ele>
				<time>2026-06-18T00:30:27Z</time>
			</trkpt>
			<trkpt lat="63.731339" lon="-148.92424">
				<ele>562.555298</ele>
				<time>2026-06-18T00:30:31Z</time>
			</trkpt>
			<trkpt lat="63.731339" lon="-148.92424">
				<ele>562.555298</ele>
				<time>2026-06-18T00:30:31Z</time>
			</trkpt>
			<trkpt lat="63.731361" lon="-148.924332">
				<ele>561.770081</ele>
				<time>2026-06-18T00:30:35Z</time>
			</trkpt>
			<trkpt lat="63.731396" lon="-148.924438">
				<ele>563.052429</ele>
				<time>2026-06-18T00:30:40Z</time>
			</trkpt>
			<trkpt lat="63.731415" lon="-148.92453">
				<ele>563.019592</ele>
				<time>2026-06-18T00:30:44Z</time>
			</trkpt>
			<trkpt lat="63.731441" lon="-148.924622">
				<ele>563.085083</ele>
				<time>2026-06-18T00:30:49Z</time>
			</trkpt>
			<trkpt lat="63.731487" lon="-148.924698">
				<ele>562.731934</ele>
				<time>2026-06-18T00:31:22Z</time>
			</trkpt>
			<trkpt lat="63.731487" lon="-148.924698">
				<ele>562.731934</ele>
				<time>2026-06-18T00:31:22Z</time>
			</trkpt>
			<trkpt lat="63.731537" lon="-148.924744">
				<ele>563.248718</ele>
				<time>2026-06-18T00:31:27Z</time>
			</trkpt>
			<trkpt lat="63.731537" lon="-148.92485">
				<ele>562.115234</ele>
				<time>2026-06-18T00:31:35Z</time>
			</trkpt>
			<trkpt lat="63.73159" lon="-148.92485">
				<ele>567.536621</ele>
				<time>2026-06-18T00:32:28Z</time>
			</trkpt>
			<trkpt lat="63.73159" lon="-148.92485">
				<ele>567.536621</ele>
				<time>2026-06-18T00:32:28Z</time>
			</trkpt>
			<trkpt lat="63.731602" lon="-148.924973">
				<ele>566.646545</ele>
				<time>2026-06-18T00:32:46Z</time>
			</trkpt>
			<trkpt lat="63.731636" lon="-148.925034">
				<ele>566.256531</ele>
				<time>2026-06-18T00:32:50Z</time>
			</trkpt>
			<trkpt lat="63.731636" lon="-148.925034">
				<ele>566.256531</ele>
				<time>2026-06-18T00:32:50Z</time>
			</trkpt>
			<trkpt lat="63.731667" lon="-148.92511">
				<ele>566.420593</ele>
				<time>2026-06-18T00:32:54Z</time>
			</trkpt>
			<trkpt lat="63.731686" lon="-148.925201">
				<ele>566.278687</ele>
				<time>2026-06-18T00:32:58Z</time>
			</trkpt>
			<trkpt lat="63.731728" lon="-148.925278">
				<ele>566.460144</ele>
				<time>2026-06-18T00:33:02Z</time>
			</trkpt>
			<trkpt lat="63.73177" lon="-148.925339">
				<ele>565.729736</ele>
				<time>2026-06-18T00:33:07Z</time>
			</trkpt>
			<trkpt lat="63.731808" lon="-148.925415">
				<ele>564.069519</ele>
				<time>2026-06-18T00:33:12Z</time>
			</trkpt>
			<trkpt lat="63.731808" lon="-148.925415">
				<ele>564.069519</ele>
				<time>2026-06-18T00:33:12Z</time>
			</trkpt>
			<trkpt lat="63.73185" lon="-148.925476">
				<ele>563.996155</ele>
				<time>2026-06-18T00:33:17Z</time>
			</trkpt>
			<trkpt lat="63.731884" lon="-148.925537">
				<ele>564.263062</ele>
				<time>2026-06-18T00:33:20Z</time>
			</trkpt>
			<trkpt lat="63.731922" lon="-148.925461">
				<ele>564.15271</ele>
				<time>2026-06-18T00:33:42Z</time>
			</trkpt>
			<trkpt lat="63.731922" lon="-148.925461">
				<ele>564.15271</ele>
				<time>2026-06-18T00:33:42Z</time>
			</trkpt>
			<trkpt lat="63.731956" lon="-148.925385">
				<ele>562.62085</ele>
				<time>2026-06-18T00:33:47Z</time>
			</trkpt>
			<trkpt lat="63.732006" lon="-148.9254">
				<ele>561.246948</ele>
				<time>2026-06-18T00:33:53Z</time>
			</trkpt>
			<trkpt lat="63.73204" lon="-148.925323">
				<ele>560.443054</ele>
				<time>2026-06-18T00:33:58Z</time>
			</trkpt>
			<trkpt lat="63.732082" lon="-148.925262">
				<ele>561.218506</ele>
				<time>2026-06-18T00:34:03Z</time>
			</trkpt>
			<trkpt lat="63.732082" lon="-148.925262">
				<ele>561.218506</ele>
				<time>2026-06-18T00:34:03Z</time>
			</trkpt>
			<trkpt lat="63.732121" lon="-148.925217">
				<ele>562.988708</ele>
				<time>2026-06-18T00:34:06Z</time>
			</trkpt>
			<trkpt lat="63.732155" lon="-148.925156">
				<ele>563.455017</ele>
				<time>2026-06-18T00:34:11Z</time>
			</trkpt>
			<trkpt lat="63.732201" lon="-148.925095">
				<ele>563.227478</ele>
				<time>2026-06-18T00:34:16Z</time>
			</trkpt>
			<trkpt lat="63.732246" lon="-148.925079">
				<ele>562.526855</ele>
				<time>2026-06-18T00:34:20Z</time>
			</trkpt>
			<trkpt lat="63.732288" lon="-148.925064">
				<ele>563.535034</ele>
				<time>2026-06-18T00:34:24Z</time>
			</trkpt>
			<trkpt lat="63.732288" lon="-148.925064">
				<ele>563.535034</ele>
				<time>2026-06-18T00:34:24Z</time>
			</trkpt>
			<trkpt lat="63.732327" lon="-148.924973">
				<ele>563.373718</ele>
				<time>2026-06-18T00:34:29Z</time>
			</trkpt>
			<trkpt lat="63.732365" lon="-148.925034">
				<ele>565.074707</ele>
				<time>2026-06-18T00:34:41Z</time>
			</trkpt>
			<trkpt lat="63.732342" lon="-148.925125">
				<ele>568.509644</ele>
				<time>2026-06-18T00:35:11Z</time>
			</trkpt>
			<trkpt lat="63.732342" lon="-148.925125">
				<ele>568.509644</ele>
				<time>2026-06-18T00:35:11Z</time>
			</trkpt>
			<trkpt lat="63.732384" lon="-148.925049">
				<ele>570.355103</ele>
				<time>2026-06-18T00:35:26Z</time>
			</trkpt>
			<trkpt lat="63.732353" lon="-148.92514">
				<ele>571.265564</ele>
				<time>2026-06-18T00:35:37Z</time>
			</trkpt>
			<trkpt lat="63.732388" lon="-148.925049">
				<ele>569.572388</ele>
				<time>2026-06-18T00:36:17Z</time>
			</trkpt>
			<trkpt lat="63.732388" lon="-148.925049">
				<ele>569.572388</ele>
				<time>2026-06-18T00:36:17Z</time>
			</trkpt>
			<trkpt lat="63.732395" lon="-148.924942">
				<ele>568.566895</ele>
				<time>2026-06-18T00:36:20Z</time>
			</trkpt>
			<trkpt lat="63.732422" lon="-148.92485">
				<ele>566.40271</ele>
				<time>2026-06-18T00:36:24Z</time>
			</trkpt>
			<trkpt lat="63.732464" lon="-148.92482">
				<ele>566.919128</ele>
				<time>2026-06-18T00:36:29Z</time>
			</trkpt>
			<trkpt lat="63.73246" lon="-148.924911">
				<ele>564.122681</ele>
				<time>2026-06-18T00:36:47Z</time>
			</trkpt>
			<trkpt lat="63.73246" lon="-148.924911">
				<ele>564.122681</ele>
				<time>2026-06-18T00:36:47Z</time>
			</trkpt>
			<trkpt lat="63.732475" lon="-148.92482">
				<ele>571.547668</ele>
				<time>2026-06-18T00:37:33Z</time>
			</trkpt>
			<trkpt lat="63.732475" lon="-148.92482">
				<ele>571.547668</ele>
				<time>2026-06-18T00:37:33Z</time>
			</trkpt>
			<trkpt lat="63.732483" lon="-148.924927">
				<ele>567.641418</ele>
				<time>2026-06-18T00:37:58Z</time>
			</trkpt>
			<trkpt lat="63.732483" lon="-148.924927">
				<ele>567.641418</ele>
				<time>2026-06-18T00:37:58Z</time>
			</trkpt>
			<trkpt lat="63.732521" lon="-148.92485">
				<ele>566.229309</ele>
				<time>2026-06-18T00:38:06Z</time>
			</trkpt>
			<trkpt lat="63.73254" lon="-148.924744">
				<ele>566.857422</ele>
				<time>2026-06-18T00:38:10Z</time>
			</trkpt>
			<trkpt lat="63.732597" lon="-148.924805">
				<ele>571.153137</ele>
				<time>2026-06-18T00:38:19Z</time>
			</trkpt>
			<trkpt lat="63.732597" lon="-148.924805">
				<ele>571.153137</ele>
				<time>2026-06-18T00:38:19Z</time>
			</trkpt>
			<trkpt lat="63.732628" lon="-148.924713">
				<ele>570.169678</ele>
				<time>2026-06-18T00:38:28Z</time>
			</trkpt>
			<trkpt lat="63.732681" lon="-148.924759">
				<ele>569.928955</ele>
				<time>2026-06-18T00:38:34Z</time>
			</trkpt>
			<trkpt lat="63.732723" lon="-148.924759">
				<ele>569.45813</ele>
				<time>2026-06-18T00:38:39Z</time>
			</trkpt>
			<trkpt lat="63.732723" lon="-148.924759">
				<ele>569.45813</ele>
				<time>2026-06-18T00:38:39Z</time>
			</trkpt>
			<trkpt lat="63.732769" lon="-148.924789">
				<ele>571.510437</ele>
				<time>2026-06-18T00:38:43Z</time>
			</trkpt>
			<trkpt lat="63.732803" lon="-148.924881">
				<ele>571.50946</ele>
				<time>2026-06-18T00:38:47Z</time>
			</trkpt>
			<trkpt lat="63.732838" lon="-148.924942">
				<ele>570.552612</ele>
				<time>2026-06-18T00:38:51Z</time>
			</trkpt>
			<trkpt lat="63.732872" lon="-148.925018">
				<ele>569.78595</ele>
				<time>2026-06-18T00:38:54Z</time>
			</trkpt>
			<trkpt lat="63.732922" lon="-148.925034">
				<ele>570.69989</ele>
				<time>2026-06-18T00:38:58Z</time>
			</trkpt>
			<trkpt lat="63.732922" lon="-148.925034">
				<ele>570.69989</ele>
				<time>2026-06-18T00:38:58Z</time>
			</trkpt>
			<trkpt lat="63.732948" lon="-148.925125">
				<ele>569.615662</ele>
				<time>2026-06-18T00:39:10Z</time>
			</trkpt>
			<trkpt lat="63.732998" lon="-148.925095">
				<ele>569.015076</ele>
				<time>2026-06-18T00:39:15Z</time>
			</trkpt>
			<trkpt lat="63.733044" lon="-148.925079">
				<ele>568.319458</ele>
				<time>2026-06-18T00:39:20Z</time>
			</trkpt>
			<trkpt lat="63.733044" lon="-148.925079">
				<ele>568.319458</ele>
				<time>2026-06-18T00:39:20Z</time>
			</trkpt>
			<trkpt lat="63.733089" lon="-148.925064">
				<ele>568.958069</ele>
				<time>2026-06-18T00:39:23Z</time>
			</trkpt>
			<trkpt lat="63.733135" lon="-148.925064">
				<ele>569.132141</ele>
				<time>2026-06-18T00:39:27Z</time>
			</trkpt>
			<trkpt lat="63.733162" lon="-148.92514">
				<ele>568.251831</ele>
				<time>2026-06-18T00:39:31Z</time>
			</trkpt>
			<trkpt lat="63.733166" lon="-148.925247">
				<ele>567.296875</ele>
				<time>2026-06-18T00:39:36Z</time>
			</trkpt>
			<trkpt lat="63.733181" lon="-148.925339">
				<ele>567.327271</ele>
				<time>2026-06-18T00:39:40Z</time>
			</trkpt>
			<trkpt lat="63.733181" lon="-148.925339">
				<ele>567.327271</ele>
				<time>2026-06-18T00:39:40Z</time>
			</trkpt>
			<trkpt lat="63.7332" lon="-148.925446">
				<ele>567.592163</ele>
				<time>2026-06-18T00:39:45Z</time>
			</trkpt>
			<trkpt lat="63.733208" lon="-148.925537">
				<ele>566.848572</ele>
				<time>2026-06-18T00:39:50Z</time>
			</trkpt>
			<trkpt lat="63.733219" lon="-148.925659">
				<ele>565.655823</ele>
				<time>2026-06-18T00:39:55Z</time>
			</trkpt>
			<trkpt lat="63.733238" lon="-148.925735">
				<ele>565.499817</ele>
				<time>2026-06-18T00:39:59Z</time>
			</trkpt>
			<trkpt lat="63.733238" lon="-148.925735">
				<ele>565.499817</ele>
				<time>2026-06-18T00:39:59Z</time>
			</trkpt>
			<trkpt lat="63.733284" lon="-148.925766">
				<ele>564.885681</ele>
				<time>2026-06-18T00:40:03Z</time>
			</trkpt>
			<trkpt lat="63.733337" lon="-148.925797">
				<ele>564.995239</ele>
				<time>2026-06-18T00:40:09Z</time>
			</trkpt>
			<trkpt lat="63.733383" lon="-148.925842">
				<ele>562.757324</ele>
				<time>2026-06-18T00:40:15Z</time>
			</trkpt>
			<trkpt lat="63.733429" lon="-148.925827">
				<ele>563.510498</ele>
				<time>2026-06-18T00:40:20Z</time>
			</trkpt>
			<trkpt lat="63.733429" lon="-148.925827">
				<ele>563.510498</ele>
				<time>2026-06-18T00:40:20Z</time>
			</trkpt>
			<trkpt lat="63.733475" lon="-148.925797">
				<ele>565.185913</ele>
				<time>2026-06-18T00:40:28Z</time>
			</trkpt>
			<trkpt lat="63.733479" lon="-148.92569">
				<ele>565.82373</ele>
				<time>2026-06-18T00:40:32Z</time>
			</trkpt>
			<trkpt lat="63.73349" lon="-148.925598">
				<ele>564.943542</ele>
				<time>2026-06-18T00:40:36Z</time>
			</trkpt>
			<trkpt lat="63.733509" lon="-148.925507">
				<ele>564.912903</ele>
				<time>2026-06-18T00:40:40Z</time>
			</trkpt>
			<trkpt lat="63.733509" lon="-148.925507">
				<ele>564.912903</ele>
				<time>2026-06-18T00:40:40Z</time>
			</trkpt>
			<trkpt lat="63.733532" lon="-148.925415">
				<ele>563.391479</ele>
				<time>2026-06-18T00:40:44Z</time>
			</trkpt>
			<trkpt lat="63.733574" lon="-148.925385">
				<ele>563.327148</ele>
				<time>2026-06-18T00:40:51Z</time>
			</trkpt>
			<trkpt lat="63.733601" lon="-148.925293">
				<ele>562.34259</ele>
				<time>2026-06-18T00:41:04Z</time>
			</trkpt>
			<trkpt lat="63.733601" lon="-148.925293">
				<ele>562.34259</ele>
				<time>2026-06-18T00:41:04Z</time>
			</trkpt>
			<trkpt lat="63.733631" lon="-148.925186">
				<ele>562.609192</ele>
				<time>2026-06-18T00:41:07Z</time>
			</trkpt>
			<trkpt lat="63.733662" lon="-148.925095">
				<ele>562.270874</ele>
				<time>2026-06-18T00:41:12Z</time>
			</trkpt>
			<trkpt lat="63.733707" lon="-148.925034">
				<ele>562.716919</ele>
				<time>2026-06-18T00:41:19Z</time>
			</trkpt>
			<trkpt lat="63.733734" lon="-148.924957">
				<ele>561.72821</ele>
				<time>2026-06-18T00:41:25Z</time>
			</trkpt>
			<trkpt lat="63.733734" lon="-148.924957">
				<ele>561.72821</ele>
				<time>2026-06-18T00:41:25Z</time>
			</trkpt>
			<trkpt lat="63.733746" lon="-148.92485">
				<ele>560.241638</ele>
				<time>2026-06-18T00:41:30Z</time>
			</trkpt>
			<trkpt lat="63.733776" lon="-148.924774">
				<ele>559.475342</ele>
				<time>2026-06-18T00:41:34Z</time>
			</trkpt>
			<trkpt lat="63.733795" lon="-148.924683">
				<ele>558.550171</ele>
				<time>2026-06-18T00:41:39Z</time>
			</trkpt>
			<trkpt lat="63.733837" lon="-148.924698">
				<ele>559.592468</ele>
				<time>2026-06-18T00:41:54Z</time>
			</trkpt>
			<trkpt lat="63.733837" lon="-148.924698">
				<ele>559.592468</ele>
				<time>2026-06-18T00:41:54Z</time>
			</trkpt>
			<trkpt lat="63.733814" lon="-148.924606">
				<ele>556.660339</ele>
				<time>2026-06-18T00:42:12Z</time>
			</trkpt>
			<trkpt lat="63.733826" lon="-148.9245">
				<ele>555.295105</ele>
				<time>2026-06-18T00:42:19Z</time>
			</trkpt>
			<trkpt lat="63.733826" lon="-148.9245">
				<ele>555.295105</ele>
				<time>2026-06-18T00:42:19Z</time>
			</trkpt>
			<trkpt lat="63.733795" lon="-148.924423">
				<ele>556.934998</ele>
				<time>2026-06-18T00:43:02Z</time>
			</trkpt>
			<trkpt lat="63.733795" lon="-148.924423">
				<ele>556.934998</ele>
				<time>2026-06-18T00:43:02Z</time>
			</trkpt>
			<trkpt lat="63.733841" lon="-148.924393">
				<ele>558.572266</ele>
				<time>2026-06-18T00:43:23Z</time>
			</trkpt>
			<trkpt lat="63.733841" lon="-148.924393">
				<ele>558.572266</ele>
				<time>2026-06-18T00:43:23Z</time>
			</trkpt>
			<trkpt lat="63.733887" lon="-148.924454">
				<ele>560.190186</ele>
				<time>2026-06-18T00:43:29Z</time>
			</trkpt>
			<trkpt lat="63.73391" lon="-148.92453">
				<ele>561.688049</ele>
				<time>2026-06-18T00:43:36Z</time>
			</trkpt>
			<trkpt lat="63.733944" lon="-148.924454">
				<ele>560.01355</ele>
				<time>2026-06-18T00:43:41Z</time>
			</trkpt>
			<trkpt lat="63.733955" lon="-148.924347">
				<ele>559.369873</ele>
				<time>2026-06-18T00:43:44Z</time>
			</trkpt>
			<trkpt lat="63.733955" lon="-148.924347">
				<ele>559.369873</ele>
				<time>2026-06-18T00:43:44Z</time>
			</trkpt>
			<trkpt lat="63.73399" lon="-148.924286">
				<ele>558.250732</ele>
				<time>2026-06-18T00:43:48Z</time>
			</trkpt>
			<trkpt lat="63.734035" lon="-148.92421">
				<ele>558.370117</ele>
				<time>2026-06-18T00:43:53Z</time>
			</trkpt>
			<trkpt lat="63.73407" lon="-148.924133">
				<ele>558.072083</ele>
				<time>2026-06-18T00:43:57Z</time>
			</trkpt>
			<trkpt lat="63.734093" lon="-148.924042">
				<ele>558.12323</ele>
				<time>2026-06-18T00:44:01Z</time>
			</trkpt>
			<trkpt lat="63.734138" lon="-148.924011">
				<ele>557.957153</ele>
				<time>2026-06-18T00:44:04Z</time>
			</trkpt>
			<trkpt lat="63.734138" lon="-148.924011">
				<ele>557.957153</ele>
				<time>2026-06-18T00:44:04Z</time>
			</trkpt>
			<trkpt lat="63.734245" lon="-148.923981">
				<ele>557.690491</ele>
				<time>2026-06-18T00:44:12Z</time>
			</trkpt>
			<trkpt lat="63.734333" lon="-148.92392">
				<ele>558.584961</ele>
				<time>2026-06-18T00:44:20Z</time>
			</trkpt>
			<trkpt lat="63.734375" lon="-148.923904">
				<ele>557.71637</ele>
				<time>2026-06-18T00:44:25Z</time>
			</trkpt>
			<trkpt lat="63.734375" lon="-148.923904">
				<ele>557.71637</ele>
				<time>2026-06-18T00:44:25Z</time>
			</trkpt>
			<trkpt lat="63.734386" lon="-148.923798">
				<ele>557.742493</ele>
				<time>2026-06-18T00:44:40Z</time>
			</trkpt>
			<trkpt lat="63.734406" lon="-148.923691">
				<ele>556.344299</ele>
				<time>2026-06-18T00:44:44Z</time>
			</trkpt>
			<trkpt lat="63.734428" lon="-148.923584">
				<ele>556.9552</ele>
				<time>2026-06-18T00:44:48Z</time>
			</trkpt>
			<trkpt lat="63.734428" lon="-148.923584">
				<ele>556.9552</ele>
				<time>2026-06-18T00:44:48Z</time>
			</trkpt>
			<trkpt lat="63.734474" lon="-148.923508">
				<ele>556.557068</ele>
				<time>2026-06-18T00:44:53Z</time>
			</trkpt>
			<trkpt lat="63.734516" lon="-148.923447">
				<ele>557.096619</ele>
				<time>2026-06-18T00:44:56Z</time>
			</trkpt>
			<trkpt lat="63.734573" lon="-148.923431">
				<ele>557.945313</ele>
				<time>2026-06-18T00:45:00Z</time>
			</trkpt>
			<trkpt lat="63.734627" lon="-148.923431">
				<ele>558.232666</ele>
				<time>2026-06-18T00:45:04Z</time>
			</trkpt>
			<trkpt lat="63.734676" lon="-148.92337">
				<ele>557.994995</ele>
				<time>2026-06-18T00:45:08Z</time>
			</trkpt>
			<trkpt lat="63.734676" lon="-148.92337">
				<ele>557.994995</ele>
				<time>2026-06-18T00:45:08Z</time>
			</trkpt>
			<trkpt lat="63.734726" lon="-148.92334">
				<ele>558.032166</ele>
				<time>2026-06-18T00:45:12Z</time>
			</trkpt>
			<trkpt lat="63.734764" lon="-148.923264">
				<ele>557.43457</ele>
				<time>2026-06-18T00:45:16Z</time>
			</trkpt>
			<trkpt lat="63.734783" lon="-148.923157">
				<ele>557.456238</ele>
				<time>2026-06-18T00:45:20Z</time>
			</trkpt>
			<trkpt lat="63.734814" lon="-148.923065">
				<ele>558.865479</ele>
				<time>2026-06-18T00:45:24Z</time>
			</trkpt>
			<trkpt lat="63.734856" lon="-148.923065">
				<ele>559.202454</ele>
				<time>2026-06-18T00:45:27Z</time>
			</trkpt>
			<trkpt lat="63.734856" lon="-148.923065">
				<ele>559.202454</ele>
				<time>2026-06-18T00:45:27Z</time>
			</trkpt>
			<trkpt lat="63.734901" lon="-148.923035">
				<ele>557.567505</ele>
				<time>2026-06-18T00:45:31Z</time>
			</trkpt>
			<trkpt lat="63.734947" lon="-148.923004">
				<ele>558.038391</ele>
				<time>2026-06-18T00:45:35Z</time>
			</trkpt>
			<trkpt lat="63.734989" lon="-148.922958">
				<ele>559.453857</ele>
				<time>2026-06-18T00:45:39Z</time>
			</trkpt>
			<trkpt lat="63.735035" lon="-148.922943">
				<ele>558.639832</ele>
				<time>2026-06-18T00:45:43Z</time>
			</trkpt>
			<trkpt lat="63.735088" lon="-148.922943">
				<ele>560.36969</ele>
				<time>2026-06-18T00:45:47Z</time>
			</trkpt>
			<trkpt lat="63.735088" lon="-148.922943">
				<ele>560.36969</ele>
				<time>2026-06-18T00:45:47Z</time>
			</trkpt>
			<trkpt lat="63.735126" lon="-148.922989">
				<ele>563.005676</ele>
				<time>2026-06-18T00:45:51Z</time>
			</trkpt>
			<trkpt lat="63.735168" lon="-148.922989">
				<ele>563.625671</ele>
				<time>2026-06-18T00:45:56Z</time>
			</trkpt>
			<trkpt lat="63.735195" lon="-148.922913">
				<ele>563.814331</ele>
				<time>2026-06-18T00:46:03Z</time>
			</trkpt>
			<trkpt lat="63.735245" lon="-148.922852">
				<ele>563.356323</ele>
				<time>2026-06-18T00:46:12Z</time>
			</trkpt>
			<trkpt lat="63.735245" lon="-148.922852">
				<ele>563.356323</ele>
				<time>2026-06-18T00:46:12Z</time>
			</trkpt>
			<trkpt lat="63.73526" lon="-148.92276">
				<ele>563.271484</ele>
				<time>2026-06-18T00:46:16Z</time>
			</trkpt>
			<trkpt lat="63.735306" lon="-148.922699">
				<ele>563.440979</ele>
				<time>2026-06-18T00:46:20Z</time>
			</trkpt>
			<trkpt lat="63.735359" lon="-148.922684">
				<ele>562.407776</ele>
				<time>2026-06-18T00:46:24Z</time>
			</trkpt>
			<trkpt lat="63.735409" lon="-148.922668">
				<ele>563.572021</ele>
				<time>2026-06-18T00:46:28Z</time>
			</trkpt>
			<trkpt lat="63.735458" lon="-148.922684">
				<ele>563.104126</ele>
				<time>2026-06-18T00:46:33Z</time>
			</trkpt>
			<trkpt lat="63.735458" lon="-148.922684">
				<ele>563.104126</ele>
				<time>2026-06-18T00:46:33Z</time>
			</trkpt>
			<trkpt lat="63.7355" lon="-148.922638">
				<ele>562.454163</ele>
				<time>2026-06-18T00:46:38Z</time>
			</trkpt>
			<trkpt lat="63.735538" lon="-148.922577">
				<ele>563.64209</ele>
				<time>2026-06-18T00:46:42Z</time>
			</trkpt>
			<trkpt lat="63.73558" lon="-148.922546">
				<ele>564.786926</ele>
				<time>2026-06-18T00:46:46Z</time>
			</trkpt>
			<trkpt lat="63.73563" lon="-148.922501">
				<ele>565.111877</ele>
				<time>2026-06-18T00:46:51Z</time>
			</trkpt>
			<trkpt lat="63.735676" lon="-148.922501">
				<ele>565.067688</ele>
				<time>2026-06-18T00:46:54Z</time>
			</trkpt>
			<trkpt lat="63.735676" lon="-148.922501">
				<ele>565.067688</ele>
				<time>2026-06-18T00:46:54Z</time>
			</trkpt>
			<trkpt lat="63.735714" lon="-148.92244">
				<ele>565.230347</ele>
				<time>2026-06-18T00:46:59Z</time>
			</trkpt>
			<trkpt lat="63.735764" lon="-148.922455">
				<ele>565.544006</ele>
				<time>2026-06-18T00:47:03Z</time>
			</trkpt>
			<trkpt lat="63.735802" lon="-148.922409">
				<ele>566.468506</ele>
				<time>2026-06-18T00:47:08Z</time>
			</trkpt>
			<trkpt lat="63.735832" lon="-148.922348">
				<ele>564.21521</ele>
				<time>2026-06-18T00:47:13Z</time>
			</trkpt>
			<trkpt lat="63.735832" lon="-148.922348">
				<ele>564.21521</ele>
				<time>2026-06-18T00:47:13Z</time>
			</trkpt>
			<trkpt lat="63.735847" lon="-148.922241">
				<ele>562.599182</ele>
				<time>2026-06-18T00:47:18Z</time>
			</trkpt>
			<trkpt lat="63.735859" lon="-148.92215">
				<ele>561.608459</ele>
				<time>2026-06-18T00:47:21Z</time>
			</trkpt>
			<trkpt lat="63.735893" lon="-148.922073">
				<ele>561.599365</ele>
				<time>2026-06-18T00:47:24Z</time>
			</trkpt>
			<trkpt lat="63.735928" lon="-148.921997">
				<ele>560.048401</ele>
				<time>2026-06-18T00:47:28Z</time>
			</trkpt>
			<trkpt lat="63.735966" lon="-148.921906">
				<ele>561.103943</ele>
				<time>2026-06-18T00:47:32Z</time>
			</trkpt>
			<trkpt lat="63.735966" lon="-148.921906">
				<ele>561.103943</ele>
				<time>2026-06-18T00:47:32Z</time>
			</trkpt>
			<trkpt lat="63.736004" lon="-148.921844">
				<ele>561.474976</ele>
				<time>2026-06-18T00:47:36Z</time>
			</trkpt>
			<trkpt lat="63.73605" lon="-148.921814">
				<ele>562.173767</ele>
				<time>2026-06-18T00:47:40Z</time>
			</trkpt>
			<trkpt lat="63.736103" lon="-148.921829">
				<ele>563.275146</ele>
				<time>2026-06-18T00:47:44Z</time>
			</trkpt>
			<trkpt lat="63.736149" lon="-148.921814">
				<ele>564.833618</ele>
				<time>2026-06-18T00:47:48Z</time>
			</trkpt>
			<trkpt lat="63.736195" lon="-148.921844">
				<ele>564.51123</ele>
				<time>2026-06-18T00:47:52Z</time>
			</trkpt>
			<trkpt lat="63.736195" lon="-148.921844">
				<ele>564.51123</ele>
				<time>2026-06-18T00:47:52Z</time>
			</trkpt>
			<trkpt lat="63.73621" lon="-148.921738">
				<ele>564.798645</ele>
				<time>2026-06-18T00:47:57Z</time>
			</trkpt>
			<trkpt lat="63.73621" lon="-148.921646">
				<ele>563.128235</ele>
				<time>2026-06-18T00:48:02Z</time>
			</trkpt>
			<trkpt lat="63.736187" lon="-148.921555">
				<ele>561.850525</ele>
				<time>2026-06-18T00:48:06Z</time>
			</trkpt>
			<trkpt lat="63.736202" lon="-148.921448">
				<ele>561.985474</ele>
				<time>2026-06-18T00:48:10Z</time>
			</trkpt>
			<trkpt lat="63.736198" lon="-148.921341">
				<ele>561.376648</ele>
				<time>2026-06-18T00:48:14Z</time>
			</trkpt>
			<trkpt lat="63.736198" lon="-148.921341">
				<ele>561.376648</ele>
				<time>2026-06-18T00:48:14Z</time>
			</trkpt>
			<trkpt lat="63.736217" lon="-148.921249">
				<ele>561.096008</ele>
				<time>2026-06-18T00:48:18Z</time>
			</trkpt>
			<trkpt lat="63.736256" lon="-148.921188">
				<ele>560.931152</ele>
				<time>2026-06-18T00:48:22Z</time>
			</trkpt>
			<trkpt lat="63.73629" lon="-148.921097">
				<ele>560.95343</ele>
				<time>2026-06-18T00:48:27Z</time>
			</trkpt>
			<trkpt lat="63.736324" lon="-148.921005">
				<ele>560.904175</ele>
				<time>2026-06-18T00:48:32Z</time>
			</trkpt>
			<trkpt lat="63.736355" lon="-148.920929">
				<ele>560.344543</ele>
				<time>2026-06-18T00:48:37Z</time>
			</trkpt>
			<trkpt lat="63.736355" lon="-148.920929">
				<ele>560.344543</ele>
				<time>2026-06-18T00:48:37Z</time>
			</trkpt>
			<trkpt lat="63.736401" lon="-148.920868">
				<ele>559.572937</ele>
				<time>2026-06-18T00:48:43Z</time>
			</trkpt>
			<trkpt lat="63.736423" lon="-148.920776">
				<ele>557.988281</ele>
				<time>2026-06-18T00:48:47Z</time>
			</trkpt>
			<trkpt lat="63.73645" lon="-148.920685">
				<ele>558.337219</ele>
				<time>2026-06-18T00:48:51Z</time>
			</trkpt>
			<trkpt lat="63.736485" lon="-148.920624">
				<ele>558.531677</ele>
				<time>2026-06-18T00:48:55Z</time>
			</trkpt>
			<trkpt lat="63.73653" lon="-148.920563">
				<ele>557.549805</ele>
				<time>2026-06-18T00:49:00Z</time>
			</trkpt>
			<trkpt lat="63.73653" lon="-148.920563">
				<ele>557.549805</ele>
				<time>2026-06-18T00:49:00Z</time>
			</trkpt>
			<trkpt lat="63.736565" lon="-148.920486">
				<ele>557.064209</ele>
				<time>2026-06-18T00:49:04Z</time>
			</trkpt>
			<trkpt lat="63.736607" lon="-148.920456">
				<ele>557.560608</ele>
				<time>2026-06-18T00:49:08Z</time>
			</trkpt>
			<trkpt lat="63.736656" lon="-148.920425">
				<ele>556.9776</ele>
				<time>2026-06-18T00:49:13Z</time>
			</trkpt>
			<trkpt lat="63.736691" lon="-148.920364">
				<ele>556.815552</ele>
				<time>2026-06-18T00:49:17Z</time>
			</trkpt>
			<trkpt lat="63.736721" lon="-148.920288">
				<ele>555.199219</ele>
				<time>2026-06-18T00:49:21Z</time>
			</trkpt>
			<trkpt lat="63.736721" lon="-148.920288">
				<ele>555.199219</ele>
				<time>2026-06-18T00:49:21Z</time>
			</trkpt>
			<trkpt lat="63.736763" lon="-148.920242">
				<ele>554.464966</ele>
				<time>2026-06-18T00:49:25Z</time>
			</trkpt>
			<trkpt lat="63.736809" lon="-148.920181">
				<ele>554.206604</ele>
				<time>2026-06-18T00:49:30Z</time>
			</trkpt>
			<trkpt lat="63.736851" lon="-148.920135">
				<ele>554.986877</ele>
				<time>2026-06-18T00:49:34Z</time>
			</trkpt>
			<trkpt lat="63.736897" lon="-148.92012">
				<ele>554.373413</ele>
				<time>2026-06-18T00:49:39Z</time>
			</trkpt>
			<trkpt lat="63.736938" lon="-148.920105">
				<ele>555.453064</ele>
				<time>2026-06-18T00:49:43Z</time>
			</trkpt>
			<trkpt lat="63.736938" lon="-148.920105">
				<ele>555.453064</ele>
				<time>2026-06-18T00:49:43Z</time>
			</trkpt>
			<trkpt lat="63.73698" lon="-148.92009">
				<ele>555.153015</ele>
				<time>2026-06-18T00:49:47Z</time>
			</trkpt>
			<trkpt lat="63.737038" lon="-148.92009">
				<ele>554.572021</ele>
				<time>2026-06-18T00:49:52Z</time>
			</trkpt>
			<trkpt lat="63.737106" lon="-148.920105">
				<ele>555.627625</ele>
				<time>2026-06-18T00:49:57Z</time>
			</trkpt>
			<trkpt lat="63.737148" lon="-148.920105">
				<ele>556.539246</ele>
				<time>2026-06-18T00:50:00Z</time>
			</trkpt>
			<trkpt lat="63.737198" lon="-148.920059">
				<ele>557.054688</ele>
				<time>2026-06-18T00:50:04Z</time>
			</trkpt>
			<trkpt lat="63.737198" lon="-148.920059">
				<ele>557.054688</ele>
				<time>2026-06-18T00:50:04Z</time>
			</trkpt>
			<trkpt lat="63.73724" lon="-148.920029">
				<ele>556.453552</ele>
				<time>2026-06-18T00:50:07Z</time>
			</trkpt>
			<trkpt lat="63.737282" lon="-148.919983">
				<ele>556.133362</ele>
				<time>2026-06-18T00:50:12Z</time>
			</trkpt>
			<trkpt lat="63.73732" lon="-148.919922">
				<ele>555.466919</ele>
				<time>2026-06-18T00:50:17Z</time>
			</trkpt>
			<trkpt lat="63.737362" lon="-148.919846">
				<ele>554.271118</ele>
				<time>2026-06-18T00:50:21Z</time>
			</trkpt>
			<trkpt lat="63.7374" lon="-148.919815">
				<ele>555.201233</ele>
				<time>2026-06-18T00:50:25Z</time>
			</trkpt>
			<trkpt lat="63.7374" lon="-148.919815">
				<ele>555.201233</ele>
				<time>2026-06-18T00:50:25Z</time>
			</trkpt>
			<trkpt lat="63.737438" lon="-148.919754">
				<ele>556.947937</ele>
				<time>2026-06-18T00:50:29Z</time>
			</trkpt>
			<trkpt lat="63.737453" lon="-148.919662">
				<ele>555.087646</ele>
				<time>2026-06-18T00:50:33Z</time>
			</trkpt>
			<trkpt lat="63.737473" lon="-148.919556">
				<ele>556.4823</ele>
				<time>2026-06-18T00:50:37Z</time>
			</trkpt>
			<trkpt lat="63.737518" lon="-148.919495">
				<ele>556.380493</ele>
				<time>2026-06-18T00:50:41Z</time>
			</trkpt>
			<trkpt lat="63.737526" lon="-148.919388">
				<ele>553.505737</ele>
				<time>2026-06-18T00:50:46Z</time>
			</trkpt>
			<trkpt lat="63.737526" lon="-148.919388">
				<ele>553.505737</ele>
				<time>2026-06-18T00:50:46Z</time>
			</trkpt>
			<trkpt lat="63.737568" lon="-148.919342">
				<ele>554.694519</ele>
				<time>2026-06-18T00:50:49Z</time>
			</trkpt>
			<trkpt lat="63.737614" lon="-148.919373">
				<ele>554.979126</ele>
				<time>2026-06-18T00:50:52Z</time>
			</trkpt>
			<trkpt lat="63.737656" lon="-148.919357">
				<ele>551.143494</ele>
				<time>2026-06-18T00:50:56Z</time>
			</trkpt>
			<trkpt lat="63.737667" lon="-148.91925">
				<ele>550.43927</ele>
				<time>2026-06-18T00:50:59Z</time>
			</trkpt>
			<trkpt lat="63.737701" lon="-148.919174">
				<ele>552.860596</ele>
				<time>2026-06-18T00:51:03Z</time>
			</trkpt>
			<trkpt lat="63.737751" lon="-148.919128">
				<ele>552.676514</ele>
				<time>2026-06-18T00:51:07Z</time>
			</trkpt>
			<trkpt lat="63.737751" lon="-148.919128">
				<ele>552.676514</ele>
				<time>2026-06-18T00:51:07Z</time>
			</trkpt>
			<trkpt lat="63.737797" lon="-148.919083">
				<ele>551.554138</ele>
				<time>2026-06-18T00:51:11Z</time>
			</trkpt>
			<trkpt lat="63.737843" lon="-148.919037">
				<ele>546.752319</ele>
				<time>2026-06-18T00:51:17Z</time>
			</trkpt>
			<trkpt lat="63.737885" lon="-148.918961">
				<ele>547.700989</ele>
				<time>2026-06-18T00:51:21Z</time>
			</trkpt>
			<trkpt lat="63.737915" lon="-148.918884">
				<ele>550.163147</ele>
				<time>2026-06-18T00:51:27Z</time>
			</trkpt>
			<trkpt lat="63.737915" lon="-148.918884">
				<ele>550.163147</ele>
				<time>2026-06-18T00:51:27Z</time>
			</trkpt>
			<trkpt lat="63.73793" lon="-148.918777">
				<ele>550.97937</ele>
				<time>2026-06-18T00:51:32Z</time>
			</trkpt>
			<trkpt lat="63.737896" lon="-148.918701">
				<ele>551.479309</ele>
				<time>2026-06-18T00:51:39Z</time>
			</trkpt>
			<trkpt lat="63.737858" lon="-148.918655">
				<ele>550.894043</ele>
				<time>2026-06-18T00:51:43Z</time>
			</trkpt>
			<trkpt lat="63.737816" lon="-148.91861">
				<ele>549.785828</ele>
				<time>2026-06-18T00:51:48Z</time>
			</trkpt>
			<trkpt lat="63.737816" lon="-148.91861">
				<ele>549.785828</ele>
				<time>2026-06-18T00:51:48Z</time>
			</trkpt>
			<trkpt lat="63.737801" lon="-148.918518">
				<ele>549.13031</ele>
				<time>2026-06-18T00:51:51Z</time>
			</trkpt>
			<trkpt lat="63.737759" lon="-148.918472">
				<ele>549.453491</ele>
				<time>2026-06-18T00:51:55Z</time>
			</trkpt>
			<trkpt lat="63.737713" lon="-148.918427">
				<ele>547.961914</ele>
				<time>2026-06-18T00:51:59Z</time>
			</trkpt>
			<trkpt lat="63.737701" lon="-148.91832">
				<ele>546.72052</ele>
				<time>2026-06-18T00:52:02Z</time>
			</trkpt>
			<trkpt lat="63.737671" lon="-148.918243">
				<ele>546.221375</ele>
				<time>2026-06-18T00:52:06Z</time>
			</trkpt>
			<trkpt lat="63.737648" lon="-148.918137">
				<ele>546.93335</ele>
				<time>2026-06-18T00:52:09Z</time>
			</trkpt>
			<trkpt lat="63.737648" lon="-148.918137">
				<ele>546.93335</ele>
				<time>2026-06-18T00:52:09Z</time>
			</trkpt>
			<trkpt lat="63.737629" lon="-148.918045">
				<ele>545.467285</ele>
				<time>2026-06-18T00:52:12Z</time>
			</trkpt>
			<trkpt lat="63.73761" lon="-148.917938">
				<ele>546.478455</ele>
				<time>2026-06-18T00:52:16Z</time>
			</trkpt>
			<trkpt lat="63.737579" lon="-148.917862">
				<ele>548.466125</ele>
				<time>2026-06-18T00:52:20Z</time>
			</trkpt>
			<trkpt lat="63.737591" lon="-148.917755">
				<ele>547.13562</ele>
				<time>2026-06-18T00:52:23Z</time>
			</trkpt>
			<trkpt lat="63.737598" lon="-148.917633">
				<ele>545.375366</ele>
				<time>2026-06-18T00:52:27Z</time>
			</trkpt>
			<trkpt lat="63.737583" lon="-148.917511">
				<ele>546.277771</ele>
				<time>2026-06-18T00:52:31Z</time>
			</trkpt>
			<trkpt lat="63.737583" lon="-148.917511">
				<ele>546.277771</ele>
				<time>2026-06-18T00:52:31Z</time>
			</trkpt>
			<trkpt lat="63.737587" lon="-148.917404">
				<ele>547.387512</ele>
				<time>2026-06-18T00:52:35Z</time>
			</trkpt>
			<trkpt lat="63.737591" lon="-148.917297">
				<ele>546.996277</ele>
				<time>2026-06-18T00:52:39Z</time>
			</trkpt>
			<trkpt lat="63.73761" lon="-148.917175">
				<ele>547.972656</ele>
				<time>2026-06-18T00:52:43Z</time>
			</trkpt>
			<trkpt lat="63.737625" lon="-148.917068">
				<ele>545.266541</ele>
				<time>2026-06-18T00:52:48Z</time>
			</trkpt>
			<trkpt lat="63.737587" lon="-148.917007">
				<ele>545.057129</ele>
				<time>2026-06-18T00:52:52Z</time>
			</trkpt>
			<trkpt lat="63.737587" lon="-148.917007">
				<ele>545.057129</ele>
				<time>2026-06-18T00:52:52Z</time>
			</trkpt>
			<trkpt lat="63.737587" lon="-148.916901">
				<ele>545.281494</ele>
				<time>2026-06-18T00:52:56Z</time>
			</trkpt>
			<trkpt lat="63.737568" lon="-148.916809">
				<ele>545.898193</ele>
				<time>2026-06-18T00:53:00Z</time>
			</trkpt>
			<trkpt lat="63.737572" lon="-148.91658">
				<ele>544.795776</ele>
				<time>2026-06-18T00:53:08Z</time>
			</trkpt>
			<trkpt lat="63.73756" lon="-148.916489">
				<ele>545.790039</ele>
				<time>2026-06-18T00:53:12Z</time>
			</trkpt>
			<trkpt lat="63.73756" lon="-148.916489">
				<ele>545.790039</ele>
				<time>2026-06-18T00:53:12Z</time>
			</trkpt>
			<trkpt lat="63.737564" lon="-148.916367">
				<ele>544.978638</ele>
				<time>2026-06-18T00:53:16Z</time>
			</trkpt>
			<trkpt lat="63.737545" lon="-148.91626">
				<ele>543.216797</ele>
				<time>2026-06-18T00:53:21Z</time>
			</trkpt>
			<trkpt lat="63.737553" lon="-148.916153">
				<ele>542.625793</ele>
				<time>2026-06-18T00:53:25Z</time>
			</trkpt>
			<trkpt lat="63.737553" lon="-148.916046">
				<ele>542.441711</ele>
				<time>2026-06-18T00:53:29Z</time>
			</trkpt>
			<trkpt lat="63.737572" lon="-148.915939">
				<ele>542.725891</ele>
				<time>2026-06-18T00:53:33Z</time>
			</trkpt>
			<trkpt lat="63.737572" lon="-148.915939">
				<ele>542.725891</ele>
				<time>2026-06-18T00:53:33Z</time>
			</trkpt>
			<trkpt lat="63.737602" lon="-148.915848">
				<ele>544.604126</ele>
				<time>2026-06-18T00:53:38Z</time>
			</trkpt>
			<trkpt lat="63.737656" lon="-148.915817">
				<ele>545.808594</ele>
				<time>2026-06-18T00:53:42Z</time>
			</trkpt>
			<trkpt lat="63.737713" lon="-148.915833">
				<ele>544.744324</ele>
				<time>2026-06-18T00:53:45Z</time>
			</trkpt>
			<trkpt lat="63.737766" lon="-148.915802">
				<ele>544.426758</ele>
				<time>2026-06-18T00:53:49Z</time>
			</trkpt>
			<trkpt lat="63.737812" lon="-148.915771">
				<ele>544.476501</ele>
				<time>2026-06-18T00:53:53Z</time>
			</trkpt>
			<trkpt lat="63.737812" lon="-148.915771">
				<ele>544.476501</ele>
				<time>2026-06-18T00:53:53Z</time>
			</trkpt>
			<trkpt lat="63.737854" lon="-148.91571">
				<ele>543.860352</ele>
				<time>2026-06-18T00:53:58Z</time>
			</trkpt>
			<trkpt lat="63.737873" lon="-148.915619">
				<ele>542.645813</ele>
				<time>2026-06-18T00:54:02Z</time>
			</trkpt>
			<trkpt lat="63.737854" lon="-148.915497">
				<ele>542.678467</ele>
				<time>2026-06-18T00:54:07Z</time>
			</trkpt>
			<trkpt lat="63.73782" lon="-148.915405">
				<ele>542.149231</ele>
				<time>2026-06-18T00:54:11Z</time>
			</trkpt>
			<trkpt lat="63.737774" lon="-148.915359">
				<ele>541.326355</ele>
				<time>2026-06-18T00:54:16Z</time>
			</trkpt>
			<trkpt lat="63.737774" lon="-148.915359">
				<ele>541.326355</ele>
				<time>2026-06-18T00:54:16Z</time>
			</trkpt>
			<trkpt lat="63.737728" lon="-148.915344">
				<ele>540.427429</ele>
				<time>2026-06-18T00:54:20Z</time>
			</trkpt>
			<trkpt lat="63.737679" lon="-148.915298">
				<ele>540.342896</ele>
				<time>2026-06-18T00:54:24Z</time>
			</trkpt>
			<trkpt lat="63.737633" lon="-148.915237">
				<ele>538.009399</ele>
				<time>2026-06-18T00:54:27Z</time>
			</trkpt>
			<trkpt lat="63.737591" lon="-148.915176">
				<ele>537.651855</ele>
				<time>2026-06-18T00:54:30Z</time>
			</trkpt>
			<trkpt lat="63.73756" lon="-148.9151">
				<ele>539.503479</ele>
				<time>2026-06-18T00:54:33Z</time>
			</trkpt>
			<trkpt lat="63.737518" lon="-148.915085">
				<ele>539.740356</ele>
				<time>2026-06-18T00:54:36Z</time>
			</trkpt>
			<trkpt lat="63.737518" lon="-148.915085">
				<ele>539.740356</ele>
				<time>2026-06-18T00:54:36Z</time>
			</trkpt>
			<trkpt lat="63.737492" lon="-148.914993">
				<ele>537.704224</ele>
				<time>2026-06-18T00:54:40Z</time>
			</trkpt>
			<trkpt lat="63.737499" lon="-148.914886">
				<ele>538.303467</ele>
				<time>2026-06-18T00:54:44Z</time>
			</trkpt>
			<trkpt lat="63.737545" lon="-148.914886">
				<ele>536.721802</ele>
				<time>2026-06-18T00:55:13Z</time>
			</trkpt>
			<trkpt lat="63.737545" lon="-148.914886">
				<ele>536.721802</ele>
				<time>2026-06-18T00:55:13Z</time>
			</trkpt>
			<trkpt lat="63.737564" lon="-148.914978">
				<ele>537.510742</ele>
				<time>2026-06-18T00:55:32Z</time>
			</trkpt>
			<trkpt lat="63.737576" lon="-148.914871">
				<ele>536.671265</ele>
				<time>2026-06-18T00:55:38Z</time>
			</trkpt>
			<trkpt lat="63.737576" lon="-148.914871">
				<ele>536.671265</ele>
				<time>2026-06-18T00:55:38Z</time>
			</trkpt>
			<trkpt lat="63.737591" lon="-148.91478">
				<ele>535.871521</ele>
				<time>2026-06-18T00:55:42Z</time>
			</trkpt>
			<trkpt lat="63.737606" lon="-148.914688">
				<ele>536.025635</ele>
				<time>2026-06-18T00:55:47Z</time>
			</trkpt>
			<trkpt lat="63.737629" lon="-148.914597">
				<ele>536.384216</ele>
				<time>2026-06-18T00:55:53Z</time>
			</trkpt>
			<trkpt lat="63.737667" lon="-148.91452">
				<ele>537.017395</ele>
				<time>2026-06-18T00:55:58Z</time>
			</trkpt>
			<trkpt lat="63.737667" lon="-148.91452">
				<ele>537.017395</ele>
				<time>2026-06-18T00:55:58Z</time>
			</trkpt>
			<trkpt lat="63.737705" lon="-148.914474">
				<ele>537.605896</ele>
				<time>2026-06-18T00:56:03Z</time>
			</trkpt>
			<trkpt lat="63.737755" lon="-148.914474">
				<ele>537.969116</ele>
				<time>2026-06-18T00:56:08Z</time>
			</trkpt>
			<trkpt lat="63.737797" lon="-148.914444">
				<ele>539.123596</ele>
				<time>2026-06-18T00:56:13Z</time>
			</trkpt>
			<trkpt lat="63.737846" lon="-148.914474">
				<ele>542.262939</ele>
				<time>2026-06-18T00:56:52Z</time>
			</trkpt>
			<trkpt lat="63.737846" lon="-148.914474">
				<ele>542.262939</ele>
				<time>2026-06-18T00:56:52Z</time>
			</trkpt>
			<trkpt lat="63.737888" lon="-148.91452">
				<ele>541.398865</ele>
				<time>2026-06-18T00:56:58Z</time>
			</trkpt>
			<trkpt lat="63.737938" lon="-148.914474">
				<ele>540.043274</ele>
				<time>2026-06-18T00:57:16Z</time>
			</trkpt>
			<trkpt lat="63.737938" lon="-148.914474">
				<ele>540.043274</ele>
				<time>2026-06-18T00:57:16Z</time>
			</trkpt>
			<trkpt lat="63.737984" lon="-148.914444">
				<ele>540.415344</ele>
				<time>2026-06-18T00:57:19Z</time>
			</trkpt>
			<trkpt lat="63.738029" lon="-148.914459">
				<ele>539.851196</ele>
				<time>2026-06-18T00:57:25Z</time>
			</trkpt>
			<trkpt lat="63.738075" lon="-148.914474">
				<ele>540.073425</ele>
				<time>2026-06-18T00:57:27Z</time>
			</trkpt>
			<trkpt lat="63.738155" lon="-148.914581">
				<ele>538.67395</ele>
				<time>2026-06-18T00:57:38Z</time>
			</trkpt>
			<trkpt lat="63.738155" lon="-148.914581">
				<ele>538.67395</ele>
				<time>2026-06-18T00:57:38Z</time>
			</trkpt>
			<trkpt lat="63.738194" lon="-148.914627">
				<ele>536.869934</ele>
				<time>2026-06-18T00:57:42Z</time>
			</trkpt>
			<trkpt lat="63.738239" lon="-148.914658">
				<ele>535.977844</ele>
				<time>2026-06-18T00:57:46Z</time>
			</trkpt>
			<trkpt lat="63.738297" lon="-148.914642">
				<ele>535.537476</ele>
				<time>2026-06-18T00:57:50Z</time>
			</trkpt>
			<trkpt lat="63.738338" lon="-148.914597">
				<ele>535.862183</ele>
				<time>2026-06-18T00:57:54Z</time>
			</trkpt>
			<trkpt lat="63.738392" lon="-148.914581">
				<ele>537.632568</ele>
				<time>2026-06-18T00:57:59Z</time>
			</trkpt>
			<trkpt lat="63.738392" lon="-148.914581">
				<ele>537.632568</ele>
				<time>2026-06-18T00:57:59Z</time>
			</trkpt>
			<trkpt lat="63.738441" lon="-148.914581">
				<ele>538.74939</ele>
				<time>2026-06-18T00:58:02Z</time>
			</trkpt>
			<trkpt lat="63.738472" lon="-148.91449">
				<ele>540.061523</ele>
				<time>2026-06-18T00:58:09Z</time>
			</trkpt>
			<trkpt lat="63.738506" lon="-148.914429">
				<ele>540.656982</ele>
				<time>2026-06-18T00:58:12Z</time>
			</trkpt>
			<trkpt lat="63.738529" lon="-148.914337">
				<ele>541.706177</ele>
				<time>2026-06-18T00:58:16Z</time>
			</trkpt>
			<trkpt lat="63.738544" lon="-148.914246">
				<ele>541.303406</ele>
				<time>2026-06-18T00:58:19Z</time>
			</trkpt>
			<trkpt lat="63.738544" lon="-148.914246">
				<ele>541.303406</ele>
				<time>2026-06-18T00:58:19Z</time>
			</trkpt>
			<trkpt lat="63.738552" lon="-148.914154">
				<ele>539.488586</ele>
				<time>2026-06-18T00:58:22Z</time>
			</trkpt>
			<trkpt lat="63.738586" lon="-148.914063">
				<ele>538.607178</ele>
				<time>2026-06-18T00:58:25Z</time>
			</trkpt>
			<trkpt lat="63.738602" lon="-148.913971">
				<ele>538.969604</ele>
				<time>2026-06-18T00:58:30Z</time>
			</trkpt>
			<trkpt lat="63.738621" lon="-148.913849">
				<ele>538.808533</ele>
				<time>2026-06-18T00:58:34Z</time>
			</trkpt>
			<trkpt lat="63.738632" lon="-148.913742">
				<ele>538.178223</ele>
				<time>2026-06-18T00:58:38Z</time>
			</trkpt>
			<trkpt lat="63.738632" lon="-148.913742">
				<ele>538.178223</ele>
				<time>2026-06-18T00:58:38Z</time>
			</trkpt>
			<trkpt lat="63.738644" lon="-148.913635">
				<ele>539.001587</ele>
				<time>2026-06-18T00:58:42Z</time>
			</trkpt>
			<trkpt lat="63.738655" lon="-148.913528">
				<ele>538.365845</ele>
				<time>2026-06-18T00:58:46Z</time>
			</trkpt>
			<trkpt lat="63.738663" lon="-148.913422">
				<ele>537.411499</ele>
				<time>2026-06-18T00:58:49Z</time>
			</trkpt>
			<trkpt lat="63.738712" lon="-148.913422">
				<ele>541.116577</ele>
				<time>2026-06-18T00:58:53Z</time>
			</trkpt>
			<trkpt lat="63.73875" lon="-148.913467">
				<ele>540.657288</ele>
				<time>2026-06-18T00:58:59Z</time>
			</trkpt>
			<trkpt lat="63.73875" lon="-148.913467">
				<ele>540.657288</ele>
				<time>2026-06-18T00:58:59Z</time>
			</trkpt>
			<trkpt lat="63.73872" lon="-148.913345">
				<ele>538.796936</ele>
				<time>2026-06-18T00:59:02Z</time>
			</trkpt>
			<trkpt lat="63.738689" lon="-148.913269">
				<ele>539.853333</ele>
				<time>2026-06-18T00:59:05Z</time>
			</trkpt>
			<trkpt lat="63.738678" lon="-148.913162">
				<ele>537.634033</ele>
				<time>2026-06-18T00:59:12Z</time>
			</trkpt>
			<trkpt lat="63.738678" lon="-148.913055">
				<ele>535.786011</ele>
				<time>2026-06-18T00:59:16Z</time>
			</trkpt>
			<trkpt lat="63.738682" lon="-148.912933">
				<ele>535.342834</ele>
				<time>2026-06-18T00:59:20Z</time>
			</trkpt>
			<trkpt lat="63.738682" lon="-148.912933">
				<ele>535.342834</ele>
				<time>2026-06-18T00:59:20Z</time>
			</trkpt>
			<trkpt lat="63.738689" lon="-148.912811">
				<ele>536.335327</ele>
				<time>2026-06-18T00:59:24Z</time>
			</trkpt>
			<trkpt lat="63.738705" lon="-148.912704">
				<ele>535.389954</ele>
				<time>2026-06-18T00:59:28Z</time>
			</trkpt>
			<trkpt lat="63.738728" lon="-148.912613">
				<ele>535.568542</ele>
				<time>2026-06-18T00:59:32Z</time>
			</trkpt>
			<trkpt lat="63.738766" lon="-148.912567">
				<ele>533.604492</ele>
				<time>2026-06-18T00:59:35Z</time>
			</trkpt>
			<trkpt lat="63.738804" lon="-148.91246">
				<ele>533.028931</ele>
				<time>2026-06-18T00:59:39Z</time>
			</trkpt>
			<trkpt lat="63.738804" lon="-148.91246">
				<ele>533.028931</ele>
				<time>2026-06-18T00:59:39Z</time>
			</trkpt>
			<trkpt lat="63.738823" lon="-148.912369">
				<ele>532.422302</ele>
				<time>2026-06-18T00:59:43Z</time>
			</trkpt>
			<trkpt lat="63.738823" lon="-148.912262">
				<ele>531.433228</ele>
				<time>2026-06-18T00:59:47Z</time>
			</trkpt>
			<trkpt lat="63.738815" lon="-148.912155">
				<ele>531.788879</ele>
				<time>2026-06-18T00:59:51Z</time>
			</trkpt>
			<trkpt lat="63.738785" lon="-148.912048">
				<ele>532.060242</ele>
				<time>2026-06-18T00:59:56Z</time>
			</trkpt>
			<trkpt lat="63.738754" lon="-148.911957">
				<ele>534.357361</ele>
				<time>2026-06-18T01:00:01Z</time>
			</trkpt>
			<trkpt lat="63.738754" lon="-148.911957">
				<ele>534.357361</ele>
				<time>2026-06-18T01:00:01Z</time>
			</trkpt>
			<trkpt lat="63.738754" lon="-148.911835">
				<ele>532.507629</ele>
				<time>2026-06-18T01:00:05Z</time>
			</trkpt>
			<trkpt lat="63.73875" lon="-148.911713">
				<ele>532.220764</ele>
				<time>2026-06-18T01:00:09Z</time>
			</trkpt>
			<trkpt lat="63.738747" lon="-148.911606">
				<ele>531.098511</ele>
				<time>2026-06-18T01:00:13Z</time>
			</trkpt>
			<trkpt lat="63.738735" lon="-148.911514">
				<ele>530.846924</ele>
				<time>2026-06-18T01:00:17Z</time>
			</trkpt>
			<trkpt lat="63.738716" lon="-148.911423">
				<ele>530.816406</ele>
				<time>2026-06-18T01:00:21Z</time>
			</trkpt>
			<trkpt lat="63.738716" lon="-148.911423">
				<ele>530.816406</ele>
				<time>2026-06-18T01:00:21Z</time>
			</trkpt>
			<trkpt lat="63.738678" lon="-148.911346">
				<ele>529.863647</ele>
				<time>2026-06-18T01:01:44Z</time>
			</trkpt>
			<trkpt lat="63.738678" lon="-148.911346">
				<ele>529.863647</ele>
				<time>2026-06-18T01:01:44Z</time>
			</trkpt>
			<trkpt lat="63.738697" lon="-148.911255">
				<ele>530.421204</ele>
				<time>2026-06-18T01:02:03Z</time>
			</trkpt>
			<trkpt lat="63.738697" lon="-148.911255">
				<ele>530.421204</ele>
				<time>2026-06-18T01:02:03Z</time>
			</trkpt>
			<trkpt lat="63.738686" lon="-148.911163">
				<ele>530.59375</ele>
				<time>2026-06-18T01:02:08Z</time>
			</trkpt>
			<trkpt lat="63.738686" lon="-148.911041">
				<ele>529.78595</ele>
				<time>2026-06-18T01:02:13Z</time>
			</trkpt>
			<trkpt lat="63.738689" lon="-148.91095">
				<ele>529.019897</ele>
				<time>2026-06-18T01:02:16Z</time>
			</trkpt>
			<trkpt lat="63.738697" lon="-148.910843">
				<ele>525.877869</ele>
				<time>2026-06-18T01:02:22Z</time>
			</trkpt>
			<trkpt lat="63.738697" lon="-148.910843">
				<ele>525.877869</ele>
				<time>2026-06-18T01:02:22Z</time>
			</trkpt>
			<trkpt lat="63.738708" lon="-148.910736">
				<ele>523.900879</ele>
				<time>2026-06-18T01:02:27Z</time>
			</trkpt>
			<trkpt lat="63.738693" lon="-148.910645">
				<ele>523.195862</ele>
				<time>2026-06-18T01:02:31Z</time>
			</trkpt>
			<trkpt lat="63.738697" lon="-148.910553">
				<ele>520.657288</ele>
				<time>2026-06-18T01:02:36Z</time>
			</trkpt>
			<trkpt lat="63.738724" lon="-148.910446">
				<ele>519.32489</ele>
				<time>2026-06-18T01:02:41Z</time>
			</trkpt>
			<trkpt lat="63.738724" lon="-148.910446">
				<ele>519.32489</ele>
				<time>2026-06-18T01:02:41Z</time>
			</trkpt>
			<trkpt lat="63.738724" lon="-148.910339">
				<ele>519.205139</ele>
				<time>2026-06-18T01:02:46Z</time>
			</trkpt>
			<trkpt lat="63.738735" lon="-148.910248">
				<ele>517.543823</ele>
				<time>2026-06-18T01:02:50Z</time>
			</trkpt>
			<trkpt lat="63.738754" lon="-148.910141">
				<ele>517.65155</ele>
				<time>2026-06-18T01:03:03Z</time>
			</trkpt>
			<trkpt lat="63.738754" lon="-148.910141">
				<ele>517.65155</ele>
				<time>2026-06-18T01:03:03Z</time>
			</trkpt>
			<trkpt lat="63.738758" lon="-148.910034">
				<ele>515.78418</ele>
				<time>2026-06-18T01:03:08Z</time>
			</trkpt>
			<trkpt lat="63.738762" lon="-148.909927">
				<ele>514.206909</ele>
				<time>2026-06-18T01:03:13Z</time>
			</trkpt>
			<trkpt lat="63.738758" lon="-148.909821">
				<ele>512.7547</ele>
				<time>2026-06-18T01:03:19Z</time>
			</trkpt>
			<trkpt lat="63.73875" lon="-148.909698">
				<ele>511.335022</ele>
				<time>2026-06-18T01:03:24Z</time>
			</trkpt>
			<trkpt lat="63.73875" lon="-148.909698">
				<ele>511.335022</ele>
				<time>2026-06-18T01:03:24Z</time>
			</trkpt>
			<trkpt lat="63.738739" lon="-148.909592">
				<ele>510.152649</ele>
				<time>2026-06-18T01:03:30Z</time>
			</trkpt>
			<trkpt lat="63.738777" lon="-148.909485">
				<ele>509.250824</ele>
				<time>2026-06-18T01:03:34Z</time>
			</trkpt>
			<trkpt lat="63.738811" lon="-148.909393">
				<ele>509.636292</ele>
				<time>2026-06-18T01:03:37Z</time>
			</trkpt>
			<trkpt lat="63.738842" lon="-148.909286">
				<ele>509.560028</ele>
				<time>2026-06-18T01:03:41Z</time>
			</trkpt>
			<trkpt lat="63.738873" lon="-148.909195">
				<ele>509.828827</ele>
				<time>2026-06-18T01:03:45Z</time>
			</trkpt>
			<trkpt lat="63.738873" lon="-148.909195">
				<ele>509.828827</ele>
				<time>2026-06-18T01:03:45Z</time>
			</trkpt>
			<trkpt lat="63.738914" lon="-148.909119">
				<ele>509.965363</ele>
				<time>2026-06-18T01:03:49Z</time>
			</trkpt>
			<trkpt lat="63.738922" lon="-148.909012">
				<ele>510.742828</ele>
				<time>2026-06-18T01:03:53Z</time>
			</trkpt>
			<trkpt lat="63.738934" lon="-148.908905">
				<ele>508.760162</ele>
				<time>2026-06-18T01:03:58Z</time>
			</trkpt>
			<trkpt lat="63.738972" lon="-148.908844">
				<ele>508.931366</ele>
				<time>2026-06-18T01:04:09Z</time>
			</trkpt>
			<trkpt lat="63.738972" lon="-148.908844">
				<ele>508.931366</ele>
				<time>2026-06-18T01:04:09Z</time>
			</trkpt>
			<trkpt lat="63.738976" lon="-148.908722">
				<ele>507.697296</ele>
				<time>2026-06-18T01:04:15Z</time>
			</trkpt>
			<trkpt lat="63.738998" lon="-148.9086">
				<ele>507.020844</ele>
				<time>2026-06-18T01:04:19Z</time>
			</trkpt>
			<trkpt lat="63.739025" lon="-148.908524">
				<ele>505.890381</ele>
				<time>2026-06-18T01:04:24Z</time>
			</trkpt>
			<trkpt lat="63.739079" lon="-148.908493">
				<ele>504.533081</ele>
				<time>2026-06-18T01:04:29Z</time>
			</trkpt>
			<trkpt lat="63.739079" lon="-148.908493">
				<ele>504.533081</ele>
				<time>2026-06-18T01:04:29Z</time>
			</trkpt>
			<trkpt lat="63.739128" lon="-148.908478">
				<ele>503.927979</ele>
				<time>2026-06-18T01:04:33Z</time>
			</trkpt>
			<trkpt lat="63.739166" lon="-148.908417">
				<ele>504.023468</ele>
				<time>2026-06-18T01:04:37Z</time>
			</trkpt>
			<trkpt lat="63.739212" lon="-148.908401">
				<ele>503.014496</ele>
				<time>2026-06-18T01:04:42Z</time>
			</trkpt>
			<trkpt lat="63.739265" lon="-148.908386">
				<ele>502.983765</ele>
				<time>2026-06-18T01:04:46Z</time>
			</trkpt>
			<trkpt lat="63.739315" lon="-148.908371">
				<ele>502.371979</ele>
				<time>2026-06-18T01:04:51Z</time>
			</trkpt>
			<trkpt lat="63.739315" lon="-148.908371">
				<ele>502.371979</ele>
				<time>2026-06-18T01:04:51Z</time>
			</trkpt>
			<trkpt lat="63.739357" lon="-148.90834">
				<ele>501.980377</ele>
				<time>2026-06-18T01:04:54Z</time>
			</trkpt>
			<trkpt lat="63.739403" lon="-148.908356">
				<ele>501.752777</ele>
				<time>2026-06-18T01:04:57Z</time>
			</trkpt>
			<trkpt lat="63.739449" lon="-148.90831">
				<ele>499.716614</ele>
				<time>2026-06-18T01:05:01Z</time>
			</trkpt>
			<trkpt lat="63.739464" lon="-148.908188">
				<ele>498.380341</ele>
				<time>2026-06-18T01:05:06Z</time>
			</trkpt>
			<trkpt lat="63.739441" lon="-148.908112">
				<ele>496.85849</ele>
				<time>2026-06-18T01:05:12Z</time>
			</trkpt>
			<trkpt lat="63.739441" lon="-148.908112">
				<ele>496.85849</ele>
				<time>2026-06-18T01:05:12Z</time>
			</trkpt>
			<trkpt lat="63.739445" lon="-148.908005">
				<ele>496.539368</ele>
				<time>2026-06-18T01:05:18Z</time>
			</trkpt>
			<trkpt lat="63.739441" lon="-148.907898">
				<ele>494.781616</ele>
				<time>2026-06-18T01:05:24Z</time>
			</trkpt>
			<trkpt lat="63.739437" lon="-148.907761">
				<ele>494.671234</ele>
				<time>2026-06-18T01:05:30Z</time>
			</trkpt>
			<trkpt lat="63.739456" lon="-148.907669">
				<ele>493.536621</ele>
				<time>2026-06-18T01:05:36Z</time>
			</trkpt>
			<trkpt lat="63.739456" lon="-148.907669">
				<ele>493.536621</ele>
				<time>2026-06-18T01:05:36Z</time>
			</trkpt>
			<trkpt lat="63.739433" lon="-148.907455">
				<ele>490.460754</ele>
				<time>2026-06-18T01:05:48Z</time>
			</trkpt>
			<trkpt lat="63.739422" lon="-148.907333">
				<ele>490.756134</ele>
				<time>2026-06-18T01:05:53Z</time>
			</trkpt>
			<trkpt lat="63.739456" lon="-148.907227">
				<ele>489.537445</ele>
				<time>2026-06-18T01:05:58Z</time>
			</trkpt>
			<trkpt lat="63.739456" lon="-148.907227">
				<ele>489.537445</ele>
				<time>2026-06-18T01:05:58Z</time>
			</trkpt>
			<trkpt lat="63.739513" lon="-148.907242">
				<ele>489.290344</ele>
				<time>2026-06-18T01:06:02Z</time>
			</trkpt>
			<trkpt lat="63.739555" lon="-148.907166">
				<ele>488.293457</ele>
				<time>2026-06-18T01:06:06Z</time>
			</trkpt>
			<trkpt lat="63.739616" lon="-148.90715">
				<ele>487.916809</ele>
				<time>2026-06-18T01:06:10Z</time>
			</trkpt>
			<trkpt lat="63.739662" lon="-148.907166">
				<ele>487.971649</ele>
				<time>2026-06-18T01:06:13Z</time>
			</trkpt>
			<trkpt lat="63.739704" lon="-148.90712">
				<ele>487.536652</ele>
				<time>2026-06-18T01:06:16Z</time>
			</trkpt>
			<trkpt lat="63.739754" lon="-148.90712">
				<ele>486.417999</ele>
				<time>2026-06-18T01:06:20Z</time>
			</trkpt>
			<trkpt lat="63.739754" lon="-148.90712">
				<ele>486.417999</ele>
				<time>2026-06-18T01:06:20Z</time>
			</trkpt>
			<trkpt lat="63.739803" lon="-148.907089">
				<ele>487.50827</ele>
				<time>2026-06-18T01:06:24Z</time>
			</trkpt>
			<trkpt lat="63.739849" lon="-148.907104">
				<ele>487.694855</ele>
				<time>2026-06-18T01:06:27Z</time>
			</trkpt>
			<trkpt lat="63.739899" lon="-148.90715">
				<ele>488.976654</ele>
				<time>2026-06-18T01:06:31Z</time>
			</trkpt>
			<trkpt lat="63.739944" lon="-148.907135">
				<ele>489.138092</ele>
				<time>2026-06-18T01:06:35Z</time>
			</trkpt>
			<trkpt lat="63.73999" lon="-148.907166">
				<ele>489.467896</ele>
				<time>2026-06-18T01:06:39Z</time>
			</trkpt>
			<trkpt lat="63.73999" lon="-148.907166">
				<ele>489.467896</ele>
				<time>2026-06-18T01:06:39Z</time>
			</trkpt>
			<trkpt lat="63.740021" lon="-148.907242">
				<ele>486.907837</ele>
				<time>2026-06-18T01:06:42Z</time>
			</trkpt>
			<trkpt lat="63.740067" lon="-148.907227">
				<ele>483.55777</ele>
				<time>2026-06-18T01:06:47Z</time>
			</trkpt>
			<trkpt lat="63.740108" lon="-148.907181">
				<ele>482.909088</ele>
				<time>2026-06-18T01:06:51Z</time>
			</trkpt>
			<trkpt lat="63.740162" lon="-148.907196">
				<ele>481.714935</ele>
				<time>2026-06-18T01:06:55Z</time>
			</trkpt>
			<trkpt lat="63.740211" lon="-148.907196">
				<ele>482.451477</ele>
				<time>2026-06-18T01:06:59Z</time>
			</trkpt>
			<trkpt lat="63.740211" lon="-148.907196">
				<ele>482.451477</ele>
				<time>2026-06-18T01:06:59Z</time>
			</trkpt>
			<trkpt lat="63.740261" lon="-148.907196">
				<ele>482.008331</ele>
				<time>2026-06-18T01:07:03Z</time>
			</trkpt>
			<trkpt lat="63.740311" lon="-148.907181">
				<ele>480.458008</ele>
				<time>2026-06-18T01:07:10Z</time>
			</trkpt>
			<trkpt lat="63.740356" lon="-148.907166">
				<ele>480.832458</ele>
				<time>2026-06-18T01:07:14Z</time>
			</trkpt>
			<trkpt lat="63.740402" lon="-148.90715">
				<ele>480.192627</ele>
				<time>2026-06-18T01:07:18Z</time>
			</trkpt>
			<trkpt lat="63.740402" lon="-148.90715">
				<ele>480.192627</ele>
				<time>2026-06-18T01:07:18Z</time>
			</trkpt>
			<trkpt lat="63.740448" lon="-148.907135">
				<ele>479.305481</ele>
				<time>2026-06-18T01:07:22Z</time>
			</trkpt>
			<trkpt lat="63.740494" lon="-148.907089">
				<ele>479.78006</ele>
				<time>2026-06-18T01:07:26Z</time>
			</trkpt>
			<trkpt lat="63.740547" lon="-148.907074">
				<ele>478.814697</ele>
				<time>2026-06-18T01:07:31Z</time>
			</trkpt>
			<trkpt lat="63.740585" lon="-148.907013">
				<ele>477.776947</ele>
				<time>2026-06-18T01:07:46Z</time>
			</trkpt>
			<trkpt lat="63.740585" lon="-148.907013">
				<ele>477.776947</ele>
				<time>2026-06-18T01:07:46Z</time>
			</trkpt>
			<trkpt lat="63.740627" lon="-148.907043">
				<ele>477.671051</ele>
				<time>2026-06-18T01:07:50Z</time>
			</trkpt>
			<trkpt lat="63.740673" lon="-148.907074">
				<ele>478.291748</ele>
				<time>2026-06-18T01:07:54Z</time>
			</trkpt>
			<trkpt lat="63.740643" lon="-148.907166">
				<ele>477.907135</ele>
				<time>2026-06-18T01:07:59Z</time>
			</trkpt>
			<trkpt lat="63.740585" lon="-148.907181">
				<ele>479.998566</ele>
				<time>2026-06-18T01:08:03Z</time>
			</trkpt>
			<trkpt lat="63.740547" lon="-148.90712">
				<ele>481.499878</ele>
				<time>2026-06-18T01:08:07Z</time>
			</trkpt>
			<trkpt lat="63.740547" lon="-148.90712">
				<ele>481.499878</ele>
				<time>2026-06-18T01:08:07Z</time>
			</trkpt>
			<trkpt lat="63.740555" lon="-148.906982">
				<ele>481.78717</ele>
				<time>2026-06-18T01:08:10Z</time>
			</trkpt>
			<trkpt lat="63.740582" lon="-148.906891">
				<ele>480.948212</ele>
				<time>2026-06-18T01:08:12Z</time>
			</trkpt>
			<trkpt lat="63.740631" lon="-148.906906">
				<ele>480.596405</ele>
				<time>2026-06-18T01:08:29Z</time>
			</trkpt>
			<trkpt lat="63.740631" lon="-148.906906">
				<ele>480.596405</ele>
				<time>2026-06-18T01:08:29Z</time>
			</trkpt>
			<trkpt lat="63.740665" lon="-148.906982">
				<ele>480.958893</ele>
				<time>2026-06-18T01:08:32Z</time>
			</trkpt>
			<trkpt lat="63.740627" lon="-148.907028">
				<ele>479.536682</ele>
				<time>2026-06-18T01:08:45Z</time>
			</trkpt>
			<trkpt lat="63.740593" lon="-148.907089">
				<ele>478.91803</ele>
				<time>2026-06-18T01:08:52Z</time>
			</trkpt>
			<trkpt lat="63.740593" lon="-148.907089">
				<ele>478.91803</ele>
				<time>2026-06-18T01:08:52Z</time>
			</trkpt>
			<trkpt lat="63.740639" lon="-148.907059">
				<ele>478.815521</ele>
				<time>2026-06-18T01:08:58Z</time>
			</trkpt>
			<trkpt lat="63.740688" lon="-148.907089">
				<ele>478.035278</ele>
				<time>2026-06-18T01:09:08Z</time>
			</trkpt>
			<trkpt lat="63.74073" lon="-148.90712">
				<ele>478.137024</ele>
				<time>2026-06-18T01:09:15Z</time>
			</trkpt>
			<trkpt lat="63.74073" lon="-148.90712">
				<ele>478.137024</ele>
				<time>2026-06-18T01:09:15Z</time>
			</trkpt>
			<trkpt lat="63.74078" lon="-148.90712">
				<ele>478.130157</ele>
				<time>2026-06-18T01:09:19Z</time>
			</trkpt>
			<trkpt lat="63.740826" lon="-148.907074">
				<ele>479.122559</ele>
				<time>2026-06-18T01:09:26Z</time>
			</trkpt>
			<trkpt lat="63.740864" lon="-148.907028">
				<ele>478.352142</ele>
				<time>2026-06-18T01:09:31Z</time>
			</trkpt>
			<trkpt lat="63.74091" lon="-148.906998">
				<ele>479.841888</ele>
				<time>2026-06-18T01:09:37Z</time>
			</trkpt>
			<trkpt lat="63.74091" lon="-148.906998">
				<ele>479.841888</ele>
				<time>2026-06-18T01:09:37Z</time>
			</trkpt>
			<trkpt lat="63.740952" lon="-148.906952">
				<ele>478.419159</ele>
				<time>2026-06-18T01:09:41Z</time>
			</trkpt>
			<trkpt lat="63.740997" lon="-148.906906">
				<ele>479.338898</ele>
				<time>2026-06-18T01:09:46Z</time>
			</trkpt>
			<trkpt lat="63.741047" lon="-148.906876">
				<ele>478.488647</ele>
				<time>2026-06-18T01:09:50Z</time>
			</trkpt>
			<trkpt lat="63.741089" lon="-148.90686">
				<ele>478.29776</ele>
				<time>2026-06-18T01:09:54Z</time>
			</trkpt>
			<trkpt lat="63.741131" lon="-148.906815">
				<ele>477.522583</ele>
				<time>2026-06-18T01:09:58Z</time>
			</trkpt>
			<trkpt lat="63.741131" lon="-148.906815">
				<ele>477.522583</ele>
				<time>2026-06-18T01:09:58Z</time>
			</trkpt>
			<trkpt lat="63.741161" lon="-148.906738">
				<ele>478.586548</ele>
				<time>2026-06-18T01:10:03Z</time>
			</trkpt>
			<trkpt lat="63.741211" lon="-148.906738">
				<ele>477.089233</ele>
				<time>2026-06-18T01:10:07Z</time>
			</trkpt>
			<trkpt lat="63.741257" lon="-148.906723">
				<ele>477.770294</ele>
				<time>2026-06-18T01:10:11Z</time>
			</trkpt>
			<trkpt lat="63.741318" lon="-148.906723">
				<ele>477.117737</ele>
				<time>2026-06-18T01:10:16Z</time>
			</trkpt>
			<trkpt lat="63.741367" lon="-148.906723">
				<ele>477.457336</ele>
				<time>2026-06-18T01:10:21Z</time>
			</trkpt>
			<trkpt lat="63.741367" lon="-148.906723">
				<ele>477.457336</ele>
				<time>2026-06-18T01:10:21Z</time>
			</trkpt>
			<trkpt lat="63.741417" lon="-148.906723">
				<ele>477.518005</ele>
				<time>2026-06-18T01:10:26Z</time>
			</trkpt>
			<trkpt lat="63.741455" lon="-148.906784">
				<ele>478.188324</ele>
				<time>2026-06-18T01:10:30Z</time>
			</trkpt>
			<trkpt lat="63.741547" lon="-148.906891">
				<ele>477.737946</ele>
				<time>2026-06-18T01:10:39Z</time>
			</trkpt>
			<trkpt lat="63.741592" lon="-148.906891">
				<ele>477.285004</ele>
				<time>2026-06-18T01:10:43Z</time>
			</trkpt>
			<trkpt lat="63.741592" lon="-148.906891">
				<ele>477.285004</ele>
				<time>2026-06-18T01:10:43Z</time>
			</trkpt>
			<trkpt lat="63.741631" lon="-148.906815">
				<ele>477.112885</ele>
				<time>2026-06-18T01:10:47Z</time>
			</trkpt>
			<trkpt lat="63.741657" lon="-148.906723">
				<ele>476.870728</ele>
				<time>2026-06-18T01:10:51Z</time>
			</trkpt>
			<trkpt lat="63.741688" lon="-148.906631">
				<ele>477.045685</ele>
				<time>2026-06-18T01:10:55Z</time>
			</trkpt>
			<trkpt lat="63.741734" lon="-148.906586">
				<ele>485.812561</ele>
				<time>2026-06-18T01:11:06Z</time>
			</trkpt>
			<trkpt lat="63.741734" lon="-148.906586">
				<ele>485.812561</ele>
				<time>2026-06-18T01:11:06Z</time>
			</trkpt>
			<trkpt lat="63.741741" lon="-148.906494">
				<ele>479.831085</ele>
				<time>2026-06-18T01:11:20Z</time>
			</trkpt>
			<trkpt lat="63.741791" lon="-148.906464">
				<ele>478.817841</ele>
				<time>2026-06-18T01:11:24Z</time>
			</trkpt>
			<trkpt lat="63.741837" lon="-148.906433">
				<ele>478.59375</ele>
				<time>2026-06-18T01:11:28Z</time>
			</trkpt>
			<trkpt lat="63.741837" lon="-148.906433">
				<ele>478.59375</ele>
				<time>2026-06-18T01:11:28Z</time>
			</trkpt>
			<trkpt lat="63.741886" lon="-148.906433">
				<ele>477.833954</ele>
				<time>2026-06-18T01:11:32Z</time>
			</trkpt>
			<trkpt lat="63.74194" lon="-148.906509">
				<ele>477.354553</ele>
				<time>2026-06-18T01:11:39Z</time>
			</trkpt>
			<trkpt lat="63.741989" lon="-148.906555">
				<ele>477.735901</ele>
				<time>2026-06-18T01:11:43Z</time>
			</trkpt>
			<trkpt lat="63.742027" lon="-148.906616">
				<ele>477.199402</ele>
				<time>2026-06-18T01:11:46Z</time>
			</trkpt>
			<trkpt lat="63.742065" lon="-148.906677">
				<ele>476.157928</ele>
				<time>2026-06-18T01:11:49Z</time>
			</trkpt>
			<trkpt lat="63.742065" lon="-148.906677">
				<ele>476.157928</ele>
				<time>2026-06-18T01:11:49Z</time>
			</trkpt>
			<trkpt lat="63.742104" lon="-148.906754">
				<ele>476.599365</ele>
				<time>2026-06-18T01:11:52Z</time>
			</trkpt>
			<trkpt lat="63.742134" lon="-148.90683">
				<ele>476.629089</ele>
				<time>2026-06-18T01:11:55Z</time>
			</trkpt>
			<trkpt lat="63.742176" lon="-148.906891">
				<ele>476.911682</ele>
				<time>2026-06-18T01:11:59Z</time>
			</trkpt>
			<trkpt lat="63.74221" lon="-148.906967">
				<ele>476.93808</ele>
				<time>2026-06-18T01:12:03Z</time>
			</trkpt>
			<trkpt lat="63.742249" lon="-148.907043">
				<ele>477.431091</ele>
				<time>2026-06-18T01:12:07Z</time>
			</trkpt>
			<trkpt lat="63.742283" lon="-148.907135">
				<ele>476.843323</ele>
				<time>2026-06-18T01:12:11Z</time>
			</trkpt>
			<trkpt lat="63.742283" lon="-148.907135">
				<ele>476.843323</ele>
				<time>2026-06-18T01:12:11Z</time>
			</trkpt>
			<trkpt lat="63.742302" lon="-148.907242">
				<ele>477.039581</ele>
				<time>2026-06-18T01:12:15Z</time>
			</trkpt>
			<trkpt lat="63.742313" lon="-148.907364">
				<ele>477.087158</ele>
				<time>2026-06-18T01:12:20Z</time>
			</trkpt>
			<trkpt lat="63.742348" lon="-148.907471">
				<ele>476.762024</ele>
				<time>2026-06-18T01:12:27Z</time>
			</trkpt>
			<trkpt lat="63.742363" lon="-148.907562">
				<ele>475.723572</ele>
				<time>2026-06-18T01:12:30Z</time>
			</trkpt>
			<trkpt lat="63.742363" lon="-148.907562">
				<ele>475.723572</ele>
				<time>2026-06-18T01:12:30Z</time>
			</trkpt>
			<trkpt lat="63.742386" lon="-148.907639">
				<ele>476.306854</ele>
				<time>2026-06-18T01:12:33Z</time>
			</trkpt>
			<trkpt lat="63.74239" lon="-148.907761">
				<ele>477.391113</ele>
				<time>2026-06-18T01:12:37Z</time>
			</trkpt>
			<trkpt lat="63.742424" lon="-148.907852">
				<ele>478.723511</ele>
				<time>2026-06-18T01:12:41Z</time>
			</trkpt>
			<trkpt lat="63.742432" lon="-148.907974">
				<ele>478.096405</ele>
				<time>2026-06-18T01:12:45Z</time>
			</trkpt>
			<trkpt lat="63.742382" lon="-148.907959">
				<ele>479.452515</ele>
				<time>2026-06-18T01:12:52Z</time>
			</trkpt>
			<trkpt lat="63.742382" lon="-148.907959">
				<ele>479.452515</ele>
				<time>2026-06-18T01:12:52Z</time>
			</trkpt>
			<trkpt lat="63.74242" lon="-148.908035">
				<ele>477.427124</ele>
				<time>2026-06-18T01:13:39Z</time>
			</trkpt>
			<trkpt lat="63.74242" lon="-148.908035">
				<ele>477.427124</ele>
				<time>2026-06-18T01:13:39Z</time>
			</trkpt>
			<trkpt lat="63.742432" lon="-148.908142">
				<ele>477.497162</ele>
				<time>2026-06-18T01:13:44Z</time>
			</trkpt>
			<trkpt lat="63.742439" lon="-148.908264">
				<ele>476.143524</ele>
				<time>2026-06-18T01:13:50Z</time>
			</trkpt>
			<trkpt lat="63.742458" lon="-148.908356">
				<ele>476.671356</ele>
				<time>2026-06-18T01:13:54Z</time>
			</trkpt>
			<trkpt lat="63.742443" lon="-148.908463">
				<ele>475.112732</ele>
				<time>2026-06-18T01:13:59Z</time>
			</trkpt>
			<trkpt lat="63.742443" lon="-148.908463">
				<ele>475.112732</ele>
				<time>2026-06-18T01:13:59Z</time>
			</trkpt>
			<trkpt lat="63.742405" lon="-148.908508">
				<ele>474.221832</ele>
				<time>2026-06-18T01:14:34Z</time>
			</trkpt>
			<trkpt lat="63.742401" lon="-148.908417">
				<ele>472.871826</ele>
				<time>2026-06-18T01:16:05Z</time>
			</trkpt>
			<trkpt lat="63.742401" lon="-148.908417">
				<ele>472.871826</ele>
				<time>2026-06-18T01:16:05Z</time>
			</trkpt>
			<trkpt lat="63.742432" lon="-148.90834">
				<ele>473.39444</ele>
				<time>2026-06-18T01:16:09Z</time>
			</trkpt>
			<trkpt lat="63.742477" lon="-148.908401">
				<ele>474.23175</ele>
				<time>2026-06-18T01:16:25Z</time>
			</trkpt>
			<trkpt lat="63.742531" lon="-148.908432">
				<ele>473.71936</ele>
				<time>2026-06-18T01:16:29Z</time>
			</trkpt>
			<trkpt lat="63.742531" lon="-148.908432">
				<ele>473.71936</ele>
				<time>2026-06-18T01:16:29Z</time>
			</trkpt>
			<trkpt lat="63.742569" lon="-148.908508">
				<ele>474.483093</ele>
				<time>2026-06-18T01:16:33Z</time>
			</trkpt>
			<trkpt lat="63.742607" lon="-148.908554">
				<ele>475.019043</ele>
				<time>2026-06-18T01:16:37Z</time>
			</trkpt>
			<trkpt lat="63.742645" lon="-148.908615">
				<ele>474.533051</ele>
				<time>2026-06-18T01:16:41Z</time>
			</trkpt>
			<trkpt lat="63.742676" lon="-148.908691">
				<ele>473.834839</ele>
				<time>2026-06-18T01:16:45Z</time>
			</trkpt>
			<trkpt lat="63.742699" lon="-148.908798">
				<ele>474.138062</ele>
				<time>2026-06-18T01:16:48Z</time>
			</trkpt>
			<trkpt lat="63.742699" lon="-148.908798">
				<ele>474.138062</ele>
				<time>2026-06-18T01:16:48Z</time>
			</trkpt>
			<trkpt lat="63.742714" lon="-148.90889">
				<ele>474.627014</ele>
				<time>2026-06-18T01:16:51Z</time>
			</trkpt>
			<trkpt lat="63.742714" lon="-148.909012">
				<ele>476.250275</ele>
				<time>2026-06-18T01:16:55Z</time>
			</trkpt>
			<trkpt lat="63.742737" lon="-148.909103">
				<ele>476.535065</ele>
				<time>2026-06-18T01:16:59Z</time>
			</trkpt>
			<trkpt lat="63.742737" lon="-148.909225">
				<ele>476.633972</ele>
				<time>2026-06-18T01:17:03Z</time>
			</trkpt>
			<trkpt lat="63.742748" lon="-148.909348">
				<ele>475.679077</ele>
				<time>2026-06-18T01:17:07Z</time>
			</trkpt>
			<trkpt lat="63.742748" lon="-148.909348">
				<ele>475.679077</ele>
				<time>2026-06-18T01:17:07Z</time>
			</trkpt>
			<trkpt lat="63.742767" lon="-148.909454">
				<ele>477.511536</ele>
				<time>2026-06-18T01:17:12Z</time>
			</trkpt>
			<trkpt lat="63.742794" lon="-148.909546">
				<ele>475.947601</ele>
				<time>2026-06-18T01:17:16Z</time>
			</trkpt>
			<trkpt lat="63.742813" lon="-148.909653">
				<ele>477.018616</ele>
				<time>2026-06-18T01:17:20Z</time>
			</trkpt>
			<trkpt lat="63.742817" lon="-148.90976">
				<ele>476.755188</ele>
				<time>2026-06-18T01:17:24Z</time>
			</trkpt>
			<trkpt lat="63.742836" lon="-148.909851">
				<ele>476.116913</ele>
				<time>2026-06-18T01:17:28Z</time>
			</trkpt>
			<trkpt lat="63.742836" lon="-148.909851">
				<ele>476.116913</ele>
				<time>2026-06-18T01:17:28Z</time>
			</trkpt>
			<trkpt lat="63.742836" lon="-148.909973">
				<ele>476.3909</ele>
				<time>2026-06-18T01:17:32Z</time>
			</trkpt>
			<trkpt lat="63.742805" lon="-148.910065">
				<ele>476.2771</ele>
				<time>2026-06-18T01:17:37Z</time>
			</trkpt>
			<trkpt lat="63.742794" lon="-148.910156">
				<ele>475.651459</ele>
				<time>2026-06-18T01:17:41Z</time>
			</trkpt>
			<trkpt lat="63.742756" lon="-148.910339">
				<ele>474.984039</ele>
				<time>2026-06-18T01:17:49Z</time>
			</trkpt>
			<trkpt lat="63.742756" lon="-148.910339">
				<ele>474.984039</ele>
				<time>2026-06-18T01:17:49Z</time>
			</trkpt>
			<trkpt lat="63.742744" lon="-148.910446">
				<ele>474.286896</ele>
				<time>2026-06-18T01:17:54Z</time>
			</trkpt>
			<trkpt lat="63.74276" lon="-148.910568">
				<ele>475.363617</ele>
				<time>2026-06-18T01:17:59Z</time>
			</trkpt>
			<trkpt lat="63.742756" lon="-148.910675">
				<ele>474.971283</ele>
				<time>2026-06-18T01:18:04Z</time>
			</trkpt>
			<trkpt lat="63.742725" lon="-148.910751">
				<ele>473.490662</ele>
				<time>2026-06-18T01:18:10Z</time>
			</trkpt>
			<trkpt lat="63.742725" lon="-148.910751">
				<ele>473.490662</ele>
				<time>2026-06-18T01:18:10Z</time>
			</trkpt>
			<trkpt lat="63.742676" lon="-148.91069">
				<ele>472.235779</ele>
				<time>2026-06-18T01:19:22Z</time>
			</trkpt>
			<trkpt lat="63.742676" lon="-148.91069">
				<ele>472.235779</ele>
				<time>2026-06-18T01:19:22Z</time>
			</trkpt>
			<trkpt lat="63.742718" lon="-148.91069">
				<ele>472.095551</ele>
				<time>2026-06-18T01:19:27Z</time>
			</trkpt>
			<trkpt lat="63.742756" lon="-148.910767">
				<ele>472.993744</ele>
				<time>2026-06-18T01:19:31Z</time>
			</trkpt>
			<trkpt lat="63.742779" lon="-148.910843">
				<ele>473.430878</ele>
				<time>2026-06-18T01:19:34Z</time>
			</trkpt>
			<trkpt lat="63.742775" lon="-148.910934">
				<ele>473.943359</ele>
				<time>2026-06-18T01:19:39Z</time>
			</trkpt>
			<trkpt lat="63.742779" lon="-148.911041">
				<ele>473.155212</ele>
				<time>2026-06-18T01:19:43Z</time>
			</trkpt>
			<trkpt lat="63.742779" lon="-148.911041">
				<ele>473.155212</ele>
				<time>2026-06-18T01:19:43Z</time>
			</trkpt>
			<trkpt lat="63.74276" lon="-148.911133">
				<ele>470.393372</ele>
				<time>2026-06-18T01:20:10Z</time>
			</trkpt>
			<trkpt lat="63.74276" lon="-148.911133">
				<ele>470.393372</ele>
				<time>2026-06-18T01:20:10Z</time>
			</trkpt>
			<trkpt lat="63.742786" lon="-148.911209">
				<ele>470.975006</ele>
				<time>2026-06-18T01:20:17Z</time>
			</trkpt>
			<trkpt lat="63.742836" lon="-148.91124">
				<ele>471.076447</ele>
				<time>2026-06-18T01:20:47Z</time>
			</trkpt>
			<trkpt lat="63.742836" lon="-148.91124">
				<ele>471.076447</ele>
				<time>2026-06-18T01:20:47Z</time>
			</trkpt>
			<trkpt lat="63.742798" lon="-148.911285">
				<ele>472.12677</ele>
				<time>2026-06-18T01:21:37Z</time>
			</trkpt>
			<trkpt lat="63.742798" lon="-148.911285">
				<ele>472.12677</ele>
				<time>2026-06-18T01:21:37Z</time>
			</trkpt>
			<trkpt lat="63.742798" lon="-148.911392">
				<ele>472.577698</ele>
				<time>2026-06-18T01:22:07Z</time>
			</trkpt>
			<trkpt lat="63.742798" lon="-148.911392">
				<ele>472.577698</ele>
				<time>2026-06-18T01:22:07Z</time>
			</trkpt>
			<trkpt lat="63.742828" lon="-148.911469">
				<ele>471.683899</ele>
				<time>2026-06-18T01:23:00Z</time>
			</trkpt>
			<trkpt lat="63.742828" lon="-148.911469">
				<ele>471.683899</ele>
				<time>2026-06-18T01:23:00Z</time>
			</trkpt>
			<trkpt lat="63.742874" lon="-148.911469">
				<ele>471.261871</ele>
				<time>2026-06-18T01:23:11Z</time>
			</trkpt>
			<trkpt lat="63.742916" lon="-148.911514">
				<ele>470.177124</ele>
				<time>2026-06-18T01:23:21Z</time>
			</trkpt>
			<trkpt lat="63.742916" lon="-148.911514">
				<ele>470.177124</ele>
				<time>2026-06-18T01:23:21Z</time>
			</trkpt>
			<trkpt lat="63.742962" lon="-148.91156">
				<ele>471.310028</ele>
				<time>2026-06-18T01:23:25Z</time>
			</trkpt>
			<trkpt lat="63.743008" lon="-148.91153">
				<ele>471.070587</ele>
				<time>2026-06-18T01:23:32Z</time>
			</trkpt>
			<trkpt lat="63.743046" lon="-148.91156">
				<ele>471.107605</ele>
				<time>2026-06-18T01:23:38Z</time>
			</trkpt>
			<trkpt lat="63.743073" lon="-148.911667">
				<ele>470.821838</ele>
				<time>2026-06-18T01:23:45Z</time>
			</trkpt>
			<trkpt lat="63.743073" lon="-148.911667">
				<ele>470.821838</ele>
				<time>2026-06-18T01:23:45Z</time>
			</trkpt>
			<trkpt lat="63.743118" lon="-148.911636">
				<ele>471.590332</ele>
				<time>2026-06-18T01:24:21Z</time>
			</trkpt>
			<trkpt lat="63.743118" lon="-148.911636">
				<ele>471.590332</ele>
				<time>2026-06-18T01:24:21Z</time>
			</trkpt>
			<trkpt lat="63.743164" lon="-148.911621">
				<ele>469.969513</ele>
				<time>2026-06-18T01:24:34Z</time>
			</trkpt>
			<trkpt lat="63.743206" lon="-148.911697">
				<ele>471.546082</ele>
				<time>2026-06-18T01:24:44Z</time>
			</trkpt>
			<trkpt lat="63.743206" lon="-148.911697">
				<ele>471.546082</ele>
				<time>2026-06-18T01:24:44Z</time>
			</trkpt>
			<trkpt lat="63.743229" lon="-148.911789">
				<ele>472.09137</ele>
				<time>2026-06-18T01:24:47Z</time>
			</trkpt>
			<trkpt lat="63.743256" lon="-148.91188">
				<ele>473.627716</ele>
				<time>2026-06-18T01:24:55Z</time>
			</trkpt>
			<trkpt lat="63.743275" lon="-148.911987">
				<ele>472.932678</ele>
				<time>2026-06-18T01:24:58Z</time>
			</trkpt>
			<trkpt lat="63.743301" lon="-148.912079">
				<ele>471.115601</ele>
				<time>2026-06-18T01:25:02Z</time>
			</trkpt>
			<trkpt lat="63.74334" lon="-148.912125">
				<ele>470.464172</ele>
				<time>2026-06-18T01:25:06Z</time>
			</trkpt>
			<trkpt lat="63.74334" lon="-148.912125">
				<ele>470.464172</ele>
				<time>2026-06-18T01:25:06Z</time>
			</trkpt>
			<trkpt lat="63.74337" lon="-148.912201">
				<ele>470.712341</ele>
				<time>2026-06-18T01:25:13Z</time>
			</trkpt>
			<trkpt lat="63.743382" lon="-148.912308">
				<ele>470.861267</ele>
				<time>2026-06-18T01:25:20Z</time>
			</trkpt>
			<trkpt lat="63.743408" lon="-148.912384">
				<ele>470.587555</ele>
				<time>2026-06-18T01:25:24Z</time>
			</trkpt>
			<trkpt lat="63.743443" lon="-148.912476">
				<ele>470.487854</ele>
				<time>2026-06-18T01:25:28Z</time>
			</trkpt>
			<trkpt lat="63.743443" lon="-148.912476">
				<ele>470.487854</ele>
				<time>2026-06-18T01:25:28Z</time>
			</trkpt>
			<trkpt lat="63.743488" lon="-148.912521">
				<ele>470.093536</ele>
				<time>2026-06-18T01:25:33Z</time>
			</trkpt>
			<trkpt lat="63.743538" lon="-148.912521">
				<ele>471.146088</ele>
				<time>2026-06-18T01:25:39Z</time>
			</trkpt>
			<trkpt lat="63.743576" lon="-148.912552">
				<ele>470.690094</ele>
				<time>2026-06-18T01:25:44Z</time>
			</trkpt>
			<trkpt lat="63.743607" lon="-148.912643">
				<ele>471.807037</ele>
				<time>2026-06-18T01:25:48Z</time>
			</trkpt>
			<trkpt lat="63.743607" lon="-148.912643">
				<ele>471.807037</ele>
				<time>2026-06-18T01:25:48Z</time>
			</trkpt>
			<trkpt lat="63.743618" lon="-148.912735">
				<ele>471.841614</ele>
				<time>2026-06-18T01:25:53Z</time>
			</trkpt>
			<trkpt lat="63.743664" lon="-148.912766">
				<ele>473.404785</ele>
				<time>2026-06-18T01:26:07Z</time>
			</trkpt>
			<trkpt lat="63.743664" lon="-148.912766">
				<ele>473.404785</ele>
				<time>2026-06-18T01:26:07Z</time>
			</trkpt>
			<trkpt lat="63.743706" lon="-148.912735">
				<ele>472.882019</ele>
				<time>2026-06-18T01:26:12Z</time>
			</trkpt>
			<trkpt lat="63.743748" lon="-148.912674">
				<ele>472.746704</ele>
				<time>2026-06-18T01:26:23Z</time>
			</trkpt>
			<trkpt lat="63.743801" lon="-148.912643">
				<ele>472.557129</ele>
				<time>2026-06-18T01:26:29Z</time>
			</trkpt>
			<trkpt lat="63.743801" lon="-148.912643">
				<ele>472.557129</ele>
				<time>2026-06-18T01:26:29Z</time>
			</trkpt>
			<trkpt lat="63.743866" lon="-148.912628">
				<ele>472.420074</ele>
				<time>2026-06-18T01:26:35Z</time>
			</trkpt>
			<trkpt lat="63.743908" lon="-148.912674">
				<ele>471.948151</ele>
				<time>2026-06-18T01:26:38Z</time>
			</trkpt>
			<trkpt lat="63.743954" lon="-148.912689">
				<ele>472.889954</ele>
				<time>2026-06-18T01:26:41Z</time>
			</trkpt>
			<trkpt lat="63.744003" lon="-148.912689">
				<ele>472.976898</ele>
				<time>2026-06-18T01:26:47Z</time>
			</trkpt>
			<trkpt lat="63.744064" lon="-148.912704">
				<ele>471.332153</ele>
				<time>2026-06-18T01:26:54Z</time>
			</trkpt>
			<trkpt lat="63.744064" lon="-148.912704">
				<ele>471.332153</ele>
				<time>2026-06-18T01:26:54Z</time>
			</trkpt>
			<trkpt lat="63.74411" lon="-148.912674">
				<ele>472.287628</ele>
				<time>2026-06-18T01:26:59Z</time>
			</trkpt>
			<trkpt lat="63.744164" lon="-148.912674">
				<ele>472.162567</ele>
				<time>2026-06-18T01:27:04Z</time>
			</trkpt>
			<trkpt lat="63.744205" lon="-148.912704">
				<ele>472.702179</ele>
				<time>2026-06-18T01:27:09Z</time>
			</trkpt>
			<trkpt lat="63.744259" lon="-148.912766">
				<ele>469.949432</ele>
				<time>2026-06-18T01:27:15Z</time>
			</trkpt>
			<trkpt lat="63.744259" lon="-148.912766">
				<ele>469.949432</ele>
				<time>2026-06-18T01:27:15Z</time>
			</trkpt>
			<trkpt lat="63.744286" lon="-148.912888">
				<ele>470.149628</ele>
				<time>2026-06-18T01:27:18Z</time>
			</trkpt>
			<trkpt lat="63.744331" lon="-148.912903">
				<ele>470.427948</ele>
				<time>2026-06-18T01:27:25Z</time>
			</trkpt>
			<trkpt lat="63.74437" lon="-148.912949">
				<ele>471.556641</ele>
				<time>2026-06-18T01:27:39Z</time>
			</trkpt>
			<trkpt lat="63.74437" lon="-148.912949">
				<ele>471.556641</ele>
				<time>2026-06-18T01:27:39Z</time>
			</trkpt>
			<trkpt lat="63.744408" lon="-148.912903">
				<ele>468.917633</ele>
				<time>2026-06-18T01:27:58Z</time>
			</trkpt>
			<trkpt lat="63.744408" lon="-148.912903">
				<ele>468.917633</ele>
				<time>2026-06-18T01:27:58Z</time>
			</trkpt>
			<trkpt lat="63.744453" lon="-148.912872">
				<ele>468.429688</ele>
				<time>2026-06-18T01:28:21Z</time>
			</trkpt>
			<trkpt lat="63.744453" lon="-148.912872">
				<ele>468.429688</ele>
				<time>2026-06-18T01:28:21Z</time>
			</trkpt>
			<trkpt lat="63.744507" lon="-148.912888">
				<ele>468.91449</ele>
				<time>2026-06-18T01:28:26Z</time>
			</trkpt>
			<trkpt lat="63.744545" lon="-148.912949">
				<ele>468.495605</ele>
				<time>2026-06-18T01:28:30Z</time>
			</trkpt>
			<trkpt lat="63.744602" lon="-148.912933">
				<ele>467.592255</ele>
				<time>2026-06-18T01:28:37Z</time>
			</trkpt>
			<trkpt lat="63.744648" lon="-148.912964">
				<ele>467.868805</ele>
				<time>2026-06-18T01:28:42Z</time>
			</trkpt>
			<trkpt lat="63.744648" lon="-148.912964">
				<ele>467.868805</ele>
				<time>2026-06-18T01:28:42Z</time>
			</trkpt>
			<trkpt lat="63.744694" lon="-148.912949">
				<ele>468.933258</ele>
				<time>2026-06-18T01:28:49Z</time>
			</trkpt>
			<trkpt lat="63.744728" lon="-148.913025">
				<ele>466.907196</ele>
				<time>2026-06-18T01:28:54Z</time>
			</trkpt>
			<trkpt lat="63.744732" lon="-148.913147">
				<ele>466.288849</ele>
				<time>2026-06-18T01:28:59Z</time>
			</trkpt>
			<trkpt lat="63.74477" lon="-148.913071">
				<ele>467.045197</ele>
				<time>2026-06-18T01:29:19Z</time>
			</trkpt>
			<trkpt lat="63.74477" lon="-148.913071">
				<ele>467.045197</ele>
				<time>2026-06-18T01:29:19Z</time>
			</trkpt>
			<trkpt lat="63.744808" lon="-148.912979">
				<ele>467.505127</ele>
				<time>2026-06-18T01:29:23Z</time>
			</trkpt>
			<trkpt lat="63.744831" lon="-148.912888">
				<ele>467.095856</ele>
				<time>2026-06-18T01:29:28Z</time>
			</trkpt>
			<trkpt lat="63.744873" lon="-148.912827">
				<ele>467.371704</ele>
				<time>2026-06-18T01:29:34Z</time>
			</trkpt>
			<trkpt lat="63.744911" lon="-148.912888">
				<ele>467.126068</ele>
				<time>2026-06-18T01:30:00Z</time>
			</trkpt>
			<trkpt lat="63.744911" lon="-148.912888">
				<ele>467.126068</ele>
				<time>2026-06-18T01:30:00Z</time>
			</trkpt>
			<trkpt lat="63.744896" lon="-148.912796">
				<ele>468.382141</ele>
				<time>2026-06-18T01:30:39Z</time>
			</trkpt>
			<trkpt lat="63.744896" lon="-148.912796">
				<ele>468.382141</ele>
				<time>2026-06-18T01:30:39Z</time>
			</trkpt>
			<trkpt lat="63.744888" lon="-148.912704">
				<ele>467.272247</ele>
				<time>2026-06-18T01:36:38Z</time>
			</trkpt>
			<trkpt lat="63.744888" lon="-148.912704">
				<ele>467.272247</ele>
				<time>2026-06-18T01:36:38Z</time>
			</trkpt>
			<trkpt lat="63.744892" lon="-148.912598">
				<ele>468.176636</ele>
				<time>2026-06-18T01:38:12Z</time>
			</trkpt>
			<trkpt lat="63.744892" lon="-148.912598">
				<ele>468.176636</ele>
				<time>2026-06-18T01:38:12Z</time>
			</trkpt>
			<trkpt lat="63.744896" lon="-148.912689">
				<ele>466.411194</ele>
				<time>2026-06-18T01:38:35Z</time>
			</trkpt>
			<trkpt lat="63.744896" lon="-148.912689">
				<ele>466.411194</ele>
				<time>2026-06-18T01:38:35Z</time>
			</trkpt>
			<trkpt lat="63.744858" lon="-148.912735">
				<ele>468.759827</ele>
				<time>2026-06-18T01:39:06Z</time>
			</trkpt>
			<trkpt lat="63.744858" lon="-148.912735">
				<ele>468.759827</ele>
				<time>2026-06-18T01:39:06Z</time>
			</trkpt>
			<trkpt lat="63.744888" lon="-148.912796">
				<ele>467.983337</ele>
				<time>2026-06-18T01:39:27Z</time>
			</trkpt>
			<trkpt lat="63.744888" lon="-148.912796">
				<ele>467.983337</ele>
				<time>2026-06-18T01:39:27Z</time>
			</trkpt>
			<trkpt lat="63.744877" lon="-148.912689">
				<ele>466.805725</ele>
				<time>2026-06-18T01:39:50Z</time>
			</trkpt>
			<trkpt lat="63.744877" lon="-148.912689">
				<ele>466.805725</ele>
				<time>2026-06-18T01:39:50Z</time>
			</trkpt>
			<trkpt lat="63.744907" lon="-148.91275">
				<ele>467.720673</ele>
				<time>2026-06-18T01:40:14Z</time>
			</trkpt>
			<trkpt lat="63.744907" lon="-148.91275">
				<ele>467.720673</ele>
				<time>2026-06-18T01:40:14Z</time>
			</trkpt>
			<trkpt lat="63.744884" lon="-148.912842">
				<ele>466.893829</ele>
				<time>2026-06-18T01:41:48Z</time>
			</trkpt>
			<trkpt lat="63.744884" lon="-148.912842">
				<ele>466.893829</ele>
				<time>2026-06-18T01:41:48Z</time>
			</trkpt>
			<trkpt lat="63.744873" lon="-148.912933">
				<ele>467.031586</ele>
				<time>2026-06-18T01:41:52Z</time>
			</trkpt>
			<trkpt lat="63.744843" lon="-148.913025">
				<ele>465.593109</ele>
				<time>2026-06-18T01:41:57Z</time>
			</trkpt>
			<trkpt lat="63.744804" lon="-148.913086">
				<ele>465.629608</ele>
				<time>2026-06-18T01:42:02Z</time>
			</trkpt>
			<trkpt lat="63.744797" lon="-148.912979">
				<ele>469.448364</ele>
				<time>2026-06-18T01:43:04Z</time>
			</trkpt>
			<trkpt lat="63.744797" lon="-148.912979">
				<ele>469.448364</ele>
				<time>2026-06-18T01:43:04Z</time>
			</trkpt>
			<trkpt lat="63.744846" lon="-148.912918">
				<ele>468.367371</ele>
				<time>2026-06-18T01:43:10Z</time>
			</trkpt>
			<trkpt lat="63.744877" lon="-148.912842">
				<ele>468.437439</ele>
				<time>2026-06-18T01:43:15Z</time>
			</trkpt>
			<trkpt lat="63.744881" lon="-148.912735">
				<ele>469.598785</ele>
				<time>2026-06-18T01:43:50Z</time>
			</trkpt>
			<trkpt lat="63.744881" lon="-148.912735">
				<ele>469.598785</ele>
				<time>2026-06-18T01:43:50Z</time>
			</trkpt>
			<trkpt lat="63.7449" lon="-148.912643">
				<ele>470.389862</ele>
				<time>2026-06-18T01:44:04Z</time>
			</trkpt>
			<trkpt lat="63.744888" lon="-148.91275">
				<ele>467.63382</ele>
				<time>2026-06-18T01:47:28Z</time>
			</trkpt>
			<trkpt lat="63.744888" lon="-148.91275">
				<ele>467.63382</ele>
				<time>2026-06-18T01:47:28Z</time>
			</trkpt>
			<trkpt lat="63.744877" lon="-148.912842">
				<ele>469.621429</ele>
				<time>2026-06-18T01:48:11Z</time>
			</trkpt>
			<trkpt lat="63.744877" lon="-148.912842">
				<ele>469.621429</ele>
				<time>2026-06-18T01:48:11Z</time>
			</trkpt>
			<trkpt lat="63.744862" lon="-148.912933">
				<ele>469.762512</ele>
				<time>2026-06-18T01:49:34Z</time>
			</trkpt>
			<trkpt lat="63.744862" lon="-148.912933">
				<ele>469.762512</ele>
				<time>2026-06-18T01:49:34Z</time>
			</trkpt>
			<trkpt lat="63.744827" lon="-148.91301">
				<ele>468.961151</ele>
				<time>2026-06-18T01:49:38Z</time>
			</trkpt>
			<trkpt lat="63.744789" lon="-148.913055">
				<ele>468.691589</ele>
				<time>2026-06-18T01:49:42Z</time>
			</trkpt>
			<trkpt lat="63.744747" lon="-148.913071">
				<ele>468.378113</ele>
				<time>2026-06-18T01:49:47Z</time>
			</trkpt>
			<trkpt lat="63.744698" lon="-148.913101">
				<ele>468.243378</ele>
				<time>2026-06-18T01:49:51Z</time>
			</trkpt>
			<trkpt lat="63.744644" lon="-148.913116">
				<ele>467.762543</ele>
				<time>2026-06-18T01:49:57Z</time>
			</trkpt>
			<trkpt lat="63.744644" lon="-148.913116">
				<ele>467.762543</ele>
				<time>2026-06-18T01:49:57Z</time>
			</trkpt>
			<trkpt lat="63.744602" lon="-148.913101">
				<ele>466.747772</ele>
				<time>2026-06-18T01:50:02Z</time>
			</trkpt>
			<trkpt lat="63.744556" lon="-148.913086">
				<ele>466.600616</ele>
				<time>2026-06-18T01:50:07Z</time>
			</trkpt>
			<trkpt lat="63.744518" lon="-148.91301">
				<ele>466.116577</ele>
				<time>2026-06-18T01:50:12Z</time>
			</trkpt>
			<trkpt lat="63.744469" lon="-148.912979">
				<ele>466.721527</ele>
				<time>2026-06-18T01:50:17Z</time>
			</trkpt>
			<trkpt lat="63.744469" lon="-148.912979">
				<ele>466.721527</ele>
				<time>2026-06-18T01:50:17Z</time>
			</trkpt>
			<trkpt lat="63.744423" lon="-148.91304">
				<ele>465.481384</ele>
				<time>2026-06-18T01:50:24Z</time>
			</trkpt>
			<trkpt lat="63.744331" lon="-148.91304">
				<ele>466.698547</ele>
				<time>2026-06-18T01:50:35Z</time>
			</trkpt>
			<trkpt lat="63.744286" lon="-148.912994">
				<ele>468.415833</ele>
				<time>2026-06-18T01:51:00Z</time>
			</trkpt>
			<trkpt lat="63.744286" lon="-148.912994">
				<ele>468.415833</ele>
				<time>2026-06-18T01:51:00Z</time>
			</trkpt>
			<trkpt lat="63.744213" lon="-148.912888">
				<ele>472.671967</ele>
				<time>2026-06-18T01:51:13Z</time>
			</trkpt>
			<trkpt lat="63.744171" lon="-148.912842">
				<ele>472.097565</ele>
				<time>2026-06-18T01:51:17Z</time>
			</trkpt>
			<trkpt lat="63.744125" lon="-148.912827">
				<ele>473.89267</ele>
				<time>2026-06-18T01:51:22Z</time>
			</trkpt>
			<trkpt lat="63.744125" lon="-148.912827">
				<ele>473.89267</ele>
				<time>2026-06-18T01:51:22Z</time>
			</trkpt>
			<trkpt lat="63.744076" lon="-148.912857">
				<ele>477.115417</ele>
				<time>2026-06-18T01:51:28Z</time>
			</trkpt>
			<trkpt lat="63.744034" lon="-148.912827">
				<ele>478.138977</ele>
				<time>2026-06-18T01:51:31Z</time>
			</trkpt>
			<trkpt lat="63.743988" lon="-148.912766">
				<ele>477.312805</ele>
				<time>2026-06-18T01:51:34Z</time>
			</trkpt>
			<trkpt lat="63.743935" lon="-148.912781">
				<ele>477.322632</ele>
				<time>2026-06-18T01:51:39Z</time>
			</trkpt>
			<trkpt lat="63.743881" lon="-148.912811">
				<ele>476.928436</ele>
				<time>2026-06-18T01:51:43Z</time>
			</trkpt>
			<trkpt lat="63.743881" lon="-148.912811">
				<ele>476.928436</ele>
				<time>2026-06-18T01:51:43Z</time>
			</trkpt>
			<trkpt lat="63.743839" lon="-148.912796">
				<ele>476.610748</ele>
				<time>2026-06-18T01:51:48Z</time>
			</trkpt>
			<trkpt lat="63.743782" lon="-148.912811">
				<ele>475.499634</ele>
				<time>2026-06-18T01:51:52Z</time>
			</trkpt>
			<trkpt lat="63.743729" lon="-148.912796">
				<ele>474.272125</ele>
				<time>2026-06-18T01:51:56Z</time>
			</trkpt>
			<trkpt lat="63.743675" lon="-148.912811">
				<ele>475.68219</ele>
				<time>2026-06-18T01:52:01Z</time>
			</trkpt>
			<trkpt lat="63.743626" lon="-148.912827">
				<ele>475.689331</ele>
				<time>2026-06-18T01:52:05Z</time>
			</trkpt>
			<trkpt lat="63.743626" lon="-148.912827">
				<ele>475.689331</ele>
				<time>2026-06-18T01:52:05Z</time>
			</trkpt>
			<trkpt lat="63.743584" lon="-148.912857">
				<ele>474.778198</ele>
				<time>2026-06-18T01:52:09Z</time>
			</trkpt>
			<trkpt lat="63.743538" lon="-148.912933">
				<ele>473.59375</ele>
				<time>2026-06-18T01:52:13Z</time>
			</trkpt>
			<trkpt lat="63.743496" lon="-148.912979">
				<ele>473.198425</ele>
				<time>2026-06-18T01:52:17Z</time>
			</trkpt>
			<trkpt lat="63.74345" lon="-148.912979">
				<ele>473.900604</ele>
				<time>2026-06-18T01:52:21Z</time>
			</trkpt>
			<trkpt lat="63.743404" lon="-148.912949">
				<ele>473.832977</ele>
				<time>2026-06-18T01:52:24Z</time>
			</trkpt>
			<trkpt lat="63.743404" lon="-148.912949">
				<ele>473.832977</ele>
				<time>2026-06-18T01:52:24Z</time>
			</trkpt>
			<trkpt lat="63.743362" lon="-148.912903">
				<ele>474.558502</ele>
				<time>2026-06-18T01:52:28Z</time>
			</trkpt>
			<trkpt lat="63.743309" lon="-148.912903">
				<ele>473.886841</ele>
				<time>2026-06-18T01:52:32Z</time>
			</trkpt>
			<trkpt lat="63.743267" lon="-148.912903">
				<ele>474.624054</ele>
				<time>2026-06-18T01:52:35Z</time>
			</trkpt>
			<trkpt lat="63.743217" lon="-148.912888">
				<ele>472.096222</ele>
				<time>2026-06-18T01:52:39Z</time>
			</trkpt>
			<trkpt lat="63.743172" lon="-148.912857">
				<ele>471.112366</ele>
				<time>2026-06-18T01:52:43Z</time>
			</trkpt>
			<trkpt lat="63.743172" lon="-148.912857">
				<ele>471.112366</ele>
				<time>2026-06-18T01:52:43Z</time>
			</trkpt>
			<trkpt lat="63.743122" lon="-148.912811">
				<ele>471.256622</ele>
				<time>2026-06-18T01:52:47Z</time>
			</trkpt>
			<trkpt lat="63.743076" lon="-148.912766">
				<ele>470.739624</ele>
				<time>2026-06-18T01:52:51Z</time>
			</trkpt>
			<trkpt lat="63.743031" lon="-148.912735">
				<ele>470.664459</ele>
				<time>2026-06-18T01:52:55Z</time>
			</trkpt>
			<trkpt lat="63.742977" lon="-148.91272">
				<ele>472.300323</ele>
				<time>2026-06-18T01:53:00Z</time>
			</trkpt>
			<trkpt lat="63.742931" lon="-148.912689">
				<ele>474.302277</ele>
				<time>2026-06-18T01:53:04Z</time>
			</trkpt>
			<trkpt lat="63.742931" lon="-148.912689">
				<ele>474.302277</ele>
				<time>2026-06-18T01:53:04Z</time>
			</trkpt>
			<trkpt lat="63.742916" lon="-148.912598">
				<ele>474.777344</ele>
				<time>2026-06-18T01:53:07Z</time>
			</trkpt>
			<trkpt lat="63.742893" lon="-148.912521">
				<ele>475.003174</ele>
				<time>2026-06-18T01:53:12Z</time>
			</trkpt>
			<trkpt lat="63.742867" lon="-148.91243">
				<ele>475.05249</ele>
				<time>2026-06-18T01:53:18Z</time>
			</trkpt>
			<trkpt lat="63.742847" lon="-148.912308">
				<ele>475.891144</ele>
				<time>2026-06-18T01:53:23Z</time>
			</trkpt>
			<trkpt lat="63.742847" lon="-148.912308">
				<ele>475.891144</ele>
				<time>2026-06-18T01:53:23Z</time>
			</trkpt>
			<trkpt lat="63.742813" lon="-148.912216">
				<ele>477.568237</ele>
				<time>2026-06-18T01:53:28Z</time>
			</trkpt>
			<trkpt lat="63.742809" lon="-148.912125">
				<ele>476.653412</ele>
				<time>2026-06-18T01:53:31Z</time>
			</trkpt>
			<trkpt lat="63.742771" lon="-148.912033">
				<ele>477.246216</ele>
				<time>2026-06-18T01:53:36Z</time>
			</trkpt>
			<trkpt lat="63.742737" lon="-148.911942">
				<ele>477.339233</ele>
				<time>2026-06-18T01:53:40Z</time>
			</trkpt>
			<trkpt lat="63.742699" lon="-148.91185">
				<ele>475.661804</ele>
				<time>2026-06-18T01:53:44Z</time>
			</trkpt>
			<trkpt lat="63.742699" lon="-148.91185">
				<ele>475.661804</ele>
				<time>2026-06-18T01:53:44Z</time>
			</trkpt>
			<trkpt lat="63.74268" lon="-148.911743">
				<ele>476.04184</ele>
				<time>2026-06-18T01:53:49Z</time>
			</trkpt>
			<trkpt lat="63.742645" lon="-148.911667">
				<ele>476.07019</ele>
				<time>2026-06-18T01:53:57Z</time>
			</trkpt>
			<trkpt lat="63.742599" lon="-148.911636">
				<ele>476.257111</ele>
				<time>2026-06-18T01:54:06Z</time>
			</trkpt>
			<trkpt lat="63.742599" lon="-148.911636">
				<ele>476.257111</ele>
				<time>2026-06-18T01:54:06Z</time>
			</trkpt>
			<trkpt lat="63.742554" lon="-148.911636">
				<ele>477.015839</ele>
				<time>2026-06-18T01:54:10Z</time>
			</trkpt>
			<trkpt lat="63.742519" lon="-148.91153">
				<ele>475.060425</ele>
				<time>2026-06-18T01:54:14Z</time>
			</trkpt>
			<trkpt lat="63.742455" lon="-148.911514">
				<ele>475.117523</ele>
				<time>2026-06-18T01:54:19Z</time>
			</trkpt>
			<trkpt lat="63.742413" lon="-148.911545">
				<ele>474.723755</ele>
				<time>2026-06-18T01:54:24Z</time>
			</trkpt>
			<trkpt lat="63.742371" lon="-148.911575">
				<ele>476.328918</ele>
				<time>2026-06-18T01:54:28Z</time>
			</trkpt>
			<trkpt lat="63.742371" lon="-148.911575">
				<ele>476.328918</ele>
				<time>2026-06-18T01:54:28Z</time>
			</trkpt>
			<trkpt lat="63.742317" lon="-148.911591">
				<ele>475.04071</ele>
				<time>2026-06-18T01:54:33Z</time>
			</trkpt>
			<trkpt lat="63.742268" lon="-148.911575">
				<ele>475.004822</ele>
				<time>2026-06-18T01:54:37Z</time>
			</trkpt>
			<trkpt lat="63.742226" lon="-148.911514">
				<ele>474.384125</ele>
				<time>2026-06-18T01:54:41Z</time>
			</trkpt>
			<trkpt lat="63.74218" lon="-148.91156">
				<ele>475.535461</ele>
				<time>2026-06-18T01:54:47Z</time>
			</trkpt>
			<trkpt lat="63.74218" lon="-148.91156">
				<ele>475.535461</ele>
				<time>2026-06-18T01:54:47Z</time>
			</trkpt>
			<trkpt lat="63.74213" lon="-148.911591">
				<ele>475.866699</ele>
				<time>2026-06-18T01:54:53Z</time>
			</trkpt>
			<trkpt lat="63.742088" lon="-148.911621">
				<ele>475.131775</ele>
				<time>2026-06-18T01:54:56Z</time>
			</trkpt>
			<trkpt lat="63.742035" lon="-148.911621">
				<ele>475.22226</ele>
				<time>2026-06-18T01:55:00Z</time>
			</trkpt>
			<trkpt lat="63.741993" lon="-148.911667">
				<ele>476.47934</ele>
				<time>2026-06-18T01:55:07Z</time>
			</trkpt>
			<trkpt lat="63.741993" lon="-148.911667">
				<ele>476.47934</ele>
				<time>2026-06-18T01:55:07Z</time>
			</trkpt>
			<trkpt lat="63.74194" lon="-148.911728">
				<ele>475.490204</ele>
				<time>2026-06-18T01:55:13Z</time>
			</trkpt>
			<trkpt lat="63.74192" lon="-148.911835">
				<ele>478.541138</ele>
				<time>2026-06-18T01:55:18Z</time>
			</trkpt>
			<trkpt lat="63.741882" lon="-148.911896">
				<ele>478.635315</ele>
				<time>2026-06-18T01:55:23Z</time>
			</trkpt>
			<trkpt lat="63.741825" lon="-148.91188">
				<ele>475.836212</ele>
				<time>2026-06-18T01:55:29Z</time>
			</trkpt>
			<trkpt lat="63.741825" lon="-148.91188">
				<ele>475.836212</ele>
				<time>2026-06-18T01:55:29Z</time>
			</trkpt>
			<trkpt lat="63.741783" lon="-148.911911">
				<ele>475.082642</ele>
				<time>2026-06-18T01:55:31Z</time>
			</trkpt>
			<trkpt lat="63.741734" lon="-148.911896">
				<ele>473.888916</ele>
				<time>2026-06-18T01:55:37Z</time>
			</trkpt>
			<trkpt lat="63.741699" lon="-148.911819">
				<ele>472.778381</ele>
				<time>2026-06-18T01:55:44Z</time>
			</trkpt>
			<trkpt lat="63.741653" lon="-148.911835">
				<ele>472.019287</ele>
				<time>2026-06-18T01:55:50Z</time>
			</trkpt>
			<trkpt lat="63.741653" lon="-148.911835">
				<ele>472.019287</ele>
				<time>2026-06-18T01:55:50Z</time>
			</trkpt>
			<trkpt lat="63.741608" lon="-148.91185">
				<ele>471.286652</ele>
				<time>2026-06-18T01:56:43Z</time>
			</trkpt>
			<trkpt lat="63.741608" lon="-148.91185">
				<ele>471.286652</ele>
				<time>2026-06-18T01:56:43Z</time>
			</trkpt>
			<trkpt lat="63.741577" lon="-148.911926">
				<ele>470.337708</ele>
				<time>2026-06-18T01:57:35Z</time>
			</trkpt>
			<trkpt lat="63.741577" lon="-148.911926">
				<ele>470.337708</ele>
				<time>2026-06-18T01:57:35Z</time>
			</trkpt>
			<trkpt lat="63.741562" lon="-148.912033">
				<ele>469.504822</ele>
				<time>2026-06-18T01:57:40Z</time>
			</trkpt>
			<trkpt lat="63.741539" lon="-148.912125">
				<ele>470.833069</ele>
				<time>2026-06-18T01:57:46Z</time>
			</trkpt>
			<trkpt lat="63.741493" lon="-148.912125">
				<ele>470.980865</ele>
				<time>2026-06-18T01:57:52Z</time>
			</trkpt>
			<trkpt lat="63.741447" lon="-148.912155">
				<ele>471.766479</ele>
				<time>2026-06-18T01:58:15Z</time>
			</trkpt>
			<trkpt lat="63.741447" lon="-148.912155">
				<ele>471.766479</ele>
				<time>2026-06-18T01:58:15Z</time>
			</trkpt>
			<trkpt lat="63.741417" lon="-148.912247">
				<ele>471.395294</ele>
				<time>2026-06-18T01:58:21Z</time>
			</trkpt>
			<trkpt lat="63.741364" lon="-148.912231">
				<ele>472.442657</ele>
				<time>2026-06-18T01:58:25Z</time>
			</trkpt>
			<trkpt lat="63.741322" lon="-148.912262">
				<ele>471.101929</ele>
				<time>2026-06-18T01:58:30Z</time>
			</trkpt>
			<trkpt lat="63.741272" lon="-148.912308">
				<ele>471.094666</ele>
				<time>2026-06-18T01:58:35Z</time>
			</trkpt>
			<trkpt lat="63.741272" lon="-148.912308">
				<ele>471.094666</ele>
				<time>2026-06-18T01:58:35Z</time>
			</trkpt>
			<trkpt lat="63.741234" lon="-148.912369">
				<ele>471.121674</ele>
				<time>2026-06-18T01:58:40Z</time>
			</trkpt>
			<trkpt lat="63.741188" lon="-148.912415">
				<ele>470.436707</ele>
				<time>2026-06-18T01:58:46Z</time>
			</trkpt>
			<trkpt lat="63.741154" lon="-148.912354">
				<ele>473.129364</ele>
				<time>2026-06-18T01:59:34Z</time>
			</trkpt>
			<trkpt lat="63.741154" lon="-148.912354">
				<ele>473.129364</ele>
				<time>2026-06-18T01:59:34Z</time>
			</trkpt>
			<trkpt lat="63.741108" lon="-148.912354">
				<ele>473.997925</ele>
				<time>2026-06-18T02:00:14Z</time>
			</trkpt>
			<trkpt lat="63.741062" lon="-148.912338">
				<ele>472.910309</ele>
				<time>2026-06-18T02:00:18Z</time>
			</trkpt>
			<trkpt lat="63.741024" lon="-148.912262">
				<ele>472.889771</ele>
				<time>2026-06-18T02:00:43Z</time>
			</trkpt>
			<trkpt lat="63.741024" lon="-148.912262">
				<ele>472.889771</ele>
				<time>2026-06-18T02:00:43Z</time>
			</trkpt>
			<trkpt lat="63.740982" lon="-148.912247">
				<ele>473.146576</ele>
				<time>2026-06-18T02:00:51Z</time>
			</trkpt>
			<trkpt lat="63.740925" lon="-148.912247">
				<ele>474.016846</ele>
				<time>2026-06-18T02:01:13Z</time>
			</trkpt>
			<trkpt lat="63.740925" lon="-148.912247">
				<ele>474.016846</ele>
				<time>2026-06-18T02:01:13Z</time>
			</trkpt>
			<trkpt lat="63.740883" lon="-148.912216">
				<ele>473.990204</ele>
				<time>2026-06-18T02:01:21Z</time>
			</trkpt>
			<trkpt lat="63.740845" lon="-148.912277">
				<ele>474.146881</ele>
				<time>2026-06-18T02:01:33Z</time>
			</trkpt>
			<trkpt lat="63.740795" lon="-148.912277">
				<ele>474.919037</ele>
				<time>2026-06-18T02:01:38Z</time>
			</trkpt>
			<trkpt lat="63.740795" lon="-148.912277">
				<ele>474.919037</ele>
				<time>2026-06-18T02:01:38Z</time>
			</trkpt>
			<trkpt lat="63.740742" lon="-148.912292">
				<ele>475.258698</ele>
				<time>2026-06-18T02:01:45Z</time>
			</trkpt>
			<trkpt lat="63.740692" lon="-148.912323">
				<ele>475.498779</ele>
				<time>2026-06-18T02:01:51Z</time>
			</trkpt>
			<trkpt lat="63.740639" lon="-148.912354">
				<ele>474.982727</ele>
				<time>2026-06-18T02:01:58Z</time>
			</trkpt>
			<trkpt lat="63.740639" lon="-148.912354">
				<ele>474.982727</ele>
				<time>2026-06-18T02:01:58Z</time>
			</trkpt>
			<trkpt lat="63.740597" lon="-148.912369">
				<ele>475.055328</ele>
				<time>2026-06-18T02:02:05Z</time>
			</trkpt>
			<trkpt lat="63.740555" lon="-148.912399">
				<ele>475.527679</ele>
				<time>2026-06-18T02:02:13Z</time>
			</trkpt>
			<trkpt lat="63.740505" lon="-148.912445">
				<ele>477.17926</ele>
				<time>2026-06-18T02:02:19Z</time>
			</trkpt>
			<trkpt lat="63.740505" lon="-148.912445">
				<ele>477.17926</ele>
				<time>2026-06-18T02:02:19Z</time>
			</trkpt>
			<trkpt lat="63.740463" lon="-148.912491">
				<ele>477.326324</ele>
				<time>2026-06-18T02:02:24Z</time>
			</trkpt>
			<trkpt lat="63.740414" lon="-148.912521">
				<ele>477.668427</ele>
				<time>2026-06-18T02:02:28Z</time>
			</trkpt>
			<trkpt lat="63.740368" lon="-148.912521">
				<ele>476.555267</ele>
				<time>2026-06-18T02:02:33Z</time>
			</trkpt>
			<trkpt lat="63.740322" lon="-148.912567">
				<ele>476.575836</ele>
				<time>2026-06-18T02:02:38Z</time>
			</trkpt>
			<trkpt lat="63.740322" lon="-148.912567">
				<ele>476.575836</ele>
				<time>2026-06-18T02:02:38Z</time>
			</trkpt>
			<trkpt lat="63.740273" lon="-148.912537">
				<ele>475.241302</ele>
				<time>2026-06-18T02:02:43Z</time>
			</trkpt>
			<trkpt lat="63.740231" lon="-148.91246">
				<ele>471.721649</ele>
				<time>2026-06-18T02:02:48Z</time>
			</trkpt>
			<trkpt lat="63.740204" lon="-148.912384">
				<ele>469.367096</ele>
				<time>2026-06-18T02:02:54Z</time>
			</trkpt>
			<trkpt lat="63.740162" lon="-148.91243">
				<ele>471.575317</ele>
				<time>2026-06-18T02:04:58Z</time>
			</trkpt>
			<trkpt lat="63.740162" lon="-148.91243">
				<ele>471.575317</ele>
				<time>2026-06-18T02:04:58Z</time>
			</trkpt>
			<trkpt lat="63.740128" lon="-148.912491">
				<ele>472.466949</ele>
				<time>2026-06-18T02:05:04Z</time>
			</trkpt>
			<trkpt lat="63.740074" lon="-148.912491">
				<ele>471.836151</ele>
				<time>2026-06-18T02:05:08Z</time>
			</trkpt>
			<trkpt lat="63.740025" lon="-148.912521">
				<ele>472.633179</ele>
				<time>2026-06-18T02:05:13Z</time>
			</trkpt>
			<trkpt lat="63.739971" lon="-148.912491">
				<ele>471.591553</ele>
				<time>2026-06-18T02:05:17Z</time>
			</trkpt>
			<trkpt lat="63.739971" lon="-148.912491">
				<ele>471.591553</ele>
				<time>2026-06-18T02:05:17Z</time>
			</trkpt>
			<trkpt lat="63.739918" lon="-148.912476">
				<ele>472.13385</ele>
				<time>2026-06-18T02:05:22Z</time>
			</trkpt>
			<trkpt lat="63.739876" lon="-148.912415">
				<ele>471.732422</ele>
				<time>2026-06-18T02:05:27Z</time>
			</trkpt>
			<trkpt lat="63.739845" lon="-148.912338">
				<ele>471.966736</ele>
				<time>2026-06-18T02:05:32Z</time>
			</trkpt>
			<trkpt lat="63.739819" lon="-148.912231">
				<ele>472.482941</ele>
				<time>2026-06-18T02:05:36Z</time>
			</trkpt>
			<trkpt lat="63.739819" lon="-148.912231">
				<ele>472.482941</ele>
				<time>2026-06-18T02:05:36Z</time>
			</trkpt>
			<trkpt lat="63.739819" lon="-148.912109">
				<ele>474.024261</ele>
				<time>2026-06-18T02:05:40Z</time>
			</trkpt>
			<trkpt lat="63.739834" lon="-148.912018">
				<ele>475.504059</ele>
				<time>2026-06-18T02:05:43Z</time>
			</trkpt>
			<trkpt lat="63.739861" lon="-148.911926">
				<ele>478.347931</ele>
				<time>2026-06-18T02:05:47Z</time>
			</trkpt>
			<trkpt lat="63.739876" lon="-148.911804">
				<ele>477.063782</ele>
				<time>2026-06-18T02:05:51Z</time>
			</trkpt>
			<trkpt lat="63.739895" lon="-148.911697">
				<ele>476.76828</ele>
				<time>2026-06-18T02:05:55Z</time>
			</trkpt>
			<trkpt lat="63.739895" lon="-148.911697">
				<ele>476.76828</ele>
				<time>2026-06-18T02:05:55Z</time>
			</trkpt>
			<trkpt lat="63.739933" lon="-148.911636">
				<ele>477.13324</ele>
				<time>2026-06-18T02:05:59Z</time>
			</trkpt>
			<trkpt lat="63.739948" lon="-148.91153">
				<ele>477.092377</ele>
				<time>2026-06-18T02:06:03Z</time>
			</trkpt>
			<trkpt lat="63.739983" lon="-148.911469">
				<ele>477.025177</ele>
				<time>2026-06-18T02:06:07Z</time>
			</trkpt>
			<trkpt lat="63.739983" lon="-148.911362">
				<ele>478.708344</ele>
				<time>2026-06-18T02:06:11Z</time>
			</trkpt>
			<trkpt lat="63.739994" lon="-148.911255">
				<ele>476.681091</ele>
				<time>2026-06-18T02:06:15Z</time>
			</trkpt>
			<trkpt lat="63.739994" lon="-148.911255">
				<ele>476.681091</ele>
				<time>2026-06-18T02:06:15Z</time>
			</trkpt>
			<trkpt lat="63.739994" lon="-148.911133">
				<ele>475.583252</ele>
				<time>2026-06-18T02:06:19Z</time>
			</trkpt>
			<trkpt lat="63.740032" lon="-148.911057">
				<ele>476.883606</ele>
				<time>2026-06-18T02:06:23Z</time>
			</trkpt>
			<trkpt lat="63.740017" lon="-148.910965">
				<ele>480.271545</ele>
				<time>2026-06-18T02:06:28Z</time>
			</trkpt>
			<trkpt lat="63.739986" lon="-148.910889">
				<ele>477.795105</ele>
				<time>2026-06-18T02:06:31Z</time>
			</trkpt>
			<trkpt lat="63.739956" lon="-148.910797">
				<ele>477.383636</ele>
				<time>2026-06-18T02:06:35Z</time>
			</trkpt>
			<trkpt lat="63.739956" lon="-148.910797">
				<ele>477.383636</ele>
				<time>2026-06-18T02:06:35Z</time>
			</trkpt>
			<trkpt lat="63.739937" lon="-148.910706">
				<ele>476.335205</ele>
				<time>2026-06-18T02:06:39Z</time>
			</trkpt>
			<trkpt lat="63.739902" lon="-148.910645">
				<ele>475.390381</ele>
				<time>2026-06-18T02:06:44Z</time>
			</trkpt>
			<trkpt lat="63.739872" lon="-148.910553">
				<ele>474.736816</ele>
				<time>2026-06-18T02:06:50Z</time>
			</trkpt>
			<trkpt lat="63.739841" lon="-148.910461">
				<ele>474.497345</ele>
				<time>2026-06-18T02:06:56Z</time>
			</trkpt>
			<trkpt lat="63.739841" lon="-148.910461">
				<ele>474.497345</ele>
				<time>2026-06-18T02:06:56Z</time>
			</trkpt>
			<trkpt lat="63.739811" lon="-148.91037">
				<ele>475.641937</ele>
				<time>2026-06-18T02:06:59Z</time>
			</trkpt>
			<trkpt lat="63.739807" lon="-148.910233">
				<ele>474.851257</ele>
				<time>2026-06-18T02:07:02Z</time>
			</trkpt>
			<trkpt lat="63.739792" lon="-148.91011">
				<ele>474.930054</ele>
				<time>2026-06-18T02:07:06Z</time>
			</trkpt>
			<trkpt lat="63.739815" lon="-148.910019">
				<ele>476.183472</ele>
				<time>2026-06-18T02:07:10Z</time>
			</trkpt>
			<trkpt lat="63.739853" lon="-148.909958">
				<ele>475.688293</ele>
				<time>2026-06-18T02:07:14Z</time>
			</trkpt>
			<trkpt lat="63.739883" lon="-148.909882">
				<ele>475.387634</ele>
				<time>2026-06-18T02:07:19Z</time>
			</trkpt>
			<trkpt lat="63.739883" lon="-148.909882">
				<ele>475.387634</ele>
				<time>2026-06-18T02:07:19Z</time>
			</trkpt>
			<trkpt lat="63.739902" lon="-148.909775">
				<ele>475.930145</ele>
				<time>2026-06-18T02:07:23Z</time>
			</trkpt>
			<trkpt lat="63.739948" lon="-148.909714">
				<ele>475.798218</ele>
				<time>2026-06-18T02:07:27Z</time>
			</trkpt>
			<trkpt lat="63.739986" lon="-148.909637">
				<ele>474.805145</ele>
				<time>2026-06-18T02:07:30Z</time>
			</trkpt>
			<trkpt lat="63.740028" lon="-148.909576">
				<ele>474.766022</ele>
				<time>2026-06-18T02:07:34Z</time>
			</trkpt>
			<trkpt lat="63.740074" lon="-148.909546">
				<ele>475.505341</ele>
				<time>2026-06-18T02:07:38Z</time>
			</trkpt>
			<trkpt lat="63.740074" lon="-148.909546">
				<ele>475.505341</ele>
				<time>2026-06-18T02:07:38Z</time>
			</trkpt>
			<trkpt lat="63.740108" lon="-148.909485">
				<ele>475.873291</ele>
				<time>2026-06-18T02:07:41Z</time>
			</trkpt>
			<trkpt lat="63.740139" lon="-148.909393">
				<ele>476.704834</ele>
				<time>2026-06-18T02:07:45Z</time>
			</trkpt>
			<trkpt lat="63.740177" lon="-148.909332">
				<ele>478.278259</ele>
				<time>2026-06-18T02:07:49Z</time>
			</trkpt>
			<trkpt lat="63.740219" lon="-148.909302">
				<ele>479.339203</ele>
				<time>2026-06-18T02:07:53Z</time>
			</trkpt>
			<trkpt lat="63.740273" lon="-148.909271">
				<ele>478.885468</ele>
				<time>2026-06-18T02:07:57Z</time>
			</trkpt>
			<trkpt lat="63.740273" lon="-148.909271">
				<ele>478.885468</ele>
				<time>2026-06-18T02:07:57Z</time>
			</trkpt>
			<trkpt lat="63.740318" lon="-148.909225">
				<ele>478.805969</ele>
				<time>2026-06-18T02:08:01Z</time>
			</trkpt>
			<trkpt lat="63.740368" lon="-148.909195">
				<ele>478.508575</ele>
				<time>2026-06-18T02:08:05Z</time>
			</trkpt>
			<trkpt lat="63.740417" lon="-148.909225">
				<ele>480.182404</ele>
				<time>2026-06-18T02:08:09Z</time>
			</trkpt>
			<trkpt lat="63.740452" lon="-148.909302">
				<ele>480.937225</ele>
				<time>2026-06-18T02:08:12Z</time>
			</trkpt>
			<trkpt lat="63.74049" lon="-148.909241">
				<ele>479.839355</ele>
				<time>2026-06-18T02:08:16Z</time>
			</trkpt>
			<trkpt lat="63.74049" lon="-148.909241">
				<ele>479.839355</ele>
				<time>2026-06-18T02:08:16Z</time>
			</trkpt>
			<trkpt lat="63.740494" lon="-148.909149">
				<ele>478.208832</ele>
				<time>2026-06-18T02:08:20Z</time>
			</trkpt>
			<trkpt lat="63.740479" lon="-148.909042">
				<ele>475.364166</ele>
				<time>2026-06-18T02:08:26Z</time>
			</trkpt>
			<trkpt lat="63.740486" lon="-148.908936">
				<ele>474.105469</ele>
				<time>2026-06-18T02:08:31Z</time>
			</trkpt>
			<trkpt lat="63.740509" lon="-148.908829">
				<ele>473.562012</ele>
				<time>2026-06-18T02:08:35Z</time>
			</trkpt>
			<trkpt lat="63.740509" lon="-148.908829">
				<ele>473.562012</ele>
				<time>2026-06-18T02:08:35Z</time>
			</trkpt>
			<trkpt lat="63.740509" lon="-148.908722">
				<ele>474.174683</ele>
				<time>2026-06-18T02:08:41Z</time>
			</trkpt>
			<trkpt lat="63.740513" lon="-148.9086">
				<ele>473.817719</ele>
				<time>2026-06-18T02:08:45Z</time>
			</trkpt>
			<trkpt lat="63.740486" lon="-148.908493">
				<ele>473.240967</ele>
				<time>2026-06-18T02:08:50Z</time>
			</trkpt>
			<trkpt lat="63.740463" lon="-148.908386">
				<ele>473.947662</ele>
				<time>2026-06-18T02:08:56Z</time>
			</trkpt>
			<trkpt lat="63.740463" lon="-148.908386">
				<ele>473.947662</ele>
				<time>2026-06-18T02:08:56Z</time>
			</trkpt>
			<trkpt lat="63.74044" lon="-148.908279">
				<ele>473.990448</ele>
				<time>2026-06-18T02:09:00Z</time>
			</trkpt>
			<trkpt lat="63.740437" lon="-148.908173">
				<ele>473.77536</ele>
				<time>2026-06-18T02:09:03Z</time>
			</trkpt>
			<trkpt lat="63.740429" lon="-148.908066">
				<ele>474.38739</ele>
				<time>2026-06-18T02:09:06Z</time>
			</trkpt>
			<trkpt lat="63.74044" lon="-148.907944">
				<ele>474.060944</ele>
				<time>2026-06-18T02:09:10Z</time>
			</trkpt>
			<trkpt lat="63.740471" lon="-148.907852">
				<ele>472.884186</ele>
				<time>2026-06-18T02:09:14Z</time>
			</trkpt>
			<trkpt lat="63.740498" lon="-148.907776">
				<ele>472.67926</ele>
				<time>2026-06-18T02:09:18Z</time>
			</trkpt>
			<trkpt lat="63.740498" lon="-148.907776">
				<ele>472.67926</ele>
				<time>2026-06-18T02:09:18Z</time>
			</trkpt>
			<trkpt lat="63.740505" lon="-148.907669">
				<ele>474.093567</ele>
				<time>2026-06-18T02:09:23Z</time>
			</trkpt>
			<trkpt lat="63.74052" lon="-148.907578">
				<ele>473.454376</ele>
				<time>2026-06-18T02:09:26Z</time>
			</trkpt>
			<trkpt lat="63.740532" lon="-148.907471">
				<ele>472.472656</ele>
				<time>2026-06-18T02:09:30Z</time>
			</trkpt>
			<trkpt lat="63.740528" lon="-148.907379">
				<ele>474.105103</ele>
				<time>2026-06-18T02:09:34Z</time>
			</trkpt>
			<trkpt lat="63.74052" lon="-148.907257">
				<ele>473.917358</ele>
				<time>2026-06-18T02:09:37Z</time>
			</trkpt>
			<trkpt lat="63.74052" lon="-148.907257">
				<ele>473.917358</ele>
				<time>2026-06-18T02:09:37Z</time>
			</trkpt>
			<trkpt lat="63.740524" lon="-148.907135">
				<ele>474.165131</ele>
				<time>2026-06-18T02:09:41Z</time>
			</trkpt>
			<trkpt lat="63.740532" lon="-148.907043">
				<ele>475.599274</ele>
				<time>2026-06-18T02:09:45Z</time>
			</trkpt>
			<trkpt lat="63.740501" lon="-148.907135">
				<ele>478.748291</ele>
				<time>2026-06-18T02:09:51Z</time>
			</trkpt>
			<trkpt lat="63.740452" lon="-148.907135">
				<ele>481.60849</ele>
				<time>2026-06-18T02:10:00Z</time>
			</trkpt>
			<trkpt lat="63.740452" lon="-148.907135">
				<ele>481.60849</ele>
				<time>2026-06-18T02:10:00Z</time>
			</trkpt>
			<trkpt lat="63.74041" lon="-148.907181">
				<ele>482.318176</ele>
				<time>2026-06-18T02:10:06Z</time>
			</trkpt>
			<trkpt lat="63.740364" lon="-148.907181">
				<ele>483.199677</ele>
				<time>2026-06-18T02:10:10Z</time>
			</trkpt>
			<trkpt lat="63.740318" lon="-148.907211">
				<ele>483.673218</ele>
				<time>2026-06-18T02:10:14Z</time>
			</trkpt>
			<trkpt lat="63.740265" lon="-148.907227">
				<ele>485.456879</ele>
				<time>2026-06-18T02:10:19Z</time>
			</trkpt>
			<trkpt lat="63.740265" lon="-148.907227">
				<ele>485.456879</ele>
				<time>2026-06-18T02:10:19Z</time>
			</trkpt>
			<trkpt lat="63.740223" lon="-148.907227">
				<ele>484.762054</ele>
				<time>2026-06-18T02:10:22Z</time>
			</trkpt>
			<trkpt lat="63.740166" lon="-148.907242">
				<ele>484.894135</ele>
				<time>2026-06-18T02:10:27Z</time>
			</trkpt>
			<trkpt lat="63.740112" lon="-148.907257">
				<ele>484.368073</ele>
				<time>2026-06-18T02:10:31Z</time>
			</trkpt>
			<trkpt lat="63.740067" lon="-148.907272">
				<ele>486.072845</ele>
				<time>2026-06-18T02:10:35Z</time>
			</trkpt>
			<trkpt lat="63.740021" lon="-148.907303">
				<ele>485.857819</ele>
				<time>2026-06-18T02:10:39Z</time>
			</trkpt>
			<trkpt lat="63.740021" lon="-148.907303">
				<ele>485.857819</ele>
				<time>2026-06-18T02:10:39Z</time>
			</trkpt>
			<trkpt lat="63.739983" lon="-148.907227">
				<ele>485.720032</ele>
				<time>2026-06-18T02:10:42Z</time>
			</trkpt>
			<trkpt lat="63.739937" lon="-148.907211">
				<ele>485.289307</ele>
				<time>2026-06-18T02:10:45Z</time>
			</trkpt>
			<trkpt lat="63.739891" lon="-148.907166">
				<ele>486.870392</ele>
				<time>2026-06-18T02:10:49Z</time>
			</trkpt>
			<trkpt lat="63.739845" lon="-148.907135">
				<ele>487.479279</ele>
				<time>2026-06-18T02:10:53Z</time>
			</trkpt>
			<trkpt lat="63.739807" lon="-148.907104">
				<ele>487.519714</ele>
				<time>2026-06-18T02:10:57Z</time>
			</trkpt>
			<trkpt lat="63.739758" lon="-148.907074">
				<ele>487.903015</ele>
				<time>2026-06-18T02:11:02Z</time>
			</trkpt>
			<trkpt lat="63.739758" lon="-148.907074">
				<ele>487.903015</ele>
				<time>2026-06-18T02:11:02Z</time>
			</trkpt>
			<trkpt lat="63.739674" lon="-148.907135">
				<ele>489.24292</ele>
				<time>2026-06-18T02:11:09Z</time>
			</trkpt>
			<trkpt lat="63.739628" lon="-148.90715">
				<ele>489.475372</ele>
				<time>2026-06-18T02:11:13Z</time>
			</trkpt>
			<trkpt lat="63.739582" lon="-148.907181">
				<ele>490.312683</ele>
				<time>2026-06-18T02:11:17Z</time>
			</trkpt>
			<trkpt lat="63.73954" lon="-148.907211">
				<ele>489.889984</ele>
				<time>2026-06-18T02:11:21Z</time>
			</trkpt>
			<trkpt lat="63.73954" lon="-148.907211">
				<ele>489.889984</ele>
				<time>2026-06-18T02:11:21Z</time>
			</trkpt>
			<trkpt lat="63.739502" lon="-148.907288">
				<ele>491.08493</ele>
				<time>2026-06-18T02:11:25Z</time>
			</trkpt>
			<trkpt lat="63.739464" lon="-148.907333">
				<ele>492.014435</ele>
				<time>2026-06-18T02:11:30Z</time>
			</trkpt>
			<trkpt lat="63.739418" lon="-148.907379">
				<ele>491.055481</ele>
				<time>2026-06-18T02:11:35Z</time>
			</trkpt>
			<trkpt lat="63.739433" lon="-148.907471">
				<ele>493.152374</ele>
				<time>2026-06-18T02:11:42Z</time>
			</trkpt>
			<trkpt lat="63.739433" lon="-148.907471">
				<ele>493.152374</ele>
				<time>2026-06-18T02:11:42Z</time>
			</trkpt>
			<trkpt lat="63.73946" lon="-148.907578">
				<ele>494.807922</ele>
				<time>2026-06-18T02:11:48Z</time>
			</trkpt>
			<trkpt lat="63.739475" lon="-148.9077">
				<ele>496.497864</ele>
				<time>2026-06-18T02:11:58Z</time>
			</trkpt>
			<trkpt lat="63.739475" lon="-148.907791">
				<ele>495.80191</ele>
				<time>2026-06-18T02:12:05Z</time>
			</trkpt>
			<trkpt lat="63.739475" lon="-148.907791">
				<ele>495.80191</ele>
				<time>2026-06-18T02:12:05Z</time>
			</trkpt>
			<trkpt lat="63.739468" lon="-148.907913">
				<ele>497.798706</ele>
				<time>2026-06-18T02:12:10Z</time>
			</trkpt>
			<trkpt lat="63.739452" lon="-148.908035">
				<ele>498.868103</ele>
				<time>2026-06-18T02:12:15Z</time>
			</trkpt>
			<trkpt lat="63.739449" lon="-148.908157">
				<ele>499.255737</ele>
				<time>2026-06-18T02:12:20Z</time>
			</trkpt>
			<trkpt lat="63.739437" lon="-148.908264">
				<ele>500.365784</ele>
				<time>2026-06-18T02:12:24Z</time>
			</trkpt>
			<trkpt lat="63.739437" lon="-148.908264">
				<ele>500.365784</ele>
				<time>2026-06-18T02:12:24Z</time>
			</trkpt>
			<trkpt lat="63.73941" lon="-148.908356">
				<ele>501.358368</ele>
				<time>2026-06-18T02:12:28Z</time>
			</trkpt>
			<trkpt lat="63.739361" lon="-148.908401">
				<ele>503.418365</ele>
				<time>2026-06-18T02:12:33Z</time>
			</trkpt>
			<trkpt lat="63.739319" lon="-148.908432">
				<ele>504.631378</ele>
				<time>2026-06-18T02:12:37Z</time>
			</trkpt>
			<trkpt lat="63.739265" lon="-148.908493">
				<ele>504.942871</ele>
				<time>2026-06-18T02:12:41Z</time>
			</trkpt>
			<trkpt lat="63.739223" lon="-148.908524">
				<ele>506.782928</ele>
				<time>2026-06-18T02:12:45Z</time>
			</trkpt>
			<trkpt lat="63.739223" lon="-148.908524">
				<ele>506.782928</ele>
				<time>2026-06-18T02:12:45Z</time>
			</trkpt>
			<trkpt lat="63.73917" lon="-148.908539">
				<ele>507.360931</ele>
				<time>2026-06-18T02:12:49Z</time>
			</trkpt>
			<trkpt lat="63.739079" lon="-148.908615">
				<ele>509.819702</ele>
				<time>2026-06-18T02:12:57Z</time>
			</trkpt>
			<trkpt lat="63.739037" lon="-148.908661">
				<ele>509.769104</ele>
				<time>2026-06-18T02:13:01Z</time>
			</trkpt>
			<trkpt lat="63.738995" lon="-148.908691">
				<ele>510.902588</ele>
				<time>2026-06-18T02:13:05Z</time>
			</trkpt>
			<trkpt lat="63.738995" lon="-148.908691">
				<ele>510.902588</ele>
				<time>2026-06-18T02:13:05Z</time>
			</trkpt>
			<trkpt lat="63.73896" lon="-148.908752">
				<ele>510.152588</ele>
				<time>2026-06-18T02:13:09Z</time>
			</trkpt>
			<trkpt lat="63.738964" lon="-148.908859">
				<ele>511.324799</ele>
				<time>2026-06-18T02:13:15Z</time>
			</trkpt>
			<trkpt lat="63.738953" lon="-148.908966">
				<ele>510.617249</ele>
				<time>2026-06-18T02:13:21Z</time>
			</trkpt>
			<trkpt lat="63.738953" lon="-148.909073">
				<ele>512.604309</ele>
				<time>2026-06-18T02:13:25Z</time>
			</trkpt>
			<trkpt lat="63.738953" lon="-148.909073">
				<ele>512.604309</ele>
				<time>2026-06-18T02:13:25Z</time>
			</trkpt>
			<trkpt lat="63.738934" lon="-148.90918">
				<ele>514.175598</ele>
				<time>2026-06-18T02:13:29Z</time>
			</trkpt>
			<trkpt lat="63.738903" lon="-148.909256">
				<ele>513.411011</ele>
				<time>2026-06-18T02:13:32Z</time>
			</trkpt>
			<trkpt lat="63.738873" lon="-148.909348">
				<ele>513.790405</ele>
				<time>2026-06-18T02:13:36Z</time>
			</trkpt>
			<trkpt lat="63.738842" lon="-148.909454">
				<ele>516.272522</ele>
				<time>2026-06-18T02:13:41Z</time>
			</trkpt>
			<trkpt lat="63.738804" lon="-148.909531">
				<ele>516.876038</ele>
				<time>2026-06-18T02:13:44Z</time>
			</trkpt>
			<trkpt lat="63.738804" lon="-148.909531">
				<ele>516.876038</ele>
				<time>2026-06-18T02:13:44Z</time>
			</trkpt>
			<trkpt lat="63.738781" lon="-148.909607">
				<ele>517.049438</ele>
				<time>2026-06-18T02:13:50Z</time>
			</trkpt>
			<trkpt lat="63.738777" lon="-148.909714">
				<ele>518.349243</ele>
				<time>2026-06-18T02:13:55Z</time>
			</trkpt>
			<trkpt lat="63.738792" lon="-148.909836">
				<ele>518.803223</ele>
				<time>2026-06-18T02:14:03Z</time>
			</trkpt>
			<trkpt lat="63.738792" lon="-148.909836">
				<ele>518.803223</ele>
				<time>2026-06-18T02:14:03Z</time>
			</trkpt>
			<trkpt lat="63.738792" lon="-148.909958">
				<ele>520.968384</ele>
				<time>2026-06-18T02:14:09Z</time>
			</trkpt>
			<trkpt lat="63.7388" lon="-148.910049">
				<ele>521.401672</ele>
				<time>2026-06-18T02:14:16Z</time>
			</trkpt>
			<trkpt lat="63.738781" lon="-148.910156">
				<ele>521.911499</ele>
				<time>2026-06-18T02:14:20Z</time>
			</trkpt>
			<trkpt lat="63.738777" lon="-148.910248">
				<ele>524.037964</ele>
				<time>2026-06-18T02:14:24Z</time>
			</trkpt>
			<trkpt lat="63.738777" lon="-148.910248">
				<ele>524.037964</ele>
				<time>2026-06-18T02:14:24Z</time>
			</trkpt>
			<trkpt lat="63.738758" lon="-148.910355">
				<ele>524.35498</ele>
				<time>2026-06-18T02:14:28Z</time>
			</trkpt>
			<trkpt lat="63.738728" lon="-148.910553">
				<ele>526.02063</ele>
				<time>2026-06-18T02:14:36Z</time>
			</trkpt>
			<trkpt lat="63.738716" lon="-148.91066">
				<ele>526.570862</ele>
				<time>2026-06-18T02:14:42Z</time>
			</trkpt>
			<trkpt lat="63.738708" lon="-148.910767">
				<ele>525.061829</ele>
				<time>2026-06-18T02:14:47Z</time>
			</trkpt>
			<trkpt lat="63.738708" lon="-148.910767">
				<ele>525.061829</ele>
				<time>2026-06-18T02:14:47Z</time>
			</trkpt>
			<trkpt lat="63.738705" lon="-148.910873">
				<ele>528.786011</ele>
				<time>2026-06-18T02:14:53Z</time>
			</trkpt>
			<trkpt lat="63.738712" lon="-148.911102">
				<ele>534.204956</ele>
				<time>2026-06-18T02:15:03Z</time>
			</trkpt>
			<trkpt lat="63.738708" lon="-148.911209">
				<ele>534.457642</ele>
				<time>2026-06-18T02:15:08Z</time>
			</trkpt>
			<trkpt lat="63.738708" lon="-148.911209">
				<ele>534.457642</ele>
				<time>2026-06-18T02:15:08Z</time>
			</trkpt>
			<trkpt lat="63.738705" lon="-148.911316">
				<ele>533.133301</ele>
				<time>2026-06-18T02:15:12Z</time>
			</trkpt>
			<trkpt lat="63.738708" lon="-148.911423">
				<ele>534.316467</ele>
				<time>2026-06-18T02:15:15Z</time>
			</trkpt>
			<trkpt lat="63.738754" lon="-148.911453">
				<ele>537.165588</ele>
				<time>2026-06-18T02:15:33Z</time>
			</trkpt>
			<trkpt lat="63.738754" lon="-148.911453">
				<ele>537.165588</ele>
				<time>2026-06-18T02:15:33Z</time>
			</trkpt>
			<trkpt lat="63.738754" lon="-148.911575">
				<ele>538.871155</ele>
				<time>2026-06-18T02:16:21Z</time>
			</trkpt>
			<trkpt lat="63.738754" lon="-148.911575">
				<ele>538.871155</ele>
				<time>2026-06-18T02:16:21Z</time>
			</trkpt>
			<trkpt lat="63.738754" lon="-148.911667">
				<ele>537.651306</ele>
				<time>2026-06-18T02:16:26Z</time>
			</trkpt>
			<trkpt lat="63.738766" lon="-148.911774">
				<ele>537.31897</ele>
				<time>2026-06-18T02:16:30Z</time>
			</trkpt>
			<trkpt lat="63.738777" lon="-148.911865">
				<ele>536.467407</ele>
				<time>2026-06-18T02:16:34Z</time>
			</trkpt>
			<trkpt lat="63.738804" lon="-148.911972">
				<ele>538.01355</ele>
				<time>2026-06-18T02:16:39Z</time>
			</trkpt>
			<trkpt lat="63.738827" lon="-148.912079">
				<ele>538.475098</ele>
				<time>2026-06-18T02:16:46Z</time>
			</trkpt>
			<trkpt lat="63.738827" lon="-148.912079">
				<ele>538.475098</ele>
				<time>2026-06-18T02:16:46Z</time>
			</trkpt>
			<trkpt lat="63.738823" lon="-148.91217">
				<ele>536.122803</ele>
				<time>2026-06-18T02:16:51Z</time>
			</trkpt>
			<trkpt lat="63.738819" lon="-148.912292">
				<ele>537.21875</ele>
				<time>2026-06-18T02:17:13Z</time>
			</trkpt>
			<trkpt lat="63.738819" lon="-148.912292">
				<ele>537.21875</ele>
				<time>2026-06-18T02:17:13Z</time>
			</trkpt>
			<trkpt lat="63.738804" lon="-148.912399">
				<ele>535.496277</ele>
				<time>2026-06-18T02:17:18Z</time>
			</trkpt>
			<trkpt lat="63.738785" lon="-148.912491">
				<ele>536.31012</ele>
				<time>2026-06-18T02:17:22Z</time>
			</trkpt>
			<trkpt lat="63.73877" lon="-148.912598">
				<ele>535.911255</ele>
				<time>2026-06-18T02:17:27Z</time>
			</trkpt>
			<trkpt lat="63.738739" lon="-148.912674">
				<ele>535.593201</ele>
				<time>2026-06-18T02:17:31Z</time>
			</trkpt>
			<trkpt lat="63.738724" lon="-148.912781">
				<ele>537.601379</ele>
				<time>2026-06-18T02:17:36Z</time>
			</trkpt>
			<trkpt lat="63.738724" lon="-148.912781">
				<ele>537.601379</ele>
				<time>2026-06-18T02:17:36Z</time>
			</trkpt>
			<trkpt lat="63.738701" lon="-148.912872">
				<ele>538.37439</ele>
				<time>2026-06-18T02:17:42Z</time>
			</trkpt>
			<trkpt lat="63.738689" lon="-148.912979">
				<ele>539.02533</ele>
				<time>2026-06-18T02:17:47Z</time>
			</trkpt>
			<trkpt lat="63.738678" lon="-148.913071">
				<ele>537.840332</ele>
				<time>2026-06-18T02:17:51Z</time>
			</trkpt>
			<trkpt lat="63.738682" lon="-148.913177">
				<ele>537.387329</ele>
				<time>2026-06-18T02:17:55Z</time>
			</trkpt>
			<trkpt lat="63.738682" lon="-148.913177">
				<ele>537.387329</ele>
				<time>2026-06-18T02:17:55Z</time>
			</trkpt>
			<trkpt lat="63.738682" lon="-148.913284">
				<ele>538.236328</ele>
				<time>2026-06-18T02:18:00Z</time>
			</trkpt>
			<trkpt lat="63.738689" lon="-148.913391">
				<ele>538.84967</ele>
				<time>2026-06-18T02:18:04Z</time>
			</trkpt>
			<trkpt lat="63.738682" lon="-148.913513">
				<ele>538.760864</ele>
				<time>2026-06-18T02:18:08Z</time>
			</trkpt>
			<trkpt lat="63.738693" lon="-148.91362">
				<ele>539.009827</ele>
				<time>2026-06-18T02:18:12Z</time>
			</trkpt>
			<trkpt lat="63.73867" lon="-148.913696">
				<ele>539.50769</ele>
				<time>2026-06-18T02:18:16Z</time>
			</trkpt>
			<trkpt lat="63.73867" lon="-148.913696">
				<ele>539.50769</ele>
				<time>2026-06-18T02:18:16Z</time>
			</trkpt>
			<trkpt lat="63.738655" lon="-148.913818">
				<ele>538.510803</ele>
				<time>2026-06-18T02:18:20Z</time>
			</trkpt>
			<trkpt lat="63.738651" lon="-148.913925">
				<ele>540.853149</ele>
				<time>2026-06-18T02:18:24Z</time>
			</trkpt>
			<trkpt lat="63.73864" lon="-148.914017">
				<ele>542.330627</ele>
				<time>2026-06-18T02:18:28Z</time>
			</trkpt>
			<trkpt lat="63.73859" lon="-148.914185">
				<ele>540.595337</ele>
				<time>2026-06-18T02:18:35Z</time>
			</trkpt>
			<trkpt lat="63.73859" lon="-148.914185">
				<ele>540.595337</ele>
				<time>2026-06-18T02:18:35Z</time>
			</trkpt>
			<trkpt lat="63.738564" lon="-148.914276">
				<ele>539.907227</ele>
				<time>2026-06-18T02:18:38Z</time>
			</trkpt>
			<trkpt lat="63.738544" lon="-148.914368">
				<ele>541.170593</ele>
				<time>2026-06-18T02:18:41Z</time>
			</trkpt>
			<trkpt lat="63.738525" lon="-148.914474">
				<ele>541.123352</ele>
				<time>2026-06-18T02:18:44Z</time>
			</trkpt>
			<trkpt lat="63.738491" lon="-148.914536">
				<ele>541.7547</ele>
				<time>2026-06-18T02:18:47Z</time>
			</trkpt>
			<trkpt lat="63.738445" lon="-148.914612">
				<ele>540.868469</ele>
				<time>2026-06-18T02:18:51Z</time>
			</trkpt>
			<trkpt lat="63.738407" lon="-148.914688">
				<ele>538.717529</ele>
				<time>2026-06-18T02:18:55Z</time>
			</trkpt>
			<trkpt lat="63.738407" lon="-148.914688">
				<ele>538.717529</ele>
				<time>2026-06-18T02:18:55Z</time>
			</trkpt>
			<trkpt lat="63.738377" lon="-148.914749">
				<ele>538.798645</ele>
				<time>2026-06-18T02:18:58Z</time>
			</trkpt>
			<trkpt lat="63.738327" lon="-148.914734">
				<ele>539.566772</ele>
				<time>2026-06-18T02:19:02Z</time>
			</trkpt>
			<trkpt lat="63.738281" lon="-148.914719">
				<ele>539.295044</ele>
				<time>2026-06-18T02:19:06Z</time>
			</trkpt>
			<trkpt lat="63.738232" lon="-148.914703">
				<ele>539.318726</ele>
				<time>2026-06-18T02:19:10Z</time>
			</trkpt>
			<trkpt lat="63.738182" lon="-148.914688">
				<ele>540.058289</ele>
				<time>2026-06-18T02:19:14Z</time>
			</trkpt>
			<trkpt lat="63.738182" lon="-148.914688">
				<ele>540.058289</ele>
				<time>2026-06-18T02:19:14Z</time>
			</trkpt>
			<trkpt lat="63.73814" lon="-148.914627">
				<ele>539.579956</ele>
				<time>2026-06-18T02:19:18Z</time>
			</trkpt>
			<trkpt lat="63.738121" lon="-148.914551">
				<ele>542.713501</ele>
				<time>2026-06-18T02:19:22Z</time>
			</trkpt>
			<trkpt lat="63.738071" lon="-148.914551">
				<ele>545.684875</ele>
				<time>2026-06-18T02:19:28Z</time>
			</trkpt>
			<trkpt lat="63.738022" lon="-148.914551">
				<ele>544.493652</ele>
				<time>2026-06-18T02:19:32Z</time>
			</trkpt>
			<trkpt lat="63.737972" lon="-148.914551">
				<ele>544.776367</ele>
				<time>2026-06-18T02:19:37Z</time>
			</trkpt>
			<trkpt lat="63.737972" lon="-148.914551">
				<ele>544.776367</ele>
				<time>2026-06-18T02:19:37Z</time>
			</trkpt>
			<trkpt lat="63.737926" lon="-148.914551">
				<ele>543.11145</ele>
				<time>2026-06-18T02:19:40Z</time>
			</trkpt>
			<trkpt lat="63.737877" lon="-148.914536">
				<ele>542.786011</ele>
				<time>2026-06-18T02:19:45Z</time>
			</trkpt>
			<trkpt lat="63.737835" lon="-148.914536">
				<ele>543.153076</ele>
				<time>2026-06-18T02:19:49Z</time>
			</trkpt>
			<trkpt lat="63.737789" lon="-148.914536">
				<ele>541.985291</ele>
				<time>2026-06-18T02:20:19Z</time>
			</trkpt>
			<trkpt lat="63.737789" lon="-148.914536">
				<ele>541.985291</ele>
				<time>2026-06-18T02:20:19Z</time>
			</trkpt>
			<trkpt lat="63.737736" lon="-148.914597">
				<ele>539.736938</ele>
				<time>2026-06-18T02:20:24Z</time>
			</trkpt>
			<trkpt lat="63.737694" lon="-148.914642">
				<ele>539.303223</ele>
				<time>2026-06-18T02:20:29Z</time>
			</trkpt>
			<trkpt lat="63.737648" lon="-148.914673">
				<ele>537.588684</ele>
				<time>2026-06-18T02:20:35Z</time>
			</trkpt>
			<trkpt lat="63.737598" lon="-148.914734">
				<ele>536.4375</ele>
				<time>2026-06-18T02:20:42Z</time>
			</trkpt>
			<trkpt lat="63.737598" lon="-148.914734">
				<ele>536.4375</ele>
				<time>2026-06-18T02:20:42Z</time>
			</trkpt>
			<trkpt lat="63.737587" lon="-148.914825">
				<ele>537.482117</ele>
				<time>2026-06-18T02:20:49Z</time>
			</trkpt>
			<trkpt lat="63.73756" lon="-148.914902">
				<ele>538.849976</ele>
				<time>2026-06-18T02:21:03Z</time>
			</trkpt>
			<trkpt lat="63.73756" lon="-148.914902">
				<ele>538.849976</ele>
				<time>2026-06-18T02:21:03Z</time>
			</trkpt>
			<trkpt lat="63.737522" lon="-148.914963">
				<ele>538.131287</ele>
				<time>2026-06-18T02:21:16Z</time>
			</trkpt>
			<trkpt lat="63.73748" lon="-148.914993">
				<ele>538.627563</ele>
				<time>2026-06-18T02:21:20Z</time>
			</trkpt>
			<trkpt lat="63.737438" lon="-148.915009">
				<ele>538.790161</ele>
				<time>2026-06-18T02:21:36Z</time>
			</trkpt>
			<trkpt lat="63.737438" lon="-148.915009">
				<ele>538.790161</ele>
				<time>2026-06-18T02:21:36Z</time>
			</trkpt>
			<trkpt lat="63.737389" lon="-148.915009">
				<ele>537.592773</ele>
				<time>2026-06-18T02:21:40Z</time>
			</trkpt>
			<trkpt lat="63.737293" lon="-148.914963">
				<ele>536.241943</ele>
				<time>2026-06-18T02:21:49Z</time>
			</trkpt>
			<trkpt lat="63.737251" lon="-148.914963">
				<ele>535.374268</ele>
				<time>2026-06-18T02:21:53Z</time>
			</trkpt>
			<trkpt lat="63.737202" lon="-148.914948">
				<ele>535.589111</ele>
				<time>2026-06-18T02:21:58Z</time>
			</trkpt>
			<trkpt lat="63.737202" lon="-148.914948">
				<ele>535.589111</ele>
				<time>2026-06-18T02:21:58Z</time>
			</trkpt>
			<trkpt lat="63.737156" lon="-148.914948">
				<ele>536.100708</ele>
				<time>2026-06-18T02:22:02Z</time>
			</trkpt>
			<trkpt lat="63.73711" lon="-148.914917">
				<ele>536.156555</ele>
				<time>2026-06-18T02:22:06Z</time>
			</trkpt>
			<trkpt lat="63.737064" lon="-148.914917">
				<ele>537.017517</ele>
				<time>2026-06-18T02:22:10Z</time>
			</trkpt>
			<trkpt lat="63.737019" lon="-148.914886">
				<ele>537.595276</ele>
				<time>2026-06-18T02:22:15Z</time>
			</trkpt>
			<trkpt lat="63.736965" lon="-148.914871">
				<ele>537.707703</ele>
				<time>2026-06-18T02:22:20Z</time>
			</trkpt>
			<trkpt lat="63.736965" lon="-148.914871">
				<ele>537.707703</ele>
				<time>2026-06-18T02:22:20Z</time>
			</trkpt>
			<trkpt lat="63.736916" lon="-148.914841">
				<ele>537.139587</ele>
				<time>2026-06-18T02:22:25Z</time>
			</trkpt>
			<trkpt lat="63.736866" lon="-148.914841">
				<ele>538.020996</ele>
				<time>2026-06-18T02:22:30Z</time>
			</trkpt>
			<trkpt lat="63.736816" lon="-148.914825">
				<ele>537.13385</ele>
				<time>2026-06-18T02:22:35Z</time>
			</trkpt>
			<trkpt lat="63.736786" lon="-148.914902">
				<ele>538.849121</ele>
				<time>2026-06-18T02:22:40Z</time>
			</trkpt>
			<trkpt lat="63.736786" lon="-148.914902">
				<ele>538.849121</ele>
				<time>2026-06-18T02:22:40Z</time>
			</trkpt>
			<trkpt lat="63.736774" lon="-148.915009">
				<ele>538.178772</ele>
				<time>2026-06-18T02:22:44Z</time>
			</trkpt>
			<trkpt lat="63.736755" lon="-148.9151">
				<ele>539.005798</ele>
				<time>2026-06-18T02:22:48Z</time>
			</trkpt>
			<trkpt lat="63.736721" lon="-148.915192">
				<ele>538.630127</ele>
				<time>2026-06-18T02:22:52Z</time>
			</trkpt>
			<trkpt lat="63.736702" lon="-148.915283">
				<ele>538.580505</ele>
				<time>2026-06-18T02:22:56Z</time>
			</trkpt>
			<trkpt lat="63.736668" lon="-148.915344">
				<ele>539.342041</ele>
				<time>2026-06-18T02:23:07Z</time>
			</trkpt>
			<trkpt lat="63.736668" lon="-148.915344">
				<ele>539.342041</ele>
				<time>2026-06-18T02:23:07Z</time>
			</trkpt>
			<trkpt lat="63.736618" lon="-148.915329">
				<ele>541.93689</ele>
				<time>2026-06-18T02:23:53Z</time>
			</trkpt>
			<trkpt lat="63.736618" lon="-148.915329">
				<ele>541.93689</ele>
				<time>2026-06-18T02:23:53Z</time>
			</trkpt>
			<trkpt lat="63.736568" lon="-148.915359">
				<ele>541.758789</ele>
				<time>2026-06-18T02:23:57Z</time>
			</trkpt>
			<trkpt lat="63.736546" lon="-148.915451">
				<ele>541.129578</ele>
				<time>2026-06-18T02:24:00Z</time>
			</trkpt>
			<trkpt lat="63.736458" lon="-148.915573">
				<ele>540.720032</ele>
				<time>2026-06-18T02:24:14Z</time>
			</trkpt>
			<trkpt lat="63.736458" lon="-148.915573">
				<ele>540.720032</ele>
				<time>2026-06-18T02:24:14Z</time>
			</trkpt>
			<trkpt lat="63.736416" lon="-148.915634">
				<ele>541.824524</ele>
				<time>2026-06-18T02:24:19Z</time>
			</trkpt>
			<trkpt lat="63.736378" lon="-148.915695">
				<ele>541.812561</ele>
				<time>2026-06-18T02:24:24Z</time>
			</trkpt>
			<trkpt lat="63.73634" lon="-148.915741">
				<ele>542.285278</ele>
				<time>2026-06-18T02:24:28Z</time>
			</trkpt>
			<trkpt lat="63.736305" lon="-148.915802">
				<ele>541.81012</ele>
				<time>2026-06-18T02:24:34Z</time>
			</trkpt>
			<trkpt lat="63.736305" lon="-148.915802">
				<ele>541.81012</ele>
				<time>2026-06-18T02:24:34Z</time>
			</trkpt>
			<trkpt lat="63.736267" lon="-148.915878">
				<ele>542.484497</ele>
				<time>2026-06-18T02:24:40Z</time>
			</trkpt>
			<trkpt lat="63.736225" lon="-148.915955">
				<ele>544.071228</ele>
				<time>2026-06-18T02:24:46Z</time>
			</trkpt>
			<trkpt lat="63.736183" lon="-148.916016">
				<ele>544.008667</ele>
				<time>2026-06-18T02:24:52Z</time>
			</trkpt>
			<trkpt lat="63.736149" lon="-148.916092">
				<ele>543.345886</ele>
				<time>2026-06-18T02:24:57Z</time>
			</trkpt>
			<trkpt lat="63.736149" lon="-148.916092">
				<ele>543.345886</ele>
				<time>2026-06-18T02:24:57Z</time>
			</trkpt>
			<trkpt lat="63.736111" lon="-148.916153">
				<ele>544.733215</ele>
				<time>2026-06-18T02:25:01Z</time>
			</trkpt>
			<trkpt lat="63.736073" lon="-148.916199">
				<ele>545.63855</ele>
				<time>2026-06-18T02:25:06Z</time>
			</trkpt>
			<trkpt lat="63.736031" lon="-148.916245">
				<ele>545.825989</ele>
				<time>2026-06-18T02:25:10Z</time>
			</trkpt>
			<trkpt lat="63.735981" lon="-148.916275">
				<ele>546.140564</ele>
				<time>2026-06-18T02:25:15Z</time>
			</trkpt>
			<trkpt lat="63.735935" lon="-148.916336">
				<ele>545.915466</ele>
				<time>2026-06-18T02:25:19Z</time>
			</trkpt>
			<trkpt lat="63.735935" lon="-148.916336">
				<ele>545.915466</ele>
				<time>2026-06-18T02:25:19Z</time>
			</trkpt>
			<trkpt lat="63.735893" lon="-148.916367">
				<ele>545.969421</ele>
				<time>2026-06-18T02:25:23Z</time>
			</trkpt>
			<trkpt lat="63.735851" lon="-148.916412">
				<ele>546.287476</ele>
				<time>2026-06-18T02:25:28Z</time>
			</trkpt>
			<trkpt lat="63.735802" lon="-148.916428">
				<ele>546.951172</ele>
				<time>2026-06-18T02:25:32Z</time>
			</trkpt>
			<trkpt lat="63.73576" lon="-148.916473">
				<ele>547.096252</ele>
				<time>2026-06-18T02:25:36Z</time>
			</trkpt>
			<trkpt lat="63.735718" lon="-148.916504">
				<ele>547.075867</ele>
				<time>2026-06-18T02:25:42Z</time>
			</trkpt>
			<trkpt lat="63.735718" lon="-148.916504">
				<ele>547.075867</ele>
				<time>2026-06-18T02:25:42Z</time>
			</trkpt>
			<trkpt lat="63.735664" lon="-148.916519">
				<ele>547.544312</ele>
				<time>2026-06-18T02:25:47Z</time>
			</trkpt>
			<trkpt lat="63.735611" lon="-148.916519">
				<ele>545.537903</ele>
				<time>2026-06-18T02:25:51Z</time>
			</trkpt>
			<trkpt lat="63.735561" lon="-148.916519">
				<ele>547.055664</ele>
				<time>2026-06-18T02:25:55Z</time>
			</trkpt>
			<trkpt lat="63.735512" lon="-148.916519">
				<ele>547.105774</ele>
				<time>2026-06-18T02:25:59Z</time>
			</trkpt>
			<trkpt lat="63.735474" lon="-148.91655">
				<ele>547.878601</ele>
				<time>2026-06-18T02:26:03Z</time>
			</trkpt>
			<trkpt lat="63.735474" lon="-148.91655">
				<ele>547.878601</ele>
				<time>2026-06-18T02:26:03Z</time>
			</trkpt>
			<trkpt lat="63.735424" lon="-148.91655">
				<ele>547.824158</ele>
				<time>2026-06-18T02:26:08Z</time>
			</trkpt>
			<trkpt lat="63.735378" lon="-148.91658">
				<ele>547.649658</ele>
				<time>2026-06-18T02:26:15Z</time>
			</trkpt>
			<trkpt lat="63.735332" lon="-148.91658">
				<ele>548.755432</ele>
				<time>2026-06-18T02:26:21Z</time>
			</trkpt>
			<trkpt lat="63.735291" lon="-148.916626">
				<ele>548.742554</ele>
				<time>2026-06-18T02:26:27Z</time>
			</trkpt>
			<trkpt lat="63.735291" lon="-148.916626">
				<ele>548.742554</ele>
				<time>2026-06-18T02:26:27Z</time>
			</trkpt>
			<trkpt lat="63.735241" lon="-148.916656">
				<ele>549.157776</ele>
				<time>2026-06-18T02:26:31Z</time>
			</trkpt>
			<trkpt lat="63.735203" lon="-148.916702">
				<ele>549.62738</ele>
				<time>2026-06-18T02:26:37Z</time>
			</trkpt>
			<trkpt lat="63.735172" lon="-148.916794">
				<ele>549.98999</ele>
				<time>2026-06-18T02:26:41Z</time>
			</trkpt>
			<trkpt lat="63.735153" lon="-148.916901">
				<ele>550.921875</ele>
				<time>2026-06-18T02:26:46Z</time>
			</trkpt>
			<trkpt lat="63.735153" lon="-148.916901">
				<ele>550.921875</ele>
				<time>2026-06-18T02:26:46Z</time>
			</trkpt>
			<trkpt lat="63.735138" lon="-148.917007">
				<ele>551.661438</ele>
				<time>2026-06-18T02:26:50Z</time>
			</trkpt>
			<trkpt lat="63.735119" lon="-148.917099">
				<ele>550.317505</ele>
				<time>2026-06-18T02:26:55Z</time>
			</trkpt>
			<trkpt lat="63.735085" lon="-148.917191">
				<ele>550.216309</ele>
				<time>2026-06-18T02:26:59Z</time>
			</trkpt>
			<trkpt lat="63.735065" lon="-148.917282">
				<ele>550.379883</ele>
				<time>2026-06-18T02:27:03Z</time>
			</trkpt>
			<trkpt lat="63.735016" lon="-148.917313">
				<ele>552.037292</ele>
				<time>2026-06-18T02:27:07Z</time>
			</trkpt>
			<trkpt lat="63.735016" lon="-148.917313">
				<ele>552.037292</ele>
				<time>2026-06-18T02:27:07Z</time>
			</trkpt>
			<trkpt lat="63.734924" lon="-148.917374">
				<ele>553.097473</ele>
				<time>2026-06-18T02:27:16Z</time>
			</trkpt>
			<trkpt lat="63.73484" lon="-148.917435">
				<ele>552.074524</ele>
				<time>2026-06-18T02:27:24Z</time>
			</trkpt>
			<trkpt lat="63.734798" lon="-148.91745">
				<ele>552.82019</ele>
				<time>2026-06-18T02:27:27Z</time>
			</trkpt>
			<trkpt lat="63.734798" lon="-148.91745">
				<ele>552.82019</ele>
				<time>2026-06-18T02:27:27Z</time>
			</trkpt>
			<trkpt lat="63.734749" lon="-148.917465">
				<ele>551.825867</ele>
				<time>2026-06-18T02:27:32Z</time>
			</trkpt>
			<trkpt lat="63.734707" lon="-148.917511">
				<ele>551.617737</ele>
				<time>2026-06-18T02:27:35Z</time>
			</trkpt>
			<trkpt lat="63.734665" lon="-148.917542">
				<ele>552.255127</ele>
				<time>2026-06-18T02:27:39Z</time>
			</trkpt>
			<trkpt lat="63.734615" lon="-148.917557">
				<ele>552.700989</ele>
				<time>2026-06-18T02:27:43Z</time>
			</trkpt>
			<trkpt lat="63.734566" lon="-148.917587">
				<ele>552.598816</ele>
				<time>2026-06-18T02:27:48Z</time>
			</trkpt>
			<trkpt lat="63.734566" lon="-148.917587">
				<ele>552.598816</ele>
				<time>2026-06-18T02:27:48Z</time>
			</trkpt>
			<trkpt lat="63.734516" lon="-148.917648">
				<ele>552.131836</ele>
				<time>2026-06-18T02:27:52Z</time>
			</trkpt>
			<trkpt lat="63.734467" lon="-148.917664">
				<ele>550.877869</ele>
				<time>2026-06-18T02:27:56Z</time>
			</trkpt>
			<trkpt lat="63.734417" lon="-148.917709">
				<ele>553.727051</ele>
				<time>2026-06-18T02:28:01Z</time>
			</trkpt>
			<trkpt lat="63.734371" lon="-148.917694">
				<ele>552.795715</ele>
				<time>2026-06-18T02:28:05Z</time>
			</trkpt>
			<trkpt lat="63.734325" lon="-148.917679">
				<ele>553.246399</ele>
				<time>2026-06-18T02:28:09Z</time>
			</trkpt>
			<trkpt lat="63.734325" lon="-148.917679">
				<ele>553.246399</ele>
				<time>2026-06-18T02:28:09Z</time>
			</trkpt>
			<trkpt lat="63.73428" lon="-148.917694">
				<ele>553.873596</ele>
				<time>2026-06-18T02:28:13Z</time>
			</trkpt>
			<trkpt lat="63.734234" lon="-148.917694">
				<ele>554.057373</ele>
				<time>2026-06-18T02:28:17Z</time>
			</trkpt>
			<trkpt lat="63.734188" lon="-148.917725">
				<ele>554.454956</ele>
				<time>2026-06-18T02:28:21Z</time>
			</trkpt>
			<trkpt lat="63.734142" lon="-148.91774">
				<ele>554.225952</ele>
				<time>2026-06-18T02:28:26Z</time>
			</trkpt>
			<trkpt lat="63.734108" lon="-148.917816">
				<ele>554.299805</ele>
				<time>2026-06-18T02:28:30Z</time>
			</trkpt>
			<trkpt lat="63.734108" lon="-148.917816">
				<ele>554.299805</ele>
				<time>2026-06-18T02:28:30Z</time>
			</trkpt>
			<trkpt lat="63.734058" lon="-148.917831">
				<ele>553.215515</ele>
				<time>2026-06-18T02:28:35Z</time>
			</trkpt>
			<trkpt lat="63.734016" lon="-148.917862">
				<ele>552.755371</ele>
				<time>2026-06-18T02:28:38Z</time>
			</trkpt>
			<trkpt lat="63.733967" lon="-148.917908">
				<ele>552.78418</ele>
				<time>2026-06-18T02:28:43Z</time>
			</trkpt>
			<trkpt lat="63.73391" lon="-148.917908">
				<ele>553.269226</ele>
				<time>2026-06-18T02:28:49Z</time>
			</trkpt>
			<trkpt lat="63.73391" lon="-148.917908">
				<ele>553.269226</ele>
				<time>2026-06-18T02:28:49Z</time>
			</trkpt>
			<trkpt lat="63.733868" lon="-148.917938">
				<ele>552.310303</ele>
				<time>2026-06-18T02:28:53Z</time>
			</trkpt>
			<trkpt lat="63.733814" lon="-148.917969">
				<ele>552.031738</ele>
				<time>2026-06-18T02:28:58Z</time>
			</trkpt>
			<trkpt lat="63.733761" lon="-148.91803">
				<ele>550.143433</ele>
				<time>2026-06-18T02:29:02Z</time>
			</trkpt>
			<trkpt lat="63.733711" lon="-148.91806">
				<ele>548.940796</ele>
				<time>2026-06-18T02:29:06Z</time>
			</trkpt>
			<trkpt lat="63.733662" lon="-148.91803">
				<ele>546.649963</ele>
				<time>2026-06-18T02:29:10Z</time>
			</trkpt>
			<trkpt lat="63.733662" lon="-148.91803">
				<ele>546.649963</ele>
				<time>2026-06-18T02:29:10Z</time>
			</trkpt>
			<trkpt lat="63.733616" lon="-148.918091">
				<ele>547.444885</ele>
				<time>2026-06-18T02:29:14Z</time>
			</trkpt>
			<trkpt lat="63.733566" lon="-148.918121">
				<ele>547.383179</ele>
				<time>2026-06-18T02:29:18Z</time>
			</trkpt>
			<trkpt lat="63.733521" lon="-148.918137">
				<ele>548.159729</ele>
				<time>2026-06-18T02:29:22Z</time>
			</trkpt>
			<trkpt lat="63.733475" lon="-148.918198">
				<ele>547.121277</ele>
				<time>2026-06-18T02:29:27Z</time>
			</trkpt>
			<trkpt lat="63.733429" lon="-148.918213">
				<ele>547.762756</ele>
				<time>2026-06-18T02:29:31Z</time>
			</trkpt>
			<trkpt lat="63.733429" lon="-148.918213">
				<ele>547.762756</ele>
				<time>2026-06-18T02:29:31Z</time>
			</trkpt>
			<trkpt lat="63.733395" lon="-148.918274">
				<ele>552.94812</ele>
				<time>2026-06-18T02:29:35Z</time>
			</trkpt>
			<trkpt lat="63.733345" lon="-148.918274">
				<ele>551.763672</ele>
				<time>2026-06-18T02:29:40Z</time>
			</trkpt>
			<trkpt lat="63.733299" lon="-148.91832">
				<ele>552.997559</ele>
				<time>2026-06-18T02:29:45Z</time>
			</trkpt>
			<trkpt lat="63.733257" lon="-148.91832">
				<ele>551.027344</ele>
				<time>2026-06-18T02:29:49Z</time>
			</trkpt>
			<trkpt lat="63.733212" lon="-148.918365">
				<ele>549.906616</ele>
				<time>2026-06-18T02:29:53Z</time>
			</trkpt>
			<trkpt lat="63.733212" lon="-148.918365">
				<ele>549.906616</ele>
				<time>2026-06-18T02:29:53Z</time>
			</trkpt>
			<trkpt lat="63.73317" lon="-148.918442">
				<ele>552.365662</ele>
				<time>2026-06-18T02:29:58Z</time>
			</trkpt>
			<trkpt lat="63.733135" lon="-148.918518">
				<ele>547.2854</ele>
				<time>2026-06-18T02:30:06Z</time>
			</trkpt>
			<trkpt lat="63.733086" lon="-148.918564">
				<ele>548.497864</ele>
				<time>2026-06-18T02:30:11Z</time>
			</trkpt>
			<trkpt lat="63.733044" lon="-148.918503">
				<ele>550.176147</ele>
				<time>2026-06-18T02:30:16Z</time>
			</trkpt>
			<trkpt lat="63.733044" lon="-148.918503">
				<ele>550.176147</ele>
				<time>2026-06-18T02:30:16Z</time>
			</trkpt>
			<trkpt lat="63.733028" lon="-148.918411">
				<ele>550.2099</ele>
				<time>2026-06-18T02:30:20Z</time>
			</trkpt>
			<trkpt lat="63.732986" lon="-148.91832">
				<ele>551.172424</ele>
				<time>2026-06-18T02:30:24Z</time>
			</trkpt>
			<trkpt lat="63.732948" lon="-148.918289">
				<ele>550.61377</ele>
				<time>2026-06-18T02:30:29Z</time>
			</trkpt>
			<trkpt lat="63.732899" lon="-148.918259">
				<ele>552.206238</ele>
				<time>2026-06-18T02:30:33Z</time>
			</trkpt>
			<trkpt lat="63.732868" lon="-148.918182">
				<ele>552.293335</ele>
				<time>2026-06-18T02:30:38Z</time>
			</trkpt>
			<trkpt lat="63.732868" lon="-148.918182">
				<ele>552.293335</ele>
				<time>2026-06-18T02:30:38Z</time>
			</trkpt>
			<trkpt lat="63.73283" lon="-148.918091">
				<ele>551.65509</ele>
				<time>2026-06-18T02:30:41Z</time>
			</trkpt>
			<trkpt lat="63.732796" lon="-148.918015">
				<ele>551.879211</ele>
				<time>2026-06-18T02:30:45Z</time>
			</trkpt>
			<trkpt lat="63.73278" lon="-148.917923">
				<ele>551.100891</ele>
				<time>2026-06-18T02:30:49Z</time>
			</trkpt>
			<trkpt lat="63.732738" lon="-148.917847">
				<ele>549.46814</ele>
				<time>2026-06-18T02:30:53Z</time>
			</trkpt>
			<trkpt lat="63.732689" lon="-148.917847">
				<ele>549.570618</ele>
				<time>2026-06-18T02:30:57Z</time>
			</trkpt>
			<trkpt lat="63.732689" lon="-148.917847">
				<ele>549.570618</ele>
				<time>2026-06-18T02:30:57Z</time>
			</trkpt>
			<trkpt lat="63.732643" lon="-148.917831">
				<ele>548.797729</ele>
				<time>2026-06-18T02:31:01Z</time>
			</trkpt>
			<trkpt lat="63.732601" lon="-148.917862">
				<ele>548.805664</ele>
				<time>2026-06-18T02:31:05Z</time>
			</trkpt>
			<trkpt lat="63.732555" lon="-148.917892">
				<ele>546.726501</ele>
				<time>2026-06-18T02:31:09Z</time>
			</trkpt>
			<trkpt lat="63.73251" lon="-148.917892">
				<ele>547.086609</ele>
				<time>2026-06-18T02:31:13Z</time>
			</trkpt>
			<trkpt lat="63.732456" lon="-148.917892">
				<ele>546.406677</ele>
				<time>2026-06-18T02:31:18Z</time>
			</trkpt>
			<trkpt lat="63.732456" lon="-148.917892">
				<ele>546.406677</ele>
				<time>2026-06-18T02:31:18Z</time>
			</trkpt>
			<trkpt lat="63.732403" lon="-148.917923">
				<ele>545.10199</ele>
				<time>2026-06-18T02:31:23Z</time>
			</trkpt>
			<trkpt lat="63.732361" lon="-148.917953">
				<ele>545.086792</ele>
				<time>2026-06-18T02:31:27Z</time>
			</trkpt>
			<trkpt lat="63.732311" lon="-148.917938">
				<ele>545.6297</ele>
				<time>2026-06-18T02:31:32Z</time>
			</trkpt>
			<trkpt lat="63.732273" lon="-148.917877">
				<ele>546.95929</ele>
				<time>2026-06-18T02:31:36Z</time>
			</trkpt>
			<trkpt lat="63.732239" lon="-148.917801">
				<ele>547.315979</ele>
				<time>2026-06-18T02:31:40Z</time>
			</trkpt>
			<trkpt lat="63.732239" lon="-148.917801">
				<ele>547.315979</ele>
				<time>2026-06-18T02:31:40Z</time>
			</trkpt>
			<trkpt lat="63.732208" lon="-148.917725">
				<ele>548.147461</ele>
				<time>2026-06-18T02:31:45Z</time>
			</trkpt>
			<trkpt lat="63.732178" lon="-148.917648">
				<ele>548.365417</ele>
				<time>2026-06-18T02:31:52Z</time>
			</trkpt>
			<trkpt lat="63.73214" lon="-148.917587">
				<ele>547.105896</ele>
				<time>2026-06-18T02:31:56Z</time>
			</trkpt>
			<trkpt lat="63.73209" lon="-148.917557">
				<ele>544.509094</ele>
				<time>2026-06-18T02:32:01Z</time>
			</trkpt>
			<trkpt lat="63.73209" lon="-148.917557">
				<ele>544.509094</ele>
				<time>2026-06-18T02:32:01Z</time>
			</trkpt>
			<trkpt lat="63.73204" lon="-148.917542">
				<ele>545.240112</ele>
				<time>2026-06-18T02:32:05Z</time>
			</trkpt>
			<trkpt lat="63.731998" lon="-148.917542">
				<ele>546.98645</ele>
				<time>2026-06-18T02:32:10Z</time>
			</trkpt>
			<trkpt lat="63.731953" lon="-148.917511">
				<ele>546.431213</ele>
				<time>2026-06-18T02:32:14Z</time>
			</trkpt>
			<trkpt lat="63.731895" lon="-148.917557">
				<ele>545.803528</ele>
				<time>2026-06-18T02:32:20Z</time>
			</trkpt>
			<trkpt lat="63.731895" lon="-148.917557">
				<ele>545.803528</ele>
				<time>2026-06-18T02:32:20Z</time>
			</trkpt>
			<trkpt lat="63.731846" lon="-148.917572">
				<ele>546.706909</ele>
				<time>2026-06-18T02:32:24Z</time>
			</trkpt>
			<trkpt lat="63.731796" lon="-148.917542">
				<ele>546.403564</ele>
				<time>2026-06-18T02:32:29Z</time>
			</trkpt>
			<trkpt lat="63.731754" lon="-148.917465">
				<ele>546.989441</ele>
				<time>2026-06-18T02:32:33Z</time>
			</trkpt>
			<trkpt lat="63.731716" lon="-148.917389">
				<ele>546.946228</ele>
				<time>2026-06-18T02:32:37Z</time>
			</trkpt>
			<trkpt lat="63.731682" lon="-148.917297">
				<ele>546.904724</ele>
				<time>2026-06-18T02:32:41Z</time>
			</trkpt>
			<trkpt lat="63.731682" lon="-148.917297">
				<ele>546.904724</ele>
				<time>2026-06-18T02:32:41Z</time>
			</trkpt>
			<trkpt lat="63.731655" lon="-148.917206">
				<ele>545.52002</ele>
				<time>2026-06-18T02:32:45Z</time>
			</trkpt>
			<trkpt lat="63.731628" lon="-148.91713">
				<ele>545.740356</ele>
				<time>2026-06-18T02:32:49Z</time>
			</trkpt>
			<trkpt lat="63.73159" lon="-148.917053">
				<ele>545.864258</ele>
				<time>2026-06-18T02:32:54Z</time>
			</trkpt>
			<trkpt lat="63.731544" lon="-148.917007">
				<ele>545.437561</ele>
				<time>2026-06-18T02:32:58Z</time>
			</trkpt>
			<trkpt lat="63.731499" lon="-148.916977">
				<ele>544.23999</ele>
				<time>2026-06-18T02:33:02Z</time>
			</trkpt>
			<trkpt lat="63.731499" lon="-148.916977">
				<ele>544.23999</ele>
				<time>2026-06-18T02:33:02Z</time>
			</trkpt>
			<trkpt lat="63.731453" lon="-148.916946">
				<ele>545.030701</ele>
				<time>2026-06-18T02:33:06Z</time>
			</trkpt>
			<trkpt lat="63.731407" lon="-148.916977">
				<ele>545.668091</ele>
				<time>2026-06-18T02:33:10Z</time>
			</trkpt>
			<trkpt lat="63.731354" lon="-148.916992">
				<ele>546.193115</ele>
				<time>2026-06-18T02:33:15Z</time>
			</trkpt>
			<trkpt lat="63.731304" lon="-148.916992">
				<ele>545.352722</ele>
				<time>2026-06-18T02:33:20Z</time>
			</trkpt>
			<trkpt lat="63.731258" lon="-148.916962">
				<ele>547.030457</ele>
				<time>2026-06-18T02:33:25Z</time>
			</trkpt>
			<trkpt lat="63.731258" lon="-148.916962">
				<ele>547.030457</ele>
				<time>2026-06-18T02:33:25Z</time>
			</trkpt>
			<trkpt lat="63.731216" lon="-148.916946">
				<ele>545.858643</ele>
				<time>2026-06-18T02:33:29Z</time>
			</trkpt>
			<trkpt lat="63.731171" lon="-148.916946">
				<ele>545.756042</ele>
				<time>2026-06-18T02:33:33Z</time>
			</trkpt>
			<trkpt lat="63.731125" lon="-148.916931">
				<ele>544.971558</ele>
				<time>2026-06-18T02:33:38Z</time>
			</trkpt>
			<trkpt lat="63.731163" lon="-148.916885">
				<ele>546.246033</ele>
				<time>2026-06-18T02:33:45Z</time>
			</trkpt>
			<trkpt lat="63.731163" lon="-148.916885">
				<ele>546.246033</ele>
				<time>2026-06-18T02:33:45Z</time>
			</trkpt>
			<trkpt lat="63.731205" lon="-148.91684">
				<ele>547.178467</ele>
				<time>2026-06-18T02:33:48Z</time>
			</trkpt>
			<trkpt lat="63.731216" lon="-148.916748">
				<ele>545.422668</ele>
				<time>2026-06-18T02:33:54Z</time>
			</trkpt>
			<trkpt lat="63.731239" lon="-148.916656">
				<ele>546.557617</ele>
				<time>2026-06-18T02:33:59Z</time>
			</trkpt>
			<trkpt lat="63.731274" lon="-148.916595">
				<ele>548.957703</ele>
				<time>2026-06-18T02:34:04Z</time>
			</trkpt>
			<trkpt lat="63.731274" lon="-148.916595">
				<ele>548.957703</ele>
				<time>2026-06-18T02:34:04Z</time>
			</trkpt>
			<trkpt lat="63.731319" lon="-148.916534">
				<ele>549.957336</ele>
				<time>2026-06-18T02:34:07Z</time>
			</trkpt>
			<trkpt lat="63.731361" lon="-148.916534">
				<ele>551.479675</ele>
				<time>2026-06-18T02:34:10Z</time>
			</trkpt>
			<trkpt lat="63.731407" lon="-148.916534">
				<ele>551.107178</ele>
				<time>2026-06-18T02:34:13Z</time>
			</trkpt>
			<trkpt lat="63.731445" lon="-148.916458">
				<ele>550.364624</ele>
				<time>2026-06-18T02:34:17Z</time>
			</trkpt>
			<trkpt lat="63.731426" lon="-148.91655">
				<ele>549.299377</ele>
				<time>2026-06-18T02:34:31Z</time>
			</trkpt>
			<trkpt lat="63.731426" lon="-148.91655">
				<ele>549.299377</ele>
				<time>2026-06-18T02:34:31Z</time>
			</trkpt>
			<trkpt lat="63.731415" lon="-148.916656">
				<ele>547.85907</ele>
				<time>2026-06-18T02:34:36Z</time>
			</trkpt>
			<trkpt lat="63.731415" lon="-148.916763">
				<ele>547.8125</ele>
				<time>2026-06-18T02:34:41Z</time>
			</trkpt>
			<trkpt lat="63.731377" lon="-148.916702">
				<ele>547.886475</ele>
				<time>2026-06-18T02:34:45Z</time>
			</trkpt>
			<trkpt lat="63.731342" lon="-148.916611">
				<ele>547.807007</ele>
				<time>2026-06-18T02:34:49Z</time>
			</trkpt>
			<trkpt lat="63.7313" lon="-148.916611">
				<ele>548.409668</ele>
				<time>2026-06-18T02:34:53Z</time>
			</trkpt>
			<trkpt lat="63.7313" lon="-148.916611">
				<ele>548.409668</ele>
				<time>2026-06-18T02:34:53Z</time>
			</trkpt>
			<trkpt lat="63.731255" lon="-148.916626">
				<ele>548.086792</ele>
				<time>2026-06-18T02:34:57Z</time>
			</trkpt>
			<trkpt lat="63.731216" lon="-148.916672">
				<ele>547.373779</ele>
				<time>2026-06-18T02:35:01Z</time>
			</trkpt>
			<trkpt lat="63.731201" lon="-148.916779">
				<ele>547.755798</ele>
				<time>2026-06-18T02:35:05Z</time>
			</trkpt>
			<trkpt lat="63.731194" lon="-148.916885">
				<ele>548.545349</ele>
				<time>2026-06-18T02:35:13Z</time>
			</trkpt>
			<trkpt lat="63.731194" lon="-148.916885">
				<ele>548.545349</ele>
				<time>2026-06-18T02:35:13Z</time>
			</trkpt>
			<trkpt lat="63.731148" lon="-148.916916">
				<ele>548.590393</ele>
				<time>2026-06-18T02:35:18Z</time>
			</trkpt>
			<trkpt lat="63.731102" lon="-148.916855">
				<ele>548.99176</ele>
				<time>2026-06-18T02:35:23Z</time>
			</trkpt>
			<trkpt lat="63.731049" lon="-148.916824">
				<ele>549.30542</ele>
				<time>2026-06-18T02:35:28Z</time>
			</trkpt>
			<trkpt lat="63.731007" lon="-148.916748">
				<ele>550.049377</ele>
				<time>2026-06-18T02:35:46Z</time>
			</trkpt>
			<trkpt lat="63.731007" lon="-148.916748">
				<ele>550.049377</ele>
				<time>2026-06-18T02:35:46Z</time>
			</trkpt>
			<trkpt lat="63.731052" lon="-148.916794">
				<ele>549.361816</ele>
				<time>2026-06-18T02:35:58Z</time>
			</trkpt>
			<trkpt lat="63.731094" lon="-148.91687">
				<ele>548.600769</ele>
				<time>2026-06-18T02:36:03Z</time>
			</trkpt>
			<trkpt lat="63.73114" lon="-148.916885">
				<ele>548.733704</ele>
				<time>2026-06-18T02:36:07Z</time>
			</trkpt>
			<trkpt lat="63.73114" lon="-148.916885">
				<ele>548.733704</ele>
				<time>2026-06-18T02:36:07Z</time>
			</trkpt>
			<trkpt lat="63.731186" lon="-148.916901">
				<ele>548.554443</ele>
				<time>2026-06-18T02:36:11Z</time>
			</trkpt>
			<trkpt lat="63.73122" lon="-148.916824">
				<ele>548.353638</ele>
				<time>2026-06-18T02:36:17Z</time>
			</trkpt>
			<trkpt lat="63.731232" lon="-148.916718">
				<ele>547.250549</ele>
				<time>2026-06-18T02:36:21Z</time>
			</trkpt>
			<trkpt lat="63.731163" lon="-148.916565">
				<ele>549.539795</ele>
				<time>2026-06-18T02:36:34Z</time>
			</trkpt>
			<trkpt lat="63.731163" lon="-148.916565">
				<ele>549.539795</ele>
				<time>2026-06-18T02:36:34Z</time>
			</trkpt>
			<trkpt lat="63.731155" lon="-148.916458">
				<ele>548.881836</ele>
				<time>2026-06-18T02:36:39Z</time>
			</trkpt>
			<trkpt lat="63.731155" lon="-148.916351">
				<ele>548.707336</ele>
				<time>2026-06-18T02:36:43Z</time>
			</trkpt>
			<trkpt lat="63.731148" lon="-148.916245">
				<ele>548.326233</ele>
				<time>2026-06-18T02:36:48Z</time>
			</trkpt>
			<trkpt lat="63.73114" lon="-148.916138">
				<ele>547.81665</ele>
				<time>2026-06-18T02:36:52Z</time>
			</trkpt>
			<trkpt lat="63.731098" lon="-148.916077">
				<ele>548.005127</ele>
				<time>2026-06-18T02:36:56Z</time>
			</trkpt>
			<trkpt lat="63.731098" lon="-148.916077">
				<ele>548.005127</ele>
				<time>2026-06-18T02:36:56Z</time>
			</trkpt>
			<trkpt lat="63.731052" lon="-148.916092">
				<ele>547.562622</ele>
				<time>2026-06-18T02:36:59Z</time>
			</trkpt>
			<trkpt lat="63.731007" lon="-148.916061">
				<ele>547.447266</ele>
				<time>2026-06-18T02:37:03Z</time>
			</trkpt>
			<trkpt lat="63.730961" lon="-148.916046">
				<ele>548.124573</ele>
				<time>2026-06-18T02:37:07Z</time>
			</trkpt>
			<trkpt lat="63.730915" lon="-148.916016">
				<ele>547.574951</ele>
				<time>2026-06-18T02:37:11Z</time>
			</trkpt>
			<trkpt lat="63.730865" lon="-148.916016">
				<ele>547.789917</ele>
				<time>2026-06-18T02:37:31Z</time>
			</trkpt>
			<trkpt lat="63.730865" lon="-148.916016">
				<ele>547.789917</ele>
				<time>2026-06-18T02:37:31Z</time>
			</trkpt>
			<trkpt lat="63.730824" lon="-148.916016">
				<ele>547.969849</ele>
				<time>2026-06-18T02:37:35Z</time>
			</trkpt>
			<trkpt lat="63.73077" lon="-148.916016">
				<ele>547.650635</ele>
				<time>2026-06-18T02:37:40Z</time>
			</trkpt>
			<trkpt lat="63.730724" lon="-148.916046">
				<ele>547.677246</ele>
				<time>2026-06-18T02:37:44Z</time>
			</trkpt>
			<trkpt lat="63.73069" lon="-148.916122">
				<ele>547.499329</ele>
				<time>2026-06-18T02:37:48Z</time>
			</trkpt>
			<trkpt lat="63.730675" lon="-148.916214">
				<ele>546.821045</ele>
				<time>2026-06-18T02:37:52Z</time>
			</trkpt>
			<trkpt lat="63.730675" lon="-148.916214">
				<ele>546.821045</ele>
				<time>2026-06-18T02:37:52Z</time>
			</trkpt>
			<trkpt lat="63.730667" lon="-148.916321">
				<ele>546.656189</ele>
				<time>2026-06-18T02:37:56Z</time>
			</trkpt>
			<trkpt lat="63.730663" lon="-148.916412">
				<ele>546.096252</ele>
				<time>2026-06-18T02:38:00Z</time>
			</trkpt>
			<trkpt lat="63.730656" lon="-148.916504">
				<ele>546.497253</ele>
				<time>2026-06-18T02:38:04Z</time>
			</trkpt>
			<trkpt lat="63.730648" lon="-148.916626">
				<ele>546.7547</ele>
				<time>2026-06-18T02:38:08Z</time>
			</trkpt>
			<trkpt lat="63.73064" lon="-148.916718">
				<ele>546.782776</ele>
				<time>2026-06-18T02:38:12Z</time>
			</trkpt>
			<trkpt lat="63.73064" lon="-148.916718">
				<ele>546.782776</ele>
				<time>2026-06-18T02:38:12Z</time>
			</trkpt>
			<trkpt lat="63.730625" lon="-148.916824">
				<ele>546.781677</ele>
				<time>2026-06-18T02:38:17Z</time>
			</trkpt>
			<trkpt lat="63.730598" lon="-148.916916">
				<ele>546.3927</ele>
				<time>2026-06-18T02:38:22Z</time>
			</trkpt>
			<trkpt lat="63.73056" lon="-148.916931">
				<ele>546.195129</ele>
				<time>2026-06-18T02:38:27Z</time>
			</trkpt>
			<trkpt lat="63.730515" lon="-148.916931">
				<ele>546.893372</ele>
				<time>2026-06-18T02:38:31Z</time>
			</trkpt>
			<trkpt lat="63.730515" lon="-148.916931">
				<ele>546.893372</ele>
				<time>2026-06-18T02:38:31Z</time>
			</trkpt>
			<trkpt lat="63.730465" lon="-148.916946">
				<ele>547.440308</ele>
				<time>2026-06-18T02:38:37Z</time>
			</trkpt>
			<trkpt lat="63.730419" lon="-148.916962">
				<ele>546.674133</ele>
				<time>2026-06-18T02:38:41Z</time>
			</trkpt>
			<trkpt lat="63.730377" lon="-148.916977">
				<ele>546.902588</ele>
				<time>2026-06-18T02:38:46Z</time>
			</trkpt>
			<trkpt lat="63.730362" lon="-148.91687">
				<ele>546.836182</ele>
				<time>2026-06-18T02:38:51Z</time>
			</trkpt>
			<trkpt lat="63.730362" lon="-148.91687">
				<ele>546.836182</ele>
				<time>2026-06-18T02:38:51Z</time>
			</trkpt>
			<trkpt lat="63.730354" lon="-148.916779">
				<ele>547.797241</ele>
				<time>2026-06-18T02:39:00Z</time>
			</trkpt>
			<trkpt lat="63.730328" lon="-148.916687">
				<ele>547.14679</ele>
				<time>2026-06-18T02:39:08Z</time>
			</trkpt>
			<trkpt lat="63.730301" lon="-148.916595">
				<ele>546.339417</ele>
				<time>2026-06-18T02:39:13Z</time>
			</trkpt>
			<trkpt lat="63.730301" lon="-148.916595">
				<ele>546.339417</ele>
				<time>2026-06-18T02:39:13Z</time>
			</trkpt>
			<trkpt lat="63.730282" lon="-148.916504">
				<ele>546.377319</ele>
				<time>2026-06-18T02:39:17Z</time>
			</trkpt>
			<trkpt lat="63.730259" lon="-148.916397">
				<ele>544.678467</ele>
				<time>2026-06-18T02:39:22Z</time>
			</trkpt>
			<trkpt lat="63.730247" lon="-148.91629">
				<ele>544.394165</ele>
				<time>2026-06-18T02:39:26Z</time>
			</trkpt>
			<trkpt lat="63.730232" lon="-148.916199">
				<ele>544.080139</ele>
				<time>2026-06-18T02:39:30Z</time>
			</trkpt>
			<trkpt lat="63.730206" lon="-148.916107">
				<ele>545.027832</ele>
				<time>2026-06-18T02:39:34Z</time>
			</trkpt>
			<trkpt lat="63.730206" lon="-148.916107">
				<ele>545.027832</ele>
				<time>2026-06-18T02:39:34Z</time>
			</trkpt>
			<trkpt lat="63.730164" lon="-148.916061">
				<ele>545.266602</ele>
				<time>2026-06-18T02:39:39Z</time>
			</trkpt>
			<trkpt lat="63.730118" lon="-148.916031">
				<ele>545.073364</ele>
				<time>2026-06-18T02:39:43Z</time>
			</trkpt>
			<trkpt lat="63.730068" lon="-148.916016">
				<ele>545.559631</ele>
				<time>2026-06-18T02:39:47Z</time>
			</trkpt>
			<trkpt lat="63.730022" lon="-148.915985">
				<ele>545.132141</ele>
				<time>2026-06-18T02:39:51Z</time>
			</trkpt>
			<trkpt lat="63.729973" lon="-148.91597">
				<ele>544.883423</ele>
				<time>2026-06-18T02:39:55Z</time>
			</trkpt>
			<trkpt lat="63.729973" lon="-148.91597">
				<ele>544.883423</ele>
				<time>2026-06-18T02:39:55Z</time>
			</trkpt>
			<trkpt lat="63.729942" lon="-148.916061">
				<ele>543.056152</ele>
				<time>2026-06-18T02:40:00Z</time>
			</trkpt>
			<trkpt lat="63.729916" lon="-148.916138">
				<ele>542.055908</ele>
				<time>2026-06-18T02:40:04Z</time>
			</trkpt>
			<trkpt lat="63.729885" lon="-148.916229">
				<ele>542.257996</ele>
				<time>2026-06-18T02:40:08Z</time>
			</trkpt>
			<trkpt lat="63.729855" lon="-148.916336">
				<ele>541.009094</ele>
				<time>2026-06-18T02:40:12Z</time>
			</trkpt>
			<trkpt lat="63.729836" lon="-148.916428">
				<ele>539.44696</ele>
				<time>2026-06-18T02:40:16Z</time>
			</trkpt>
			<trkpt lat="63.729836" lon="-148.916428">
				<ele>539.44696</ele>
				<time>2026-06-18T02:40:16Z</time>
			</trkpt>
			<trkpt lat="63.729801" lon="-148.916489">
				<ele>540.348328</ele>
				<time>2026-06-18T02:40:20Z</time>
			</trkpt>
			<trkpt lat="63.729771" lon="-148.91658">
				<ele>539.649902</ele>
				<time>2026-06-18T02:40:25Z</time>
			</trkpt>
			<trkpt lat="63.729733" lon="-148.916656">
				<ele>539.107361</ele>
				<time>2026-06-18T02:40:30Z</time>
			</trkpt>
			<trkpt lat="63.729683" lon="-148.916687">
				<ele>539.071594</ele>
				<time>2026-06-18T02:40:34Z</time>
			</trkpt>
			<trkpt lat="63.729649" lon="-148.916763">
				<ele>540.732605</ele>
				<time>2026-06-18T02:40:41Z</time>
			</trkpt>
			<trkpt lat="63.729649" lon="-148.916763">
				<ele>540.732605</ele>
				<time>2026-06-18T02:40:41Z</time>
			</trkpt>
			<trkpt lat="63.729607" lon="-148.916824">
				<ele>542.727295</ele>
				<time>2026-06-18T02:40:45Z</time>
			</trkpt>
			<trkpt lat="63.729565" lon="-148.916809">
				<ele>542.580505</ele>
				<time>2026-06-18T02:40:49Z</time>
			</trkpt>
			<trkpt lat="63.729515" lon="-148.916763">
				<ele>541.904846</ele>
				<time>2026-06-18T02:40:53Z</time>
			</trkpt>
			<trkpt lat="63.729477" lon="-148.916718">
				<ele>542.811279</ele>
				<time>2026-06-18T02:40:57Z</time>
			</trkpt>
			<trkpt lat="63.729427" lon="-148.916748">
				<ele>544.210815</ele>
				<time>2026-06-18T02:41:01Z</time>
			</trkpt>
			<trkpt lat="63.729427" lon="-148.916748">
				<ele>544.210815</ele>
				<time>2026-06-18T02:41:01Z</time>
			</trkpt>
			<trkpt lat="63.729374" lon="-148.916748">
				<ele>543.47522</ele>
				<time>2026-06-18T02:41:05Z</time>
			</trkpt>
			<trkpt lat="63.729355" lon="-148.916824">
				<ele>543.762329</ele>
				<time>2026-06-18T02:41:08Z</time>
			</trkpt>
			<trkpt lat="63.729313" lon="-148.916885">
				<ele>541.383423</ele>
				<time>2026-06-18T02:41:12Z</time>
			</trkpt>
			<trkpt lat="63.729267" lon="-148.916916">
				<ele>540.849976</ele>
				<time>2026-06-18T02:41:16Z</time>
			</trkpt>
			<trkpt lat="63.729218" lon="-148.916962">
				<ele>541.613098</ele>
				<time>2026-06-18T02:41:20Z</time>
			</trkpt>
			<trkpt lat="63.729218" lon="-148.916962">
				<ele>541.613098</ele>
				<time>2026-06-18T02:41:20Z</time>
			</trkpt>
			<trkpt lat="63.729168" lon="-148.916977">
				<ele>541.706482</ele>
				<time>2026-06-18T02:41:24Z</time>
			</trkpt>
			<trkpt lat="63.729134" lon="-148.917053">
				<ele>541.95813</ele>
				<time>2026-06-18T02:41:28Z</time>
			</trkpt>
			<trkpt lat="63.729095" lon="-148.91713">
				<ele>542.822632</ele>
				<time>2026-06-18T02:41:32Z</time>
			</trkpt>
			<trkpt lat="63.729061" lon="-148.917191">
				<ele>543.142761</ele>
				<time>2026-06-18T02:41:36Z</time>
			</trkpt>
			<trkpt lat="63.729015" lon="-148.917206">
				<ele>545.155579</ele>
				<time>2026-06-18T02:41:40Z</time>
			</trkpt>
			<trkpt lat="63.729015" lon="-148.917206">
				<ele>545.155579</ele>
				<time>2026-06-18T02:41:40Z</time>
			</trkpt>
			<trkpt lat="63.728981" lon="-148.917282">
				<ele>545.166687</ele>
				<time>2026-06-18T02:41:44Z</time>
			</trkpt>
			<trkpt lat="63.728939" lon="-148.917313">
				<ele>545.457336</ele>
				<time>2026-06-18T02:41:49Z</time>
			</trkpt>
			<trkpt lat="63.728897" lon="-148.917328">
				<ele>546.097534</ele>
				<time>2026-06-18T02:41:54Z</time>
			</trkpt>
			<trkpt lat="63.728848" lon="-148.917328">
				<ele>546.529297</ele>
				<time>2026-06-18T02:41:58Z</time>
			</trkpt>
			<trkpt lat="63.728806" lon="-148.917328">
				<ele>545.897888</ele>
				<time>2026-06-18T02:42:02Z</time>
			</trkpt>
			<trkpt lat="63.728806" lon="-148.917328">
				<ele>545.897888</ele>
				<time>2026-06-18T02:42:02Z</time>
			</trkpt>
			<trkpt lat="63.728767" lon="-148.917267">
				<ele>546.697632</ele>
				<time>2026-06-18T02:42:07Z</time>
			</trkpt>
			<trkpt lat="63.728748" lon="-148.917191">
				<ele>545.720093</ele>
				<time>2026-06-18T02:42:11Z</time>
			</trkpt>
			<trkpt lat="63.72871" lon="-148.917114">
				<ele>546.505188</ele>
				<time>2026-06-18T02:42:15Z</time>
			</trkpt>
			<trkpt lat="63.72868" lon="-148.916992">
				<ele>546.768005</ele>
				<time>2026-06-18T02:42:19Z</time>
			</trkpt>
			<trkpt lat="63.728642" lon="-148.916916">
				<ele>548.917236</ele>
				<time>2026-06-18T02:42:28Z</time>
			</trkpt>
			<trkpt lat="63.728642" lon="-148.916916">
				<ele>548.917236</ele>
				<time>2026-06-18T02:42:28Z</time>
			</trkpt>
			<trkpt lat="63.728607" lon="-148.91684">
				<ele>550.156189</ele>
				<time>2026-06-18T02:42:33Z</time>
			</trkpt>
			<trkpt lat="63.728561" lon="-148.916779">
				<ele>548.880798</ele>
				<time>2026-06-18T02:42:38Z</time>
			</trkpt>
			<trkpt lat="63.728546" lon="-148.916672">
				<ele>549.125183</ele>
				<time>2026-06-18T02:42:43Z</time>
			</trkpt>
			<trkpt lat="63.728516" lon="-148.916595">
				<ele>548.954102</ele>
				<time>2026-06-18T02:42:48Z</time>
			</trkpt>
			<trkpt lat="63.728516" lon="-148.916595">
				<ele>548.954102</ele>
				<time>2026-06-18T02:42:48Z</time>
			</trkpt>
			<trkpt lat="63.728474" lon="-148.916534">
				<ele>550.033264</ele>
				<time>2026-06-18T02:42:53Z</time>
			</trkpt>
			<trkpt lat="63.728428" lon="-148.916473">
				<ele>548.668579</ele>
				<time>2026-06-18T02:42:58Z</time>
			</trkpt>
			<trkpt lat="63.728413" lon="-148.916351">
				<ele>550.069214</ele>
				<time>2026-06-18T02:43:03Z</time>
			</trkpt>
			<trkpt lat="63.728397" lon="-148.916245">
				<ele>548.233765</ele>
				<time>2026-06-18T02:43:07Z</time>
			</trkpt>
			<trkpt lat="63.728397" lon="-148.916245">
				<ele>548.233765</ele>
				<time>2026-06-18T02:43:07Z</time>
			</trkpt>
			<trkpt lat="63.728363" lon="-148.916168">
				<ele>548.32489</ele>
				<time>2026-06-18T02:43:12Z</time>
			</trkpt>
			<trkpt lat="63.72834" lon="-148.916077">
				<ele>547.957397</ele>
				<time>2026-06-18T02:43:16Z</time>
			</trkpt>
			<trkpt lat="63.728291" lon="-148.916031">
				<ele>548.152222</ele>
				<time>2026-06-18T02:43:20Z</time>
			</trkpt>
			<trkpt lat="63.728252" lon="-148.915955">
				<ele>547.078247</ele>
				<time>2026-06-18T02:43:24Z</time>
			</trkpt>
			<trkpt lat="63.72821" lon="-148.915924">
				<ele>546.88855</ele>
				<time>2026-06-18T02:43:28Z</time>
			</trkpt>
			<trkpt lat="63.72821" lon="-148.915924">
				<ele>546.88855</ele>
				<time>2026-06-18T02:43:28Z</time>
			</trkpt>
			<trkpt lat="63.728168" lon="-148.915848">
				<ele>545.755493</ele>
				<time>2026-06-18T02:43:32Z</time>
			</trkpt>
			<trkpt lat="63.728134" lon="-148.915787">
				<ele>546.480713</ele>
				<time>2026-06-18T02:43:36Z</time>
			</trkpt>
			<trkpt lat="63.728104" lon="-148.915558">
				<ele>542.913452</ele>
				<time>2026-06-18T02:43:44Z</time>
			</trkpt>
			<trkpt lat="63.728096" lon="-148.915451">
				<ele>542.780884</ele>
				<time>2026-06-18T02:43:48Z</time>
			</trkpt>
			<trkpt lat="63.728096" lon="-148.915451">
				<ele>542.780884</ele>
				<time>2026-06-18T02:43:48Z</time>
			</trkpt>
			<trkpt lat="63.728046" lon="-148.915436">
				<ele>542.747192</ele>
				<time>2026-06-18T02:43:51Z</time>
			</trkpt>
			<trkpt lat="63.728012" lon="-148.915359">
				<ele>542.226746</ele>
				<time>2026-06-18T02:43:55Z</time>
			</trkpt>
			<trkpt lat="63.727974" lon="-148.915298">
				<ele>542.462463</ele>
				<time>2026-06-18T02:43:59Z</time>
			</trkpt>
			<trkpt lat="63.727928" lon="-148.915253">
				<ele>542.021301</ele>
				<time>2026-06-18T02:44:03Z</time>
			</trkpt>
			<trkpt lat="63.727882" lon="-148.915222">
				<ele>540.286804</ele>
				<time>2026-06-18T02:44:07Z</time>
			</trkpt>
			<trkpt lat="63.727882" lon="-148.915222">
				<ele>540.286804</ele>
				<time>2026-06-18T02:44:07Z</time>
			</trkpt>
			<trkpt lat="63.727837" lon="-148.915192">
				<ele>539.952698</ele>
				<time>2026-06-18T02:44:11Z</time>
			</trkpt>
			<trkpt lat="63.727787" lon="-148.915176">
				<ele>542.55658</ele>
				<time>2026-06-18T02:44:17Z</time>
			</trkpt>
			<trkpt lat="63.727741" lon="-148.915146">
				<ele>542.502808</ele>
				<time>2026-06-18T02:44:23Z</time>
			</trkpt>
			<trkpt lat="63.727692" lon="-148.915085">
				<ele>543.810364</ele>
				<time>2026-06-18T02:44:28Z</time>
			</trkpt>
			<trkpt lat="63.727692" lon="-148.915085">
				<ele>543.810364</ele>
				<time>2026-06-18T02:44:28Z</time>
			</trkpt>
			<trkpt lat="63.72765" lon="-148.915009">
				<ele>541.077698</ele>
				<time>2026-06-18T02:44:32Z</time>
			</trkpt>
			<trkpt lat="63.727619" lon="-148.914932">
				<ele>541.007874</ele>
				<time>2026-06-18T02:44:35Z</time>
			</trkpt>
			<trkpt lat="63.72757" lon="-148.914917">
				<ele>540.50824</ele>
				<time>2026-06-18T02:44:38Z</time>
			</trkpt>
			<trkpt lat="63.727528" lon="-148.914886">
				<ele>542.211914</ele>
				<time>2026-06-18T02:44:41Z</time>
			</trkpt>
			<trkpt lat="63.727482" lon="-148.914948">
				<ele>544.154968</ele>
				<time>2026-06-18T02:44:45Z</time>
			</trkpt>
			<trkpt lat="63.727444" lon="-148.915024">
				<ele>543.058716</ele>
				<time>2026-06-18T02:44:49Z</time>
			</trkpt>
			<trkpt lat="63.727444" lon="-148.915024">
				<ele>543.058716</ele>
				<time>2026-06-18T02:44:49Z</time>
			</trkpt>
			<trkpt lat="63.727406" lon="-148.915085">
				<ele>543.919067</ele>
				<time>2026-06-18T02:44:53Z</time>
			</trkpt>
			<trkpt lat="63.727367" lon="-148.915131">
				<ele>542.161133</ele>
				<time>2026-06-18T02:44:58Z</time>
			</trkpt>
			<trkpt lat="63.727314" lon="-148.915146">
				<ele>544.012756</ele>
				<time>2026-06-18T02:45:10Z</time>
			</trkpt>
			<trkpt lat="63.727314" lon="-148.915146">
				<ele>544.012756</ele>
				<time>2026-06-18T02:45:10Z</time>
			</trkpt>
			<trkpt lat="63.727261" lon="-148.915176">
				<ele>543.222046</ele>
				<time>2026-06-18T02:45:17Z</time>
			</trkpt>
			<trkpt lat="63.727169" lon="-148.915329">
				<ele>540.747375</ele>
				<time>2026-06-18T02:45:28Z</time>
			</trkpt>
			<trkpt lat="63.727135" lon="-148.915421">
				<ele>540.025146</ele>
				<time>2026-06-18T02:45:37Z</time>
			</trkpt>
			<trkpt lat="63.727135" lon="-148.915421">
				<ele>540.025146</ele>
				<time>2026-06-18T02:45:37Z</time>
			</trkpt>
			<trkpt lat="63.727108" lon="-148.915512">
				<ele>537.990845</ele>
				<time>2026-06-18T02:45:43Z</time>
			</trkpt>
			<trkpt lat="63.727093" lon="-148.915619">
				<ele>539.039673</ele>
				<time>2026-06-18T02:45:49Z</time>
			</trkpt>
			<trkpt lat="63.727055" lon="-148.915695">
				<ele>536.777771</ele>
				<time>2026-06-18T02:45:53Z</time>
			</trkpt>
			<trkpt lat="63.72702" lon="-148.915756">
				<ele>536.97345</ele>
				<time>2026-06-18T02:45:56Z</time>
			</trkpt>
			<trkpt lat="63.72702" lon="-148.915756">
				<ele>536.97345</ele>
				<time>2026-06-18T02:45:56Z</time>
			</trkpt>
			<trkpt lat="63.726986" lon="-148.915817">
				<ele>537.278809</ele>
				<time>2026-06-18T02:45:59Z</time>
			</trkpt>
			<trkpt lat="63.726948" lon="-148.915863">
				<ele>537.744568</ele>
				<time>2026-06-18T02:46:02Z</time>
			</trkpt>
			<trkpt lat="63.726894" lon="-148.915878">
				<ele>538.323425</ele>
				<time>2026-06-18T02:46:06Z</time>
			</trkpt>
			<trkpt lat="63.726849" lon="-148.915894">
				<ele>537.73114</ele>
				<time>2026-06-18T02:46:10Z</time>
			</trkpt>
			<trkpt lat="63.726803" lon="-148.915909">
				<ele>538.56366</ele>
				<time>2026-06-18T02:46:14Z</time>
			</trkpt>
			<trkpt lat="63.726757" lon="-148.915878">
				<ele>537.693542</ele>
				<time>2026-06-18T02:46:18Z</time>
			</trkpt>
			<trkpt lat="63.726757" lon="-148.915878">
				<ele>537.693542</ele>
				<time>2026-06-18T02:46:18Z</time>
			</trkpt>
			<trkpt lat="63.726704" lon="-148.915863">
				<ele>534.851746</ele>
				<time>2026-06-18T02:46:23Z</time>
			</trkpt>
			<trkpt lat="63.726662" lon="-148.915894">
				<ele>530.852478</ele>
				<time>2026-06-18T02:46:28Z</time>
			</trkpt>
			<trkpt lat="63.726624" lon="-148.915939">
				<ele>529.885986</ele>
				<time>2026-06-18T02:46:32Z</time>
			</trkpt>
			<trkpt lat="63.726585" lon="-148.916016">
				<ele>531.498169</ele>
				<time>2026-06-18T02:46:36Z</time>
			</trkpt>
			<trkpt lat="63.726532" lon="-148.916031">
				<ele>529.830872</ele>
				<time>2026-06-18T02:46:40Z</time>
			</trkpt>
			<trkpt lat="63.726532" lon="-148.916031">
				<ele>529.830872</ele>
				<time>2026-06-18T02:46:40Z</time>
			</trkpt>
			<trkpt lat="63.726479" lon="-148.916031">
				<ele>529.841309</ele>
				<time>2026-06-18T02:46:44Z</time>
			</trkpt>
			<trkpt lat="63.726433" lon="-148.916061">
				<ele>531.186951</ele>
				<time>2026-06-18T02:46:48Z</time>
			</trkpt>
			<trkpt lat="63.726387" lon="-148.916092">
				<ele>530.66571</ele>
				<time>2026-06-18T02:46:53Z</time>
			</trkpt>
			<trkpt lat="63.726341" lon="-148.916077">
				<ele>530.054016</ele>
				<time>2026-06-18T02:46:57Z</time>
			</trkpt>
			<trkpt lat="63.726315" lon="-148.916">
				<ele>527.62915</ele>
				<time>2026-06-18T02:47:00Z</time>
			</trkpt>
			<trkpt lat="63.726315" lon="-148.916">
				<ele>527.62915</ele>
				<time>2026-06-18T02:47:00Z</time>
			</trkpt>
			<trkpt lat="63.726303" lon="-148.915894">
				<ele>526.625366</ele>
				<time>2026-06-18T02:47:04Z</time>
			</trkpt>
			<trkpt lat="63.726292" lon="-148.915771">
				<ele>525.136719</ele>
				<time>2026-06-18T02:47:08Z</time>
			</trkpt>
			<trkpt lat="63.726276" lon="-148.915665">
				<ele>523.116333</ele>
				<time>2026-06-18T02:47:15Z</time>
			</trkpt>
			<trkpt lat="63.726254" lon="-148.915588">
				<ele>522.596252</ele>
				<time>2026-06-18T02:47:22Z</time>
			</trkpt>
			<trkpt lat="63.726254" lon="-148.915588">
				<ele>522.596252</ele>
				<time>2026-06-18T02:47:22Z</time>
			</trkpt>
			<trkpt lat="63.726265" lon="-148.915482">
				<ele>521.078247</ele>
				<time>2026-06-18T02:47:26Z</time>
			</trkpt>
			<trkpt lat="63.72625" lon="-148.915375">
				<ele>519.914734</ele>
				<time>2026-06-18T02:47:32Z</time>
			</trkpt>
			<trkpt lat="63.726242" lon="-148.915283">
				<ele>520.127625</ele>
				<time>2026-06-18T02:47:35Z</time>
			</trkpt>
			<trkpt lat="63.726215" lon="-148.915176">
				<ele>518.664185</ele>
				<time>2026-06-18T02:47:40Z</time>
			</trkpt>
			<trkpt lat="63.726185" lon="-148.9151">
				<ele>517.986206</ele>
				<time>2026-06-18T02:47:46Z</time>
			</trkpt>
			<trkpt lat="63.726185" lon="-148.9151">
				<ele>517.986206</ele>
				<time>2026-06-18T02:47:46Z</time>
			</trkpt>
			<trkpt lat="63.726162" lon="-148.915009">
				<ele>517.841187</ele>
				<time>2026-06-18T02:47:51Z</time>
			</trkpt>
			<trkpt lat="63.726135" lon="-148.914886">
				<ele>515.430054</ele>
				<time>2026-06-18T02:47:57Z</time>
			</trkpt>
			<trkpt lat="63.726093" lon="-148.914825">
				<ele>513.932434</ele>
				<time>2026-06-18T02:48:02Z</time>
			</trkpt>
			<trkpt lat="63.726063" lon="-148.914719">
				<ele>512.628479</ele>
				<time>2026-06-18T02:48:06Z</time>
			</trkpt>
			<trkpt lat="63.726063" lon="-148.914719">
				<ele>512.628479</ele>
				<time>2026-06-18T02:48:06Z</time>
			</trkpt>
			<trkpt lat="63.726013" lon="-148.914719">
				<ele>512.436218</ele>
				<time>2026-06-18T02:48:10Z</time>
			</trkpt>
			<trkpt lat="63.725971" lon="-148.914658">
				<ele>513.567932</ele>
				<time>2026-06-18T02:48:14Z</time>
			</trkpt>
			<trkpt lat="63.725945" lon="-148.914566">
				<ele>514.917603</ele>
				<time>2026-06-18T02:48:18Z</time>
			</trkpt>
			<trkpt lat="63.725925" lon="-148.914459">
				<ele>515.168579</ele>
				<time>2026-06-18T02:48:25Z</time>
			</trkpt>
			<trkpt lat="63.725925" lon="-148.914459">
				<ele>515.168579</ele>
				<time>2026-06-18T02:48:25Z</time>
			</trkpt>
			<trkpt lat="63.725922" lon="-148.914368">
				<ele>515.94458</ele>
				<time>2026-06-18T02:48:32Z</time>
			</trkpt>
			<trkpt lat="63.725906" lon="-148.914246">
				<ele>515.425171</ele>
				<time>2026-06-18T02:48:35Z</time>
			</trkpt>
			<trkpt lat="63.725891" lon="-148.914139">
				<ele>515.585388</ele>
				<time>2026-06-18T02:48:42Z</time>
			</trkpt>
			<trkpt lat="63.725895" lon="-148.914032">
				<ele>514.00531</ele>
				<time>2026-06-18T02:48:50Z</time>
			</trkpt>
			<trkpt lat="63.725895" lon="-148.914032">
				<ele>514.00531</ele>
				<time>2026-06-18T02:48:50Z</time>
			</trkpt>
			<trkpt lat="63.725918" lon="-148.91394">
				<ele>513.551514</ele>
				<time>2026-06-18T02:49:07Z</time>
			</trkpt>
			<trkpt lat="63.725922" lon="-148.913834">
				<ele>515.253845</ele>
				<time>2026-06-18T02:49:13Z</time>
			</trkpt>
			<trkpt lat="63.725922" lon="-148.913834">
				<ele>515.253845</ele>
				<time>2026-06-18T02:49:13Z</time>
			</trkpt>
			<trkpt lat="63.725895" lon="-148.913742">
				<ele>513.288086</ele>
				<time>2026-06-18T02:49:30Z</time>
			</trkpt>
			<trkpt lat="63.725876" lon="-148.913666">
				<ele>512.242554</ele>
				<time>2026-06-18T02:49:34Z</time>
			</trkpt>
			<trkpt lat="63.725876" lon="-148.913666">
				<ele>512.242554</ele>
				<time>2026-06-18T02:49:34Z</time>
			</trkpt>
			<trkpt lat="63.725845" lon="-148.913574">
				<ele>512.300598</ele>
				<time>2026-06-18T02:49:38Z</time>
			</trkpt>
			<trkpt lat="63.725834" lon="-148.913452">
				<ele>511.704498</ele>
				<time>2026-06-18T02:49:43Z</time>
			</trkpt>
			<trkpt lat="63.72583" lon="-148.913361">
				<ele>511.053497</ele>
				<time>2026-06-18T02:49:47Z</time>
			</trkpt>
			<trkpt lat="63.725834" lon="-148.913254">
				<ele>510.079254</ele>
				<time>2026-06-18T02:49:52Z</time>
			</trkpt>
			<trkpt lat="63.725857" lon="-148.913162">
				<ele>509.003113</ele>
				<time>2026-06-18T02:49:58Z</time>
			</trkpt>
			<trkpt lat="63.725857" lon="-148.913162">
				<ele>509.003113</ele>
				<time>2026-06-18T02:49:58Z</time>
			</trkpt>
			<trkpt lat="63.725861" lon="-148.913055">
				<ele>509.901642</ele>
				<time>2026-06-18T02:50:03Z</time>
			</trkpt>
			<trkpt lat="63.725876" lon="-148.912949">
				<ele>509.197327</ele>
				<time>2026-06-18T02:50:07Z</time>
			</trkpt>
			<trkpt lat="63.725918" lon="-148.912933">
				<ele>512.127563</ele>
				<time>2026-06-18T02:51:37Z</time>
			</trkpt>
			<trkpt lat="63.725918" lon="-148.912933">
				<ele>512.127563</ele>
				<time>2026-06-18T02:51:37Z</time>
			</trkpt>
			<trkpt lat="63.725887" lon="-148.912872">
				<ele>511.5495</ele>
				<time>2026-06-18T02:51:45Z</time>
			</trkpt>
			<trkpt lat="63.72591" lon="-148.912949">
				<ele>509.169342</ele>
				<time>2026-06-18T02:52:49Z</time>
			</trkpt>
			<trkpt lat="63.72591" lon="-148.912949">
				<ele>509.169342</ele>
				<time>2026-06-18T02:52:49Z</time>
			</trkpt>
			<trkpt lat="63.72588" lon="-148.912857">
				<ele>509.65213</ele>
				<time>2026-06-18T02:54:28Z</time>
			</trkpt>
			<trkpt lat="63.72588" lon="-148.912857">
				<ele>509.65213</ele>
				<time>2026-06-18T02:54:28Z</time>
			</trkpt>
			<trkpt lat="63.725872" lon="-148.912735">
				<ele>511.272583</ele>
				<time>2026-06-18T02:54:33Z</time>
			</trkpt>
			<trkpt lat="63.72588" lon="-148.912643">
				<ele>510.863037</ele>
				<time>2026-06-18T02:54:36Z</time>
			</trkpt>
			<trkpt lat="63.725876" lon="-148.912537">
				<ele>511.173096</ele>
				<time>2026-06-18T02:54:40Z</time>
			</trkpt>
			<trkpt lat="63.725887" lon="-148.912445">
				<ele>510.410461</ele>
				<time>2026-06-18T02:54:44Z</time>
			</trkpt>
			<trkpt lat="63.725918" lon="-148.912369">
				<ele>510.02356</ele>
				<time>2026-06-18T02:54:49Z</time>
			</trkpt>
			<trkpt lat="63.725918" lon="-148.912369">
				<ele>510.02356</ele>
				<time>2026-06-18T02:54:49Z</time>
			</trkpt>
			<trkpt lat="63.725903" lon="-148.912277">
				<ele>510.890594</ele>
				<time>2026-06-18T02:54:53Z</time>
			</trkpt>
			<trkpt lat="63.725906" lon="-148.91217">
				<ele>510.098755</ele>
				<time>2026-06-18T02:54:57Z</time>
			</trkpt>
			<trkpt lat="63.725929" lon="-148.912079">
				<ele>509.934296</ele>
				<time>2026-06-18T02:55:01Z</time>
			</trkpt>
			<trkpt lat="63.72596" lon="-148.911972">
				<ele>510.685181</ele>
				<time>2026-06-18T02:55:05Z</time>
			</trkpt>
			<trkpt lat="63.725998" lon="-148.911926">
				<ele>511.96109</ele>
				<time>2026-06-18T02:55:08Z</time>
			</trkpt>
			<trkpt lat="63.725998" lon="-148.911926">
				<ele>511.96109</ele>
				<time>2026-06-18T02:55:08Z</time>
			</trkpt>
			<trkpt lat="63.726009" lon="-148.911835">
				<ele>513.255371</ele>
				<time>2026-06-18T02:55:16Z</time>
			</trkpt>
			<trkpt lat="63.726032" lon="-148.911728">
				<ele>512.319641</ele>
				<time>2026-06-18T02:55:20Z</time>
			</trkpt>
			<trkpt lat="63.726059" lon="-148.911636">
				<ele>513.675171</ele>
				<time>2026-06-18T02:55:27Z</time>
			</trkpt>
			<trkpt lat="63.726059" lon="-148.911636">
				<ele>513.675171</ele>
				<time>2026-06-18T02:55:27Z</time>
			</trkpt>
			<trkpt lat="63.726074" lon="-148.911514">
				<ele>513.277466</ele>
				<time>2026-06-18T02:55:45Z</time>
			</trkpt>
			<trkpt lat="63.726105" lon="-148.911438">
				<ele>512.703796</ele>
				<time>2026-06-18T02:55:50Z</time>
			</trkpt>
			<trkpt lat="63.726105" lon="-148.911438">
				<ele>512.703796</ele>
				<time>2026-06-18T02:55:50Z</time>
			</trkpt>
			<trkpt lat="63.726116" lon="-148.911316">
				<ele>511.834961</ele>
				<time>2026-06-18T02:55:55Z</time>
			</trkpt>
			<trkpt lat="63.726143" lon="-148.911209">
				<ele>511.095947</ele>
				<time>2026-06-18T02:56:01Z</time>
			</trkpt>
			<trkpt lat="63.726166" lon="-148.911118">
				<ele>510.602966</ele>
				<time>2026-06-18T02:56:05Z</time>
			</trkpt>
			<trkpt lat="63.726189" lon="-148.911011">
				<ele>511.197876</ele>
				<time>2026-06-18T02:56:10Z</time>
			</trkpt>
			<trkpt lat="63.726189" lon="-148.911011">
				<ele>511.197876</ele>
				<time>2026-06-18T02:56:10Z</time>
			</trkpt>
			<trkpt lat="63.726208" lon="-148.910919">
				<ele>511.489044</ele>
				<time>2026-06-18T02:56:14Z</time>
			</trkpt>
			<trkpt lat="63.726227" lon="-148.910828">
				<ele>513.988037</ele>
				<time>2026-06-18T02:56:18Z</time>
			</trkpt>
			<trkpt lat="63.726242" lon="-148.910721">
				<ele>516.140015</ele>
				<time>2026-06-18T02:56:24Z</time>
			</trkpt>
			<trkpt lat="63.726269" lon="-148.910645">
				<ele>517.870239</ele>
				<time>2026-06-18T02:56:29Z</time>
			</trkpt>
			<trkpt lat="63.726269" lon="-148.910645">
				<ele>517.870239</ele>
				<time>2026-06-18T02:56:29Z</time>
			</trkpt>
			<trkpt lat="63.726315" lon="-148.910599">
				<ele>516.952148</ele>
				<time>2026-06-18T02:56:34Z</time>
			</trkpt>
			<trkpt lat="63.726345" lon="-148.910507">
				<ele>516.361328</ele>
				<time>2026-06-18T02:56:38Z</time>
			</trkpt>
			<trkpt lat="63.726387" lon="-148.910446">
				<ele>515.988159</ele>
				<time>2026-06-18T02:56:42Z</time>
			</trkpt>
			<trkpt lat="63.726395" lon="-148.910339">
				<ele>517.474365</ele>
				<time>2026-06-18T02:56:46Z</time>
			</trkpt>
			<trkpt lat="63.726421" lon="-148.910278">
				<ele>516.959595</ele>
				<time>2026-06-18T02:56:49Z</time>
			</trkpt>
			<trkpt lat="63.726421" lon="-148.910278">
				<ele>516.959595</ele>
				<time>2026-06-18T02:56:49Z</time>
			</trkpt>
			<trkpt lat="63.72646" lon="-148.910217">
				<ele>516.546204</ele>
				<time>2026-06-18T02:56:52Z</time>
			</trkpt>
			<trkpt lat="63.72649" lon="-148.91011">
				<ele>515.219543</ele>
				<time>2026-06-18T02:56:57Z</time>
			</trkpt>
			<trkpt lat="63.726521" lon="-148.910019">
				<ele>515.666809</ele>
				<time>2026-06-18T02:57:00Z</time>
			</trkpt>
			<trkpt lat="63.726547" lon="-148.909943">
				<ele>514.573975</ele>
				<time>2026-06-18T02:57:03Z</time>
			</trkpt>
			<trkpt lat="63.726582" lon="-148.909882">
				<ele>514.315735</ele>
				<time>2026-06-18T02:57:07Z</time>
			</trkpt>
			<trkpt lat="63.726593" lon="-148.90979">
				<ele>516.636108</ele>
				<time>2026-06-18T02:57:10Z</time>
			</trkpt>
			<trkpt lat="63.726593" lon="-148.90979">
				<ele>516.636108</ele>
				<time>2026-06-18T02:57:10Z</time>
			</trkpt>
			<trkpt lat="63.726612" lon="-148.909698">
				<ele>516.315857</ele>
				<time>2026-06-18T02:57:14Z</time>
			</trkpt>
			<trkpt lat="63.726631" lon="-148.909576">
				<ele>517.035828</ele>
				<time>2026-06-18T02:57:18Z</time>
			</trkpt>
			<trkpt lat="63.726646" lon="-148.909485">
				<ele>517.182434</ele>
				<time>2026-06-18T02:57:23Z</time>
			</trkpt>
			<trkpt lat="63.726658" lon="-148.909348">
				<ele>519.770752</ele>
				<time>2026-06-18T02:57:27Z</time>
			</trkpt>
			<trkpt lat="63.726685" lon="-148.909271">
				<ele>520.763184</ele>
				<time>2026-06-18T02:57:31Z</time>
			</trkpt>
			<trkpt lat="63.726685" lon="-148.909271">
				<ele>520.763184</ele>
				<time>2026-06-18T02:57:31Z</time>
			</trkpt>
			<trkpt lat="63.726719" lon="-148.90921">
				<ele>520.609558</ele>
				<time>2026-06-18T02:57:34Z</time>
			</trkpt>
			<trkpt lat="63.72673" lon="-148.909103">
				<ele>520.270264</ele>
				<time>2026-06-18T02:57:39Z</time>
			</trkpt>
			<trkpt lat="63.726749" lon="-148.909012">
				<ele>519.193359</ele>
				<time>2026-06-18T02:57:43Z</time>
			</trkpt>
			<trkpt lat="63.726768" lon="-148.90892">
				<ele>518.75415</ele>
				<time>2026-06-18T02:57:47Z</time>
			</trkpt>
			<trkpt lat="63.726776" lon="-148.908813">
				<ele>518.720703</ele>
				<time>2026-06-18T02:57:50Z</time>
			</trkpt>
			<trkpt lat="63.726776" lon="-148.908813">
				<ele>518.720703</ele>
				<time>2026-06-18T02:57:50Z</time>
			</trkpt>
			<trkpt lat="63.726784" lon="-148.908707">
				<ele>519.387268</ele>
				<time>2026-06-18T02:57:54Z</time>
			</trkpt>
			<trkpt lat="63.726837" lon="-148.908615">
				<ele>519.986572</ele>
				<time>2026-06-18T02:57:58Z</time>
			</trkpt>
			<trkpt lat="63.726868" lon="-148.908554">
				<ele>520.511597</ele>
				<time>2026-06-18T02:58:01Z</time>
			</trkpt>
			<trkpt lat="63.72691" lon="-148.908493">
				<ele>522.024841</ele>
				<time>2026-06-18T02:58:05Z</time>
			</trkpt>
			<trkpt lat="63.726948" lon="-148.908539">
				<ele>522.332886</ele>
				<time>2026-06-18T02:58:08Z</time>
			</trkpt>
			<trkpt lat="63.726898" lon="-148.908539">
				<ele>521.541016</ele>
				<time>2026-06-18T02:58:21Z</time>
			</trkpt>
			<trkpt lat="63.726898" lon="-148.908539">
				<ele>521.541016</ele>
				<time>2026-06-18T02:58:21Z</time>
			</trkpt>
			<trkpt lat="63.726936" lon="-148.908508">
				<ele>521.144714</ele>
				<time>2026-06-18T02:58:32Z</time>
			</trkpt>
			<trkpt lat="63.726986" lon="-148.908508">
				<ele>521.342041</ele>
				<time>2026-06-18T02:58:37Z</time>
			</trkpt>
			<trkpt lat="63.727032" lon="-148.908539">
				<ele>522.155579</ele>
				<time>2026-06-18T02:58:42Z</time>
			</trkpt>
			<trkpt lat="63.727032" lon="-148.908539">
				<ele>522.155579</ele>
				<time>2026-06-18T02:58:42Z</time>
			</trkpt>
			<trkpt lat="63.727074" lon="-148.908569">
				<ele>521.610474</ele>
				<time>2026-06-18T02:58:45Z</time>
			</trkpt>
			<trkpt lat="63.727116" lon="-148.908539">
				<ele>521.278076</ele>
				<time>2026-06-18T02:58:50Z</time>
			</trkpt>
			<trkpt lat="63.72715" lon="-148.908463">
				<ele>521.494568</ele>
				<time>2026-06-18T02:58:53Z</time>
			</trkpt>
			<trkpt lat="63.727188" lon="-148.908401">
				<ele>521.113037</ele>
				<time>2026-06-18T02:58:56Z</time>
			</trkpt>
			<trkpt lat="63.727211" lon="-148.908295">
				<ele>520.926575</ele>
				<time>2026-06-18T02:59:00Z</time>
			</trkpt>
			<trkpt lat="63.727242" lon="-148.908203">
				<ele>518.686951</ele>
				<time>2026-06-18T02:59:04Z</time>
			</trkpt>
			<trkpt lat="63.727242" lon="-148.908203">
				<ele>518.686951</ele>
				<time>2026-06-18T02:59:04Z</time>
			</trkpt>
			<trkpt lat="63.727257" lon="-148.908081">
				<ele>519.300354</ele>
				<time>2026-06-18T02:59:08Z</time>
			</trkpt>
			<trkpt lat="63.727283" lon="-148.908005">
				<ele>521.43042</ele>
				<time>2026-06-18T02:59:12Z</time>
			</trkpt>
			<trkpt lat="63.727291" lon="-148.907913">
				<ele>521.044128</ele>
				<time>2026-06-18T02:59:16Z</time>
			</trkpt>
			<trkpt lat="63.727322" lon="-148.907822">
				<ele>521.766174</ele>
				<time>2026-06-18T02:59:20Z</time>
			</trkpt>
			<trkpt lat="63.727345" lon="-148.90773">
				<ele>521.185608</ele>
				<time>2026-06-18T02:59:23Z</time>
			</trkpt>
			<trkpt lat="63.727345" lon="-148.90773">
				<ele>521.185608</ele>
				<time>2026-06-18T02:59:23Z</time>
			</trkpt>
			<trkpt lat="63.727379" lon="-148.907639">
				<ele>519.777161</ele>
				<time>2026-06-18T02:59:27Z</time>
			</trkpt>
			<trkpt lat="63.727398" lon="-148.907547">
				<ele>520.606384</ele>
				<time>2026-06-18T02:59:30Z</time>
			</trkpt>
			<trkpt lat="63.727432" lon="-148.907455">
				<ele>519.65332</ele>
				<time>2026-06-18T02:59:34Z</time>
			</trkpt>
			<trkpt lat="63.727448" lon="-148.907364">
				<ele>520.076355</ele>
				<time>2026-06-18T02:59:37Z</time>
			</trkpt>
			<trkpt lat="63.727478" lon="-148.907272">
				<ele>520.067688</ele>
				<time>2026-06-18T02:59:41Z</time>
			</trkpt>
			<trkpt lat="63.727505" lon="-148.907166">
				<ele>520.538879</ele>
				<time>2026-06-18T02:59:45Z</time>
			</trkpt>
			<trkpt lat="63.727505" lon="-148.907166">
				<ele>520.538879</ele>
				<time>2026-06-18T02:59:45Z</time>
			</trkpt>
			<trkpt lat="63.727501" lon="-148.907043">
				<ele>521.09552</ele>
				<time>2026-06-18T02:59:49Z</time>
			</trkpt>
			<trkpt lat="63.727505" lon="-148.906937">
				<ele>521.686707</ele>
				<time>2026-06-18T02:59:52Z</time>
			</trkpt>
			<trkpt lat="63.727528" lon="-148.90683">
				<ele>522.300476</ele>
				<time>2026-06-18T02:59:56Z</time>
			</trkpt>
			<trkpt lat="63.727573" lon="-148.906769">
				<ele>521.849121</ele>
				<time>2026-06-18T03:00:00Z</time>
			</trkpt>
			<trkpt lat="63.727589" lon="-148.906677">
				<ele>520.553284</ele>
				<time>2026-06-18T03:00:03Z</time>
			</trkpt>
			<trkpt lat="63.727619" lon="-148.906586">
				<ele>519.939087</ele>
				<time>2026-06-18T03:00:07Z</time>
			</trkpt>
			<trkpt lat="63.727619" lon="-148.906586">
				<ele>519.939087</ele>
				<time>2026-06-18T03:00:07Z</time>
			</trkpt>
			<trkpt lat="63.727638" lon="-148.906479">
				<ele>521.190125</ele>
				<time>2026-06-18T03:00:11Z</time>
			</trkpt>
			<trkpt lat="63.727661" lon="-148.906387">
				<ele>521.704163</ele>
				<time>2026-06-18T03:00:15Z</time>
			</trkpt>
			<trkpt lat="63.727688" lon="-148.906281">
				<ele>520.767334</ele>
				<time>2026-06-18T03:00:19Z</time>
			</trkpt>
			<trkpt lat="63.727711" lon="-148.906174">
				<ele>520.557617</ele>
				<time>2026-06-18T03:00:23Z</time>
			</trkpt>
			<trkpt lat="63.727753" lon="-148.906113">
				<ele>520.968506</ele>
				<time>2026-06-18T03:00:27Z</time>
			</trkpt>
			<trkpt lat="63.727753" lon="-148.906113">
				<ele>520.968506</ele>
				<time>2026-06-18T03:00:27Z</time>
			</trkpt>
			<trkpt lat="63.72776" lon="-148.906006">
				<ele>521.478271</ele>
				<time>2026-06-18T03:00:31Z</time>
			</trkpt>
			<trkpt lat="63.727791" lon="-148.905914">
				<ele>522.292847</ele>
				<time>2026-06-18T03:00:37Z</time>
			</trkpt>
			<trkpt lat="63.727825" lon="-148.905853">
				<ele>521.236389</ele>
				<time>2026-06-18T03:00:40Z</time>
			</trkpt>
			<trkpt lat="63.727863" lon="-148.905777">
				<ele>523.643982</ele>
				<time>2026-06-18T03:00:44Z</time>
			</trkpt>
			<trkpt lat="63.727901" lon="-148.905716">
				<ele>523.854126</ele>
				<time>2026-06-18T03:00:47Z</time>
			</trkpt>
			<trkpt lat="63.727901" lon="-148.905716">
				<ele>523.854126</ele>
				<time>2026-06-18T03:00:47Z</time>
			</trkpt>
			<trkpt lat="63.727947" lon="-148.905685">
				<ele>523.527588</ele>
				<time>2026-06-18T03:00:51Z</time>
			</trkpt>
			<trkpt lat="63.727989" lon="-148.905609">
				<ele>522.594238</ele>
				<time>2026-06-18T03:00:55Z</time>
			</trkpt>
			<trkpt lat="63.728035" lon="-148.905609">
				<ele>521.881653</ele>
				<time>2026-06-18T03:00:58Z</time>
			</trkpt>
			<trkpt lat="63.728088" lon="-148.905594">
				<ele>521.886047</ele>
				<time>2026-06-18T03:01:02Z</time>
			</trkpt>
			<trkpt lat="63.728134" lon="-148.905563">
				<ele>522.733643</ele>
				<time>2026-06-18T03:01:06Z</time>
			</trkpt>
			<trkpt lat="63.728134" lon="-148.905563">
				<ele>522.733643</ele>
				<time>2026-06-18T03:01:06Z</time>
			</trkpt>
			<trkpt lat="63.728184" lon="-148.905579">
				<ele>522.839111</ele>
				<time>2026-06-18T03:01:10Z</time>
			</trkpt>
			<trkpt lat="63.728233" lon="-148.905548">
				<ele>521.75</ele>
				<time>2026-06-18T03:01:14Z</time>
			</trkpt>
			<trkpt lat="63.728287" lon="-148.905518">
				<ele>521.525513</ele>
				<time>2026-06-18T03:01:18Z</time>
			</trkpt>
			<trkpt lat="63.728325" lon="-148.905457">
				<ele>522.177612</ele>
				<time>2026-06-18T03:01:21Z</time>
			</trkpt>
			<trkpt lat="63.728352" lon="-148.90538">
				<ele>521.58197</ele>
				<time>2026-06-18T03:01:24Z</time>
			</trkpt>
			<trkpt lat="63.728397" lon="-148.905334">
				<ele>521.672729</ele>
				<time>2026-06-18T03:01:28Z</time>
			</trkpt>
			<trkpt lat="63.728397" lon="-148.905334">
				<ele>521.672729</ele>
				<time>2026-06-18T03:01:28Z</time>
			</trkpt>
			<trkpt lat="63.728436" lon="-148.905273">
				<ele>521.534729</ele>
				<time>2026-06-18T03:01:32Z</time>
			</trkpt>
			<trkpt lat="63.728462" lon="-148.905167">
				<ele>522.050598</ele>
				<time>2026-06-18T03:01:36Z</time>
			</trkpt>
			<trkpt lat="63.728497" lon="-148.90509">
				<ele>521.408875</ele>
				<time>2026-06-18T03:01:40Z</time>
			</trkpt>
			<trkpt lat="63.72855" lon="-148.90506">
				<ele>520.039124</ele>
				<time>2026-06-18T03:01:44Z</time>
			</trkpt>
			<trkpt lat="63.728592" lon="-148.904984">
				<ele>519.299927</ele>
				<time>2026-06-18T03:01:48Z</time>
			</trkpt>
			<trkpt lat="63.728592" lon="-148.904984">
				<ele>519.299927</ele>
				<time>2026-06-18T03:01:48Z</time>
			</trkpt>
			<trkpt lat="63.728619" lon="-148.904892">
				<ele>519.988281</ele>
				<time>2026-06-18T03:01:52Z</time>
			</trkpt>
			<trkpt lat="63.728653" lon="-148.904816">
				<ele>520.101135</ele>
				<time>2026-06-18T03:01:56Z</time>
			</trkpt>
			<trkpt lat="63.728691" lon="-148.904739">
				<ele>521.22522</ele>
				<time>2026-06-18T03:02:00Z</time>
			</trkpt>
			<trkpt lat="63.728733" lon="-148.904678">
				<ele>521.628052</ele>
				<time>2026-06-18T03:02:04Z</time>
			</trkpt>
			<trkpt lat="63.728783" lon="-148.904648">
				<ele>521.154358</ele>
				<time>2026-06-18T03:02:08Z</time>
			</trkpt>
			<trkpt lat="63.728783" lon="-148.904648">
				<ele>521.154358</ele>
				<time>2026-06-18T03:02:08Z</time>
			</trkpt>
			<trkpt lat="63.728825" lon="-148.904633">
				<ele>520.731506</ele>
				<time>2026-06-18T03:02:12Z</time>
			</trkpt>
			<trkpt lat="63.728867" lon="-148.904572">
				<ele>521.29657</ele>
				<time>2026-06-18T03:02:16Z</time>
			</trkpt>
			<trkpt lat="63.728916" lon="-148.904556">
				<ele>521.390747</ele>
				<time>2026-06-18T03:02:20Z</time>
			</trkpt>
			<trkpt lat="63.72897" lon="-148.904541">
				<ele>521.761414</ele>
				<time>2026-06-18T03:02:24Z</time>
			</trkpt>
			<trkpt lat="63.729023" lon="-148.904541">
				<ele>522.607544</ele>
				<time>2026-06-18T03:02:28Z</time>
			</trkpt>
			<trkpt lat="63.729023" lon="-148.904541">
				<ele>522.607544</ele>
				<time>2026-06-18T03:02:28Z</time>
			</trkpt>
			<trkpt lat="63.729076" lon="-148.90451">
				<ele>520.541931</ele>
				<time>2026-06-18T03:02:32Z</time>
			</trkpt>
			<trkpt lat="63.729122" lon="-148.90448">
				<ele>520.447021</ele>
				<time>2026-06-18T03:02:36Z</time>
			</trkpt>
			<trkpt lat="63.729156" lon="-148.904388">
				<ele>519.111084</ele>
				<time>2026-06-18T03:02:40Z</time>
			</trkpt>
			<trkpt lat="63.729176" lon="-148.904297">
				<ele>518.805786</ele>
				<time>2026-06-18T03:02:44Z</time>
			</trkpt>
			<trkpt lat="63.729202" lon="-148.904221">
				<ele>519.847839</ele>
				<time>2026-06-18T03:02:48Z</time>
			</trkpt>
			<trkpt lat="63.729202" lon="-148.904221">
				<ele>519.847839</ele>
				<time>2026-06-18T03:02:48Z</time>
			</trkpt>
			<trkpt lat="63.729248" lon="-148.90416">
				<ele>518.027283</ele>
				<time>2026-06-18T03:02:52Z</time>
			</trkpt>
			<trkpt lat="63.729275" lon="-148.904068">
				<ele>517.957764</ele>
				<time>2026-06-18T03:02:56Z</time>
			</trkpt>
			<trkpt lat="63.729321" lon="-148.904022">
				<ele>518.323669</ele>
				<time>2026-06-18T03:03:00Z</time>
			</trkpt>
			<trkpt lat="63.729362" lon="-148.903961">
				<ele>519.336182</ele>
				<time>2026-06-18T03:03:04Z</time>
			</trkpt>
			<trkpt lat="63.729404" lon="-148.9039">
				<ele>519.337891</ele>
				<time>2026-06-18T03:03:08Z</time>
			</trkpt>
			<trkpt lat="63.729404" lon="-148.9039">
				<ele>519.337891</ele>
				<time>2026-06-18T03:03:08Z</time>
			</trkpt>
			<trkpt lat="63.72945" lon="-148.903854">
				<ele>518.884949</ele>
				<time>2026-06-18T03:03:12Z</time>
			</trkpt>
			<trkpt lat="63.729492" lon="-148.903778">
				<ele>519.008972</ele>
				<time>2026-06-18T03:03:16Z</time>
			</trkpt>
			<trkpt lat="63.72953" lon="-148.903687">
				<ele>520.530273</ele>
				<time>2026-06-18T03:03:20Z</time>
			</trkpt>
			<trkpt lat="63.729584" lon="-148.903656">
				<ele>520.800842</ele>
				<time>2026-06-18T03:03:24Z</time>
			</trkpt>
			<trkpt lat="63.72963" lon="-148.90361">
				<ele>521.71637</ele>
				<time>2026-06-18T03:03:28Z</time>
			</trkpt>
			<trkpt lat="63.72963" lon="-148.90361">
				<ele>521.71637</ele>
				<time>2026-06-18T03:03:28Z</time>
			</trkpt>
			<trkpt lat="63.72966" lon="-148.903519">
				<ele>522.740173</ele>
				<time>2026-06-18T03:03:32Z</time>
			</trkpt>
			<trkpt lat="63.729702" lon="-148.903458">
				<ele>522.469177</ele>
				<time>2026-06-18T03:03:36Z</time>
			</trkpt>
			<trkpt lat="63.729748" lon="-148.903427">
				<ele>521.660461</ele>
				<time>2026-06-18T03:03:39Z</time>
			</trkpt>
			<trkpt lat="63.729794" lon="-148.903427">
				<ele>521.17627</ele>
				<time>2026-06-18T03:03:42Z</time>
			</trkpt>
			<trkpt lat="63.729839" lon="-148.903397">
				<ele>520.869751</ele>
				<time>2026-06-18T03:03:46Z</time>
			</trkpt>
			<trkpt lat="63.729893" lon="-148.903381">
				<ele>522.385193</ele>
				<time>2026-06-18T03:03:50Z</time>
			</trkpt>
			<trkpt lat="63.729893" lon="-148.903381">
				<ele>522.385193</ele>
				<time>2026-06-18T03:03:50Z</time>
			</trkpt>
			<trkpt lat="63.729942" lon="-148.903351">
				<ele>521.539429</ele>
				<time>2026-06-18T03:03:54Z</time>
			</trkpt>
			<trkpt lat="63.729988" lon="-148.90329">
				<ele>520.845459</ele>
				<time>2026-06-18T03:03:58Z</time>
			</trkpt>
			<trkpt lat="63.730019" lon="-148.903214">
				<ele>521.625366</ele>
				<time>2026-06-18T03:04:03Z</time>
			</trkpt>
			<trkpt lat="63.730061" lon="-148.903183">
				<ele>521.823914</ele>
				<time>2026-06-18T03:04:07Z</time>
			</trkpt>
			<trkpt lat="63.73011" lon="-148.903122">
				<ele>521.83252</ele>
				<time>2026-06-18T03:04:12Z</time>
			</trkpt>
			<trkpt lat="63.73011" lon="-148.903122">
				<ele>521.83252</ele>
				<time>2026-06-18T03:04:12Z</time>
			</trkpt>
			<trkpt lat="63.73016" lon="-148.903122">
				<ele>522.152588</ele>
				<time>2026-06-18T03:04:17Z</time>
			</trkpt>
			<trkpt lat="63.730209" lon="-148.903137">
				<ele>521.704773</ele>
				<time>2026-06-18T03:04:22Z</time>
			</trkpt>
			<trkpt lat="63.730259" lon="-148.903137">
				<ele>521.891724</ele>
				<time>2026-06-18T03:04:25Z</time>
			</trkpt>
			<trkpt lat="63.730301" lon="-148.903168">
				<ele>521.3349</ele>
				<time>2026-06-18T03:04:28Z</time>
			</trkpt>
			<trkpt lat="63.730343" lon="-148.903229">
				<ele>520.709412</ele>
				<time>2026-06-18T03:04:31Z</time>
			</trkpt>
			<trkpt lat="63.730343" lon="-148.903229">
				<ele>520.709412</ele>
				<time>2026-06-18T03:04:31Z</time>
			</trkpt>
			<trkpt lat="63.730381" lon="-148.903275">
				<ele>521.234741</ele>
				<time>2026-06-18T03:04:34Z</time>
			</trkpt>
			<trkpt lat="63.730431" lon="-148.903305">
				<ele>522.056091</ele>
				<time>2026-06-18T03:04:38Z</time>
			</trkpt>
			<trkpt lat="63.730484" lon="-148.903351">
				<ele>521.357117</ele>
				<time>2026-06-18T03:04:42Z</time>
			</trkpt>
			<trkpt lat="63.730534" lon="-148.903412">
				<ele>521.201904</ele>
				<time>2026-06-18T03:04:46Z</time>
			</trkpt>
			<trkpt lat="63.730587" lon="-148.903427">
				<ele>520.727905</ele>
				<time>2026-06-18T03:04:50Z</time>
			</trkpt>
			<trkpt lat="63.730587" lon="-148.903427">
				<ele>520.727905</ele>
				<time>2026-06-18T03:04:50Z</time>
			</trkpt>
			<trkpt lat="63.730637" lon="-148.903442">
				<ele>522.049988</ele>
				<time>2026-06-18T03:04:54Z</time>
			</trkpt>
			<trkpt lat="63.73069" lon="-148.903427">
				<ele>523.581116</ele>
				<time>2026-06-18T03:04:58Z</time>
			</trkpt>
			<trkpt lat="63.730732" lon="-148.903427">
				<ele>526.556091</ele>
				<time>2026-06-18T03:05:02Z</time>
			</trkpt>
			<trkpt lat="63.730782" lon="-148.903427">
				<ele>527.875122</ele>
				<time>2026-06-18T03:05:06Z</time>
			</trkpt>
			<trkpt lat="63.730827" lon="-148.903381">
				<ele>525.204712</ele>
				<time>2026-06-18T03:05:10Z</time>
			</trkpt>
			<trkpt lat="63.730827" lon="-148.903381">
				<ele>525.204712</ele>
				<time>2026-06-18T03:05:10Z</time>
			</trkpt>
			<trkpt lat="63.730881" lon="-148.903381">
				<ele>524.897522</ele>
				<time>2026-06-18T03:05:14Z</time>
			</trkpt>
			<trkpt lat="63.730923" lon="-148.903366">
				<ele>524.520813</ele>
				<time>2026-06-18T03:05:18Z</time>
			</trkpt>
			<trkpt lat="63.730957" lon="-148.903305">
				<ele>525.063599</ele>
				<time>2026-06-18T03:05:22Z</time>
			</trkpt>
			<trkpt lat="63.730988" lon="-148.903214">
				<ele>524.126587</ele>
				<time>2026-06-18T03:05:26Z</time>
			</trkpt>
			<trkpt lat="63.731033" lon="-148.903152">
				<ele>524.544983</ele>
				<time>2026-06-18T03:05:30Z</time>
			</trkpt>
			<trkpt lat="63.731033" lon="-148.903152">
				<ele>524.544983</ele>
				<time>2026-06-18T03:05:30Z</time>
			</trkpt>
			<trkpt lat="63.731071" lon="-148.903107">
				<ele>524.686646</ele>
				<time>2026-06-18T03:05:34Z</time>
			</trkpt>
			<trkpt lat="63.731113" lon="-148.903061">
				<ele>524.970398</ele>
				<time>2026-06-18T03:05:38Z</time>
			</trkpt>
			<trkpt lat="63.731136" lon="-148.902954">
				<ele>524.223938</ele>
				<time>2026-06-18T03:05:42Z</time>
			</trkpt>
			<trkpt lat="63.731155" lon="-148.902863">
				<ele>524.644287</ele>
				<time>2026-06-18T03:05:46Z</time>
			</trkpt>
			<trkpt lat="63.731178" lon="-148.902771">
				<ele>522.032471</ele>
				<time>2026-06-18T03:05:51Z</time>
			</trkpt>
			<trkpt lat="63.731178" lon="-148.902771">
				<ele>522.032471</ele>
				<time>2026-06-18T03:05:51Z</time>
			</trkpt>
			<trkpt lat="63.731186" lon="-148.902664">
				<ele>521.300476</ele>
				<time>2026-06-18T03:05:55Z</time>
			</trkpt>
			<trkpt lat="63.731216" lon="-148.902573">
				<ele>520.257507</ele>
				<time>2026-06-18T03:06:00Z</time>
			</trkpt>
			<trkpt lat="63.731251" lon="-148.902481">
				<ele>520.69989</ele>
				<time>2026-06-18T03:06:04Z</time>
			</trkpt>
			<trkpt lat="63.731293" lon="-148.902466">
				<ele>521.423279</ele>
				<time>2026-06-18T03:06:07Z</time>
			</trkpt>
			<trkpt lat="63.731335" lon="-148.90242">
				<ele>521.907471</ele>
				<time>2026-06-18T03:06:10Z</time>
			</trkpt>
			<trkpt lat="63.731335" lon="-148.90242">
				<ele>521.907471</ele>
				<time>2026-06-18T03:06:10Z</time>
			</trkpt>
			<trkpt lat="63.731384" lon="-148.90239">
				<ele>523.423706</ele>
				<time>2026-06-18T03:06:14Z</time>
			</trkpt>
			<trkpt lat="63.73143" lon="-148.902405">
				<ele>522.707031</ele>
				<time>2026-06-18T03:06:17Z</time>
			</trkpt>
			<trkpt lat="63.731483" lon="-148.902405">
				<ele>523.751953</ele>
				<time>2026-06-18T03:06:21Z</time>
			</trkpt>
			<trkpt lat="63.731537" lon="-148.902435">
				<ele>522.941528</ele>
				<time>2026-06-18T03:06:25Z</time>
			</trkpt>
			<trkpt lat="63.731579" lon="-148.902466">
				<ele>523.165588</ele>
				<time>2026-06-18T03:06:28Z</time>
			</trkpt>
			<trkpt lat="63.731617" lon="-148.902496">
				<ele>524.080139</ele>
				<time>2026-06-18T03:06:31Z</time>
			</trkpt>
			<trkpt lat="63.731617" lon="-148.902496">
				<ele>524.080139</ele>
				<time>2026-06-18T03:06:31Z</time>
			</trkpt>
			<trkpt lat="63.731663" lon="-148.902496">
				<ele>523.387939</ele>
				<time>2026-06-18T03:06:35Z</time>
			</trkpt>
			<trkpt lat="63.731709" lon="-148.902496">
				<ele>521.82843</ele>
				<time>2026-06-18T03:06:39Z</time>
			</trkpt>
			<trkpt lat="63.73175" lon="-148.902451">
				<ele>522.034912</ele>
				<time>2026-06-18T03:06:43Z</time>
			</trkpt>
			<trkpt lat="63.731808" lon="-148.902451">
				<ele>523.663025</ele>
				<time>2026-06-18T03:06:48Z</time>
			</trkpt>
			<trkpt lat="63.731857" lon="-148.902435">
				<ele>523.757019</ele>
				<time>2026-06-18T03:06:52Z</time>
			</trkpt>
			<trkpt lat="63.731857" lon="-148.902435">
				<ele>523.757019</ele>
				<time>2026-06-18T03:06:52Z</time>
			</trkpt>
			<trkpt lat="63.731907" lon="-148.902435">
				<ele>522.422302</ele>
				<time>2026-06-18T03:06:56Z</time>
			</trkpt>
			<trkpt lat="63.731941" lon="-148.902374">
				<ele>522.619568</ele>
				<time>2026-06-18T03:07:00Z</time>
			</trkpt>
			<trkpt lat="63.731979" lon="-148.902298">
				<ele>522.328186</ele>
				<time>2026-06-18T03:07:05Z</time>
			</trkpt>
			<trkpt lat="63.732029" lon="-148.902283">
				<ele>520.216309</ele>
				<time>2026-06-18T03:07:09Z</time>
			</trkpt>
			<trkpt lat="63.731998" lon="-148.902344">
				<ele>515.557312</ele>
				<time>2026-06-18T03:07:12Z</time>
			</trkpt>
			<trkpt lat="63.731998" lon="-148.902344">
				<ele>515.557312</ele>
				<time>2026-06-18T03:07:12Z</time>
			</trkpt>
			<trkpt lat="63.73204" lon="-148.902298">
				<ele>518.571045</ele>
				<time>2026-06-18T03:07:14Z</time>
			</trkpt>
			<trkpt lat="63.732067" lon="-148.902191">
				<ele>518.982361</ele>
				<time>2026-06-18T03:07:18Z</time>
			</trkpt>
			<trkpt lat="63.732071" lon="-148.9021">
				<ele>519.94574</ele>
				<time>2026-06-18T03:07:21Z</time>
			</trkpt>
			<trkpt lat="63.732117" lon="-148.902054">
				<ele>517.466248</ele>
				<time>2026-06-18T03:07:24Z</time>
			</trkpt>
			<trkpt lat="63.732132" lon="-148.901962">
				<ele>515.984558</ele>
				<time>2026-06-18T03:07:33Z</time>
			</trkpt>
			<trkpt lat="63.732132" lon="-148.901962">
				<ele>515.984558</ele>
				<time>2026-06-18T03:07:33Z</time>
			</trkpt>
			<trkpt lat="63.732151" lon="-148.901855">
				<ele>515.434875</ele>
				<time>2026-06-18T03:07:37Z</time>
			</trkpt>
			<trkpt lat="63.732178" lon="-148.901749">
				<ele>516.038635</ele>
				<time>2026-06-18T03:07:41Z</time>
			</trkpt>
			<trkpt lat="63.732201" lon="-148.901672">
				<ele>516.233398</ele>
				<time>2026-06-18T03:07:44Z</time>
			</trkpt>
			<trkpt lat="63.732227" lon="-148.901596">
				<ele>516.794189</ele>
				<time>2026-06-18T03:07:47Z</time>
			</trkpt>
			<trkpt lat="63.732243" lon="-148.901489">
				<ele>517.953613</ele>
				<time>2026-06-18T03:07:51Z</time>
			</trkpt>
			<trkpt lat="63.732273" lon="-148.901413">
				<ele>517.876526</ele>
				<time>2026-06-18T03:07:55Z</time>
			</trkpt>
			<trkpt lat="63.732273" lon="-148.901413">
				<ele>517.876526</ele>
				<time>2026-06-18T03:07:55Z</time>
			</trkpt>
			<trkpt lat="63.732307" lon="-148.901337">
				<ele>519.162781</ele>
				<time>2026-06-18T03:07:59Z</time>
			</trkpt>
			<trkpt lat="63.732323" lon="-148.90123">
				<ele>519.061096</ele>
				<time>2026-06-18T03:08:03Z</time>
			</trkpt>
			<trkpt lat="63.732349" lon="-148.901138">
				<ele>520.049805</ele>
				<time>2026-06-18T03:08:07Z</time>
			</trkpt>
			<trkpt lat="63.732376" lon="-148.901062">
				<ele>519.57074</ele>
				<time>2026-06-18T03:08:11Z</time>
			</trkpt>
			<trkpt lat="63.732403" lon="-148.900986">
				<ele>520.048096</ele>
				<time>2026-06-18T03:08:15Z</time>
			</trkpt>
			<trkpt lat="63.732403" lon="-148.900986">
				<ele>520.048096</ele>
				<time>2026-06-18T03:08:15Z</time>
			</trkpt>
			<trkpt lat="63.732414" lon="-148.900879">
				<ele>518.074524</ele>
				<time>2026-06-18T03:08:19Z</time>
			</trkpt>
			<trkpt lat="63.732433" lon="-148.900787">
				<ele>518.10498</ele>
				<time>2026-06-18T03:08:23Z</time>
			</trkpt>
			<trkpt lat="63.732449" lon="-148.900696">
				<ele>518.635437</ele>
				<time>2026-06-18T03:08:27Z</time>
			</trkpt>
			<trkpt lat="63.732468" lon="-148.900604">
				<ele>517.875305</ele>
				<time>2026-06-18T03:08:32Z</time>
			</trkpt>
			<trkpt lat="63.732494" lon="-148.900513">
				<ele>516.757263</ele>
				<time>2026-06-18T03:08:37Z</time>
			</trkpt>
			<trkpt lat="63.732494" lon="-148.900513">
				<ele>516.757263</ele>
				<time>2026-06-18T03:08:37Z</time>
			</trkpt>
			<trkpt lat="63.732521" lon="-148.900406">
				<ele>517.052917</ele>
				<time>2026-06-18T03:08:41Z</time>
			</trkpt>
			<trkpt lat="63.73254" lon="-148.900299">
				<ele>517.616821</ele>
				<time>2026-06-18T03:08:45Z</time>
			</trkpt>
			<trkpt lat="63.732571" lon="-148.900208">
				<ele>516.865479</ele>
				<time>2026-06-18T03:08:49Z</time>
			</trkpt>
			<trkpt lat="63.732601" lon="-148.900116">
				<ele>517.870728</ele>
				<time>2026-06-18T03:08:53Z</time>
			</trkpt>
			<trkpt lat="63.732624" lon="-148.900024">
				<ele>517.156677</ele>
				<time>2026-06-18T03:08:57Z</time>
			</trkpt>
			<trkpt lat="63.732624" lon="-148.900024">
				<ele>517.156677</ele>
				<time>2026-06-18T03:08:57Z</time>
			</trkpt>
			<trkpt lat="63.732639" lon="-148.899933">
				<ele>516.223389</ele>
				<time>2026-06-18T03:09:01Z</time>
			</trkpt>
			<trkpt lat="63.732662" lon="-148.899826">
				<ele>516.486755</ele>
				<time>2026-06-18T03:09:06Z</time>
			</trkpt>
			<trkpt lat="63.732712" lon="-148.899811">
				<ele>523.050476</ele>
				<time>2026-06-18T03:09:13Z</time>
			</trkpt>
			<trkpt lat="63.73275" lon="-148.899734">
				<ele>520.330505</ele>
				<time>2026-06-18T03:09:18Z</time>
			</trkpt>
			<trkpt lat="63.73275" lon="-148.899734">
				<ele>520.330505</ele>
				<time>2026-06-18T03:09:18Z</time>
			</trkpt>
			<trkpt lat="63.732788" lon="-148.899689">
				<ele>516.719421</ele>
				<time>2026-06-18T03:09:22Z</time>
			</trkpt>
			<trkpt lat="63.732815" lon="-148.899582">
				<ele>515.471069</ele>
				<time>2026-06-18T03:09:27Z</time>
			</trkpt>
			<trkpt lat="63.732826" lon="-148.899475">
				<ele>513.920288</ele>
				<time>2026-06-18T03:09:31Z</time>
			</trkpt>
			<trkpt lat="63.732838" lon="-148.899384">
				<ele>513.521912</ele>
				<time>2026-06-18T03:09:35Z</time>
			</trkpt>
			<trkpt lat="63.732838" lon="-148.899261">
				<ele>513.630981</ele>
				<time>2026-06-18T03:09:39Z</time>
			</trkpt>
			<trkpt lat="63.732838" lon="-148.899261">
				<ele>513.630981</ele>
				<time>2026-06-18T03:09:39Z</time>
			</trkpt>
			<trkpt lat="63.732853" lon="-148.89917">
				<ele>511.830688</ele>
				<time>2026-06-18T03:09:43Z</time>
			</trkpt>
			<trkpt lat="63.732864" lon="-148.899063">
				<ele>511.90155</ele>
				<time>2026-06-18T03:09:48Z</time>
			</trkpt>
			<trkpt lat="63.732883" lon="-148.898972">
				<ele>511.100922</ele>
				<time>2026-06-18T03:09:51Z</time>
			</trkpt>
			<trkpt lat="63.732899" lon="-148.898865">
				<ele>511.484192</ele>
				<time>2026-06-18T03:09:55Z</time>
			</trkpt>
			<trkpt lat="63.73291" lon="-148.898743">
				<ele>510.953339</ele>
				<time>2026-06-18T03:09:59Z</time>
			</trkpt>
			<trkpt lat="63.73291" lon="-148.898743">
				<ele>510.953339</ele>
				<time>2026-06-18T03:09:59Z</time>
			</trkpt>
			<trkpt lat="63.732929" lon="-148.898651">
				<ele>511.651184</ele>
				<time>2026-06-18T03:10:03Z</time>
			</trkpt>
			<trkpt lat="63.732952" lon="-148.898544">
				<ele>510.505188</ele>
				<time>2026-06-18T03:10:07Z</time>
			</trkpt>
			<trkpt lat="63.732956" lon="-148.898438">
				<ele>511.421478</ele>
				<time>2026-06-18T03:10:11Z</time>
			</trkpt>
			<trkpt lat="63.732986" lon="-148.898346">
				<ele>510.404114</ele>
				<time>2026-06-18T03:10:15Z</time>
			</trkpt>
			<trkpt lat="63.733009" lon="-148.898254">
				<ele>511.56778</ele>
				<time>2026-06-18T03:10:19Z</time>
			</trkpt>
			<trkpt lat="63.733009" lon="-148.898254">
				<ele>511.56778</ele>
				<time>2026-06-18T03:10:19Z</time>
			</trkpt>
			<trkpt lat="63.733032" lon="-148.898163">
				<ele>511.678223</ele>
				<time>2026-06-18T03:10:23Z</time>
			</trkpt>
			<trkpt lat="63.733036" lon="-148.898056">
				<ele>510.480011</ele>
				<time>2026-06-18T03:10:27Z</time>
			</trkpt>
			<trkpt lat="63.733051" lon="-148.897949">
				<ele>509.287872</ele>
				<time>2026-06-18T03:10:31Z</time>
			</trkpt>
			<trkpt lat="63.733082" lon="-148.897873">
				<ele>508.63205</ele>
				<time>2026-06-18T03:10:35Z</time>
			</trkpt>
			<trkpt lat="63.733093" lon="-148.897781">
				<ele>510.080963</ele>
				<time>2026-06-18T03:10:39Z</time>
			</trkpt>
			<trkpt lat="63.733093" lon="-148.897781">
				<ele>510.080963</ele>
				<time>2026-06-18T03:10:39Z</time>
			</trkpt>
			<trkpt lat="63.733074" lon="-148.897675">
				<ele>509.966522</ele>
				<time>2026-06-18T03:10:43Z</time>
			</trkpt>
			<trkpt lat="63.733089" lon="-148.897583">
				<ele>510.686005</ele>
				<time>2026-06-18T03:10:47Z</time>
			</trkpt>
			<trkpt lat="63.733074" lon="-148.897476">
				<ele>510.073029</ele>
				<time>2026-06-18T03:10:52Z</time>
			</trkpt>
			<trkpt lat="63.733025" lon="-148.89743">
				<ele>506.90625</ele>
				<time>2026-06-18T03:10:58Z</time>
			</trkpt>
			<trkpt lat="63.733025" lon="-148.89743">
				<ele>506.90625</ele>
				<time>2026-06-18T03:10:58Z</time>
			</trkpt>
			<trkpt lat="63.732975" lon="-148.897415">
				<ele>506.069458</ele>
				<time>2026-06-18T03:11:02Z</time>
			</trkpt>
			<trkpt lat="63.732983" lon="-148.897552">
				<ele>503.923737</ele>
				<time>2026-06-18T03:11:09Z</time>
			</trkpt>
			<trkpt lat="63.732998" lon="-148.897385">
				<ele>504.451538</ele>
				<time>2026-06-18T03:11:12Z</time>
			</trkpt>
			<trkpt lat="63.732937" lon="-148.897324">
				<ele>506.787384</ele>
				<time>2026-06-18T03:11:29Z</time>
			</trkpt>
			<trkpt lat="63.732937" lon="-148.897324">
				<ele>506.787384</ele>
				<time>2026-06-18T03:11:29Z</time>
			</trkpt>
			<trkpt lat="63.732895" lon="-148.897369">
				<ele>507.445313</ele>
				<time>2026-06-18T03:11:38Z</time>
			</trkpt>
			<trkpt lat="63.73296" lon="-148.897217">
				<ele>506.648224</ele>
				<time>2026-06-18T03:12:20Z</time>
			</trkpt>
			<trkpt lat="63.73296" lon="-148.897217">
				<ele>506.648224</ele>
				<time>2026-06-18T03:12:20Z</time>
			</trkpt>
			<trkpt lat="63.732986" lon="-148.897354">
				<ele>506.877045</ele>
				<time>2026-06-18T03:12:24Z</time>
			</trkpt>
			<trkpt lat="63.732914" lon="-148.897354">
				<ele>506.490784</ele>
				<time>2026-06-18T03:12:30Z</time>
			</trkpt>
			<trkpt lat="63.73296" lon="-148.897339">
				<ele>505.489502</ele>
				<time>2026-06-18T03:12:55Z</time>
			</trkpt>
			<trkpt lat="63.73296" lon="-148.897339">
				<ele>505.489502</ele>
				<time>2026-06-18T03:12:55Z</time>
			</trkpt>
			<trkpt lat="63.732929" lon="-148.897415">
				<ele>504.27594</ele>
				<time>2026-06-18T03:13:21Z</time>
			</trkpt>
			<trkpt lat="63.732929" lon="-148.897415">
				<ele>504.27594</ele>
				<time>2026-06-18T03:13:21Z</time>
			</trkpt>
			<trkpt lat="63.73291" lon="-148.897308">
				<ele>505.668549</ele>
				<time>2026-06-18T03:14:03Z</time>
			</trkpt>
			<trkpt lat="63.73291" lon="-148.897308">
				<ele>505.668549</ele>
				<time>2026-06-18T03:14:03Z</time>
			</trkpt>
			<trkpt lat="63.732967" lon="-148.897232">
				<ele>505.267975</ele>
				<time>2026-06-18T03:14:12Z</time>
			</trkpt>
			<trkpt lat="63.732925" lon="-148.897293">
				<ele>506.108185</ele>
				<time>2026-06-18T03:14:14Z</time>
			</trkpt>
			<trkpt lat="63.73296" lon="-148.897217">
				<ele>506.893921</ele>
				<time>2026-06-18T03:14:22Z</time>
			</trkpt>
			<trkpt lat="63.73296" lon="-148.897217">
				<ele>506.893921</ele>
				<time>2026-06-18T03:14:22Z</time>
			</trkpt>
			<trkpt lat="63.73288" lon="-148.897278">
				<ele>506.421295</ele>
				<time>2026-06-18T03:14:51Z</time>
			</trkpt>
			<trkpt lat="63.73288" lon="-148.897278">
				<ele>506.421295</ele>
				<time>2026-06-18T03:14:51Z</time>
			</trkpt>
			<trkpt lat="63.732956" lon="-148.897263">
				<ele>508.784149</ele>
				<time>2026-06-18T03:14:55Z</time>
			</trkpt>
			<trkpt lat="63.732998" lon="-148.897339">
				<ele>512.179932</ele>
				<time>2026-06-18T03:15:08Z</time>
			</trkpt>
			<trkpt lat="63.733051" lon="-148.897324">
				<ele>509.041992</ele>
				<time>2026-06-18T03:15:17Z</time>
			</trkpt>
			<trkpt lat="63.733051" lon="-148.897324">
				<ele>509.041992</ele>
				<time>2026-06-18T03:15:17Z</time>
			</trkpt>
			<trkpt lat="63.733089" lon="-148.897385">
				<ele>511.934418</ele>
				<time>2026-06-18T03:15:25Z</time>
			</trkpt>
			<trkpt lat="63.733112" lon="-148.897476">
				<ele>511.408478</ele>
				<time>2026-06-18T03:15:29Z</time>
			</trkpt>
			<trkpt lat="63.73307" lon="-148.89743">
				<ele>511.669678</ele>
				<time>2026-06-18T03:15:40Z</time>
			</trkpt>
			<trkpt lat="63.73307" lon="-148.89743">
				<ele>511.669678</ele>
				<time>2026-06-18T03:15:40Z</time>
			</trkpt>
			<trkpt lat="63.733021" lon="-148.897461">
				<ele>511.99942</ele>
				<time>2026-06-18T03:15:46Z</time>
			</trkpt>
			<trkpt lat="63.732975" lon="-148.897507">
				<ele>509.471802</ele>
				<time>2026-06-18T03:15:50Z</time>
			</trkpt>
			<trkpt lat="63.732941" lon="-148.897568">
				<ele>508.474091</ele>
				<time>2026-06-18T03:15:54Z</time>
			</trkpt>
			<trkpt lat="63.732899" lon="-148.897537">
				<ele>509.698212</ele>
				<time>2026-06-18T03:15:58Z</time>
			</trkpt>
			<trkpt lat="63.732853" lon="-148.897522">
				<ele>510.318207</ele>
				<time>2026-06-18T03:16:03Z</time>
			</trkpt>
			<trkpt lat="63.732853" lon="-148.897522">
				<ele>510.318207</ele>
				<time>2026-06-18T03:16:03Z</time>
			</trkpt>
			<trkpt lat="63.732807" lon="-148.897537">
				<ele>509.644684</ele>
				<time>2026-06-18T03:16:07Z</time>
			</trkpt>
			<trkpt lat="63.732765" lon="-148.897507">
				<ele>510.155212</ele>
				<time>2026-06-18T03:16:13Z</time>
			</trkpt>
			<trkpt lat="63.732731" lon="-148.89743">
				<ele>510.395996</ele>
				<time>2026-06-18T03:16:20Z</time>
			</trkpt>
			<trkpt lat="63.7327" lon="-148.897339">
				<ele>510.789825</ele>
				<time>2026-06-18T03:16:24Z</time>
			</trkpt>
			<trkpt lat="63.7327" lon="-148.897339">
				<ele>510.789825</ele>
				<time>2026-06-18T03:16:24Z</time>
			</trkpt>
			<trkpt lat="63.73267" lon="-148.897247">
				<ele>510.741119</ele>
				<time>2026-06-18T03:16:29Z</time>
			</trkpt>
			<trkpt lat="63.732635" lon="-148.897171">
				<ele>509.778259</ele>
				<time>2026-06-18T03:16:33Z</time>
			</trkpt>
			<trkpt lat="63.732601" lon="-148.89711">
				<ele>509.641327</ele>
				<time>2026-06-18T03:16:37Z</time>
			</trkpt>
			<trkpt lat="63.732552" lon="-148.897079">
				<ele>508.534302</ele>
				<time>2026-06-18T03:16:42Z</time>
			</trkpt>
			<trkpt lat="63.732498" lon="-148.897079">
				<ele>509.048676</ele>
				<time>2026-06-18T03:16:46Z</time>
			</trkpt>
			<trkpt lat="63.732498" lon="-148.897079">
				<ele>509.048676</ele>
				<time>2026-06-18T03:16:46Z</time>
			</trkpt>
			<trkpt lat="63.732452" lon="-148.897064">
				<ele>509.137787</ele>
				<time>2026-06-18T03:16:50Z</time>
			</trkpt>
			<trkpt lat="63.732403" lon="-148.897064">
				<ele>509.152435</ele>
				<time>2026-06-18T03:16:54Z</time>
			</trkpt>
			<trkpt lat="63.732353" lon="-148.897003">
				<ele>508.765228</ele>
				<time>2026-06-18T03:16:58Z</time>
			</trkpt>
			<trkpt lat="63.732307" lon="-148.897034">
				<ele>509.570343</ele>
				<time>2026-06-18T03:17:01Z</time>
			</trkpt>
			<trkpt lat="63.732262" lon="-148.896988">
				<ele>508.187256</ele>
				<time>2026-06-18T03:17:05Z</time>
			</trkpt>
			<trkpt lat="63.732262" lon="-148.896988">
				<ele>508.187256</ele>
				<time>2026-06-18T03:17:05Z</time>
			</trkpt>
			<trkpt lat="63.732212" lon="-148.896973">
				<ele>508.007538</ele>
				<time>2026-06-18T03:17:09Z</time>
			</trkpt>
			<trkpt lat="63.732166" lon="-148.896942">
				<ele>507.240204</ele>
				<time>2026-06-18T03:17:13Z</time>
			</trkpt>
			<trkpt lat="63.732121" lon="-148.896912">
				<ele>507.859711</ele>
				<time>2026-06-18T03:17:17Z</time>
			</trkpt>
			<trkpt lat="63.732071" lon="-148.896866">
				<ele>507.577362</ele>
				<time>2026-06-18T03:17:21Z</time>
			</trkpt>
			<trkpt lat="63.732029" lon="-148.896851">
				<ele>506.945953</ele>
				<time>2026-06-18T03:17:25Z</time>
			</trkpt>
			<trkpt lat="63.732029" lon="-148.896851">
				<ele>506.945953</ele>
				<time>2026-06-18T03:17:25Z</time>
			</trkpt>
			<trkpt lat="63.731979" lon="-148.896896">
				<ele>505.548157</ele>
				<time>2026-06-18T03:17:31Z</time>
			</trkpt>
			<trkpt lat="63.731945" lon="-148.896957">
				<ele>507.126373</ele>
				<time>2026-06-18T03:17:35Z</time>
			</trkpt>
			<trkpt lat="63.731922" lon="-148.897034">
				<ele>507.563812</ele>
				<time>2026-06-18T03:17:39Z</time>
			</trkpt>
			<trkpt lat="63.731876" lon="-148.897095">
				<ele>508.672058</ele>
				<time>2026-06-18T03:17:44Z</time>
			</trkpt>
			<trkpt lat="63.731876" lon="-148.897095">
				<ele>508.672058</ele>
				<time>2026-06-18T03:17:44Z</time>
			</trkpt>
			<trkpt lat="63.731834" lon="-148.897156">
				<ele>510.06311</ele>
				<time>2026-06-18T03:17:50Z</time>
			</trkpt>
			<trkpt lat="63.731781" lon="-148.897186">
				<ele>509.340363</ele>
				<time>2026-06-18T03:17:53Z</time>
			</trkpt>
			<trkpt lat="63.731739" lon="-148.897156">
				<ele>508.993286</ele>
				<time>2026-06-18T03:17:56Z</time>
			</trkpt>
			<trkpt lat="63.731693" lon="-148.897064">
				<ele>507.92215</ele>
				<time>2026-06-18T03:18:00Z</time>
			</trkpt>
			<trkpt lat="63.731655" lon="-148.896988">
				<ele>507.541016</ele>
				<time>2026-06-18T03:18:04Z</time>
			</trkpt>
			<trkpt lat="63.731655" lon="-148.896988">
				<ele>507.541016</ele>
				<time>2026-06-18T03:18:04Z</time>
			</trkpt>
			<trkpt lat="63.731621" lon="-148.897049">
				<ele>505.953552</ele>
				<time>2026-06-18T03:18:08Z</time>
			</trkpt>
			<trkpt lat="63.731579" lon="-148.897034">
				<ele>505.546906</ele>
				<time>2026-06-18T03:18:12Z</time>
			</trkpt>
			<trkpt lat="63.731525" lon="-148.897034">
				<ele>505.574188</ele>
				<time>2026-06-18T03:18:16Z</time>
			</trkpt>
			<trkpt lat="63.73148" lon="-148.897003">
				<ele>506.376709</ele>
				<time>2026-06-18T03:18:20Z</time>
			</trkpt>
			<trkpt lat="63.73143" lon="-148.896973">
				<ele>506.637512</ele>
				<time>2026-06-18T03:18:24Z</time>
			</trkpt>
			<trkpt lat="63.73143" lon="-148.896973">
				<ele>506.637512</ele>
				<time>2026-06-18T03:18:24Z</time>
			</trkpt>
			<trkpt lat="63.731384" lon="-148.896973">
				<ele>506.24707</ele>
				<time>2026-06-18T03:18:28Z</time>
			</trkpt>
			<trkpt lat="63.731335" lon="-148.896988">
				<ele>506.936768</ele>
				<time>2026-06-18T03:18:33Z</time>
			</trkpt>
			<trkpt lat="63.731285" lon="-148.897003">
				<ele>506.364075</ele>
				<time>2026-06-18T03:18:38Z</time>
			</trkpt>
			<trkpt lat="63.731239" lon="-148.897034">
				<ele>505.654114</ele>
				<time>2026-06-18T03:18:42Z</time>
			</trkpt>
			<trkpt lat="63.731201" lon="-148.897079">
				<ele>504.57782</ele>
				<time>2026-06-18T03:18:46Z</time>
			</trkpt>
			<trkpt lat="63.731201" lon="-148.897079">
				<ele>504.57782</ele>
				<time>2026-06-18T03:18:46Z</time>
			</trkpt>
			<trkpt lat="63.731155" lon="-148.897095">
				<ele>504.823883</ele>
				<time>2026-06-18T03:18:50Z</time>
			</trkpt>
			<trkpt lat="63.731125" lon="-148.897171">
				<ele>505.183411</ele>
				<time>2026-06-18T03:18:54Z</time>
			</trkpt>
			<trkpt lat="63.731079" lon="-148.897186">
				<ele>505.422974</ele>
				<time>2026-06-18T03:18:58Z</time>
			</trkpt>
			<trkpt lat="63.731037" lon="-148.897263">
				<ele>504.880493</ele>
				<time>2026-06-18T03:19:03Z</time>
			</trkpt>
			<trkpt lat="63.730995" lon="-148.897263">
				<ele>506.155701</ele>
				<time>2026-06-18T03:19:07Z</time>
			</trkpt>
			<trkpt lat="63.730995" lon="-148.897263">
				<ele>506.155701</ele>
				<time>2026-06-18T03:19:07Z</time>
			</trkpt>
			<trkpt lat="63.730972" lon="-148.897354">
				<ele>508.240051</ele>
				<time>2026-06-18T03:19:12Z</time>
			</trkpt>
			<trkpt lat="63.730923" lon="-148.897354">
				<ele>507.753662</ele>
				<time>2026-06-18T03:19:24Z</time>
			</trkpt>
			<trkpt lat="63.730877" lon="-148.897324">
				<ele>507.241425</ele>
				<time>2026-06-18T03:19:29Z</time>
			</trkpt>
			<trkpt lat="63.730877" lon="-148.897324">
				<ele>507.241425</ele>
				<time>2026-06-18T03:19:29Z</time>
			</trkpt>
			<trkpt lat="63.730835" lon="-148.897293">
				<ele>507.891663</ele>
				<time>2026-06-18T03:19:33Z</time>
			</trkpt>
			<trkpt lat="63.730793" lon="-148.897263">
				<ele>507.083466</ele>
				<time>2026-06-18T03:19:37Z</time>
			</trkpt>
			<trkpt lat="63.730751" lon="-148.897202">
				<ele>508.1633</ele>
				<time>2026-06-18T03:19:42Z</time>
			</trkpt>
			<trkpt lat="63.730705" lon="-148.897186">
				<ele>509.110992</ele>
				<time>2026-06-18T03:19:46Z</time>
			</trkpt>
			<trkpt lat="63.730648" lon="-148.897156">
				<ele>509.158966</ele>
				<time>2026-06-18T03:19:51Z</time>
			</trkpt>
			<trkpt lat="63.730648" lon="-148.897156">
				<ele>509.158966</ele>
				<time>2026-06-18T03:19:51Z</time>
			</trkpt>
			<trkpt lat="63.730606" lon="-148.89711">
				<ele>508.748047</ele>
				<time>2026-06-18T03:19:55Z</time>
			</trkpt>
			<trkpt lat="63.73056" lon="-148.89711">
				<ele>509.376984</ele>
				<time>2026-06-18T03:19:59Z</time>
			</trkpt>
			<trkpt lat="63.730522" lon="-148.897064">
				<ele>507.883667</ele>
				<time>2026-06-18T03:20:03Z</time>
			</trkpt>
			<trkpt lat="63.730488" lon="-148.897003">
				<ele>508.324646</ele>
				<time>2026-06-18T03:20:07Z</time>
			</trkpt>
			<trkpt lat="63.730438" lon="-148.896988">
				<ele>507.840454</ele>
				<time>2026-06-18T03:20:11Z</time>
			</trkpt>
			<trkpt lat="63.730438" lon="-148.896988">
				<ele>507.840454</ele>
				<time>2026-06-18T03:20:11Z</time>
			</trkpt>
			<trkpt lat="63.730396" lon="-148.896942">
				<ele>510.489746</ele>
				<time>2026-06-18T03:20:15Z</time>
			</trkpt>
			<trkpt lat="63.730343" lon="-148.896912">
				<ele>509.440033</ele>
				<time>2026-06-18T03:20:19Z</time>
			</trkpt>
			<trkpt lat="63.730297" lon="-148.896881">
				<ele>509.856323</ele>
				<time>2026-06-18T03:20:23Z</time>
			</trkpt>
			<trkpt lat="63.730267" lon="-148.89682">
				<ele>510.494781</ele>
				<time>2026-06-18T03:20:27Z</time>
			</trkpt>
			<trkpt lat="63.730221" lon="-148.89682">
				<ele>508.115265</ele>
				<time>2026-06-18T03:20:35Z</time>
			</trkpt>
			<trkpt lat="63.730221" lon="-148.89682">
				<ele>508.115265</ele>
				<time>2026-06-18T03:20:35Z</time>
			</trkpt>
			<trkpt lat="63.730183" lon="-148.896896">
				<ele>509.071838</ele>
				<time>2026-06-18T03:20:43Z</time>
			</trkpt>
			<trkpt lat="63.730183" lon="-148.896988">
				<ele>512.233643</ele>
				<time>2026-06-18T03:20:51Z</time>
			</trkpt>
			<trkpt lat="63.730171" lon="-148.897095">
				<ele>513.588623</ele>
				<time>2026-06-18T03:20:58Z</time>
			</trkpt>
			<trkpt lat="63.730171" lon="-148.897095">
				<ele>513.588623</ele>
				<time>2026-06-18T03:20:58Z</time>
			</trkpt>
			<trkpt lat="63.730167" lon="-148.897186">
				<ele>517.312805</ele>
				<time>2026-06-18T03:21:04Z</time>
			</trkpt>
			<trkpt lat="63.730148" lon="-148.897278">
				<ele>517.385681</ele>
				<time>2026-06-18T03:21:07Z</time>
			</trkpt>
			<trkpt lat="63.730137" lon="-148.897369">
				<ele>518.343567</ele>
				<time>2026-06-18T03:21:11Z</time>
			</trkpt>
			<trkpt lat="63.730122" lon="-148.897476">
				<ele>518.695374</ele>
				<time>2026-06-18T03:21:15Z</time>
			</trkpt>
			<trkpt lat="63.730118" lon="-148.897568">
				<ele>518.34259</ele>
				<time>2026-06-18T03:21:19Z</time>
			</trkpt>
			<trkpt lat="63.730118" lon="-148.897568">
				<ele>518.34259</ele>
				<time>2026-06-18T03:21:19Z</time>
			</trkpt>
			<trkpt lat="63.730091" lon="-148.897675">
				<ele>519.159668</ele>
				<time>2026-06-18T03:21:24Z</time>
			</trkpt>
			<trkpt lat="63.730053" lon="-148.897766">
				<ele>518.107849</ele>
				<time>2026-06-18T03:21:28Z</time>
			</trkpt>
			<trkpt lat="63.730038" lon="-148.897873">
				<ele>517.621765</ele>
				<time>2026-06-18T03:21:33Z</time>
			</trkpt>
			<trkpt lat="63.730007" lon="-148.897964">
				<ele>517.181824</ele>
				<time>2026-06-18T03:21:37Z</time>
			</trkpt>
			<trkpt lat="63.729988" lon="-148.898056">
				<ele>516.600647</ele>
				<time>2026-06-18T03:21:41Z</time>
			</trkpt>
			<trkpt lat="63.729988" lon="-148.898056">
				<ele>516.600647</ele>
				<time>2026-06-18T03:21:41Z</time>
			</trkpt>
			<trkpt lat="63.729958" lon="-148.898148">
				<ele>516.430176</ele>
				<time>2026-06-18T03:21:45Z</time>
			</trkpt>
			<trkpt lat="63.729939" lon="-148.898239">
				<ele>515.484924</ele>
				<time>2026-06-18T03:21:49Z</time>
			</trkpt>
			<trkpt lat="63.729919" lon="-148.898346">
				<ele>516.414429</ele>
				<time>2026-06-18T03:21:54Z</time>
			</trkpt>
			<trkpt lat="63.729919" lon="-148.898468">
				<ele>516.78772</ele>
				<time>2026-06-18T03:21:58Z</time>
			</trkpt>
			<trkpt lat="63.729904" lon="-148.89856">
				<ele>515.792053</ele>
				<time>2026-06-18T03:22:02Z</time>
			</trkpt>
			<trkpt lat="63.729904" lon="-148.89856">
				<ele>515.792053</ele>
				<time>2026-06-18T03:22:02Z</time>
			</trkpt>
			<trkpt lat="63.72987" lon="-148.898621">
				<ele>515.970337</ele>
				<time>2026-06-18T03:22:05Z</time>
			</trkpt>
			<trkpt lat="63.729866" lon="-148.898743">
				<ele>516.32312</ele>
				<time>2026-06-18T03:22:09Z</time>
			</trkpt>
			<trkpt lat="63.729862" lon="-148.898834">
				<ele>516.179443</ele>
				<time>2026-06-18T03:22:13Z</time>
			</trkpt>
			<trkpt lat="63.72982" lon="-148.898895">
				<ele>515.942261</ele>
				<time>2026-06-18T03:22:17Z</time>
			</trkpt>
			<trkpt lat="63.729774" lon="-148.898895">
				<ele>512.03009</ele>
				<time>2026-06-18T03:22:22Z</time>
			</trkpt>
			<trkpt lat="63.729774" lon="-148.898895">
				<ele>512.03009</ele>
				<time>2026-06-18T03:22:22Z</time>
			</trkpt>
			<trkpt lat="63.729721" lon="-148.89888">
				<ele>511.704956</ele>
				<time>2026-06-18T03:22:26Z</time>
			</trkpt>
			<trkpt lat="63.729683" lon="-148.898911">
				<ele>512.163391</ele>
				<time>2026-06-18T03:22:29Z</time>
			</trkpt>
			<trkpt lat="63.729649" lon="-148.898972">
				<ele>513.351135</ele>
				<time>2026-06-18T03:22:33Z</time>
			</trkpt>
			<trkpt lat="63.729614" lon="-148.898895">
				<ele>513.643372</ele>
				<time>2026-06-18T03:22:39Z</time>
			</trkpt>
			<trkpt lat="63.729565" lon="-148.898849">
				<ele>515.279297</ele>
				<time>2026-06-18T03:22:53Z</time>
			</trkpt>
			<trkpt lat="63.729565" lon="-148.898849">
				<ele>515.279297</ele>
				<time>2026-06-18T03:22:53Z</time>
			</trkpt>
			<trkpt lat="63.729549" lon="-148.898758">
				<ele>514.120422</ele>
				<time>2026-06-18T03:23:14Z</time>
			</trkpt>
			<trkpt lat="63.729549" lon="-148.898758">
				<ele>514.120422</ele>
				<time>2026-06-18T03:23:14Z</time>
			</trkpt>
			<trkpt lat="63.729542" lon="-148.898849">
				<ele>511.729889</ele>
				<time>2026-06-18T03:24:02Z</time>
			</trkpt>
		</trkseg>
	</trk>
</gpx>
