<gpx xmlns:onx="https://wwww.onxmaps.com/" xmlns="http://www.topografix.com/GPX/1/1" xmlns:xsi="http://www.w3.org/2001/XMLSchema-instance" xsi:schemaLocation="http://www.topografix.com/GPX/1/1 http://www.topografix.com/GPX/1/1/gpx.xsd" version="1.1" creator="onXmaps backcountry web"><metadata/><trk><name>East Fork River &amp; Tundra</name><desc>name=East Fork River &amp; Tundra
notes=
id=2a057746-4fa9-40b4-8028-b783fd9c59ec
color=rgba(0,255,255,1)
style=dash
weight=4.0</desc><extensions><onx:color>rgba(0,255,255,1)</onx:color><onx:style>dash</onx:style><onx:weight>4.0</onx:weight></extensions><trkseg><trkpt lat="63.558281" lon="-149.794205"><ele>952.41217</ele><time>2026-06-19T18:19:33.497Z</time></trkpt><trkpt lat="63.558247" lon="-149.794312"><ele>945.010925</ele><time>2026-06-19T18:20:28.021Z</time></trkpt><trkpt lat="63.558197" lon="-149.794342"><ele>943.0896</ele><time>2026-06-19T18:20:28.021Z</time></trkpt><trkpt lat="63.55817" lon="-149.794449"><ele>942.707825</ele><time>2026-06-19T18:20:33.135Z</time></trkpt><trkpt lat="63.558079" lon="-149.794403"><ele>937.125366</ele><time>2026-06-19T18:20:38.026Z</time></trkpt><trkpt lat="63.558056" lon="-149.794327"><ele>939.929565</ele><time>2026-06-19T18:20:44.023Z</time></trkpt><trkpt lat="63.55806" lon="-149.79422"><ele>936.715393</ele><time>2026-06-19T18:20:49.024Z</time></trkpt><trkpt lat="63.558029" lon="-149.793991"><ele>932.007629</ele><time>2026-06-19T18:20:49.024Z</time></trkpt><trkpt lat="63.557995" lon="-149.794022"><ele>932.25708</ele><time>2026-06-19T18:20:56.021Z</time></trkpt><trkpt lat="63.557961" lon="-149.794006"><ele>930.748901</ele><time>2026-06-19T18:21:06.026Z</time></trkpt><trkpt lat="63.557957" lon="-149.793915"><ele>930.690979</ele><time>2026-06-19T18:21:19.027Z</time></trkpt><trkpt lat="63.557922" lon="-149.793884"><ele>930.455444</ele><time>2026-06-19T18:21:19.027Z</time></trkpt><trkpt lat="63.557922" lon="-149.793823"><ele>930.863525</ele><time>2026-06-19T18:21:24.021Z</time></trkpt><trkpt lat="63.557964" lon="-149.793701"><ele>933.518555</ele><time>2026-06-19T18:21:29.021Z</time></trkpt><trkpt lat="63.557964" lon="-149.79364"><ele>935.165344</ele><time>2026-06-19T18:21:34.027Z</time></trkpt><trkpt lat="63.557987" lon="-149.793671"><ele>935.429626</ele><time>2026-06-19T18:21:40.021Z</time></trkpt><trkpt lat="63.557964" lon="-149.793701"><ele>934.717224</ele><time>2026-06-19T18:21:29.021Z</time></trkpt><trkpt lat="63.557861" lon="-149.793671"><ele>931.646606</ele><time>2026-06-19T18:21:44.021Z</time></trkpt><trkpt lat="63.5578" lon="-149.793488"><ele>931.897705</ele><time>2026-06-19T18:21:49.027Z</time></trkpt><trkpt lat="63.557785" lon="-149.793365"><ele>931.165588</ele><time>2026-06-19T18:21:52.024Z</time></trkpt><trkpt lat="63.557808" lon="-149.793243"><ele>932.382935</ele><time>2026-06-19T18:21:55.024Z</time></trkpt><trkpt lat="63.557796" lon="-149.793182"><ele>930.675781</ele><time>2026-06-19T18:22:04.027Z</time></trkpt><trkpt lat="63.557804" lon="-149.793106"><ele>931.815796</ele><time>2026-06-19T18:22:04.027Z</time></trkpt><trkpt lat="63.557732" lon="-149.792664"><ele>931.825806</ele><time>2026-06-19T18:22:16.021Z</time></trkpt><trkpt lat="63.557663" lon="-149.792465"><ele>931.109558</ele><time>2026-06-19T18:22:28.021Z</time></trkpt><trkpt lat="63.557617" lon="-149.792206"><ele>933.000671</ele><time>2026-06-19T18:22:38.028Z</time></trkpt><trkpt lat="63.557617" lon="-149.79213"><ele>930.571655</ele><time>2026-06-19T18:22:38.028Z</time></trkpt><trkpt lat="63.55756" lon="-149.791931"><ele>932.513611</ele><time>2026-06-19T18:22:43.023Z</time></trkpt><trkpt lat="63.55756" lon="-149.79187"><ele>933.441895</ele><time>2026-06-19T18:22:46.028Z</time></trkpt><trkpt lat="63.557453" lon="-149.791534"><ele>932.890564</ele><time>2026-06-19T18:22:52.021Z</time></trkpt><trkpt lat="63.557468" lon="-149.791473"><ele>933.990967</ele><time>2026-06-19T18:22:56.021Z</time></trkpt><trkpt lat="63.557423" lon="-149.791245"><ele>932.935669</ele><time>2026-06-19T18:23:00.030Z</time></trkpt><trkpt lat="63.557426" lon="-149.791138"><ele>934.139404</ele><time>2026-06-19T18:23:00.030Z</time></trkpt><trkpt lat="63.55735" lon="-149.791046"><ele>936.335327</ele><time>2026-06-19T18:23:06.026Z</time></trkpt><trkpt lat="63.557259" lon="-149.790588"><ele>934.967224</ele><time>2026-06-19T18:23:11.021Z</time></trkpt><trkpt lat="63.557194" lon="-149.790482"><ele>934.621094</ele><time>2026-06-19T18:23:16.025Z</time></trkpt><trkpt lat="63.557125" lon="-149.790146"><ele>935.048035</ele><time>2026-06-19T18:23:23.026Z</time></trkpt><trkpt lat="63.557098" lon="-149.790115"><ele>935.198059</ele><time>2026-06-19T18:23:23.026Z</time></trkpt><trkpt lat="63.556984" lon="-149.789856"><ele>934.787842</ele><time>2026-06-19T18:23:27.023Z</time></trkpt><trkpt lat="63.556969" lon="-149.789749"><ele>935.167358</ele><time>2026-06-19T18:23:30.028Z</time></trkpt><trkpt lat="63.556889" lon="-149.78952"><ele>934.676514</ele><time>2026-06-19T18:23:36.025Z</time></trkpt><trkpt lat="63.556797" lon="-149.789322"><ele>935.277161</ele><time>2026-06-19T18:23:39.024Z</time></trkpt><trkpt lat="63.556778" lon="-149.789093"><ele>935.70929</ele><time>2026-06-19T18:23:42.030Z</time></trkpt><trkpt lat="63.556671" lon="-149.788773"><ele>935.827515</ele><time>2026-06-19T18:23:42.030Z</time></trkpt><trkpt lat="63.556641" lon="-149.788605"><ele>936.60437</ele><time>2026-06-19T18:23:48.025Z</time></trkpt><trkpt lat="63.556644" lon="-149.788544"><ele>936.786194</ele><time>2026-06-19T18:23:51.024Z</time></trkpt><trkpt lat="63.55658" lon="-149.788467"><ele>937.429749</ele><time>2026-06-19T18:23:54.029Z</time></trkpt><trkpt lat="63.556549" lon="-149.788376"><ele>936.209717</ele><time>2026-06-19T18:23:58.029Z</time></trkpt><trkpt lat="63.556492" lon="-149.788361"><ele>937.421021</ele><time>2026-06-19T18:24:01.024Z</time></trkpt><trkpt lat="63.55645" lon="-149.788223"><ele>935.684753</ele><time>2026-06-19T18:24:01.024Z</time></trkpt><trkpt lat="63.556377" lon="-149.788162"><ele>937.761841</ele><time>2026-06-19T18:24:05.025Z</time></trkpt><trkpt lat="63.556385" lon="-149.788071"><ele>938.869812</ele><time>2026-06-19T18:24:08.023Z</time></trkpt><trkpt lat="63.556343" lon="-149.78801"><ele>938.861328</ele><time>2026-06-19T18:24:12.024Z</time></trkpt><trkpt lat="63.556343" lon="-149.787903"><ele>937.89978</ele><time>2026-06-19T18:24:15.023Z</time></trkpt><trkpt lat="63.556202" lon="-149.787445"><ele>938.059204</ele><time>2026-06-19T18:24:19.024Z</time></trkpt><trkpt lat="63.55621" lon="-149.787323"><ele>938.582764</ele><time>2026-06-19T18:24:22.027Z</time></trkpt><trkpt lat="63.55619" lon="-149.787262"><ele>940.090698</ele><time>2026-06-19T18:24:22.027Z</time></trkpt><trkpt lat="63.556145" lon="-149.787216"><ele>940.667542</ele><time>2026-06-19T18:24:25.023Z</time></trkpt><trkpt lat="63.55611" lon="-149.787109"><ele>939.398987</ele><time>2026-06-19T18:24:29.029Z</time></trkpt><trkpt lat="63.556068" lon="-149.787064"><ele>939.805786</ele><time>2026-06-19T18:24:35.023Z</time></trkpt><trkpt lat="63.556046" lon="-149.786804"><ele>940.432373</ele><time>2026-06-19T18:24:38.025Z</time></trkpt><trkpt lat="63.556023" lon="-149.786713"><ele>938.884827</ele><time>2026-06-19T18:24:41.025Z</time></trkpt><trkpt lat="63.555904" lon="-149.786514"><ele>939.222412</ele><time>2026-06-19T18:24:41.025Z</time></trkpt><trkpt lat="63.555878" lon="-149.786377"><ele>938.580627</ele><time>2026-06-19T18:24:44.024Z</time></trkpt><trkpt lat="63.555798" lon="-149.786194"><ele>939.56073</ele><time>2026-06-19T18:24:47.025Z</time></trkpt><trkpt lat="63.555744" lon="-149.78595"><ele>938.258728</ele><time>2026-06-19T18:24:51.023Z</time></trkpt><trkpt lat="63.55571" lon="-149.785965"><ele>941.895142</ele><time>2026-06-19T18:24:53.027Z</time></trkpt><trkpt lat="63.55571" lon="-149.785904"><ele>941.163452</ele><time>2026-06-19T18:24:56.023Z</time></trkpt><trkpt lat="63.555687" lon="-149.785904"><ele>940.411804</ele><time>2026-06-19T18:24:59.029Z</time></trkpt><trkpt lat="63.555664" lon="-149.785934"><ele>940.205017</ele><time>2026-06-19T18:25:02.025Z</time></trkpt><trkpt lat="63.555546" lon="-149.78598"><ele>940.095642</ele><time>2026-06-19T18:25:02.025Z</time></trkpt><trkpt lat="63.555477" lon="-149.785934"><ele>941.070068</ele><time>2026-06-19T18:25:05.023Z</time></trkpt><trkpt lat="63.555435" lon="-149.785797"><ele>940.391052</ele><time>2026-06-19T18:25:09.023Z</time></trkpt><trkpt lat="63.555344" lon="-149.785797"><ele>939.752747</ele><time>2026-06-19T18:25:12.024Z</time></trkpt><trkpt lat="63.555294" lon="-149.785751"><ele>941.414063</ele><time>2026-06-19T18:25:15.024Z</time></trkpt><trkpt lat="63.55521" lon="-149.785721"><ele>942.343262</ele><time>2026-06-19T18:25:18.028Z</time></trkpt><trkpt lat="63.555187" lon="-149.78569"><ele>944.419922</ele><time>2026-06-19T18:25:22.025Z</time></trkpt><trkpt lat="63.55513" lon="-149.785706"><ele>942.789856</ele><time>2026-06-19T18:25:22.025Z</time></trkpt><trkpt lat="63.555111" lon="-149.78566"><ele>942.547852</ele><time>2026-06-19T18:25:26.027Z</time></trkpt><trkpt lat="63.555084" lon="-149.78566"><ele>942.348694</ele><time>2026-06-19T18:25:29.023Z</time></trkpt><trkpt lat="63.554977" lon="-149.785477"><ele>941.348572</ele><time>2026-06-19T18:25:31.023Z</time></trkpt><trkpt lat="63.554897" lon="-149.785446"><ele>941.486084</ele><time>2026-06-19T18:25:34.029Z</time></trkpt><trkpt lat="63.554855" lon="-149.78537"><ele>941.392212</ele><time>2026-06-19T18:25:38.027Z</time></trkpt><trkpt lat="63.554714" lon="-149.785049"><ele>943.483704</ele><time>2026-06-19T18:25:41.025Z</time></trkpt><trkpt lat="63.554649" lon="-149.784943"><ele>943.523254</ele><time>2026-06-19T18:25:41.025Z</time></trkpt><trkpt lat="63.554619" lon="-149.784927"><ele>944.812256</ele><time>2026-06-19T18:25:44.027Z</time></trkpt><trkpt lat="63.554447" lon="-149.784439"><ele>944.385803</ele><time>2026-06-19T18:25:56.025Z</time></trkpt><trkpt lat="63.554424" lon="-149.784393"><ele>944.634583</ele><time>2026-06-19T18:25:59.030Z</time></trkpt><trkpt lat="63.554348" lon="-149.784317"><ele>945.081604</ele><time>2026-06-19T18:26:04.023Z</time></trkpt><trkpt lat="63.55431" lon="-149.784225"><ele>944.598938</ele><time>2026-06-19T18:26:04.023Z</time></trkpt><trkpt lat="63.554264" lon="-149.784195"><ele>945.17749</ele><time>2026-06-19T18:26:07.030Z</time></trkpt><trkpt lat="63.554249" lon="-149.784134"><ele>943.55896</ele><time>2026-06-19T18:26:10.028Z</time></trkpt><trkpt lat="63.554218" lon="-149.784134"><ele>943.396545</ele><time>2026-06-19T18:26:13.029Z</time></trkpt><trkpt lat="63.554199" lon="-149.784103"><ele>942.955872</ele><time>2026-06-19T18:26:16.023Z</time></trkpt><trkpt lat="63.554089" lon="-149.784073"><ele>944.325928</ele><time>2026-06-19T18:26:20.030Z</time></trkpt><trkpt lat="63.554073" lon="-149.784012"><ele>944.482483</ele><time>2026-06-19T18:26:23.029Z</time></trkpt><trkpt lat="63.553982" lon="-149.78392"><ele>945.472961</ele><time>2026-06-19T18:26:23.029Z</time></trkpt><trkpt lat="63.553925" lon="-149.783813"><ele>942.625183</ele><time>2026-06-19T18:26:26.029Z</time></trkpt><trkpt lat="63.553814" lon="-149.783676"><ele>944.913879</ele><time>2026-06-19T18:26:29.021Z</time></trkpt><trkpt lat="63.553791" lon="-149.783676"><ele>946.467163</ele><time>2026-06-19T18:26:32.024Z</time></trkpt><trkpt lat="63.553776" lon="-149.78363"><ele>945.966248</ele><time>2026-06-19T18:26:35.024Z</time></trkpt><trkpt lat="63.553715" lon="-149.783554"><ele>945.826111</ele><time>2026-06-19T18:26:38.029Z</time></trkpt><trkpt lat="63.553585" lon="-149.783447"><ele>944.902222</ele><time>2026-06-19T18:26:42.027Z</time></trkpt><trkpt lat="63.553455" lon="-149.783432"><ele>946.971191</ele><time>2026-06-19T18:26:42.027Z</time></trkpt><trkpt lat="63.553345" lon="-149.783356"><ele>946.83429</ele><time>2026-06-19T18:26:45.026Z</time></trkpt><trkpt lat="63.553322" lon="-149.783371"><ele>947.612</ele><time>2026-06-19T18:26:49.023Z</time></trkpt><trkpt lat="63.553246" lon="-149.78331"><ele>946.379639</ele><time>2026-06-19T18:26:52.024Z</time></trkpt><trkpt lat="63.553196" lon="-149.783325"><ele>947.018066</ele><time>2026-06-19T18:26:56.028Z</time></trkpt><trkpt lat="63.55315" lon="-149.78331"><ele>945.822998</ele><time>2026-06-19T18:26:58.026Z</time></trkpt><trkpt lat="63.553127" lon="-149.783279"><ele>945.885742</ele><time>2026-06-19T18:27:02.027Z</time></trkpt><trkpt lat="63.553101" lon="-149.783295"><ele>947.609253</ele><time>2026-06-19T18:27:02.027Z</time></trkpt><trkpt lat="63.552998" lon="-149.783295"><ele>948.071106</ele><time>2026-06-19T18:27:05.024Z</time></trkpt><trkpt lat="63.552967" lon="-149.78331"><ele>946.823608</ele><time>2026-06-19T18:27:08.026Z</time></trkpt><trkpt lat="63.552917" lon="-149.783463"><ele>948.356445</ele><time>2026-06-19T18:27:11.026Z</time></trkpt><trkpt lat="63.552895" lon="-149.783463"><ele>948.2771</ele><time>2026-06-19T18:27:13.029Z</time></trkpt><trkpt lat="63.552841" lon="-149.783524"><ele>948.347473</ele><time>2026-06-19T18:27:16.028Z</time></trkpt><trkpt lat="63.552803" lon="-149.783615"><ele>950.130615</ele><time>2026-06-19T18:27:19.027Z</time></trkpt><trkpt lat="63.552795" lon="-149.783676"><ele>951.647156</ele><time>2026-06-19T18:27:22.025Z</time></trkpt><trkpt lat="63.552715" lon="-149.783752"><ele>949.442993</ele><time>2026-06-19T18:27:22.025Z</time></trkpt><trkpt lat="63.552605" lon="-149.783951"><ele>950.037598</ele><time>2026-06-19T18:27:25.025Z</time></trkpt><trkpt lat="63.552437" lon="-149.784317"><ele>949.21521</ele><time>2026-06-19T18:27:27.025Z</time></trkpt><trkpt lat="63.552361" lon="-149.784653"><ele>949.959717</ele><time>2026-06-19T18:27:30.027Z</time></trkpt><trkpt lat="63.552292" lon="-149.784836"><ele>949.916931</ele><time>2026-06-19T18:27:33.029Z</time></trkpt><trkpt lat="63.552258" lon="-149.784851"><ele>949.586914</ele><time>2026-06-19T18:27:35.025Z</time></trkpt><trkpt lat="63.552212" lon="-149.784912"><ele>949.535889</ele><time>2026-06-19T18:27:38.027Z</time></trkpt><trkpt lat="63.552189" lon="-149.784897"><ele>948.795166</ele><time>2026-06-19T18:27:41.024Z</time></trkpt><trkpt lat="63.552135" lon="-149.784912"><ele>948.614197</ele><time>2026-06-19T18:27:41.024Z</time></trkpt><trkpt lat="63.552105" lon="-149.784958"><ele>949.701355</ele><time>2026-06-19T18:27:43.027Z</time></trkpt><trkpt lat="63.552036" lon="-149.784958"><ele>948.771545</ele><time>2026-06-19T18:27:46.029Z</time></trkpt><trkpt lat="63.551994" lon="-149.785004"><ele>950.201965</ele><time>2026-06-19T18:27:49.028Z</time></trkpt><trkpt lat="63.551933" lon="-149.784988"><ele>949.81012</ele><time>2026-06-19T18:27:51.023Z</time></trkpt><trkpt lat="63.551861" lon="-149.785034"><ele>950.670471</ele><time>2026-06-19T18:27:54.031Z</time></trkpt><trkpt lat="63.551834" lon="-149.785034"><ele>948.916443</ele><time>2026-06-19T18:27:57.024Z</time></trkpt><trkpt lat="63.551792" lon="-149.785095"><ele>949.652893</ele><time>2026-06-19T18:28:00.028Z</time></trkpt><trkpt lat="63.551739" lon="-149.785126"><ele>949.615906</ele><time>2026-06-19T18:28:00.028Z</time></trkpt><trkpt lat="63.551689" lon="-149.785187"><ele>950.138916</ele><time>2026-06-19T18:28:02.029Z</time></trkpt><trkpt lat="63.551662" lon="-149.785187"><ele>950.558472</ele><time>2026-06-19T18:28:04.026Z</time></trkpt><trkpt lat="63.551575" lon="-149.785416"><ele>950.703918</ele><time>2026-06-19T18:28:07.024Z</time></trkpt><trkpt lat="63.551548" lon="-149.785446"><ele>950.935913</ele><time>2026-06-19T18:28:10.030Z</time></trkpt><trkpt lat="63.551521" lon="-149.785416"><ele>950.698364</ele><time>2026-06-19T18:28:13.025Z</time></trkpt><trkpt lat="63.551449" lon="-149.785477"><ele>951.270691</ele><time>2026-06-19T18:28:19.024Z</time></trkpt><trkpt lat="63.551418" lon="-149.785477"><ele>950.251953</ele><time>2026-06-19T18:28:19.024Z</time></trkpt><trkpt lat="63.551376" lon="-149.785583"><ele>951.831055</ele><time>2026-06-19T18:28:26.024Z</time></trkpt><trkpt lat="63.551292" lon="-149.785675"><ele>951.277161</ele><time>2026-06-19T18:28:30.025Z</time></trkpt><trkpt lat="63.551186" lon="-149.785767"><ele>952.337036</ele><time>2026-06-19T18:28:33.024Z</time></trkpt><trkpt lat="63.551128" lon="-149.785767"><ele>952.377319</ele><time>2026-06-19T18:28:42.031Z</time></trkpt><trkpt lat="63.551086" lon="-149.785828"><ele>950.516907</ele><time>2026-06-19T18:28:42.031Z</time></trkpt><trkpt lat="63.551052" lon="-149.785858"><ele>952.982117</ele><time>2026-06-19T18:28:45.029Z</time></trkpt><trkpt lat="63.551022" lon="-149.785858"><ele>950.113403</ele><time>2026-06-19T18:28:48.026Z</time></trkpt><trkpt lat="63.550941" lon="-149.78595"><ele>952.096252</ele><time>2026-06-19T18:28:51.028Z</time></trkpt><trkpt lat="63.550892" lon="-149.78598"><ele>951.501526</ele><time>2026-06-19T18:28:53.029Z</time></trkpt><trkpt lat="63.550846" lon="-149.786057"><ele>952.472656</ele><time>2026-06-19T18:28:55.024Z</time></trkpt><trkpt lat="63.550762" lon="-149.786301"><ele>953.126404</ele><time>2026-06-19T18:29:00.026Z</time></trkpt><trkpt lat="63.550739" lon="-149.786301"><ele>952.645386</ele><time>2026-06-19T18:29:02.029Z</time></trkpt><trkpt lat="63.550682" lon="-149.786438"><ele>953.612305</ele><time>2026-06-19T18:29:02.029Z</time></trkpt><trkpt lat="63.550583" lon="-149.786545"><ele>953.213928</ele><time>2026-06-19T18:29:05.027Z</time></trkpt><trkpt lat="63.550472" lon="-149.78656"><ele>954.642151</ele><time>2026-06-19T18:29:07.030Z</time></trkpt><trkpt lat="63.550392" lon="-149.786667"><ele>953.303223</ele><time>2026-06-19T18:29:09.027Z</time></trkpt><trkpt lat="63.550343" lon="-149.786682"><ele>952.768921</ele><time>2026-06-19T18:29:12.026Z</time></trkpt><trkpt lat="63.550323" lon="-149.786667"><ele>953.748474</ele><time>2026-06-19T18:29:16.026Z</time></trkpt><trkpt lat="63.550316" lon="-149.786606"><ele>954.695801</ele><time>2026-06-19T18:29:19.027Z</time></trkpt><trkpt lat="63.550331" lon="-149.786514"><ele>953.336243</ele><time>2026-06-19T18:29:21.030Z</time></trkpt><trkpt lat="63.550323" lon="-149.786377"><ele>952.626648</ele><time>2026-06-19T18:29:21.030Z</time></trkpt><trkpt lat="63.550354" lon="-149.786148"><ele>952.21991</ele><time>2026-06-19T18:29:23.026Z</time></trkpt><trkpt lat="63.550346" lon="-149.785995"><ele>952.875366</ele><time>2026-06-19T18:29:27.028Z</time></trkpt><trkpt lat="63.550377" lon="-149.785797"><ele>952.913452</ele><time>2026-06-19T18:29:32.026Z</time></trkpt><trkpt lat="63.550362" lon="-149.785751"><ele>952.636292</ele><time>2026-06-19T18:29:34.029Z</time></trkpt><trkpt lat="63.550346" lon="-149.785797"><ele>952.675964</ele><time>2026-06-19T18:29:36.026Z</time></trkpt><trkpt lat="63.550365" lon="-149.785812"><ele>953.047913</ele><time>2026-06-19T18:29:39.030Z</time></trkpt><trkpt lat="63.550377" lon="-149.785858"><ele>951.548035</ele><time>2026-06-19T18:29:41.024Z</time></trkpt><trkpt lat="63.550312" lon="-149.785782"><ele>952.940674</ele><time>2026-06-19T18:29:41.024Z</time></trkpt><trkpt lat="63.55024" lon="-149.785736"><ele>952.926025</ele><time>2026-06-19T18:29:43.031Z</time></trkpt><trkpt lat="63.55014" lon="-149.785736"><ele>953.669006</ele><time>2026-06-19T18:29:46.028Z</time></trkpt><trkpt lat="63.550068" lon="-149.785706"><ele>952.614502</ele><time>2026-06-19T18:29:48.030Z</time></trkpt><trkpt lat="63.550014" lon="-149.785706"><ele>953.861755</ele><time>2026-06-19T18:29:52.029Z</time></trkpt><trkpt lat="63.549892" lon="-149.785751"><ele>954.471924</ele><time>2026-06-19T18:29:55.028Z</time></trkpt><trkpt lat="63.549839" lon="-149.78569"><ele>954.524719</ele><time>2026-06-19T18:29:59.029Z</time></trkpt><trkpt lat="63.549809" lon="-149.78569"><ele>955.611755</ele><time>2026-06-19T18:30:02.025Z</time></trkpt><trkpt lat="63.549782" lon="-149.78566"><ele>954.539368</ele><time>2026-06-19T18:30:02.025Z</time></trkpt><trkpt lat="63.549759" lon="-149.785675"><ele>955.375244</ele><time>2026-06-19T18:30:05.026Z</time></trkpt><trkpt lat="63.549671" lon="-149.785599"><ele>955.187988</ele><time>2026-06-19T18:30:08.029Z</time></trkpt><trkpt lat="63.549644" lon="-149.785599"><ele>954.648071</ele><time>2026-06-19T18:30:11.024Z</time></trkpt><trkpt lat="63.549461" lon="-149.785507"><ele>957.280518</ele><time>2026-06-19T18:30:14.029Z</time></trkpt><trkpt lat="63.549435" lon="-149.785416"><ele>955.702698</ele><time>2026-06-19T18:30:28.025Z</time></trkpt><trkpt lat="63.549335" lon="-149.785324"><ele>957.050659</ele><time>2026-06-19T18:30:28.025Z</time></trkpt><trkpt lat="63.549313" lon="-149.785278"><ele>956.103882</ele><time>2026-06-19T18:30:37.027Z</time></trkpt><trkpt lat="63.549267" lon="-149.785278"><ele>957.028381</ele><time>2026-06-19T18:31:07.029Z</time></trkpt><trkpt lat="63.549217" lon="-149.785248"><ele>954.951843</ele><time>2026-06-19T18:31:07.029Z</time></trkpt><trkpt lat="63.54908" lon="-149.785248"><ele>956.293579</ele><time>2026-06-19T18:31:11.026Z</time></trkpt><trkpt lat="63.549049" lon="-149.785233"><ele>956.111145</ele><time>2026-06-19T18:31:15.027Z</time></trkpt><trkpt lat="63.549026" lon="-149.785248"><ele>956.293335</ele><time>2026-06-19T18:31:19.028Z</time></trkpt><trkpt lat="63.548981" lon="-149.785217"><ele>955.317566</ele><time>2026-06-19T18:31:24.024Z</time></trkpt><trkpt lat="63.548931" lon="-149.785233"><ele>955.76825</ele><time>2026-06-19T18:31:27.029Z</time></trkpt><trkpt lat="63.548828" lon="-149.785187"><ele>957.399353</ele><time>2026-06-19T18:31:27.029Z</time></trkpt><trkpt lat="63.548809" lon="-149.785156"><ele>957.344421</ele><time>2026-06-19T18:31:30.031Z</time></trkpt><trkpt lat="63.548775" lon="-149.785187"><ele>957.063416</ele><time>2026-06-19T18:31:34.027Z</time></trkpt><trkpt lat="63.548744" lon="-149.785172"><ele>957.197327</ele><time>2026-06-19T18:31:38.034Z</time></trkpt><trkpt lat="63.548687" lon="-149.785187"><ele>957.251709</ele><time>2026-06-19T18:31:40.028Z</time></trkpt><trkpt lat="63.548569" lon="-149.785187"><ele>957.320313</ele><time>2026-06-19T18:31:43.032Z</time></trkpt><trkpt lat="63.548512" lon="-149.785233"><ele>960.15448</ele><time>2026-06-19T18:31:46.030Z</time></trkpt><trkpt lat="63.548462" lon="-149.785309"><ele>959.188171</ele><time>2026-06-19T18:31:46.030Z</time></trkpt><trkpt lat="63.548431" lon="-149.785324"><ele>959.769836</ele><time>2026-06-19T18:31:49.029Z</time></trkpt><trkpt lat="63.548405" lon="-149.785309"><ele>959.855835</ele><time>2026-06-19T18:31:52.030Z</time></trkpt><trkpt lat="63.548363" lon="-149.785385"><ele>959.525146</ele><time>2026-06-19T18:31:55.029Z</time></trkpt><trkpt lat="63.548275" lon="-149.785416"><ele>959.25415</ele><time>2026-06-19T18:31:59.026Z</time></trkpt><trkpt lat="63.548252" lon="-149.7854"><ele>958.922119</ele><time>2026-06-19T18:32:07.028Z</time></trkpt><trkpt lat="63.548206" lon="-149.785416"><ele>959.346619</ele><time>2026-06-19T18:32:07.028Z</time></trkpt><trkpt lat="63.548183" lon="-149.7854"><ele>959.150574</ele><time>2026-06-19T18:32:10.027Z</time></trkpt><trkpt lat="63.548126" lon="-149.785431"><ele>958.712158</ele><time>2026-06-19T18:32:18.030Z</time></trkpt><trkpt lat="63.548073" lon="-149.785416"><ele>959.566284</ele><time>2026-06-19T18:32:20.024Z</time></trkpt><trkpt lat="63.547977" lon="-149.785522"><ele>959.487122</ele><time>2026-06-19T18:32:23.029Z</time></trkpt><trkpt lat="63.547928" lon="-149.785538"><ele>961.139954</ele><time>2026-06-19T18:32:27.029Z</time></trkpt><trkpt lat="63.547844" lon="-149.785522"><ele>960.287292</ele><time>2026-06-19T18:32:27.029Z</time></trkpt><trkpt lat="63.54771" lon="-149.785583"><ele>959.095764</ele><time>2026-06-19T18:32:30.029Z</time></trkpt><trkpt lat="63.547688" lon="-149.785568"><ele>958.98645</ele><time>2026-06-19T18:32:33.029Z</time></trkpt><trkpt lat="63.547657" lon="-149.785614"><ele>960.250549</ele><time>2026-06-19T18:32:39.030Z</time></trkpt><trkpt lat="63.547577" lon="-149.785675"><ele>960.235962</ele><time>2026-06-19T18:32:43.028Z</time></trkpt><trkpt lat="63.54755" lon="-149.785675"><ele>960.641479</ele><time>2026-06-19T18:32:46.027Z</time></trkpt><trkpt lat="63.547504" lon="-149.785767"><ele>961.246826</ele><time>2026-06-19T18:32:46.027Z</time></trkpt><trkpt lat="63.547436" lon="-149.785828"><ele>962.330444</ele><time>2026-06-19T18:32:49.029Z</time></trkpt><trkpt lat="63.547405" lon="-149.785812"><ele>959.297668</ele><time>2026-06-19T18:32:52.030Z</time></trkpt><trkpt lat="63.547382" lon="-149.785828"><ele>960.198364</ele><time>2026-06-19T18:32:55.030Z</time></trkpt><trkpt lat="63.547253" lon="-149.785721"><ele>961.070496</ele><time>2026-06-19T18:32:58.028Z</time></trkpt><trkpt lat="63.547173" lon="-149.785721"><ele>962.33136</ele><time>2026-06-19T18:33:02.029Z</time></trkpt><trkpt lat="63.547138" lon="-149.785645"><ele>960.575684</ele><time>2026-06-19T18:33:05.030Z</time></trkpt><trkpt lat="63.547112" lon="-149.785629"><ele>960.883789</ele><time>2026-06-19T18:33:05.030Z</time></trkpt><trkpt lat="63.546944" lon="-149.785828"><ele>962.303101</ele><time>2026-06-19T18:33:08.028Z</time></trkpt><trkpt lat="63.546867" lon="-149.785873"><ele>962.134155</ele><time>2026-06-19T18:33:11.024Z</time></trkpt><trkpt lat="63.546825" lon="-149.78595"><ele>962.125732</ele><time>2026-06-19T18:33:22.026Z</time></trkpt><trkpt lat="63.546757" lon="-149.786209"><ele>963.363403</ele><time>2026-06-19T18:33:26.031Z</time></trkpt><trkpt lat="63.546612" lon="-149.786591"><ele>964.264709</ele><time>2026-06-19T18:33:26.031Z</time></trkpt><trkpt lat="63.546539" lon="-149.786621"><ele>963.630859</ele><time>2026-06-19T18:33:29.029Z</time></trkpt><trkpt lat="63.546467" lon="-149.786713"><ele>963.683716</ele><time>2026-06-19T18:33:48.027Z</time></trkpt><trkpt lat="63.546425" lon="-149.786896"><ele>964.001465</ele><time>2026-06-19T18:33:48.027Z</time></trkpt><trkpt lat="63.546352" lon="-149.787064"><ele>964.307983</ele><time>2026-06-19T18:33:54.030Z</time></trkpt><trkpt lat="63.546307" lon="-149.787247"><ele>965.042358</ele><time>2026-06-19T18:33:57.029Z</time></trkpt><trkpt lat="63.546215" lon="-149.787415"><ele>966.016052</ele><time>2026-06-19T18:34:01.030Z</time></trkpt><trkpt lat="63.546192" lon="-149.787445"><ele>965.177612</ele><time>2026-06-19T18:34:04.030Z</time></trkpt><trkpt lat="63.546165" lon="-149.787445"><ele>965.421692</ele><time>2026-06-19T18:34:07.030Z</time></trkpt><trkpt lat="63.546062" lon="-149.787811"><ele>966.940735</ele><time>2026-06-19T18:34:07.030Z</time></trkpt><trkpt lat="63.546021" lon="-149.787888"><ele>965.511963</ele><time>2026-06-19T18:34:11.029Z</time></trkpt><trkpt lat="63.546036" lon="-149.78801"><ele>962.900818</ele><time>2026-06-19T18:34:14.030Z</time></trkpt><trkpt lat="63.546062" lon="-149.788071"><ele>962.818787</ele><time>2026-06-19T18:34:17.027Z</time></trkpt><trkpt lat="63.545933" lon="-149.788498"><ele>961.255676</ele><time>2026-06-19T18:34:20.024Z</time></trkpt><trkpt lat="63.545883" lon="-149.788544"><ele>961.382385</ele><time>2026-06-19T18:34:23.027Z</time></trkpt><trkpt lat="63.545822" lon="-149.788651"><ele>961.606995</ele><time>2026-06-19T18:34:28.025Z</time></trkpt><trkpt lat="63.545727" lon="-149.788971"><ele>961.762695</ele><time>2026-06-19T18:34:28.025Z</time></trkpt><trkpt lat="63.545692" lon="-149.789276"><ele>962.721497</ele><time>2026-06-19T18:34:31.028Z</time></trkpt><trkpt lat="63.545662" lon="-149.789337"><ele>962.924805</ele><time>2026-06-19T18:34:34.028Z</time></trkpt><trkpt lat="63.545673" lon="-149.789444"><ele>961.810608</ele><time>2026-06-19T18:34:38.028Z</time></trkpt><trkpt lat="63.545662" lon="-149.789551"><ele>964.477234</ele><time>2026-06-19T18:34:42.026Z</time></trkpt><trkpt lat="63.545563" lon="-149.789795"><ele>963.504333</ele><time>2026-06-19T18:34:45.029Z</time></trkpt><trkpt lat="63.545532" lon="-149.78981"><ele>964.405823</ele><time>2026-06-19T18:34:48.030Z</time></trkpt><trkpt lat="63.545509" lon="-149.789856"><ele>963.031372</ele><time>2026-06-19T18:34:48.030Z</time></trkpt><trkpt lat="63.545471" lon="-149.790085"><ele>961.557312</ele><time>2026-06-19T18:34:51.025Z</time></trkpt><trkpt lat="63.54546" lon="-149.790314"><ele>963.439026</ele><time>2026-06-19T18:34:54.029Z</time></trkpt><trkpt lat="63.545349" lon="-149.790802"><ele>963.021851</ele><time>2026-06-19T18:34:57.028Z</time></trkpt><trkpt lat="63.545357" lon="-149.791107"><ele>966.119873</ele><time>2026-06-19T18:35:01.026Z</time></trkpt><trkpt lat="63.545334" lon="-149.791321"><ele>966.889526</ele><time>2026-06-19T18:35:04.025Z</time></trkpt><trkpt lat="63.545265" lon="-149.79155"><ele>964.933716</ele><time>2026-06-19T18:35:08.025Z</time></trkpt><trkpt lat="63.545261" lon="-149.791611"><ele>965.731567</ele><time>2026-06-19T18:35:08.025Z</time></trkpt><trkpt lat="63.545219" lon="-149.791687"><ele>966.858826</ele><time>2026-06-19T18:35:12.024Z</time></trkpt><trkpt lat="63.545212" lon="-149.791733"><ele>967.397949</ele><time>2026-06-19T18:35:18.029Z</time></trkpt><trkpt lat="63.545139" lon="-149.791809"><ele>964.21875</ele><time>2026-06-19T18:35:21.025Z</time></trkpt><trkpt lat="63.545086" lon="-149.791901"><ele>964.57312</ele><time>2026-06-19T18:35:24.024Z</time></trkpt><trkpt lat="63.545013" lon="-149.791962"><ele>964.888855</ele><time>2026-06-19T18:35:27.027Z</time></trkpt><trkpt lat="63.544983" lon="-149.792053"><ele>965.775879</ele><time>2026-06-19T18:35:27.027Z</time></trkpt><trkpt lat="63.544922" lon="-149.79216"><ele>967.581726</ele><time>2026-06-19T18:35:31.026Z</time></trkpt><trkpt lat="63.544899" lon="-149.792175"><ele>967.23053</ele><time>2026-06-19T18:35:34.026Z</time></trkpt><trkpt lat="63.544846" lon="-149.792114"><ele>966.371704</ele><time>2026-06-19T18:35:36.024Z</time></trkpt><trkpt lat="63.544792" lon="-149.792114"><ele>964.956909</ele><time>2026-06-19T18:35:42.028Z</time></trkpt><trkpt lat="63.544773" lon="-149.79216"><ele>965.724976</ele><time>2026-06-19T18:35:45.026Z</time></trkpt><trkpt lat="63.54475" lon="-149.792175"><ele>966.634094</ele><time>2026-06-19T18:35:48.029Z</time></trkpt><trkpt lat="63.544628" lon="-149.792572"><ele>966.415039</ele><time>2026-06-19T18:35:48.029Z</time></trkpt><trkpt lat="63.544525" lon="-149.792679"><ele>964.997986</ele><time>2026-06-19T18:35:51.025Z</time></trkpt><trkpt lat="63.544498" lon="-149.792648"><ele>965.737</ele><time>2026-06-19T18:35:54.026Z</time></trkpt><trkpt lat="63.544441" lon="-149.792664"><ele>968.113647</ele><time>2026-06-19T18:35:57.027Z</time></trkpt><trkpt lat="63.544243" lon="-149.792862"><ele>965.803955</ele><time>2026-06-19T18:36:00.026Z</time></trkpt><trkpt lat="63.544109" lon="-149.793167"><ele>968.769165</ele><time>2026-06-19T18:36:03.028Z</time></trkpt><trkpt lat="63.543999" lon="-149.793503"><ele>968.124268</ele><time>2026-06-19T18:36:08.027Z</time></trkpt><trkpt lat="63.54398" lon="-149.793503"><ele>966.637085</ele><time>2026-06-19T18:36:08.027Z</time></trkpt><trkpt lat="63.543888" lon="-149.79364"><ele>966.707397</ele><time>2026-06-19T18:36:11.024Z</time></trkpt><trkpt lat="63.543865" lon="-149.793625"><ele>967.328918</ele><time>2026-06-19T18:36:14.029Z</time></trkpt><trkpt lat="63.543842" lon="-149.793655"><ele>966.470032</ele><time>2026-06-19T18:36:18.032Z</time></trkpt><trkpt lat="63.543831" lon="-149.79361"><ele>967.490234</ele><time>2026-06-19T18:36:22.029Z</time></trkpt><trkpt lat="63.543785" lon="-149.793564"><ele>967.679077</ele><time>2026-06-19T18:36:26.029Z</time></trkpt><trkpt lat="63.543766" lon="-149.793594"><ele>966.999146</ele><time>2026-06-19T18:36:28.028Z</time></trkpt><trkpt lat="63.543743" lon="-149.793716"><ele>970.188171</ele><time>2026-06-19T18:36:28.028Z</time></trkpt><trkpt lat="63.543724" lon="-149.793732"><ele>969.753357</ele><time>2026-06-19T18:36:31.030Z</time></trkpt><trkpt lat="63.543674" lon="-149.793762"><ele>969.001282</ele><time>2026-06-19T18:36:34.028Z</time></trkpt><trkpt lat="63.543606" lon="-149.793747"><ele>967.718872</ele><time>2026-06-19T18:36:37.027Z</time></trkpt><trkpt lat="63.54353" lon="-149.793793"><ele>968.302185</ele><time>2026-06-19T18:36:40.029Z</time></trkpt><trkpt lat="63.54348" lon="-149.793777"><ele>969.543152</ele><time>2026-06-19T18:36:51.026Z</time></trkpt><trkpt lat="63.543503" lon="-149.793396"><ele>968.75061</ele><time>2026-06-19T18:36:51.026Z</time></trkpt><trkpt lat="63.543465" lon="-149.793304"><ele>969.433716</ele><time>2026-06-19T18:36:57.802Z</time></trkpt><trkpt lat="63.543427" lon="-149.793259"><ele>969.312927</ele><time>2026-06-19T18:37:00.026Z</time></trkpt><trkpt lat="63.543247" lon="-149.793304"><ele>969.021545</ele><time>2026-06-19T18:37:03.029Z</time></trkpt><trkpt lat="63.543171" lon="-149.793396"><ele>970.299744</ele><time>2026-06-19T18:37:05.026Z</time></trkpt><trkpt lat="63.543148" lon="-149.793365"><ele>969.696777</ele><time>2026-06-19T18:37:09.028Z</time></trkpt><trkpt lat="63.543125" lon="-149.793365"><ele>968.912354</ele><time>2026-06-19T18:37:11.026Z</time></trkpt><trkpt lat="63.54306" lon="-149.793625"><ele>970.421387</ele><time>2026-06-19T18:37:11.026Z</time></trkpt><trkpt lat="63.543034" lon="-149.79361"><ele>970.211487</ele><time>2026-06-19T18:37:14.027Z</time></trkpt><trkpt lat="63.543022" lon="-149.79393"><ele>968.928955</ele><time>2026-06-19T18:37:17.024Z</time></trkpt><trkpt lat="63.543068" lon="-149.793915"><ele>969.808105</ele><time>2026-06-19T18:37:21.024Z</time></trkpt><trkpt lat="63.543083" lon="-149.79393"><ele>970.550903</ele><time>2026-06-19T18:37:23.025Z</time></trkpt><trkpt lat="63.543087" lon="-149.794083"><ele>970.453674</ele><time>2026-06-19T18:37:25.023Z</time></trkpt><trkpt lat="63.54306" lon="-149.794083"><ele>969.992065</ele><time>2026-06-19T18:37:28.024Z</time></trkpt><trkpt lat="63.543022" lon="-149.794159"><ele>970.200317</ele><time>2026-06-19T18:37:31.027Z</time></trkpt><trkpt lat="63.542969" lon="-149.794205"><ele>970.072754</ele><time>2026-06-19T18:37:31.027Z</time></trkpt><trkpt lat="63.542953" lon="-149.79425"><ele>970.4776</ele><time>2026-06-19T18:37:34.028Z</time></trkpt><trkpt lat="63.542961" lon="-149.79422"><ele>970.988281</ele><time>2026-06-19T18:37:37.026Z</time></trkpt><trkpt lat="63.542915" lon="-149.794281"><ele>971.131897</ele><time>2026-06-19T18:37:41.026Z</time></trkpt><trkpt lat="63.54287" lon="-149.794281"><ele>971.80188</ele><time>2026-06-19T18:37:44.025Z</time></trkpt><trkpt lat="63.542839" lon="-149.794312"><ele>971.342041</ele><time>2026-06-19T18:37:48.027Z</time></trkpt><trkpt lat="63.542778" lon="-149.794464"><ele>971.984924</ele><time>2026-06-19T18:37:51.028Z</time></trkpt><trkpt lat="63.542709" lon="-149.794586"><ele>971.985107</ele><time>2026-06-19T18:37:51.028Z</time></trkpt><trkpt lat="63.542637" lon="-149.794647"><ele>972.890442</ele><time>2026-06-19T18:37:55.024Z</time></trkpt><trkpt lat="63.54258" lon="-149.794785"><ele>972.635193</ele><time>2026-06-19T18:38:01.025Z</time></trkpt><trkpt lat="63.5425" lon="-149.794754"><ele>972.638123</ele><time>2026-06-19T18:38:13.026Z</time></trkpt><trkpt lat="63.542465" lon="-149.794861"><ele>972.549011</ele><time>2026-06-19T18:38:13.026Z</time></trkpt><trkpt lat="63.542397" lon="-149.794922"><ele>972.95697</ele><time>2026-06-19T18:38:19.024Z</time></trkpt><trkpt lat="63.542313" lon="-149.795044"><ele>971.991882</ele><time>2026-06-19T18:38:22.025Z</time></trkpt><trkpt lat="63.542202" lon="-149.795074"><ele>972.524536</ele><time>2026-06-19T18:38:26.030Z</time></trkpt><trkpt lat="63.542126" lon="-149.795013"><ele>971.581055</ele><time>2026-06-19T18:38:29.029Z</time></trkpt><trkpt lat="63.542076" lon="-149.795044"><ele>972.064575</ele><time>2026-06-19T18:38:32.029Z</time></trkpt><trkpt lat="63.542049" lon="-149.795013"><ele>972.384705</ele><time>2026-06-19T18:38:32.029Z</time></trkpt><trkpt lat="63.541992" lon="-149.794998"><ele>973.045593</ele><time>2026-06-19T18:38:40.029Z</time></trkpt><trkpt lat="63.541939" lon="-149.795029"><ele>971.586548</ele><time>2026-06-19T18:38:43.029Z</time></trkpt><trkpt lat="63.54192" lon="-149.795074"><ele>972.227173</ele><time>2026-06-19T18:38:46.027Z</time></trkpt><trkpt lat="63.541847" lon="-149.795105"><ele>973.194092</ele><time>2026-06-19T18:38:49.025Z</time></trkpt><trkpt lat="63.541824" lon="-149.795166"><ele>971.731506</ele><time>2026-06-19T18:38:51.024Z</time></trkpt><trkpt lat="63.54179" lon="-149.795456"><ele>974.384888</ele><time>2026-06-19T18:38:51.024Z</time></trkpt><trkpt lat="63.541721" lon="-149.795547"><ele>974.87854</ele><time>2026-06-19T18:38:54.026Z</time></trkpt><trkpt lat="63.541706" lon="-149.795639"><ele>974.122864</ele><time>2026-06-19T18:38:57.030Z</time></trkpt><trkpt lat="63.541668" lon="-149.795654"><ele>975.776794</ele><time>2026-06-19T18:38:59.028Z</time></trkpt><trkpt lat="63.541573" lon="-149.795837"><ele>975.505554</ele><time>2026-06-19T18:39:02.027Z</time></trkpt><trkpt lat="63.541542" lon="-149.795853"><ele>975.02594</ele><time>2026-06-19T18:39:04.024Z</time></trkpt><trkpt lat="63.541492" lon="-149.795837"><ele>974.438538</ele><time>2026-06-19T18:39:07.025Z</time></trkpt><trkpt lat="63.541397" lon="-149.795975"><ele>975.448364</ele><time>2026-06-19T18:39:09.028Z</time></trkpt><trkpt lat="63.541367" lon="-149.795959"><ele>975.114319</ele><time>2026-06-19T18:39:12.025Z</time></trkpt><trkpt lat="63.54134" lon="-149.79599"><ele>976.580322</ele><time>2026-06-19T18:39:12.025Z</time></trkpt><trkpt lat="63.541264" lon="-149.796188"><ele>976.085632</ele><time>2026-06-19T18:39:15.030Z</time></trkpt><trkpt lat="63.54118" lon="-149.796295"><ele>976.590698</ele><time>2026-06-19T18:39:19.026Z</time></trkpt><trkpt lat="63.541157" lon="-149.796402"><ele>976.652649</ele><time>2026-06-19T18:39:23.026Z</time></trkpt><trkpt lat="63.541103" lon="-149.796524"><ele>977.320435</ele><time>2026-06-19T18:39:27.028Z</time></trkpt><trkpt lat="63.541058" lon="-149.79657"><ele>977.175537</ele><time>2026-06-19T18:39:30.028Z</time></trkpt><trkpt lat="63.540997" lon="-149.796677"><ele>977.222839</ele><time>2026-06-19T18:39:32.030Z</time></trkpt><trkpt lat="63.540985" lon="-149.796738"><ele>978.951599</ele><time>2026-06-19T18:39:32.030Z</time></trkpt><trkpt lat="63.540951" lon="-149.796753"><ele>977.287231</ele><time>2026-06-19T18:39:35.031Z</time></trkpt><trkpt lat="63.54092" lon="-149.796738"><ele>975.796997</ele><time>2026-06-19T18:39:40.029Z</time></trkpt><trkpt lat="63.540897" lon="-149.796539"><ele>976.650757</ele><time>2026-06-19T18:39:45.029Z</time></trkpt><trkpt lat="63.540859" lon="-149.796509"><ele>976.923218</ele><time>2026-06-19T18:39:48.029Z</time></trkpt><trkpt lat="63.540821" lon="-149.796524"><ele>977.242737</ele><time>2026-06-19T18:39:51.026Z</time></trkpt><trkpt lat="63.54081" lon="-149.796432"><ele>978.15625</ele><time>2026-06-19T18:39:51.026Z</time></trkpt><trkpt lat="63.540749" lon="-149.796494"><ele>977.518982</ele><time>2026-06-19T18:39:54.029Z</time></trkpt><trkpt lat="63.54068" lon="-149.796524"><ele>978.256042</ele><time>2026-06-19T18:39:57.026Z</time></trkpt><trkpt lat="63.540649" lon="-149.796555"><ele>975.522644</ele><time>2026-06-19T18:40:00.024Z</time></trkpt><trkpt lat="63.540562" lon="-149.796524"><ele>977.051758</ele><time>2026-06-19T18:40:03.030Z</time></trkpt><trkpt lat="63.540531" lon="-149.796539"><ele>976.275513</ele><time>2026-06-19T18:40:06.029Z</time></trkpt><trkpt lat="63.540504" lon="-149.796509"><ele>976.65332</ele><time>2026-06-19T18:40:09.026Z</time></trkpt><trkpt lat="63.540413" lon="-149.796463"><ele>974.022156</ele><time>2026-06-19T18:40:12.028Z</time></trkpt><trkpt lat="63.54039" lon="-149.796432"><ele>975.964355</ele><time>2026-06-19T18:40:12.028Z</time></trkpt><trkpt lat="63.540363" lon="-149.796432"><ele>975.205688</ele><time>2026-06-19T18:40:14.027Z</time></trkpt><trkpt lat="63.540329" lon="-149.79628"><ele>977.204956</ele><time>2026-06-19T18:40:17.030Z</time></trkpt><trkpt lat="63.540245" lon="-149.796249"><ele>977.218872</ele><time>2026-06-19T18:40:19.030Z</time></trkpt><trkpt lat="63.540192" lon="-149.796204"><ele>977.277649</ele><time>2026-06-19T18:40:21.028Z</time></trkpt><trkpt lat="63.5401" lon="-149.796021"><ele>978.641479</ele><time>2026-06-19T18:40:24.024Z</time></trkpt><trkpt lat="63.539852" lon="-149.795715"><ele>979.633606</ele><time>2026-06-19T18:40:27.030Z</time></trkpt><trkpt lat="63.539749" lon="-149.795456"><ele>978.303955</ele><time>2026-06-19T18:40:30.031Z</time></trkpt><trkpt lat="63.539749" lon="-149.79538"><ele>977.909729</ele><time>2026-06-19T18:40:33.027Z</time></trkpt><trkpt lat="63.539726" lon="-149.795334"><ele>979.28894</ele><time>2026-06-19T18:40:33.027Z</time></trkpt><trkpt lat="63.539658" lon="-149.795273"><ele>977.966125</ele><time>2026-06-19T18:40:36.029Z</time></trkpt><trkpt lat="63.539631" lon="-149.795273"><ele>978.08667</ele><time>2026-06-19T18:40:39.029Z</time></trkpt><trkpt lat="63.539585" lon="-149.795197"><ele>976.654175</ele><time>2026-06-19T18:40:54.024Z</time></trkpt><trkpt lat="63.539333" lon="-149.794891"><ele>977.526855</ele><time>2026-06-19T18:40:54.024Z</time></trkpt><trkpt lat="63.539314" lon="-149.794815"><ele>979.059937</ele><time>2026-06-19T18:40:57.027Z</time></trkpt><trkpt lat="63.539257" lon="-149.794724"><ele>978.947388</ele><time>2026-06-19T18:41:02.029Z</time></trkpt><trkpt lat="63.539246" lon="-149.794678"><ele>977.25769</ele><time>2026-06-19T18:41:05.028Z</time></trkpt><trkpt lat="63.539116" lon="-149.794464"><ele>979.402588</ele><time>2026-06-19T18:41:07.028Z</time></trkpt><trkpt lat="63.539047" lon="-149.794403"><ele>978.858276</ele><time>2026-06-19T18:41:10.026Z</time></trkpt><trkpt lat="63.538937" lon="-149.794342"><ele>980.865906</ele><time>2026-06-19T18:41:13.026Z</time></trkpt><trkpt lat="63.538891" lon="-149.794373"><ele>983.781311</ele><time>2026-06-19T18:41:13.026Z</time></trkpt><trkpt lat="63.538776" lon="-149.794357"><ele>981.298767</ele><time>2026-06-19T18:41:16.025Z</time></trkpt><trkpt lat="63.538723" lon="-149.794327"><ele>980.836792</ele><time>2026-06-19T18:41:18.026Z</time></trkpt><trkpt lat="63.538704" lon="-149.794342"><ele>981.15094</ele><time>2026-06-19T18:41:21.027Z</time></trkpt><trkpt lat="63.538601" lon="-149.794312"><ele>982.905579</ele><time>2026-06-19T18:41:24.025Z</time></trkpt><trkpt lat="63.538578" lon="-149.794312"><ele>983.578491</ele><time>2026-06-19T18:41:26.028Z</time></trkpt><trkpt lat="63.538555" lon="-149.794342"><ele>981.138916</ele><time>2026-06-19T18:41:29.029Z</time></trkpt><trkpt lat="63.538528" lon="-149.794327"><ele>981.815125</ele><time>2026-06-19T18:41:31.031Z</time></trkpt><trkpt lat="63.53846" lon="-149.794235"><ele>981.88739</ele><time>2026-06-19T18:41:34.030Z</time></trkpt><trkpt lat="63.538437" lon="-149.794235"><ele>982.4823</ele><time>2026-06-19T18:41:34.030Z</time></trkpt><trkpt lat="63.53833" lon="-149.794159"><ele>981.44574</ele><time>2026-06-19T18:41:37.025Z</time></trkpt><trkpt lat="63.538307" lon="-149.794174"><ele>981.221924</ele><time>2026-06-19T18:41:39.029Z</time></trkpt><trkpt lat="63.538296" lon="-149.794113"><ele>982.862183</ele><time>2026-06-19T18:41:41.024Z</time></trkpt><trkpt lat="63.538307" lon="-149.794006"><ele>982.238403</ele><time>2026-06-19T18:41:43.025Z</time></trkpt><trkpt lat="63.538383" lon="-149.793945"><ele>982.850891</ele><time>2026-06-19T18:41:46.026Z</time></trkpt><trkpt lat="63.538433" lon="-149.793976"><ele>980.258057</ele><time>2026-06-19T18:41:48.030Z</time></trkpt><trkpt lat="63.538456" lon="-149.793961"><ele>981.53064</ele><time>2026-06-19T18:41:51.031Z</time></trkpt><trkpt lat="63.538528" lon="-149.793823"><ele>981.951904</ele><time>2026-06-19T18:41:54.029Z</time></trkpt><trkpt lat="63.538525" lon="-149.793777"><ele>981.517639</ele><time>2026-06-19T18:41:54.029Z</time></trkpt><trkpt lat="63.538433" lon="-149.793793"><ele>981.26593</ele><time>2026-06-19T18:41:56.030Z</time></trkpt><trkpt lat="63.538361" lon="-149.793869"><ele>980.422913</ele><time>2026-06-19T18:42:00.028Z</time></trkpt><trkpt lat="63.538288" lon="-149.793869"><ele>981.24054</ele><time>2026-06-19T18:42:03.025Z</time></trkpt><trkpt lat="63.538235" lon="-149.79393"><ele>982.081482</ele><time>2026-06-19T18:42:06.027Z</time></trkpt><trkpt lat="63.538185" lon="-149.793884"><ele>981.535461</ele><time>2026-06-19T18:42:09.030Z</time></trkpt><trkpt lat="63.538124" lon="-149.7939"><ele>981.473999</ele><time>2026-06-19T18:42:35.026Z</time></trkpt><trkpt lat="63.538074" lon="-149.793854"><ele>981.885925</ele><time>2026-06-19T18:42:35.026Z</time></trkpt><trkpt lat="63.538017" lon="-149.793854"><ele>981.779602</ele><time>2026-06-19T18:42:38.029Z</time></trkpt><trkpt lat="63.537975" lon="-149.793777"><ele>982.359009</ele><time>2026-06-19T18:43:03.028Z</time></trkpt><trkpt lat="63.537945" lon="-149.793762"><ele>982.129028</ele><time>2026-06-19T18:43:03.028Z</time></trkpt><trkpt lat="63.537956" lon="-149.793579"><ele>982.310547</ele><time>2026-06-19T18:43:07.025Z</time></trkpt><trkpt lat="63.537945" lon="-149.793365"><ele>982.188416</ele><time>2026-06-19T18:43:11.029Z</time></trkpt><trkpt lat="63.537968" lon="-149.792969"><ele>982.215759</ele><time>2026-06-19T18:43:15.024Z</time></trkpt><trkpt lat="63.537926" lon="-149.79245"><ele>981.024536</ele><time>2026-06-19T18:43:19.024Z</time></trkpt><trkpt lat="63.537865" lon="-149.792282"><ele>983.321777</ele><time>2026-06-19T18:43:22.028Z</time></trkpt><trkpt lat="63.537842" lon="-149.792297"><ele>982.844849</ele><time>2026-06-19T18:43:22.028Z</time></trkpt><trkpt lat="63.537842" lon="-149.792068"><ele>980.938232</ele><time>2026-06-19T18:43:28.026Z</time></trkpt><trkpt lat="63.537827" lon="-149.791962"><ele>980.514526</ele><time>2026-06-19T18:43:31.029Z</time></trkpt><trkpt lat="63.537792" lon="-149.791916"><ele>981.008728</ele><time>2026-06-19T18:43:34.031Z</time></trkpt><trkpt lat="63.537796" lon="-149.791672"><ele>982.736633</ele><time>2026-06-19T18:43:37.027Z</time></trkpt><trkpt lat="63.537754" lon="-149.791641"><ele>982.88855</ele><time>2026-06-19T18:43:39.025Z</time></trkpt><trkpt lat="63.537788" lon="-149.791672"><ele>981.533508</ele><time>2026-06-19T18:43:42.030Z</time></trkpt><trkpt lat="63.5378" lon="-149.791733"><ele>983.831604</ele><time>2026-06-19T18:43:42.030Z</time></trkpt><trkpt lat="63.537762" lon="-149.791687"><ele>980.882813</ele><time>2026-06-19T18:43:44.030Z</time></trkpt><trkpt lat="63.537743" lon="-149.791595"><ele>980.51886</ele><time>2026-06-19T18:43:47.028Z</time></trkpt><trkpt lat="63.537708" lon="-149.791519"><ele>980.010742</ele><time>2026-06-19T18:43:52.027Z</time></trkpt><trkpt lat="63.537682" lon="-149.791336"><ele>979.908691</ele><time>2026-06-19T18:43:58.028Z</time></trkpt><trkpt lat="63.537682" lon="-149.791107"><ele>980.719543</ele><time>2026-06-19T18:44:01.026Z</time></trkpt><trkpt lat="63.537651" lon="-149.790909"><ele>979.652405</ele><time>2026-06-19T18:44:01.026Z</time></trkpt><trkpt lat="63.537628" lon="-149.790863"><ele>979.637451</ele><time>2026-06-19T18:44:05.027Z</time></trkpt><trkpt lat="63.537571" lon="-149.790817"><ele>980.470032</ele><time>2026-06-19T18:44:07.029Z</time></trkpt><trkpt lat="63.537537" lon="-149.790482"><ele>979.784424</ele><time>2026-06-19T18:44:09.024Z</time></trkpt><trkpt lat="63.537502" lon="-149.790375"><ele>980.449524</ele><time>2026-06-19T18:44:12.030Z</time></trkpt><trkpt lat="63.537498" lon="-149.789978"><ele>979.392822</ele><time>2026-06-19T18:44:14.031Z</time></trkpt><trkpt lat="63.537445" lon="-149.789734"><ele>980.079224</ele><time>2026-06-19T18:44:17.025Z</time></trkpt><trkpt lat="63.537457" lon="-149.789566"><ele>979.116028</ele><time>2026-06-19T18:44:20.030Z</time></trkpt><trkpt lat="63.537369" lon="-149.789368"><ele>979.233887</ele><time>2026-06-19T18:44:20.030Z</time></trkpt><trkpt lat="63.537342" lon="-149.789352"><ele>978.246094</ele><time>2026-06-19T18:44:23.027Z</time></trkpt><trkpt lat="63.537319" lon="-149.78923"><ele>979.261353</ele><time>2026-06-19T18:44:41.029Z</time></trkpt><trkpt lat="63.537281" lon="-149.789154"><ele>978.133179</ele><time>2026-06-19T18:44:45.023Z</time></trkpt><trkpt lat="63.537209" lon="-149.789078"><ele>979.79895</ele><time>2026-06-19T18:44:45.023Z</time></trkpt><trkpt lat="63.537083" lon="-149.789032"><ele>979.360718</ele><time>2026-06-19T18:44:48.029Z</time></trkpt><trkpt lat="63.537052" lon="-149.78894"><ele>980.765137</ele><time>2026-06-19T18:44:51.028Z</time></trkpt><trkpt lat="63.536968" lon="-149.78891"><ele>981.085327</ele><time>2026-06-19T18:44:53.027Z</time></trkpt><trkpt lat="63.536884" lon="-149.78891"><ele>980.173218</ele><time>2026-06-19T18:44:56.030Z</time></trkpt><trkpt lat="63.536827" lon="-149.78894"><ele>981.606628</ele><time>2026-06-19T18:44:59.029Z</time></trkpt><trkpt lat="63.536774" lon="-149.789017"><ele>981.151672</ele><time>2026-06-19T18:45:01.030Z</time></trkpt><trkpt lat="63.536758" lon="-149.789078"><ele>982.988159</ele><time>2026-06-19T18:45:04.028Z</time></trkpt><trkpt lat="63.536697" lon="-149.789154"><ele>981.97168</ele><time>2026-06-19T18:45:04.028Z</time></trkpt><trkpt lat="63.536633" lon="-149.789322"><ele>984.906128</ele><time>2026-06-19T18:45:06.029Z</time></trkpt><trkpt lat="63.536606" lon="-149.789337"><ele>984.858582</ele><time>2026-06-19T18:45:09.025Z</time></trkpt><trkpt lat="63.536568" lon="-149.789429"><ele>985.76947</ele><time>2026-06-19T18:45:11.024Z</time></trkpt><trkpt lat="63.536495" lon="-149.789536"><ele>984.599365</ele><time>2026-06-19T18:45:17.029Z</time></trkpt><trkpt lat="63.53643" lon="-149.789551"><ele>982.826965</ele><time>2026-06-19T18:45:20.026Z</time></trkpt><trkpt lat="63.536407" lon="-149.789612"><ele>982.46759</ele><time>2026-06-19T18:45:24.029Z</time></trkpt><trkpt lat="63.536346" lon="-149.789597"><ele>983.325439</ele><time>2026-06-19T18:45:24.029Z</time></trkpt><trkpt lat="63.536312" lon="-149.789627"><ele>984.604736</ele><time>2026-06-19T18:45:33.024Z</time></trkpt><trkpt lat="63.536263" lon="-149.78952"><ele>981.677795</ele><time>2026-06-19T18:45:45.027Z</time></trkpt><trkpt lat="63.536175" lon="-149.78952"><ele>984.348145</ele><time>2026-06-19T18:45:45.027Z</time></trkpt><trkpt lat="63.536148" lon="-149.789551"><ele>984.42511</ele><time>2026-06-19T18:45:47.026Z</time></trkpt><trkpt lat="63.536083" lon="-149.789536"><ele>985.032776</ele><time>2026-06-19T18:45:50.030Z</time></trkpt><trkpt lat="63.53598" lon="-149.789581"><ele>984.005432</ele><time>2026-06-19T18:45:53.030Z</time></trkpt><trkpt lat="63.535946" lon="-149.789566"><ele>984.813416</ele><time>2026-06-19T18:45:56.028Z</time></trkpt><trkpt lat="63.535889" lon="-149.789581"><ele>985.494385</ele><time>2026-06-19T18:45:59.028Z</time></trkpt><trkpt lat="63.535862" lon="-149.789612"><ele>985.047852</ele><time>2026-06-19T18:46:02.029Z</time></trkpt><trkpt lat="63.535828" lon="-149.789612"><ele>984.364075</ele><time>2026-06-19T18:46:04.024Z</time></trkpt><trkpt lat="63.535801" lon="-149.789642"><ele>985.253784</ele><time>2026-06-19T18:46:04.024Z</time></trkpt><trkpt lat="63.535767" lon="-149.789642"><ele>984.837524</ele><time>2026-06-19T18:46:07.028Z</time></trkpt><trkpt lat="63.535652" lon="-149.789734"><ele>985.721924</ele><time>2026-06-19T18:46:10.031Z</time></trkpt><trkpt lat="63.535625" lon="-149.789734"><ele>987.923523</ele><time>2026-06-19T18:46:13.029Z</time></trkpt><trkpt lat="63.535469" lon="-149.789825"><ele>985.621033</ele><time>2026-06-19T18:46:17.029Z</time></trkpt><trkpt lat="63.535439" lon="-149.789825"><ele>984.967712</ele><time>2026-06-19T18:46:21.028Z</time></trkpt><trkpt lat="63.535248" lon="-149.789993"><ele>986.358643</ele><time>2026-06-19T18:46:29.028Z</time></trkpt><trkpt lat="63.535122" lon="-149.790039"><ele>986.11554</ele><time>2026-06-19T18:46:29.028Z</time></trkpt><trkpt lat="63.535027" lon="-149.790146"><ele>988.586243</ele><time>2026-06-19T18:46:36.024Z</time></trkpt><trkpt lat="63.534916" lon="-149.790222"><ele>987.956665</ele><time>2026-06-19T18:46:41.029Z</time></trkpt><trkpt lat="63.534859" lon="-149.790237"><ele>987.494202</ele><time>2026-06-19T18:46:46.029Z</time></trkpt><trkpt lat="63.534805" lon="-149.790329"><ele>987.802612</ele><time>2026-06-19T18:46:49.027Z</time></trkpt><trkpt lat="63.534748" lon="-149.790314"><ele>987.83252</ele><time>2026-06-19T18:46:49.027Z</time></trkpt><trkpt lat="63.53466" lon="-149.790375"><ele>988.542297</ele><time>2026-06-19T18:46:51.029Z</time></trkpt><trkpt lat="63.534531" lon="-149.790497"><ele>988.690613</ele><time>2026-06-19T18:46:54.028Z</time></trkpt><trkpt lat="63.534458" lon="-149.790512"><ele>986.699646</ele><time>2026-06-19T18:46:58.029Z</time></trkpt><trkpt lat="63.534328" lon="-149.790619"><ele>986.867798</ele><time>2026-06-19T18:47:01.028Z</time></trkpt><trkpt lat="63.534271" lon="-149.790604"><ele>986.884033</ele><time>2026-06-19T18:47:03.029Z</time></trkpt><trkpt lat="63.534218" lon="-149.790756"><ele>987.988342</ele><time>2026-06-19T18:47:06.030Z</time></trkpt><trkpt lat="63.534161" lon="-149.790802"><ele>988.647339</ele><time>2026-06-19T18:47:10.028Z</time></trkpt><trkpt lat="63.534107" lon="-149.790878"><ele>988.92749</ele><time>2026-06-19T18:47:10.028Z</time></trkpt><trkpt lat="63.534027" lon="-149.790939"><ele>988.435364</ele><time>2026-06-19T18:47:12.032Z</time></trkpt><trkpt lat="63.534012" lon="-149.790985"><ele>990.47345</ele><time>2026-06-19T18:47:20.028Z</time></trkpt><trkpt lat="63.533985" lon="-149.791"><ele>986.798584</ele><time>2026-06-19T18:47:22.030Z</time></trkpt><trkpt lat="63.533943" lon="-149.791077"><ele>986.950195</ele><time>2026-06-19T18:47:24.024Z</time></trkpt><trkpt lat="63.533863" lon="-149.791245"><ele>988.901733</ele><time>2026-06-19T18:47:26.029Z</time></trkpt><trkpt lat="63.533848" lon="-149.791367"><ele>991.938477</ele><time>2026-06-19T18:47:28.028Z</time></trkpt><trkpt lat="63.533798" lon="-149.791443"><ele>989.555298</ele><time>2026-06-19T18:47:30.028Z</time></trkpt><trkpt lat="63.533783" lon="-149.791504"><ele>991.011719</ele><time>2026-06-19T18:47:30.028Z</time></trkpt><trkpt lat="63.533627" lon="-149.791824"><ele>990.193604</ele><time>2026-06-19T18:47:32.029Z</time></trkpt><trkpt lat="63.533546" lon="-149.791779"><ele>990.4646</ele><time>2026-06-19T18:47:35.030Z</time></trkpt><trkpt lat="63.533497" lon="-149.791809"><ele>990.234436</ele><time>2026-06-19T18:47:37.024Z</time></trkpt><trkpt lat="63.533463" lon="-149.791809"><ele>989.492188</ele><time>2026-06-19T18:47:41.028Z</time></trkpt><trkpt lat="63.533409" lon="-149.79187"><ele>990.794189</ele><time>2026-06-19T18:48:11.028Z</time></trkpt><trkpt lat="63.533348" lon="-149.791885"><ele>990.299316</ele><time>2026-06-19T18:48:11.028Z</time></trkpt><trkpt lat="63.533222" lon="-149.792023"><ele>989.34491</ele><time>2026-06-19T18:57:48.029Z</time></trkpt><trkpt lat="63.533195" lon="-149.792007"><ele>988.954773</ele><time>2026-06-19T18:57:48.029Z</time></trkpt><trkpt lat="63.533119" lon="-149.792068"><ele>991.444336</ele><time>2026-06-19T18:58:11.026Z</time></trkpt><trkpt lat="63.533081" lon="-149.792145"><ele>990.737122</ele><time>2026-06-19T18:58:11.026Z</time></trkpt><trkpt lat="63.532955" lon="-149.792297"><ele>990.268677</ele><time>2026-06-19T18:58:19.027Z</time></trkpt><trkpt lat="63.532883" lon="-149.792419"><ele>991.510254</ele><time>2026-06-19T18:58:23.026Z</time></trkpt><trkpt lat="63.532856" lon="-149.792419"><ele>989.633667</ele><time>2026-06-19T18:58:27.028Z</time></trkpt><trkpt lat="63.532803" lon="-149.79248"><ele>989.896912</ele><time>2026-06-19T18:58:31.029Z</time></trkpt><trkpt lat="63.532799" lon="-149.792542"><ele>990.82959</ele><time>2026-06-19T18:58:31.029Z</time></trkpt><trkpt lat="63.532749" lon="-149.792572"><ele>990.839172</ele><time>2026-06-19T18:58:34.031Z</time></trkpt><trkpt lat="63.532703" lon="-149.792679"><ele>990.001892</ele><time>2026-06-19T18:58:37.029Z</time></trkpt><trkpt lat="63.53265" lon="-149.79274"><ele>990.261963</ele><time>2026-06-19T18:58:41.026Z</time></trkpt><trkpt lat="63.532616" lon="-149.792831"><ele>990.320923</ele><time>2026-06-19T18:58:43.027Z</time></trkpt><trkpt lat="63.532589" lon="-149.793045"><ele>992.648376</ele><time>2026-06-19T18:58:46.030Z</time></trkpt><trkpt lat="63.532555" lon="-149.793091"><ele>990.727966</ele><time>2026-06-19T18:58:50.030Z</time></trkpt><trkpt lat="63.53249" lon="-149.793137"><ele>990.355835</ele><time>2026-06-19T18:58:50.030Z</time></trkpt><trkpt lat="63.532398" lon="-149.793243"><ele>993.626831</ele><time>2026-06-19T18:58:53.027Z</time></trkpt><trkpt lat="63.532326" lon="-149.793289"><ele>991.708984</ele><time>2026-06-19T18:58:56.028Z</time></trkpt><trkpt lat="63.53231" lon="-149.793335"><ele>993.313782</ele><time>2026-06-19T18:58:59.028Z</time></trkpt><trkpt lat="63.532249" lon="-149.793365"><ele>992.190979</ele><time>2026-06-19T18:59:01.028Z</time></trkpt><trkpt lat="63.532227" lon="-149.793411"><ele>994.3974</ele><time>2026-06-19T18:59:04.029Z</time></trkpt><trkpt lat="63.5322" lon="-149.793411"><ele>993.072632</ele><time>2026-06-19T18:59:07.028Z</time></trkpt><trkpt lat="63.532127" lon="-149.793472"><ele>992.944702</ele><time>2026-06-19T18:59:11.029Z</time></trkpt><trkpt lat="63.532093" lon="-149.793549"><ele>996.822205</ele><time>2026-06-19T18:59:11.029Z</time></trkpt><trkpt lat="63.532036" lon="-149.793472"><ele>994.982422</ele><time>2026-06-19T18:59:13.030Z</time></trkpt><trkpt lat="63.531982" lon="-149.793503"><ele>993.385132</ele><time>2026-06-19T18:59:16.034Z</time></trkpt><trkpt lat="63.531963" lon="-149.793549"><ele>994.185486</ele><time>2026-06-19T18:59:18.029Z</time></trkpt><trkpt lat="63.531887" lon="-149.793625"><ele>995.643066</ele><time>2026-06-19T18:59:20.024Z</time></trkpt><trkpt lat="63.531864" lon="-149.79361"><ele>994.692627</ele><time>2026-06-19T18:59:23.026Z</time></trkpt><trkpt lat="63.531841" lon="-149.793625"><ele>995.343323</ele><time>2026-06-19T18:59:25.029Z</time></trkpt><trkpt lat="63.53178" lon="-149.793594"><ele>994.265259</ele><time>2026-06-19T18:59:28.027Z</time></trkpt><trkpt lat="63.531734" lon="-149.793549"><ele>995.79425</ele><time>2026-06-19T18:59:33.026Z</time></trkpt><trkpt lat="63.531685" lon="-149.793579"><ele>995.0849</ele><time>2026-06-19T18:59:33.026Z</time></trkpt><trkpt lat="63.531647" lon="-149.793686"><ele>995.985168</ele><time>2026-06-19T18:59:41.029Z</time></trkpt><trkpt lat="63.531624" lon="-149.793701"><ele>995.734924</ele><time>2026-06-19T18:59:45.026Z</time></trkpt><trkpt lat="63.531597" lon="-149.793671"><ele>996.558167</ele><time>2026-06-19T18:59:48.024Z</time></trkpt><trkpt lat="63.531513" lon="-149.793747"><ele>995.882446</ele><time>2026-06-19T18:59:53.028Z</time></trkpt><trkpt lat="63.531452" lon="-149.793701"><ele>994.739441</ele><time>2026-06-19T18:59:53.028Z</time></trkpt><trkpt lat="63.531422" lon="-149.793701"><ele>994.563049</ele><time>2026-06-19T18:59:59.027Z</time></trkpt><trkpt lat="63.531338" lon="-149.793655"><ele>995.774658</ele><time>2026-06-19T19:00:02.027Z</time></trkpt><trkpt lat="63.531284" lon="-149.793701"><ele>996.510132</ele><time>2026-06-19T19:00:05.023Z</time></trkpt><trkpt lat="63.531273" lon="-149.793655"><ele>996.091064</ele><time>2026-06-19T19:00:07.029Z</time></trkpt><trkpt lat="63.531242" lon="-149.793671"><ele>995.283508</ele><time>2026-06-19T19:00:09.027Z</time></trkpt><trkpt lat="63.531208" lon="-149.793655"><ele>996.407349</ele><time>2026-06-19T19:00:12.027Z</time></trkpt><trkpt lat="63.531158" lon="-149.793747"><ele>998.463196</ele><time>2026-06-19T19:00:12.027Z</time></trkpt><trkpt lat="63.531166" lon="-149.793686"><ele>997.635254</ele><time>2026-06-19T19:00:14.028Z</time></trkpt><trkpt lat="63.531143" lon="-149.793518"><ele>996.906799</ele><time>2026-06-19T19:00:16.027Z</time></trkpt><trkpt lat="63.531116" lon="-149.793549"><ele>996.215271</ele><time>2026-06-19T19:00:18.027Z</time></trkpt><trkpt lat="63.531059" lon="-149.793533"><ele>996.40918</ele><time>2026-06-19T19:00:21.030Z</time></trkpt><trkpt lat="63.531048" lon="-149.793594"><ele>998.311707</ele><time>2026-06-19T19:00:23.029Z</time></trkpt><trkpt lat="63.531021" lon="-149.793625"><ele>997.233276</ele><time>2026-06-19T19:00:26.029Z</time></trkpt><trkpt lat="63.530991" lon="-149.79361"><ele>997.54071</ele><time>2026-06-19T19:00:28.028Z</time></trkpt><trkpt lat="63.53096" lon="-149.793716"><ele>998.74884</ele><time>2026-06-19T19:00:31.029Z</time></trkpt><trkpt lat="63.53093" lon="-149.793732"><ele>998.822266</ele><time>2026-06-19T19:00:31.029Z</time></trkpt><trkpt lat="63.530907" lon="-149.793701"><ele>998.784058</ele><time>2026-06-19T19:00:33.029Z</time></trkpt><trkpt lat="63.530872" lon="-149.793716"><ele>999.095947</ele><time>2026-06-19T19:00:36.029Z</time></trkpt><trkpt lat="63.530838" lon="-149.793777"><ele>1000.086975</ele><time>2026-06-19T19:00:38.030Z</time></trkpt><trkpt lat="63.530792" lon="-149.793747"><ele>999.848572</ele><time>2026-06-19T19:00:40.030Z</time></trkpt><trkpt lat="63.530743" lon="-149.793747"><ele>997.044006</ele><time>2026-06-19T19:00:43.029Z</time></trkpt><trkpt lat="63.530697" lon="-149.793777"><ele>1001.841309</ele><time>2026-06-19T19:00:45.029Z</time></trkpt><trkpt lat="63.530621" lon="-149.793884"><ele>1005.362061</ele><time>2026-06-19T19:00:47.030Z</time></trkpt><trkpt lat="63.530571" lon="-149.793915"><ele>1008.285583</ele><time>2026-06-19T19:00:49.028Z</time></trkpt><trkpt lat="63.530388" lon="-149.794296"><ele>1014.162903</ele><time>2026-06-19T19:00:51.029Z</time></trkpt><trkpt lat="63.530346" lon="-149.794327"><ele>1015.838928</ele><time>2026-06-19T19:00:51.029Z</time></trkpt><trkpt lat="63.530331" lon="-149.794403"><ele>1017.733215</ele><time>2026-06-19T19:00:53.029Z</time></trkpt><trkpt lat="63.530289" lon="-149.794403"><ele>1016.738464</ele><time>2026-06-19T19:00:56.028Z</time></trkpt><trkpt lat="63.530235" lon="-149.794434"><ele>1016.610657</ele><time>2026-06-19T19:00:58.029Z</time></trkpt><trkpt lat="63.530193" lon="-149.794525"><ele>1018.133667</ele><time>2026-06-19T19:01:01.029Z</time></trkpt><trkpt lat="63.530144" lon="-149.794586"><ele>1014.229553</ele><time>2026-06-19T19:01:04.024Z</time></trkpt><trkpt lat="63.530102" lon="-149.794769"><ele>1018.300232</ele><time>2026-06-19T19:01:06.029Z</time></trkpt><trkpt lat="63.530018" lon="-149.794907"><ele>1023.102661</ele><time>2026-06-19T19:01:09.027Z</time></trkpt><trkpt lat="63.529972" lon="-149.794952"><ele>1022.602417</ele><time>2026-06-19T19:01:11.027Z</time></trkpt><trkpt lat="63.529922" lon="-149.794937"><ele>1023.431763</ele><time>2026-06-19T19:01:11.027Z</time></trkpt><trkpt lat="63.529888" lon="-149.794998"><ele>1026.189941</ele><time>2026-06-19T19:01:13.026Z</time></trkpt><trkpt lat="63.529846" lon="-149.794952"><ele>1024.394287</ele><time>2026-06-19T19:01:16.026Z</time></trkpt><trkpt lat="63.529812" lon="-149.794998"><ele>1026.645752</ele><time>2026-06-19T19:01:18.029Z</time></trkpt><trkpt lat="63.529827" lon="-149.794876"><ele>1028.141113</ele><time>2026-06-19T19:01:20.026Z</time></trkpt><trkpt lat="63.529797" lon="-149.794785"><ele>1025.950806</ele><time>2026-06-19T19:01:22.025Z</time></trkpt><trkpt lat="63.529793" lon="-149.794678"><ele>1024.683594</ele><time>2026-06-19T19:01:25.027Z</time></trkpt><trkpt lat="63.529816" lon="-149.794525"><ele>1022.835083</ele><time>2026-06-19T19:01:28.031Z</time></trkpt><trkpt lat="63.529789" lon="-149.794464"><ele>1023.432678</ele><time>2026-06-19T19:01:31.027Z</time></trkpt><trkpt lat="63.529793" lon="-149.794388"><ele>1022.092346</ele><time>2026-06-19T19:01:31.027Z</time></trkpt><trkpt lat="63.529804" lon="-149.794327"><ele>1017.473877</ele><time>2026-06-19T19:01:34.026Z</time></trkpt><trkpt lat="63.52985" lon="-149.794312"><ele>1023.455505</ele><time>2026-06-19T19:01:37.028Z</time></trkpt><trkpt lat="63.5298" lon="-149.794403"><ele>1022.098999</ele><time>2026-06-19T19:01:39.028Z</time></trkpt><trkpt lat="63.529778" lon="-149.79451"><ele>1024.300659</ele><time>2026-06-19T19:01:41.028Z</time></trkpt><trkpt lat="63.52972" lon="-149.794525"><ele>1026.506104</ele><time>2026-06-19T19:01:44.023Z</time></trkpt><trkpt lat="63.529732" lon="-149.794601"><ele>1034.52063</ele><time>2026-06-19T19:01:47.027Z</time></trkpt><trkpt lat="63.529724" lon="-149.794678"><ele>1030.253662</ele><time>2026-06-19T19:01:49.027Z</time></trkpt><trkpt lat="63.529671" lon="-149.794724"><ele>1031.800049</ele><time>2026-06-19T19:01:51.028Z</time></trkpt><trkpt lat="63.529648" lon="-149.794693"><ele>1030.617676</ele><time>2026-06-19T19:01:51.028Z</time></trkpt><trkpt lat="63.529613" lon="-149.794693"><ele>1029.587524</ele><time>2026-06-19T19:01:53.029Z</time></trkpt><trkpt lat="63.529591" lon="-149.794739"><ele>1030.13269</ele><time>2026-06-19T19:01:55.027Z</time></trkpt><trkpt lat="63.529556" lon="-149.794724"><ele>1029.814331</ele><time>2026-06-19T19:01:57.026Z</time></trkpt><trkpt lat="63.529541" lon="-149.7948"><ele>1033.403076</ele><time>2026-06-19T19:02:02.028Z</time></trkpt><trkpt lat="63.529476" lon="-149.794876"><ele>1030.905884</ele><time>2026-06-19T19:02:05.029Z</time></trkpt><trkpt lat="63.529449" lon="-149.794937"><ele>1030.975952</ele><time>2026-06-19T19:02:08.028Z</time></trkpt><trkpt lat="63.529423" lon="-149.794891"><ele>1031.421387</ele><time>2026-06-19T19:02:11.026Z</time></trkpt><trkpt lat="63.529484" lon="-149.794907"><ele>1036.616577</ele><time>2026-06-19T19:02:11.026Z</time></trkpt><trkpt lat="63.529438" lon="-149.794907"><ele>1031.073608</ele><time>2026-06-19T19:02:14.025Z</time></trkpt><trkpt lat="63.529297" lon="-149.794632"><ele>1030.396851</ele><time>2026-06-19T19:02:16.028Z</time></trkpt><trkpt lat="63.529282" lon="-149.794571"><ele>1028.914185</ele><time>2026-06-19T19:02:19.029Z</time></trkpt><trkpt lat="63.529247" lon="-149.794556"><ele>1030.901733</ele><time>2026-06-19T19:02:22.030Z</time></trkpt><trkpt lat="63.52919" lon="-149.794495"><ele>1023.976379</ele><time>2026-06-19T19:02:25.027Z</time></trkpt><trkpt lat="63.529163" lon="-149.794495"><ele>1025.696899</ele><time>2026-06-19T19:02:27.026Z</time></trkpt><trkpt lat="63.529118" lon="-149.794449"><ele>1029.440674</ele><time>2026-06-19T19:02:30.030Z</time></trkpt><trkpt lat="63.529102" lon="-149.794403"><ele>1026.275146</ele><time>2026-06-19T19:02:30.030Z</time></trkpt><trkpt lat="63.529057" lon="-149.794388"><ele>1025.840454</ele><time>2026-06-19T19:02:33.029Z</time></trkpt><trkpt lat="63.529041" lon="-149.794281"><ele>1026.38147</ele><time>2026-06-19T19:02:35.024Z</time></trkpt><trkpt lat="63.529015" lon="-149.794296"><ele>1025.619141</ele><time>2026-06-19T19:02:38.026Z</time></trkpt><trkpt lat="63.528999" lon="-149.794342"><ele>1022.774231</ele><time>2026-06-19T19:02:40.025Z</time></trkpt><trkpt lat="63.528954" lon="-149.794281"><ele>1023.337524</ele><time>2026-06-19T19:02:43.026Z</time></trkpt><trkpt lat="63.5289" lon="-149.794281"><ele>1024.306396</ele><time>2026-06-19T19:02:46.027Z</time></trkpt><trkpt lat="63.528881" lon="-149.794174"><ele>1026.112305</ele><time>2026-06-19T19:02:49.027Z</time></trkpt><trkpt lat="63.528862" lon="-149.794128"><ele>1024.83374</ele><time>2026-06-19T19:02:49.027Z</time></trkpt><trkpt lat="63.528839" lon="-149.794113"><ele>1026.090088</ele><time>2026-06-19T19:02:51.026Z</time></trkpt><trkpt lat="63.528809" lon="-149.793884"><ele>1031.622681</ele><time>2026-06-19T19:02:54.029Z</time></trkpt><trkpt lat="63.528728" lon="-149.793701"><ele>1025.432007</ele><time>2026-06-19T19:02:57.025Z</time></trkpt><trkpt lat="63.528713" lon="-149.793625"><ele>1025.107422</ele><time>2026-06-19T19:03:00.027Z</time></trkpt><trkpt lat="63.528675" lon="-149.79361"><ele>1021.713135</ele><time>2026-06-19T19:03:03.027Z</time></trkpt><trkpt lat="63.528656" lon="-149.793671"><ele>1021.513489</ele><time>2026-06-19T19:03:06.025Z</time></trkpt><trkpt lat="63.528542" lon="-149.793533"><ele>1019.431885</ele><time>2026-06-19T19:03:09.028Z</time></trkpt><trkpt lat="63.528519" lon="-149.793427"><ele>1019.253418</ele><time>2026-06-19T19:03:09.028Z</time></trkpt><trkpt lat="63.528488" lon="-149.793442"><ele>1020.347473</ele><time>2026-06-19T19:03:12.026Z</time></trkpt><trkpt lat="63.528473" lon="-149.793411"><ele>1020.711243</ele><time>2026-06-19T19:03:15.028Z</time></trkpt><trkpt lat="63.528404" lon="-149.793381"><ele>1021.908813</ele><time>2026-06-19T19:03:17.026Z</time></trkpt><trkpt lat="63.528362" lon="-149.793198"><ele>1020.801392</ele><time>2026-06-19T19:03:19.028Z</time></trkpt><trkpt lat="63.52837" lon="-149.793121"><ele>1021.740662</ele><time>2026-06-19T19:03:23.029Z</time></trkpt><trkpt lat="63.528351" lon="-149.79303"><ele>1022.336609</ele><time>2026-06-19T19:03:25.023Z</time></trkpt><trkpt lat="63.528271" lon="-149.793076"><ele>1020.911682</ele><time>2026-06-19T19:03:29.026Z</time></trkpt><trkpt lat="63.528233" lon="-149.792999"><ele>1023.608582</ele><time>2026-06-19T19:03:29.026Z</time></trkpt><trkpt lat="63.52821" lon="-149.792786"><ele>1024.185669</ele><time>2026-06-19T19:03:32.023Z</time></trkpt><trkpt lat="63.528233" lon="-149.792618"><ele>1023.14978</ele><time>2026-06-19T19:03:38.029Z</time></trkpt><trkpt lat="63.528225" lon="-149.792526"><ele>1020.944763</ele><time>2026-06-19T19:03:41.028Z</time></trkpt><trkpt lat="63.528301" lon="-149.792404"><ele>1025.797485</ele><time>2026-06-19T19:03:44.027Z</time></trkpt><trkpt lat="63.528427" lon="-149.79248"><ele>1031.226074</ele><time>2026-06-19T19:03:47.023Z</time></trkpt><trkpt lat="63.528488" lon="-149.792328"><ele>1025.28894</ele><time>2026-06-19T19:03:50.026Z</time></trkpt><trkpt lat="63.528507" lon="-149.792099"><ele>1025.11731</ele><time>2026-06-19T19:03:50.026Z</time></trkpt><trkpt lat="63.528534" lon="-149.792007"><ele>1024.028809</ele><time>2026-06-19T19:03:53.029Z</time></trkpt><trkpt lat="63.528599" lon="-149.792038"><ele>1024.915894</ele><time>2026-06-19T19:03:56.025Z</time></trkpt><trkpt lat="63.528633" lon="-149.791931"><ele>1025.043945</ele><time>2026-06-19T19:03:59.023Z</time></trkpt><trkpt lat="63.528622" lon="-149.79187"><ele>1025.425903</ele><time>2026-06-19T19:04:02.029Z</time></trkpt><trkpt lat="63.528648" lon="-149.791901"><ele>1025.602905</ele><time>2026-06-19T19:04:08.025Z</time></trkpt><trkpt lat="63.528706" lon="-149.791885"><ele>1024.884644</ele><time>2026-06-19T19:04:11.024Z</time></trkpt><trkpt lat="63.528782" lon="-149.791916"><ele>1030.989258</ele><time>2026-06-19T19:04:11.024Z</time></trkpt><trkpt lat="63.528755" lon="-149.791977"><ele>1022.626892</ele><time>2026-06-19T19:04:13.023Z</time></trkpt><trkpt lat="63.528793" lon="-149.791962"><ele>1028.898438</ele><time>2026-06-19T19:04:16.026Z</time></trkpt><trkpt lat="63.528824" lon="-149.792023"><ele>1022.143005</ele><time>2026-06-19T19:04:19.026Z</time></trkpt><trkpt lat="63.528831" lon="-149.792099"><ele>1021.468994</ele><time>2026-06-19T19:04:22.028Z</time></trkpt><trkpt lat="63.528805" lon="-149.79213"><ele>1020.827332</ele><time>2026-06-19T19:04:24.029Z</time></trkpt><trkpt lat="63.528839" lon="-149.792236"><ele>1021.471924</ele><time>2026-06-19T19:04:27.028Z</time></trkpt><trkpt lat="63.528919" lon="-149.792191"><ele>1020.697021</ele><time>2026-06-19T19:04:30.031Z</time></trkpt><trkpt lat="63.528934" lon="-149.792099"><ele>1019.702698</ele><time>2026-06-19T19:04:30.031Z</time></trkpt><trkpt lat="63.528976" lon="-149.792099"><ele>1020.745667</ele><time>2026-06-19T19:04:33.028Z</time></trkpt><trkpt lat="63.529007" lon="-149.792206"><ele>1017.517334</ele><time>2026-06-19T19:04:36.027Z</time></trkpt><trkpt lat="63.52906" lon="-149.792191"><ele>1018.119934</ele><time>2026-06-19T19:04:38.030Z</time></trkpt><trkpt lat="63.529087" lon="-149.792114"><ele>1017.010498</ele><time>2026-06-19T19:04:41.027Z</time></trkpt><trkpt lat="63.529095" lon="-149.791992"><ele>1017.282166</ele><time>2026-06-19T19:04:44.028Z</time></trkpt><trkpt lat="63.529167" lon="-149.791656"><ele>1018.72345</ele><time>2026-06-19T19:04:47.027Z</time></trkpt><trkpt lat="63.529236" lon="-149.791504"><ele>1019.83783</ele><time>2026-06-19T19:04:50.029Z</time></trkpt><trkpt lat="63.529255" lon="-149.791321"><ele>1019.837708</ele><time>2026-06-19T19:04:50.029Z</time></trkpt><trkpt lat="63.529278" lon="-149.791275"><ele>1018.114929</ele><time>2026-06-19T19:04:52.026Z</time></trkpt><trkpt lat="63.529259" lon="-149.791168"><ele>1017.494568</ele><time>2026-06-19T19:04:55.028Z</time></trkpt><trkpt lat="63.529301" lon="-149.791016"><ele>1016.738403</ele><time>2026-06-19T19:04:58.029Z</time></trkpt><trkpt lat="63.529343" lon="-149.791061"><ele>1017.148926</ele><time>2026-06-19T19:05:01.026Z</time></trkpt><trkpt lat="63.529381" lon="-149.791046"><ele>1018.240417</ele><time>2026-06-19T19:05:04.028Z</time></trkpt><trkpt lat="63.529411" lon="-149.791"><ele>1018.311401</ele><time>2026-06-19T19:05:06.031Z</time></trkpt><trkpt lat="63.529495" lon="-149.790726"><ele>1017.789673</ele><time>2026-06-19T19:05:09.026Z</time></trkpt><trkpt lat="63.529541" lon="-149.79068"><ele>1016.865845</ele><time>2026-06-19T19:05:09.026Z</time></trkpt><trkpt lat="63.529583" lon="-149.790726"><ele>1017.760193</ele><time>2026-06-19T19:05:12.027Z</time></trkpt><trkpt lat="63.529694" lon="-149.790649"><ele>1011.917236</ele><time>2026-06-19T19:05:15.027Z</time></trkpt><trkpt lat="63.529716" lon="-149.790604"><ele>1013.99585</ele><time>2026-06-19T19:05:18.028Z</time></trkpt><trkpt lat="63.52972" lon="-149.790527"><ele>1015.941162</ele><time>2026-06-19T19:05:21.026Z</time></trkpt><trkpt lat="63.52977" lon="-149.790436"><ele>1016.719482</ele><time>2026-06-19T19:05:27.027Z</time></trkpt><trkpt lat="63.529797" lon="-149.790512"><ele>1018.387451</ele><time>2026-06-19T19:05:30.028Z</time></trkpt><trkpt lat="63.5298" lon="-149.790573"><ele>1019.386536</ele><time>2026-06-19T19:05:30.028Z</time></trkpt><trkpt lat="63.529881" lon="-149.790527"><ele>1018.319153</ele><time>2026-06-19T19:05:34.029Z</time></trkpt><trkpt lat="63.529915" lon="-149.790573"><ele>1018.922546</ele><time>2026-06-19T19:05:36.026Z</time></trkpt><trkpt lat="63.529949" lon="-149.790558"><ele>1022.797302</ele><time>2026-06-19T19:05:39.028Z</time></trkpt><trkpt lat="63.52998" lon="-149.790497"><ele>1019.230286</ele><time>2026-06-19T19:05:41.028Z</time></trkpt><trkpt lat="63.530132" lon="-149.790436"><ele>1018.627502</ele><time>2026-06-19T19:05:43.030Z</time></trkpt><trkpt lat="63.530178" lon="-149.790497"><ele>1018.43634</ele><time>2026-06-19T19:05:46.027Z</time></trkpt><trkpt lat="63.530224" lon="-149.790527"><ele>1018.737305</ele><time>2026-06-19T19:05:48.029Z</time></trkpt><trkpt lat="63.530239" lon="-149.790619"><ele>1018.793213</ele><time>2026-06-19T19:05:51.027Z</time></trkpt><trkpt lat="63.530289" lon="-149.790756"><ele>1016.13501</ele><time>2026-06-19T19:05:51.027Z</time></trkpt><trkpt lat="63.5303" lon="-149.790848"><ele>1018.351135</ele><time>2026-06-19T19:05:54.030Z</time></trkpt><trkpt lat="63.530342" lon="-149.790863"><ele>1018.128601</ele><time>2026-06-19T19:05:57.027Z</time></trkpt><trkpt lat="63.530392" lon="-149.790848"><ele>1019.37384</ele><time>2026-06-19T19:06:00.031Z</time></trkpt><trkpt lat="63.530426" lon="-149.790894"><ele>1021.920654</ele><time>2026-06-19T19:06:03.023Z</time></trkpt><trkpt lat="63.530453" lon="-149.790985"><ele>1020.411438</ele><time>2026-06-19T19:06:05.031Z</time></trkpt><trkpt lat="63.530453" lon="-149.791122"><ele>1020.356201</ele><time>2026-06-19T19:06:08.028Z</time></trkpt><trkpt lat="63.530434" lon="-149.791214"><ele>1016.506409</ele><time>2026-06-19T19:06:11.028Z</time></trkpt><trkpt lat="63.53046" lon="-149.791641"><ele>1015.746887</ele><time>2026-06-19T19:06:11.028Z</time></trkpt><trkpt lat="63.530521" lon="-149.791672"><ele>1018.274292</ele><time>2026-06-19T19:06:14.029Z</time></trkpt><trkpt lat="63.530575" lon="-149.791855"><ele>1015.457764</ele><time>2026-06-19T19:06:17.029Z</time></trkpt><trkpt lat="63.530575" lon="-149.791977"><ele>1014.396301</ele><time>2026-06-19T19:06:20.026Z</time></trkpt><trkpt lat="63.530636" lon="-149.792175"><ele>1013.635925</ele><time>2026-06-19T19:06:23.026Z</time></trkpt><trkpt lat="63.530655" lon="-149.792297"><ele>1012.028137</ele><time>2026-06-19T19:06:26.027Z</time></trkpt><trkpt lat="63.530685" lon="-149.792313"><ele>1011.24884</ele><time>2026-06-19T19:06:29.027Z</time></trkpt><trkpt lat="63.530701" lon="-149.792374"><ele>1011.261597</ele><time>2026-06-19T19:06:32.027Z</time></trkpt><trkpt lat="63.530746" lon="-149.792664"><ele>1008.488708</ele><time>2026-06-19T19:06:32.027Z</time></trkpt><trkpt lat="63.530777" lon="-149.792694"><ele>1008.783508</ele><time>2026-06-19T19:06:36.026Z</time></trkpt><trkpt lat="63.530762" lon="-149.792755"><ele>1005.635132</ele><time>2026-06-19T19:06:47.026Z</time></trkpt><trkpt lat="63.5308" lon="-149.792877"><ele>1007.176025</ele><time>2026-06-19T19:06:50.028Z</time></trkpt><trkpt lat="63.530769" lon="-149.793106"><ele>1003.848755</ele><time>2026-06-19T19:06:55.029Z</time></trkpt><trkpt lat="63.530777" lon="-149.793213"><ele>1004.192322</ele><time>2026-06-19T19:06:55.029Z</time></trkpt><trkpt lat="63.530807" lon="-149.793289"><ele>1002.802795</ele><time>2026-06-19T19:07:11.027Z</time></trkpt><trkpt lat="63.530857" lon="-149.793259"><ele>1003.768127</ele><time>2026-06-19T19:07:13.025Z</time></trkpt><trkpt lat="63.53093" lon="-149.793274"><ele>1000.900208</ele><time>2026-06-19T19:07:15.025Z</time></trkpt><trkpt lat="63.530994" lon="-149.793381"><ele>1002.045166</ele><time>2026-06-19T19:07:15.025Z</time></trkpt><trkpt lat="63.530983" lon="-149.793442"><ele>999.510925</ele><time>2026-06-19T19:07:17.028Z</time></trkpt><trkpt lat="63.531048" lon="-149.793518"><ele>997.350098</ele><time>2026-06-19T19:07:20.023Z</time></trkpt><trkpt lat="63.531151" lon="-149.793579"><ele>998.827332</ele><time>2026-06-19T19:07:22.027Z</time></trkpt><trkpt lat="63.531155" lon="-149.793655"><ele>997.595886</ele><time>2026-06-19T19:07:24.023Z</time></trkpt><trkpt lat="63.531189" lon="-149.79364"><ele>998.550293</ele><time>2026-06-19T19:07:28.026Z</time></trkpt><trkpt lat="63.531227" lon="-149.793503"><ele>999.808594</ele><time>2026-06-19T19:07:30.028Z</time></trkpt><trkpt lat="63.531258" lon="-149.793488"><ele>998.813721</ele><time>2026-06-19T19:07:33.028Z</time></trkpt><trkpt lat="63.531311" lon="-149.793411"><ele>998.757996</ele><time>2026-06-19T19:07:36.026Z</time></trkpt><trkpt lat="63.531345" lon="-149.793274"><ele>996.630188</ele><time>2026-06-19T19:07:36.026Z</time></trkpt><trkpt lat="63.531429" lon="-149.793152"><ele>998.734192</ele><time>2026-06-19T19:07:38.029Z</time></trkpt><trkpt lat="63.531586" lon="-149.79303"><ele>998.151733</ele><time>2026-06-19T19:07:40.026Z</time></trkpt><trkpt lat="63.53175" lon="-149.792831"><ele>996.360107</ele><time>2026-06-19T19:07:43.027Z</time></trkpt><trkpt lat="63.53191" lon="-149.792725"><ele>995.945251</ele><time>2026-06-19T19:07:48.029Z</time></trkpt><trkpt lat="63.532063" lon="-149.792572"><ele>995.285889</ele><time>2026-06-19T19:07:50.027Z</time></trkpt><trkpt lat="63.532127" lon="-149.792542"><ele>995.627563</ele><time>2026-06-19T19:07:55.028Z</time></trkpt><trkpt lat="63.532215" lon="-149.792542"><ele>995.128906</ele><time>2026-06-19T19:07:55.028Z</time></trkpt><trkpt lat="63.532524" lon="-149.792282"><ele>993.544495</ele><time>2026-06-19T19:07:58.027Z</time></trkpt><trkpt lat="63.532558" lon="-149.792267"><ele>994.514099</ele><time>2026-06-19T19:08:01.028Z</time></trkpt><trkpt lat="63.532589" lon="-149.792282"><ele>995.402771</ele><time>2026-06-19T19:08:04.029Z</time></trkpt><trkpt lat="63.532619" lon="-149.792236"><ele>993.817566</ele><time>2026-06-19T19:08:08.027Z</time></trkpt><trkpt lat="63.532677" lon="-149.792206"><ele>994.701233</ele><time>2026-06-19T19:08:11.027Z</time></trkpt><trkpt lat="63.53273" lon="-149.79213"><ele>993.75708</ele><time>2026-06-19T19:08:14.026Z</time></trkpt><trkpt lat="63.532856" lon="-149.792038"><ele>993.082336</ele><time>2026-06-19T19:08:14.026Z</time></trkpt><trkpt lat="63.532883" lon="-149.791992"><ele>992.135498</ele><time>2026-06-19T19:08:30.028Z</time></trkpt><trkpt lat="63.532917" lon="-149.791992"><ele>992.141724</ele><time>2026-06-19T19:08:33.028Z</time></trkpt><trkpt lat="63.532997" lon="-149.79187"><ele>993.816895</ele><time>2026-06-19T19:08:33.028Z</time></trkpt><trkpt lat="63.533115" lon="-149.791763"><ele>992.261292</ele><time>2026-06-19T19:09:39.028Z</time></trkpt><trkpt lat="63.53315" lon="-149.791763"><ele>993.514893</ele><time>2026-06-19T19:09:39.028Z</time></trkpt><trkpt lat="63.533176" lon="-149.791809"><ele>991.192322</ele><time>2026-06-19T19:09:45.030Z</time></trkpt><trkpt lat="63.533215" lon="-149.791687"><ele>991.691589</ele><time>2026-06-19T19:09:49.033Z</time></trkpt><trkpt lat="63.533272" lon="-149.791611"><ele>991.780884</ele><time>2026-06-19T19:09:53.028Z</time></trkpt><trkpt lat="63.533306" lon="-149.791595"><ele>993.695129</ele><time>2026-06-19T19:09:57.029Z</time></trkpt><trkpt lat="63.533329" lon="-149.79155"><ele>992.004089</ele><time>2026-06-19T19:10:01.030Z</time></trkpt><trkpt lat="63.533356" lon="-149.79155"><ele>991.803467</ele><time>2026-06-19T19:10:01.030Z</time></trkpt><trkpt lat="63.533379" lon="-149.791595"><ele>991.1698</ele><time>2026-06-19T19:10:05.030Z</time></trkpt><trkpt lat="63.533436" lon="-149.791595"><ele>989.273743</ele><time>2026-06-19T19:10:09.032Z</time></trkpt><trkpt lat="63.533466" lon="-149.79155"><ele>989.801697</ele><time>2026-06-19T19:10:13.031Z</time></trkpt><trkpt lat="63.533546" lon="-149.791519"><ele>990.265259</ele><time>2026-06-19T19:10:20.027Z</time></trkpt><trkpt lat="63.533569" lon="-149.791565"><ele>990.65155</ele><time>2026-06-19T19:10:20.027Z</time></trkpt><trkpt lat="63.533585" lon="-149.791687"><ele>990.579224</ele><time>2026-06-19T19:10:23.029Z</time></trkpt><trkpt lat="63.533619" lon="-149.791626"><ele>993.737244</ele><time>2026-06-19T19:10:25.028Z</time></trkpt><trkpt lat="63.533649" lon="-149.791656"><ele>989.574646</ele><time>2026-06-19T19:10:27.029Z</time></trkpt><trkpt lat="63.533669" lon="-149.791611"><ele>989.900757</ele><time>2026-06-19T19:10:30.031Z</time></trkpt><trkpt lat="63.533684" lon="-149.791656"><ele>990.782654</ele><time>2026-06-19T19:10:32.027Z</time></trkpt><trkpt lat="63.533714" lon="-149.791672"><ele>990.152344</ele><time>2026-06-19T19:10:35.030Z</time></trkpt><trkpt lat="63.533737" lon="-149.791718"><ele>991.171143</ele><time>2026-06-19T19:10:37.027Z</time></trkpt><trkpt lat="63.533768" lon="-149.791702"><ele>991.920898</ele><time>2026-06-19T19:10:40.028Z</time></trkpt><trkpt lat="63.533798" lon="-149.791718"><ele>992.788452</ele><time>2026-06-19T19:10:40.028Z</time></trkpt><trkpt lat="63.533844" lon="-149.791779"><ele>992.76709</ele><time>2026-06-19T19:10:43.029Z</time></trkpt><trkpt lat="63.53389" lon="-149.791794"><ele>992.016113</ele><time>2026-06-19T19:10:46.027Z</time></trkpt><trkpt lat="63.534031" lon="-149.792114"><ele>992.210449</ele><time>2026-06-19T19:10:49.027Z</time></trkpt><trkpt lat="63.534096" lon="-149.792313"><ele>992.956909</ele><time>2026-06-19T19:10:52.028Z</time></trkpt><trkpt lat="63.534115" lon="-149.792465"><ele>992.898804</ele><time>2026-06-19T19:10:55.026Z</time></trkpt><trkpt lat="63.534157" lon="-149.792587"><ele>992.112427</ele><time>2026-06-19T19:10:57.028Z</time></trkpt><trkpt lat="63.534115" lon="-149.792618"><ele>991.431091</ele><time>2026-06-19T19:11:00.027Z</time></trkpt><trkpt lat="63.534149" lon="-149.792526"><ele>990.447205</ele><time>2026-06-19T19:11:00.027Z</time></trkpt><trkpt lat="63.534229" lon="-149.792496"><ele>991.218384</ele><time>2026-06-19T19:11:02.029Z</time></trkpt><trkpt lat="63.534256" lon="-149.792526"><ele>989.029602</ele><time>2026-06-19T19:11:05.027Z</time></trkpt><trkpt lat="63.534191" lon="-149.792542"><ele>988.041138</ele><time>2026-06-19T19:11:07.025Z</time></trkpt><trkpt lat="63.534164" lon="-149.792587"><ele>987.41095</ele><time>2026-06-19T19:11:10.027Z</time></trkpt><trkpt lat="63.534149" lon="-149.792542"><ele>987.299622</ele><time>2026-06-19T19:11:12.027Z</time></trkpt><trkpt lat="63.534103" lon="-149.792847"><ele>988.912354</ele><time>2026-06-19T19:11:14.028Z</time></trkpt><trkpt lat="63.534111" lon="-149.792679"><ele>987.137024</ele><time>2026-06-19T19:11:17.029Z</time></trkpt><trkpt lat="63.534138" lon="-149.792572"><ele>987.462646</ele><time>2026-06-19T19:11:19.026Z</time></trkpt><trkpt lat="63.534203" lon="-149.792557"><ele>986.196777</ele><time>2026-06-19T19:11:19.026Z</time></trkpt><trkpt lat="63.534138" lon="-149.792572"><ele>985.270935</ele><time>2026-06-19T19:11:19.026Z</time></trkpt><trkpt lat="63.534225" lon="-149.79248"><ele>984.379395</ele><time>2026-06-19T19:11:24.027Z</time></trkpt><trkpt lat="63.534363" lon="-149.792526"><ele>986.484192</ele><time>2026-06-19T19:11:26.028Z</time></trkpt><trkpt lat="63.534409" lon="-149.792511"><ele>984.902466</ele><time>2026-06-19T19:11:29.026Z</time></trkpt><trkpt lat="63.534466" lon="-149.792526"><ele>984.148987</ele><time>2026-06-19T19:11:32.027Z</time></trkpt><trkpt lat="63.534527" lon="-149.792572"><ele>984.345215</ele><time>2026-06-19T19:11:35.025Z</time></trkpt><trkpt lat="63.534706" lon="-149.792374"><ele>987.10968</ele><time>2026-06-19T19:11:38.028Z</time></trkpt><trkpt lat="63.534725" lon="-149.792297"><ele>984.075012</ele><time>2026-06-19T19:11:38.028Z</time></trkpt><trkpt lat="63.534767" lon="-149.792267"><ele>982.865723</ele><time>2026-06-19T19:11:42.026Z</time></trkpt><trkpt lat="63.534805" lon="-149.792267"><ele>982.27655</ele><time>2026-06-19T19:11:44.025Z</time></trkpt><trkpt lat="63.53484" lon="-149.792221"><ele>982.749695</ele><time>2026-06-19T19:11:46.028Z</time></trkpt><trkpt lat="63.53487" lon="-149.792267"><ele>982.402954</ele><time>2026-06-19T19:11:48.026Z</time></trkpt><trkpt lat="63.53484" lon="-149.792282"><ele>982.540222</ele><time>2026-06-19T19:11:51.027Z</time></trkpt><trkpt lat="63.534821" lon="-149.792328"><ele>982.819946</ele><time>2026-06-19T19:11:54.028Z</time></trkpt><trkpt lat="63.534866" lon="-149.792252"><ele>984.700623</ele><time>2026-06-19T19:11:57.028Z</time></trkpt><trkpt lat="63.534973" lon="-149.792206"><ele>982.680603</ele><time>2026-06-19T19:11:57.028Z</time></trkpt><trkpt lat="63.535049" lon="-149.792114"><ele>983.942566</ele><time>2026-06-19T19:12:00.025Z</time></trkpt><trkpt lat="63.53513" lon="-149.791916"><ele>987.678589</ele><time>2026-06-19T19:12:02.029Z</time></trkpt><trkpt lat="63.535164" lon="-149.791779"><ele>985.396118</ele><time>2026-06-19T19:12:04.027Z</time></trkpt><trkpt lat="63.535385" lon="-149.791489"><ele>984.665466</ele><time>2026-06-19T19:12:07.030Z</time></trkpt><trkpt lat="63.53545" lon="-149.791443"><ele>986.035706</ele><time>2026-06-19T19:12:10.029Z</time></trkpt><trkpt lat="63.535477" lon="-149.791473"><ele>986.793701</ele><time>2026-06-19T19:12:12.027Z</time></trkpt><trkpt lat="63.535507" lon="-149.791458"><ele>985.873718</ele><time>2026-06-19T19:12:14.029Z</time></trkpt><trkpt lat="63.535603" lon="-149.791351"><ele>985.135498</ele><time>2026-06-19T19:12:17.025Z</time></trkpt><trkpt lat="63.535625" lon="-149.791306"><ele>984.872742</ele><time>2026-06-19T19:12:17.025Z</time></trkpt><trkpt lat="63.535789" lon="-149.791183"><ele>985.008972</ele><time>2026-06-19T19:12:19.029Z</time></trkpt><trkpt lat="63.535854" lon="-149.791168"><ele>983.914124</ele><time>2026-06-19T19:12:21.027Z</time></trkpt><trkpt lat="63.535915" lon="-149.791092"><ele>983.50415</ele><time>2026-06-19T19:12:25.025Z</time></trkpt><trkpt lat="63.535961" lon="-149.790985"><ele>981.818787</ele><time>2026-06-19T19:12:28.025Z</time></trkpt><trkpt lat="63.535995" lon="-149.79097"><ele>982.907471</ele><time>2026-06-19T19:12:30.028Z</time></trkpt><trkpt lat="63.536076" lon="-149.790817"><ele>982.721252</ele><time>2026-06-19T19:12:33.024Z</time></trkpt><trkpt lat="63.536148" lon="-149.790771"><ele>983.459351</ele><time>2026-06-19T19:12:37.027Z</time></trkpt><trkpt lat="63.536266" lon="-149.790588"><ele>982.008057</ele><time>2026-06-19T19:12:37.027Z</time></trkpt><trkpt lat="63.536373" lon="-149.790543"><ele>979.939453</ele><time>2026-06-19T19:12:39.027Z</time></trkpt><trkpt lat="63.536438" lon="-149.790466"><ele>980.937988</ele><time>2026-06-19T19:12:42.028Z</time></trkpt><trkpt lat="63.536514" lon="-149.790497"><ele>981.470459</ele><time>2026-06-19T19:12:45.027Z</time></trkpt><trkpt lat="63.536617" lon="-149.790421"><ele>981.761658</ele><time>2026-06-19T19:12:48.025Z</time></trkpt><trkpt lat="63.536686" lon="-149.790436"><ele>980.566467</ele><time>2026-06-19T19:12:52.027Z</time></trkpt><trkpt lat="63.536762" lon="-149.790421"><ele>980.901733</ele><time>2026-06-19T19:12:55.025Z</time></trkpt><trkpt lat="63.536816" lon="-149.790512"><ele>979.070923</ele><time>2026-06-19T19:12:58.026Z</time></trkpt><trkpt lat="63.53688" lon="-149.790543"><ele>981.701843</ele><time>2026-06-19T19:12:58.026Z</time></trkpt><trkpt lat="63.536915" lon="-149.790527"><ele>981.783752</ele><time>2026-06-19T19:13:00.028Z</time></trkpt><trkpt lat="63.536942" lon="-149.790482"><ele>980.458374</ele><time>2026-06-19T19:13:03.029Z</time></trkpt><trkpt lat="63.537121" lon="-149.79068"><ele>983.062073</ele><time>2026-06-19T19:13:05.026Z</time></trkpt><trkpt lat="63.537258" lon="-149.790741"><ele>982.824707</ele><time>2026-06-19T19:13:09.026Z</time></trkpt><trkpt lat="63.537281" lon="-149.790771"><ele>981.969666</ele><time>2026-06-19T19:13:11.028Z</time></trkpt><trkpt lat="63.537388" lon="-149.790756"><ele>981.356567</ele><time>2026-06-19T19:13:14.030Z</time></trkpt><trkpt lat="63.537453" lon="-149.790802"><ele>980.169373</ele><time>2026-06-19T19:13:20.028Z</time></trkpt><trkpt lat="63.537552" lon="-149.790833"><ele>979.058716</ele><time>2026-06-19T19:13:20.028Z</time></trkpt><trkpt lat="63.537621" lon="-149.790817"><ele>979.509277</ele><time>2026-06-19T19:13:23.030Z</time></trkpt><trkpt lat="63.537674" lon="-149.790863"><ele>977.293213</ele><time>2026-06-19T19:13:26.029Z</time></trkpt><trkpt lat="63.537777" lon="-149.790878"><ele>978.738647</ele><time>2026-06-19T19:13:29.027Z</time></trkpt><trkpt lat="63.537823" lon="-149.79097"><ele>978.954712</ele><time>2026-06-19T19:13:32.027Z</time></trkpt><trkpt lat="63.537849" lon="-149.790985"><ele>978.41626</ele><time>2026-06-19T19:13:35.025Z</time></trkpt><trkpt lat="63.537922" lon="-149.790955"><ele>977.77179</ele><time>2026-06-19T19:13:44.027Z</time></trkpt><trkpt lat="63.537968" lon="-149.791138"><ele>978.973206</ele><time>2026-06-19T19:13:44.027Z</time></trkpt><trkpt lat="63.538033" lon="-149.791092"><ele>980.202271</ele><time>2026-06-19T19:13:47.025Z</time></trkpt><trkpt lat="63.538071" lon="-149.791092"><ele>979.422607</ele><time>2026-06-19T19:13:49.027Z</time></trkpt><trkpt lat="63.53812" lon="-149.790985"><ele>978.906311</ele><time>2026-06-19T19:13:52.025Z</time></trkpt><trkpt lat="63.538158" lon="-149.79097"><ele>979.405457</ele><time>2026-06-19T19:13:54.026Z</time></trkpt><trkpt lat="63.53825" lon="-149.791077"><ele>976.947021</ele><time>2026-06-19T19:13:57.027Z</time></trkpt><trkpt lat="63.538345" lon="-149.791031"><ele>977.428284</ele><time>2026-06-19T19:14:00.028Z</time></trkpt><trkpt lat="63.538361" lon="-149.791092"><ele>976.535706</ele><time>2026-06-19T19:14:03.028Z</time></trkpt><trkpt lat="63.538425" lon="-149.791153"><ele>977.315369</ele><time>2026-06-19T19:14:03.028Z</time></trkpt><trkpt lat="63.538528" lon="-149.791138"><ele>977.444336</ele><time>2026-06-19T19:14:06.026Z</time></trkpt><trkpt lat="63.538551" lon="-149.791183"><ele>977.874146</ele><time>2026-06-19T19:14:08.028Z</time></trkpt><trkpt lat="63.538616" lon="-149.791245"><ele>978.121765</ele><time>2026-06-19T19:14:11.027Z</time></trkpt><trkpt lat="63.538647" lon="-149.791229"><ele>978.243591</ele><time>2026-06-19T19:14:13.028Z</time></trkpt><trkpt lat="63.538689" lon="-149.791321"><ele>977.050293</ele><time>2026-06-19T19:14:16.027Z</time></trkpt><trkpt lat="63.538719" lon="-149.791321"><ele>978.127075</ele><time>2026-06-19T19:14:18.029Z</time></trkpt><trkpt lat="63.538742" lon="-149.791367"><ele>976.514404</ele><time>2026-06-19T19:14:21.029Z</time></trkpt><trkpt lat="63.538773" lon="-149.791382"><ele>976.580078</ele><time>2026-06-19T19:14:24.029Z</time></trkpt><trkpt lat="63.538868" lon="-149.791321"><ele>976.153625</ele><time>2026-06-19T19:14:24.029Z</time></trkpt><trkpt lat="63.53904" lon="-149.791306"><ele>977.010559</ele><time>2026-06-19T19:14:27.028Z</time></trkpt><trkpt lat="63.539112" lon="-149.79129"><ele>975.671509</ele><time>2026-06-19T19:14:30.026Z</time></trkpt><trkpt lat="63.539143" lon="-149.79126"><ele>975.264832</ele><time>2026-06-19T19:14:32.026Z</time></trkpt><trkpt lat="63.539207" lon="-149.791275"><ele>975.763794</ele><time>2026-06-19T19:14:35.025Z</time></trkpt><trkpt lat="63.539257" lon="-149.791229"><ele>974.598022</ele><time>2026-06-19T19:14:38.026Z</time></trkpt><trkpt lat="63.539318" lon="-149.791077"><ele>975.267639</ele><time>2026-06-19T19:14:40.027Z</time></trkpt><trkpt lat="63.539364" lon="-149.791031"><ele>974.442688</ele><time>2026-06-19T19:14:43.028Z</time></trkpt><trkpt lat="63.539387" lon="-149.790939"><ele>972.224304</ele><time>2026-06-19T19:14:43.028Z</time></trkpt><trkpt lat="63.539421" lon="-149.790894"><ele>973.42981</ele><time>2026-06-19T19:14:47.023Z</time></trkpt><trkpt lat="63.539497" lon="-149.790848"><ele>974.460388</ele><time>2026-06-19T19:14:51.021Z</time></trkpt><trkpt lat="63.539528" lon="-149.790787"><ele>974.074646</ele><time>2026-06-19T19:14:55.025Z</time></trkpt><trkpt lat="63.539597" lon="-149.790741"><ele>974.778809</ele><time>2026-06-19T19:14:59.023Z</time></trkpt><trkpt lat="63.539639" lon="-149.790756"><ele>973.366089</ele><time>2026-06-19T19:15:03.026Z</time></trkpt><trkpt lat="63.539742" lon="-149.790726"><ele>973.326416</ele><time>2026-06-19T19:15:03.026Z</time></trkpt><trkpt lat="63.539833" lon="-149.790588"><ele>975.398315</ele><time>2026-06-19T19:15:06.026Z</time></trkpt><trkpt lat="63.539867" lon="-149.790604"><ele>973.016418</ele><time>2026-06-19T19:15:13.028Z</time></trkpt><trkpt lat="63.539894" lon="-149.790558"><ele>972.793518</ele><time>2026-06-19T19:15:16.023Z</time></trkpt><trkpt lat="63.539974" lon="-149.790558"><ele>972.578552</ele><time>2026-06-19T19:15:18.024Z</time></trkpt><trkpt lat="63.540001" lon="-149.790512"><ele>973.695313</ele><time>2026-06-19T19:15:21.027Z</time></trkpt><trkpt lat="63.540035" lon="-149.790512"><ele>973.652771</ele><time>2026-06-19T19:15:24.021Z</time></trkpt><trkpt lat="63.540073" lon="-149.790482"><ele>972.90033</ele><time>2026-06-19T19:15:24.021Z</time></trkpt><trkpt lat="63.540195" lon="-149.790314"><ele>972.03772</ele><time>2026-06-19T19:15:26.025Z</time></trkpt><trkpt lat="63.540249" lon="-149.790207"><ele>971.755371</ele><time>2026-06-19T19:15:28.028Z</time></trkpt><trkpt lat="63.540352" lon="-149.790131"><ele>971.295593</ele><time>2026-06-19T19:15:31.027Z</time></trkpt><trkpt lat="63.540386" lon="-149.790085"><ele>971.334412</ele><time>2026-06-19T19:15:34.024Z</time></trkpt><trkpt lat="63.540459" lon="-149.790024"><ele>971.71582</ele><time>2026-06-19T19:15:36.024Z</time></trkpt><trkpt lat="63.540497" lon="-149.790009"><ele>970.018433</ele><time>2026-06-19T19:15:42.025Z</time></trkpt><trkpt lat="63.540569" lon="-149.790024"><ele>971.953003</ele><time>2026-06-19T19:15:45.027Z</time></trkpt><trkpt lat="63.540642" lon="-149.789978"><ele>970.331055</ele><time>2026-06-19T19:15:45.027Z</time></trkpt><trkpt lat="63.540722" lon="-149.789993"><ele>970.058899</ele><time>2026-06-19T19:15:48.027Z</time></trkpt><trkpt lat="63.540787" lon="-149.790039"><ele>969.992737</ele><time>2026-06-19T19:15:52.025Z</time></trkpt><trkpt lat="63.540825" lon="-149.790024"><ele>971.987732</ele><time>2026-06-19T19:15:56.027Z</time></trkpt><trkpt lat="63.540932" lon="-149.79007"><ele>970.611816</ele><time>2026-06-19T19:16:04.025Z</time></trkpt><trkpt lat="63.541012" lon="-149.790085"><ele>970.663391</ele><time>2026-06-19T19:16:04.025Z</time></trkpt><trkpt lat="63.54105" lon="-149.79007"><ele>969.939941</ele><time>2026-06-19T19:17:12.027Z</time></trkpt><trkpt lat="63.541088" lon="-149.790085"><ele>969.860962</ele><time>2026-06-19T19:17:12.027Z</time></trkpt><trkpt lat="63.541122" lon="-149.79007"><ele>969.681885</ele><time>2026-06-19T19:17:57.027Z</time></trkpt><trkpt lat="63.541191" lon="-149.790085"><ele>969.313965</ele><time>2026-06-19T19:17:57.027Z</time></trkpt><trkpt lat="63.541225" lon="-149.790039"><ele>968.94281</ele><time>2026-06-19T19:18:04.026Z</time></trkpt><trkpt lat="63.54126" lon="-149.790054"><ele>970.573975</ele><time>2026-06-19T19:18:10.026Z</time></trkpt><trkpt lat="63.541302" lon="-149.789978"><ele>969.335754</ele><time>2026-06-19T19:18:15.025Z</time></trkpt><trkpt lat="63.541359" lon="-149.789917"><ele>970.072998</ele><time>2026-06-19T19:18:19.026Z</time></trkpt><trkpt lat="63.541405" lon="-149.789963"><ele>967.226685</ele><time>2026-06-19T19:18:19.026Z</time></trkpt><trkpt lat="63.541466" lon="-149.790085"><ele>969.576233</ele><time>2026-06-19T19:18:23.028Z</time></trkpt><trkpt lat="63.541599" lon="-149.790176"><ele>969.823242</ele><time>2026-06-19T19:18:28.037Z</time></trkpt><trkpt lat="63.541637" lon="-149.790253"><ele>968.175049</ele><time>2026-06-19T19:18:40.023Z</time></trkpt><trkpt lat="63.541676" lon="-149.790222"><ele>968.337402</ele><time>2026-06-19T19:18:43.021Z</time></trkpt><trkpt lat="63.541714" lon="-149.790253"><ele>969.67511</ele><time>2026-06-19T19:18:43.021Z</time></trkpt><trkpt lat="63.541775" lon="-149.790344"><ele>969.743286</ele><time>2026-06-19T19:18:46.028Z</time></trkpt><trkpt lat="63.541798" lon="-149.790421"><ele>969.889954</ele><time>2026-06-19T19:18:49.026Z</time></trkpt><trkpt lat="63.541904" lon="-149.790497"><ele>971.308716</ele><time>2026-06-19T19:18:53.026Z</time></trkpt><trkpt lat="63.541939" lon="-149.790482"><ele>969.167236</ele><time>2026-06-19T19:19:07.025Z</time></trkpt><trkpt lat="63.542034" lon="-149.790558"><ele>970.169495</ele><time>2026-06-19T19:19:07.025Z</time></trkpt><trkpt lat="63.542061" lon="-149.790604"><ele>968.439514</ele><time>2026-06-19T19:19:15.025Z</time></trkpt><trkpt lat="63.542114" lon="-149.790619"><ele>968.358459</ele><time>2026-06-19T19:19:19.027Z</time></trkpt><trkpt lat="63.542171" lon="-149.790604"><ele>968.258057</ele><time>2026-06-19T19:19:23.025Z</time></trkpt><trkpt lat="63.542213" lon="-149.790543"><ele>968.153992</ele><time>2026-06-19T19:19:26.029Z</time></trkpt><trkpt lat="63.54229" lon="-149.790497"><ele>967.817139</ele><time>2026-06-19T19:19:31.030Z</time></trkpt><trkpt lat="63.542385" lon="-149.79039"><ele>968.026367</ele><time>2026-06-19T19:19:31.030Z</time></trkpt><trkpt lat="63.542484" lon="-149.790329"><ele>969.121399</ele><time>2026-06-19T19:19:44.031Z</time></trkpt><trkpt lat="63.542561" lon="-149.790314"><ele>968.102539</ele><time>2026-06-19T19:19:48.030Z</time></trkpt><trkpt lat="63.542622" lon="-149.790253"><ele>966.588257</ele><time>2026-06-19T19:19:52.021Z</time></trkpt><trkpt lat="63.54282" lon="-149.790253"><ele>968.096069</ele><time>2026-06-19T19:19:52.021Z</time></trkpt><trkpt lat="63.54285" lon="-149.790237"><ele>967.063904</ele><time>2026-06-19T19:19:55.027Z</time></trkpt><trkpt lat="63.542931" lon="-149.790253"><ele>966.780396</ele><time>2026-06-19T19:19:58.027Z</time></trkpt><trkpt lat="63.542969" lon="-149.790237"><ele>967.248718</ele><time>2026-06-19T19:20:03.027Z</time></trkpt><trkpt lat="63.54303" lon="-149.790314"><ele>967.299927</ele><time>2026-06-19T19:20:19.027Z</time></trkpt><trkpt lat="63.543079" lon="-149.790421"><ele>968.471191</ele><time>2026-06-19T19:20:19.027Z</time></trkpt><trkpt lat="63.543087" lon="-149.790558"><ele>968.047546</ele><time>2026-06-19T19:20:21.027Z</time></trkpt><trkpt lat="63.543118" lon="-149.790588"><ele>965.910461</ele><time>2026-06-19T19:20:26.026Z</time></trkpt><trkpt lat="63.543125" lon="-149.790665"><ele>966.744324</ele><time>2026-06-19T19:20:30.024Z</time></trkpt><trkpt lat="63.543163" lon="-149.79068"><ele>967.851929</ele><time>2026-06-19T19:20:37.026Z</time></trkpt><trkpt lat="63.543262" lon="-149.790787"><ele>966.002502</ele><time>2026-06-19T19:20:40.027Z</time></trkpt><trkpt lat="63.543369" lon="-149.790817"><ele>965.857849</ele><time>2026-06-19T19:20:40.027Z</time></trkpt><trkpt lat="63.543415" lon="-149.790787"><ele>965.828064</ele><time>2026-06-19T19:20:43.028Z</time></trkpt><trkpt lat="63.543453" lon="-149.790802"><ele>965.785217</ele><time>2026-06-19T19:20:46.023Z</time></trkpt><trkpt lat="63.543488" lon="-149.790756"><ele>964.986511</ele><time>2026-06-19T19:20:49.027Z</time></trkpt><trkpt lat="63.543503" lon="-149.79068"><ele>965.533569</ele><time>2026-06-19T19:20:52.023Z</time></trkpt><trkpt lat="63.543591" lon="-149.790527"><ele>964.763428</ele><time>2026-06-19T19:20:55.029Z</time></trkpt><trkpt lat="63.543644" lon="-149.790451"><ele>964.855103</ele><time>2026-06-19T19:21:12.021Z</time></trkpt><trkpt lat="63.543678" lon="-149.790466"><ele>964.460388</ele><time>2026-06-19T19:21:12.021Z</time></trkpt><trkpt lat="63.543751" lon="-149.790329"><ele>964.316101</ele><time>2026-06-19T19:21:34.027Z</time></trkpt><trkpt lat="63.543789" lon="-149.790131"><ele>964.413086</ele><time>2026-06-19T19:21:34.027Z</time></trkpt><trkpt lat="63.543915" lon="-149.789886"><ele>963.98291</ele><time>2026-06-19T19:21:37.025Z</time></trkpt><trkpt lat="63.544022" lon="-149.789505"><ele>966.272034</ele><time>2026-06-19T19:21:48.028Z</time></trkpt><trkpt lat="63.544075" lon="-149.789398"><ele>965.042908</ele><time>2026-06-19T19:21:53.021Z</time></trkpt><trkpt lat="63.544083" lon="-149.789322"><ele>964.750061</ele><time>2026-06-19T19:21:53.021Z</time></trkpt><trkpt lat="63.544117" lon="-149.789291"><ele>964.492432</ele><time>2026-06-19T19:21:57.026Z</time></trkpt><trkpt lat="63.544151" lon="-149.789139"><ele>965.494446</ele><time>2026-06-19T19:22:01.028Z</time></trkpt><trkpt lat="63.544228" lon="-149.78894"><ele>964.235229</ele><time>2026-06-19T19:22:04.024Z</time></trkpt><trkpt lat="63.544228" lon="-149.788834"><ele>962.947693</ele><time>2026-06-19T19:22:08.026Z</time></trkpt><trkpt lat="63.544376" lon="-149.788681"><ele>964.445374</ele><time>2026-06-19T19:22:11.023Z</time></trkpt><trkpt lat="63.54443" lon="-149.788651"><ele>962.689392</ele><time>2026-06-19T19:22:14.028Z</time></trkpt><trkpt lat="63.544498" lon="-149.788513"><ele>962.013977</ele><time>2026-06-19T19:22:14.028Z</time></trkpt><trkpt lat="63.544579" lon="-149.788406"><ele>961.403992</ele><time>2026-06-19T19:22:17.027Z</time></trkpt><trkpt lat="63.544621" lon="-149.788376"><ele>962.890076</ele><time>2026-06-19T19:22:36.024Z</time></trkpt><trkpt lat="63.544701" lon="-149.788361"><ele>965.175293</ele><time>2026-06-19T19:22:36.024Z</time></trkpt><trkpt lat="63.544739" lon="-149.788391"><ele>963.535583</ele><time>2026-06-19T19:22:39.027Z</time></trkpt><trkpt lat="63.544777" lon="-149.788345"><ele>961.614502</ele><time>2026-06-19T19:22:42.028Z</time></trkpt><trkpt lat="63.5448" lon="-149.788284"><ele>960.774658</ele><time>2026-06-19T19:22:45.029Z</time></trkpt><trkpt lat="63.544907" lon="-149.788147"><ele>963.672241</ele><time>2026-06-19T19:22:48.026Z</time></trkpt><trkpt lat="63.545078" lon="-149.78804"><ele>961.337585</ele><time>2026-06-19T19:22:55.027Z</time></trkpt><trkpt lat="63.54512" lon="-149.787994"><ele>962.035583</ele><time>2026-06-19T19:22:55.027Z</time></trkpt><trkpt lat="63.54517" lon="-149.787994"><ele>961.383301</ele><time>2026-06-19T19:22:58.028Z</time></trkpt><trkpt lat="63.545277" lon="-149.787842"><ele>962.20282</ele><time>2026-06-19T19:23:00.025Z</time></trkpt><trkpt lat="63.545387" lon="-149.787781"><ele>962.458618</ele><time>2026-06-19T19:23:03.026Z</time></trkpt><trkpt lat="63.545521" lon="-149.787613"><ele>960.55957</ele><time>2026-06-19T19:23:11.028Z</time></trkpt><trkpt lat="63.54562" lon="-149.787582"><ele>961.858948</ele><time>2026-06-19T19:23:14.028Z</time></trkpt><trkpt lat="63.545666" lon="-149.78746"><ele>960.213501</ele><time>2026-06-19T19:23:14.028Z</time></trkpt><trkpt lat="63.545727" lon="-149.787399"><ele>960.429382</ele><time>2026-06-19T19:23:17.025Z</time></trkpt><trkpt lat="63.545795" lon="-149.787537"><ele>963.656189</ele><time>2026-06-19T19:23:20.024Z</time></trkpt><trkpt lat="63.54594" lon="-149.787613"><ele>958.3479</ele><time>2026-06-19T19:23:23.029Z</time></trkpt><trkpt lat="63.546001" lon="-149.78772"><ele>958.336731</ele><time>2026-06-19T19:23:26.027Z</time></trkpt><trkpt lat="63.546108" lon="-149.78801"><ele>960.406555</ele><time>2026-06-19T19:23:29.027Z</time></trkpt><trkpt lat="63.546165" lon="-149.788116"><ele>960.748657</ele><time>2026-06-19T19:23:31.030Z</time></trkpt><trkpt lat="63.546268" lon="-149.788162"><ele>961.19873</ele><time>2026-06-19T19:23:34.026Z</time></trkpt><trkpt lat="63.546314" lon="-149.788239"><ele>960.830383</ele><time>2026-06-19T19:23:34.026Z</time></trkpt><trkpt lat="63.546425" lon="-149.788513"><ele>959.445007</ele><time>2026-06-19T19:23:37.030Z</time></trkpt><trkpt lat="63.546535" lon="-149.788971"><ele>959.8255</ele><time>2026-06-19T19:23:43.025Z</time></trkpt><trkpt lat="63.546597" lon="-149.789047"><ele>960.262207</ele><time>2026-06-19T19:23:46.029Z</time></trkpt><trkpt lat="63.54665" lon="-149.789444"><ele>958.193237</ele><time>2026-06-19T19:23:50.029Z</time></trkpt><trkpt lat="63.546711" lon="-149.789597"><ele>960.868469</ele><time>2026-06-19T19:23:53.026Z</time></trkpt><trkpt lat="63.546764" lon="-149.789795"><ele>960.109741</ele><time>2026-06-19T19:23:53.026Z</time></trkpt><trkpt lat="63.546787" lon="-149.789841"><ele>959.474487</ele><time>2026-06-19T19:23:56.025Z</time></trkpt><trkpt lat="63.546841" lon="-149.789856"><ele>959.679077</ele><time>2026-06-19T19:23:59.025Z</time></trkpt><trkpt lat="63.546864" lon="-149.789902"><ele>958.362854</ele><time>2026-06-19T19:24:03.029Z</time></trkpt><trkpt lat="63.546894" lon="-149.789886"><ele>958.829224</ele><time>2026-06-19T19:24:08.028Z</time></trkpt><trkpt lat="63.546925" lon="-149.789902"><ele>958.292236</ele><time>2026-06-19T19:24:12.026Z</time></trkpt><trkpt lat="63.546993" lon="-149.789795"><ele>960.654419</ele><time>2026-06-19T19:24:12.026Z</time></trkpt><trkpt lat="63.547024" lon="-149.78981"><ele>960.163696</ele><time>2026-06-19T19:24:16.026Z</time></trkpt><trkpt lat="63.547058" lon="-149.789795"><ele>960.343933</ele><time>2026-06-19T19:24:19.024Z</time></trkpt><trkpt lat="63.547077" lon="-149.789749"><ele>957.205933</ele><time>2026-06-19T19:24:22.026Z</time></trkpt><trkpt lat="63.5471" lon="-149.789734"><ele>957.717041</ele><time>2026-06-19T19:24:28.023Z</time></trkpt><trkpt lat="63.547161" lon="-149.789764"><ele>958.83197</ele><time>2026-06-19T19:24:33.025Z</time></trkpt><trkpt lat="63.547218" lon="-149.789764"><ele>957.932617</ele><time>2026-06-19T19:24:33.025Z</time></trkpt><trkpt lat="63.547245" lon="-149.78978"><ele>958.485596</ele><time>2026-06-19T19:24:39.026Z</time></trkpt><trkpt lat="63.547276" lon="-149.789764"><ele>959.121826</ele><time>2026-06-19T19:24:43.027Z</time></trkpt><trkpt lat="63.547356" lon="-149.789795"><ele>958.156555</ele><time>2026-06-19T19:24:47.026Z</time></trkpt><trkpt lat="63.547386" lon="-149.78978"><ele>957.963989</ele><time>2026-06-19T19:24:50.030Z</time></trkpt><trkpt lat="63.547413" lon="-149.789734"><ele>957.730042</ele><time>2026-06-19T19:24:54.027Z</time></trkpt><trkpt lat="63.547447" lon="-149.789734"><ele>957.162292</ele><time>2026-06-19T19:24:54.027Z</time></trkpt><trkpt lat="63.54755" lon="-149.789658"><ele>956.15918</ele><time>2026-06-19T19:24:58.027Z</time></trkpt><trkpt lat="63.547607" lon="-149.789734"><ele>955.982605</ele><time>2026-06-19T19:25:01.025Z</time></trkpt><trkpt lat="63.547665" lon="-149.789764"><ele>957.175232</ele><time>2026-06-19T19:25:08.027Z</time></trkpt><trkpt lat="63.547699" lon="-149.78978"><ele>956.144958</ele><time>2026-06-19T19:25:12.026Z</time></trkpt><trkpt lat="63.547802" lon="-149.78978"><ele>957.477234</ele><time>2026-06-19T19:25:27.027Z</time></trkpt><trkpt lat="63.547962" lon="-149.789673"><ele>957.613159</ele><time>2026-06-19T19:25:27.027Z</time></trkpt><trkpt lat="63.547985" lon="-149.789703"><ele>955.690796</ele><time>2026-06-19T19:26:28.026Z</time></trkpt><trkpt lat="63.548004" lon="-149.789703"><ele>956.213989</ele><time>2026-06-19T19:26:28.026Z</time></trkpt><trkpt lat="63.548027" lon="-149.789581"><ele>955.347717</ele><time>2026-06-19T19:26:37.023Z</time></trkpt><trkpt lat="63.548065" lon="-149.78949"><ele>955.803894</ele><time>2026-06-19T19:26:43.026Z</time></trkpt><trkpt lat="63.548092" lon="-149.789459"><ele>955.83197</ele><time>2026-06-19T19:26:47.028Z</time></trkpt><trkpt lat="63.548149" lon="-149.789536"><ele>953.996948</ele><time>2026-06-19T19:26:47.028Z</time></trkpt><trkpt lat="63.54818" lon="-149.789536"><ele>954.851318</ele><time>2026-06-19T19:26:51.026Z</time></trkpt><trkpt lat="63.548256" lon="-149.789429"><ele>955.842957</ele><time>2026-06-19T19:26:54.030Z</time></trkpt><trkpt lat="63.548294" lon="-149.789246"><ele>956.706299</ele><time>2026-06-19T19:26:59.028Z</time></trkpt><trkpt lat="63.548374" lon="-149.789169"><ele>955.706543</ele><time>2026-06-19T19:27:03.028Z</time></trkpt><trkpt lat="63.548439" lon="-149.789139"><ele>955.289551</ele><time>2026-06-19T19:27:06.027Z</time></trkpt><trkpt lat="63.548477" lon="-149.789063"><ele>956.265442</ele><time>2026-06-19T19:27:06.027Z</time></trkpt><trkpt lat="63.548508" lon="-149.789047"><ele>954.368286</ele><time>2026-06-19T19:27:09.026Z</time></trkpt><trkpt lat="63.548538" lon="-149.789063"><ele>954.111755</ele><time>2026-06-19T19:27:12.024Z</time></trkpt><trkpt lat="63.548595" lon="-149.789017"><ele>954.362183</ele><time>2026-06-19T19:27:15.026Z</time></trkpt><trkpt lat="63.548683" lon="-149.788849"><ele>955.296387</ele><time>2026-06-19T19:27:18.027Z</time></trkpt><trkpt lat="63.548702" lon="-149.788651"><ele>955.189941</ele><time>2026-06-19T19:27:22.025Z</time></trkpt><trkpt lat="63.548744" lon="-149.788589"><ele>954.395325</ele><time>2026-06-19T19:27:41.027Z</time></trkpt><trkpt lat="63.548794" lon="-149.788589"><ele>954.714905</ele><time>2026-06-19T19:27:41.027Z</time></trkpt><trkpt lat="63.548889" lon="-149.788483"><ele>953.42572</ele><time>2026-06-19T19:27:47.027Z</time></trkpt><trkpt lat="63.54895" lon="-149.78833"><ele>954.408997</ele><time>2026-06-19T19:27:50.027Z</time></trkpt><trkpt lat="63.548973" lon="-149.788315"><ele>955.230042</ele><time>2026-06-19T19:27:53.021Z</time></trkpt><trkpt lat="63.549057" lon="-149.788147"><ele>955.211487</ele><time>2026-06-19T19:27:56.024Z</time></trkpt><trkpt lat="63.549141" lon="-149.788071"><ele>955.667542</ele><time>2026-06-19T19:27:59.024Z</time></trkpt><trkpt lat="63.549183" lon="-149.787994"><ele>953.485962</ele><time>2026-06-19T19:28:02.025Z</time></trkpt><trkpt lat="63.54921" lon="-149.787994"><ele>953.116821</ele><time>2026-06-19T19:28:02.025Z</time></trkpt><trkpt lat="63.549255" lon="-149.787933"><ele>953.480103</ele><time>2026-06-19T19:28:05.024Z</time></trkpt><trkpt lat="63.549339" lon="-149.787903"><ele>952.833374</ele><time>2026-06-19T19:28:08.024Z</time></trkpt><trkpt lat="63.549374" lon="-149.787857"><ele>953.705872</ele><time>2026-06-19T19:28:11.021Z</time></trkpt><trkpt lat="63.5494" lon="-149.787857"><ele>952.813416</ele><time>2026-06-19T19:28:14.028Z</time></trkpt><trkpt lat="63.549477" lon="-149.787766"><ele>953.652222</ele><time>2026-06-19T19:28:16.024Z</time></trkpt><trkpt lat="63.549519" lon="-149.787689"><ele>954.822021</ele><time>2026-06-19T19:28:19.028Z</time></trkpt><trkpt lat="63.549587" lon="-149.787689"><ele>953.28009</ele><time>2026-06-19T19:28:21.028Z</time></trkpt><trkpt lat="63.549618" lon="-149.787704"><ele>953.260437</ele><time>2026-06-19T19:28:21.028Z</time></trkpt><trkpt lat="63.549732" lon="-149.787842"><ele>952.572693</ele><time>2026-06-19T19:28:24.027Z</time></trkpt><trkpt lat="63.549782" lon="-149.787857"><ele>953.299622</ele><time>2026-06-19T19:28:27.025Z</time></trkpt><trkpt lat="63.549908" lon="-149.787842"><ele>953.65625</ele><time>2026-06-19T19:28:30.029Z</time></trkpt><trkpt lat="63.549957" lon="-149.787857"><ele>952.864197</ele><time>2026-06-19T19:28:34.025Z</time></trkpt><trkpt lat="63.549988" lon="-149.787888"><ele>952.70575</ele><time>2026-06-19T19:28:43.025Z</time></trkpt><trkpt lat="63.550022" lon="-149.787872"><ele>952.724243</ele><time>2026-06-19T19:28:43.025Z</time></trkpt><trkpt lat="63.550056" lon="-149.787735"><ele>952.990662</ele><time>2026-06-19T19:29:27.028Z</time></trkpt><trkpt lat="63.550079" lon="-149.787704"><ele>952.561096</ele><time>2026-06-19T19:29:27.028Z</time></trkpt><trkpt lat="63.550114" lon="-149.787674"><ele>952.658325</ele><time>2026-06-19T19:29:33.028Z</time></trkpt><trkpt lat="63.550179" lon="-149.787659"><ele>953.11908</ele><time>2026-06-19T19:29:42.029Z</time></trkpt><trkpt lat="63.550236" lon="-149.787613"><ele>953.157471</ele><time>2026-06-19T19:29:46.028Z</time></trkpt><trkpt lat="63.550262" lon="-149.787659"><ele>952.42218</ele><time>2026-06-19T19:29:46.028Z</time></trkpt><trkpt lat="63.55032" lon="-149.787689"><ele>953.526245</ele><time>2026-06-19T19:29:57.024Z</time></trkpt><trkpt lat="63.550343" lon="-149.787674"><ele>953.032898</ele><time>2026-06-19T19:30:35.025Z</time></trkpt><trkpt lat="63.550404" lon="-149.787674"><ele>952.858215</ele><time>2026-06-19T19:30:35.025Z</time></trkpt><trkpt lat="63.550529" lon="-149.787842"><ele>953.996521</ele><time>2026-06-19T19:30:41.027Z</time></trkpt><trkpt lat="63.550564" lon="-149.787949"><ele>952.608948</ele><time>2026-06-19T19:30:51.059Z</time></trkpt><trkpt lat="63.550587" lon="-149.787964"><ele>952.501221</ele><time>2026-06-19T19:30:58.025Z</time></trkpt><trkpt lat="63.550613" lon="-149.787949"><ele>952.960632</ele><time>2026-06-19T19:30:58.025Z</time></trkpt><trkpt lat="63.550663" lon="-149.787979"><ele>951.902039</ele><time>2026-06-19T19:31:03.021Z</time></trkpt><trkpt lat="63.550686" lon="-149.788025"><ele>951.666931</ele><time>2026-06-19T19:31:07.020Z</time></trkpt><trkpt lat="63.55077" lon="-149.788055"><ele>953.501038</ele><time>2026-06-19T19:31:11.023Z</time></trkpt><trkpt lat="63.550797" lon="-149.78804"><ele>951.707031</ele><time>2026-06-19T19:31:14.029Z</time></trkpt><trkpt lat="63.550827" lon="-149.788071"><ele>951.888916</ele><time>2026-06-19T19:31:18.026Z</time></trkpt><trkpt lat="63.550903" lon="-149.78804"><ele>952.165649</ele><time>2026-06-19T19:31:18.026Z</time></trkpt><trkpt lat="63.550957" lon="-149.787857"><ele>952.114868</ele><time>2026-06-19T19:31:22.027Z</time></trkpt><trkpt lat="63.550991" lon="-149.787857"><ele>951.288818</ele><time>2026-06-19T19:31:25.025Z</time></trkpt><trkpt lat="63.551044" lon="-149.787796"><ele>951.362915</ele><time>2026-06-19T19:31:29.025Z</time></trkpt><trkpt lat="63.551102" lon="-149.787781"><ele>951.885498</ele><time>2026-06-19T19:31:32.027Z</time></trkpt><trkpt lat="63.55114" lon="-149.787689"><ele>951.233398</ele><time>2026-06-19T19:31:36.023Z</time></trkpt><trkpt lat="63.55122" lon="-149.787598"><ele>951.414795</ele><time>2026-06-19T19:31:39.028Z</time></trkpt><trkpt lat="63.551376" lon="-149.787476"><ele>949.986328</ele><time>2026-06-19T19:31:39.028Z</time></trkpt><trkpt lat="63.551411" lon="-149.787399"><ele>950.772644</ele><time>2026-06-19T19:31:43.025Z</time></trkpt><trkpt lat="63.551434" lon="-149.787415"><ele>950.288269</ele><time>2026-06-19T19:31:46.027Z</time></trkpt><trkpt lat="63.55159" lon="-149.787308"><ele>950.263</ele><time>2026-06-19T19:31:50.028Z</time></trkpt><trkpt lat="63.551617" lon="-149.787323"><ele>949.848328</ele><time>2026-06-19T19:31:54.027Z</time></trkpt><trkpt lat="63.551674" lon="-149.787292"><ele>950.315491</ele><time>2026-06-19T19:31:59.028Z</time></trkpt><trkpt lat="63.551723" lon="-149.787292"><ele>948.795593</ele><time>2026-06-19T19:31:59.028Z</time></trkpt><trkpt lat="63.551819" lon="-149.78746"><ele>949.620056</ele><time>2026-06-19T19:32:02.028Z</time></trkpt><trkpt lat="63.551876" lon="-149.787521"><ele>950.019775</ele><time>2026-06-19T19:32:06.029Z</time></trkpt><trkpt lat="63.551914" lon="-149.787537"><ele>951.122803</ele><time>2026-06-19T19:42:58.028Z</time></trkpt><trkpt lat="63.551956" lon="-149.787598"><ele>948.916565</ele><time>2026-06-19T19:42:58.028Z</time></trkpt><trkpt lat="63.552067" lon="-149.787827"><ele>948.693604</ele><time>2026-06-19T19:43:05.029Z</time></trkpt><trkpt lat="63.55209" lon="-149.787811"><ele>948.668274</ele><time>2026-06-19T19:43:11.028Z</time></trkpt><trkpt lat="63.552116" lon="-149.787827"><ele>949.579224</ele><time>2026-06-19T19:43:15.023Z</time></trkpt><trkpt lat="63.552158" lon="-149.787888"><ele>949.163452</ele><time>2026-06-19T19:43:18.027Z</time></trkpt><trkpt lat="63.55233" lon="-149.78801"><ele>949.072388</ele><time>2026-06-19T19:43:18.027Z</time></trkpt><trkpt lat="63.552368" lon="-149.788071"><ele>948.907776</ele><time>2026-06-19T19:43:22.026Z</time></trkpt><trkpt lat="63.552395" lon="-149.78804"><ele>948.361877</ele><time>2026-06-19T19:43:26.026Z</time></trkpt><trkpt lat="63.552525" lon="-149.788132"><ele>946.98175</ele><time>2026-06-19T19:43:30.027Z</time></trkpt><trkpt lat="63.552563" lon="-149.788132"><ele>947.290466</ele><time>2026-06-19T19:43:33.028Z</time></trkpt><trkpt lat="63.552605" lon="-149.788193"><ele>948.050293</ele><time>2026-06-19T19:43:36.028Z</time></trkpt><trkpt lat="63.552662" lon="-149.788177"><ele>948.639893</ele><time>2026-06-19T19:43:39.028Z</time></trkpt><trkpt lat="63.552692" lon="-149.788208"><ele>947.82196</ele><time>2026-06-19T19:43:39.028Z</time></trkpt><trkpt lat="63.55275" lon="-149.788208"><ele>948.258057</ele><time>2026-06-19T19:43:58.029Z</time></trkpt><trkpt lat="63.552788" lon="-149.788284"><ele>947.051819</ele><time>2026-06-19T19:44:01.024Z</time></trkpt><trkpt lat="63.552834" lon="-149.788284"><ele>948.125061</ele><time>2026-06-19T19:44:04.028Z</time></trkpt><trkpt lat="63.552883" lon="-149.788254"><ele>946.359863</ele><time>2026-06-19T19:44:06.025Z</time></trkpt><trkpt lat="63.552959" lon="-149.7883"><ele>947.403015</ele><time>2026-06-19T19:44:06.025Z</time></trkpt><trkpt lat="63.55299" lon="-149.788269"><ele>947.412354</ele><time>2026-06-19T19:44:08.027Z</time></trkpt><trkpt lat="63.553059" lon="-149.788269"><ele>946.671143</ele><time>2026-06-19T19:44:11.023Z</time></trkpt><trkpt lat="63.553146" lon="-149.788406"><ele>946.703064</ele><time>2026-06-19T19:44:13.028Z</time></trkpt><trkpt lat="63.553211" lon="-149.788467"><ele>946.160828</ele><time>2026-06-19T19:44:16.024Z</time></trkpt><trkpt lat="63.553249" lon="-149.788467"><ele>947.078979</ele><time>2026-06-19T19:44:19.024Z</time></trkpt><trkpt lat="63.553329" lon="-149.788589"><ele>943.950317</ele><time>2026-06-19T19:44:21.024Z</time></trkpt><trkpt lat="63.553413" lon="-149.788635"><ele>944.587341</ele><time>2026-06-19T19:44:25.023Z</time></trkpt><trkpt lat="63.55344" lon="-149.788666"><ele>944.69165</ele><time>2026-06-19T19:44:25.023Z</time></trkpt><trkpt lat="63.553497" lon="-149.788818"><ele>944.618042</ele><time>2026-06-19T19:44:28.024Z</time></trkpt><trkpt lat="63.553555" lon="-149.788849"><ele>943.055664</ele><time>2026-06-19T19:44:31.023Z</time></trkpt><trkpt lat="63.553577" lon="-149.788834"><ele>944.2146</ele><time>2026-06-19T19:44:33.021Z</time></trkpt><trkpt lat="63.553638" lon="-149.788849"><ele>946.015381</ele><time>2026-06-19T19:44:35.024Z</time></trkpt><trkpt lat="63.553741" lon="-149.78891"><ele>944.373596</ele><time>2026-06-19T19:44:37.023Z</time></trkpt><trkpt lat="63.553799" lon="-149.788971"><ele>945.336609</ele><time>2026-06-19T19:44:40.026Z</time></trkpt><trkpt lat="63.55381" lon="-149.789017"><ele>944.888977</ele><time>2026-06-19T19:44:42.027Z</time></trkpt><trkpt lat="63.55389" lon="-149.789093"><ele>943.620728</ele><time>2026-06-19T19:44:44.029Z</time></trkpt><trkpt lat="63.553909" lon="-149.789139"><ele>943.294861</ele><time>2026-06-19T19:44:44.029Z</time></trkpt><trkpt lat="63.553936" lon="-149.789169"><ele>944.383606</ele><time>2026-06-19T19:44:46.024Z</time></trkpt><trkpt lat="63.553963" lon="-149.789169"><ele>943.888428</ele><time>2026-06-19T19:44:49.023Z</time></trkpt><trkpt lat="63.553993" lon="-149.789215"><ele>944.192871</ele><time>2026-06-19T19:44:52.027Z</time></trkpt><trkpt lat="63.554054" lon="-149.789444"><ele>943.254578</ele><time>2026-06-19T19:44:55.021Z</time></trkpt><trkpt lat="63.554092" lon="-149.78952"><ele>942.726624</ele><time>2026-06-19T19:44:58.026Z</time></trkpt><trkpt lat="63.554119" lon="-149.789536"><ele>942.645447</ele><time>2026-06-19T19:45:01.021Z</time></trkpt><trkpt lat="63.554146" lon="-149.789505"><ele>944.205017</ele><time>2026-06-19T19:45:03.024Z</time></trkpt><trkpt lat="63.554214" lon="-149.789505"><ele>945.479675</ele><time>2026-06-19T19:45:03.024Z</time></trkpt><trkpt lat="63.554283" lon="-149.789581"><ele>943.671021</ele><time>2026-06-19T19:45:06.027Z</time></trkpt><trkpt lat="63.554379" lon="-149.789551"><ele>944.586182</ele><time>2026-06-19T19:45:09.025Z</time></trkpt><trkpt lat="63.55444" lon="-149.789642"><ele>943.553101</ele><time>2026-06-19T19:45:13.028Z</time></trkpt><trkpt lat="63.55447" lon="-149.789658"><ele>943.218933</ele><time>2026-06-19T19:45:16.021Z</time></trkpt><trkpt lat="63.55452" lon="-149.789627"><ele>943.654907</ele><time>2026-06-19T19:45:19.028Z</time></trkpt><trkpt lat="63.554573" lon="-149.789627"><ele>942.936951</ele><time>2026-06-19T19:45:22.028Z</time></trkpt><trkpt lat="63.554653" lon="-149.789658"><ele>941.24469</ele><time>2026-06-19T19:45:22.028Z</time></trkpt><trkpt lat="63.554672" lon="-149.789627"><ele>942.876404</ele><time>2026-06-19T19:45:25.028Z</time></trkpt><trkpt lat="63.554699" lon="-149.789627"><ele>942.447266</ele><time>2026-06-19T19:45:28.023Z</time></trkpt><trkpt lat="63.554741" lon="-149.789734"><ele>942.664368</ele><time>2026-06-19T19:45:30.025Z</time></trkpt><trkpt lat="63.55476" lon="-149.789764"><ele>943.52832</ele><time>2026-06-19T19:45:54.025Z</time></trkpt><trkpt lat="63.554787" lon="-149.789764"><ele>943.651978</ele><time>2026-06-19T19:45:57.053Z</time></trkpt><trkpt lat="63.554829" lon="-149.789856"><ele>941.941711</ele><time>2026-06-19T19:45:57.053Z</time></trkpt><trkpt lat="63.554878" lon="-149.789917"><ele>942.651245</ele><time>2026-06-19T19:45:59.029Z</time></trkpt><trkpt lat="63.554901" lon="-149.789932"><ele>942.180176</ele><time>2026-06-19T19:46:01.029Z</time></trkpt><trkpt lat="63.554932" lon="-149.789917"><ele>941.960449</ele><time>2026-06-19T19:46:03.026Z</time></trkpt><trkpt lat="63.555065" lon="-149.789948"><ele>941.25354</ele><time>2026-06-19T19:46:06.028Z</time></trkpt><trkpt lat="63.555107" lon="-149.789902"><ele>941.008423</ele><time>2026-06-19T19:46:08.029Z</time></trkpt><trkpt lat="63.555153" lon="-149.789948"><ele>940.804871</ele><time>2026-06-19T19:46:11.025Z</time></trkpt><trkpt lat="63.555305" lon="-149.790039"><ele>941.295044</ele><time>2026-06-19T19:46:13.028Z</time></trkpt><trkpt lat="63.555386" lon="-149.790192"><ele>940.813599</ele><time>2026-06-19T19:46:15.027Z</time></trkpt><trkpt lat="63.555443" lon="-149.790253"><ele>939.831238</ele><time>2026-06-19T19:46:17.024Z</time></trkpt><trkpt lat="63.555466" lon="-149.790253"><ele>939.328735</ele><time>2026-06-19T19:46:17.024Z</time></trkpt><trkpt lat="63.555485" lon="-149.79039"><ele>942.644775</ele><time>2026-06-19T19:46:19.024Z</time></trkpt><trkpt lat="63.55555" lon="-149.790512"><ele>940.944885</ele><time>2026-06-19T19:46:22.028Z</time></trkpt><trkpt lat="63.555603" lon="-149.790527"><ele>940.339417</ele><time>2026-06-19T19:46:24.028Z</time></trkpt><trkpt lat="63.555641" lon="-149.790619"><ele>940.206787</ele><time>2026-06-19T19:46:27.027Z</time></trkpt><trkpt lat="63.555698" lon="-149.790665"><ele>939.464294</ele><time>2026-06-19T19:46:30.026Z</time></trkpt><trkpt lat="63.55574" lon="-149.790741"><ele>938.482666</ele><time>2026-06-19T19:46:32.027Z</time></trkpt><trkpt lat="63.555759" lon="-149.79071"><ele>939.028381</ele><time>2026-06-19T19:46:35.027Z</time></trkpt><trkpt lat="63.555817" lon="-149.79068"><ele>938.915283</ele><time>2026-06-19T19:46:37.027Z</time></trkpt><trkpt lat="63.555836" lon="-149.790726"><ele>939.141174</ele><time>2026-06-19T19:46:37.027Z</time></trkpt><trkpt lat="63.555859" lon="-149.790726"><ele>940.655884</ele><time>2026-06-19T19:46:39.028Z</time></trkpt><trkpt lat="63.555882" lon="-149.790771"><ele>940.103638</ele><time>2026-06-19T19:46:41.026Z</time></trkpt><trkpt lat="63.555912" lon="-149.790863"><ele>939.593628</ele><time>2026-06-19T19:46:44.029Z</time></trkpt><trkpt lat="63.555923" lon="-149.79097"><ele>937.579102</ele><time>2026-06-19T19:46:46.028Z</time></trkpt><trkpt lat="63.555893" lon="-149.791153"><ele>937.866821</ele><time>2026-06-19T19:46:49.024Z</time></trkpt><trkpt lat="63.555939" lon="-149.791351"><ele>937.257751</ele><time>2026-06-19T19:46:55.027Z</time></trkpt><trkpt lat="63.555962" lon="-149.791382"><ele>937.546021</ele><time>2026-06-19T19:46:57.025Z</time></trkpt><trkpt lat="63.556007" lon="-149.791611"><ele>938.20636</ele><time>2026-06-19T19:46:57.025Z</time></trkpt><trkpt lat="63.556049" lon="-149.791702"><ele>938.337891</ele><time>2026-06-19T19:47:00.028Z</time></trkpt><trkpt lat="63.556259" lon="-149.791855"><ele>938.553528</ele><time>2026-06-19T19:47:02.027Z</time></trkpt><trkpt lat="63.556332" lon="-149.791946"><ele>939.237488</ele><time>2026-06-19T19:47:05.024Z</time></trkpt><trkpt lat="63.55648" lon="-149.792221"><ele>936.674744</ele><time>2026-06-19T19:47:07.029Z</time></trkpt><trkpt lat="63.556538" lon="-149.792267"><ele>939.095093</ele><time>2026-06-19T19:47:09.024Z</time></trkpt><trkpt lat="63.556545" lon="-149.792328"><ele>937.752258</ele><time>2026-06-19T19:47:12.027Z</time></trkpt><trkpt lat="63.556591" lon="-149.792358"><ele>938.002502</ele><time>2026-06-19T19:47:14.024Z</time></trkpt><trkpt lat="63.556667" lon="-149.792511"><ele>938.287231</ele><time>2026-06-19T19:47:17.025Z</time></trkpt><trkpt lat="63.556736" lon="-149.792587"><ele>938.493591</ele><time>2026-06-19T19:47:17.025Z</time></trkpt><trkpt lat="63.556751" lon="-149.792694"><ele>935.915344</ele><time>2026-06-19T19:47:20.028Z</time></trkpt><trkpt lat="63.556801" lon="-149.792755"><ele>937.164063</ele><time>2026-06-19T19:47:36.028Z</time></trkpt><trkpt lat="63.556828" lon="-149.792725"><ele>938.709045</ele><time>2026-06-19T19:47:40.028Z</time></trkpt><trkpt lat="63.556858" lon="-149.792725"><ele>938.705688</ele><time>2026-06-19T19:47:40.028Z</time></trkpt><trkpt lat="63.556927" lon="-149.792831"><ele>937.913635</ele><time>2026-06-19T19:47:43.025Z</time></trkpt><trkpt lat="63.556953" lon="-149.792831"><ele>937.693298</ele><time>2026-06-19T19:47:52.027Z</time></trkpt><trkpt lat="63.557014" lon="-149.792953"><ele>937.197876</ele><time>2026-06-19T19:48:03.029Z</time></trkpt><trkpt lat="63.557068" lon="-149.792999"><ele>936.829895</ele><time>2026-06-19T19:48:03.029Z</time></trkpt><trkpt lat="63.557182" lon="-149.793304"><ele>937.491699</ele><time>2026-06-19T19:48:07.024Z</time></trkpt><trkpt lat="63.557205" lon="-149.793442"><ele>935.019226</ele><time>2026-06-19T19:48:11.029Z</time></trkpt><trkpt lat="63.557228" lon="-149.793488"><ele>937.086182</ele><time>2026-06-19T19:48:13.027Z</time></trkpt><trkpt lat="63.557289" lon="-149.793488"><ele>937.000244</ele><time>2026-06-19T19:48:16.024Z</time></trkpt><trkpt lat="63.557316" lon="-149.793518"><ele>935.654724</ele><time>2026-06-19T19:48:19.028Z</time></trkpt><trkpt lat="63.557346" lon="-149.793503"><ele>935.941833</ele><time>2026-06-19T19:48:21.028Z</time></trkpt><trkpt lat="63.557415" lon="-149.793503"><ele>936.253174</ele><time>2026-06-19T19:48:24.028Z</time></trkpt><trkpt lat="63.557468" lon="-149.793549"><ele>935.977783</ele><time>2026-06-19T19:48:24.028Z</time></trkpt><trkpt lat="63.557549" lon="-149.793671"><ele>935.422852</ele><time>2026-06-19T19:48:28.030Z</time></trkpt><trkpt lat="63.557629" lon="-149.793747"><ele>936.082825</ele><time>2026-06-19T19:48:32.029Z</time></trkpt><trkpt lat="63.55769" lon="-149.793747"><ele>936.317627</ele><time>2026-06-19T19:48:35.028Z</time></trkpt><trkpt lat="63.557808" lon="-149.793777"><ele>935.228516</ele><time>2026-06-19T19:48:39.029Z</time></trkpt><trkpt lat="63.557858" lon="-149.793823"><ele>935.972351</ele><time>2026-06-19T19:49:03.025Z</time></trkpt><trkpt lat="63.55788" lon="-149.793793"><ele>935.773193</ele><time>2026-06-19T19:49:03.025Z</time></trkpt><trkpt lat="63.557968" lon="-149.793854"><ele>935.132751</ele><time>2026-06-19T19:49:08.023Z</time></trkpt><trkpt lat="63.557987" lon="-149.793961"><ele>933.654907</ele><time>2026-06-19T19:49:38.027Z</time></trkpt><trkpt lat="63.558014" lon="-149.793991"><ele>935.576721</ele><time>2026-06-19T19:49:38.027Z</time></trkpt><trkpt lat="63.558052" lon="-149.794113"><ele>939.32196</ele><time>2026-06-19T19:49:46.028Z</time></trkpt><trkpt lat="63.558079" lon="-149.794342"><ele>945.358582</ele><time>2026-06-19T19:49:55.028Z</time></trkpt><trkpt lat="63.558155" lon="-149.794357"><ele>945.705688</ele><time>2026-06-19T19:50:00.027Z</time></trkpt><trkpt lat="63.558193" lon="-149.794327"><ele>946.375183</ele><time>2026-06-19T19:50:00.027Z</time></trkpt><trkpt lat="63.55822" lon="-149.794266"><ele>944.78064</ele><time>2026-06-19T19:50:04.029Z</time></trkpt><trkpt lat="63.558254" lon="-149.79425"><ele>945.644287</ele><time>2026-06-19T19:50:08.023Z</time></trkpt><trkpt lat="63.558273" lon="-149.794296"><ele>944.302063</ele><time>2026-06-19T19:50:20.023Z</time></trkpt><trkpt lat="63.55835" lon="-149.794327"><ele>944.537842</ele><time>2026-06-19T19:50:20.023Z</time></trkpt><trkpt lat="63.558517" lon="-149.794449"><ele>944.682678</ele><time>2026-06-19T19:50:35.027Z</time></trkpt><trkpt lat="63.558586" lon="-149.794479"><ele>943.691223</ele><time>2026-06-19T19:50:40.027Z</time></trkpt><trkpt lat="63.558643" lon="-149.794479"><ele>944.794006</ele><time>2026-06-19T19:50:40.027Z</time></trkpt><trkpt lat="63.558697" lon="-149.794449"><ele>945.153442</ele><time>2026-06-19T19:50:44.029Z</time></trkpt><trkpt lat="63.558769" lon="-149.79454"><ele>946.137817</ele><time>2026-06-19T19:50:50.026Z</time></trkpt><trkpt lat="63.558842" lon="-149.794479"><ele>947.177673</ele><time>2026-06-19T19:50:58.027Z</time></trkpt><trkpt lat="63.558872" lon="-149.794495"><ele>946.657349</ele><time>2026-06-19T19:51:01.026Z</time></trkpt><trkpt lat="63.558983" lon="-149.794342"><ele>946.64563</ele><time>2026-06-19T19:51:01.026Z</time></trkpt><trkpt lat="63.559017" lon="-149.794342"><ele>946.657227</ele><time>2026-06-19T19:51:05.029Z</time></trkpt><trkpt lat="63.559128" lon="-149.794266"><ele>946.766724</ele><time>2026-06-19T19:51:10.028Z</time></trkpt><trkpt lat="63.559196" lon="-149.79425"><ele>946.379517</ele><time>2026-06-19T19:51:37.027Z</time></trkpt><trkpt lat="63.559334" lon="-149.794159"><ele>946.277161</ele><time>2026-06-19T19:51:37.027Z</time></trkpt><trkpt lat="63.559395" lon="-149.794159"><ele>947.40863</ele><time>2026-06-19T19:51:41.025Z</time></trkpt><trkpt lat="63.559422" lon="-149.794128"><ele>947.514526</ele><time>2026-06-19T19:51:59.027Z</time></trkpt><trkpt lat="63.559559" lon="-149.794052"><ele>948.827393</ele><time>2026-06-19T19:51:59.027Z</time></trkpt><trkpt lat="63.559624" lon="-149.793991"><ele>948.831848</ele><time>2026-06-19T19:52:04.027Z</time></trkpt><trkpt lat="63.559658" lon="-149.793991"><ele>950.129578</ele><time>2026-06-19T19:52:09.028Z</time></trkpt><trkpt lat="63.559681" lon="-149.794067"><ele>948.497314</ele><time>2026-06-19T19:52:16.027Z</time></trkpt><trkpt lat="63.559639" lon="-149.794174"><ele>945.219604</ele><time>2026-06-19T19:52:21.024Z</time></trkpt></trkseg></trk></gpx>