<?xml version="1.0" encoding="UTF-8"?>
<gpx xmlns:xsi="http://www.w3.org/2001/XMLSchema-instance" xmlns="http://www.topografix.com/GPX/1/1" xmlns:onx="http://www.onxmaps.com" xsi:schemaLocation="http://www.topografix.com/GPX/1/1 http://www.topografix.com/GPX/1/1/gpx.xsd " version="1.1" creator="onXmaps backcountry ios">
	<trk>
		<name>Track 06/20/26 16:40</name>
		<extensions>
			<onx:style>dash</onx:style>
			<onx:weight>4.0</onx:weight>
			<onx:color>rgba(0, 255, 255, 1)</onx:color>
		</extensions>
		<trkseg>
			<trkpt lat="63.642128" lon="-149.56662">
				<ele>825.845642</ele>
				<time>2026-06-20T21:30:02Z</time>
			</trkpt>
			<trkpt lat="63.642086" lon="-149.56662">
				<ele>824.194946</ele>
				<time>2026-06-20T21:36:13Z</time>
			</trkpt>
			<trkpt lat="63.642086" lon="-149.56662">
				<ele>824.194946</ele>
				<time>2026-06-20T21:36:13Z</time>
			</trkpt>
			<trkpt lat="63.642048" lon="-149.566666">
				<ele>823.501892</ele>
				<time>2026-06-20T21:36:21Z</time>
			</trkpt>
			<trkpt lat="63.64201" lon="-149.566757">
				<ele>824.373535</ele>
				<time>2026-06-20T21:36:31Z</time>
			</trkpt>
			<trkpt lat="63.641979" lon="-149.566849">
				<ele>824.708679</ele>
				<time>2026-06-20T21:36:40Z</time>
			</trkpt>
			<trkpt lat="63.641979" lon="-149.566849">
				<ele>824.708679</ele>
				<time>2026-06-20T21:36:40Z</time>
			</trkpt>
			<trkpt lat="63.641945" lon="-149.566895">
				<ele>823.320862</ele>
				<time>2026-06-20T21:36:46Z</time>
			</trkpt>
			<trkpt lat="63.641922" lon="-149.566971">
				<ele>822.795532</ele>
				<time>2026-06-20T21:36:53Z</time>
			</trkpt>
			<trkpt lat="63.641926" lon="-149.567062">
				<ele>824.645264</ele>
				<time>2026-06-20T21:36:57Z</time>
			</trkpt>
			<trkpt lat="63.641911" lon="-149.567123">
				<ele>823.801086</ele>
				<time>2026-06-20T21:37:02Z</time>
			</trkpt>
			<trkpt lat="63.641911" lon="-149.567123">
				<ele>823.801086</ele>
				<time>2026-06-20T21:37:02Z</time>
			</trkpt>
			<trkpt lat="63.641895" lon="-149.567184">
				<ele>822.814819</ele>
				<time>2026-06-20T21:37:05Z</time>
			</trkpt>
			<trkpt lat="63.641869" lon="-149.56723">
				<ele>822.865356</ele>
				<time>2026-06-20T21:37:08Z</time>
			</trkpt>
			<trkpt lat="63.641842" lon="-149.567291">
				<ele>823.516785</ele>
				<time>2026-06-20T21:37:12Z</time>
			</trkpt>
			<trkpt lat="63.641811" lon="-149.567322">
				<ele>823.899963</ele>
				<time>2026-06-20T21:37:16Z</time>
			</trkpt>
			<trkpt lat="63.641796" lon="-149.567398">
				<ele>824.129822</ele>
				<time>2026-06-20T21:37:21Z</time>
			</trkpt>
			<trkpt lat="63.641796" lon="-149.567398">
				<ele>824.129822</ele>
				<time>2026-06-20T21:37:21Z</time>
			</trkpt>
			<trkpt lat="63.641777" lon="-149.567459">
				<ele>824.320801</ele>
				<time>2026-06-20T21:37:24Z</time>
			</trkpt>
			<trkpt lat="63.641754" lon="-149.56752">
				<ele>822.754578</ele>
				<time>2026-06-20T21:37:27Z</time>
			</trkpt>
			<trkpt lat="63.641724" lon="-149.567566">
				<ele>823.437866</ele>
				<time>2026-06-20T21:37:31Z</time>
			</trkpt>
			<trkpt lat="63.641693" lon="-149.567596">
				<ele>824.468445</ele>
				<time>2026-06-20T21:37:34Z</time>
			</trkpt>
			<trkpt lat="63.641697" lon="-149.567657">
				<ele>823.310608</ele>
				<time>2026-06-20T21:37:38Z</time>
			</trkpt>
			<trkpt lat="63.641689" lon="-149.567719">
				<ele>823.555908</ele>
				<time>2026-06-20T21:37:41Z</time>
			</trkpt>
			<trkpt lat="63.641689" lon="-149.567719">
				<ele>823.555908</ele>
				<time>2026-06-20T21:37:41Z</time>
			</trkpt>
			<trkpt lat="63.641674" lon="-149.567795">
				<ele>821.836304</ele>
				<time>2026-06-20T21:37:44Z</time>
			</trkpt>
			<trkpt lat="63.641651" lon="-149.567841">
				<ele>825.141235</ele>
				<time>2026-06-20T21:37:47Z</time>
			</trkpt>
			<trkpt lat="63.641636" lon="-149.567886">
				<ele>824.461853</ele>
				<time>2026-06-20T21:37:51Z</time>
			</trkpt>
			<trkpt lat="63.641613" lon="-149.567917">
				<ele>824.379395</ele>
				<time>2026-06-20T21:37:54Z</time>
			</trkpt>
			<trkpt lat="63.64159" lon="-149.567963">
				<ele>823.883484</ele>
				<time>2026-06-20T21:37:57Z</time>
			</trkpt>
			<trkpt lat="63.641563" lon="-149.567978">
				<ele>823.861328</ele>
				<time>2026-06-20T21:38:01Z</time>
			</trkpt>
			<trkpt lat="63.641563" lon="-149.567978">
				<ele>823.861328</ele>
				<time>2026-06-20T21:38:01Z</time>
			</trkpt>
			<trkpt lat="63.641541" lon="-149.568024">
				<ele>824.367371</ele>
				<time>2026-06-20T21:38:04Z</time>
			</trkpt>
			<trkpt lat="63.641518" lon="-149.568054">
				<ele>825.069641</ele>
				<time>2026-06-20T21:38:07Z</time>
			</trkpt>
			<trkpt lat="63.641506" lon="-149.5681">
				<ele>824.234131</ele>
				<time>2026-06-20T21:38:11Z</time>
			</trkpt>
			<trkpt lat="63.641487" lon="-149.56813">
				<ele>823.638794</ele>
				<time>2026-06-20T21:38:14Z</time>
			</trkpt>
			<trkpt lat="63.641464" lon="-149.568161">
				<ele>824.192749</ele>
				<time>2026-06-20T21:38:17Z</time>
			</trkpt>
			<trkpt lat="63.641422" lon="-149.568176">
				<ele>823.343323</ele>
				<time>2026-06-20T21:38:20Z</time>
			</trkpt>
			<trkpt lat="63.641422" lon="-149.568176">
				<ele>823.343323</ele>
				<time>2026-06-20T21:38:20Z</time>
			</trkpt>
			<trkpt lat="63.641411" lon="-149.568222">
				<ele>823.525635</ele>
				<time>2026-06-20T21:38:23Z</time>
			</trkpt>
			<trkpt lat="63.641403" lon="-149.568283">
				<ele>825.169434</ele>
				<time>2026-06-20T21:38:26Z</time>
			</trkpt>
			<trkpt lat="63.641392" lon="-149.568329">
				<ele>824.858337</ele>
				<time>2026-06-20T21:38:29Z</time>
			</trkpt>
			<trkpt lat="63.641376" lon="-149.568375">
				<ele>824.263672</ele>
				<time>2026-06-20T21:38:32Z</time>
			</trkpt>
			<trkpt lat="63.641369" lon="-149.568436">
				<ele>824.747009</ele>
				<time>2026-06-20T21:38:36Z</time>
			</trkpt>
			<trkpt lat="63.64138" lon="-149.568497">
				<ele>825.870483</ele>
				<time>2026-06-20T21:39:10Z</time>
			</trkpt>
			<trkpt lat="63.64138" lon="-149.568497">
				<ele>825.870483</ele>
				<time>2026-06-20T21:39:10Z</time>
			</trkpt>
			<trkpt lat="63.641361" lon="-149.568542">
				<ele>826.430176</ele>
				<time>2026-06-20T21:39:16Z</time>
			</trkpt>
			<trkpt lat="63.641338" lon="-149.568588">
				<ele>824.587769</ele>
				<time>2026-06-20T21:39:21Z</time>
			</trkpt>
			<trkpt lat="63.641342" lon="-149.568649">
				<ele>825.78833</ele>
				<time>2026-06-20T21:39:23Z</time>
			</trkpt>
			<trkpt lat="63.641361" lon="-149.568695">
				<ele>827.771057</ele>
				<time>2026-06-20T21:39:27Z</time>
			</trkpt>
			<trkpt lat="63.641369" lon="-149.568741">
				<ele>828.724121</ele>
				<time>2026-06-20T21:39:31Z</time>
			</trkpt>
			<trkpt lat="63.641369" lon="-149.568741">
				<ele>828.724121</ele>
				<time>2026-06-20T21:39:31Z</time>
			</trkpt>
			<trkpt lat="63.641384" lon="-149.568802">
				<ele>827.559265</ele>
				<time>2026-06-20T21:39:35Z</time>
			</trkpt>
			<trkpt lat="63.641388" lon="-149.568863">
				<ele>827.551086</ele>
				<time>2026-06-20T21:39:39Z</time>
			</trkpt>
			<trkpt lat="63.64138" lon="-149.568924">
				<ele>829.537476</ele>
				<time>2026-06-20T21:39:42Z</time>
			</trkpt>
			<trkpt lat="63.641384" lon="-149.568985">
				<ele>829.972351</ele>
				<time>2026-06-20T21:39:45Z</time>
			</trkpt>
			<trkpt lat="63.641361" lon="-149.569046">
				<ele>828.99054</ele>
				<time>2026-06-20T21:39:48Z</time>
			</trkpt>
			<trkpt lat="63.641342" lon="-149.569107">
				<ele>825.400696</ele>
				<time>2026-06-20T21:39:51Z</time>
			</trkpt>
			<trkpt lat="63.641342" lon="-149.569107">
				<ele>825.400696</ele>
				<time>2026-06-20T21:39:51Z</time>
			</trkpt>
			<trkpt lat="63.641335" lon="-149.569168">
				<ele>824.144226</ele>
				<time>2026-06-20T21:39:54Z</time>
			</trkpt>
			<trkpt lat="63.641319" lon="-149.569229">
				<ele>825.054749</ele>
				<time>2026-06-20T21:39:58Z</time>
			</trkpt>
			<trkpt lat="63.641312" lon="-149.569321">
				<ele>825.960083</ele>
				<time>2026-06-20T21:40:02Z</time>
			</trkpt>
			<trkpt lat="63.641289" lon="-149.569366">
				<ele>824.381775</ele>
				<time>2026-06-20T21:40:05Z</time>
			</trkpt>
			<trkpt lat="63.64127" lon="-149.569427">
				<ele>826.383606</ele>
				<time>2026-06-20T21:40:08Z</time>
			</trkpt>
			<trkpt lat="63.641235" lon="-149.569427">
				<ele>828.793518</ele>
				<time>2026-06-20T21:40:14Z</time>
			</trkpt>
			<trkpt lat="63.641235" lon="-149.569427">
				<ele>828.793518</ele>
				<time>2026-06-20T21:40:14Z</time>
			</trkpt>
			<trkpt lat="63.641209" lon="-149.569458">
				<ele>822.806885</ele>
				<time>2026-06-20T21:40:18Z</time>
			</trkpt>
			<trkpt lat="63.641178" lon="-149.569489">
				<ele>824.887878</ele>
				<time>2026-06-20T21:40:21Z</time>
			</trkpt>
			<trkpt lat="63.641144" lon="-149.569519">
				<ele>823.992432</ele>
				<time>2026-06-20T21:40:27Z</time>
			</trkpt>
			<trkpt lat="63.641113" lon="-149.569534">
				<ele>824.049866</ele>
				<time>2026-06-20T21:40:32Z</time>
			</trkpt>
			<trkpt lat="63.641121" lon="-149.569641">
				<ele>825.760437</ele>
				<time>2026-06-20T21:40:56Z</time>
			</trkpt>
			<trkpt lat="63.641121" lon="-149.569641">
				<ele>825.760437</ele>
				<time>2026-06-20T21:40:56Z</time>
			</trkpt>
			<trkpt lat="63.641113" lon="-149.569748">
				<ele>824.934631</ele>
				<time>2026-06-20T21:41:02Z</time>
			</trkpt>
			<trkpt lat="63.641136" lon="-149.569839">
				<ele>826.993225</ele>
				<time>2026-06-20T21:41:06Z</time>
			</trkpt>
			<trkpt lat="63.641155" lon="-149.569916">
				<ele>826.990295</ele>
				<time>2026-06-20T21:41:11Z</time>
			</trkpt>
			<trkpt lat="63.641174" lon="-149.569992">
				<ele>830.346497</ele>
				<time>2026-06-20T21:41:19Z</time>
			</trkpt>
			<trkpt lat="63.641174" lon="-149.569992">
				<ele>830.346497</ele>
				<time>2026-06-20T21:41:19Z</time>
			</trkpt>
			<trkpt lat="63.641205" lon="-149.570053">
				<ele>827.376343</ele>
				<time>2026-06-20T21:41:26Z</time>
			</trkpt>
			<trkpt lat="63.641186" lon="-149.569977">
				<ele>828.559326</ele>
				<time>2026-06-20T21:41:33Z</time>
			</trkpt>
			<trkpt lat="63.641201" lon="-149.570068">
				<ele>828.218872</ele>
				<time>2026-06-20T21:41:38Z</time>
			</trkpt>
			<trkpt lat="63.641201" lon="-149.570068">
				<ele>828.218872</ele>
				<time>2026-06-20T21:41:38Z</time>
			</trkpt>
			<trkpt lat="63.641235" lon="-149.570099">
				<ele>832.231628</ele>
				<time>2026-06-20T21:41:53Z</time>
			</trkpt>
			<trkpt lat="63.641254" lon="-149.570175">
				<ele>837.341858</ele>
				<time>2026-06-20T21:41:56Z</time>
			</trkpt>
			<trkpt lat="63.641266" lon="-149.570297">
				<ele>831.344299</ele>
				<time>2026-06-20T21:42:02Z</time>
			</trkpt>
			<trkpt lat="63.641266" lon="-149.570297">
				<ele>831.344299</ele>
				<time>2026-06-20T21:42:02Z</time>
			</trkpt>
			<trkpt lat="63.641273" lon="-149.570374">
				<ele>836.179504</ele>
				<time>2026-06-20T21:42:06Z</time>
			</trkpt>
			<trkpt lat="63.641277" lon="-149.57045">
				<ele>834.19043</ele>
				<time>2026-06-20T21:42:11Z</time>
			</trkpt>
			<trkpt lat="63.641289" lon="-149.570541">
				<ele>838.714172</ele>
				<time>2026-06-20T21:42:17Z</time>
			</trkpt>
			<trkpt lat="63.641319" lon="-149.570572">
				<ele>842.463135</ele>
				<time>2026-06-20T21:42:21Z</time>
			</trkpt>
			<trkpt lat="63.641319" lon="-149.570572">
				<ele>842.463135</ele>
				<time>2026-06-20T21:42:21Z</time>
			</trkpt>
			<trkpt lat="63.641293" lon="-149.570679">
				<ele>841.209534</ele>
				<time>2026-06-20T21:42:23Z</time>
			</trkpt>
			<trkpt lat="63.641277" lon="-149.57074">
				<ele>833.888672</ele>
				<time>2026-06-20T21:42:30Z</time>
			</trkpt>
			<trkpt lat="63.641266" lon="-149.570816">
				<ele>833.425293</ele>
				<time>2026-06-20T21:42:35Z</time>
			</trkpt>
			<trkpt lat="63.641232" lon="-149.570892">
				<ele>833.779297</ele>
				<time>2026-06-20T21:42:39Z</time>
			</trkpt>
			<trkpt lat="63.641193" lon="-149.570908">
				<ele>831.601501</ele>
				<time>2026-06-20T21:42:43Z</time>
			</trkpt>
			<trkpt lat="63.641193" lon="-149.570908">
				<ele>831.601501</ele>
				<time>2026-06-20T21:42:43Z</time>
			</trkpt>
			<trkpt lat="63.641193" lon="-149.570984">
				<ele>833.955444</ele>
				<time>2026-06-20T21:42:50Z</time>
			</trkpt>
			<trkpt lat="63.641178" lon="-149.571075">
				<ele>834.069397</ele>
				<time>2026-06-20T21:42:56Z</time>
			</trkpt>
			<trkpt lat="63.641144" lon="-149.57106">
				<ele>829.1875</ele>
				<time>2026-06-20T21:43:01Z</time>
			</trkpt>
			<trkpt lat="63.641125" lon="-149.571136">
				<ele>829.382874</ele>
				<time>2026-06-20T21:43:05Z</time>
			</trkpt>
			<trkpt lat="63.641125" lon="-149.571136">
				<ele>829.382874</ele>
				<time>2026-06-20T21:43:05Z</time>
			</trkpt>
			<trkpt lat="63.64109" lon="-149.571167">
				<ele>827.981323</ele>
				<time>2026-06-20T21:43:11Z</time>
			</trkpt>
			<trkpt lat="63.641079" lon="-149.571228">
				<ele>830.360229</ele>
				<time>2026-06-20T21:43:16Z</time>
			</trkpt>
			<trkpt lat="63.641106" lon="-149.571274">
				<ele>832.246155</ele>
				<time>2026-06-20T21:43:20Z</time>
			</trkpt>
			<trkpt lat="63.641113" lon="-149.571365">
				<ele>831.173706</ele>
				<time>2026-06-20T21:43:25Z</time>
			</trkpt>
			<trkpt lat="63.641113" lon="-149.571365">
				<ele>831.173706</ele>
				<time>2026-06-20T21:43:25Z</time>
			</trkpt>
			<trkpt lat="63.641064" lon="-149.571365">
				<ele>828.263245</ele>
				<time>2026-06-20T21:43:46Z</time>
			</trkpt>
			<trkpt lat="63.641045" lon="-149.571457">
				<ele>827.622742</ele>
				<time>2026-06-20T21:43:50Z</time>
			</trkpt>
			<trkpt lat="63.641026" lon="-149.571503">
				<ele>827.035522</ele>
				<time>2026-06-20T21:43:53Z</time>
			</trkpt>
			<trkpt lat="63.641003" lon="-149.571548">
				<ele>827.602051</ele>
				<time>2026-06-20T21:43:55Z</time>
			</trkpt>
			<trkpt lat="63.640984" lon="-149.571594">
				<ele>828.723022</ele>
				<time>2026-06-20T21:43:58Z</time>
			</trkpt>
			<trkpt lat="63.640972" lon="-149.571655">
				<ele>824.37616</ele>
				<time>2026-06-20T21:44:01Z</time>
			</trkpt>
			<trkpt lat="63.640972" lon="-149.571655">
				<ele>824.37616</ele>
				<time>2026-06-20T21:44:01Z</time>
			</trkpt>
			<trkpt lat="63.640961" lon="-149.571716">
				<ele>826.191467</ele>
				<time>2026-06-20T21:44:03Z</time>
			</trkpt>
			<trkpt lat="63.640957" lon="-149.571777">
				<ele>826.903748</ele>
				<time>2026-06-20T21:44:06Z</time>
			</trkpt>
			<trkpt lat="63.640949" lon="-149.571838">
				<ele>828.747803</ele>
				<time>2026-06-20T21:44:09Z</time>
			</trkpt>
			<trkpt lat="63.640953" lon="-149.571899">
				<ele>831.603455</ele>
				<time>2026-06-20T21:44:12Z</time>
			</trkpt>
			<trkpt lat="63.640949" lon="-149.57196">
				<ele>828.19397</ele>
				<time>2026-06-20T21:44:15Z</time>
			</trkpt>
			<trkpt lat="63.640957" lon="-149.572006">
				<ele>830.94635</ele>
				<time>2026-06-20T21:44:17Z</time>
			</trkpt>
			<trkpt lat="63.640957" lon="-149.572083">
				<ele>831.555664</ele>
				<time>2026-06-20T21:44:20Z</time>
			</trkpt>
			<trkpt lat="63.640957" lon="-149.572083">
				<ele>831.555664</ele>
				<time>2026-06-20T21:44:20Z</time>
			</trkpt>
			<trkpt lat="63.640961" lon="-149.572144">
				<ele>832.659363</ele>
				<time>2026-06-20T21:44:23Z</time>
			</trkpt>
			<trkpt lat="63.640965" lon="-149.572189">
				<ele>829.561279</ele>
				<time>2026-06-20T21:44:26Z</time>
			</trkpt>
			<trkpt lat="63.640968" lon="-149.57225">
				<ele>829.799072</ele>
				<time>2026-06-20T21:44:29Z</time>
			</trkpt>
			<trkpt lat="63.640972" lon="-149.572311">
				<ele>832.110107</ele>
				<time>2026-06-20T21:44:32Z</time>
			</trkpt>
			<trkpt lat="63.64098" lon="-149.572357">
				<ele>831.834534</ele>
				<time>2026-06-20T21:44:36Z</time>
			</trkpt>
			<trkpt lat="63.641003" lon="-149.572372">
				<ele>832.041504</ele>
				<time>2026-06-20T21:44:43Z</time>
			</trkpt>
			<trkpt lat="63.641003" lon="-149.572372">
				<ele>832.041504</ele>
				<time>2026-06-20T21:44:43Z</time>
			</trkpt>
			<trkpt lat="63.641033" lon="-149.572388">
				<ele>831.028137</ele>
				<time>2026-06-20T21:44:56Z</time>
			</trkpt>
			<trkpt lat="63.641075" lon="-149.572418">
				<ele>830.959229</ele>
				<time>2026-06-20T21:45:05Z</time>
			</trkpt>
			<trkpt lat="63.641075" lon="-149.572418">
				<ele>830.959229</ele>
				<time>2026-06-20T21:45:05Z</time>
			</trkpt>
			<trkpt lat="63.641098" lon="-149.572479">
				<ele>832.821716</ele>
				<time>2026-06-20T21:45:12Z</time>
			</trkpt>
			<trkpt lat="63.641125" lon="-149.57254">
				<ele>831.500488</ele>
				<time>2026-06-20T21:45:18Z</time>
			</trkpt>
			<trkpt lat="63.641148" lon="-149.572586">
				<ele>831.599365</ele>
				<time>2026-06-20T21:45:23Z</time>
			</trkpt>
			<trkpt lat="63.641129" lon="-149.572647">
				<ele>829.57782</ele>
				<time>2026-06-20T21:45:27Z</time>
			</trkpt>
			<trkpt lat="63.641129" lon="-149.572647">
				<ele>829.57782</ele>
				<time>2026-06-20T21:45:27Z</time>
			</trkpt>
			<trkpt lat="63.641144" lon="-149.572723">
				<ele>829.034485</ele>
				<time>2026-06-20T21:45:32Z</time>
			</trkpt>
			<trkpt lat="63.641132" lon="-149.572784">
				<ele>831.858704</ele>
				<time>2026-06-20T21:45:36Z</time>
			</trkpt>
			<trkpt lat="63.641121" lon="-149.572845">
				<ele>830.071533</ele>
				<time>2026-06-20T21:45:39Z</time>
			</trkpt>
			<trkpt lat="63.641109" lon="-149.572891">
				<ele>829.407471</ele>
				<time>2026-06-20T21:45:55Z</time>
			</trkpt>
			<trkpt lat="63.641109" lon="-149.572891">
				<ele>829.407471</ele>
				<time>2026-06-20T21:45:55Z</time>
			</trkpt>
			<trkpt lat="63.641125" lon="-149.572815">
				<ele>830.542725</ele>
				<time>2026-06-20T21:46:04Z</time>
			</trkpt>
			<trkpt lat="63.641167" lon="-149.572906">
				<ele>832.521912</ele>
				<time>2026-06-20T21:46:10Z</time>
			</trkpt>
			<trkpt lat="63.641159" lon="-149.572968">
				<ele>833.140869</ele>
				<time>2026-06-20T21:46:15Z</time>
			</trkpt>
			<trkpt lat="63.641159" lon="-149.572968">
				<ele>833.140869</ele>
				<time>2026-06-20T21:46:15Z</time>
			</trkpt>
			<trkpt lat="63.641171" lon="-149.573029">
				<ele>833.410828</ele>
				<time>2026-06-20T21:46:20Z</time>
			</trkpt>
			<trkpt lat="63.641159" lon="-149.573074">
				<ele>833.033264</ele>
				<time>2026-06-20T21:46:23Z</time>
			</trkpt>
			<trkpt lat="63.641155" lon="-149.57312">
				<ele>831.692383</ele>
				<time>2026-06-20T21:46:26Z</time>
			</trkpt>
			<trkpt lat="63.641167" lon="-149.573166">
				<ele>831.205139</ele>
				<time>2026-06-20T21:46:33Z</time>
			</trkpt>
			<trkpt lat="63.641178" lon="-149.573212">
				<ele>832.566101</ele>
				<time>2026-06-20T21:46:36Z</time>
			</trkpt>
			<trkpt lat="63.641178" lon="-149.573212">
				<ele>832.566101</ele>
				<time>2026-06-20T21:46:36Z</time>
			</trkpt>
			<trkpt lat="63.641174" lon="-149.573273">
				<ele>831.949402</ele>
				<time>2026-06-20T21:46:42Z</time>
			</trkpt>
			<trkpt lat="63.641193" lon="-149.573364">
				<ele>833.442688</ele>
				<time>2026-06-20T21:47:04Z</time>
			</trkpt>
			<trkpt lat="63.641193" lon="-149.573364">
				<ele>833.442688</ele>
				<time>2026-06-20T21:47:04Z</time>
			</trkpt>
			<trkpt lat="63.641167" lon="-149.573441">
				<ele>833.643738</ele>
				<time>2026-06-20T21:47:09Z</time>
			</trkpt>
			<trkpt lat="63.641151" lon="-149.573532">
				<ele>833.083679</ele>
				<time>2026-06-20T21:47:16Z</time>
			</trkpt>
			<trkpt lat="63.641182" lon="-149.573532">
				<ele>833.349792</ele>
				<time>2026-06-20T21:47:31Z</time>
			</trkpt>
			<trkpt lat="63.641182" lon="-149.573532">
				<ele>833.349792</ele>
				<time>2026-06-20T21:47:31Z</time>
			</trkpt>
			<trkpt lat="63.64119" lon="-149.573608">
				<ele>832.945251</ele>
				<time>2026-06-20T21:47:42Z</time>
			</trkpt>
			<trkpt lat="63.641186" lon="-149.573685">
				<ele>833.324219</ele>
				<time>2026-06-20T21:47:47Z</time>
			</trkpt>
			<trkpt lat="63.641201" lon="-149.573776">
				<ele>833.312073</ele>
				<time>2026-06-20T21:47:52Z</time>
			</trkpt>
			<trkpt lat="63.641201" lon="-149.573776">
				<ele>833.312073</ele>
				<time>2026-06-20T21:47:52Z</time>
			</trkpt>
			<trkpt lat="63.641209" lon="-149.573837">
				<ele>833.522583</ele>
				<time>2026-06-20T21:47:56Z</time>
			</trkpt>
			<trkpt lat="63.641209" lon="-149.573914">
				<ele>833.723206</ele>
				<time>2026-06-20T21:48:00Z</time>
			</trkpt>
			<trkpt lat="63.641201" lon="-149.57399">
				<ele>832.894714</ele>
				<time>2026-06-20T21:48:04Z</time>
			</trkpt>
			<trkpt lat="63.641174" lon="-149.57402">
				<ele>832.335205</ele>
				<time>2026-06-20T21:48:07Z</time>
			</trkpt>
			<trkpt lat="63.641144" lon="-149.57402">
				<ele>831.771301</ele>
				<time>2026-06-20T21:48:10Z</time>
			</trkpt>
			<trkpt lat="63.641117" lon="-149.57399">
				<ele>831.995178</ele>
				<time>2026-06-20T21:48:14Z</time>
			</trkpt>
			<trkpt lat="63.641117" lon="-149.57399">
				<ele>831.995178</ele>
				<time>2026-06-20T21:48:14Z</time>
			</trkpt>
			<trkpt lat="63.641094" lon="-149.57402">
				<ele>830.863892</ele>
				<time>2026-06-20T21:48:18Z</time>
			</trkpt>
			<trkpt lat="63.641075" lon="-149.574036">
				<ele>830.463196</ele>
				<time>2026-06-20T21:48:20Z</time>
			</trkpt>
			<trkpt lat="63.64106" lon="-149.574005">
				<ele>830.781006</ele>
				<time>2026-06-20T21:48:26Z</time>
			</trkpt>
			<trkpt lat="63.641045" lon="-149.574036">
				<ele>830.837524</ele>
				<time>2026-06-20T21:48:35Z</time>
			</trkpt>
			<trkpt lat="63.641045" lon="-149.574036">
				<ele>830.837524</ele>
				<time>2026-06-20T21:48:35Z</time>
			</trkpt>
			<trkpt lat="63.641029" lon="-149.574097">
				<ele>830.357239</ele>
				<time>2026-06-20T21:48:37Z</time>
			</trkpt>
			<trkpt lat="63.641014" lon="-149.574142">
				<ele>830.512817</ele>
				<time>2026-06-20T21:48:40Z</time>
			</trkpt>
			<trkpt lat="63.641006" lon="-149.574203">
				<ele>831.936829</ele>
				<time>2026-06-20T21:48:43Z</time>
			</trkpt>
			<trkpt lat="63.640991" lon="-149.574265">
				<ele>832.658691</ele>
				<time>2026-06-20T21:48:46Z</time>
			</trkpt>
			<trkpt lat="63.640972" lon="-149.57428">
				<ele>832.767944</ele>
				<time>2026-06-20T21:48:49Z</time>
			</trkpt>
			<trkpt lat="63.640953" lon="-149.57431">
				<ele>832.047241</ele>
				<time>2026-06-20T21:48:53Z</time>
			</trkpt>
			<trkpt lat="63.640953" lon="-149.574371">
				<ele>834.008789</ele>
				<time>2026-06-20T21:48:57Z</time>
			</trkpt>
			<trkpt lat="63.640953" lon="-149.574371">
				<ele>834.008789</ele>
				<time>2026-06-20T21:48:57Z</time>
			</trkpt>
			<trkpt lat="63.640942" lon="-149.574417">
				<ele>833.629272</ele>
				<time>2026-06-20T21:49:01Z</time>
			</trkpt>
			<trkpt lat="63.640949" lon="-149.574478">
				<ele>833.869812</ele>
				<time>2026-06-20T21:49:05Z</time>
			</trkpt>
			<trkpt lat="63.640934" lon="-149.574539">
				<ele>832.91748</ele>
				<time>2026-06-20T21:49:09Z</time>
			</trkpt>
			<trkpt lat="63.64093" lon="-149.574585">
				<ele>834.095642</ele>
				<time>2026-06-20T21:49:12Z</time>
			</trkpt>
			<trkpt lat="63.640926" lon="-149.574631">
				<ele>833.289429</ele>
				<time>2026-06-20T21:49:15Z</time>
			</trkpt>
			<trkpt lat="63.640907" lon="-149.574677">
				<ele>834.243591</ele>
				<time>2026-06-20T21:49:18Z</time>
			</trkpt>
			<trkpt lat="63.640907" lon="-149.574677">
				<ele>834.243591</ele>
				<time>2026-06-20T21:49:18Z</time>
			</trkpt>
			<trkpt lat="63.640892" lon="-149.574722">
				<ele>833.85022</ele>
				<time>2026-06-20T21:49:21Z</time>
			</trkpt>
			<trkpt lat="63.640892" lon="-149.574768">
				<ele>833.949341</ele>
				<time>2026-06-20T21:49:23Z</time>
			</trkpt>
			<trkpt lat="63.640892" lon="-149.574829">
				<ele>833.587158</ele>
				<time>2026-06-20T21:49:26Z</time>
			</trkpt>
			<trkpt lat="63.640892" lon="-149.574875">
				<ele>833.411804</ele>
				<time>2026-06-20T21:49:30Z</time>
			</trkpt>
			<trkpt lat="63.640907" lon="-149.574921">
				<ele>833.44043</ele>
				<time>2026-06-20T21:49:36Z</time>
			</trkpt>
			<trkpt lat="63.640911" lon="-149.574982">
				<ele>833.514099</ele>
				<time>2026-06-20T21:49:40Z</time>
			</trkpt>
			<trkpt lat="63.640911" lon="-149.574982">
				<ele>833.514099</ele>
				<time>2026-06-20T21:49:40Z</time>
			</trkpt>
			<trkpt lat="63.640923" lon="-149.575043">
				<ele>833.27887</ele>
				<time>2026-06-20T21:49:45Z</time>
			</trkpt>
			<trkpt lat="63.640915" lon="-149.575089">
				<ele>833.79187</ele>
				<time>2026-06-20T21:49:50Z</time>
			</trkpt>
			<trkpt lat="63.640926" lon="-149.57515">
				<ele>834.442688</ele>
				<time>2026-06-20T21:49:55Z</time>
			</trkpt>
			<trkpt lat="63.640953" lon="-149.575256">
				<ele>834.608948</ele>
				<time>2026-06-20T21:50:36Z</time>
			</trkpt>
			<trkpt lat="63.640953" lon="-149.575256">
				<ele>834.608948</ele>
				<time>2026-06-20T21:50:36Z</time>
			</trkpt>
			<trkpt lat="63.640953" lon="-149.575363">
				<ele>834.392273</ele>
				<time>2026-06-20T21:50:44Z</time>
			</trkpt>
			<trkpt lat="63.640923" lon="-149.575439">
				<ele>832.499146</ele>
				<time>2026-06-20T21:50:49Z</time>
			</trkpt>
			<trkpt lat="63.640892" lon="-149.5755">
				<ele>833.425537</ele>
				<time>2026-06-20T21:50:54Z</time>
			</trkpt>
			<trkpt lat="63.640865" lon="-149.575531">
				<ele>832.080078</ele>
				<time>2026-06-20T21:51:00Z</time>
			</trkpt>
			<trkpt lat="63.640865" lon="-149.575531">
				<ele>832.080078</ele>
				<time>2026-06-20T21:51:00Z</time>
			</trkpt>
			<trkpt lat="63.640862" lon="-149.575607">
				<ele>831.422791</ele>
				<time>2026-06-20T21:51:08Z</time>
			</trkpt>
			<trkpt lat="63.640869" lon="-149.575668">
				<ele>833.731873</ele>
				<time>2026-06-20T21:51:13Z</time>
			</trkpt>
			<trkpt lat="63.640846" lon="-149.575714">
				<ele>832.645935</ele>
				<time>2026-06-20T21:51:17Z</time>
			</trkpt>
			<trkpt lat="63.640823" lon="-149.575684">
				<ele>831.72937</ele>
				<time>2026-06-20T21:51:20Z</time>
			</trkpt>
			<trkpt lat="63.640823" lon="-149.575684">
				<ele>831.72937</ele>
				<time>2026-06-20T21:51:20Z</time>
			</trkpt>
			<trkpt lat="63.640827" lon="-149.575745">
				<ele>833.489868</ele>
				<time>2026-06-20T21:51:36Z</time>
			</trkpt>
			<trkpt lat="63.640823" lon="-149.575821">
				<ele>834.139465</ele>
				<time>2026-06-20T21:51:41Z</time>
			</trkpt>
			<trkpt lat="63.640808" lon="-149.575867">
				<ele>833.166687</ele>
				<time>2026-06-20T21:51:43Z</time>
			</trkpt>
			<trkpt lat="63.640808" lon="-149.575867">
				<ele>833.166687</ele>
				<time>2026-06-20T21:51:43Z</time>
			</trkpt>
			<trkpt lat="63.640797" lon="-149.575928">
				<ele>832.600525</ele>
				<time>2026-06-20T21:51:46Z</time>
			</trkpt>
			<trkpt lat="63.640781" lon="-149.575989">
				<ele>833.348999</ele>
				<time>2026-06-20T21:51:49Z</time>
			</trkpt>
			<trkpt lat="63.640759" lon="-149.575989">
				<ele>832.780823</ele>
				<time>2026-06-20T21:51:51Z</time>
			</trkpt>
			<trkpt lat="63.640739" lon="-149.57605">
				<ele>833.561157</ele>
				<time>2026-06-20T21:51:55Z</time>
			</trkpt>
			<trkpt lat="63.640717" lon="-149.57605">
				<ele>834.055908</ele>
				<time>2026-06-20T21:51:59Z</time>
			</trkpt>
			<trkpt lat="63.640694" lon="-149.57605">
				<ele>832.698669</ele>
				<time>2026-06-20T21:52:01Z</time>
			</trkpt>
			<trkpt lat="63.640656" lon="-149.576035">
				<ele>836.066162</ele>
				<time>2026-06-20T21:52:05Z</time>
			</trkpt>
			<trkpt lat="63.640656" lon="-149.576035">
				<ele>836.066162</ele>
				<time>2026-06-20T21:52:05Z</time>
			</trkpt>
			<trkpt lat="63.640629" lon="-149.57605">
				<ele>836.353088</ele>
				<time>2026-06-20T21:52:10Z</time>
			</trkpt>
			<trkpt lat="63.64061" lon="-149.57608">
				<ele>834.451355</ele>
				<time>2026-06-20T21:52:14Z</time>
			</trkpt>
			<trkpt lat="63.640575" lon="-149.576096">
				<ele>835.137939</ele>
				<time>2026-06-20T21:52:18Z</time>
			</trkpt>
			<trkpt lat="63.640549" lon="-149.57605">
				<ele>834.708679</ele>
				<time>2026-06-20T21:52:21Z</time>
			</trkpt>
			<trkpt lat="63.640533" lon="-149.576004">
				<ele>834.862671</ele>
				<time>2026-06-20T21:52:27Z</time>
			</trkpt>
			<trkpt lat="63.640533" lon="-149.576004">
				<ele>834.862671</ele>
				<time>2026-06-20T21:52:27Z</time>
			</trkpt>
			<trkpt lat="63.640511" lon="-149.575974">
				<ele>832.805725</ele>
				<time>2026-06-20T21:52:42Z</time>
			</trkpt>
			<trkpt lat="63.640488" lon="-149.575928">
				<ele>832.07489</ele>
				<time>2026-06-20T21:52:50Z</time>
			</trkpt>
			<trkpt lat="63.640488" lon="-149.575928">
				<ele>832.07489</ele>
				<time>2026-06-20T21:52:50Z</time>
			</trkpt>
			<trkpt lat="63.640461" lon="-149.575989">
				<ele>835.083069</ele>
				<time>2026-06-20T21:52:56Z</time>
			</trkpt>
			<trkpt lat="63.640427" lon="-149.576019">
				<ele>835.287415</ele>
				<time>2026-06-20T21:52:59Z</time>
			</trkpt>
			<trkpt lat="63.6404" lon="-149.576019">
				<ele>833.831116</ele>
				<time>2026-06-20T21:53:02Z</time>
			</trkpt>
			<trkpt lat="63.640369" lon="-149.576035">
				<ele>834.087036</ele>
				<time>2026-06-20T21:53:06Z</time>
			</trkpt>
			<trkpt lat="63.640339" lon="-149.57608">
				<ele>833.615173</ele>
				<time>2026-06-20T21:53:11Z</time>
			</trkpt>
			<trkpt lat="63.640339" lon="-149.57608">
				<ele>833.615173</ele>
				<time>2026-06-20T21:53:11Z</time>
			</trkpt>
			<trkpt lat="63.640316" lon="-149.576111">
				<ele>832.653015</ele>
				<time>2026-06-20T21:53:14Z</time>
			</trkpt>
			<trkpt lat="63.640289" lon="-149.576126">
				<ele>834.382507</ele>
				<time>2026-06-20T21:53:18Z</time>
			</trkpt>
			<trkpt lat="63.64027" lon="-149.57608">
				<ele>836.167114</ele>
				<time>2026-06-20T21:53:21Z</time>
			</trkpt>
			<trkpt lat="63.640255" lon="-149.576035">
				<ele>833.84967</ele>
				<time>2026-06-20T21:53:24Z</time>
			</trkpt>
			<trkpt lat="63.640228" lon="-149.576004">
				<ele>833.830994</ele>
				<time>2026-06-20T21:53:27Z</time>
			</trkpt>
			<trkpt lat="63.640205" lon="-149.575974">
				<ele>836.063171</ele>
				<time>2026-06-20T21:53:34Z</time>
			</trkpt>
			<trkpt lat="63.640205" lon="-149.575974">
				<ele>836.063171</ele>
				<time>2026-06-20T21:53:34Z</time>
			</trkpt>
			<trkpt lat="63.640182" lon="-149.575836">
				<ele>837.835266</ele>
				<time>2026-06-20T21:53:44Z</time>
			</trkpt>
			<trkpt lat="63.64016" lon="-149.575806">
				<ele>837.122314</ele>
				<time>2026-06-20T21:53:51Z</time>
			</trkpt>
			<trkpt lat="63.640148" lon="-149.575729">
				<ele>839.062927</ele>
				<time>2026-06-20T21:54:04Z</time>
			</trkpt>
			<trkpt lat="63.640148" lon="-149.575729">
				<ele>839.062927</ele>
				<time>2026-06-20T21:54:04Z</time>
			</trkpt>
			<trkpt lat="63.640118" lon="-149.575714">
				<ele>834.836731</ele>
				<time>2026-06-20T21:54:13Z</time>
			</trkpt>
			<trkpt lat="63.640091" lon="-149.575745">
				<ele>835.903503</ele>
				<time>2026-06-20T21:54:19Z</time>
			</trkpt>
			<trkpt lat="63.640064" lon="-149.575684">
				<ele>836.075867</ele>
				<time>2026-06-20T21:54:37Z</time>
			</trkpt>
			<trkpt lat="63.640064" lon="-149.575684">
				<ele>836.075867</ele>
				<time>2026-06-20T21:54:37Z</time>
			</trkpt>
			<trkpt lat="63.640026" lon="-149.575485">
				<ele>832.298035</ele>
				<time>2026-06-20T21:59:15Z</time>
			</trkpt>
			<trkpt lat="63.640026" lon="-149.575485">
				<ele>832.298035</ele>
				<time>2026-06-20T21:59:15Z</time>
			</trkpt>
			<trkpt lat="63.640057" lon="-149.575333">
				<ele>833.205505</ele>
				<time>2026-06-20T22:00:37Z</time>
			</trkpt>
			<trkpt lat="63.640057" lon="-149.575333">
				<ele>833.205505</ele>
				<time>2026-06-20T22:00:37Z</time>
			</trkpt>
			<trkpt lat="63.639992" lon="-149.575272">
				<ele>837.210266</ele>
				<time>2026-06-20T22:02:04Z</time>
			</trkpt>
			<trkpt lat="63.639992" lon="-149.575272">
				<ele>837.210266</ele>
				<time>2026-06-20T22:02:04Z</time>
			</trkpt>
			<trkpt lat="63.639935" lon="-149.575287">
				<ele>838.164001</ele>
				<time>2026-06-20T22:02:20Z</time>
			</trkpt>
			<trkpt lat="63.639885" lon="-149.575256">
				<ele>835.195313</ele>
				<time>2026-06-20T22:02:36Z</time>
			</trkpt>
			<trkpt lat="63.639885" lon="-149.575256">
				<ele>835.195313</ele>
				<time>2026-06-20T22:02:36Z</time>
			</trkpt>
			<trkpt lat="63.639832" lon="-149.575226">
				<ele>834.885559</ele>
				<time>2026-06-20T22:02:48Z</time>
			</trkpt>
			<trkpt lat="63.639786" lon="-149.575195">
				<ele>835.190125</ele>
				<time>2026-06-20T22:03:05Z</time>
			</trkpt>
			<trkpt lat="63.639786" lon="-149.575195">
				<ele>835.190125</ele>
				<time>2026-06-20T22:03:05Z</time>
			</trkpt>
			<trkpt lat="63.639732" lon="-149.57515">
				<ele>834.429077</ele>
				<time>2026-06-20T22:03:18Z</time>
			</trkpt>
			<trkpt lat="63.639664" lon="-149.575089">
				<ele>835.150757</ele>
				<time>2026-06-20T22:03:41Z</time>
			</trkpt>
			<trkpt lat="63.639664" lon="-149.575089">
				<ele>835.150757</ele>
				<time>2026-06-20T22:03:41Z</time>
			</trkpt>
			<trkpt lat="63.639614" lon="-149.575211">
				<ele>836.431641</ele>
				<time>2026-06-20T22:04:54Z</time>
			</trkpt>
			<trkpt lat="63.639614" lon="-149.575211">
				<ele>836.431641</ele>
				<time>2026-06-20T22:04:54Z</time>
			</trkpt>
			<trkpt lat="63.639557" lon="-149.575211">
				<ele>836.311035</ele>
				<time>2026-06-20T22:05:14Z</time>
			</trkpt>
			<trkpt lat="63.639557" lon="-149.575211">
				<ele>836.311035</ele>
				<time>2026-06-20T22:05:14Z</time>
			</trkpt>
			<trkpt lat="63.639538" lon="-149.575302">
				<ele>838.433228</ele>
				<time>2026-06-20T22:05:28Z</time>
			</trkpt>
			<trkpt lat="63.639557" lon="-149.575378">
				<ele>841.631897</ele>
				<time>2026-06-20T22:05:50Z</time>
			</trkpt>
			<trkpt lat="63.639557" lon="-149.575378">
				<ele>841.631897</ele>
				<time>2026-06-20T22:05:50Z</time>
			</trkpt>
			<trkpt lat="63.63953" lon="-149.575485">
				<ele>839.812866</ele>
				<time>2026-06-20T22:05:58Z</time>
			</trkpt>
			<trkpt lat="63.639515" lon="-149.575638">
				<ele>839.14502</ele>
				<time>2026-06-20T22:06:34Z</time>
			</trkpt>
			<trkpt lat="63.639515" lon="-149.575638">
				<ele>839.14502</ele>
				<time>2026-06-20T22:06:34Z</time>
			</trkpt>
			<trkpt lat="63.639431" lon="-149.575684">
				<ele>836.504028</ele>
				<time>2026-06-20T22:06:56Z</time>
			</trkpt>
			<trkpt lat="63.639431" lon="-149.575684">
				<ele>836.504028</ele>
				<time>2026-06-20T22:06:56Z</time>
			</trkpt>
			<trkpt lat="63.639378" lon="-149.575775">
				<ele>838.112549</ele>
				<time>2026-06-20T22:07:28Z</time>
			</trkpt>
			<trkpt lat="63.639378" lon="-149.575775">
				<ele>838.112549</ele>
				<time>2026-06-20T22:07:28Z</time>
			</trkpt>
			<trkpt lat="63.639324" lon="-149.575851">
				<ele>836.842773</ele>
				<time>2026-06-20T22:07:47Z</time>
			</trkpt>
			<trkpt lat="63.639324" lon="-149.575851">
				<ele>836.842773</ele>
				<time>2026-06-20T22:07:47Z</time>
			</trkpt>
			<trkpt lat="63.639275" lon="-149.575928">
				<ele>839.692505</ele>
				<time>2026-06-20T22:07:59Z</time>
			</trkpt>
			<trkpt lat="63.63921" lon="-149.575912">
				<ele>840.261841</ele>
				<time>2026-06-20T22:08:25Z</time>
			</trkpt>
			<trkpt lat="63.63921" lon="-149.575912">
				<ele>840.261841</ele>
				<time>2026-06-20T22:08:25Z</time>
			</trkpt>
			<trkpt lat="63.639164" lon="-149.576035">
				<ele>839.600708</ele>
				<time>2026-06-20T22:08:41Z</time>
			</trkpt>
			<trkpt lat="63.63916" lon="-149.576172">
				<ele>837.807983</ele>
				<time>2026-06-20T22:08:52Z</time>
			</trkpt>
			<trkpt lat="63.63916" lon="-149.576172">
				<ele>837.807983</ele>
				<time>2026-06-20T22:08:52Z</time>
			</trkpt>
			<trkpt lat="63.639114" lon="-149.576218">
				<ele>839.699646</ele>
				<time>2026-06-20T22:09:01Z</time>
			</trkpt>
			<trkpt lat="63.639061" lon="-149.576141">
				<ele>837.467651</ele>
				<time>2026-06-20T22:09:05Z</time>
			</trkpt>
			<trkpt lat="63.639011" lon="-149.576111">
				<ele>838.997131</ele>
				<time>2026-06-20T22:09:13Z</time>
			</trkpt>
			<trkpt lat="63.639011" lon="-149.576111">
				<ele>838.997131</ele>
				<time>2026-06-20T22:09:13Z</time>
			</trkpt>
			<trkpt lat="63.638981" lon="-149.57605">
				<ele>839.394348</ele>
				<time>2026-06-20T22:09:23Z</time>
			</trkpt>
			<trkpt lat="63.638954" lon="-149.575958">
				<ele>841.625732</ele>
				<time>2026-06-20T22:09:31Z</time>
			</trkpt>
			<trkpt lat="63.63892" lon="-149.576019">
				<ele>840.637817</ele>
				<time>2026-06-20T22:09:42Z</time>
			</trkpt>
			<trkpt lat="63.63892" lon="-149.576019">
				<ele>840.637817</ele>
				<time>2026-06-20T22:09:42Z</time>
			</trkpt>
			<trkpt lat="63.638878" lon="-149.576035">
				<ele>839.660645</ele>
				<time>2026-06-20T22:09:51Z</time>
			</trkpt>
			<trkpt lat="63.63884" lon="-149.576019">
				<ele>840.540955</ele>
				<time>2026-06-20T22:09:55Z</time>
			</trkpt>
			<trkpt lat="63.638802" lon="-149.57605">
				<ele>835.307617</ele>
				<time>2026-06-20T22:10:01Z</time>
			</trkpt>
			<trkpt lat="63.638802" lon="-149.57605">
				<ele>835.307617</ele>
				<time>2026-06-20T22:10:01Z</time>
			</trkpt>
			<trkpt lat="63.638767" lon="-149.576111">
				<ele>837.705566</ele>
				<time>2026-06-20T22:10:09Z</time>
			</trkpt>
			<trkpt lat="63.638741" lon="-149.576019">
				<ele>835.5271</ele>
				<time>2026-06-20T22:10:30Z</time>
			</trkpt>
			<trkpt lat="63.638741" lon="-149.576019">
				<ele>835.5271</ele>
				<time>2026-06-20T22:10:30Z</time>
			</trkpt>
			<trkpt lat="63.638695" lon="-149.576004">
				<ele>837.090454</ele>
				<time>2026-06-20T22:10:36Z</time>
			</trkpt>
			<trkpt lat="63.638649" lon="-149.575974">
				<ele>837.7724</ele>
				<time>2026-06-20T22:10:43Z</time>
			</trkpt>
			<trkpt lat="63.63863" lon="-149.57605">
				<ele>840.783386</ele>
				<time>2026-06-20T22:10:53Z</time>
			</trkpt>
			<trkpt lat="63.63863" lon="-149.57605">
				<ele>840.783386</ele>
				<time>2026-06-20T22:10:53Z</time>
			</trkpt>
			<trkpt lat="63.638603" lon="-149.576111">
				<ele>835.124634</ele>
				<time>2026-06-20T22:11:03Z</time>
			</trkpt>
			<trkpt lat="63.638542" lon="-149.576172">
				<ele>836.652893</ele>
				<time>2026-06-20T22:11:14Z</time>
			</trkpt>
			<trkpt lat="63.638542" lon="-149.576172">
				<ele>836.652893</ele>
				<time>2026-06-20T22:11:14Z</time>
			</trkpt>
			<trkpt lat="63.638512" lon="-149.576218">
				<ele>836.991577</ele>
				<time>2026-06-20T22:11:19Z</time>
			</trkpt>
			<trkpt lat="63.638481" lon="-149.576233">
				<ele>835.803589</ele>
				<time>2026-06-20T22:11:34Z</time>
			</trkpt>
			<trkpt lat="63.638481" lon="-149.576233">
				<ele>835.803589</ele>
				<time>2026-06-20T22:11:34Z</time>
			</trkpt>
			<trkpt lat="63.638451" lon="-149.576233">
				<ele>835.591187</ele>
				<time>2026-06-20T22:11:38Z</time>
			</trkpt>
			<trkpt lat="63.63842" lon="-149.576248">
				<ele>835.66333</ele>
				<time>2026-06-20T22:11:42Z</time>
			</trkpt>
			<trkpt lat="63.63839" lon="-149.576248">
				<ele>837.197754</ele>
				<time>2026-06-20T22:11:46Z</time>
			</trkpt>
			<trkpt lat="63.638355" lon="-149.576233">
				<ele>835.380188</ele>
				<time>2026-06-20T22:11:50Z</time>
			</trkpt>
			<trkpt lat="63.638325" lon="-149.576218">
				<ele>838.70636</ele>
				<time>2026-06-20T22:11:57Z</time>
			</trkpt>
			<trkpt lat="63.638325" lon="-149.576218">
				<ele>838.70636</ele>
				<time>2026-06-20T22:11:57Z</time>
			</trkpt>
			<trkpt lat="63.638294" lon="-149.576202">
				<ele>838.170105</ele>
				<time>2026-06-20T22:12:03Z</time>
			</trkpt>
			<trkpt lat="63.63829" lon="-149.576126">
				<ele>836.390625</ele>
				<time>2026-06-20T22:12:10Z</time>
			</trkpt>
			<trkpt lat="63.638302" lon="-149.576202">
				<ele>836.497009</ele>
				<time>2026-06-20T22:12:15Z</time>
			</trkpt>
			<trkpt lat="63.638256" lon="-149.57608">
				<ele>836.811462</ele>
				<time>2026-06-20T22:16:32Z</time>
			</trkpt>
			<trkpt lat="63.638256" lon="-149.57608">
				<ele>836.811462</ele>
				<time>2026-06-20T22:16:32Z</time>
			</trkpt>
			<trkpt lat="63.638195" lon="-149.576065">
				<ele>836.647156</ele>
				<time>2026-06-20T22:16:41Z</time>
			</trkpt>
			<trkpt lat="63.638145" lon="-149.576096">
				<ele>836.409668</ele>
				<time>2026-06-20T22:16:49Z</time>
			</trkpt>
			<trkpt lat="63.638123" lon="-149.576004">
				<ele>837.353699</ele>
				<time>2026-06-20T22:16:56Z</time>
			</trkpt>
			<trkpt lat="63.638123" lon="-149.576004">
				<ele>837.353699</ele>
				<time>2026-06-20T22:16:56Z</time>
			</trkpt>
			<trkpt lat="63.638081" lon="-149.576019">
				<ele>837.323669</ele>
				<time>2026-06-20T22:17:01Z</time>
			</trkpt>
			<trkpt lat="63.638046" lon="-149.576035">
				<ele>836.716187</ele>
				<time>2026-06-20T22:17:06Z</time>
			</trkpt>
			<trkpt lat="63.638008" lon="-149.576019">
				<ele>836.24353</ele>
				<time>2026-06-20T22:17:12Z</time>
			</trkpt>
			<trkpt lat="63.637974" lon="-149.576035">
				<ele>837.52124</ele>
				<time>2026-06-20T22:17:18Z</time>
			</trkpt>
			<trkpt lat="63.637974" lon="-149.576035">
				<ele>837.52124</ele>
				<time>2026-06-20T22:17:18Z</time>
			</trkpt>
			<trkpt lat="63.637955" lon="-149.576096">
				<ele>836.863281</ele>
				<time>2026-06-20T22:17:22Z</time>
			</trkpt>
			<trkpt lat="63.637924" lon="-149.576141">
				<ele>837.362671</ele>
				<time>2026-06-20T22:17:26Z</time>
			</trkpt>
			<trkpt lat="63.637905" lon="-149.576187">
				<ele>837.248413</ele>
				<time>2026-06-20T22:17:30Z</time>
			</trkpt>
			<trkpt lat="63.637871" lon="-149.576202">
				<ele>836.56897</ele>
				<time>2026-06-20T22:17:36Z</time>
			</trkpt>
			<trkpt lat="63.637848" lon="-149.576248">
				<ele>837.24762</ele>
				<time>2026-06-20T22:17:41Z</time>
			</trkpt>
			<trkpt lat="63.637848" lon="-149.576248">
				<ele>837.24762</ele>
				<time>2026-06-20T22:17:41Z</time>
			</trkpt>
			<trkpt lat="63.637821" lon="-149.576233">
				<ele>838.439636</ele>
				<time>2026-06-20T22:17:48Z</time>
			</trkpt>
			<trkpt lat="63.637768" lon="-149.576172">
				<ele>839.392639</ele>
				<time>2026-06-20T22:17:59Z</time>
			</trkpt>
			<trkpt lat="63.637737" lon="-149.576141">
				<ele>838.997986</ele>
				<time>2026-06-20T22:18:04Z</time>
			</trkpt>
			<trkpt lat="63.637737" lon="-149.576141">
				<ele>838.997986</ele>
				<time>2026-06-20T22:18:04Z</time>
			</trkpt>
			<trkpt lat="63.637707" lon="-149.576157">
				<ele>840.645813</ele>
				<time>2026-06-20T22:18:10Z</time>
			</trkpt>
			<trkpt lat="63.63768" lon="-149.576202">
				<ele>840.317871</ele>
				<time>2026-06-20T22:18:13Z</time>
			</trkpt>
			<trkpt lat="63.637653" lon="-149.576172">
				<ele>837.589233</ele>
				<time>2026-06-20T22:18:16Z</time>
			</trkpt>
			<trkpt lat="63.637623" lon="-149.576172">
				<ele>838.400635</ele>
				<time>2026-06-20T22:18:20Z</time>
			</trkpt>
			<trkpt lat="63.6376" lon="-149.576111">
				<ele>840.417175</ele>
				<time>2026-06-20T22:18:24Z</time>
			</trkpt>
			<trkpt lat="63.6376" lon="-149.576111">
				<ele>840.417175</ele>
				<time>2026-06-20T22:18:24Z</time>
			</trkpt>
			<trkpt lat="63.637569" lon="-149.576126">
				<ele>840.387817</ele>
				<time>2026-06-20T22:18:30Z</time>
			</trkpt>
			<trkpt lat="63.637547" lon="-149.57608">
				<ele>841.535583</ele>
				<time>2026-06-20T22:18:34Z</time>
			</trkpt>
			<trkpt lat="63.637524" lon="-149.57605">
				<ele>840.564331</ele>
				<time>2026-06-20T22:18:40Z</time>
			</trkpt>
			<trkpt lat="63.637493" lon="-149.57608">
				<ele>839.741943</ele>
				<time>2026-06-20T22:18:44Z</time>
			</trkpt>
			<trkpt lat="63.637493" lon="-149.57608">
				<ele>839.741943</ele>
				<time>2026-06-20T22:18:44Z</time>
			</trkpt>
			<trkpt lat="63.637463" lon="-149.576096">
				<ele>839.629211</ele>
				<time>2026-06-20T22:18:50Z</time>
			</trkpt>
			<trkpt lat="63.637432" lon="-149.576065">
				<ele>839.350342</ele>
				<time>2026-06-20T22:18:55Z</time>
			</trkpt>
			<trkpt lat="63.637409" lon="-149.576035">
				<ele>839.839844</ele>
				<time>2026-06-20T22:19:03Z</time>
			</trkpt>
			<trkpt lat="63.637409" lon="-149.576035">
				<ele>839.839844</ele>
				<time>2026-06-20T22:19:03Z</time>
			</trkpt>
			<trkpt lat="63.637405" lon="-149.575958">
				<ele>839.502075</ele>
				<time>2026-06-20T22:19:07Z</time>
			</trkpt>
			<trkpt lat="63.637371" lon="-149.575943">
				<ele>839.049622</ele>
				<time>2026-06-20T22:19:13Z</time>
			</trkpt>
			<trkpt lat="63.637352" lon="-149.575867">
				<ele>839.326904</ele>
				<time>2026-06-20T22:19:19Z</time>
			</trkpt>
			<trkpt lat="63.637329" lon="-149.575821">
				<ele>838.586243</ele>
				<time>2026-06-20T22:19:23Z</time>
			</trkpt>
			<trkpt lat="63.637329" lon="-149.575821">
				<ele>838.586243</ele>
				<time>2026-06-20T22:19:23Z</time>
			</trkpt>
			<trkpt lat="63.637302" lon="-149.575806">
				<ele>838.886597</ele>
				<time>2026-06-20T22:19:26Z</time>
			</trkpt>
			<trkpt lat="63.637268" lon="-149.57579">
				<ele>840.535645</ele>
				<time>2026-06-20T22:19:32Z</time>
			</trkpt>
			<trkpt lat="63.637238" lon="-149.57576">
				<ele>839.671814</ele>
				<time>2026-06-20T22:19:37Z</time>
			</trkpt>
			<trkpt lat="63.637207" lon="-149.575775">
				<ele>839.290588</ele>
				<time>2026-06-20T22:19:42Z</time>
			</trkpt>
			<trkpt lat="63.637207" lon="-149.575775">
				<ele>839.290588</ele>
				<time>2026-06-20T22:19:42Z</time>
			</trkpt>
			<trkpt lat="63.637177" lon="-149.575745">
				<ele>839.284729</ele>
				<time>2026-06-20T22:19:47Z</time>
			</trkpt>
			<trkpt lat="63.637146" lon="-149.575714">
				<ele>840.164246</ele>
				<time>2026-06-20T22:19:51Z</time>
			</trkpt>
			<trkpt lat="63.637112" lon="-149.575714">
				<ele>841.998901</ele>
				<time>2026-06-20T22:19:56Z</time>
			</trkpt>
			<trkpt lat="63.637081" lon="-149.575714">
				<ele>840.370483</ele>
				<time>2026-06-20T22:20:00Z</time>
			</trkpt>
			<trkpt lat="63.637051" lon="-149.575729">
				<ele>840.922119</ele>
				<time>2026-06-20T22:20:04Z</time>
			</trkpt>
			<trkpt lat="63.637051" lon="-149.575729">
				<ele>840.922119</ele>
				<time>2026-06-20T22:20:04Z</time>
			</trkpt>
			<trkpt lat="63.63702" lon="-149.575714">
				<ele>840.055298</ele>
				<time>2026-06-20T22:20:08Z</time>
			</trkpt>
			<trkpt lat="63.636997" lon="-149.575745">
				<ele>841.462891</ele>
				<time>2026-06-20T22:20:12Z</time>
			</trkpt>
			<trkpt lat="63.636944" lon="-149.575806">
				<ele>839.620728</ele>
				<time>2026-06-20T22:20:20Z</time>
			</trkpt>
			<trkpt lat="63.636913" lon="-149.575821">
				<ele>840.779236</ele>
				<time>2026-06-20T22:20:23Z</time>
			</trkpt>
			<trkpt lat="63.636913" lon="-149.575821">
				<ele>840.779236</ele>
				<time>2026-06-20T22:20:23Z</time>
			</trkpt>
			<trkpt lat="63.636887" lon="-149.57579">
				<ele>839.544861</ele>
				<time>2026-06-20T22:20:26Z</time>
			</trkpt>
			<trkpt lat="63.636856" lon="-149.575806">
				<ele>840.480103</ele>
				<time>2026-06-20T22:20:30Z</time>
			</trkpt>
			<trkpt lat="63.636829" lon="-149.575821">
				<ele>841.80957</ele>
				<time>2026-06-20T22:20:34Z</time>
			</trkpt>
			<trkpt lat="63.636799" lon="-149.575821">
				<ele>840.219849</ele>
				<time>2026-06-20T22:20:42Z</time>
			</trkpt>
			<trkpt lat="63.636799" lon="-149.575821">
				<ele>840.219849</ele>
				<time>2026-06-20T22:20:42Z</time>
			</trkpt>
			<trkpt lat="63.636776" lon="-149.575775">
				<ele>840.13501</ele>
				<time>2026-06-20T22:20:46Z</time>
			</trkpt>
			<trkpt lat="63.636742" lon="-149.575775">
				<ele>839.124084</ele>
				<time>2026-06-20T22:20:51Z</time>
			</trkpt>
			<trkpt lat="63.636715" lon="-149.575806">
				<ele>841.580688</ele>
				<time>2026-06-20T22:20:56Z</time>
			</trkpt>
			<trkpt lat="63.636696" lon="-149.575867">
				<ele>839.945862</ele>
				<time>2026-06-20T22:21:00Z</time>
			</trkpt>
			<trkpt lat="63.636669" lon="-149.575882">
				<ele>842.199707</ele>
				<time>2026-06-20T22:21:04Z</time>
			</trkpt>
			<trkpt lat="63.636669" lon="-149.575882">
				<ele>842.199707</ele>
				<time>2026-06-20T22:21:04Z</time>
			</trkpt>
			<trkpt lat="63.636623" lon="-149.575958">
				<ele>838.951233</ele>
				<time>2026-06-20T22:21:12Z</time>
			</trkpt>
			<trkpt lat="63.636597" lon="-149.576004">
				<ele>839.597107</ele>
				<time>2026-06-20T22:21:18Z</time>
			</trkpt>
			<trkpt lat="63.636589" lon="-149.57608">
				<ele>840.050903</ele>
				<time>2026-06-20T22:21:23Z</time>
			</trkpt>
			<trkpt lat="63.636589" lon="-149.57608">
				<ele>840.050903</ele>
				<time>2026-06-20T22:21:23Z</time>
			</trkpt>
			<trkpt lat="63.636562" lon="-149.576111">
				<ele>839.68634</ele>
				<time>2026-06-20T22:21:27Z</time>
			</trkpt>
			<trkpt lat="63.63652" lon="-149.576202">
				<ele>840.298279</ele>
				<time>2026-06-20T22:21:36Z</time>
			</trkpt>
			<trkpt lat="63.636501" lon="-149.576263">
				<ele>839.091919</ele>
				<time>2026-06-20T22:21:41Z</time>
			</trkpt>
			<trkpt lat="63.636478" lon="-149.576294">
				<ele>838.85907</ele>
				<time>2026-06-20T22:21:45Z</time>
			</trkpt>
			<trkpt lat="63.636478" lon="-149.576294">
				<ele>838.85907</ele>
				<time>2026-06-20T22:21:45Z</time>
			</trkpt>
			<trkpt lat="63.636444" lon="-149.576309">
				<ele>839.53595</ele>
				<time>2026-06-20T22:21:50Z</time>
			</trkpt>
			<trkpt lat="63.636414" lon="-149.576294">
				<ele>840.163391</ele>
				<time>2026-06-20T22:21:53Z</time>
			</trkpt>
			<trkpt lat="63.636387" lon="-149.576309">
				<ele>839.160095</ele>
				<time>2026-06-20T22:21:57Z</time>
			</trkpt>
			<trkpt lat="63.63636" lon="-149.576309">
				<ele>838.831726</ele>
				<time>2026-06-20T22:22:01Z</time>
			</trkpt>
			<trkpt lat="63.636337" lon="-149.576294">
				<ele>841.109558</ele>
				<time>2026-06-20T22:22:12Z</time>
			</trkpt>
			<trkpt lat="63.636337" lon="-149.576294">
				<ele>841.109558</ele>
				<time>2026-06-20T22:22:12Z</time>
			</trkpt>
			<trkpt lat="63.636288" lon="-149.57634">
				<ele>841.383606</ele>
				<time>2026-06-20T22:23:02Z</time>
			</trkpt>
			<trkpt lat="63.636288" lon="-149.57634">
				<ele>841.383606</ele>
				<time>2026-06-20T22:23:02Z</time>
			</trkpt>
			<trkpt lat="63.636242" lon="-149.576385">
				<ele>842.336975</ele>
				<time>2026-06-20T22:23:10Z</time>
			</trkpt>
			<trkpt lat="63.636208" lon="-149.57637">
				<ele>842.124023</ele>
				<time>2026-06-20T22:23:24Z</time>
			</trkpt>
			<trkpt lat="63.636208" lon="-149.57637">
				<ele>842.124023</ele>
				<time>2026-06-20T22:23:24Z</time>
			</trkpt>
			<trkpt lat="63.636177" lon="-149.576385">
				<ele>842.223816</ele>
				<time>2026-06-20T22:23:30Z</time>
			</trkpt>
			<trkpt lat="63.636147" lon="-149.57634">
				<ele>842.032959</ele>
				<time>2026-06-20T22:23:37Z</time>
			</trkpt>
			<trkpt lat="63.636135" lon="-149.576294">
				<ele>842.438538</ele>
				<time>2026-06-20T22:23:42Z</time>
			</trkpt>
			<trkpt lat="63.636105" lon="-149.576279">
				<ele>843.463684</ele>
				<time>2026-06-20T22:23:52Z</time>
			</trkpt>
			<trkpt lat="63.636105" lon="-149.576279">
				<ele>843.463684</ele>
				<time>2026-06-20T22:23:52Z</time>
			</trkpt>
			<trkpt lat="63.636078" lon="-149.576233">
				<ele>843.199829</ele>
				<time>2026-06-20T22:23:59Z</time>
			</trkpt>
			<trkpt lat="63.636066" lon="-149.576187">
				<ele>843.285767</ele>
				<time>2026-06-20T22:24:03Z</time>
			</trkpt>
			<trkpt lat="63.63604" lon="-149.576157">
				<ele>843.065735</ele>
				<time>2026-06-20T22:24:10Z</time>
			</trkpt>
			<trkpt lat="63.636021" lon="-149.576202">
				<ele>842.617615</ele>
				<time>2026-06-20T22:24:16Z</time>
			</trkpt>
			<trkpt lat="63.636021" lon="-149.576202">
				<ele>842.617615</ele>
				<time>2026-06-20T22:24:16Z</time>
			</trkpt>
			<trkpt lat="63.635994" lon="-149.576218">
				<ele>842.456726</ele>
				<time>2026-06-20T22:24:23Z</time>
			</trkpt>
			<trkpt lat="63.635967" lon="-149.576248">
				<ele>842.562073</ele>
				<time>2026-06-20T22:24:34Z</time>
			</trkpt>
			<trkpt lat="63.635937" lon="-149.576248">
				<ele>842.768066</ele>
				<time>2026-06-20T22:24:40Z</time>
			</trkpt>
			<trkpt lat="63.635937" lon="-149.576248">
				<ele>842.768066</ele>
				<time>2026-06-20T22:24:40Z</time>
			</trkpt>
			<trkpt lat="63.635914" lon="-149.576294">
				<ele>844.56958</ele>
				<time>2026-06-20T22:24:53Z</time>
			</trkpt>
			<trkpt lat="63.635887" lon="-149.57637">
				<ele>844.610046</ele>
				<time>2026-06-20T22:25:04Z</time>
			</trkpt>
			<trkpt lat="63.635887" lon="-149.57637">
				<ele>844.610046</ele>
				<time>2026-06-20T22:25:04Z</time>
			</trkpt>
			<trkpt lat="63.635853" lon="-149.576324">
				<ele>843.415955</ele>
				<time>2026-06-20T22:25:09Z</time>
			</trkpt>
			<trkpt lat="63.635811" lon="-149.576294">
				<ele>845.013672</ele>
				<time>2026-06-20T22:25:18Z</time>
			</trkpt>
			<trkpt lat="63.635792" lon="-149.576233">
				<ele>842.975342</ele>
				<time>2026-06-20T22:25:38Z</time>
			</trkpt>
			<trkpt lat="63.635792" lon="-149.576233">
				<ele>842.975342</ele>
				<time>2026-06-20T22:25:38Z</time>
			</trkpt>
			<trkpt lat="63.635784" lon="-149.576157">
				<ele>845.579163</ele>
				<time>2026-06-20T22:25:48Z</time>
			</trkpt>
			<trkpt lat="63.635769" lon="-149.576096">
				<ele>845.356201</ele>
				<time>2026-06-20T22:25:53Z</time>
			</trkpt>
			<trkpt lat="63.635757" lon="-149.576157">
				<ele>844.481873</ele>
				<time>2026-06-20T22:26:02Z</time>
			</trkpt>
			<trkpt lat="63.635757" lon="-149.576157">
				<ele>844.481873</ele>
				<time>2026-06-20T22:26:02Z</time>
			</trkpt>
			<trkpt lat="63.635727" lon="-149.576187">
				<ele>845.550903</ele>
				<time>2026-06-20T22:26:14Z</time>
			</trkpt>
			<trkpt lat="63.635712" lon="-149.576248">
				<ele>846.155334</ele>
				<time>2026-06-20T22:26:21Z</time>
			</trkpt>
			<trkpt lat="63.635712" lon="-149.576248">
				<ele>846.155334</ele>
				<time>2026-06-20T22:26:21Z</time>
			</trkpt>
			<trkpt lat="63.635693" lon="-149.576355">
				<ele>846.391663</ele>
				<time>2026-06-20T22:26:45Z</time>
			</trkpt>
			<trkpt lat="63.635693" lon="-149.576355">
				<ele>846.391663</ele>
				<time>2026-06-20T22:26:45Z</time>
			</trkpt>
			<trkpt lat="63.635639" lon="-149.576355">
				<ele>845.929626</ele>
				<time>2026-06-20T22:26:54Z</time>
			</trkpt>
			<trkpt lat="63.635593" lon="-149.576416">
				<ele>847.00885</ele>
				<time>2026-06-20T22:27:05Z</time>
			</trkpt>
			<trkpt lat="63.635593" lon="-149.576416">
				<ele>847.00885</ele>
				<time>2026-06-20T22:27:05Z</time>
			</trkpt>
			<trkpt lat="63.635559" lon="-149.576462">
				<ele>847.089172</ele>
				<time>2026-06-20T22:27:15Z</time>
			</trkpt>
			<trkpt lat="63.635536" lon="-149.576538">
				<ele>847.68042</ele>
				<time>2026-06-20T22:27:21Z</time>
			</trkpt>
			<trkpt lat="63.635498" lon="-149.576538">
				<ele>847.778137</ele>
				<time>2026-06-20T22:27:25Z</time>
			</trkpt>
			<trkpt lat="63.635498" lon="-149.576538">
				<ele>847.778137</ele>
				<time>2026-06-20T22:27:25Z</time>
			</trkpt>
			<trkpt lat="63.635494" lon="-149.576614">
				<ele>849.999634</ele>
				<time>2026-06-20T22:27:34Z</time>
			</trkpt>
			<trkpt lat="63.635464" lon="-149.57666">
				<ele>849.278992</ele>
				<time>2026-06-20T22:27:38Z</time>
			</trkpt>
			<trkpt lat="63.635426" lon="-149.57666">
				<ele>848.131042</ele>
				<time>2026-06-20T22:27:43Z</time>
			</trkpt>
			<trkpt lat="63.63541" lon="-149.576736">
				<ele>846.173218</ele>
				<time>2026-06-20T22:27:55Z</time>
			</trkpt>
			<trkpt lat="63.63541" lon="-149.576736">
				<ele>846.173218</ele>
				<time>2026-06-20T22:27:55Z</time>
			</trkpt>
			<trkpt lat="63.63538" lon="-149.576752">
				<ele>846.93866</ele>
				<time>2026-06-20T22:28:00Z</time>
			</trkpt>
			<trkpt lat="63.635349" lon="-149.576782">
				<ele>846.250061</ele>
				<time>2026-06-20T22:28:15Z</time>
			</trkpt>
			<trkpt lat="63.635349" lon="-149.576782">
				<ele>846.250061</ele>
				<time>2026-06-20T22:28:15Z</time>
			</trkpt>
			<trkpt lat="63.635319" lon="-149.576828">
				<ele>846.798462</ele>
				<time>2026-06-20T22:28:29Z</time>
			</trkpt>
			<trkpt lat="63.63525" lon="-149.576843">
				<ele>847.96283</ele>
				<time>2026-06-20T22:29:22Z</time>
			</trkpt>
			<trkpt lat="63.63525" lon="-149.576843">
				<ele>847.96283</ele>
				<time>2026-06-20T22:29:22Z</time>
			</trkpt>
			<trkpt lat="63.635193" lon="-149.576782">
				<ele>848.820251</ele>
				<time>2026-06-20T22:29:38Z</time>
			</trkpt>
			<trkpt lat="63.635155" lon="-149.576797">
				<ele>849.3573</ele>
				<time>2026-06-20T22:29:56Z</time>
			</trkpt>
			<trkpt lat="63.635155" lon="-149.576797">
				<ele>849.3573</ele>
				<time>2026-06-20T22:29:56Z</time>
			</trkpt>
			<trkpt lat="63.635094" lon="-149.576813">
				<ele>847.336853</ele>
				<time>2026-06-20T22:31:00Z</time>
			</trkpt>
			<trkpt lat="63.635094" lon="-149.576813">
				<ele>847.336853</ele>
				<time>2026-06-20T22:31:00Z</time>
			</trkpt>
			<trkpt lat="63.635094" lon="-149.57695">
				<ele>847.329529</ele>
				<time>2026-06-20T22:32:09Z</time>
			</trkpt>
			<trkpt lat="63.635094" lon="-149.57695">
				<ele>847.329529</ele>
				<time>2026-06-20T22:32:09Z</time>
			</trkpt>
			<trkpt lat="63.635143" lon="-149.576965">
				<ele>849.672852</ele>
				<time>2026-06-20T22:32:20Z</time>
			</trkpt>
			<trkpt lat="63.635143" lon="-149.577087">
				<ele>847.446411</ele>
				<time>2026-06-20T22:32:32Z</time>
			</trkpt>
			<trkpt lat="63.635143" lon="-149.577087">
				<ele>847.446411</ele>
				<time>2026-06-20T22:32:32Z</time>
			</trkpt>
			<trkpt lat="63.635136" lon="-149.577011">
				<ele>847.724243</ele>
				<time>2026-06-20T22:32:43Z</time>
			</trkpt>
			<trkpt lat="63.635105" lon="-149.577057">
				<ele>845.100708</ele>
				<time>2026-06-20T22:32:56Z</time>
			</trkpt>
			<trkpt lat="63.635105" lon="-149.577057">
				<ele>845.100708</ele>
				<time>2026-06-20T22:32:56Z</time>
			</trkpt>
			<trkpt lat="63.635048" lon="-149.577148">
				<ele>845.869263</ele>
				<time>2026-06-20T22:33:10Z</time>
			</trkpt>
			<trkpt lat="63.635014" lon="-149.577179">
				<ele>845.558411</ele>
				<time>2026-06-20T22:33:16Z</time>
			</trkpt>
			<trkpt lat="63.635014" lon="-149.577179">
				<ele>845.558411</ele>
				<time>2026-06-20T22:33:16Z</time>
			</trkpt>
			<trkpt lat="63.634991" lon="-149.577225">
				<ele>846.559204</ele>
				<time>2026-06-20T22:33:21Z</time>
			</trkpt>
			<trkpt lat="63.63496" lon="-149.577286">
				<ele>846.910889</ele>
				<time>2026-06-20T22:33:37Z</time>
			</trkpt>
			<trkpt lat="63.63496" lon="-149.577286">
				<ele>846.910889</ele>
				<time>2026-06-20T22:33:37Z</time>
			</trkpt>
			<trkpt lat="63.634926" lon="-149.577347">
				<ele>847.599243</ele>
				<time>2026-06-20T22:33:46Z</time>
			</trkpt>
			<trkpt lat="63.634899" lon="-149.577393">
				<ele>847.360596</ele>
				<time>2026-06-20T22:33:55Z</time>
			</trkpt>
			<trkpt lat="63.63488" lon="-149.577469">
				<ele>846.818176</ele>
				<time>2026-06-20T22:34:08Z</time>
			</trkpt>
			<trkpt lat="63.63488" lon="-149.577469">
				<ele>846.818176</ele>
				<time>2026-06-20T22:34:08Z</time>
			</trkpt>
			<trkpt lat="63.63485" lon="-149.577408">
				<ele>846.422729</ele>
				<time>2026-06-20T22:34:22Z</time>
			</trkpt>
			<trkpt lat="63.634842" lon="-149.577484">
				<ele>846.819458</ele>
				<time>2026-06-20T22:34:42Z</time>
			</trkpt>
			<trkpt lat="63.634842" lon="-149.577484">
				<ele>846.819458</ele>
				<time>2026-06-20T22:34:42Z</time>
			</trkpt>
			<trkpt lat="63.634808" lon="-149.577454">
				<ele>848.318787</ele>
				<time>2026-06-20T22:34:53Z</time>
			</trkpt>
			<trkpt lat="63.634777" lon="-149.577377">
				<ele>848.113281</ele>
				<time>2026-06-20T22:34:57Z</time>
			</trkpt>
			<trkpt lat="63.634739" lon="-149.577362">
				<ele>848.436707</ele>
				<time>2026-06-20T22:35:02Z</time>
			</trkpt>
			<trkpt lat="63.634739" lon="-149.577362">
				<ele>848.436707</ele>
				<time>2026-06-20T22:35:02Z</time>
			</trkpt>
			<trkpt lat="63.634708" lon="-149.577301">
				<ele>849.455811</ele>
				<time>2026-06-20T22:35:10Z</time>
			</trkpt>
			<trkpt lat="63.634678" lon="-149.577286">
				<ele>850.776855</ele>
				<time>2026-06-20T22:35:16Z</time>
			</trkpt>
			<trkpt lat="63.634651" lon="-149.57724">
				<ele>851.209778</ele>
				<time>2026-06-20T22:35:21Z</time>
			</trkpt>
			<trkpt lat="63.634651" lon="-149.57724">
				<ele>851.209778</ele>
				<time>2026-06-20T22:35:21Z</time>
			</trkpt>
			<trkpt lat="63.634617" lon="-149.577255">
				<ele>850.969971</ele>
				<time>2026-06-20T22:35:43Z</time>
			</trkpt>
			<trkpt lat="63.634617" lon="-149.577255">
				<ele>850.969971</ele>
				<time>2026-06-20T22:35:43Z</time>
			</trkpt>
			<trkpt lat="63.634602" lon="-149.577316">
				<ele>850.339539</ele>
				<time>2026-06-20T22:35:47Z</time>
			</trkpt>
			<trkpt lat="63.634575" lon="-149.577271">
				<ele>850.22052</ele>
				<time>2026-06-20T22:35:50Z</time>
			</trkpt>
			<trkpt lat="63.634552" lon="-149.577225">
				<ele>851.338745</ele>
				<time>2026-06-20T22:36:01Z</time>
			</trkpt>
			<trkpt lat="63.634506" lon="-149.577209">
				<ele>850.495911</ele>
				<time>2026-06-20T22:36:05Z</time>
			</trkpt>
			<trkpt lat="63.634506" lon="-149.577209">
				<ele>850.495911</ele>
				<time>2026-06-20T22:36:05Z</time>
			</trkpt>
			<trkpt lat="63.634483" lon="-149.577271">
				<ele>849.709229</ele>
				<time>2026-06-20T22:36:23Z</time>
			</trkpt>
			<trkpt lat="63.634441" lon="-149.577164">
				<ele>848.678772</ele>
				<time>2026-06-20T22:36:45Z</time>
			</trkpt>
			<trkpt lat="63.634441" lon="-149.577164">
				<ele>848.678772</ele>
				<time>2026-06-20T22:36:45Z</time>
			</trkpt>
			<trkpt lat="63.634434" lon="-149.577316">
				<ele>850.423157</ele>
				<time>2026-06-20T22:37:11Z</time>
			</trkpt>
			<trkpt lat="63.634434" lon="-149.577316">
				<ele>850.423157</ele>
				<time>2026-06-20T22:37:11Z</time>
			</trkpt>
			<trkpt lat="63.63438" lon="-149.577362">
				<ele>850.847046</ele>
				<time>2026-06-20T22:37:21Z</time>
			</trkpt>
			<trkpt lat="63.634331" lon="-149.577423">
				<ele>851.063843</ele>
				<time>2026-06-20T22:37:49Z</time>
			</trkpt>
			<trkpt lat="63.634331" lon="-149.577423">
				<ele>851.063843</ele>
				<time>2026-06-20T22:37:49Z</time>
			</trkpt>
			<trkpt lat="63.634277" lon="-149.577515">
				<ele>850.183777</ele>
				<time>2026-06-20T22:38:26Z</time>
			</trkpt>
			<trkpt lat="63.634277" lon="-149.577515">
				<ele>850.183777</ele>
				<time>2026-06-20T22:38:26Z</time>
			</trkpt>
			<trkpt lat="63.634228" lon="-149.577484">
				<ele>850.995911</ele>
				<time>2026-06-20T22:38:40Z</time>
			</trkpt>
			<trkpt lat="63.634186" lon="-149.577454">
				<ele>849.688416</ele>
				<time>2026-06-20T22:38:49Z</time>
			</trkpt>
			<trkpt lat="63.634186" lon="-149.577454">
				<ele>849.688416</ele>
				<time>2026-06-20T22:38:49Z</time>
			</trkpt>
			<trkpt lat="63.634159" lon="-149.577393">
				<ele>850.700317</ele>
				<time>2026-06-20T22:39:02Z</time>
			</trkpt>
			<trkpt lat="63.634136" lon="-149.577271">
				<ele>849.921814</ele>
				<time>2026-06-20T22:40:13Z</time>
			</trkpt>
			<trkpt lat="63.634136" lon="-149.577271">
				<ele>849.921814</ele>
				<time>2026-06-20T22:40:13Z</time>
			</trkpt>
			<trkpt lat="63.63414" lon="-149.577164">
				<ele>850.172302</ele>
				<time>2026-06-20T22:40:25Z</time>
			</trkpt>
			<trkpt lat="63.634117" lon="-149.577118">
				<ele>851.355103</ele>
				<time>2026-06-20T22:40:44Z</time>
			</trkpt>
			<trkpt lat="63.634117" lon="-149.577118">
				<ele>851.355103</ele>
				<time>2026-06-20T22:40:44Z</time>
			</trkpt>
			<trkpt lat="63.634094" lon="-149.577072">
				<ele>849.986633</ele>
				<time>2026-06-20T22:40:50Z</time>
			</trkpt>
			<trkpt lat="63.634056" lon="-149.577057">
				<ele>850.443909</ele>
				<time>2026-06-20T22:40:59Z</time>
			</trkpt>
			<trkpt lat="63.634033" lon="-149.576996">
				<ele>849.147522</ele>
				<time>2026-06-20T22:41:03Z</time>
			</trkpt>
			<trkpt lat="63.634033" lon="-149.576996">
				<ele>849.147522</ele>
				<time>2026-06-20T22:41:03Z</time>
			</trkpt>
			<trkpt lat="63.634041" lon="-149.57692">
				<ele>848.60498</ele>
				<time>2026-06-20T22:41:07Z</time>
			</trkpt>
			<trkpt lat="63.634014" lon="-149.576889">
				<ele>848.729797</ele>
				<time>2026-06-20T22:41:13Z</time>
			</trkpt>
			<trkpt lat="63.63401" lon="-149.576813">
				<ele>848.301514</ele>
				<time>2026-06-20T22:41:21Z</time>
			</trkpt>
			<trkpt lat="63.633961" lon="-149.576813">
				<ele>850.390808</ele>
				<time>2026-06-20T22:41:44Z</time>
			</trkpt>
			<trkpt lat="63.633961" lon="-149.576813">
				<ele>850.390808</ele>
				<time>2026-06-20T22:41:44Z</time>
			</trkpt>
			<trkpt lat="63.633919" lon="-149.576752">
				<ele>850.816589</ele>
				<time>2026-06-20T22:41:53Z</time>
			</trkpt>
			<trkpt lat="63.633877" lon="-149.576752">
				<ele>856.889893</ele>
				<time>2026-06-20T22:42:03Z</time>
			</trkpt>
			<trkpt lat="63.633877" lon="-149.576752">
				<ele>856.889893</ele>
				<time>2026-06-20T22:42:03Z</time>
			</trkpt>
			<trkpt lat="63.63385" lon="-149.57666">
				<ele>853.643677</ele>
				<time>2026-06-20T22:42:13Z</time>
			</trkpt>
			<trkpt lat="63.633797" lon="-149.576645">
				<ele>851.476868</ele>
				<time>2026-06-20T22:42:30Z</time>
			</trkpt>
			<trkpt lat="63.633797" lon="-149.576645">
				<ele>851.476868</ele>
				<time>2026-06-20T22:42:30Z</time>
			</trkpt>
			<trkpt lat="63.633751" lon="-149.576599">
				<ele>853.112427</ele>
				<time>2026-06-20T22:42:39Z</time>
			</trkpt>
			<trkpt lat="63.633739" lon="-149.576508">
				<ele>851.390869</ele>
				<time>2026-06-20T22:42:48Z</time>
			</trkpt>
			<trkpt lat="63.633709" lon="-149.576431">
				<ele>852.395081</ele>
				<time>2026-06-20T22:42:55Z</time>
			</trkpt>
			<trkpt lat="63.633709" lon="-149.576431">
				<ele>852.395081</ele>
				<time>2026-06-20T22:42:55Z</time>
			</trkpt>
			<trkpt lat="63.633625" lon="-149.576492">
				<ele>851.757019</ele>
				<time>2026-06-20T22:44:16Z</time>
			</trkpt>
			<trkpt lat="63.633625" lon="-149.576492">
				<ele>851.757019</ele>
				<time>2026-06-20T22:44:16Z</time>
			</trkpt>
			<trkpt lat="63.633568" lon="-149.576523">
				<ele>852.415222</ele>
				<time>2026-06-20T22:44:26Z</time>
			</trkpt>
			<trkpt lat="63.633518" lon="-149.576492">
				<ele>852.149719</ele>
				<time>2026-06-20T22:44:31Z</time>
			</trkpt>
			<trkpt lat="63.633514" lon="-149.57637">
				<ele>852.004333</ele>
				<time>2026-06-20T22:44:40Z</time>
			</trkpt>
			<trkpt lat="63.633514" lon="-149.57637">
				<ele>852.004333</ele>
				<time>2026-06-20T22:44:40Z</time>
			</trkpt>
			<trkpt lat="63.633472" lon="-149.57637">
				<ele>852.447083</ele>
				<time>2026-06-20T22:44:50Z</time>
			</trkpt>
			<trkpt lat="63.633438" lon="-149.576324">
				<ele>851.635315</ele>
				<time>2026-06-20T22:44:59Z</time>
			</trkpt>
			<trkpt lat="63.633438" lon="-149.576324">
				<ele>851.635315</ele>
				<time>2026-06-20T22:44:59Z</time>
			</trkpt>
			<trkpt lat="63.633389" lon="-149.576294">
				<ele>852.457153</ele>
				<time>2026-06-20T22:45:15Z</time>
			</trkpt>
			<trkpt lat="63.633354" lon="-149.576202">
				<ele>849.108093</ele>
				<time>2026-06-20T22:45:27Z</time>
			</trkpt>
			<trkpt lat="63.633354" lon="-149.576202">
				<ele>849.108093</ele>
				<time>2026-06-20T22:45:27Z</time>
			</trkpt>
			<trkpt lat="63.633312" lon="-149.576218">
				<ele>852.578979</ele>
				<time>2026-06-20T22:45:45Z</time>
			</trkpt>
			<trkpt lat="63.633282" lon="-149.576172">
				<ele>851.931335</ele>
				<time>2026-06-20T22:45:49Z</time>
			</trkpt>
			<trkpt lat="63.633282" lon="-149.576172">
				<ele>851.931335</ele>
				<time>2026-06-20T22:45:49Z</time>
			</trkpt>
			<trkpt lat="63.633247" lon="-149.576141">
				<ele>851.735535</ele>
				<time>2026-06-20T22:45:54Z</time>
			</trkpt>
			<trkpt lat="63.633213" lon="-149.576202">
				<ele>851.737244</ele>
				<time>2026-06-20T22:46:11Z</time>
			</trkpt>
			<trkpt lat="63.633213" lon="-149.576202">
				<ele>851.737244</ele>
				<time>2026-06-20T22:46:11Z</time>
			</trkpt>
			<trkpt lat="63.633171" lon="-149.576202">
				<ele>851.984253</ele>
				<time>2026-06-20T22:46:14Z</time>
			</trkpt>
			<trkpt lat="63.633141" lon="-149.576248">
				<ele>852.780334</ele>
				<time>2026-06-20T22:46:19Z</time>
			</trkpt>
			<trkpt lat="63.633106" lon="-149.576263">
				<ele>853.599854</ele>
				<time>2026-06-20T22:46:26Z</time>
			</trkpt>
			<trkpt lat="63.633068" lon="-149.576233">
				<ele>851.867065</ele>
				<time>2026-06-20T22:46:31Z</time>
			</trkpt>
			<trkpt lat="63.633068" lon="-149.576233">
				<ele>851.867065</ele>
				<time>2026-06-20T22:46:31Z</time>
			</trkpt>
			<trkpt lat="63.633034" lon="-149.576233">
				<ele>853.263306</ele>
				<time>2026-06-20T22:46:37Z</time>
			</trkpt>
			<trkpt lat="63.633007" lon="-149.576202">
				<ele>853.607422</ele>
				<time>2026-06-20T22:46:42Z</time>
			</trkpt>
			<trkpt lat="63.632988" lon="-149.576126">
				<ele>852.781006</ele>
				<time>2026-06-20T22:46:54Z</time>
			</trkpt>
			<trkpt lat="63.632988" lon="-149.576126">
				<ele>852.781006</ele>
				<time>2026-06-20T22:46:54Z</time>
			</trkpt>
			<trkpt lat="63.632957" lon="-149.576126">
				<ele>853.165161</ele>
				<time>2026-06-20T22:47:03Z</time>
			</trkpt>
			<trkpt lat="63.632912" lon="-149.576096">
				<ele>849.57019</ele>
				<time>2026-06-20T22:47:49Z</time>
			</trkpt>
			<trkpt lat="63.632912" lon="-149.576096">
				<ele>849.57019</ele>
				<time>2026-06-20T22:47:49Z</time>
			</trkpt>
			<trkpt lat="63.632866" lon="-149.576141">
				<ele>850.082764</ele>
				<time>2026-06-20T22:48:17Z</time>
			</trkpt>
			<trkpt lat="63.632866" lon="-149.576141">
				<ele>850.082764</ele>
				<time>2026-06-20T22:48:17Z</time>
			</trkpt>
			<trkpt lat="63.632816" lon="-149.576065">
				<ele>850.931458</ele>
				<time>2026-06-20T22:48:40Z</time>
			</trkpt>
			<trkpt lat="63.632816" lon="-149.576065">
				<ele>850.931458</ele>
				<time>2026-06-20T22:48:40Z</time>
			</trkpt>
			<trkpt lat="63.632763" lon="-149.57608">
				<ele>849.502319</ele>
				<time>2026-06-20T22:48:50Z</time>
			</trkpt>
			<trkpt lat="63.632729" lon="-149.576019">
				<ele>850.942444</ele>
				<time>2026-06-20T22:48:57Z</time>
			</trkpt>
			<trkpt lat="63.632694" lon="-149.575989">
				<ele>851.16333</ele>
				<time>2026-06-20T22:49:06Z</time>
			</trkpt>
			<trkpt lat="63.632694" lon="-149.575989">
				<ele>851.16333</ele>
				<time>2026-06-20T22:49:06Z</time>
			</trkpt>
			<trkpt lat="63.632652" lon="-149.575958">
				<ele>850.847961</ele>
				<time>2026-06-20T22:49:12Z</time>
			</trkpt>
			<trkpt lat="63.632614" lon="-149.575974">
				<ele>852.108765</ele>
				<time>2026-06-20T22:49:19Z</time>
			</trkpt>
			<trkpt lat="63.632587" lon="-149.575943">
				<ele>851.588135</ele>
				<time>2026-06-20T22:49:24Z</time>
			</trkpt>
			<trkpt lat="63.632584" lon="-149.575867">
				<ele>851.876038</ele>
				<time>2026-06-20T22:49:27Z</time>
			</trkpt>
			<trkpt lat="63.632584" lon="-149.575867">
				<ele>851.876038</ele>
				<time>2026-06-20T22:49:27Z</time>
			</trkpt>
			<trkpt lat="63.63258" lon="-149.57579">
				<ele>850.466919</ele>
				<time>2026-06-20T22:49:40Z</time>
			</trkpt>
			<trkpt lat="63.632549" lon="-149.575775">
				<ele>850.990417</ele>
				<time>2026-06-20T22:49:46Z</time>
			</trkpt>
			<trkpt lat="63.632526" lon="-149.575821">
				<ele>849.857178</ele>
				<time>2026-06-20T22:49:49Z</time>
			</trkpt>
			<trkpt lat="63.632526" lon="-149.575821">
				<ele>849.857178</ele>
				<time>2026-06-20T22:49:49Z</time>
			</trkpt>
			<trkpt lat="63.632507" lon="-149.575882">
				<ele>850.13031</ele>
				<time>2026-06-20T22:49:52Z</time>
			</trkpt>
			<trkpt lat="63.632484" lon="-149.575821">
				<ele>850.273376</ele>
				<time>2026-06-20T22:49:56Z</time>
			</trkpt>
			<trkpt lat="63.632454" lon="-149.57576">
				<ele>849.345642</ele>
				<time>2026-06-20T22:50:00Z</time>
			</trkpt>
			<trkpt lat="63.632423" lon="-149.575745">
				<ele>851.423157</ele>
				<time>2026-06-20T22:50:04Z</time>
			</trkpt>
			<trkpt lat="63.632412" lon="-149.575668">
				<ele>850.522095</ele>
				<time>2026-06-20T22:50:07Z</time>
			</trkpt>
			<trkpt lat="63.632408" lon="-149.575592">
				<ele>850.931396</ele>
				<time>2026-06-20T22:50:11Z</time>
			</trkpt>
			<trkpt lat="63.632408" lon="-149.575592">
				<ele>850.931396</ele>
				<time>2026-06-20T22:50:11Z</time>
			</trkpt>
			<trkpt lat="63.632374" lon="-149.575562">
				<ele>850.179565</ele>
				<time>2026-06-20T22:50:20Z</time>
			</trkpt>
			<trkpt lat="63.632339" lon="-149.575531">
				<ele>849.684875</ele>
				<time>2026-06-20T22:50:24Z</time>
			</trkpt>
			<trkpt lat="63.63232" lon="-149.575485">
				<ele>849.933655</ele>
				<time>2026-06-20T22:50:28Z</time>
			</trkpt>
			<trkpt lat="63.63229" lon="-149.575455">
				<ele>850.614807</ele>
				<time>2026-06-20T22:50:32Z</time>
			</trkpt>
			<trkpt lat="63.63229" lon="-149.575455">
				<ele>850.614807</ele>
				<time>2026-06-20T22:50:32Z</time>
			</trkpt>
			<trkpt lat="63.632259" lon="-149.575455">
				<ele>851.927856</ele>
				<time>2026-06-20T22:50:42Z</time>
			</trkpt>
			<trkpt lat="63.632225" lon="-149.575439">
				<ele>852.451294</ele>
				<time>2026-06-20T22:50:46Z</time>
			</trkpt>
			<trkpt lat="63.632229" lon="-149.575378">
				<ele>851.750183</ele>
				<time>2026-06-20T22:50:50Z</time>
			</trkpt>
			<trkpt lat="63.632217" lon="-149.575302">
				<ele>852.466431</ele>
				<time>2026-06-20T22:50:55Z</time>
			</trkpt>
			<trkpt lat="63.632217" lon="-149.575302">
				<ele>852.466431</ele>
				<time>2026-06-20T22:50:55Z</time>
			</trkpt>
			<trkpt lat="63.632187" lon="-149.575272">
				<ele>851.784241</ele>
				<time>2026-06-20T22:51:01Z</time>
			</trkpt>
			<trkpt lat="63.632149" lon="-149.575287">
				<ele>851.914612</ele>
				<time>2026-06-20T22:51:07Z</time>
			</trkpt>
			<trkpt lat="63.632141" lon="-149.575211">
				<ele>850.780823</ele>
				<time>2026-06-20T22:51:16Z</time>
			</trkpt>
			<trkpt lat="63.632141" lon="-149.575211">
				<ele>850.780823</ele>
				<time>2026-06-20T22:51:16Z</time>
			</trkpt>
			<trkpt lat="63.632114" lon="-149.57518">
				<ele>850.981812</ele>
				<time>2026-06-20T22:51:21Z</time>
			</trkpt>
			<trkpt lat="63.632088" lon="-149.575195">
				<ele>850.078369</ele>
				<time>2026-06-20T22:51:26Z</time>
			</trkpt>
			<trkpt lat="63.632076" lon="-149.575134">
				<ele>850.588318</ele>
				<time>2026-06-20T22:51:32Z</time>
			</trkpt>
			<trkpt lat="63.632069" lon="-149.575073">
				<ele>853.020752</ele>
				<time>2026-06-20T22:51:36Z</time>
			</trkpt>
			<trkpt lat="63.632069" lon="-149.575073">
				<ele>853.020752</ele>
				<time>2026-06-20T22:51:36Z</time>
			</trkpt>
			<trkpt lat="63.632046" lon="-149.575027">
				<ele>851.828247</ele>
				<time>2026-06-20T22:51:41Z</time>
			</trkpt>
			<trkpt lat="63.632015" lon="-149.575027">
				<ele>848.24292</ele>
				<time>2026-06-20T22:51:48Z</time>
			</trkpt>
			<trkpt lat="63.631981" lon="-149.575073">
				<ele>850.955933</ele>
				<time>2026-06-20T22:51:54Z</time>
			</trkpt>
			<trkpt lat="63.631962" lon="-149.575012">
				<ele>850.07489</ele>
				<time>2026-06-20T22:51:59Z</time>
			</trkpt>
			<trkpt lat="63.631962" lon="-149.575012">
				<ele>850.07489</ele>
				<time>2026-06-20T22:51:59Z</time>
			</trkpt>
			<trkpt lat="63.631931" lon="-149.574997">
				<ele>852.00293</ele>
				<time>2026-06-20T22:52:04Z</time>
			</trkpt>
			<trkpt lat="63.631905" lon="-149.575058">
				<ele>852.272461</ele>
				<time>2026-06-20T22:52:12Z</time>
			</trkpt>
			<trkpt lat="63.631889" lon="-149.574966">
				<ele>852.844727</ele>
				<time>2026-06-20T22:52:29Z</time>
			</trkpt>
			<trkpt lat="63.631889" lon="-149.574966">
				<ele>852.844727</ele>
				<time>2026-06-20T22:52:29Z</time>
			</trkpt>
			<trkpt lat="63.631844" lon="-149.574921">
				<ele>852.130066</ele>
				<time>2026-06-20T22:52:41Z</time>
			</trkpt>
			<trkpt lat="63.631817" lon="-149.57486">
				<ele>850.086487</ele>
				<time>2026-06-20T22:52:50Z</time>
			</trkpt>
			<trkpt lat="63.631817" lon="-149.57486">
				<ele>850.086487</ele>
				<time>2026-06-20T22:52:50Z</time>
			</trkpt>
			<trkpt lat="63.631756" lon="-149.574829">
				<ele>852.669006</ele>
				<time>2026-06-20T22:53:13Z</time>
			</trkpt>
			<trkpt lat="63.631756" lon="-149.574829">
				<ele>852.669006</ele>
				<time>2026-06-20T22:53:13Z</time>
			</trkpt>
			<trkpt lat="63.631744" lon="-149.574692">
				<ele>852.156189</ele>
				<time>2026-06-20T22:53:29Z</time>
			</trkpt>
			<trkpt lat="63.631672" lon="-149.574631">
				<ele>850.976929</ele>
				<time>2026-06-20T22:54:13Z</time>
			</trkpt>
			<trkpt lat="63.631672" lon="-149.574631">
				<ele>850.976929</ele>
				<time>2026-06-20T22:54:13Z</time>
			</trkpt>
			<trkpt lat="63.631725" lon="-149.574677">
				<ele>853.921631</ele>
				<time>2026-06-20T22:59:05Z</time>
			</trkpt>
			<trkpt lat="63.631725" lon="-149.574677">
				<ele>853.921631</ele>
				<time>2026-06-20T22:59:05Z</time>
			</trkpt>
			<trkpt lat="63.631763" lon="-149.574753">
				<ele>854.248474</ele>
				<time>2026-06-20T22:59:37Z</time>
			</trkpt>
			<trkpt lat="63.631763" lon="-149.574753">
				<ele>854.248474</ele>
				<time>2026-06-20T22:59:37Z</time>
			</trkpt>
			<trkpt lat="63.631813" lon="-149.574707">
				<ele>852.762085</ele>
				<time>2026-06-20T23:01:41Z</time>
			</trkpt>
			<trkpt lat="63.631813" lon="-149.574707">
				<ele>852.762085</ele>
				<time>2026-06-20T23:01:41Z</time>
			</trkpt>
			<trkpt lat="63.631878" lon="-149.574814">
				<ele>851.415955</ele>
				<time>2026-06-20T23:02:38Z</time>
			</trkpt>
			<trkpt lat="63.631878" lon="-149.574814">
				<ele>851.415955</ele>
				<time>2026-06-20T23:02:38Z</time>
			</trkpt>
			<trkpt lat="63.631912" lon="-149.574921">
				<ele>851.149414</ele>
				<time>2026-06-20T23:02:46Z</time>
			</trkpt>
			<trkpt lat="63.631969" lon="-149.574966">
				<ele>853.226624</ele>
				<time>2026-06-20T23:02:55Z</time>
			</trkpt>
			<trkpt lat="63.632027" lon="-149.575012">
				<ele>849.901245</ele>
				<time>2026-06-20T23:03:03Z</time>
			</trkpt>
			<trkpt lat="63.632027" lon="-149.575012">
				<ele>849.901245</ele>
				<time>2026-06-20T23:03:03Z</time>
			</trkpt>
			<trkpt lat="63.632072" lon="-149.574982">
				<ele>847.30072</ele>
				<time>2026-06-20T23:03:14Z</time>
			</trkpt>
			<trkpt lat="63.632088" lon="-149.575058">
				<ele>854.230225</ele>
				<time>2026-06-20T23:03:49Z</time>
			</trkpt>
			<trkpt lat="63.632088" lon="-149.575058">
				<ele>854.230225</ele>
				<time>2026-06-20T23:03:49Z</time>
			</trkpt>
			<trkpt lat="63.63216" lon="-149.575027">
				<ele>849.733765</ele>
				<time>2026-06-20T23:04:44Z</time>
			</trkpt>
			<trkpt lat="63.63216" lon="-149.575027">
				<ele>849.733765</ele>
				<time>2026-06-20T23:04:44Z</time>
			</trkpt>
			<trkpt lat="63.632244" lon="-149.575043">
				<ele>849.062439</ele>
				<time>2026-06-20T23:08:13Z</time>
			</trkpt>
			<trkpt lat="63.632244" lon="-149.575043">
				<ele>849.062439</ele>
				<time>2026-06-20T23:08:13Z</time>
			</trkpt>
			<trkpt lat="63.632309" lon="-149.575104">
				<ele>851.03302</ele>
				<time>2026-06-20T23:08:21Z</time>
			</trkpt>
			<trkpt lat="63.632309" lon="-149.575195">
				<ele>855.200317</ele>
				<time>2026-06-20T23:09:08Z</time>
			</trkpt>
			<trkpt lat="63.632309" lon="-149.575195">
				<ele>855.200317</ele>
				<time>2026-06-20T23:09:08Z</time>
			</trkpt>
			<trkpt lat="63.632347" lon="-149.575241">
				<ele>850.730896</ele>
				<time>2026-06-20T23:09:26Z</time>
			</trkpt>
			<trkpt lat="63.632362" lon="-149.575317">
				<ele>850.180298</ele>
				<time>2026-06-20T23:09:31Z</time>
			</trkpt>
			<trkpt lat="63.632362" lon="-149.575317">
				<ele>850.180298</ele>
				<time>2026-06-20T23:09:31Z</time>
			</trkpt>
			<trkpt lat="63.63242" lon="-149.575333">
				<ele>847.92334</ele>
				<time>2026-06-20T23:10:00Z</time>
			</trkpt>
			<trkpt lat="63.63242" lon="-149.575333">
				<ele>847.92334</ele>
				<time>2026-06-20T23:10:00Z</time>
			</trkpt>
			<trkpt lat="63.632446" lon="-149.575409">
				<ele>847.348572</ele>
				<time>2026-06-20T23:10:09Z</time>
			</trkpt>
			<trkpt lat="63.632477" lon="-149.575485">
				<ele>846.616821</ele>
				<time>2026-06-20T23:10:17Z</time>
			</trkpt>
			<trkpt lat="63.632458" lon="-149.575562">
				<ele>847.748901</ele>
				<time>2026-06-20T23:10:20Z</time>
			</trkpt>
			<trkpt lat="63.632458" lon="-149.575562">
				<ele>847.748901</ele>
				<time>2026-06-20T23:10:20Z</time>
			</trkpt>
			<trkpt lat="63.6325" lon="-149.575562">
				<ele>846.77832</ele>
				<time>2026-06-20T23:10:27Z</time>
			</trkpt>
			<trkpt lat="63.632534" lon="-149.575592">
				<ele>846.374329</ele>
				<time>2026-06-20T23:10:31Z</time>
			</trkpt>
			<trkpt lat="63.632538" lon="-149.575699">
				<ele>847.856262</ele>
				<time>2026-06-20T23:10:35Z</time>
			</trkpt>
			<trkpt lat="63.632572" lon="-149.575668">
				<ele>847.167419</ele>
				<time>2026-06-20T23:10:42Z</time>
			</trkpt>
			<trkpt lat="63.632572" lon="-149.575668">
				<ele>847.167419</ele>
				<time>2026-06-20T23:10:42Z</time>
			</trkpt>
			<trkpt lat="63.632607" lon="-149.575714">
				<ele>845.113525</ele>
				<time>2026-06-20T23:10:51Z</time>
			</trkpt>
			<trkpt lat="63.632595" lon="-149.575806">
				<ele>847.291748</ele>
				<time>2026-06-20T23:10:55Z</time>
			</trkpt>
			<trkpt lat="63.632618" lon="-149.575882">
				<ele>848.341125</ele>
				<time>2026-06-20T23:11:10Z</time>
			</trkpt>
			<trkpt lat="63.632618" lon="-149.575882">
				<ele>848.341125</ele>
				<time>2026-06-20T23:11:10Z</time>
			</trkpt>
			<trkpt lat="63.632648" lon="-149.575974">
				<ele>848.540161</ele>
				<time>2026-06-20T23:11:20Z</time>
			</trkpt>
			<trkpt lat="63.63269" lon="-149.575989">
				<ele>848.062317</ele>
				<time>2026-06-20T23:11:29Z</time>
			</trkpt>
			<trkpt lat="63.63269" lon="-149.575989">
				<ele>848.062317</ele>
				<time>2026-06-20T23:11:29Z</time>
			</trkpt>
			<trkpt lat="63.632729" lon="-149.575974">
				<ele>849.482361</ele>
				<time>2026-06-20T23:11:37Z</time>
			</trkpt>
			<trkpt lat="63.632778" lon="-149.575928">
				<ele>853.233032</ele>
				<time>2026-06-20T23:11:51Z</time>
			</trkpt>
			<trkpt lat="63.63274" lon="-149.575989">
				<ele>851.319885</ele>
				<time>2026-06-20T23:12:01Z</time>
			</trkpt>
			<trkpt lat="63.63274" lon="-149.575989">
				<ele>851.319885</ele>
				<time>2026-06-20T23:12:01Z</time>
			</trkpt>
			<trkpt lat="63.63279" lon="-149.575974">
				<ele>850.051819</ele>
				<time>2026-06-20T23:12:30Z</time>
			</trkpt>
			<trkpt lat="63.632824" lon="-149.575912">
				<ele>848.123047</ele>
				<time>2026-06-20T23:12:41Z</time>
			</trkpt>
			<trkpt lat="63.632824" lon="-149.575912">
				<ele>848.123047</ele>
				<time>2026-06-20T23:12:41Z</time>
			</trkpt>
			<trkpt lat="63.632858" lon="-149.575912">
				<ele>849.324646</ele>
				<time>2026-06-20T23:12:48Z</time>
			</trkpt>
			<trkpt lat="63.632889" lon="-149.575806">
				<ele>858.104675</ele>
				<time>2026-06-20T23:13:52Z</time>
			</trkpt>
			<trkpt lat="63.632889" lon="-149.575806">
				<ele>858.104675</ele>
				<time>2026-06-20T23:13:52Z</time>
			</trkpt>
			<trkpt lat="63.632912" lon="-149.575668">
				<ele>858.943054</ele>
				<time>2026-06-20T23:14:27Z</time>
			</trkpt>
			<trkpt lat="63.632912" lon="-149.575668">
				<ele>858.943054</ele>
				<time>2026-06-20T23:14:27Z</time>
			</trkpt>
			<trkpt lat="63.632877" lon="-149.575546">
				<ele>862.71051</ele>
				<time>2026-06-20T23:14:50Z</time>
			</trkpt>
			<trkpt lat="63.632877" lon="-149.575546">
				<ele>862.71051</ele>
				<time>2026-06-20T23:14:50Z</time>
			</trkpt>
			<trkpt lat="63.632824" lon="-149.575485">
				<ele>862.485535</ele>
				<time>2026-06-20T23:15:11Z</time>
			</trkpt>
			<trkpt lat="63.632824" lon="-149.575485">
				<ele>862.485535</ele>
				<time>2026-06-20T23:15:11Z</time>
			</trkpt>
			<trkpt lat="63.632778" lon="-149.575516">
				<ele>863.791077</ele>
				<time>2026-06-20T23:15:21Z</time>
			</trkpt>
			<trkpt lat="63.632744" lon="-149.575439">
				<ele>864.589417</ele>
				<time>2026-06-20T23:15:28Z</time>
			</trkpt>
			<trkpt lat="63.632725" lon="-149.575302">
				<ele>865.258423</ele>
				<time>2026-06-20T23:15:35Z</time>
			</trkpt>
			<trkpt lat="63.632725" lon="-149.575302">
				<ele>865.258423</ele>
				<time>2026-06-20T23:15:35Z</time>
			</trkpt>
			<trkpt lat="63.632702" lon="-149.575241">
				<ele>866.17395</ele>
				<time>2026-06-20T23:15:43Z</time>
			</trkpt>
			<trkpt lat="63.632717" lon="-149.575333">
				<ele>866.523865</ele>
				<time>2026-06-20T23:15:54Z</time>
			</trkpt>
			<trkpt lat="63.632744" lon="-149.575394">
				<ele>868.459534</ele>
				<time>2026-06-20T23:16:00Z</time>
			</trkpt>
			<trkpt lat="63.632736" lon="-149.575317">
				<ele>866.452454</ele>
				<time>2026-06-20T23:16:15Z</time>
			</trkpt>
			<trkpt lat="63.632736" lon="-149.575317">
				<ele>866.452454</ele>
				<time>2026-06-20T23:16:15Z</time>
			</trkpt>
			<trkpt lat="63.632744" lon="-149.575226">
				<ele>866.330994</ele>
				<time>2026-06-20T23:16:19Z</time>
			</trkpt>
			<trkpt lat="63.632751" lon="-149.575134">
				<ele>868.299927</ele>
				<time>2026-06-20T23:16:29Z</time>
			</trkpt>
			<trkpt lat="63.632717" lon="-149.575089">
				<ele>870.36676</ele>
				<time>2026-06-20T23:16:34Z</time>
			</trkpt>
			<trkpt lat="63.632717" lon="-149.575089">
				<ele>870.36676</ele>
				<time>2026-06-20T23:16:34Z</time>
			</trkpt>
			<trkpt lat="63.632721" lon="-149.574997">
				<ele>871.417358</ele>
				<time>2026-06-20T23:16:39Z</time>
			</trkpt>
			<trkpt lat="63.632755" lon="-149.57489">
				<ele>869.45813</ele>
				<time>2026-06-20T23:21:18Z</time>
			</trkpt>
			<trkpt lat="63.632755" lon="-149.57489">
				<ele>869.45813</ele>
				<time>2026-06-20T23:21:18Z</time>
			</trkpt>
			<trkpt lat="63.632751" lon="-149.574783">
				<ele>867.103149</ele>
				<time>2026-06-20T23:21:30Z</time>
			</trkpt>
			<trkpt lat="63.632729" lon="-149.574707">
				<ele>867.220093</ele>
				<time>2026-06-20T23:21:54Z</time>
			</trkpt>
			<trkpt lat="63.632729" lon="-149.574707">
				<ele>867.220093</ele>
				<time>2026-06-20T23:21:54Z</time>
			</trkpt>
			<trkpt lat="63.632732" lon="-149.574615">
				<ele>868.363403</ele>
				<time>2026-06-20T23:21:59Z</time>
			</trkpt>
			<trkpt lat="63.632706" lon="-149.574554">
				<ele>867.915466</ele>
				<time>2026-06-20T23:22:09Z</time>
			</trkpt>
			<trkpt lat="63.632675" lon="-149.574493">
				<ele>870.02655</ele>
				<time>2026-06-20T23:22:19Z</time>
			</trkpt>
			<trkpt lat="63.632675" lon="-149.574493">
				<ele>870.02655</ele>
				<time>2026-06-20T23:22:19Z</time>
			</trkpt>
			<trkpt lat="63.632668" lon="-149.574387">
				<ele>870.89447</ele>
				<time>2026-06-20T23:22:26Z</time>
			</trkpt>
			<trkpt lat="63.632652" lon="-149.574265">
				<ele>871.030762</ele>
				<time>2026-06-20T23:22:40Z</time>
			</trkpt>
			<trkpt lat="63.632652" lon="-149.574265">
				<ele>871.030762</ele>
				<time>2026-06-20T23:22:40Z</time>
			</trkpt>
			<trkpt lat="63.632618" lon="-149.574188">
				<ele>868.291687</ele>
				<time>2026-06-20T23:22:51Z</time>
			</trkpt>
			<trkpt lat="63.632603" lon="-149.574081">
				<ele>871.507141</ele>
				<time>2026-06-20T23:23:02Z</time>
			</trkpt>
			<trkpt lat="63.632603" lon="-149.574081">
				<ele>871.507141</ele>
				<time>2026-06-20T23:23:02Z</time>
			</trkpt>
			<trkpt lat="63.632587" lon="-149.57399">
				<ele>871.289612</ele>
				<time>2026-06-20T23:23:11Z</time>
			</trkpt>
			<trkpt lat="63.632553" lon="-149.573929">
				<ele>871.855164</ele>
				<time>2026-06-20T23:23:25Z</time>
			</trkpt>
			<trkpt lat="63.632553" lon="-149.573929">
				<ele>871.855164</ele>
				<time>2026-06-20T23:23:25Z</time>
			</trkpt>
			<trkpt lat="63.632542" lon="-149.573837">
				<ele>871.832092</ele>
				<time>2026-06-20T23:23:32Z</time>
			</trkpt>
			<trkpt lat="63.632523" lon="-149.573761">
				<ele>872.078552</ele>
				<time>2026-06-20T23:23:41Z</time>
			</trkpt>
			<trkpt lat="63.632523" lon="-149.573685">
				<ele>871.899902</ele>
				<time>2026-06-20T23:23:49Z</time>
			</trkpt>
			<trkpt lat="63.632523" lon="-149.573685">
				<ele>871.899902</ele>
				<time>2026-06-20T23:23:49Z</time>
			</trkpt>
			<trkpt lat="63.632534" lon="-149.573593">
				<ele>873.429932</ele>
				<time>2026-06-20T23:23:53Z</time>
			</trkpt>
			<trkpt lat="63.6325" lon="-149.573532">
				<ele>872.102112</ele>
				<time>2026-06-20T23:24:01Z</time>
			</trkpt>
			<trkpt lat="63.632477" lon="-149.573471">
				<ele>873.83252</ele>
				<time>2026-06-20T23:24:39Z</time>
			</trkpt>
			<trkpt lat="63.632477" lon="-149.573471">
				<ele>873.83252</ele>
				<time>2026-06-20T23:24:39Z</time>
			</trkpt>
			<trkpt lat="63.632462" lon="-149.57338">
				<ele>874.044556</ele>
				<time>2026-06-20T23:24:48Z</time>
			</trkpt>
			<trkpt lat="63.632423" lon="-149.573318">
				<ele>874.600281</ele>
				<time>2026-06-20T23:24:57Z</time>
			</trkpt>
			<trkpt lat="63.632385" lon="-149.573318">
				<ele>873.852539</ele>
				<time>2026-06-20T23:25:04Z</time>
			</trkpt>
			<trkpt lat="63.632385" lon="-149.573318">
				<ele>873.852539</ele>
				<time>2026-06-20T23:25:04Z</time>
			</trkpt>
			<trkpt lat="63.632343" lon="-149.573288">
				<ele>874.141418</ele>
				<time>2026-06-20T23:25:34Z</time>
			</trkpt>
			<trkpt lat="63.632309" lon="-149.573196">
				<ele>874.958557</ele>
				<time>2026-06-20T23:25:43Z</time>
			</trkpt>
			<trkpt lat="63.632309" lon="-149.573196">
				<ele>874.958557</ele>
				<time>2026-06-20T23:25:43Z</time>
			</trkpt>
			<trkpt lat="63.632263" lon="-149.573151">
				<ele>874.976685</ele>
				<time>2026-06-20T23:25:51Z</time>
			</trkpt>
			<trkpt lat="63.632217" lon="-149.573074">
				<ele>875.24231</ele>
				<time>2026-06-20T23:26:03Z</time>
			</trkpt>
			<trkpt lat="63.632217" lon="-149.573074">
				<ele>875.24231</ele>
				<time>2026-06-20T23:26:03Z</time>
			</trkpt>
			<trkpt lat="63.63216" lon="-149.572998">
				<ele>877.187988</ele>
				<time>2026-06-20T23:30:33Z</time>
			</trkpt>
			<trkpt lat="63.63216" lon="-149.572998">
				<ele>877.187988</ele>
				<time>2026-06-20T23:30:33Z</time>
			</trkpt>
			<trkpt lat="63.632114" lon="-149.572983">
				<ele>877.714783</ele>
				<time>2026-06-20T23:30:52Z</time>
			</trkpt>
			<trkpt lat="63.632072" lon="-149.572952">
				<ele>879.540833</ele>
				<time>2026-06-20T23:31:39Z</time>
			</trkpt>
			<trkpt lat="63.632072" lon="-149.572952">
				<ele>879.540833</ele>
				<time>2026-06-20T23:31:39Z</time>
			</trkpt>
			<trkpt lat="63.632027" lon="-149.572906">
				<ele>879.138062</ele>
				<time>2026-06-20T23:31:47Z</time>
			</trkpt>
			<trkpt lat="63.631989" lon="-149.572845">
				<ele>878.647583</ele>
				<time>2026-06-20T23:31:54Z</time>
			</trkpt>
			<trkpt lat="63.631947" lon="-149.572845">
				<ele>879.805725</ele>
				<time>2026-06-20T23:32:05Z</time>
			</trkpt>
			<trkpt lat="63.631947" lon="-149.572845">
				<ele>879.805725</ele>
				<time>2026-06-20T23:32:05Z</time>
			</trkpt>
			<trkpt lat="63.631908" lon="-149.572769">
				<ele>879.234314</ele>
				<time>2026-06-20T23:32:15Z</time>
			</trkpt>
			<trkpt lat="63.631893" lon="-149.572662">
				<ele>881.672546</ele>
				<time>2026-06-20T23:32:23Z</time>
			</trkpt>
			<trkpt lat="63.631866" lon="-149.572556">
				<ele>880.588806</ele>
				<time>2026-06-20T23:32:38Z</time>
			</trkpt>
			<trkpt lat="63.631866" lon="-149.572556">
				<ele>880.588806</ele>
				<time>2026-06-20T23:32:38Z</time>
			</trkpt>
			<trkpt lat="63.631874" lon="-149.572464">
				<ele>880.496826</ele>
				<time>2026-06-20T23:32:47Z</time>
			</trkpt>
			<trkpt lat="63.631935" lon="-149.572388">
				<ele>879.82605</ele>
				<time>2026-06-20T23:36:08Z</time>
			</trkpt>
			<trkpt lat="63.631935" lon="-149.572388">
				<ele>879.82605</ele>
				<time>2026-06-20T23:36:08Z</time>
			</trkpt>
			<trkpt lat="63.631989" lon="-149.572296">
				<ele>879.442871</ele>
				<time>2026-06-20T23:36:23Z</time>
			</trkpt>
			<trkpt lat="63.632027" lon="-149.57222">
				<ele>877.249268</ele>
				<time>2026-06-20T23:36:36Z</time>
			</trkpt>
			<trkpt lat="63.632027" lon="-149.57222">
				<ele>877.249268</ele>
				<time>2026-06-20T23:36:36Z</time>
			</trkpt>
			<trkpt lat="63.632088" lon="-149.572067">
				<ele>878.938293</ele>
				<time>2026-06-20T23:37:12Z</time>
			</trkpt>
			<trkpt lat="63.632088" lon="-149.572067">
				<ele>878.938293</ele>
				<time>2026-06-20T23:37:12Z</time>
			</trkpt>
			<trkpt lat="63.632149" lon="-149.571991">
				<ele>877.366272</ele>
				<time>2026-06-20T23:37:43Z</time>
			</trkpt>
			<trkpt lat="63.632149" lon="-149.571991">
				<ele>877.366272</ele>
				<time>2026-06-20T23:37:43Z</time>
			</trkpt>
			<trkpt lat="63.632187" lon="-149.571869">
				<ele>875.845398</ele>
				<time>2026-06-20T23:38:03Z</time>
			</trkpt>
			<trkpt lat="63.632229" lon="-149.571716">
				<ele>873.166626</ele>
				<time>2026-06-20T23:38:35Z</time>
			</trkpt>
			<trkpt lat="63.632229" lon="-149.571716">
				<ele>873.166626</ele>
				<time>2026-06-20T23:38:35Z</time>
			</trkpt>
			<trkpt lat="63.632267" lon="-149.571625">
				<ele>872.846558</ele>
				<time>2026-06-20T23:38:46Z</time>
			</trkpt>
			<trkpt lat="63.632301" lon="-149.571548">
				<ele>873.690735</ele>
				<time>2026-06-20T23:38:56Z</time>
			</trkpt>
			<trkpt lat="63.632301" lon="-149.571548">
				<ele>873.690735</ele>
				<time>2026-06-20T23:38:56Z</time>
			</trkpt>
			<trkpt lat="63.63232" lon="-149.571457">
				<ele>872.109253</ele>
				<time>2026-06-20T23:39:03Z</time>
			</trkpt>
			<trkpt lat="63.632324" lon="-149.571365">
				<ele>871.918274</ele>
				<time>2026-06-20T23:39:19Z</time>
			</trkpt>
			<trkpt lat="63.632324" lon="-149.571365">
				<ele>871.918274</ele>
				<time>2026-06-20T23:39:19Z</time>
			</trkpt>
			<trkpt lat="63.632347" lon="-149.571289">
				<ele>871.582458</ele>
				<time>2026-06-20T23:39:26Z</time>
			</trkpt>
			<trkpt lat="63.632366" lon="-149.571213">
				<ele>870.57135</ele>
				<time>2026-06-20T23:39:36Z</time>
			</trkpt>
			<trkpt lat="63.632378" lon="-149.571152">
				<ele>870.856201</ele>
				<time>2026-06-20T23:39:41Z</time>
			</trkpt>
			<trkpt lat="63.632378" lon="-149.571152">
				<ele>870.856201</ele>
				<time>2026-06-20T23:39:41Z</time>
			</trkpt>
			<trkpt lat="63.632381" lon="-149.571075">
				<ele>870.306946</ele>
				<time>2026-06-20T23:39:44Z</time>
			</trkpt>
			<trkpt lat="63.632397" lon="-149.570999">
				<ele>870.490234</ele>
				<time>2026-06-20T23:39:51Z</time>
			</trkpt>
			<trkpt lat="63.63242" lon="-149.570938">
				<ele>869.771606</ele>
				<time>2026-06-20T23:39:59Z</time>
			</trkpt>
			<trkpt lat="63.632473" lon="-149.570816">
				<ele>869.075256</ele>
				<time>2026-06-20T23:41:02Z</time>
			</trkpt>
			<trkpt lat="63.632473" lon="-149.570816">
				<ele>869.075256</ele>
				<time>2026-06-20T23:41:02Z</time>
			</trkpt>
			<trkpt lat="63.632519" lon="-149.570724">
				<ele>868.235901</ele>
				<time>2026-06-20T23:41:11Z</time>
			</trkpt>
			<trkpt lat="63.632542" lon="-149.570602">
				<ele>868.46759</ele>
				<time>2026-06-20T23:41:17Z</time>
			</trkpt>
			<trkpt lat="63.632561" lon="-149.570511">
				<ele>869.283875</ele>
				<time>2026-06-20T23:41:25Z</time>
			</trkpt>
			<trkpt lat="63.632561" lon="-149.570511">
				<ele>869.283875</ele>
				<time>2026-06-20T23:41:25Z</time>
			</trkpt>
			<trkpt lat="63.632565" lon="-149.570404">
				<ele>867.324341</ele>
				<time>2026-06-20T23:41:34Z</time>
			</trkpt>
			<trkpt lat="63.632599" lon="-149.570343">
				<ele>866.531738</ele>
				<time>2026-06-20T23:41:39Z</time>
			</trkpt>
			<trkpt lat="63.632618" lon="-149.570267">
				<ele>865.572815</ele>
				<time>2026-06-20T23:41:52Z</time>
			</trkpt>
			<trkpt lat="63.632618" lon="-149.570267">
				<ele>865.572815</ele>
				<time>2026-06-20T23:41:52Z</time>
			</trkpt>
			<trkpt lat="63.632629" lon="-149.57019">
				<ele>865.455811</ele>
				<time>2026-06-20T23:41:58Z</time>
			</trkpt>
			<trkpt lat="63.632637" lon="-149.570114">
				<ele>866.490479</ele>
				<time>2026-06-20T23:42:02Z</time>
			</trkpt>
			<trkpt lat="63.632656" lon="-149.570038">
				<ele>866.79187</ele>
				<time>2026-06-20T23:42:07Z</time>
			</trkpt>
			<trkpt lat="63.632648" lon="-149.569946">
				<ele>866.268799</ele>
				<time>2026-06-20T23:42:15Z</time>
			</trkpt>
			<trkpt lat="63.632648" lon="-149.569946">
				<ele>866.268799</ele>
				<time>2026-06-20T23:42:15Z</time>
			</trkpt>
			<trkpt lat="63.632664" lon="-149.56987">
				<ele>863.780029</ele>
				<time>2026-06-20T23:42:22Z</time>
			</trkpt>
			<trkpt lat="63.632656" lon="-149.569794">
				<ele>864.146057</ele>
				<time>2026-06-20T23:42:27Z</time>
			</trkpt>
			<trkpt lat="63.632645" lon="-149.569702">
				<ele>864.509521</ele>
				<time>2026-06-20T23:42:31Z</time>
			</trkpt>
			<trkpt lat="63.632637" lon="-149.569626">
				<ele>863.402771</ele>
				<time>2026-06-20T23:42:39Z</time>
			</trkpt>
			<trkpt lat="63.632637" lon="-149.569626">
				<ele>863.402771</ele>
				<time>2026-06-20T23:42:39Z</time>
			</trkpt>
			<trkpt lat="63.63269" lon="-149.569687">
				<ele>862.155457</ele>
				<time>2026-06-20T23:43:26Z</time>
			</trkpt>
			<trkpt lat="63.63269" lon="-149.569687">
				<ele>862.155457</ele>
				<time>2026-06-20T23:43:26Z</time>
			</trkpt>
			<trkpt lat="63.632744" lon="-149.569748">
				<ele>861.534546</ele>
				<time>2026-06-20T23:43:37Z</time>
			</trkpt>
			<trkpt lat="63.632801" lon="-149.569748">
				<ele>861.104065</ele>
				<time>2026-06-20T23:43:44Z</time>
			</trkpt>
			<trkpt lat="63.632843" lon="-149.569763">
				<ele>862.747681</ele>
				<time>2026-06-20T23:43:48Z</time>
			</trkpt>
			<trkpt lat="63.632843" lon="-149.569763">
				<ele>862.747681</ele>
				<time>2026-06-20T23:43:48Z</time>
			</trkpt>
			<trkpt lat="63.632851" lon="-149.569855">
				<ele>862.672424</ele>
				<time>2026-06-20T23:43:54Z</time>
			</trkpt>
			<trkpt lat="63.632885" lon="-149.569901">
				<ele>862.395874</ele>
				<time>2026-06-20T23:44:04Z</time>
			</trkpt>
			<trkpt lat="63.632915" lon="-149.569977">
				<ele>860.887268</ele>
				<time>2026-06-20T23:44:12Z</time>
			</trkpt>
			<trkpt lat="63.632915" lon="-149.569977">
				<ele>860.887268</ele>
				<time>2026-06-20T23:44:12Z</time>
			</trkpt>
			<trkpt lat="63.632938" lon="-149.570053">
				<ele>861.382324</ele>
				<time>2026-06-20T23:44:18Z</time>
			</trkpt>
			<trkpt lat="63.632969" lon="-149.570129">
				<ele>862.416931</ele>
				<time>2026-06-20T23:44:23Z</time>
			</trkpt>
			<trkpt lat="63.632984" lon="-149.57019">
				<ele>862.5224</ele>
				<time>2026-06-20T23:44:28Z</time>
			</trkpt>
			<trkpt lat="63.633015" lon="-149.570251">
				<ele>865.00116</ele>
				<time>2026-06-20T23:44:33Z</time>
			</trkpt>
			<trkpt lat="63.633015" lon="-149.570251">
				<ele>865.00116</ele>
				<time>2026-06-20T23:44:33Z</time>
			</trkpt>
			<trkpt lat="63.633041" lon="-149.570313">
				<ele>863.10968</ele>
				<time>2026-06-20T23:44:38Z</time>
			</trkpt>
			<trkpt lat="63.633068" lon="-149.570343">
				<ele>866.371643</ele>
				<time>2026-06-20T23:44:41Z</time>
			</trkpt>
			<trkpt lat="63.633076" lon="-149.570419">
				<ele>863.604492</ele>
				<time>2026-06-20T23:44:55Z</time>
			</trkpt>
			<trkpt lat="63.633076" lon="-149.570419">
				<ele>863.604492</ele>
				<time>2026-06-20T23:44:55Z</time>
			</trkpt>
			<trkpt lat="63.633102" lon="-149.57045">
				<ele>863.63562</ele>
				<time>2026-06-20T23:45:02Z</time>
			</trkpt>
			<trkpt lat="63.633133" lon="-149.57048">
				<ele>864.403076</ele>
				<time>2026-06-20T23:45:04Z</time>
			</trkpt>
			<trkpt lat="63.633148" lon="-149.570526">
				<ele>865.351685</ele>
				<time>2026-06-20T23:45:08Z</time>
			</trkpt>
			<trkpt lat="63.633167" lon="-149.570602">
				<ele>865.170471</ele>
				<time>2026-06-20T23:45:12Z</time>
			</trkpt>
			<trkpt lat="63.63319" lon="-149.570648">
				<ele>864.704041</ele>
				<time>2026-06-20T23:45:18Z</time>
			</trkpt>
			<trkpt lat="63.63319" lon="-149.570648">
				<ele>864.704041</ele>
				<time>2026-06-20T23:45:18Z</time>
			</trkpt>
			<trkpt lat="63.633194" lon="-149.570724">
				<ele>863.257629</ele>
				<time>2026-06-20T23:45:51Z</time>
			</trkpt>
			<trkpt lat="63.633194" lon="-149.570724">
				<ele>863.257629</ele>
				<time>2026-06-20T23:45:51Z</time>
			</trkpt>
			<trkpt lat="63.633217" lon="-149.57077">
				<ele>865.386292</ele>
				<time>2026-06-20T23:45:54Z</time>
			</trkpt>
			<trkpt lat="63.63324" lon="-149.570831">
				<ele>865.549561</ele>
				<time>2026-06-20T23:45:58Z</time>
			</trkpt>
			<trkpt lat="63.633266" lon="-149.570877">
				<ele>864.109436</ele>
				<time>2026-06-20T23:46:04Z</time>
			</trkpt>
			<trkpt lat="63.633286" lon="-149.570938">
				<ele>864.571594</ele>
				<time>2026-06-20T23:46:10Z</time>
			</trkpt>
			<trkpt lat="63.633286" lon="-149.570938">
				<ele>864.571594</ele>
				<time>2026-06-20T23:46:10Z</time>
			</trkpt>
			<trkpt lat="63.633316" lon="-149.570969">
				<ele>864.778259</ele>
				<time>2026-06-20T23:46:17Z</time>
			</trkpt>
			<trkpt lat="63.633331" lon="-149.571045">
				<ele>865.495911</ele>
				<time>2026-06-20T23:46:21Z</time>
			</trkpt>
			<trkpt lat="63.633343" lon="-149.571121">
				<ele>863.258789</ele>
				<time>2026-06-20T23:46:28Z</time>
			</trkpt>
			<trkpt lat="63.633358" lon="-149.571167">
				<ele>864.016907</ele>
				<time>2026-06-20T23:46:49Z</time>
			</trkpt>
			<trkpt lat="63.633358" lon="-149.571167">
				<ele>864.016907</ele>
				<time>2026-06-20T23:46:49Z</time>
			</trkpt>
			<trkpt lat="63.633385" lon="-149.571198">
				<ele>865.078125</ele>
				<time>2026-06-20T23:46:54Z</time>
			</trkpt>
			<trkpt lat="63.633404" lon="-149.571243">
				<ele>865.90271</ele>
				<time>2026-06-20T23:47:02Z</time>
			</trkpt>
			<trkpt lat="63.63343" lon="-149.571304">
				<ele>866.401672</ele>
				<time>2026-06-20T23:47:09Z</time>
			</trkpt>
			<trkpt lat="63.63343" lon="-149.571304">
				<ele>866.401672</ele>
				<time>2026-06-20T23:47:09Z</time>
			</trkpt>
			<trkpt lat="63.633461" lon="-149.57132">
				<ele>866.174866</ele>
				<time>2026-06-20T23:47:14Z</time>
			</trkpt>
			<trkpt lat="63.633484" lon="-149.571396">
				<ele>867.686951</ele>
				<time>2026-06-20T23:47:18Z</time>
			</trkpt>
			<trkpt lat="63.633511" lon="-149.571426">
				<ele>867.397583</ele>
				<time>2026-06-20T23:47:22Z</time>
			</trkpt>
			<trkpt lat="63.633522" lon="-149.571487">
				<ele>866.862061</ele>
				<time>2026-06-20T23:47:26Z</time>
			</trkpt>
			<trkpt lat="63.633553" lon="-149.571548">
				<ele>866.529663</ele>
				<time>2026-06-20T23:47:31Z</time>
			</trkpt>
			<trkpt lat="63.633553" lon="-149.571548">
				<ele>866.529663</ele>
				<time>2026-06-20T23:47:31Z</time>
			</trkpt>
			<trkpt lat="63.633579" lon="-149.571594">
				<ele>866.705811</ele>
				<time>2026-06-20T23:47:38Z</time>
			</trkpt>
			<trkpt lat="63.633595" lon="-149.57164">
				<ele>866.049438</ele>
				<time>2026-06-20T23:47:45Z</time>
			</trkpt>
			<trkpt lat="63.633625" lon="-149.571701">
				<ele>866.630127</ele>
				<time>2026-06-20T23:47:51Z</time>
			</trkpt>
			<trkpt lat="63.633625" lon="-149.571701">
				<ele>866.630127</ele>
				<time>2026-06-20T23:47:51Z</time>
			</trkpt>
			<trkpt lat="63.633644" lon="-149.571762">
				<ele>866.265564</ele>
				<time>2026-06-20T23:48:01Z</time>
			</trkpt>
			<trkpt lat="63.633644" lon="-149.571854">
				<ele>865.830872</ele>
				<time>2026-06-20T23:48:07Z</time>
			</trkpt>
			<trkpt lat="63.633648" lon="-149.571945">
				<ele>865.278259</ele>
				<time>2026-06-20T23:48:15Z</time>
			</trkpt>
			<trkpt lat="63.633648" lon="-149.571945">
				<ele>865.278259</ele>
				<time>2026-06-20T23:48:15Z</time>
			</trkpt>
			<trkpt lat="63.633675" lon="-149.571991">
				<ele>864.727051</ele>
				<time>2026-06-20T23:48:21Z</time>
			</trkpt>
			<trkpt lat="63.633686" lon="-149.572067">
				<ele>865.438904</ele>
				<time>2026-06-20T23:48:27Z</time>
			</trkpt>
			<trkpt lat="63.633686" lon="-149.572159">
				<ele>867.362427</ele>
				<time>2026-06-20T23:48:34Z</time>
			</trkpt>
			<trkpt lat="63.633686" lon="-149.572159">
				<ele>867.362427</ele>
				<time>2026-06-20T23:48:34Z</time>
			</trkpt>
			<trkpt lat="63.633656" lon="-149.572174">
				<ele>865.861755</ele>
				<time>2026-06-20T23:48:42Z</time>
			</trkpt>
			<trkpt lat="63.633675" lon="-149.572235">
				<ele>865.56543</ele>
				<time>2026-06-20T23:48:47Z</time>
			</trkpt>
			<trkpt lat="63.633671" lon="-149.572311">
				<ele>866.505432</ele>
				<time>2026-06-20T23:48:53Z</time>
			</trkpt>
			<trkpt lat="63.633671" lon="-149.572311">
				<ele>866.505432</ele>
				<time>2026-06-20T23:48:53Z</time>
			</trkpt>
			<trkpt lat="63.633675" lon="-149.572372">
				<ele>866.21228</ele>
				<time>2026-06-20T23:48:56Z</time>
			</trkpt>
			<trkpt lat="63.633698" lon="-149.572418">
				<ele>866.215271</ele>
				<time>2026-06-20T23:49:03Z</time>
			</trkpt>
			<trkpt lat="63.633724" lon="-149.572479">
				<ele>867.187866</ele>
				<time>2026-06-20T23:49:10Z</time>
			</trkpt>
			<trkpt lat="63.633732" lon="-149.572556">
				<ele>867.155273</ele>
				<time>2026-06-20T23:49:16Z</time>
			</trkpt>
			<trkpt lat="63.633732" lon="-149.572556">
				<ele>867.155273</ele>
				<time>2026-06-20T23:49:16Z</time>
			</trkpt>
			<trkpt lat="63.633747" lon="-149.572617">
				<ele>867.145569</ele>
				<time>2026-06-20T23:49:30Z</time>
			</trkpt>
			<trkpt lat="63.633747" lon="-149.572693">
				<ele>868.935974</ele>
				<time>2026-06-20T23:49:35Z</time>
			</trkpt>
			<trkpt lat="63.633739" lon="-149.572754">
				<ele>868.414368</ele>
				<time>2026-06-20T23:49:39Z</time>
			</trkpt>
			<trkpt lat="63.633739" lon="-149.572754">
				<ele>868.414368</ele>
				<time>2026-06-20T23:49:39Z</time>
			</trkpt>
			<trkpt lat="63.633751" lon="-149.572815">
				<ele>869.286926</ele>
				<time>2026-06-20T23:49:44Z</time>
			</trkpt>
			<trkpt lat="63.633736" lon="-149.572906">
				<ele>868.114075</ele>
				<time>2026-06-20T23:50:01Z</time>
			</trkpt>
			<trkpt lat="63.633736" lon="-149.572906">
				<ele>868.114075</ele>
				<time>2026-06-20T23:50:01Z</time>
			</trkpt>
			<trkpt lat="63.633747" lon="-149.573029">
				<ele>868.016235</ele>
				<time>2026-06-20T23:50:14Z</time>
			</trkpt>
			<trkpt lat="63.633789" lon="-149.573044">
				<ele>868.151672</ele>
				<time>2026-06-20T23:50:22Z</time>
			</trkpt>
			<trkpt lat="63.633789" lon="-149.573044">
				<ele>868.151672</ele>
				<time>2026-06-20T23:50:22Z</time>
			</trkpt>
			<trkpt lat="63.633793" lon="-149.57312">
				<ele>866.631897</ele>
				<time>2026-06-20T23:50:34Z</time>
			</trkpt>
			<trkpt lat="63.633827" lon="-149.573135">
				<ele>866.999146</ele>
				<time>2026-06-20T23:50:38Z</time>
			</trkpt>
			<trkpt lat="63.633831" lon="-149.573212">
				<ele>867.316101</ele>
				<time>2026-06-20T23:50:42Z</time>
			</trkpt>
			<trkpt lat="63.633831" lon="-149.573212">
				<ele>867.316101</ele>
				<time>2026-06-20T23:50:42Z</time>
			</trkpt>
			<trkpt lat="63.633831" lon="-149.573288">
				<ele>867.913574</ele>
				<time>2026-06-20T23:50:46Z</time>
			</trkpt>
			<trkpt lat="63.633854" lon="-149.573349">
				<ele>867.341431</ele>
				<time>2026-06-20T23:50:51Z</time>
			</trkpt>
			<trkpt lat="63.633865" lon="-149.57341">
				<ele>870.414185</ele>
				<time>2026-06-20T23:50:55Z</time>
			</trkpt>
			<trkpt lat="63.633873" lon="-149.573486">
				<ele>869.54541</ele>
				<time>2026-06-20T23:51:00Z</time>
			</trkpt>
			<trkpt lat="63.633896" lon="-149.573532">
				<ele>869.558899</ele>
				<time>2026-06-20T23:51:06Z</time>
			</trkpt>
			<trkpt lat="63.633896" lon="-149.573532">
				<ele>869.558899</ele>
				<time>2026-06-20T23:51:06Z</time>
			</trkpt>
			<trkpt lat="63.633911" lon="-149.573578">
				<ele>867.474182</ele>
				<time>2026-06-20T23:51:16Z</time>
			</trkpt>
			<trkpt lat="63.63393" lon="-149.573639">
				<ele>868.28656</ele>
				<time>2026-06-20T23:51:20Z</time>
			</trkpt>
			<trkpt lat="63.633942" lon="-149.5737">
				<ele>867.83252</ele>
				<time>2026-06-20T23:51:28Z</time>
			</trkpt>
			<trkpt lat="63.633942" lon="-149.5737">
				<ele>867.83252</ele>
				<time>2026-06-20T23:51:28Z</time>
			</trkpt>
			<trkpt lat="63.633965" lon="-149.573746">
				<ele>868.404175</ele>
				<time>2026-06-20T23:51:37Z</time>
			</trkpt>
			<trkpt lat="63.633968" lon="-149.573822">
				<ele>867.682678</ele>
				<time>2026-06-20T23:51:47Z</time>
			</trkpt>
			<trkpt lat="63.633968" lon="-149.573822">
				<ele>867.682678</ele>
				<time>2026-06-20T23:51:47Z</time>
			</trkpt>
			<trkpt lat="63.633965" lon="-149.573898">
				<ele>869.226379</ele>
				<time>2026-06-20T23:51:53Z</time>
			</trkpt>
			<trkpt lat="63.633953" lon="-149.573944">
				<ele>868.648499</ele>
				<time>2026-06-20T23:51:56Z</time>
			</trkpt>
			<trkpt lat="63.63398" lon="-149.574005">
				<ele>870.550415</ele>
				<time>2026-06-20T23:51:59Z</time>
			</trkpt>
			<trkpt lat="63.63398" lon="-149.574066">
				<ele>872.004395</ele>
				<time>2026-06-20T23:52:04Z</time>
			</trkpt>
			<trkpt lat="63.633999" lon="-149.574127">
				<ele>869.722168</ele>
				<time>2026-06-20T23:52:11Z</time>
			</trkpt>
			<trkpt lat="63.633999" lon="-149.574127">
				<ele>869.722168</ele>
				<time>2026-06-20T23:52:11Z</time>
			</trkpt>
			<trkpt lat="63.634029" lon="-149.574142">
				<ele>869.65564</ele>
				<time>2026-06-20T23:52:21Z</time>
			</trkpt>
			<trkpt lat="63.634041" lon="-149.574203">
				<ele>868.908936</ele>
				<time>2026-06-20T23:52:30Z</time>
			</trkpt>
			<trkpt lat="63.634041" lon="-149.574203">
				<ele>868.908936</ele>
				<time>2026-06-20T23:52:30Z</time>
			</trkpt>
			<trkpt lat="63.634068" lon="-149.574234">
				<ele>869.346069</ele>
				<time>2026-06-20T23:52:35Z</time>
			</trkpt>
			<trkpt lat="63.634098" lon="-149.574265">
				<ele>870.662292</ele>
				<time>2026-06-20T23:52:45Z</time>
			</trkpt>
			<trkpt lat="63.634121" lon="-149.57431">
				<ele>870.153931</ele>
				<time>2026-06-20T23:52:49Z</time>
			</trkpt>
			<trkpt lat="63.634121" lon="-149.57431">
				<ele>870.153931</ele>
				<time>2026-06-20T23:52:49Z</time>
			</trkpt>
			<trkpt lat="63.634148" lon="-149.574371">
				<ele>869.295654</ele>
				<time>2026-06-20T23:52:58Z</time>
			</trkpt>
			<trkpt lat="63.634182" lon="-149.574402">
				<ele>868.984497</ele>
				<time>2026-06-20T23:53:05Z</time>
			</trkpt>
			<trkpt lat="63.634212" lon="-149.574417">
				<ele>868.30188</ele>
				<time>2026-06-20T23:53:13Z</time>
			</trkpt>
			<trkpt lat="63.634212" lon="-149.574417">
				<ele>868.30188</ele>
				<time>2026-06-20T23:53:13Z</time>
			</trkpt>
			<trkpt lat="63.634239" lon="-149.574463">
				<ele>868.854614</ele>
				<time>2026-06-20T23:53:19Z</time>
			</trkpt>
			<trkpt lat="63.634254" lon="-149.574539">
				<ele>868.41864</ele>
				<time>2026-06-20T23:53:26Z</time>
			</trkpt>
			<trkpt lat="63.634277" lon="-149.574585">
				<ele>868.519897</ele>
				<time>2026-06-20T23:53:32Z</time>
			</trkpt>
			<trkpt lat="63.634277" lon="-149.574585">
				<ele>868.519897</ele>
				<time>2026-06-20T23:53:32Z</time>
			</trkpt>
			<trkpt lat="63.6343" lon="-149.574631">
				<ele>867.651917</ele>
				<time>2026-06-20T23:53:37Z</time>
			</trkpt>
			<trkpt lat="63.634315" lon="-149.574768">
				<ele>868.415771</ele>
				<time>2026-06-20T23:54:02Z</time>
			</trkpt>
			<trkpt lat="63.634315" lon="-149.574768">
				<ele>868.415771</ele>
				<time>2026-06-20T23:54:02Z</time>
			</trkpt>
			<trkpt lat="63.634346" lon="-149.574799">
				<ele>867.213806</ele>
				<time>2026-06-20T23:54:07Z</time>
			</trkpt>
			<trkpt lat="63.634369" lon="-149.57486">
				<ele>867.601196</ele>
				<time>2026-06-20T23:54:15Z</time>
			</trkpt>
			<trkpt lat="63.63438" lon="-149.574936">
				<ele>867.728943</ele>
				<time>2026-06-20T23:54:21Z</time>
			</trkpt>
			<trkpt lat="63.63438" lon="-149.574936">
				<ele>867.728943</ele>
				<time>2026-06-20T23:54:21Z</time>
			</trkpt>
			<trkpt lat="63.634392" lon="-149.574997">
				<ele>868.5354</ele>
				<time>2026-06-20T23:54:26Z</time>
			</trkpt>
			<trkpt lat="63.634373" lon="-149.575073">
				<ele>865.742065</ele>
				<time>2026-06-20T23:54:39Z</time>
			</trkpt>
			<trkpt lat="63.634369" lon="-149.57515">
				<ele>867.745361</ele>
				<time>2026-06-20T23:54:42Z</time>
			</trkpt>
			<trkpt lat="63.634369" lon="-149.57515">
				<ele>867.745361</ele>
				<time>2026-06-20T23:54:42Z</time>
			</trkpt>
			<trkpt lat="63.63438" lon="-149.575211">
				<ele>866.411194</ele>
				<time>2026-06-20T23:54:49Z</time>
			</trkpt>
			<trkpt lat="63.634388" lon="-149.575272">
				<ele>864.190857</ele>
				<time>2026-06-20T23:54:54Z</time>
			</trkpt>
			<trkpt lat="63.634403" lon="-149.575348">
				<ele>863.354553</ele>
				<time>2026-06-20T23:55:02Z</time>
			</trkpt>
			<trkpt lat="63.634403" lon="-149.575348">
				<ele>863.354553</ele>
				<time>2026-06-20T23:55:02Z</time>
			</trkpt>
			<trkpt lat="63.634434" lon="-149.575409">
				<ele>865.967896</ele>
				<time>2026-06-20T23:55:08Z</time>
			</trkpt>
			<trkpt lat="63.634438" lon="-149.575485">
				<ele>863.653259</ele>
				<time>2026-06-20T23:55:13Z</time>
			</trkpt>
			<trkpt lat="63.634441" lon="-149.575562">
				<ele>862.583008</ele>
				<time>2026-06-20T23:55:20Z</time>
			</trkpt>
			<trkpt lat="63.634464" lon="-149.575623">
				<ele>861.045166</ele>
				<time>2026-06-20T23:55:27Z</time>
			</trkpt>
			<trkpt lat="63.634464" lon="-149.575623">
				<ele>861.045166</ele>
				<time>2026-06-20T23:55:27Z</time>
			</trkpt>
			<trkpt lat="63.634491" lon="-149.575653">
				<ele>860.037292</ele>
				<time>2026-06-20T23:55:33Z</time>
			</trkpt>
			<trkpt lat="63.634521" lon="-149.575607">
				<ele>857.543823</ele>
				<time>2026-06-20T23:56:02Z</time>
			</trkpt>
			<trkpt lat="63.634521" lon="-149.575607">
				<ele>857.543823</ele>
				<time>2026-06-20T23:56:02Z</time>
			</trkpt>
			<trkpt lat="63.634552" lon="-149.575653">
				<ele>856.394043</ele>
				<time>2026-06-20T23:56:12Z</time>
			</trkpt>
			<trkpt lat="63.634594" lon="-149.575653">
				<ele>855.183167</ele>
				<time>2026-06-20T23:56:28Z</time>
			</trkpt>
			<trkpt lat="63.634594" lon="-149.575653">
				<ele>855.183167</ele>
				<time>2026-06-20T23:56:28Z</time>
			</trkpt>
			<trkpt lat="63.634651" lon="-149.575699">
				<ele>852.805298</ele>
				<time>2026-06-20T23:56:56Z</time>
			</trkpt>
			<trkpt lat="63.634651" lon="-149.575699">
				<ele>852.805298</ele>
				<time>2026-06-20T23:56:56Z</time>
			</trkpt>
			<trkpt lat="63.634701" lon="-149.575714">
				<ele>851.534485</ele>
				<time>2026-06-20T23:57:13Z</time>
			</trkpt>
			<trkpt lat="63.634739" lon="-149.575775">
				<ele>850.650024</ele>
				<time>2026-06-20T23:57:40Z</time>
			</trkpt>
			<trkpt lat="63.634739" lon="-149.575775">
				<ele>850.650024</ele>
				<time>2026-06-20T23:57:40Z</time>
			</trkpt>
			<trkpt lat="63.634743" lon="-149.575882">
				<ele>846.476501</ele>
				<time>2026-06-20T23:58:01Z</time>
			</trkpt>
			<trkpt lat="63.634743" lon="-149.575882">
				<ele>846.476501</ele>
				<time>2026-06-20T23:58:01Z</time>
			</trkpt>
			<trkpt lat="63.634724" lon="-149.575974">
				<ele>845.207764</ele>
				<time>2026-06-20T23:58:12Z</time>
			</trkpt>
			<trkpt lat="63.634724" lon="-149.57608">
				<ele>848.458923</ele>
				<time>2026-06-20T23:58:26Z</time>
			</trkpt>
			<trkpt lat="63.634724" lon="-149.57608">
				<ele>848.458923</ele>
				<time>2026-06-20T23:58:26Z</time>
			</trkpt>
			<trkpt lat="63.63475" lon="-149.576157">
				<ele>852.092224</ele>
				<time>2026-06-20T23:58:42Z</time>
			</trkpt>
			<trkpt lat="63.634754" lon="-149.576279">
				<ele>850.425171</ele>
				<time>2026-06-20T23:58:47Z</time>
			</trkpt>
			<trkpt lat="63.634754" lon="-149.576279">
				<ele>850.425171</ele>
				<time>2026-06-20T23:58:47Z</time>
			</trkpt>
			<trkpt lat="63.634777" lon="-149.576355">
				<ele>848.460144</ele>
				<time>2026-06-20T23:58:59Z</time>
			</trkpt>
			<trkpt lat="63.634815" lon="-149.576401">
				<ele>847.430725</ele>
				<time>2026-06-20T23:59:09Z</time>
			</trkpt>
			<trkpt lat="63.634815" lon="-149.576401">
				<ele>847.430725</ele>
				<time>2026-06-20T23:59:09Z</time>
			</trkpt>
			<trkpt lat="63.634853" lon="-149.576431">
				<ele>845.937073</ele>
				<time>2026-06-20T23:59:14Z</time>
			</trkpt>
			<trkpt lat="63.634892" lon="-149.576492">
				<ele>846.140625</ele>
				<time>2026-06-20T23:59:20Z</time>
			</trkpt>
			<trkpt lat="63.634907" lon="-149.576584">
				<ele>848.255554</ele>
				<time>2026-06-20T23:59:24Z</time>
			</trkpt>
			<trkpt lat="63.634903" lon="-149.57666">
				<ele>847.762939</ele>
				<time>2026-06-20T23:59:26Z</time>
			</trkpt>
			<trkpt lat="63.634892" lon="-149.576569">
				<ele>846.583618</ele>
				<time>2026-06-20T23:59:30Z</time>
			</trkpt>
			<trkpt lat="63.634892" lon="-149.576569">
				<ele>846.583618</ele>
				<time>2026-06-20T23:59:30Z</time>
			</trkpt>
			<trkpt lat="63.634903" lon="-149.576675">
				<ele>849.10376</ele>
				<time>2026-06-20T23:59:33Z</time>
			</trkpt>
			<trkpt lat="63.634914" lon="-149.576782">
				<ele>847.703613</ele>
				<time>2026-06-20T23:59:38Z</time>
			</trkpt>
			<trkpt lat="63.634903" lon="-149.576889">
				<ele>851.557068</ele>
				<time>2026-06-20T23:59:45Z</time>
			</trkpt>
			<trkpt lat="63.634899" lon="-149.576981">
				<ele>848.612244</ele>
				<time>2026-06-20T23:59:53Z</time>
			</trkpt>
			<trkpt lat="63.634899" lon="-149.576981">
				<ele>848.612244</ele>
				<time>2026-06-20T23:59:53Z</time>
			</trkpt>
			<trkpt lat="63.634911" lon="-149.577057">
				<ele>847.923828</ele>
				<time>2026-06-20T23:59:58Z</time>
			</trkpt>
			<trkpt lat="63.634949" lon="-149.577087">
				<ele>846.429016</ele>
				<time>2026-06-21T00:00:15Z</time>
			</trkpt>
			<trkpt lat="63.634949" lon="-149.577087">
				<ele>846.429016</ele>
				<time>2026-06-21T00:00:15Z</time>
			</trkpt>
			<trkpt lat="63.634983" lon="-149.577118">
				<ele>843.009705</ele>
				<time>2026-06-21T00:00:30Z</time>
			</trkpt>
			<trkpt lat="63.635002" lon="-149.577057">
				<ele>843.059204</ele>
				<time>2026-06-21T00:00:35Z</time>
			</trkpt>
			<trkpt lat="63.635002" lon="-149.577057">
				<ele>843.059204</ele>
				<time>2026-06-21T00:00:35Z</time>
			</trkpt>
			<trkpt lat="63.635029" lon="-149.577011">
				<ele>844.149475</ele>
				<time>2026-06-21T00:00:40Z</time>
			</trkpt>
			<trkpt lat="63.635063" lon="-149.576965">
				<ele>844.21637</ele>
				<time>2026-06-21T00:00:45Z</time>
			</trkpt>
			<trkpt lat="63.635098" lon="-149.576981">
				<ele>845.538452</ele>
				<time>2026-06-21T00:00:50Z</time>
			</trkpt>
			<trkpt lat="63.635113" lon="-149.57692">
				<ele>844.318787</ele>
				<time>2026-06-21T00:01:10Z</time>
			</trkpt>
			<trkpt lat="63.635113" lon="-149.57692">
				<ele>844.318787</ele>
				<time>2026-06-21T00:01:10Z</time>
			</trkpt>
			<trkpt lat="63.635136" lon="-149.576843">
				<ele>843.770813</ele>
				<time>2026-06-21T00:01:29Z</time>
			</trkpt>
			<trkpt lat="63.635136" lon="-149.576843">
				<ele>843.770813</ele>
				<time>2026-06-21T00:01:29Z</time>
			</trkpt>
			<trkpt lat="63.63517" lon="-149.576859">
				<ele>843.219604</ele>
				<time>2026-06-21T00:01:36Z</time>
			</trkpt>
			<trkpt lat="63.635212" lon="-149.576813">
				<ele>844.952576</ele>
				<time>2026-06-21T00:01:45Z</time>
			</trkpt>
			<trkpt lat="63.635254" lon="-149.576813">
				<ele>843.965149</ele>
				<time>2026-06-21T00:01:53Z</time>
			</trkpt>
			<trkpt lat="63.635254" lon="-149.576813">
				<ele>843.965149</ele>
				<time>2026-06-21T00:01:53Z</time>
			</trkpt>
			<trkpt lat="63.635284" lon="-149.576752">
				<ele>845.918152</ele>
				<time>2026-06-21T00:02:25Z</time>
			</trkpt>
			<trkpt lat="63.635284" lon="-149.576752">
				<ele>845.918152</ele>
				<time>2026-06-21T00:02:25Z</time>
			</trkpt>
			<trkpt lat="63.635315" lon="-149.576721">
				<ele>844.61438</ele>
				<time>2026-06-21T00:02:31Z</time>
			</trkpt>
			<trkpt lat="63.635349" lon="-149.576736">
				<ele>844.237122</ele>
				<time>2026-06-21T00:02:35Z</time>
			</trkpt>
			<trkpt lat="63.635361" lon="-149.57666">
				<ele>844.717651</ele>
				<time>2026-06-21T00:02:42Z</time>
			</trkpt>
			<trkpt lat="63.635372" lon="-149.576599">
				<ele>846.391968</ele>
				<time>2026-06-21T00:02:57Z</time>
			</trkpt>
			<trkpt lat="63.635372" lon="-149.576599">
				<ele>846.391968</ele>
				<time>2026-06-21T00:02:57Z</time>
			</trkpt>
			<trkpt lat="63.635391" lon="-149.576538">
				<ele>846.321716</ele>
				<time>2026-06-21T00:03:03Z</time>
			</trkpt>
			<trkpt lat="63.635422" lon="-149.576477">
				<ele>845.098145</ele>
				<time>2026-06-21T00:03:08Z</time>
			</trkpt>
			<trkpt lat="63.635414" lon="-149.576416">
				<ele>845.770264</ele>
				<time>2026-06-21T00:03:11Z</time>
			</trkpt>
			<trkpt lat="63.635452" lon="-149.576416">
				<ele>848.130798</ele>
				<time>2026-06-21T00:03:14Z</time>
			</trkpt>
			<trkpt lat="63.635487" lon="-149.576447">
				<ele>846.750366</ele>
				<time>2026-06-21T00:03:17Z</time>
			</trkpt>
			<trkpt lat="63.635487" lon="-149.576447">
				<ele>846.750366</ele>
				<time>2026-06-21T00:03:17Z</time>
			</trkpt>
			<trkpt lat="63.635555" lon="-149.576385">
				<ele>848.041382</ele>
				<time>2026-06-21T00:03:30Z</time>
			</trkpt>
			<trkpt lat="63.635574" lon="-149.576324">
				<ele>845.420227</ele>
				<time>2026-06-21T00:03:45Z</time>
			</trkpt>
			<trkpt lat="63.635574" lon="-149.576324">
				<ele>845.420227</ele>
				<time>2026-06-21T00:03:45Z</time>
			</trkpt>
			<trkpt lat="63.635597" lon="-149.576263">
				<ele>846.181946</ele>
				<time>2026-06-21T00:03:52Z</time>
			</trkpt>
			<trkpt lat="63.635651" lon="-149.576233">
				<ele>847.558105</ele>
				<time>2026-06-21T00:03:57Z</time>
			</trkpt>
			<trkpt lat="63.635681" lon="-149.576172">
				<ele>844.636658</ele>
				<time>2026-06-21T00:04:09Z</time>
			</trkpt>
			<trkpt lat="63.635681" lon="-149.576172">
				<ele>844.636658</ele>
				<time>2026-06-21T00:04:09Z</time>
			</trkpt>
			<trkpt lat="63.635696" lon="-149.576111">
				<ele>845.042236</ele>
				<time>2026-06-21T00:04:16Z</time>
			</trkpt>
			<trkpt lat="63.635715" lon="-149.576035">
				<ele>845.096985</ele>
				<time>2026-06-21T00:04:22Z</time>
			</trkpt>
			<trkpt lat="63.635746" lon="-149.575974">
				<ele>846.152405</ele>
				<time>2026-06-21T00:04:29Z</time>
			</trkpt>
			<trkpt lat="63.635746" lon="-149.575974">
				<ele>846.152405</ele>
				<time>2026-06-21T00:04:29Z</time>
			</trkpt>
			<trkpt lat="63.63578" lon="-149.575943">
				<ele>846.152283</ele>
				<time>2026-06-21T00:04:37Z</time>
			</trkpt>
			<trkpt lat="63.635857" lon="-149.576004">
				<ele>845.030212</ele>
				<time>2026-06-21T00:04:45Z</time>
			</trkpt>
			<trkpt lat="63.635891" lon="-149.576004">
				<ele>844.81366</ele>
				<time>2026-06-21T00:04:49Z</time>
			</trkpt>
			<trkpt lat="63.635891" lon="-149.576004">
				<ele>844.81366</ele>
				<time>2026-06-21T00:04:49Z</time>
			</trkpt>
			<trkpt lat="63.63591" lon="-149.575928">
				<ele>844.73584</ele>
				<time>2026-06-21T00:04:56Z</time>
			</trkpt>
			<trkpt lat="63.635914" lon="-149.575851">
				<ele>842.782776</ele>
				<time>2026-06-21T00:05:03Z</time>
			</trkpt>
			<trkpt lat="63.635887" lon="-149.57576">
				<ele>843.24469</ele>
				<time>2026-06-21T00:05:08Z</time>
			</trkpt>
			<trkpt lat="63.635887" lon="-149.57576">
				<ele>843.24469</ele>
				<time>2026-06-21T00:05:08Z</time>
			</trkpt>
			<trkpt lat="63.635876" lon="-149.575684">
				<ele>843.327881</ele>
				<time>2026-06-21T00:05:15Z</time>
			</trkpt>
			<trkpt lat="63.635891" lon="-149.575607">
				<ele>845.29303</ele>
				<time>2026-06-21T00:05:17Z</time>
			</trkpt>
			<trkpt lat="63.635937" lon="-149.575562">
				<ele>845.385315</ele>
				<time>2026-06-21T00:05:21Z</time>
			</trkpt>
			<trkpt lat="63.635956" lon="-149.5755">
				<ele>842.973877</ele>
				<time>2026-06-21T00:05:26Z</time>
			</trkpt>
			<trkpt lat="63.63599" lon="-149.575531">
				<ele>842.935669</ele>
				<time>2026-06-21T00:05:28Z</time>
			</trkpt>
			<trkpt lat="63.63599" lon="-149.575531">
				<ele>842.935669</ele>
				<time>2026-06-21T00:05:28Z</time>
			</trkpt>
			<trkpt lat="63.636028" lon="-149.575546">
				<ele>843.569763</ele>
				<time>2026-06-21T00:05:31Z</time>
			</trkpt>
			<trkpt lat="63.636063" lon="-149.575562">
				<ele>842.127869</ele>
				<time>2026-06-21T00:05:34Z</time>
			</trkpt>
			<trkpt lat="63.636078" lon="-149.5755">
				<ele>843.850281</ele>
				<time>2026-06-21T00:05:40Z</time>
			</trkpt>
			<trkpt lat="63.636108" lon="-149.575531">
				<ele>843.901672</ele>
				<time>2026-06-21T00:05:43Z</time>
			</trkpt>
			<trkpt lat="63.636139" lon="-149.575531">
				<ele>843.099365</ele>
				<time>2026-06-21T00:05:54Z</time>
			</trkpt>
			<trkpt lat="63.636139" lon="-149.575531">
				<ele>843.099365</ele>
				<time>2026-06-21T00:05:54Z</time>
			</trkpt>
			<trkpt lat="63.636166" lon="-149.575592">
				<ele>843.285034</ele>
				<time>2026-06-21T00:06:01Z</time>
			</trkpt>
			<trkpt lat="63.636192" lon="-149.575638">
				<ele>844.518433</ele>
				<time>2026-06-21T00:06:04Z</time>
			</trkpt>
			<trkpt lat="63.636219" lon="-149.575623">
				<ele>840.80719</ele>
				<time>2026-06-21T00:06:12Z</time>
			</trkpt>
			<trkpt lat="63.636181" lon="-149.575623">
				<ele>841.625366</ele>
				<time>2026-06-21T00:06:20Z</time>
			</trkpt>
			<trkpt lat="63.636181" lon="-149.575623">
				<ele>841.625366</ele>
				<time>2026-06-21T00:06:20Z</time>
			</trkpt>
			<trkpt lat="63.636215" lon="-149.575623">
				<ele>840.11261</ele>
				<time>2026-06-21T00:06:39Z</time>
			</trkpt>
			<trkpt lat="63.636215" lon="-149.575623">
				<ele>840.11261</ele>
				<time>2026-06-21T00:06:39Z</time>
			</trkpt>
			<trkpt lat="63.636253" lon="-149.575577">
				<ele>840.933594</ele>
				<time>2026-06-21T00:07:19Z</time>
			</trkpt>
			<trkpt lat="63.636253" lon="-149.575577">
				<ele>840.933594</ele>
				<time>2026-06-21T00:07:19Z</time>
			</trkpt>
			<trkpt lat="63.636295" lon="-149.575653">
				<ele>840.12793</ele>
				<time>2026-06-21T00:07:27Z</time>
			</trkpt>
			<trkpt lat="63.636337" lon="-149.575668">
				<ele>838.905762</ele>
				<time>2026-06-21T00:07:33Z</time>
			</trkpt>
			<trkpt lat="63.63636" lon="-149.575607">
				<ele>838.467041</ele>
				<time>2026-06-21T00:07:37Z</time>
			</trkpt>
			<trkpt lat="63.636395" lon="-149.575577">
				<ele>834.379333</ele>
				<time>2026-06-21T00:07:42Z</time>
			</trkpt>
			<trkpt lat="63.636395" lon="-149.575577">
				<ele>834.379333</ele>
				<time>2026-06-21T00:07:42Z</time>
			</trkpt>
			<trkpt lat="63.636436" lon="-149.575607">
				<ele>837.199219</ele>
				<time>2026-06-21T00:07:47Z</time>
			</trkpt>
			<trkpt lat="63.636452" lon="-149.575546">
				<ele>837.010315</ele>
				<time>2026-06-21T00:07:52Z</time>
			</trkpt>
			<trkpt lat="63.636475" lon="-149.5755">
				<ele>838.524231</ele>
				<time>2026-06-21T00:07:56Z</time>
			</trkpt>
			<trkpt lat="63.636494" lon="-149.575455">
				<ele>838.491943</ele>
				<time>2026-06-21T00:08:00Z</time>
			</trkpt>
			<trkpt lat="63.63652" lon="-149.575409">
				<ele>836.664795</ele>
				<time>2026-06-21T00:08:05Z</time>
			</trkpt>
			<trkpt lat="63.63652" lon="-149.575409">
				<ele>836.664795</ele>
				<time>2026-06-21T00:08:05Z</time>
			</trkpt>
			<trkpt lat="63.636547" lon="-149.575378">
				<ele>837.491211</ele>
				<time>2026-06-21T00:08:09Z</time>
			</trkpt>
			<trkpt lat="63.636578" lon="-149.575378">
				<ele>835.677612</ele>
				<time>2026-06-21T00:08:12Z</time>
			</trkpt>
			<trkpt lat="63.636612" lon="-149.575378">
				<ele>838.170776</ele>
				<time>2026-06-21T00:08:14Z</time>
			</trkpt>
			<trkpt lat="63.636684" lon="-149.575363">
				<ele>840.170593</ele>
				<time>2026-06-21T00:08:22Z</time>
			</trkpt>
			<trkpt lat="63.636715" lon="-149.575378">
				<ele>841.45343</ele>
				<time>2026-06-21T00:08:25Z</time>
			</trkpt>
			<trkpt lat="63.636715" lon="-149.575378">
				<ele>841.45343</ele>
				<time>2026-06-21T00:08:25Z</time>
			</trkpt>
			<trkpt lat="63.636745" lon="-149.575409">
				<ele>842.705078</ele>
				<time>2026-06-21T00:08:28Z</time>
			</trkpt>
			<trkpt lat="63.63678" lon="-149.575378">
				<ele>841.812073</ele>
				<time>2026-06-21T00:08:33Z</time>
			</trkpt>
			<trkpt lat="63.636806" lon="-149.575378">
				<ele>839.141541</ele>
				<time>2026-06-21T00:08:37Z</time>
			</trkpt>
			<trkpt lat="63.636822" lon="-149.575424">
				<ele>838.677979</ele>
				<time>2026-06-21T00:08:39Z</time>
			</trkpt>
			<trkpt lat="63.636841" lon="-149.575378">
				<ele>836.98645</ele>
				<time>2026-06-21T00:08:43Z</time>
			</trkpt>
			<trkpt lat="63.636864" lon="-149.575409">
				<ele>839.20166</ele>
				<time>2026-06-21T00:08:45Z</time>
			</trkpt>
			<trkpt lat="63.636864" lon="-149.575409">
				<ele>839.20166</ele>
				<time>2026-06-21T00:08:45Z</time>
			</trkpt>
			<trkpt lat="63.63689" lon="-149.575363">
				<ele>837.960571</ele>
				<time>2026-06-21T00:08:48Z</time>
			</trkpt>
			<trkpt lat="63.636921" lon="-149.575363">
				<ele>837.762756</ele>
				<time>2026-06-21T00:08:51Z</time>
			</trkpt>
			<trkpt lat="63.636959" lon="-149.575363">
				<ele>837.821899</ele>
				<time>2026-06-21T00:08:54Z</time>
			</trkpt>
			<trkpt lat="63.636986" lon="-149.575348">
				<ele>838.693298</ele>
				<time>2026-06-21T00:08:57Z</time>
			</trkpt>
			<trkpt lat="63.637012" lon="-149.575363">
				<ele>837.463562</ele>
				<time>2026-06-21T00:09:00Z</time>
			</trkpt>
			<trkpt lat="63.637039" lon="-149.575333">
				<ele>835.992493</ele>
				<time>2026-06-21T00:09:03Z</time>
			</trkpt>
			<trkpt lat="63.63707" lon="-149.575363">
				<ele>836.782898</ele>
				<time>2026-06-21T00:09:05Z</time>
			</trkpt>
			<trkpt lat="63.63707" lon="-149.575363">
				<ele>836.782898</ele>
				<time>2026-06-21T00:09:05Z</time>
			</trkpt>
			<trkpt lat="63.637089" lon="-149.575409">
				<ele>835.413696</ele>
				<time>2026-06-21T00:09:09Z</time>
			</trkpt>
			<trkpt lat="63.637119" lon="-149.575424">
				<ele>836.095276</ele>
				<time>2026-06-21T00:09:12Z</time>
			</trkpt>
			<trkpt lat="63.637146" lon="-149.575439">
				<ele>836.021301</ele>
				<time>2026-06-21T00:09:14Z</time>
			</trkpt>
			<trkpt lat="63.637173" lon="-149.5755">
				<ele>837.704651</ele>
				<time>2026-06-21T00:09:17Z</time>
			</trkpt>
			<trkpt lat="63.637203" lon="-149.575531">
				<ele>836.169128</ele>
				<time>2026-06-21T00:09:21Z</time>
			</trkpt>
			<trkpt lat="63.637238" lon="-149.575562">
				<ele>835.819275</ele>
				<time>2026-06-21T00:09:25Z</time>
			</trkpt>
			<trkpt lat="63.637238" lon="-149.575562">
				<ele>835.819275</ele>
				<time>2026-06-21T00:09:25Z</time>
			</trkpt>
			<trkpt lat="63.637253" lon="-149.575623">
				<ele>836.697388</ele>
				<time>2026-06-21T00:09:27Z</time>
			</trkpt>
			<trkpt lat="63.637276" lon="-149.575592">
				<ele>835.779968</ele>
				<time>2026-06-21T00:09:31Z</time>
			</trkpt>
			<trkpt lat="63.637306" lon="-149.575592">
				<ele>834.401611</ele>
				<time>2026-06-21T00:09:34Z</time>
			</trkpt>
			<trkpt lat="63.637337" lon="-149.575607">
				<ele>834.888428</ele>
				<time>2026-06-21T00:09:37Z</time>
			</trkpt>
			<trkpt lat="63.637363" lon="-149.575623">
				<ele>834.028748</ele>
				<time>2026-06-21T00:09:39Z</time>
			</trkpt>
			<trkpt lat="63.63739" lon="-149.575623">
				<ele>832.256592</ele>
				<time>2026-06-21T00:09:42Z</time>
			</trkpt>
			<trkpt lat="63.637417" lon="-149.575623">
				<ele>834.100586</ele>
				<time>2026-06-21T00:09:46Z</time>
			</trkpt>
			<trkpt lat="63.637417" lon="-149.575623">
				<ele>834.100586</ele>
				<time>2026-06-21T00:09:46Z</time>
			</trkpt>
			<trkpt lat="63.637436" lon="-149.575668">
				<ele>834.019897</ele>
				<time>2026-06-21T00:09:48Z</time>
			</trkpt>
			<trkpt lat="63.637466" lon="-149.575668">
				<ele>835.390076</ele>
				<time>2026-06-21T00:09:52Z</time>
			</trkpt>
			<trkpt lat="63.637493" lon="-149.575714">
				<ele>833.021057</ele>
				<time>2026-06-21T00:09:59Z</time>
			</trkpt>
			<trkpt lat="63.637516" lon="-149.575745">
				<ele>833.637024</ele>
				<time>2026-06-21T00:10:02Z</time>
			</trkpt>
			<trkpt lat="63.637535" lon="-149.57579">
				<ele>834.033997</ele>
				<time>2026-06-21T00:10:05Z</time>
			</trkpt>
			<trkpt lat="63.637535" lon="-149.57579">
				<ele>834.033997</ele>
				<time>2026-06-21T00:10:05Z</time>
			</trkpt>
			<trkpt lat="63.637558" lon="-149.575867">
				<ele>835.023804</ele>
				<time>2026-06-21T00:10:09Z</time>
			</trkpt>
			<trkpt lat="63.637589" lon="-149.575897">
				<ele>836.239319</ele>
				<time>2026-06-21T00:10:14Z</time>
			</trkpt>
			<trkpt lat="63.637623" lon="-149.575912">
				<ele>834.598694</ele>
				<time>2026-06-21T00:10:19Z</time>
			</trkpt>
			<trkpt lat="63.637661" lon="-149.575928">
				<ele>834.301147</ele>
				<time>2026-06-21T00:10:24Z</time>
			</trkpt>
			<trkpt lat="63.637661" lon="-149.575928">
				<ele>834.301147</ele>
				<time>2026-06-21T00:10:24Z</time>
			</trkpt>
			<trkpt lat="63.63768" lon="-149.576004">
				<ele>834.242126</ele>
				<time>2026-06-21T00:10:27Z</time>
			</trkpt>
			<trkpt lat="63.637703" lon="-149.57605">
				<ele>834.078857</ele>
				<time>2026-06-21T00:10:30Z</time>
			</trkpt>
			<trkpt lat="63.637733" lon="-149.57605">
				<ele>835.919434</ele>
				<time>2026-06-21T00:10:34Z</time>
			</trkpt>
			<trkpt lat="63.637741" lon="-149.576111">
				<ele>835.33197</ele>
				<time>2026-06-21T00:10:36Z</time>
			</trkpt>
			<trkpt lat="63.637764" lon="-149.576157">
				<ele>835.084351</ele>
				<time>2026-06-21T00:10:41Z</time>
			</trkpt>
			<trkpt lat="63.637791" lon="-149.576187">
				<ele>834.244385</ele>
				<time>2026-06-21T00:10:44Z</time>
			</trkpt>
			<trkpt lat="63.637791" lon="-149.576187">
				<ele>834.244385</ele>
				<time>2026-06-21T00:10:44Z</time>
			</trkpt>
			<trkpt lat="63.637825" lon="-149.576202">
				<ele>834.973022</ele>
				<time>2026-06-21T00:10:51Z</time>
			</trkpt>
			<trkpt lat="63.637856" lon="-149.576172">
				<ele>834.733582</ele>
				<time>2026-06-21T00:10:55Z</time>
			</trkpt>
			<trkpt lat="63.637886" lon="-149.576157">
				<ele>835.177368</ele>
				<time>2026-06-21T00:10:59Z</time>
			</trkpt>
			<trkpt lat="63.637901" lon="-149.57608">
				<ele>834.371765</ele>
				<time>2026-06-21T00:11:03Z</time>
			</trkpt>
			<trkpt lat="63.637901" lon="-149.57608">
				<ele>834.371765</ele>
				<time>2026-06-21T00:11:03Z</time>
			</trkpt>
			<trkpt lat="63.637936" lon="-149.576096">
				<ele>833.208923</ele>
				<time>2026-06-21T00:11:08Z</time>
			</trkpt>
			<trkpt lat="63.637966" lon="-149.57608">
				<ele>834.816528</ele>
				<time>2026-06-21T00:11:12Z</time>
			</trkpt>
			<trkpt lat="63.637997" lon="-149.576111">
				<ele>832.858337</ele>
				<time>2026-06-21T00:11:16Z</time>
			</trkpt>
			<trkpt lat="63.638027" lon="-149.576126">
				<ele>830.18689</ele>
				<time>2026-06-21T00:11:21Z</time>
			</trkpt>
			<trkpt lat="63.638058" lon="-149.576157">
				<ele>833.638062</ele>
				<time>2026-06-21T00:11:26Z</time>
			</trkpt>
			<trkpt lat="63.638058" lon="-149.576157">
				<ele>833.638062</ele>
				<time>2026-06-21T00:11:26Z</time>
			</trkpt>
			<trkpt lat="63.638081" lon="-149.576187">
				<ele>834.114319</ele>
				<time>2026-06-21T00:11:30Z</time>
			</trkpt>
			<trkpt lat="63.638096" lon="-149.576248">
				<ele>833.490662</ele>
				<time>2026-06-21T00:11:34Z</time>
			</trkpt>
			<trkpt lat="63.63813" lon="-149.576263">
				<ele>833.7547</ele>
				<time>2026-06-21T00:11:41Z</time>
			</trkpt>
			<trkpt lat="63.638161" lon="-149.576279">
				<ele>833.219727</ele>
				<time>2026-06-21T00:11:46Z</time>
			</trkpt>
			<trkpt lat="63.638161" lon="-149.576279">
				<ele>833.219727</ele>
				<time>2026-06-21T00:11:46Z</time>
			</trkpt>
			<trkpt lat="63.638191" lon="-149.576263">
				<ele>834.007202</ele>
				<time>2026-06-21T00:11:52Z</time>
			</trkpt>
			<trkpt lat="63.638214" lon="-149.576218">
				<ele>833.788574</ele>
				<time>2026-06-21T00:11:59Z</time>
			</trkpt>
			<trkpt lat="63.638248" lon="-149.576233">
				<ele>836.358582</ele>
				<time>2026-06-21T00:12:04Z</time>
			</trkpt>
			<trkpt lat="63.638275" lon="-149.576218">
				<ele>832.853455</ele>
				<time>2026-06-21T00:12:10Z</time>
			</trkpt>
			<trkpt lat="63.638275" lon="-149.576218">
				<ele>832.853455</ele>
				<time>2026-06-21T00:12:10Z</time>
			</trkpt>
			<trkpt lat="63.638298" lon="-149.576172">
				<ele>832.960083</ele>
				<time>2026-06-21T00:12:13Z</time>
			</trkpt>
			<trkpt lat="63.638329" lon="-149.576202">
				<ele>832.489929</ele>
				<time>2026-06-21T00:12:17Z</time>
			</trkpt>
			<trkpt lat="63.638344" lon="-149.576279">
				<ele>831.460876</ele>
				<time>2026-06-21T00:12:21Z</time>
			</trkpt>
			<trkpt lat="63.638371" lon="-149.576324">
				<ele>832.870789</ele>
				<time>2026-06-21T00:12:24Z</time>
			</trkpt>
			<trkpt lat="63.638401" lon="-149.57637">
				<ele>833.516663</ele>
				<time>2026-06-21T00:12:28Z</time>
			</trkpt>
			<trkpt lat="63.638435" lon="-149.576324">
				<ele>831.453735</ele>
				<time>2026-06-21T00:12:32Z</time>
			</trkpt>
			<trkpt lat="63.638435" lon="-149.576324">
				<ele>831.453735</ele>
				<time>2026-06-21T00:12:32Z</time>
			</trkpt>
			<trkpt lat="63.638451" lon="-149.576263">
				<ele>832.648315</ele>
				<time>2026-06-21T00:12:34Z</time>
			</trkpt>
			<trkpt lat="63.638474" lon="-149.576202">
				<ele>833.533142</ele>
				<time>2026-06-21T00:12:38Z</time>
			</trkpt>
			<trkpt lat="63.638496" lon="-149.576157">
				<ele>832.342712</ele>
				<time>2026-06-21T00:12:41Z</time>
			</trkpt>
			<trkpt lat="63.638508" lon="-149.576111">
				<ele>834.167969</ele>
				<time>2026-06-21T00:12:48Z</time>
			</trkpt>
			<trkpt lat="63.638527" lon="-149.57605">
				<ele>835.564453</ele>
				<time>2026-06-21T00:12:52Z</time>
			</trkpt>
			<trkpt lat="63.638527" lon="-149.57605">
				<ele>835.564453</ele>
				<time>2026-06-21T00:12:52Z</time>
			</trkpt>
			<trkpt lat="63.638557" lon="-149.576065">
				<ele>835.723145</ele>
				<time>2026-06-21T00:12:55Z</time>
			</trkpt>
			<trkpt lat="63.638584" lon="-149.57605">
				<ele>834.995605</ele>
				<time>2026-06-21T00:13:00Z</time>
			</trkpt>
			<trkpt lat="63.638615" lon="-149.57605">
				<ele>838.809814</ele>
				<time>2026-06-21T00:13:07Z</time>
			</trkpt>
			<trkpt lat="63.638611" lon="-149.575974">
				<ele>835.871033</ele>
				<time>2026-06-21T00:13:10Z</time>
			</trkpt>
			<trkpt lat="63.63863" lon="-149.575912">
				<ele>837.786865</ele>
				<time>2026-06-21T00:13:12Z</time>
			</trkpt>
			<trkpt lat="63.63863" lon="-149.575912">
				<ele>837.786865</ele>
				<time>2026-06-21T00:13:12Z</time>
			</trkpt>
			<trkpt lat="63.638664" lon="-149.575943">
				<ele>837.390503</ele>
				<time>2026-06-21T00:13:16Z</time>
			</trkpt>
			<trkpt lat="63.638695" lon="-149.575989">
				<ele>839.115906</ele>
				<time>2026-06-21T00:13:19Z</time>
			</trkpt>
			<trkpt lat="63.638729" lon="-149.575928">
				<ele>838.55127</ele>
				<time>2026-06-21T00:13:28Z</time>
			</trkpt>
			<trkpt lat="63.638771" lon="-149.575912">
				<ele>841.034302</ele>
				<time>2026-06-21T00:13:32Z</time>
			</trkpt>
			<trkpt lat="63.638771" lon="-149.575912">
				<ele>841.034302</ele>
				<time>2026-06-21T00:13:32Z</time>
			</trkpt>
			<trkpt lat="63.638813" lon="-149.575912">
				<ele>843.960693</ele>
				<time>2026-06-21T00:13:39Z</time>
			</trkpt>
			<trkpt lat="63.638836" lon="-149.575851">
				<ele>842.745789</ele>
				<time>2026-06-21T00:13:43Z</time>
			</trkpt>
			<trkpt lat="63.638874" lon="-149.575851">
				<ele>839.694153</ele>
				<time>2026-06-21T00:13:47Z</time>
			</trkpt>
			<trkpt lat="63.638912" lon="-149.575897">
				<ele>840.364258</ele>
				<time>2026-06-21T00:13:50Z</time>
			</trkpt>
			<trkpt lat="63.638939" lon="-149.575958">
				<ele>840.213379</ele>
				<time>2026-06-21T00:13:53Z</time>
			</trkpt>
			<trkpt lat="63.638939" lon="-149.575958">
				<ele>840.213379</ele>
				<time>2026-06-21T00:13:53Z</time>
			</trkpt>
			<trkpt lat="63.638969" lon="-149.576004">
				<ele>838.561218</ele>
				<time>2026-06-21T00:14:00Z</time>
			</trkpt>
			<trkpt lat="63.639015" lon="-149.576004">
				<ele>839.621216</ele>
				<time>2026-06-21T00:14:06Z</time>
			</trkpt>
			<trkpt lat="63.639046" lon="-149.576035">
				<ele>839.83606</ele>
				<time>2026-06-21T00:14:09Z</time>
			</trkpt>
			<trkpt lat="63.63908" lon="-149.57605">
				<ele>840.618469</ele>
				<time>2026-06-21T00:14:13Z</time>
			</trkpt>
			<trkpt lat="63.63908" lon="-149.57605">
				<ele>840.618469</ele>
				<time>2026-06-21T00:14:13Z</time>
			</trkpt>
			<trkpt lat="63.639107" lon="-149.576004">
				<ele>836.938171</ele>
				<time>2026-06-21T00:14:30Z</time>
			</trkpt>
			<trkpt lat="63.639141" lon="-149.576019">
				<ele>839.138794</ele>
				<time>2026-06-21T00:14:34Z</time>
			</trkpt>
			<trkpt lat="63.639141" lon="-149.576019">
				<ele>839.138794</ele>
				<time>2026-06-21T00:14:34Z</time>
			</trkpt>
			<trkpt lat="63.639175" lon="-149.576004">
				<ele>835.499329</ele>
				<time>2026-06-21T00:14:52Z</time>
			</trkpt>
			<trkpt lat="63.639214" lon="-149.575989">
				<ele>834.665161</ele>
				<time>2026-06-21T00:14:57Z</time>
			</trkpt>
			<trkpt lat="63.639214" lon="-149.575989">
				<ele>834.665161</ele>
				<time>2026-06-21T00:14:57Z</time>
			</trkpt>
			<trkpt lat="63.639221" lon="-149.575897">
				<ele>836.378418</ele>
				<time>2026-06-21T00:15:04Z</time>
			</trkpt>
			<trkpt lat="63.639248" lon="-149.575836">
				<ele>835.663391</ele>
				<time>2026-06-21T00:15:08Z</time>
			</trkpt>
			<trkpt lat="63.639286" lon="-149.575821">
				<ele>836.256592</ele>
				<time>2026-06-21T00:15:11Z</time>
			</trkpt>
			<trkpt lat="63.63932" lon="-149.575775">
				<ele>836.42511</ele>
				<time>2026-06-21T00:15:16Z</time>
			</trkpt>
			<trkpt lat="63.63932" lon="-149.575775">
				<ele>836.42511</ele>
				<time>2026-06-21T00:15:16Z</time>
			</trkpt>
			<trkpt lat="63.639313" lon="-149.575684">
				<ele>835.502502</ele>
				<time>2026-06-21T00:15:20Z</time>
			</trkpt>
			<trkpt lat="63.639336" lon="-149.575623">
				<ele>836.769836</ele>
				<time>2026-06-21T00:15:23Z</time>
			</trkpt>
			<trkpt lat="63.639359" lon="-149.575577">
				<ele>836.719299</ele>
				<time>2026-06-21T00:15:31Z</time>
			</trkpt>
			<trkpt lat="63.639427" lon="-149.575531">
				<ele>834.373047</ele>
				<time>2026-06-21T00:15:37Z</time>
			</trkpt>
			<trkpt lat="63.639427" lon="-149.575531">
				<ele>834.373047</ele>
				<time>2026-06-21T00:15:37Z</time>
			</trkpt>
			<trkpt lat="63.639462" lon="-149.575531">
				<ele>835.775513</ele>
				<time>2026-06-21T00:15:54Z</time>
			</trkpt>
			<trkpt lat="63.6395" lon="-149.575531">
				<ele>832.830505</ele>
				<time>2026-06-21T00:16:00Z</time>
			</trkpt>
			<trkpt lat="63.6395" lon="-149.575531">
				<ele>832.830505</ele>
				<time>2026-06-21T00:16:00Z</time>
			</trkpt>
			<trkpt lat="63.639538" lon="-149.575516">
				<ele>836.914185</ele>
				<time>2026-06-21T00:16:09Z</time>
			</trkpt>
			<trkpt lat="63.639565" lon="-149.57547">
				<ele>839.030762</ele>
				<time>2026-06-21T00:16:16Z</time>
			</trkpt>
			<trkpt lat="63.639545" lon="-149.575409">
				<ele>841.154053</ele>
				<time>2026-06-21T00:16:17Z</time>
			</trkpt>
			<trkpt lat="63.639591" lon="-149.575409">
				<ele>833.678589</ele>
				<time>2026-06-21T00:16:28Z</time>
			</trkpt>
			<trkpt lat="63.639591" lon="-149.575409">
				<ele>833.678589</ele>
				<time>2026-06-21T00:16:28Z</time>
			</trkpt>
			<trkpt lat="63.639637" lon="-149.575424">
				<ele>834.286621</ele>
				<time>2026-06-21T00:16:32Z</time>
			</trkpt>
			<trkpt lat="63.639675" lon="-149.575378">
				<ele>833.442749</ele>
				<time>2026-06-21T00:16:41Z</time>
			</trkpt>
			<trkpt lat="63.639717" lon="-149.575409">
				<ele>837.370911</ele>
				<time>2026-06-21T00:16:44Z</time>
			</trkpt>
			<trkpt lat="63.639751" lon="-149.575394">
				<ele>841.214233</ele>
				<time>2026-06-21T00:16:50Z</time>
			</trkpt>
			<trkpt lat="63.639751" lon="-149.575394">
				<ele>841.214233</ele>
				<time>2026-06-21T00:16:50Z</time>
			</trkpt>
			<trkpt lat="63.63979" lon="-149.575378">
				<ele>839.058777</ele>
				<time>2026-06-21T00:16:55Z</time>
			</trkpt>
			<trkpt lat="63.639816" lon="-149.575333">
				<ele>839.085327</ele>
				<time>2026-06-21T00:16:58Z</time>
			</trkpt>
			<trkpt lat="63.639843" lon="-149.575287">
				<ele>841.304749</ele>
				<time>2026-06-21T00:17:01Z</time>
			</trkpt>
			<trkpt lat="63.639866" lon="-149.575317">
				<ele>839.547852</ele>
				<time>2026-06-21T00:17:04Z</time>
			</trkpt>
			<trkpt lat="63.639893" lon="-149.575363">
				<ele>834.997742</ele>
				<time>2026-06-21T00:17:10Z</time>
			</trkpt>
			<trkpt lat="63.639893" lon="-149.575363">
				<ele>834.997742</ele>
				<time>2026-06-21T00:17:10Z</time>
			</trkpt>
			<trkpt lat="63.639919" lon="-149.575317">
				<ele>833.490356</ele>
				<time>2026-06-21T00:17:14Z</time>
			</trkpt>
			<trkpt lat="63.639957" lon="-149.575302">
				<ele>832.949829</ele>
				<time>2026-06-21T00:17:21Z</time>
			</trkpt>
			<trkpt lat="63.639999" lon="-149.575302">
				<ele>830.432495</ele>
				<time>2026-06-21T00:17:27Z</time>
			</trkpt>
			<trkpt lat="63.640034" lon="-149.575317">
				<ele>830.184631</ele>
				<time>2026-06-21T00:17:40Z</time>
			</trkpt>
			<trkpt lat="63.640034" lon="-149.575317">
				<ele>830.184631</ele>
				<time>2026-06-21T00:17:40Z</time>
			</trkpt>
			<trkpt lat="63.640087" lon="-149.575378">
				<ele>836.858093</ele>
				<time>2026-06-21T00:18:19Z</time>
			</trkpt>
			<trkpt lat="63.640087" lon="-149.575378">
				<ele>836.858093</ele>
				<time>2026-06-21T00:18:19Z</time>
			</trkpt>
			<trkpt lat="63.640076" lon="-149.575546">
				<ele>834.866028</ele>
				<time>2026-06-21T00:21:17Z</time>
			</trkpt>
			<trkpt lat="63.640076" lon="-149.575546">
				<ele>834.866028</ele>
				<time>2026-06-21T00:21:17Z</time>
			</trkpt>
			<trkpt lat="63.640133" lon="-149.575562">
				<ele>834.302246</ele>
				<time>2026-06-21T00:21:45Z</time>
			</trkpt>
			<trkpt lat="63.640133" lon="-149.575562">
				<ele>834.302246</ele>
				<time>2026-06-21T00:21:45Z</time>
			</trkpt>
			<trkpt lat="63.640171" lon="-149.575668">
				<ele>838.170349</ele>
				<time>2026-06-21T00:21:51Z</time>
			</trkpt>
			<trkpt lat="63.640186" lon="-149.575775">
				<ele>836.02356</ele>
				<time>2026-06-21T00:22:08Z</time>
			</trkpt>
			<trkpt lat="63.640186" lon="-149.575775">
				<ele>836.02356</ele>
				<time>2026-06-21T00:22:08Z</time>
			</trkpt>
			<trkpt lat="63.640213" lon="-149.575851">
				<ele>835.646851</ele>
				<time>2026-06-21T00:22:14Z</time>
			</trkpt>
			<trkpt lat="63.640221" lon="-149.575928">
				<ele>836.272827</ele>
				<time>2026-06-21T00:22:19Z</time>
			</trkpt>
			<trkpt lat="63.640247" lon="-149.576004">
				<ele>835.300903</ele>
				<time>2026-06-21T00:22:25Z</time>
			</trkpt>
			<trkpt lat="63.64027" lon="-149.57605">
				<ele>831.38562</ele>
				<time>2026-06-21T00:22:35Z</time>
			</trkpt>
			<trkpt lat="63.64027" lon="-149.57605">
				<ele>831.38562</ele>
				<time>2026-06-21T00:22:35Z</time>
			</trkpt>
			<trkpt lat="63.640305" lon="-149.57605">
				<ele>831.039429</ele>
				<time>2026-06-21T00:22:40Z</time>
			</trkpt>
			<trkpt lat="63.640331" lon="-149.576096">
				<ele>831.028442</ele>
				<time>2026-06-21T00:22:47Z</time>
			</trkpt>
			<trkpt lat="63.640354" lon="-149.576141">
				<ele>830.536987</ele>
				<time>2026-06-21T00:22:54Z</time>
			</trkpt>
			<trkpt lat="63.640354" lon="-149.576141">
				<ele>830.536987</ele>
				<time>2026-06-21T00:22:54Z</time>
			</trkpt>
			<trkpt lat="63.640381" lon="-149.576187">
				<ele>832.115051</ele>
				<time>2026-06-21T00:22:59Z</time>
			</trkpt>
			<trkpt lat="63.640415" lon="-149.576172">
				<ele>830.379272</ele>
				<time>2026-06-21T00:23:25Z</time>
			</trkpt>
			<trkpt lat="63.640415" lon="-149.576172">
				<ele>830.379272</ele>
				<time>2026-06-21T00:23:25Z</time>
			</trkpt>
			<trkpt lat="63.640446" lon="-149.576248">
				<ele>830.477539</ele>
				<time>2026-06-21T00:23:28Z</time>
			</trkpt>
			<trkpt lat="63.640484" lon="-149.576263">
				<ele>829.387268</ele>
				<time>2026-06-21T00:23:37Z</time>
			</trkpt>
			<trkpt lat="63.640511" lon="-149.576324">
				<ele>830.500916</ele>
				<time>2026-06-21T00:23:40Z</time>
			</trkpt>
			<trkpt lat="63.640518" lon="-149.576416">
				<ele>830.61792</ele>
				<time>2026-06-21T00:23:44Z</time>
			</trkpt>
			<trkpt lat="63.640518" lon="-149.576416">
				<ele>830.61792</ele>
				<time>2026-06-21T00:23:44Z</time>
			</trkpt>
			<trkpt lat="63.640549" lon="-149.576431">
				<ele>831.79834</ele>
				<time>2026-06-21T00:23:48Z</time>
			</trkpt>
			<trkpt lat="63.640575" lon="-149.576401">
				<ele>831.835205</ele>
				<time>2026-06-21T00:23:55Z</time>
			</trkpt>
			<trkpt lat="63.640594" lon="-149.576447">
				<ele>830.397278</ele>
				<time>2026-06-21T00:24:01Z</time>
			</trkpt>
			<trkpt lat="63.640621" lon="-149.576508">
				<ele>831.545532</ele>
				<time>2026-06-21T00:24:05Z</time>
			</trkpt>
			<trkpt lat="63.640621" lon="-149.576508">
				<ele>831.545532</ele>
				<time>2026-06-21T00:24:05Z</time>
			</trkpt>
			<trkpt lat="63.640629" lon="-149.576599">
				<ele>828.93396</ele>
				<time>2026-06-21T00:24:11Z</time>
			</trkpt>
			<trkpt lat="63.640667" lon="-149.576584">
				<ele>836.378052</ele>
				<time>2026-06-21T00:24:22Z</time>
			</trkpt>
			<trkpt lat="63.640705" lon="-149.576584">
				<ele>837.506287</ele>
				<time>2026-06-21T00:24:27Z</time>
			</trkpt>
			<trkpt lat="63.640705" lon="-149.576584">
				<ele>837.506287</ele>
				<time>2026-06-21T00:24:27Z</time>
			</trkpt>
			<trkpt lat="63.640736" lon="-149.576584">
				<ele>832.20636</ele>
				<time>2026-06-21T00:24:33Z</time>
			</trkpt>
			<trkpt lat="63.640766" lon="-149.576569">
				<ele>830.497925</ele>
				<time>2026-06-21T00:24:38Z</time>
			</trkpt>
			<trkpt lat="63.640812" lon="-149.576553">
				<ele>836.598145</ele>
				<time>2026-06-21T00:24:42Z</time>
			</trkpt>
			<trkpt lat="63.640842" lon="-149.576614">
				<ele>836.361389</ele>
				<time>2026-06-21T00:24:45Z</time>
			</trkpt>
			<trkpt lat="63.640877" lon="-149.576645">
				<ele>837.054443</ele>
				<time>2026-06-21T00:24:48Z</time>
			</trkpt>
			<trkpt lat="63.640877" lon="-149.576645">
				<ele>837.054443</ele>
				<time>2026-06-21T00:24:48Z</time>
			</trkpt>
			<trkpt lat="63.640892" lon="-149.576584">
				<ele>837.86084</ele>
				<time>2026-06-21T00:24:54Z</time>
			</trkpt>
			<trkpt lat="63.640926" lon="-149.576553">
				<ele>834.17926</ele>
				<time>2026-06-21T00:25:00Z</time>
			</trkpt>
			<trkpt lat="63.640953" lon="-149.576599">
				<ele>832.100769</ele>
				<time>2026-06-21T00:25:02Z</time>
			</trkpt>
			<trkpt lat="63.640984" lon="-149.576599">
				<ele>830.674133</ele>
				<time>2026-06-21T00:25:06Z</time>
			</trkpt>
			<trkpt lat="63.641037" lon="-149.576584">
				<ele>836.127197</ele>
				<time>2026-06-21T00:25:15Z</time>
			</trkpt>
			<trkpt lat="63.641037" lon="-149.576584">
				<ele>836.127197</ele>
				<time>2026-06-21T00:25:15Z</time>
			</trkpt>
			<trkpt lat="63.641075" lon="-149.576584">
				<ele>835.408142</ele>
				<time>2026-06-21T00:25:21Z</time>
			</trkpt>
			<trkpt lat="63.641109" lon="-149.57663">
				<ele>833.743896</ele>
				<time>2026-06-21T00:25:24Z</time>
			</trkpt>
			<trkpt lat="63.64114" lon="-149.576569">
				<ele>834.005066</ele>
				<time>2026-06-21T00:25:28Z</time>
			</trkpt>
			<trkpt lat="63.641174" lon="-149.576584">
				<ele>832.518738</ele>
				<time>2026-06-21T00:25:37Z</time>
			</trkpt>
			<trkpt lat="63.641174" lon="-149.576584">
				<ele>832.518738</ele>
				<time>2026-06-21T00:25:37Z</time>
			</trkpt>
			<trkpt lat="63.641159" lon="-149.576508">
				<ele>829.445068</ele>
				<time>2026-06-21T00:26:01Z</time>
			</trkpt>
			<trkpt lat="63.641159" lon="-149.576508">
				<ele>829.445068</ele>
				<time>2026-06-21T00:26:01Z</time>
			</trkpt>
			<trkpt lat="63.641182" lon="-149.576447">
				<ele>830.522522</ele>
				<time>2026-06-21T00:26:05Z</time>
			</trkpt>
			<trkpt lat="63.641205" lon="-149.576355">
				<ele>831.728455</ele>
				<time>2026-06-21T00:26:10Z</time>
			</trkpt>
			<trkpt lat="63.641228" lon="-149.576279">
				<ele>832.213501</ele>
				<time>2026-06-21T00:26:14Z</time>
			</trkpt>
			<trkpt lat="63.641266" lon="-149.576248">
				<ele>832.205444</ele>
				<time>2026-06-21T00:26:17Z</time>
			</trkpt>
			<trkpt lat="63.641289" lon="-149.576202">
				<ele>832.731506</ele>
				<time>2026-06-21T00:26:20Z</time>
			</trkpt>
			<trkpt lat="63.641289" lon="-149.576202">
				<ele>832.731506</ele>
				<time>2026-06-21T00:26:20Z</time>
			</trkpt>
			<trkpt lat="63.641308" lon="-149.576126">
				<ele>834.611145</ele>
				<time>2026-06-21T00:26:25Z</time>
			</trkpt>
			<trkpt lat="63.641315" lon="-149.576035">
				<ele>833.385437</ele>
				<time>2026-06-21T00:26:28Z</time>
			</trkpt>
			<trkpt lat="63.641346" lon="-149.575974">
				<ele>833.404907</ele>
				<time>2026-06-21T00:26:32Z</time>
			</trkpt>
			<trkpt lat="63.641384" lon="-149.575958">
				<ele>835.029541</ele>
				<time>2026-06-21T00:26:35Z</time>
			</trkpt>
			<trkpt lat="63.641411" lon="-149.575912">
				<ele>835.085449</ele>
				<time>2026-06-21T00:26:38Z</time>
			</trkpt>
			<trkpt lat="63.641434" lon="-149.575851">
				<ele>834.567444</ele>
				<time>2026-06-21T00:26:42Z</time>
			</trkpt>
			<trkpt lat="63.641434" lon="-149.575851">
				<ele>834.567444</ele>
				<time>2026-06-21T00:26:42Z</time>
			</trkpt>
			<trkpt lat="63.641464" lon="-149.575806">
				<ele>833.065063</ele>
				<time>2026-06-21T00:26:46Z</time>
			</trkpt>
			<trkpt lat="63.641487" lon="-149.575745">
				<ele>833.978821</ele>
				<time>2026-06-21T00:26:49Z</time>
			</trkpt>
			<trkpt lat="63.641514" lon="-149.575714">
				<ele>833.335571</ele>
				<time>2026-06-21T00:26:52Z</time>
			</trkpt>
			<trkpt lat="63.641521" lon="-149.575653">
				<ele>831.948975</ele>
				<time>2026-06-21T00:26:55Z</time>
			</trkpt>
			<trkpt lat="63.641548" lon="-149.575607">
				<ele>831.066956</ele>
				<time>2026-06-21T00:26:58Z</time>
			</trkpt>
			<trkpt lat="63.641567" lon="-149.575531">
				<ele>829.820435</ele>
				<time>2026-06-21T00:27:01Z</time>
			</trkpt>
			<trkpt lat="63.641567" lon="-149.575531">
				<ele>829.820435</ele>
				<time>2026-06-21T00:27:01Z</time>
			</trkpt>
			<trkpt lat="63.641586" lon="-149.57547">
				<ele>828.52655</ele>
				<time>2026-06-21T00:27:04Z</time>
			</trkpt>
			<trkpt lat="63.641613" lon="-149.575409">
				<ele>828.491943</ele>
				<time>2026-06-21T00:27:08Z</time>
			</trkpt>
			<trkpt lat="63.641632" lon="-149.575333">
				<ele>827.859741</ele>
				<time>2026-06-21T00:27:11Z</time>
			</trkpt>
			<trkpt lat="63.641659" lon="-149.575287">
				<ele>827.519775</ele>
				<time>2026-06-21T00:27:14Z</time>
			</trkpt>
			<trkpt lat="63.641682" lon="-149.575226">
				<ele>826.635864</ele>
				<time>2026-06-21T00:27:18Z</time>
			</trkpt>
			<trkpt lat="63.641708" lon="-149.57518">
				<ele>826.561646</ele>
				<time>2026-06-21T00:27:21Z</time>
			</trkpt>
			<trkpt lat="63.641708" lon="-149.57518">
				<ele>826.561646</ele>
				<time>2026-06-21T00:27:21Z</time>
			</trkpt>
			<trkpt lat="63.641731" lon="-149.575134">
				<ele>826.080078</ele>
				<time>2026-06-21T00:27:23Z</time>
			</trkpt>
			<trkpt lat="63.641747" lon="-149.575058">
				<ele>825.941467</ele>
				<time>2026-06-21T00:27:26Z</time>
			</trkpt>
			<trkpt lat="63.641731" lon="-149.574982">
				<ele>826.025024</ele>
				<time>2026-06-21T00:27:29Z</time>
			</trkpt>
			<trkpt lat="63.641731" lon="-149.574905">
				<ele>826.600342</ele>
				<time>2026-06-21T00:27:33Z</time>
			</trkpt>
			<trkpt lat="63.641762" lon="-149.57486">
				<ele>826.136353</ele>
				<time>2026-06-21T00:27:38Z</time>
			</trkpt>
			<trkpt lat="63.641792" lon="-149.574814">
				<ele>826.585571</ele>
				<time>2026-06-21T00:27:42Z</time>
			</trkpt>
			<trkpt lat="63.641792" lon="-149.574814">
				<ele>826.585571</ele>
				<time>2026-06-21T00:27:42Z</time>
			</trkpt>
			<trkpt lat="63.641808" lon="-149.574738">
				<ele>827.374939</ele>
				<time>2026-06-21T00:27:46Z</time>
			</trkpt>
			<trkpt lat="63.641811" lon="-149.574646">
				<ele>827.643433</ele>
				<time>2026-06-21T00:27:49Z</time>
			</trkpt>
			<trkpt lat="63.641823" lon="-149.57457">
				<ele>828.845215</ele>
				<time>2026-06-21T00:27:53Z</time>
			</trkpt>
			<trkpt lat="63.641827" lon="-149.574493">
				<ele>828.531677</ele>
				<time>2026-06-21T00:27:56Z</time>
			</trkpt>
			<trkpt lat="63.64183" lon="-149.574402">
				<ele>827.639587</ele>
				<time>2026-06-21T00:28:00Z</time>
			</trkpt>
			<trkpt lat="63.641846" lon="-149.57431">
				<ele>827.580627</ele>
				<time>2026-06-21T00:28:07Z</time>
			</trkpt>
			<trkpt lat="63.641846" lon="-149.57431">
				<ele>827.580627</ele>
				<time>2026-06-21T00:28:07Z</time>
			</trkpt>
			<trkpt lat="63.641857" lon="-149.574219">
				<ele>830.196777</ele>
				<time>2026-06-21T00:28:11Z</time>
			</trkpt>
			<trkpt lat="63.641846" lon="-149.574127">
				<ele>828.347107</ele>
				<time>2026-06-21T00:28:15Z</time>
			</trkpt>
			<trkpt lat="63.641838" lon="-149.574036">
				<ele>828.156616</ele>
				<time>2026-06-21T00:28:20Z</time>
			</trkpt>
			<trkpt lat="63.641819" lon="-149.573975">
				<ele>828.304932</ele>
				<time>2026-06-21T00:28:23Z</time>
			</trkpt>
			<trkpt lat="63.641815" lon="-149.573883">
				<ele>826.483215</ele>
				<time>2026-06-21T00:28:27Z</time>
			</trkpt>
			<trkpt lat="63.641815" lon="-149.573883">
				<ele>826.483215</ele>
				<time>2026-06-21T00:28:27Z</time>
			</trkpt>
			<trkpt lat="63.6418" lon="-149.573792">
				<ele>825.735779</ele>
				<time>2026-06-21T00:28:30Z</time>
			</trkpt>
			<trkpt lat="63.641788" lon="-149.573715">
				<ele>826.098083</ele>
				<time>2026-06-21T00:28:36Z</time>
			</trkpt>
			<trkpt lat="63.641777" lon="-149.573624">
				<ele>826.183594</ele>
				<time>2026-06-21T00:28:39Z</time>
			</trkpt>
			<trkpt lat="63.641773" lon="-149.573547">
				<ele>827.083923</ele>
				<time>2026-06-21T00:28:43Z</time>
			</trkpt>
			<trkpt lat="63.641766" lon="-149.573486">
				<ele>826.875488</ele>
				<time>2026-06-21T00:28:46Z</time>
			</trkpt>
			<trkpt lat="63.641766" lon="-149.573486">
				<ele>826.875488</ele>
				<time>2026-06-21T00:28:46Z</time>
			</trkpt>
			<trkpt lat="63.641747" lon="-149.57341">
				<ele>826.830078</ele>
				<time>2026-06-21T00:28:49Z</time>
			</trkpt>
			<trkpt lat="63.641735" lon="-149.573334">
				<ele>826.899353</ele>
				<time>2026-06-21T00:28:53Z</time>
			</trkpt>
			<trkpt lat="63.641727" lon="-149.573242">
				<ele>827.224915</ele>
				<time>2026-06-21T00:28:57Z</time>
			</trkpt>
			<trkpt lat="63.641712" lon="-149.573166">
				<ele>827.617737</ele>
				<time>2026-06-21T00:29:00Z</time>
			</trkpt>
			<trkpt lat="63.641701" lon="-149.57309">
				<ele>827.027283</ele>
				<time>2026-06-21T00:29:03Z</time>
			</trkpt>
			<trkpt lat="63.641693" lon="-149.573013">
				<ele>825.71521</ele>
				<time>2026-06-21T00:29:08Z</time>
			</trkpt>
			<trkpt lat="63.641693" lon="-149.573013">
				<ele>825.71521</ele>
				<time>2026-06-21T00:29:08Z</time>
			</trkpt>
			<trkpt lat="63.641678" lon="-149.572952">
				<ele>825.234009</ele>
				<time>2026-06-21T00:29:11Z</time>
			</trkpt>
			<trkpt lat="63.64167" lon="-149.572876">
				<ele>825.261902</ele>
				<time>2026-06-21T00:29:14Z</time>
			</trkpt>
			<trkpt lat="63.641666" lon="-149.5728">
				<ele>826.167542</ele>
				<time>2026-06-21T00:29:18Z</time>
			</trkpt>
			<trkpt lat="63.641636" lon="-149.57283">
				<ele>827.48407</ele>
				<time>2026-06-21T00:29:21Z</time>
			</trkpt>
			<trkpt lat="63.641624" lon="-149.572754">
				<ele>826.722534</ele>
				<time>2026-06-21T00:29:24Z</time>
			</trkpt>
			<trkpt lat="63.641605" lon="-149.572693">
				<ele>827.483643</ele>
				<time>2026-06-21T00:29:28Z</time>
			</trkpt>
			<trkpt lat="63.641605" lon="-149.572693">
				<ele>827.483643</ele>
				<time>2026-06-21T00:29:28Z</time>
			</trkpt>
			<trkpt lat="63.641602" lon="-149.572617">
				<ele>828.653442</ele>
				<time>2026-06-21T00:29:31Z</time>
			</trkpt>
			<trkpt lat="63.641605" lon="-149.572525">
				<ele>826.132751</ele>
				<time>2026-06-21T00:29:34Z</time>
			</trkpt>
			<trkpt lat="63.641598" lon="-149.572449">
				<ele>826.945618</ele>
				<time>2026-06-21T00:29:38Z</time>
			</trkpt>
			<trkpt lat="63.641586" lon="-149.572357">
				<ele>825.917908</ele>
				<time>2026-06-21T00:29:42Z</time>
			</trkpt>
			<trkpt lat="63.641571" lon="-149.572296">
				<ele>827.005554</ele>
				<time>2026-06-21T00:29:46Z</time>
			</trkpt>
			<trkpt lat="63.641575" lon="-149.572205">
				<ele>828.032043</ele>
				<time>2026-06-21T00:29:49Z</time>
			</trkpt>
			<trkpt lat="63.641575" lon="-149.572205">
				<ele>828.032043</ele>
				<time>2026-06-21T00:29:49Z</time>
			</trkpt>
			<trkpt lat="63.641575" lon="-149.572128">
				<ele>826.599792</ele>
				<time>2026-06-21T00:29:53Z</time>
			</trkpt>
			<trkpt lat="63.641556" lon="-149.572052">
				<ele>827.941223</ele>
				<time>2026-06-21T00:29:57Z</time>
			</trkpt>
			<trkpt lat="63.641548" lon="-149.571976">
				<ele>827.757568</ele>
				<time>2026-06-21T00:30:00Z</time>
			</trkpt>
			<trkpt lat="63.641544" lon="-149.571899">
				<ele>827.854431</ele>
				<time>2026-06-21T00:30:03Z</time>
			</trkpt>
			<trkpt lat="63.641529" lon="-149.571823">
				<ele>827.231384</ele>
				<time>2026-06-21T00:30:06Z</time>
			</trkpt>
			<trkpt lat="63.641521" lon="-149.571747">
				<ele>825.788147</ele>
				<time>2026-06-21T00:30:09Z</time>
			</trkpt>
			<trkpt lat="63.641521" lon="-149.571747">
				<ele>825.788147</ele>
				<time>2026-06-21T00:30:09Z</time>
			</trkpt>
			<trkpt lat="63.64151" lon="-149.571686">
				<ele>826.385254</ele>
				<time>2026-06-21T00:30:12Z</time>
			</trkpt>
			<trkpt lat="63.64151" lon="-149.571594">
				<ele>826.806885</ele>
				<time>2026-06-21T00:30:15Z</time>
			</trkpt>
			<trkpt lat="63.641506" lon="-149.571518">
				<ele>827.423584</ele>
				<time>2026-06-21T00:30:18Z</time>
			</trkpt>
			<trkpt lat="63.641502" lon="-149.571426">
				<ele>825.076172</ele>
				<time>2026-06-21T00:30:23Z</time>
			</trkpt>
			<trkpt lat="63.641495" lon="-149.57135">
				<ele>824.414368</ele>
				<time>2026-06-21T00:30:26Z</time>
			</trkpt>
			<trkpt lat="63.641487" lon="-149.571259">
				<ele>824.426636</ele>
				<time>2026-06-21T00:30:29Z</time>
			</trkpt>
			<trkpt lat="63.641487" lon="-149.571259">
				<ele>824.426636</ele>
				<time>2026-06-21T00:30:29Z</time>
			</trkpt>
			<trkpt lat="63.641472" lon="-149.571198">
				<ele>823.644287</ele>
				<time>2026-06-21T00:30:32Z</time>
			</trkpt>
			<trkpt lat="63.641472" lon="-149.571106">
				<ele>824.380615</ele>
				<time>2026-06-21T00:30:37Z</time>
			</trkpt>
			<trkpt lat="63.641479" lon="-149.57103">
				<ele>826.503235</ele>
				<time>2026-06-21T00:30:40Z</time>
			</trkpt>
			<trkpt lat="63.641479" lon="-149.570953">
				<ele>827.183228</ele>
				<time>2026-06-21T00:30:43Z</time>
			</trkpt>
			<trkpt lat="63.641491" lon="-149.570892">
				<ele>828.462097</ele>
				<time>2026-06-21T00:30:46Z</time>
			</trkpt>
			<trkpt lat="63.641491" lon="-149.570816">
				<ele>828.778564</ele>
				<time>2026-06-21T00:30:49Z</time>
			</trkpt>
			<trkpt lat="63.641491" lon="-149.570816">
				<ele>828.778564</ele>
				<time>2026-06-21T00:30:49Z</time>
			</trkpt>
			<trkpt lat="63.641495" lon="-149.570724">
				<ele>828.902161</ele>
				<time>2026-06-21T00:30:53Z</time>
			</trkpt>
			<trkpt lat="63.641499" lon="-149.570663">
				<ele>829.511475</ele>
				<time>2026-06-21T00:30:56Z</time>
			</trkpt>
			<trkpt lat="63.641502" lon="-149.570587">
				<ele>828.832397</ele>
				<time>2026-06-21T00:31:00Z</time>
			</trkpt>
			<trkpt lat="63.641483" lon="-149.570511">
				<ele>827.909119</ele>
				<time>2026-06-21T00:31:04Z</time>
			</trkpt>
			<trkpt lat="63.641476" lon="-149.57045">
				<ele>827.971436</ele>
				<time>2026-06-21T00:31:07Z</time>
			</trkpt>
			<trkpt lat="63.641487" lon="-149.570343">
				<ele>828.042114</ele>
				<time>2026-06-21T00:31:11Z</time>
			</trkpt>
			<trkpt lat="63.641487" lon="-149.570343">
				<ele>828.042114</ele>
				<time>2026-06-21T00:31:11Z</time>
			</trkpt>
			<trkpt lat="63.641479" lon="-149.570251">
				<ele>827.383423</ele>
				<time>2026-06-21T00:31:15Z</time>
			</trkpt>
			<trkpt lat="63.641476" lon="-149.570175">
				<ele>827.467834</ele>
				<time>2026-06-21T00:31:19Z</time>
			</trkpt>
			<trkpt lat="63.641487" lon="-149.570099">
				<ele>827.133301</ele>
				<time>2026-06-21T00:31:23Z</time>
			</trkpt>
			<trkpt lat="63.641495" lon="-149.570007">
				<ele>826.941162</ele>
				<time>2026-06-21T00:31:26Z</time>
			</trkpt>
			<trkpt lat="63.64151" lon="-149.569901">
				<ele>826.777588</ele>
				<time>2026-06-21T00:31:30Z</time>
			</trkpt>
			<trkpt lat="63.64151" lon="-149.569901">
				<ele>826.777588</ele>
				<time>2026-06-21T00:31:30Z</time>
			</trkpt>
			<trkpt lat="63.641525" lon="-149.569824">
				<ele>825.720337</ele>
				<time>2026-06-21T00:31:33Z</time>
			</trkpt>
			<trkpt lat="63.641537" lon="-149.569748">
				<ele>825.552551</ele>
				<time>2026-06-21T00:31:36Z</time>
			</trkpt>
			<trkpt lat="63.641567" lon="-149.569809">
				<ele>821.361633</ele>
				<time>2026-06-21T00:31:50Z</time>
			</trkpt>
			<trkpt lat="63.641582" lon="-149.569901">
				<ele>822.876526</ele>
				<time>2026-06-21T00:31:53Z</time>
			</trkpt>
			<trkpt lat="63.641613" lon="-149.569931">
				<ele>823.526001</ele>
				<time>2026-06-21T00:31:55Z</time>
			</trkpt>
		</trkseg>
	</trk>
</gpx>
