<?xml version="1.0"?>
<gpx xmlns="http://www.topografix.com/GPX/1/1" xmlns:xsi="http://www.w3.org/2001/XMLSchema-instance" version="1.1" creator="AllTrails.com" xsi:schemaLocation="http://www.topografix.com/GPX/1/1 http://www.topografix.com/GPX/1/1/gpx.xsd">
  <metadata>
    <name><![CDATA[Afternoon hike at Mount Hillyer via Silver Moccasin Trail]]></name>
    <desc><![CDATA[]]></desc>
    <link href="http://www.alltrails.com">
      <text>AllTrails, LLC</text>
    </link>
    <bounds minlat="34.33945" minlon="-118.02083" maxlat="34.35555" maxlon="-118.00376"/>
  </metadata>
  <trk>
    <name><![CDATA[Afternoon hike at Mount Hillyer via Silver Moccasin Trail]]></name>
    <src>AllTrails</src>
    <trkseg>
      <trkpt lat="34.35555" lon="-118.01232">
        <ele>1795.0</ele>
        <time>2025-06-15T17:02:49Z</time>
      </trkpt>
      <trkpt lat="34.35553" lon="-118.01235">
        <ele>1795.1</ele>
        <time>2025-06-15T17:02:52Z</time>
      </trkpt>
      <trkpt lat="34.35552" lon="-118.01238">
        <ele>1795.27</ele>
        <time>2025-06-15T17:02:56Z</time>
      </trkpt>
      <trkpt lat="34.35551" lon="-118.01242">
        <ele>1795.49</ele>
        <time>2025-06-15T17:03:00Z</time>
      </trkpt>
      <trkpt lat="34.35551" lon="-118.01246">
        <ele>1795.49</ele>
        <time>2025-06-15T17:03:04Z</time>
      </trkpt>
      <trkpt lat="34.35551" lon="-118.01249">
        <ele>1795.49</ele>
        <time>2025-06-15T17:03:08Z</time>
      </trkpt>
      <trkpt lat="34.35551" lon="-118.01253">
        <ele>1795.66</ele>
        <time>2025-06-15T17:03:12Z</time>
      </trkpt>
      <trkpt lat="34.3555" lon="-118.01257">
        <ele>1795.9</ele>
        <time>2025-06-15T17:03:17Z</time>
      </trkpt>
      <trkpt lat="34.35548" lon="-118.01259">
        <ele>1795.99</ele>
        <time>2025-06-15T17:03:20Z</time>
      </trkpt>
      <trkpt lat="34.35547" lon="-118.01262">
        <ele>1796.3</ele>
        <time>2025-06-15T17:03:23Z</time>
      </trkpt>
      <trkpt lat="34.35545" lon="-118.01265">
        <ele>1796.67</ele>
        <time>2025-06-15T17:03:27Z</time>
      </trkpt>
      <trkpt lat="34.35542" lon="-118.01267">
        <ele>1796.91</ele>
        <time>2025-06-15T17:03:32Z</time>
      </trkpt>
      <trkpt lat="34.35539" lon="-118.01268">
        <ele>1796.99</ele>
        <time>2025-06-15T17:03:36Z</time>
      </trkpt>
      <trkpt lat="34.35537" lon="-118.01268">
        <ele>1797.0</ele>
        <time>2025-06-15T17:03:39Z</time>
      </trkpt>
      <trkpt lat="34.35533" lon="-118.01269">
        <ele>1797.0</ele>
        <time>2025-06-15T17:03:42Z</time>
      </trkpt>
      <trkpt lat="34.3553" lon="-118.01271">
        <ele>1797.0</ele>
        <time>2025-06-15T17:03:46Z</time>
      </trkpt>
      <trkpt lat="34.35527" lon="-118.01273">
        <ele>1797.0</ele>
        <time>2025-06-15T17:03:49Z</time>
      </trkpt>
      <trkpt lat="34.35524" lon="-118.01275">
        <ele>1797.0</ele>
        <time>2025-06-15T17:03:52Z</time>
      </trkpt>
      <trkpt lat="34.35522" lon="-118.01277">
        <ele>1797.0</ele>
        <time>2025-06-15T17:03:55Z</time>
      </trkpt>
      <trkpt lat="34.35519" lon="-118.01279">
        <ele>1797.13</ele>
        <time>2025-06-15T17:03:58Z</time>
      </trkpt>
      <trkpt lat="34.35516" lon="-118.0128">
        <ele>1797.17</ele>
        <time>2025-06-15T17:04:01Z</time>
      </trkpt>
      <trkpt lat="34.35513" lon="-118.01283">
        <ele>1797.23</ele>
        <time>2025-06-15T17:04:05Z</time>
      </trkpt>
      <trkpt lat="34.35511" lon="-118.01286">
        <ele>1797.17</ele>
        <time>2025-06-15T17:04:08Z</time>
      </trkpt>
      <trkpt lat="34.35511" lon="-118.01291">
        <ele>1797.54</ele>
        <time>2025-06-15T17:04:11Z</time>
      </trkpt>
      <trkpt lat="34.35511" lon="-118.01295">
        <ele>1797.89</ele>
        <time>2025-06-15T17:04:14Z</time>
      </trkpt>
      <trkpt lat="34.35509" lon="-118.01299">
        <ele>1797.97</ele>
        <time>2025-06-15T17:04:17Z</time>
      </trkpt>
      <trkpt lat="34.35506" lon="-118.01301">
        <ele>1797.65</ele>
        <time>2025-06-15T17:04:20Z</time>
      </trkpt>
      <trkpt lat="34.35503" lon="-118.01302">
        <ele>1797.32</ele>
        <time>2025-06-15T17:04:23Z</time>
      </trkpt>
      <trkpt lat="34.355" lon="-118.01302">
        <ele>1797.0</ele>
        <time>2025-06-15T17:04:26Z</time>
      </trkpt>
      <trkpt lat="34.35498" lon="-118.01304">
        <ele>1797.0</ele>
        <time>2025-06-15T17:04:30Z</time>
      </trkpt>
      <trkpt lat="34.35496" lon="-118.01309">
        <ele>1797.21</ele>
        <time>2025-06-15T17:04:33Z</time>
      </trkpt>
      <trkpt lat="34.35494" lon="-118.01312">
        <ele>1797.24</ele>
        <time>2025-06-15T17:04:36Z</time>
      </trkpt>
      <trkpt lat="34.35491" lon="-118.01314">
        <ele>1797.03</ele>
        <time>2025-06-15T17:04:39Z</time>
      </trkpt>
      <trkpt lat="34.35488" lon="-118.01318">
        <ele>1797.0</ele>
        <time>2025-06-15T17:04:42Z</time>
      </trkpt>
      <trkpt lat="34.35487" lon="-118.01322">
        <ele>1797.0</ele>
        <time>2025-06-15T17:04:45Z</time>
      </trkpt>
      <trkpt lat="34.35487" lon="-118.01326">
        <ele>1797.12</ele>
        <time>2025-06-15T17:04:47Z</time>
      </trkpt>
      <trkpt lat="34.35486" lon="-118.01331">
        <ele>1797.37</ele>
        <time>2025-06-15T17:04:50Z</time>
      </trkpt>
      <trkpt lat="34.35485" lon="-118.01335">
        <ele>1797.38</ele>
        <time>2025-06-15T17:04:53Z</time>
      </trkpt>
      <trkpt lat="34.35485" lon="-118.01339">
        <ele>1797.38</ele>
        <time>2025-06-15T17:04:56Z</time>
      </trkpt>
      <trkpt lat="34.35484" lon="-118.01343">
        <ele>1797.27</ele>
        <time>2025-06-15T17:04:59Z</time>
      </trkpt>
      <trkpt lat="34.35485" lon="-118.01346">
        <ele>1797.38</ele>
        <time>2025-06-15T17:05:02Z</time>
      </trkpt>
      <trkpt lat="34.35485" lon="-118.0135">
        <ele>1797.38</ele>
        <time>2025-06-15T17:05:05Z</time>
      </trkpt>
      <trkpt lat="34.35485" lon="-118.01354">
        <ele>1797.52</ele>
        <time>2025-06-15T17:05:08Z</time>
      </trkpt>
      <trkpt lat="34.35485" lon="-118.01358">
        <ele>1797.79</ele>
        <time>2025-06-15T17:05:11Z</time>
      </trkpt>
      <trkpt lat="34.35486" lon="-118.01362">
        <ele>1798.05</ele>
        <time>2025-06-15T17:05:14Z</time>
      </trkpt>
      <trkpt lat="34.35486" lon="-118.01366">
        <ele>1798.26</ele>
        <time>2025-06-15T17:05:18Z</time>
      </trkpt>
      <trkpt lat="34.35486" lon="-118.0137">
        <ele>1798.47</ele>
        <time>2025-06-15T17:05:21Z</time>
      </trkpt>
      <trkpt lat="34.35487" lon="-118.01374">
        <ele>1798.6</ele>
        <time>2025-06-15T17:05:24Z</time>
      </trkpt>
      <trkpt lat="34.35487" lon="-118.01377">
        <ele>1798.6</ele>
        <time>2025-06-15T17:05:27Z</time>
      </trkpt>
      <trkpt lat="34.35486" lon="-118.0138">
        <ele>1798.51</ele>
        <time>2025-06-15T17:05:31Z</time>
      </trkpt>
      <trkpt lat="34.35486" lon="-118.01384">
        <ele>1798.73</ele>
        <time>2025-06-15T17:05:39Z</time>
      </trkpt>
      <trkpt lat="34.35486" lon="-118.01388">
        <ele>1798.95</ele>
        <time>2025-06-15T17:05:42Z</time>
      </trkpt>
      <trkpt lat="34.35485" lon="-118.01392">
        <ele>1799.0</ele>
        <time>2025-06-15T17:05:44Z</time>
      </trkpt>
      <trkpt lat="34.35485" lon="-118.01395">
        <ele>1799.0</ele>
        <time>2025-06-15T17:05:46Z</time>
      </trkpt>
      <trkpt lat="34.35485" lon="-118.014">
        <ele>1799.0</ele>
        <time>2025-06-15T17:05:49Z</time>
      </trkpt>
      <trkpt lat="34.35485" lon="-118.01404">
        <ele>1799.0</ele>
        <time>2025-06-15T17:05:52Z</time>
      </trkpt>
      <trkpt lat="34.35485" lon="-118.01408">
        <ele>1799.0</ele>
        <time>2025-06-15T17:05:55Z</time>
      </trkpt>
      <trkpt lat="34.35485" lon="-118.01412">
        <ele>1799.0</ele>
        <time>2025-06-15T17:05:58Z</time>
      </trkpt>
      <trkpt lat="34.35485" lon="-118.01416">
        <ele>1799.0</ele>
        <time>2025-06-15T17:06:01Z</time>
      </trkpt>
      <trkpt lat="34.35485" lon="-118.01419">
        <ele>1798.75</ele>
        <time>2025-06-15T17:06:04Z</time>
      </trkpt>
      <trkpt lat="34.35484" lon="-118.01423">
        <ele>1798.32</ele>
        <time>2025-06-15T17:06:07Z</time>
      </trkpt>
      <trkpt lat="34.35482" lon="-118.01426">
        <ele>1797.99</ele>
        <time>2025-06-15T17:06:11Z</time>
      </trkpt>
      <trkpt lat="34.3548" lon="-118.01429">
        <ele>1797.67</ele>
        <time>2025-06-15T17:06:15Z</time>
      </trkpt>
      <trkpt lat="34.35477" lon="-118.01432">
        <ele>1797.34</ele>
        <time>2025-06-15T17:06:19Z</time>
      </trkpt>
      <trkpt lat="34.35474" lon="-118.01433">
        <ele>1797.24</ele>
        <time>2025-06-15T17:06:22Z</time>
      </trkpt>
      <trkpt lat="34.35471" lon="-118.01434">
        <ele>1797.26</ele>
        <time>2025-06-15T17:06:25Z</time>
      </trkpt>
      <trkpt lat="34.35468" lon="-118.01436">
        <ele>1797.33</ele>
        <time>2025-06-15T17:06:28Z</time>
      </trkpt>
      <trkpt lat="34.35466" lon="-118.01437">
        <ele>1797.34</ele>
        <time>2025-06-15T17:06:31Z</time>
      </trkpt>
      <trkpt lat="34.35463" lon="-118.01438">
        <ele>1797.39</ele>
        <time>2025-06-15T17:06:34Z</time>
      </trkpt>
      <trkpt lat="34.3546" lon="-118.01438">
        <ele>1797.81</ele>
        <time>2025-06-15T17:06:37Z</time>
      </trkpt>
      <trkpt lat="34.35457" lon="-118.01439">
        <ele>1798.09</ele>
        <time>2025-06-15T17:06:40Z</time>
      </trkpt>
      <trkpt lat="34.35454" lon="-118.0144">
        <ele>1798.43</ele>
        <time>2025-06-15T17:06:43Z</time>
      </trkpt>
      <trkpt lat="34.35451" lon="-118.01441">
        <ele>1798.85</ele>
        <time>2025-06-15T17:06:46Z</time>
      </trkpt>
      <trkpt lat="34.35448" lon="-118.01443">
        <ele>1799.29</ele>
        <time>2025-06-15T17:06:49Z</time>
      </trkpt>
      <trkpt lat="34.35446" lon="-118.01444">
        <ele>1799.67</ele>
        <time>2025-06-15T17:06:52Z</time>
      </trkpt>
      <trkpt lat="34.35443" lon="-118.01446">
        <ele>1800.04</ele>
        <time>2025-06-15T17:06:55Z</time>
      </trkpt>
      <trkpt lat="34.3544" lon="-118.01447">
        <ele>1800.47</ele>
        <time>2025-06-15T17:06:58Z</time>
      </trkpt>
      <trkpt lat="34.35438" lon="-118.01448">
        <ele>1800.85</ele>
        <time>2025-06-15T17:07:01Z</time>
      </trkpt>
      <trkpt lat="34.35435" lon="-118.01449">
        <ele>1801.52</ele>
        <time>2025-06-15T17:07:04Z</time>
      </trkpt>
      <trkpt lat="34.35432" lon="-118.0145">
        <ele>1802.08</ele>
        <time>2025-06-15T17:07:07Z</time>
      </trkpt>
      <trkpt lat="34.3543" lon="-118.01452">
        <ele>1802.48</ele>
        <time>2025-06-15T17:07:11Z</time>
      </trkpt>
      <trkpt lat="34.35426" lon="-118.01452">
        <ele>1802.99</ele>
        <time>2025-06-15T17:07:15Z</time>
      </trkpt>
      <trkpt lat="34.35424" lon="-118.01453">
        <ele>1803.21</ele>
        <time>2025-06-15T17:07:19Z</time>
      </trkpt>
      <trkpt lat="34.35421" lon="-118.01454">
        <ele>1803.53</ele>
        <time>2025-06-15T17:07:24Z</time>
      </trkpt>
      <trkpt lat="34.35418" lon="-118.01456">
        <ele>1803.86</ele>
        <time>2025-06-15T17:07:28Z</time>
      </trkpt>
      <trkpt lat="34.35416" lon="-118.01457">
        <ele>1804.03</ele>
        <time>2025-06-15T17:07:31Z</time>
      </trkpt>
      <trkpt lat="34.35413" lon="-118.01458">
        <ele>1804.18</ele>
        <time>2025-06-15T17:07:34Z</time>
      </trkpt>
      <trkpt lat="34.3541" lon="-118.0146">
        <ele>1804.49</ele>
        <time>2025-06-15T17:07:37Z</time>
      </trkpt>
      <trkpt lat="34.35407" lon="-118.01461">
        <ele>1804.83</ele>
        <time>2025-06-15T17:07:40Z</time>
      </trkpt>
      <trkpt lat="34.35404" lon="-118.01463">
        <ele>1805.37</ele>
        <time>2025-06-15T17:07:43Z</time>
      </trkpt>
      <trkpt lat="34.35402" lon="-118.01465">
        <ele>1805.58</ele>
        <time>2025-06-15T17:07:46Z</time>
      </trkpt>
      <trkpt lat="34.354" lon="-118.01467">
        <ele>1805.8</ele>
        <time>2025-06-15T17:07:49Z</time>
      </trkpt>
      <trkpt lat="34.35397" lon="-118.0147">
        <ele>1806.0</ele>
        <time>2025-06-15T17:07:52Z</time>
      </trkpt>
      <trkpt lat="34.35395" lon="-118.01472">
        <ele>1806.0</ele>
        <time>2025-06-15T17:07:55Z</time>
      </trkpt>
      <trkpt lat="34.35393" lon="-118.01475">
        <ele>1806.17</ele>
        <time>2025-06-15T17:07:58Z</time>
      </trkpt>
      <trkpt lat="34.3539" lon="-118.01477">
        <ele>1806.45</ele>
        <time>2025-06-15T17:08:01Z</time>
      </trkpt>
      <trkpt lat="34.35388" lon="-118.01479">
        <ele>1806.76</ele>
        <time>2025-06-15T17:08:04Z</time>
      </trkpt>
      <trkpt lat="34.35387" lon="-118.01483">
        <ele>1807.03</ele>
        <time>2025-06-15T17:08:07Z</time>
      </trkpt>
      <trkpt lat="34.35385" lon="-118.01486">
        <ele>1807.2</ele>
        <time>2025-06-15T17:08:10Z</time>
      </trkpt>
      <trkpt lat="34.35382" lon="-118.01488">
        <ele>1807.52</ele>
        <time>2025-06-15T17:08:13Z</time>
      </trkpt>
      <trkpt lat="34.35379" lon="-118.01489">
        <ele>1807.81</ele>
        <time>2025-06-15T17:08:16Z</time>
      </trkpt>
      <trkpt lat="34.35377" lon="-118.01491">
        <ele>1808.0</ele>
        <time>2025-06-15T17:08:19Z</time>
      </trkpt>
      <trkpt lat="34.35374" lon="-118.01493">
        <ele>1808.0</ele>
        <time>2025-06-15T17:08:22Z</time>
      </trkpt>
      <trkpt lat="34.35372" lon="-118.01495">
        <ele>1808.0</ele>
        <time>2025-06-15T17:08:25Z</time>
      </trkpt>
      <trkpt lat="34.35369" lon="-118.01497">
        <ele>1808.0</ele>
        <time>2025-06-15T17:08:28Z</time>
      </trkpt>
      <trkpt lat="34.35367" lon="-118.01499">
        <ele>1808.0</ele>
        <time>2025-06-15T17:08:31Z</time>
      </trkpt>
      <trkpt lat="34.35364" lon="-118.01501">
        <ele>1808.0</ele>
        <time>2025-06-15T17:08:34Z</time>
      </trkpt>
      <trkpt lat="34.35361" lon="-118.01503">
        <ele>1808.0</ele>
        <time>2025-06-15T17:08:37Z</time>
      </trkpt>
      <trkpt lat="34.35358" lon="-118.01504">
        <ele>1808.0</ele>
        <time>2025-06-15T17:08:40Z</time>
      </trkpt>
      <trkpt lat="34.35355" lon="-118.01506">
        <ele>1808.0</ele>
        <time>2025-06-15T17:08:43Z</time>
      </trkpt>
      <trkpt lat="34.35353" lon="-118.01508">
        <ele>1808.0</ele>
        <time>2025-06-15T17:08:46Z</time>
      </trkpt>
      <trkpt lat="34.3535" lon="-118.01511">
        <ele>1808.0</ele>
        <time>2025-06-15T17:08:49Z</time>
      </trkpt>
      <trkpt lat="34.35347" lon="-118.01513">
        <ele>1808.0</ele>
        <time>2025-06-15T17:08:52Z</time>
      </trkpt>
      <trkpt lat="34.35344" lon="-118.01515">
        <ele>1808.0</ele>
        <time>2025-06-15T17:08:55Z</time>
      </trkpt>
      <trkpt lat="34.35341" lon="-118.01516">
        <ele>1808.05</ele>
        <time>2025-06-15T17:08:58Z</time>
      </trkpt>
      <trkpt lat="34.35338" lon="-118.01517">
        <ele>1808.08</ele>
        <time>2025-06-15T17:09:01Z</time>
      </trkpt>
      <trkpt lat="34.35335" lon="-118.01519">
        <ele>1807.99</ele>
        <time>2025-06-15T17:09:04Z</time>
      </trkpt>
      <trkpt lat="34.35332" lon="-118.0152">
        <ele>1808.14</ele>
        <time>2025-06-15T17:09:07Z</time>
      </trkpt>
      <trkpt lat="34.35329" lon="-118.01522">
        <ele>1808.47</ele>
        <time>2025-06-15T17:09:10Z</time>
      </trkpt>
      <trkpt lat="34.35326" lon="-118.01523">
        <ele>1808.79</ele>
        <time>2025-06-15T17:09:13Z</time>
      </trkpt>
      <trkpt lat="34.35324" lon="-118.01524">
        <ele>1809.0</ele>
        <time>2025-06-15T17:09:16Z</time>
      </trkpt>
      <trkpt lat="34.35321" lon="-118.01525">
        <ele>1809.1</ele>
        <time>2025-06-15T17:09:19Z</time>
      </trkpt>
      <trkpt lat="34.35318" lon="-118.01527">
        <ele>1809.06</ele>
        <time>2025-06-15T17:09:22Z</time>
      </trkpt>
      <trkpt lat="34.35315" lon="-118.01529">
        <ele>1809.0</ele>
        <time>2025-06-15T17:09:25Z</time>
      </trkpt>
      <trkpt lat="34.35313" lon="-118.0153">
        <ele>1809.15</ele>
        <time>2025-06-15T17:09:28Z</time>
      </trkpt>
      <trkpt lat="34.3531" lon="-118.01532">
        <ele>1809.28</ele>
        <time>2025-06-15T17:09:31Z</time>
      </trkpt>
      <trkpt lat="34.35308" lon="-118.01534">
        <ele>1809.24</ele>
        <time>2025-06-15T17:09:34Z</time>
      </trkpt>
      <trkpt lat="34.35306" lon="-118.01536">
        <ele>1809.11</ele>
        <time>2025-06-15T17:09:37Z</time>
      </trkpt>
      <trkpt lat="34.35303" lon="-118.01538">
        <ele>1809.28</ele>
        <time>2025-06-15T17:09:40Z</time>
      </trkpt>
      <trkpt lat="34.35299" lon="-118.01539">
        <ele>1809.71</ele>
        <time>2025-06-15T17:09:43Z</time>
      </trkpt>
      <trkpt lat="34.35296" lon="-118.0154">
        <ele>1810.05</ele>
        <time>2025-06-15T17:09:46Z</time>
      </trkpt>
      <trkpt lat="34.35293" lon="-118.01541">
        <ele>1810.56</ele>
        <time>2025-06-15T17:09:49Z</time>
      </trkpt>
      <trkpt lat="34.3529" lon="-118.01542">
        <ele>1811.0</ele>
        <time>2025-06-15T17:09:52Z</time>
      </trkpt>
      <trkpt lat="34.35287" lon="-118.01543">
        <ele>1811.36</ele>
        <time>2025-06-15T17:09:55Z</time>
      </trkpt>
      <trkpt lat="34.35284" lon="-118.01544">
        <ele>1811.82</ele>
        <time>2025-06-15T17:09:58Z</time>
      </trkpt>
      <trkpt lat="34.35281" lon="-118.01545">
        <ele>1812.35</ele>
        <time>2025-06-15T17:10:01Z</time>
      </trkpt>
      <trkpt lat="34.35277" lon="-118.01546">
        <ele>1813.17</ele>
        <time>2025-06-15T17:10:04Z</time>
      </trkpt>
      <trkpt lat="34.35274" lon="-118.01547">
        <ele>1813.77</ele>
        <time>2025-06-15T17:10:07Z</time>
      </trkpt>
      <trkpt lat="34.35271" lon="-118.01549">
        <ele>1814.39</ele>
        <time>2025-06-15T17:10:10Z</time>
      </trkpt>
      <trkpt lat="34.35269" lon="-118.01552">
        <ele>1814.86</ele>
        <time>2025-06-15T17:10:13Z</time>
      </trkpt>
      <trkpt lat="34.35268" lon="-118.01555">
        <ele>1815.11</ele>
        <time>2025-06-15T17:10:18Z</time>
      </trkpt>
      <trkpt lat="34.35265" lon="-118.01553">
        <ele>1815.66</ele>
        <time>2025-06-15T17:10:25Z</time>
      </trkpt>
      <trkpt lat="34.35262" lon="-118.01552">
        <ele>1816.14</ele>
        <time>2025-06-15T17:10:28Z</time>
      </trkpt>
      <trkpt lat="34.35259" lon="-118.01553">
        <ele>1816.75</ele>
        <time>2025-06-15T17:10:31Z</time>
      </trkpt>
      <trkpt lat="34.35255" lon="-118.01554">
        <ele>1817.29</ele>
        <time>2025-06-15T17:10:34Z</time>
      </trkpt>
      <trkpt lat="34.35252" lon="-118.01555">
        <ele>1817.72</ele>
        <time>2025-06-15T17:10:37Z</time>
      </trkpt>
      <trkpt lat="34.35249" lon="-118.01556">
        <ele>1818.01</ele>
        <time>2025-06-15T17:10:40Z</time>
      </trkpt>
      <trkpt lat="34.35246" lon="-118.01557">
        <ele>1818.07</ele>
        <time>2025-06-15T17:10:43Z</time>
      </trkpt>
      <trkpt lat="34.35242" lon="-118.01557">
        <ele>1818.13</ele>
        <time>2025-06-15T17:10:46Z</time>
      </trkpt>
      <trkpt lat="34.35239" lon="-118.01557">
        <ele>1818.16</ele>
        <time>2025-06-15T17:10:49Z</time>
      </trkpt>
      <trkpt lat="34.35236" lon="-118.01559">
        <ele>1818.37</ele>
        <time>2025-06-15T17:10:52Z</time>
      </trkpt>
      <trkpt lat="34.35233" lon="-118.0156">
        <ele>1818.48</ele>
        <time>2025-06-15T17:10:55Z</time>
      </trkpt>
      <trkpt lat="34.3523" lon="-118.01561">
        <ele>1818.59</ele>
        <time>2025-06-15T17:10:58Z</time>
      </trkpt>
      <trkpt lat="34.35227" lon="-118.01563">
        <ele>1818.8</ele>
        <time>2025-06-15T17:11:01Z</time>
      </trkpt>
      <trkpt lat="34.35224" lon="-118.01565">
        <ele>1819.02</ele>
        <time>2025-06-15T17:11:04Z</time>
      </trkpt>
      <trkpt lat="34.35221" lon="-118.01569">
        <ele>1819.45</ele>
        <time>2025-06-15T17:11:07Z</time>
      </trkpt>
      <trkpt lat="34.35219" lon="-118.01572">
        <ele>1819.78</ele>
        <time>2025-06-15T17:11:10Z</time>
      </trkpt>
      <trkpt lat="34.35216" lon="-118.01575">
        <ele>1820.1</ele>
        <time>2025-06-15T17:11:13Z</time>
      </trkpt>
      <trkpt lat="34.35214" lon="-118.01578">
        <ele>1820.42</ele>
        <time>2025-06-15T17:11:16Z</time>
      </trkpt>
      <trkpt lat="34.35212" lon="-118.01581">
        <ele>1820.83</ele>
        <time>2025-06-15T17:11:19Z</time>
      </trkpt>
      <trkpt lat="34.35211" lon="-118.01585">
        <ele>1821.21</ele>
        <time>2025-06-15T17:11:22Z</time>
      </trkpt>
      <trkpt lat="34.35209" lon="-118.01589">
        <ele>1821.43</ele>
        <time>2025-06-15T17:11:25Z</time>
      </trkpt>
      <trkpt lat="34.35207" lon="-118.01592">
        <ele>1821.64</ele>
        <time>2025-06-15T17:11:28Z</time>
      </trkpt>
      <trkpt lat="34.35204" lon="-118.01594">
        <ele>1822.12</ele>
        <time>2025-06-15T17:11:31Z</time>
      </trkpt>
      <trkpt lat="34.35202" lon="-118.01595">
        <ele>1822.58</ele>
        <time>2025-06-15T17:11:34Z</time>
      </trkpt>
      <trkpt lat="34.35199" lon="-118.01597">
        <ele>1823.25</ele>
        <time>2025-06-15T17:11:37Z</time>
      </trkpt>
      <trkpt lat="34.35197" lon="-118.01598">
        <ele>1823.61</ele>
        <time>2025-06-15T17:11:40Z</time>
      </trkpt>
      <trkpt lat="34.35194" lon="-118.016">
        <ele>1824.1</ele>
        <time>2025-06-15T17:11:43Z</time>
      </trkpt>
      <trkpt lat="34.35192" lon="-118.01601">
        <ele>1824.53</ele>
        <time>2025-06-15T17:11:46Z</time>
      </trkpt>
      <trkpt lat="34.35189" lon="-118.01602">
        <ele>1825.19</ele>
        <time>2025-06-15T17:11:49Z</time>
      </trkpt>
      <trkpt lat="34.35186" lon="-118.01604">
        <ele>1826.04</ele>
        <time>2025-06-15T17:11:53Z</time>
      </trkpt>
      <trkpt lat="34.35183" lon="-118.01605">
        <ele>1826.81</ele>
        <time>2025-06-15T17:11:56Z</time>
      </trkpt>
      <trkpt lat="34.35181" lon="-118.01608">
        <ele>1827.57</ele>
        <time>2025-06-15T17:11:59Z</time>
      </trkpt>
      <trkpt lat="34.35178" lon="-118.0161">
        <ele>1828.43</ele>
        <time>2025-06-15T17:12:02Z</time>
      </trkpt>
      <trkpt lat="34.35176" lon="-118.01613">
        <ele>1828.98</ele>
        <time>2025-06-15T17:12:05Z</time>
      </trkpt>
      <trkpt lat="34.35173" lon="-118.01615">
        <ele>1829.45</ele>
        <time>2025-06-15T17:12:08Z</time>
      </trkpt>
      <trkpt lat="34.35171" lon="-118.01618">
        <ele>1829.93</ele>
        <time>2025-06-15T17:12:11Z</time>
      </trkpt>
      <trkpt lat="34.35168" lon="-118.0162">
        <ele>1830.68</ele>
        <time>2025-06-15T17:12:14Z</time>
      </trkpt>
      <trkpt lat="34.35165" lon="-118.01621">
        <ele>1831.18</ele>
        <time>2025-06-15T17:12:18Z</time>
      </trkpt>
      <trkpt lat="34.35162" lon="-118.01622">
        <ele>1831.5</ele>
        <time>2025-06-15T17:12:22Z</time>
      </trkpt>
      <trkpt lat="34.35159" lon="-118.01623">
        <ele>1831.83</ele>
        <time>2025-06-15T17:12:26Z</time>
      </trkpt>
      <trkpt lat="34.35156" lon="-118.01624">
        <ele>1832.21</ele>
        <time>2025-06-15T17:12:29Z</time>
      </trkpt>
      <trkpt lat="34.35153" lon="-118.01624">
        <ele>1832.66</ele>
        <time>2025-06-15T17:12:32Z</time>
      </trkpt>
      <trkpt lat="34.3515" lon="-118.01624">
        <ele>1833.11</ele>
        <time>2025-06-15T17:12:36Z</time>
      </trkpt>
      <trkpt lat="34.35147" lon="-118.01625">
        <ele>1833.75</ele>
        <time>2025-06-15T17:12:40Z</time>
      </trkpt>
      <trkpt lat="34.35145" lon="-118.01627">
        <ele>1834.4</ele>
        <time>2025-06-15T17:12:43Z</time>
      </trkpt>
      <trkpt lat="34.35142" lon="-118.0163">
        <ele>1835.33</ele>
        <time>2025-06-15T17:12:46Z</time>
      </trkpt>
      <trkpt lat="34.3514" lon="-118.01631">
        <ele>1835.76</ele>
        <time>2025-06-15T17:12:49Z</time>
      </trkpt>
      <trkpt lat="34.35137" lon="-118.01632">
        <ele>1836.61</ele>
        <time>2025-06-15T17:12:52Z</time>
      </trkpt>
      <trkpt lat="34.35133" lon="-118.01633">
        <ele>1837.91</ele>
        <time>2025-06-15T17:12:56Z</time>
      </trkpt>
      <trkpt lat="34.35131" lon="-118.01633">
        <ele>1838.56</ele>
        <time>2025-06-15T17:12:59Z</time>
      </trkpt>
      <trkpt lat="34.35128" lon="-118.01634">
        <ele>1839.44</ele>
        <time>2025-06-15T17:13:02Z</time>
      </trkpt>
      <trkpt lat="34.35125" lon="-118.01635">
        <ele>1840.29</ele>
        <time>2025-06-15T17:13:06Z</time>
      </trkpt>
      <trkpt lat="34.35123" lon="-118.01637">
        <ele>1841.0</ele>
        <time>2025-06-15T17:13:09Z</time>
      </trkpt>
      <trkpt lat="34.3512" lon="-118.01639">
        <ele>1842.08</ele>
        <time>2025-06-15T17:13:12Z</time>
      </trkpt>
      <trkpt lat="34.35117" lon="-118.01641">
        <ele>1842.73</ele>
        <time>2025-06-15T17:13:15Z</time>
      </trkpt>
      <trkpt lat="34.35115" lon="-118.01643">
        <ele>1843.16</ele>
        <time>2025-06-15T17:13:18Z</time>
      </trkpt>
      <trkpt lat="34.35112" lon="-118.01644">
        <ele>1843.81</ele>
        <time>2025-06-15T17:13:21Z</time>
      </trkpt>
      <trkpt lat="34.35109" lon="-118.01645">
        <ele>1844.38</ele>
        <time>2025-06-15T17:13:24Z</time>
      </trkpt>
      <trkpt lat="34.35106" lon="-118.01645">
        <ele>1844.92</ele>
        <time>2025-06-15T17:13:27Z</time>
      </trkpt>
      <trkpt lat="34.35103" lon="-118.01645">
        <ele>1845.45</ele>
        <time>2025-06-15T17:13:30Z</time>
      </trkpt>
      <trkpt lat="34.351" lon="-118.01646">
        <ele>1846.17</ele>
        <time>2025-06-15T17:13:34Z</time>
      </trkpt>
      <trkpt lat="34.35097" lon="-118.01647">
        <ele>1846.92</ele>
        <time>2025-06-15T17:13:38Z</time>
      </trkpt>
      <trkpt lat="34.35094" lon="-118.01648">
        <ele>1847.68</ele>
        <time>2025-06-15T17:13:41Z</time>
      </trkpt>
      <trkpt lat="34.3509" lon="-118.01649">
        <ele>1848.59</ele>
        <time>2025-06-15T17:13:45Z</time>
      </trkpt>
      <trkpt lat="34.35087" lon="-118.0165">
        <ele>1849.33</ele>
        <time>2025-06-15T17:13:48Z</time>
      </trkpt>
      <trkpt lat="34.35084" lon="-118.01649">
        <ele>1849.94</ele>
        <time>2025-06-15T17:13:52Z</time>
      </trkpt>
      <trkpt lat="34.35081" lon="-118.01649">
        <ele>1850.82</ele>
        <time>2025-06-15T17:13:58Z</time>
      </trkpt>
      <trkpt lat="34.35079" lon="-118.01647">
        <ele>1851.28</ele>
        <time>2025-06-15T17:14:03Z</time>
      </trkpt>
      <trkpt lat="34.35076" lon="-118.01646">
        <ele>1852.14</ele>
        <time>2025-06-15T17:14:08Z</time>
      </trkpt>
      <trkpt lat="34.35073" lon="-118.01645">
        <ele>1852.89</ele>
        <time>2025-06-15T17:14:13Z</time>
      </trkpt>
      <trkpt lat="34.3507" lon="-118.01642">
        <ele>1853.22</ele>
        <time>2025-06-15T17:14:17Z</time>
      </trkpt>
      <trkpt lat="34.35068" lon="-118.01641">
        <ele>1853.54</ele>
        <time>2025-06-15T17:14:20Z</time>
      </trkpt>
      <trkpt lat="34.35066" lon="-118.01645">
        <ele>1854.4</ele>
        <time>2025-06-15T17:14:24Z</time>
      </trkpt>
      <trkpt lat="34.35066" lon="-118.01648">
        <ele>1854.73</ele>
        <time>2025-06-15T17:14:26Z</time>
      </trkpt>
      <trkpt lat="34.35066" lon="-118.01652">
        <ele>1855.11</ele>
        <time>2025-06-15T17:14:29Z</time>
      </trkpt>
      <trkpt lat="34.35065" lon="-118.01655">
        <ele>1855.69</ele>
        <time>2025-06-15T17:14:32Z</time>
      </trkpt>
      <trkpt lat="34.35064" lon="-118.01658">
        <ele>1856.33</ele>
        <time>2025-06-15T17:14:36Z</time>
      </trkpt>
      <trkpt lat="34.35061" lon="-118.01661">
        <ele>1857.62</ele>
        <time>2025-06-15T17:14:41Z</time>
      </trkpt>
      <trkpt lat="34.3506" lon="-118.01665">
        <ele>1858.38</ele>
        <time>2025-06-15T17:14:47Z</time>
      </trkpt>
      <trkpt lat="34.3506" lon="-118.01668">
        <ele>1858.7</ele>
        <time>2025-06-15T17:14:52Z</time>
      </trkpt>
      <trkpt lat="34.35058" lon="-118.01671">
        <ele>1859.68</ele>
        <time>2025-06-15T17:14:58Z</time>
      </trkpt>
      <trkpt lat="34.35057" lon="-118.01675">
        <ele>1860.43</ele>
        <time>2025-06-15T17:15:02Z</time>
      </trkpt>
      <trkpt lat="34.35056" lon="-118.01679">
        <ele>1861.17</ele>
        <time>2025-06-15T17:15:06Z</time>
      </trkpt>
      <trkpt lat="34.35056" lon="-118.01682">
        <ele>1861.48</ele>
        <time>2025-06-15T17:15:09Z</time>
      </trkpt>
      <trkpt lat="34.35055" lon="-118.01686">
        <ele>1862.24</ele>
        <time>2025-06-15T17:15:13Z</time>
      </trkpt>
      <trkpt lat="34.35054" lon="-118.01689">
        <ele>1862.67</ele>
        <time>2025-06-15T17:15:16Z</time>
      </trkpt>
      <trkpt lat="34.35052" lon="-118.01693">
        <ele>1863.54</ele>
        <time>2025-06-15T17:15:20Z</time>
      </trkpt>
      <trkpt lat="34.3505" lon="-118.01694">
        <ele>1864.4</ele>
        <time>2025-06-15T17:15:25Z</time>
      </trkpt>
      <trkpt lat="34.35047" lon="-118.01693">
        <ele>1865.7</ele>
        <time>2025-06-15T17:15:45Z</time>
      </trkpt>
      <trkpt lat="34.35048" lon="-118.01696">
        <ele>1865.26</ele>
        <time>2025-06-15T17:16:18Z</time>
      </trkpt>
      <trkpt lat="34.35043" lon="-118.01695">
        <ele>1867.05</ele>
        <time>2025-06-15T17:17:53Z</time>
      </trkpt>
      <trkpt lat="34.35038" lon="-118.01699">
        <ele>1868.25</ele>
        <time>2025-06-15T17:18:01Z</time>
      </trkpt>
      <trkpt lat="34.35033" lon="-118.01701">
        <ele>1869.16</ele>
        <time>2025-06-15T17:18:06Z</time>
      </trkpt>
      <trkpt lat="34.35028" lon="-118.01703">
        <ele>1870.03</ele>
        <time>2025-06-15T17:18:12Z</time>
      </trkpt>
      <trkpt lat="34.35024" lon="-118.01703">
        <ele>1870.52</ele>
        <time>2025-06-15T17:18:17Z</time>
      </trkpt>
      <trkpt lat="34.35021" lon="-118.017">
        <ele>1871.42</ele>
        <time>2025-06-15T17:18:22Z</time>
      </trkpt>
      <trkpt lat="34.35019" lon="-118.01697">
        <ele>1872.36</ele>
        <time>2025-06-15T17:18:28Z</time>
      </trkpt>
      <trkpt lat="34.35017" lon="-118.01694">
        <ele>1873.38</ele>
        <time>2025-06-15T17:18:35Z</time>
      </trkpt>
      <trkpt lat="34.35015" lon="-118.01691">
        <ele>1874.27</ele>
        <time>2025-06-15T17:18:39Z</time>
      </trkpt>
      <trkpt lat="34.35014" lon="-118.01687">
        <ele>1875.17</ele>
        <time>2025-06-15T17:18:42Z</time>
      </trkpt>
      <trkpt lat="34.35014" lon="-118.01682">
        <ele>1875.81</ele>
        <time>2025-06-15T17:18:46Z</time>
      </trkpt>
      <trkpt lat="34.35013" lon="-118.01678">
        <ele>1876.56</ele>
        <time>2025-06-15T17:18:50Z</time>
      </trkpt>
      <trkpt lat="34.35012" lon="-118.01675">
        <ele>1877.04</ele>
        <time>2025-06-15T17:18:53Z</time>
      </trkpt>
      <trkpt lat="34.3501" lon="-118.01671">
        <ele>1877.27</ele>
        <time>2025-06-15T17:18:57Z</time>
      </trkpt>
      <trkpt lat="34.35008" lon="-118.01667">
        <ele>1877.3</ele>
        <time>2025-06-15T17:19:01Z</time>
      </trkpt>
      <trkpt lat="34.35005" lon="-118.01663">
        <ele>1877.92</ele>
        <time>2025-06-15T17:19:05Z</time>
      </trkpt>
      <trkpt lat="34.35003" lon="-118.0166">
        <ele>1878.35</ele>
        <time>2025-06-15T17:19:08Z</time>
      </trkpt>
      <trkpt lat="34.35001" lon="-118.01656">
        <ele>1878.62</ele>
        <time>2025-06-15T17:19:11Z</time>
      </trkpt>
      <trkpt lat="34.34999" lon="-118.01652">
        <ele>1878.52</ele>
        <time>2025-06-15T17:19:14Z</time>
      </trkpt>
      <trkpt lat="34.34998" lon="-118.01648">
        <ele>1878.19</ele>
        <time>2025-06-15T17:19:17Z</time>
      </trkpt>
      <trkpt lat="34.34995" lon="-118.01644">
        <ele>1877.89</ele>
        <time>2025-06-15T17:19:21Z</time>
      </trkpt>
      <trkpt lat="34.34992" lon="-118.01641">
        <ele>1877.99</ele>
        <time>2025-06-15T17:19:24Z</time>
      </trkpt>
      <trkpt lat="34.34989" lon="-118.01639">
        <ele>1878.39</ele>
        <time>2025-06-15T17:19:27Z</time>
      </trkpt>
      <trkpt lat="34.34987" lon="-118.01637">
        <ele>1878.48</ele>
        <time>2025-06-15T17:19:30Z</time>
      </trkpt>
      <trkpt lat="34.34984" lon="-118.01634">
        <ele>1878.78</ele>
        <time>2025-06-15T17:19:34Z</time>
      </trkpt>
      <trkpt lat="34.34982" lon="-118.01632">
        <ele>1879.1</ele>
        <time>2025-06-15T17:19:38Z</time>
      </trkpt>
      <trkpt lat="34.3498" lon="-118.01629">
        <ele>1879.03</ele>
        <time>2025-06-15T17:19:41Z</time>
      </trkpt>
      <trkpt lat="34.34978" lon="-118.01625">
        <ele>1878.56</ele>
        <time>2025-06-15T17:19:45Z</time>
      </trkpt>
      <trkpt lat="34.34976" lon="-118.01621">
        <ele>1878.28</ele>
        <time>2025-06-15T17:19:49Z</time>
      </trkpt>
      <trkpt lat="34.34973" lon="-118.01618">
        <ele>1878.55</ele>
        <time>2025-06-15T17:19:52Z</time>
      </trkpt>
      <trkpt lat="34.3497" lon="-118.01614">
        <ele>1878.72</ele>
        <time>2025-06-15T17:19:55Z</time>
      </trkpt>
      <trkpt lat="34.34966" lon="-118.01612">
        <ele>1879.38</ele>
        <time>2025-06-15T17:19:58Z</time>
      </trkpt>
      <trkpt lat="34.34962" lon="-118.0161">
        <ele>1880.0</ele>
        <time>2025-06-15T17:20:02Z</time>
      </trkpt>
      <trkpt lat="34.34958" lon="-118.01609">
        <ele>1880.43</ele>
        <time>2025-06-15T17:20:06Z</time>
      </trkpt>
      <trkpt lat="34.34955" lon="-118.01607">
        <ele>1880.8</ele>
        <time>2025-06-15T17:20:10Z</time>
      </trkpt>
      <trkpt lat="34.34952" lon="-118.01606">
        <ele>1880.92</ele>
        <time>2025-06-15T17:20:13Z</time>
      </trkpt>
      <trkpt lat="34.34948" lon="-118.01604">
        <ele>1880.86</ele>
        <time>2025-06-15T17:20:16Z</time>
      </trkpt>
      <trkpt lat="34.34944" lon="-118.01602">
        <ele>1880.94</ele>
        <time>2025-06-15T17:20:19Z</time>
      </trkpt>
      <trkpt lat="34.34941" lon="-118.01599">
        <ele>1880.74</ele>
        <time>2025-06-15T17:20:22Z</time>
      </trkpt>
      <trkpt lat="34.34939" lon="-118.01596">
        <ele>1880.78</ele>
        <time>2025-06-15T17:20:25Z</time>
      </trkpt>
      <trkpt lat="34.34938" lon="-118.01592">
        <ele>1881.0</ele>
        <time>2025-06-15T17:20:29Z</time>
      </trkpt>
      <trkpt lat="34.34937" lon="-118.01587">
        <ele>1881.0</ele>
        <time>2025-06-15T17:20:33Z</time>
      </trkpt>
      <trkpt lat="34.34934" lon="-118.01583">
        <ele>1881.0</ele>
        <time>2025-06-15T17:20:37Z</time>
      </trkpt>
      <trkpt lat="34.34932" lon="-118.0158">
        <ele>1881.0</ele>
        <time>2025-06-15T17:20:41Z</time>
      </trkpt>
      <trkpt lat="34.3493" lon="-118.01575">
        <ele>1881.0</ele>
        <time>2025-06-15T17:20:46Z</time>
      </trkpt>
      <trkpt lat="34.34928" lon="-118.01572">
        <ele>1880.95</ele>
        <time>2025-06-15T17:20:49Z</time>
      </trkpt>
      <trkpt lat="34.34925" lon="-118.01568">
        <ele>1881.0</ele>
        <time>2025-06-15T17:20:52Z</time>
      </trkpt>
      <trkpt lat="34.34922" lon="-118.01565">
        <ele>1881.0</ele>
        <time>2025-06-15T17:20:55Z</time>
      </trkpt>
      <trkpt lat="34.34919" lon="-118.01563">
        <ele>1880.75</ele>
        <time>2025-06-15T17:20:58Z</time>
      </trkpt>
      <trkpt lat="34.34916" lon="-118.01561">
        <ele>1880.55</ele>
        <time>2025-06-15T17:21:02Z</time>
      </trkpt>
      <trkpt lat="34.34912" lon="-118.01558">
        <ele>1880.13</ele>
        <time>2025-06-15T17:21:06Z</time>
      </trkpt>
      <trkpt lat="34.3491" lon="-118.01555">
        <ele>1879.92</ele>
        <time>2025-06-15T17:21:10Z</time>
      </trkpt>
      <trkpt lat="34.34907" lon="-118.01553">
        <ele>1879.74</ele>
        <time>2025-06-15T17:21:14Z</time>
      </trkpt>
      <trkpt lat="34.34905" lon="-118.0155">
        <ele>1879.56</ele>
        <time>2025-06-15T17:21:17Z</time>
      </trkpt>
      <trkpt lat="34.34903" lon="-118.01546">
        <ele>1879.41</ele>
        <time>2025-06-15T17:21:22Z</time>
      </trkpt>
      <trkpt lat="34.349" lon="-118.01543">
        <ele>1879.09</ele>
        <time>2025-06-15T17:21:26Z</time>
      </trkpt>
      <trkpt lat="34.34898" lon="-118.01537">
        <ele>1878.0</ele>
        <time>2025-06-15T17:23:58Z</time>
      </trkpt>
      <trkpt lat="34.34893" lon="-118.01531">
        <ele>1875.3</ele>
        <time>2025-06-15T17:26:42Z</time>
      </trkpt>
      <trkpt lat="34.34891" lon="-118.01527">
        <ele>1873.27</ele>
        <time>2025-06-15T17:27:02Z</time>
      </trkpt>
      <trkpt lat="34.3489" lon="-118.01531">
        <ele>1875.62</ele>
        <time>2025-06-15T17:27:22Z</time>
      </trkpt>
      <trkpt lat="34.34894" lon="-118.01537">
        <ele>1878.43</ele>
        <time>2025-06-15T17:29:09Z</time>
      </trkpt>
      <trkpt lat="34.34899" lon="-118.01537">
        <ele>1877.89</ele>
        <time>2025-06-15T17:41:36Z</time>
      </trkpt>
      <trkpt lat="34.34903" lon="-118.01541">
        <ele>1878.33</ele>
        <time>2025-06-15T17:41:42Z</time>
      </trkpt>
      <trkpt lat="34.34906" lon="-118.01546">
        <ele>1879.09</ele>
        <time>2025-06-15T17:41:49Z</time>
      </trkpt>
      <trkpt lat="34.34908" lon="-118.0155">
        <ele>1879.36</ele>
        <time>2025-06-15T17:41:55Z</time>
      </trkpt>
      <trkpt lat="34.34911" lon="-118.01553">
        <ele>1879.62</ele>
        <time>2025-06-15T17:42:00Z</time>
      </trkpt>
      <trkpt lat="34.34914" lon="-118.01556">
        <ele>1880.03</ele>
        <time>2025-06-15T17:42:05Z</time>
      </trkpt>
      <trkpt lat="34.34917" lon="-118.01558">
        <ele>1880.24</ele>
        <time>2025-06-15T17:42:09Z</time>
      </trkpt>
      <trkpt lat="34.3492" lon="-118.0156">
        <ele>1880.29</ele>
        <time>2025-06-15T17:42:12Z</time>
      </trkpt>
      <trkpt lat="34.34922" lon="-118.01562">
        <ele>1880.52</ele>
        <time>2025-06-15T17:42:15Z</time>
      </trkpt>
      <trkpt lat="34.34924" lon="-118.01564">
        <ele>1880.84</ele>
        <time>2025-06-15T17:42:18Z</time>
      </trkpt>
      <trkpt lat="34.34926" lon="-118.01567">
        <ele>1880.99</ele>
        <time>2025-06-15T17:42:21Z</time>
      </trkpt>
      <trkpt lat="34.34928" lon="-118.0157">
        <ele>1880.9</ele>
        <time>2025-06-15T17:42:25Z</time>
      </trkpt>
      <trkpt lat="34.3493" lon="-118.01573">
        <ele>1880.95</ele>
        <time>2025-06-15T17:42:28Z</time>
      </trkpt>
      <trkpt lat="34.34931" lon="-118.01576">
        <ele>1881.0</ele>
        <time>2025-06-15T17:42:31Z</time>
      </trkpt>
      <trkpt lat="34.34933" lon="-118.01579">
        <ele>1881.0</ele>
        <time>2025-06-15T17:42:34Z</time>
      </trkpt>
      <trkpt lat="34.34935" lon="-118.01582">
        <ele>1881.0</ele>
        <time>2025-06-15T17:42:37Z</time>
      </trkpt>
      <trkpt lat="34.34937" lon="-118.01585">
        <ele>1881.0</ele>
        <time>2025-06-15T17:42:41Z</time>
      </trkpt>
      <trkpt lat="34.34938" lon="-118.01589">
        <ele>1881.0</ele>
        <time>2025-06-15T17:42:45Z</time>
      </trkpt>
      <trkpt lat="34.3494" lon="-118.01592">
        <ele>1881.0</ele>
        <time>2025-06-15T17:42:48Z</time>
      </trkpt>
      <trkpt lat="34.34941" lon="-118.01596">
        <ele>1880.86</ele>
        <time>2025-06-15T17:42:51Z</time>
      </trkpt>
      <trkpt lat="34.34943" lon="-118.01598">
        <ele>1880.91</ele>
        <time>2025-06-15T17:42:54Z</time>
      </trkpt>
      <trkpt lat="34.34946" lon="-118.016">
        <ele>1881.0</ele>
        <time>2025-06-15T17:42:57Z</time>
      </trkpt>
      <trkpt lat="34.34949" lon="-118.01602">
        <ele>1880.99</ele>
        <time>2025-06-15T17:43:01Z</time>
      </trkpt>
      <trkpt lat="34.34951" lon="-118.01603">
        <ele>1880.96</ele>
        <time>2025-06-15T17:43:04Z</time>
      </trkpt>
      <trkpt lat="34.34954" lon="-118.01605">
        <ele>1880.95</ele>
        <time>2025-06-15T17:43:07Z</time>
      </trkpt>
      <trkpt lat="34.34956" lon="-118.01607">
        <ele>1880.64</ele>
        <time>2025-06-15T17:43:13Z</time>
      </trkpt>
      <trkpt lat="34.34959" lon="-118.0161">
        <ele>1880.36</ele>
        <time>2025-06-15T17:43:18Z</time>
      </trkpt>
      <trkpt lat="34.34962" lon="-118.01611">
        <ele>1880.09</ele>
        <time>2025-06-15T17:43:21Z</time>
      </trkpt>
      <trkpt lat="34.34964" lon="-118.01614">
        <ele>1879.81</ele>
        <time>2025-06-15T17:43:24Z</time>
      </trkpt>
      <trkpt lat="34.34966" lon="-118.01615">
        <ele>1879.48</ele>
        <time>2025-06-15T17:43:27Z</time>
      </trkpt>
      <trkpt lat="34.34969" lon="-118.01618">
        <ele>1879.18</ele>
        <time>2025-06-15T17:43:30Z</time>
      </trkpt>
      <trkpt lat="34.34971" lon="-118.01621">
        <ele>1879.19</ele>
        <time>2025-06-15T17:43:33Z</time>
      </trkpt>
      <trkpt lat="34.34973" lon="-118.01624">
        <ele>1879.26</ele>
        <time>2025-06-15T17:43:37Z</time>
      </trkpt>
      <trkpt lat="34.34975" lon="-118.01627">
        <ele>1879.33</ele>
        <time>2025-06-15T17:43:40Z</time>
      </trkpt>
      <trkpt lat="34.34978" lon="-118.0163">
        <ele>1879.4</ele>
        <time>2025-06-15T17:43:43Z</time>
      </trkpt>
      <trkpt lat="34.3498" lon="-118.01633">
        <ele>1879.47</ele>
        <time>2025-06-15T17:43:46Z</time>
      </trkpt>
      <trkpt lat="34.34982" lon="-118.01636">
        <ele>1879.56</ele>
        <time>2025-06-15T17:43:49Z</time>
      </trkpt>
      <trkpt lat="34.34984" lon="-118.01638">
        <ele>1879.33</ele>
        <time>2025-06-15T17:43:52Z</time>
      </trkpt>
      <trkpt lat="34.34985" lon="-118.01641">
        <ele>1879.33</ele>
        <time>2025-06-15T17:43:55Z</time>
      </trkpt>
      <trkpt lat="34.34988" lon="-118.01643">
        <ele>1878.9</ele>
        <time>2025-06-15T17:43:58Z</time>
      </trkpt>
      <trkpt lat="34.34991" lon="-118.01645">
        <ele>1878.62</ele>
        <time>2025-06-15T17:44:01Z</time>
      </trkpt>
      <trkpt lat="34.34994" lon="-118.01648">
        <ele>1878.63</ele>
        <time>2025-06-15T17:44:04Z</time>
      </trkpt>
      <trkpt lat="34.34996" lon="-118.01651">
        <ele>1878.74</ele>
        <time>2025-06-15T17:44:07Z</time>
      </trkpt>
      <trkpt lat="34.34998" lon="-118.01654">
        <ele>1878.85</ele>
        <time>2025-06-15T17:44:10Z</time>
      </trkpt>
      <trkpt lat="34.34999" lon="-118.01658">
        <ele>1879.11</ele>
        <time>2025-06-15T17:44:13Z</time>
      </trkpt>
      <trkpt lat="34.35001" lon="-118.01661">
        <ele>1878.78</ele>
        <time>2025-06-15T17:44:16Z</time>
      </trkpt>
      <trkpt lat="34.35003" lon="-118.01665">
        <ele>1878.35</ele>
        <time>2025-06-15T17:44:19Z</time>
      </trkpt>
      <trkpt lat="34.35004" lon="-118.01668">
        <ele>1878.2</ele>
        <time>2025-06-15T17:44:22Z</time>
      </trkpt>
      <trkpt lat="34.35006" lon="-118.01671">
        <ele>1878.01</ele>
        <time>2025-06-15T17:44:25Z</time>
      </trkpt>
      <trkpt lat="34.35008" lon="-118.01675">
        <ele>1878.05</ele>
        <time>2025-06-15T17:44:28Z</time>
      </trkpt>
      <trkpt lat="34.35009" lon="-118.01678">
        <ele>1877.8</ele>
        <time>2025-06-15T17:44:31Z</time>
      </trkpt>
      <trkpt lat="34.35011" lon="-118.01681">
        <ele>1876.89</ele>
        <time>2025-06-15T17:44:34Z</time>
      </trkpt>
      <trkpt lat="34.35011" lon="-118.01686">
        <ele>1876.28</ele>
        <time>2025-06-15T17:44:37Z</time>
      </trkpt>
      <trkpt lat="34.35011" lon="-118.01691">
        <ele>1875.3</ele>
        <time>2025-06-15T17:44:40Z</time>
      </trkpt>
      <trkpt lat="34.35013" lon="-118.01694">
        <ele>1874.27</ele>
        <time>2025-06-15T17:44:43Z</time>
      </trkpt>
      <trkpt lat="34.35015" lon="-118.01698">
        <ele>1873.14</ele>
        <time>2025-06-15T17:44:46Z</time>
      </trkpt>
      <trkpt lat="34.35016" lon="-118.01702">
        <ele>1872.13</ele>
        <time>2025-06-15T17:44:49Z</time>
      </trkpt>
      <trkpt lat="34.35018" lon="-118.01705">
        <ele>1871.03</ele>
        <time>2025-06-15T17:44:52Z</time>
      </trkpt>
      <trkpt lat="34.3502" lon="-118.01708">
        <ele>1870.3</ele>
        <time>2025-06-15T17:44:55Z</time>
      </trkpt>
      <trkpt lat="34.35022" lon="-118.01711">
        <ele>1869.54</ele>
        <time>2025-06-15T17:44:59Z</time>
      </trkpt>
      <trkpt lat="34.3502" lon="-118.01713">
        <ele>1869.68</ele>
        <time>2025-06-15T17:45:07Z</time>
      </trkpt>
      <trkpt lat="34.35016" lon="-118.01714">
        <ele>1870.67</ele>
        <time>2025-06-15T17:45:11Z</time>
      </trkpt>
      <trkpt lat="34.35013" lon="-118.01714">
        <ele>1871.61</ele>
        <time>2025-06-15T17:45:14Z</time>
      </trkpt>
      <trkpt lat="34.35011" lon="-118.01716">
        <ele>1871.84</ele>
        <time>2025-06-15T17:45:17Z</time>
      </trkpt>
      <trkpt lat="34.35009" lon="-118.0172">
        <ele>1871.56</ele>
        <time>2025-06-15T17:45:20Z</time>
      </trkpt>
      <trkpt lat="34.35007" lon="-118.01722">
        <ele>1871.77</ele>
        <time>2025-06-15T17:45:23Z</time>
      </trkpt>
      <trkpt lat="34.35004" lon="-118.01723">
        <ele>1872.62</ele>
        <time>2025-06-15T17:45:26Z</time>
      </trkpt>
      <trkpt lat="34.35002" lon="-118.01725">
        <ele>1873.05</ele>
        <time>2025-06-15T17:45:29Z</time>
      </trkpt>
      <trkpt lat="34.34999" lon="-118.01728">
        <ele>1873.52</ele>
        <time>2025-06-15T17:45:32Z</time>
      </trkpt>
      <trkpt lat="34.34996" lon="-118.0173">
        <ele>1873.66</ele>
        <time>2025-06-15T17:45:35Z</time>
      </trkpt>
      <trkpt lat="34.34994" lon="-118.01733">
        <ele>1873.43</ele>
        <time>2025-06-15T17:45:38Z</time>
      </trkpt>
      <trkpt lat="34.34991" lon="-118.01734">
        <ele>1873.69</ele>
        <time>2025-06-15T17:45:41Z</time>
      </trkpt>
      <trkpt lat="34.34988" lon="-118.01736">
        <ele>1873.81</ele>
        <time>2025-06-15T17:45:44Z</time>
      </trkpt>
      <trkpt lat="34.34985" lon="-118.01739">
        <ele>1873.81</ele>
        <time>2025-06-15T17:45:48Z</time>
      </trkpt>
      <trkpt lat="34.34984" lon="-118.01742">
        <ele>1873.59</ele>
        <time>2025-06-15T17:45:51Z</time>
      </trkpt>
      <trkpt lat="34.34982" lon="-118.01746">
        <ele>1873.38</ele>
        <time>2025-06-15T17:45:54Z</time>
      </trkpt>
      <trkpt lat="34.3498" lon="-118.01749">
        <ele>1873.11</ele>
        <time>2025-06-15T17:45:58Z</time>
      </trkpt>
      <trkpt lat="34.34978" lon="-118.01753">
        <ele>1872.68</ele>
        <time>2025-06-15T17:46:01Z</time>
      </trkpt>
      <trkpt lat="34.34977" lon="-118.01758">
        <ele>1872.14</ele>
        <time>2025-06-15T17:46:04Z</time>
      </trkpt>
      <trkpt lat="34.34976" lon="-118.01762">
        <ele>1872.0</ele>
        <time>2025-06-15T17:46:07Z</time>
      </trkpt>
      <trkpt lat="34.34974" lon="-118.01766">
        <ele>1872.0</ele>
        <time>2025-06-15T17:46:11Z</time>
      </trkpt>
      <trkpt lat="34.34973" lon="-118.01771">
        <ele>1871.73</ele>
        <time>2025-06-15T17:46:15Z</time>
      </trkpt>
      <trkpt lat="34.34973" lon="-118.01776">
        <ele>1871.19</ele>
        <time>2025-06-15T17:46:19Z</time>
      </trkpt>
      <trkpt lat="34.34977" lon="-118.01778">
        <ele>1871.0</ele>
        <time>2025-06-15T17:46:30Z</time>
      </trkpt>
      <trkpt lat="34.34982" lon="-118.01776">
        <ele>1871.14</ele>
        <time>2025-06-15T17:47:32Z</time>
      </trkpt>
      <trkpt lat="34.34974" lon="-118.01772">
        <ele>1871.62</ele>
        <time>2025-06-15T17:48:55Z</time>
      </trkpt>
      <trkpt lat="34.34974" lon="-118.01779">
        <ele>1871.0</ele>
        <time>2025-06-15T17:49:31Z</time>
      </trkpt>
      <trkpt lat="34.34972" lon="-118.01786">
        <ele>1871.0</ele>
        <time>2025-06-15T17:49:40Z</time>
      </trkpt>
      <trkpt lat="34.3497" lon="-118.01793">
        <ele>1871.0</ele>
        <time>2025-06-15T17:49:45Z</time>
      </trkpt>
      <trkpt lat="34.34967" lon="-118.01798">
        <ele>1871.0</ele>
        <time>2025-06-15T17:49:50Z</time>
      </trkpt>
      <trkpt lat="34.34967" lon="-118.01805">
        <ele>1871.0</ele>
        <time>2025-06-15T17:49:55Z</time>
      </trkpt>
      <trkpt lat="34.34967" lon="-118.0181">
        <ele>1870.79</ele>
        <time>2025-06-15T17:49:59Z</time>
      </trkpt>
      <trkpt lat="34.34965" lon="-118.01814">
        <ele>1870.8</ele>
        <time>2025-06-15T17:50:03Z</time>
      </trkpt>
      <trkpt lat="34.34964" lon="-118.01819">
        <ele>1870.94</ele>
        <time>2025-06-15T17:50:07Z</time>
      </trkpt>
      <trkpt lat="34.34963" lon="-118.01823">
        <ele>1871.0</ele>
        <time>2025-06-15T17:50:11Z</time>
      </trkpt>
      <trkpt lat="34.34964" lon="-118.01828">
        <ele>1871.0</ele>
        <time>2025-06-15T17:50:14Z</time>
      </trkpt>
      <trkpt lat="34.34964" lon="-118.01832">
        <ele>1871.0</ele>
        <time>2025-06-15T17:50:17Z</time>
      </trkpt>
      <trkpt lat="34.34964" lon="-118.01836">
        <ele>1871.0</ele>
        <time>2025-06-15T17:50:20Z</time>
      </trkpt>
      <trkpt lat="34.34964" lon="-118.0184">
        <ele>1871.0</ele>
        <time>2025-06-15T17:50:23Z</time>
      </trkpt>
      <trkpt lat="34.34963" lon="-118.01845">
        <ele>1871.0</ele>
        <time>2025-06-15T17:50:26Z</time>
      </trkpt>
      <trkpt lat="34.34962" lon="-118.01849">
        <ele>1871.0</ele>
        <time>2025-06-15T17:50:29Z</time>
      </trkpt>
      <trkpt lat="34.34962" lon="-118.01853">
        <ele>1871.01</ele>
        <time>2025-06-15T17:50:32Z</time>
      </trkpt>
      <trkpt lat="34.34962" lon="-118.01857">
        <ele>1871.06</ele>
        <time>2025-06-15T17:50:35Z</time>
      </trkpt>
      <trkpt lat="34.34961" lon="-118.01861">
        <ele>1871.21</ele>
        <time>2025-06-15T17:50:38Z</time>
      </trkpt>
      <trkpt lat="34.3496" lon="-118.01864">
        <ele>1871.22</ele>
        <time>2025-06-15T17:50:41Z</time>
      </trkpt>
      <trkpt lat="34.3496" lon="-118.01867">
        <ele>1871.12</ele>
        <time>2025-06-15T17:50:44Z</time>
      </trkpt>
      <trkpt lat="34.34958" lon="-118.0187">
        <ele>1871.02</ele>
        <time>2025-06-15T17:50:47Z</time>
      </trkpt>
      <trkpt lat="34.34956" lon="-118.01873">
        <ele>1871.0</ele>
        <time>2025-06-15T17:50:50Z</time>
      </trkpt>
      <trkpt lat="34.34954" lon="-118.01876">
        <ele>1871.0</ele>
        <time>2025-06-15T17:50:53Z</time>
      </trkpt>
      <trkpt lat="34.34952" lon="-118.01879">
        <ele>1871.01</ele>
        <time>2025-06-15T17:50:56Z</time>
      </trkpt>
      <trkpt lat="34.3495" lon="-118.01882">
        <ele>1871.0</ele>
        <time>2025-06-15T17:50:59Z</time>
      </trkpt>
      <trkpt lat="34.34947" lon="-118.01885">
        <ele>1871.0</ele>
        <time>2025-06-15T17:51:02Z</time>
      </trkpt>
      <trkpt lat="34.34945" lon="-118.01887">
        <ele>1871.0</ele>
        <time>2025-06-15T17:51:05Z</time>
      </trkpt>
      <trkpt lat="34.34942" lon="-118.01889">
        <ele>1871.26</ele>
        <time>2025-06-15T17:51:08Z</time>
      </trkpt>
      <trkpt lat="34.3494" lon="-118.01892">
        <ele>1871.32</ele>
        <time>2025-06-15T17:51:11Z</time>
      </trkpt>
      <trkpt lat="34.34937" lon="-118.01894">
        <ele>1871.36</ele>
        <time>2025-06-15T17:51:14Z</time>
      </trkpt>
      <trkpt lat="34.34934" lon="-118.01896">
        <ele>1871.36</ele>
        <time>2025-06-15T17:51:17Z</time>
      </trkpt>
      <trkpt lat="34.34932" lon="-118.01899">
        <ele>1871.34</ele>
        <time>2025-06-15T17:51:20Z</time>
      </trkpt>
      <trkpt lat="34.3493" lon="-118.01902">
        <ele>1871.56</ele>
        <time>2025-06-15T17:51:23Z</time>
      </trkpt>
      <trkpt lat="34.34928" lon="-118.01904">
        <ele>1871.78</ele>
        <time>2025-06-15T17:51:26Z</time>
      </trkpt>
      <trkpt lat="34.34926" lon="-118.01907">
        <ele>1871.99</ele>
        <time>2025-06-15T17:51:30Z</time>
      </trkpt>
      <trkpt lat="34.34924" lon="-118.0191">
        <ele>1871.76</ele>
        <time>2025-06-15T17:51:33Z</time>
      </trkpt>
      <trkpt lat="34.34922" lon="-118.01913">
        <ele>1871.73</ele>
        <time>2025-06-15T17:51:36Z</time>
      </trkpt>
      <trkpt lat="34.34919" lon="-118.01915">
        <ele>1872.33</ele>
        <time>2025-06-15T17:51:40Z</time>
      </trkpt>
      <trkpt lat="34.34916" lon="-118.01913">
        <ele>1873.14</ele>
        <time>2025-06-15T17:51:44Z</time>
      </trkpt>
      <trkpt lat="34.34913" lon="-118.01911">
        <ele>1873.79</ele>
        <time>2025-06-15T17:51:47Z</time>
      </trkpt>
      <trkpt lat="34.3491" lon="-118.0191">
        <ele>1874.44</ele>
        <time>2025-06-15T17:51:50Z</time>
      </trkpt>
      <trkpt lat="34.34907" lon="-118.01908">
        <ele>1875.05</ele>
        <time>2025-06-15T17:51:53Z</time>
      </trkpt>
      <trkpt lat="34.34904" lon="-118.01908">
        <ele>1875.39</ele>
        <time>2025-06-15T17:51:56Z</time>
      </trkpt>
      <trkpt lat="34.34901" lon="-118.01909">
        <ele>1875.81</ele>
        <time>2025-06-15T17:51:59Z</time>
      </trkpt>
      <trkpt lat="34.34898" lon="-118.01911">
        <ele>1876.4</ele>
        <time>2025-06-15T17:52:02Z</time>
      </trkpt>
      <trkpt lat="34.34895" lon="-118.01913">
        <ele>1876.74</ele>
        <time>2025-06-15T17:52:05Z</time>
      </trkpt>
      <trkpt lat="34.34893" lon="-118.01915">
        <ele>1876.92</ele>
        <time>2025-06-15T17:52:08Z</time>
      </trkpt>
      <trkpt lat="34.3489" lon="-118.01917">
        <ele>1877.0</ele>
        <time>2025-06-15T17:52:11Z</time>
      </trkpt>
      <trkpt lat="34.34888" lon="-118.0192">
        <ele>1877.1</ele>
        <time>2025-06-15T17:52:14Z</time>
      </trkpt>
      <trkpt lat="34.34886" lon="-118.01922">
        <ele>1877.31</ele>
        <time>2025-06-15T17:52:17Z</time>
      </trkpt>
      <trkpt lat="34.34885" lon="-118.01925">
        <ele>1877.42</ele>
        <time>2025-06-15T17:52:20Z</time>
      </trkpt>
      <trkpt lat="34.34883" lon="-118.01928">
        <ele>1877.78</ele>
        <time>2025-06-15T17:52:23Z</time>
      </trkpt>
      <trkpt lat="34.34881" lon="-118.0193">
        <ele>1878.23</ele>
        <time>2025-06-15T17:52:26Z</time>
      </trkpt>
      <trkpt lat="34.34879" lon="-118.01933">
        <ele>1878.83</ele>
        <time>2025-06-15T17:52:30Z</time>
      </trkpt>
      <trkpt lat="34.34877" lon="-118.01936">
        <ele>1879.28</ele>
        <time>2025-06-15T17:52:34Z</time>
      </trkpt>
      <trkpt lat="34.34875" lon="-118.01938">
        <ele>1879.5</ele>
        <time>2025-06-15T17:52:37Z</time>
      </trkpt>
      <trkpt lat="34.34872" lon="-118.01941">
        <ele>1879.82</ele>
        <time>2025-06-15T17:52:41Z</time>
      </trkpt>
      <trkpt lat="34.34869" lon="-118.01942">
        <ele>1880.0</ele>
        <time>2025-06-15T17:52:45Z</time>
      </trkpt>
      <trkpt lat="34.34866" lon="-118.01943">
        <ele>1880.0</ele>
        <time>2025-06-15T17:52:49Z</time>
      </trkpt>
      <trkpt lat="34.34863" lon="-118.01945">
        <ele>1880.0</ele>
        <time>2025-06-15T17:52:53Z</time>
      </trkpt>
      <trkpt lat="34.3486" lon="-118.01946">
        <ele>1880.12</ele>
        <time>2025-06-15T17:52:56Z</time>
      </trkpt>
      <trkpt lat="34.34857" lon="-118.01948">
        <ele>1880.44</ele>
        <time>2025-06-15T17:52:59Z</time>
      </trkpt>
      <trkpt lat="34.34855" lon="-118.01949">
        <ele>1880.66</ele>
        <time>2025-06-15T17:53:02Z</time>
      </trkpt>
      <trkpt lat="34.34853" lon="-118.01952">
        <ele>1880.88</ele>
        <time>2025-06-15T17:53:05Z</time>
      </trkpt>
      <trkpt lat="34.3485" lon="-118.01954">
        <ele>1881.01</ele>
        <time>2025-06-15T17:53:09Z</time>
      </trkpt>
      <trkpt lat="34.34847" lon="-118.01957">
        <ele>1881.19</ele>
        <time>2025-06-15T17:53:13Z</time>
      </trkpt>
      <trkpt lat="34.34845" lon="-118.01959">
        <ele>1881.42</ele>
        <time>2025-06-15T17:53:17Z</time>
      </trkpt>
      <trkpt lat="34.34842" lon="-118.01961">
        <ele>1881.8</ele>
        <time>2025-06-15T17:53:20Z</time>
      </trkpt>
      <trkpt lat="34.34839" lon="-118.01963">
        <ele>1882.0</ele>
        <time>2025-06-15T17:53:23Z</time>
      </trkpt>
      <trkpt lat="34.34836" lon="-118.01964">
        <ele>1882.08</ele>
        <time>2025-06-15T17:53:27Z</time>
      </trkpt>
      <trkpt lat="34.34834" lon="-118.01966">
        <ele>1882.3</ele>
        <time>2025-06-15T17:53:41Z</time>
      </trkpt>
      <trkpt lat="34.34831" lon="-118.01969">
        <ele>1882.74</ele>
        <time>2025-06-15T17:53:44Z</time>
      </trkpt>
      <trkpt lat="34.34829" lon="-118.01972">
        <ele>1882.99</ele>
        <time>2025-06-15T17:53:47Z</time>
      </trkpt>
      <trkpt lat="34.34827" lon="-118.01974">
        <ele>1883.13</ele>
        <time>2025-06-15T17:53:50Z</time>
      </trkpt>
      <trkpt lat="34.34825" lon="-118.01977">
        <ele>1883.46</ele>
        <time>2025-06-15T17:53:53Z</time>
      </trkpt>
      <trkpt lat="34.34822" lon="-118.01979">
        <ele>1883.73</ele>
        <time>2025-06-15T17:53:56Z</time>
      </trkpt>
      <trkpt lat="34.3482" lon="-118.01982">
        <ele>1884.02</ele>
        <time>2025-06-15T17:53:59Z</time>
      </trkpt>
      <trkpt lat="34.34817" lon="-118.01983">
        <ele>1884.13</ele>
        <time>2025-06-15T17:54:02Z</time>
      </trkpt>
      <trkpt lat="34.34813" lon="-118.01984">
        <ele>1884.27</ele>
        <time>2025-06-15T17:54:05Z</time>
      </trkpt>
      <trkpt lat="34.3481" lon="-118.01986">
        <ele>1884.49</ele>
        <time>2025-06-15T17:54:08Z</time>
      </trkpt>
      <trkpt lat="34.34808" lon="-118.01989">
        <ele>1884.81</ele>
        <time>2025-06-15T17:54:11Z</time>
      </trkpt>
      <trkpt lat="34.34806" lon="-118.01993">
        <ele>1885.23</ele>
        <time>2025-06-15T17:54:14Z</time>
      </trkpt>
      <trkpt lat="34.34805" lon="-118.01996">
        <ele>1885.63</ele>
        <time>2025-06-15T17:54:17Z</time>
      </trkpt>
      <trkpt lat="34.34803" lon="-118.01999">
        <ele>1886.17</ele>
        <time>2025-06-15T17:54:20Z</time>
      </trkpt>
      <trkpt lat="34.34801" lon="-118.02002">
        <ele>1886.71</ele>
        <time>2025-06-15T17:54:23Z</time>
      </trkpt>
      <trkpt lat="34.34798" lon="-118.02004">
        <ele>1887.25</ele>
        <time>2025-06-15T17:54:26Z</time>
      </trkpt>
      <trkpt lat="34.34795" lon="-118.02006">
        <ele>1887.79</ele>
        <time>2025-06-15T17:54:29Z</time>
      </trkpt>
      <trkpt lat="34.34792" lon="-118.02007">
        <ele>1888.22</ele>
        <time>2025-06-15T17:54:32Z</time>
      </trkpt>
      <trkpt lat="34.34789" lon="-118.02009">
        <ele>1888.76</ele>
        <time>2025-06-15T17:54:35Z</time>
      </trkpt>
      <trkpt lat="34.34786" lon="-118.02011">
        <ele>1889.19</ele>
        <time>2025-06-15T17:54:38Z</time>
      </trkpt>
      <trkpt lat="34.34784" lon="-118.02012">
        <ele>1889.3</ele>
        <time>2025-06-15T17:54:41Z</time>
      </trkpt>
      <trkpt lat="34.34781" lon="-118.02013">
        <ele>1889.4</ele>
        <time>2025-06-15T17:54:44Z</time>
      </trkpt>
      <trkpt lat="34.34778" lon="-118.02015">
        <ele>1889.62</ele>
        <time>2025-06-15T17:54:47Z</time>
      </trkpt>
      <trkpt lat="34.34775" lon="-118.02017">
        <ele>1889.84</ele>
        <time>2025-06-15T17:54:51Z</time>
      </trkpt>
      <trkpt lat="34.34772" lon="-118.02018">
        <ele>1889.94</ele>
        <time>2025-06-15T17:54:54Z</time>
      </trkpt>
      <trkpt lat="34.34769" lon="-118.0202">
        <ele>1890.16</ele>
        <time>2025-06-15T17:54:57Z</time>
      </trkpt>
      <trkpt lat="34.34767" lon="-118.02021">
        <ele>1890.1</ele>
        <time>2025-06-15T17:55:00Z</time>
      </trkpt>
      <trkpt lat="34.34764" lon="-118.02024">
        <ele>1890.1</ele>
        <time>2025-06-15T17:55:03Z</time>
      </trkpt>
      <trkpt lat="34.34761" lon="-118.02026">
        <ele>1890.0</ele>
        <time>2025-06-15T17:55:06Z</time>
      </trkpt>
      <trkpt lat="34.34759" lon="-118.02028">
        <ele>1890.02</ele>
        <time>2025-06-15T17:55:09Z</time>
      </trkpt>
      <trkpt lat="34.34756" lon="-118.02031">
        <ele>1890.35</ele>
        <time>2025-06-15T17:55:12Z</time>
      </trkpt>
      <trkpt lat="34.34754" lon="-118.02034">
        <ele>1890.67</ele>
        <time>2025-06-15T17:55:15Z</time>
      </trkpt>
      <trkpt lat="34.34753" lon="-118.02037">
        <ele>1891.0</ele>
        <time>2025-06-15T17:55:18Z</time>
      </trkpt>
      <trkpt lat="34.34751" lon="-118.0204">
        <ele>1891.32</ele>
        <time>2025-06-15T17:55:21Z</time>
      </trkpt>
      <trkpt lat="34.34749" lon="-118.02043">
        <ele>1891.64</ele>
        <time>2025-06-15T17:55:24Z</time>
      </trkpt>
      <trkpt lat="34.34746" lon="-118.02046">
        <ele>1891.97</ele>
        <time>2025-06-15T17:55:27Z</time>
      </trkpt>
      <trkpt lat="34.34743" lon="-118.02048">
        <ele>1891.86</ele>
        <time>2025-06-15T17:55:30Z</time>
      </trkpt>
      <trkpt lat="34.34741" lon="-118.02049">
        <ele>1891.72</ele>
        <time>2025-06-15T17:55:33Z</time>
      </trkpt>
      <trkpt lat="34.34738" lon="-118.02049">
        <ele>1891.5</ele>
        <time>2025-06-15T17:55:36Z</time>
      </trkpt>
      <trkpt lat="34.34735" lon="-118.02049">
        <ele>1891.27</ele>
        <time>2025-06-15T17:55:39Z</time>
      </trkpt>
      <trkpt lat="34.34732" lon="-118.02049">
        <ele>1891.04</ele>
        <time>2025-06-15T17:55:42Z</time>
      </trkpt>
      <trkpt lat="34.34729" lon="-118.02048">
        <ele>1890.73</ele>
        <time>2025-06-15T17:55:45Z</time>
      </trkpt>
      <trkpt lat="34.34726" lon="-118.02047">
        <ele>1890.41</ele>
        <time>2025-06-15T17:55:48Z</time>
      </trkpt>
      <trkpt lat="34.34724" lon="-118.02047">
        <ele>1890.19</ele>
        <time>2025-06-15T17:55:51Z</time>
      </trkpt>
      <trkpt lat="34.3472" lon="-118.02048">
        <ele>1889.56</ele>
        <time>2025-06-15T17:55:55Z</time>
      </trkpt>
      <trkpt lat="34.34716" lon="-118.02048">
        <ele>1888.78</ele>
        <time>2025-06-15T17:55:59Z</time>
      </trkpt>
      <trkpt lat="34.34714" lon="-118.02048">
        <ele>1888.39</ele>
        <time>2025-06-15T17:56:02Z</time>
      </trkpt>
      <trkpt lat="34.34711" lon="-118.02048">
        <ele>1887.55</ele>
        <time>2025-06-15T17:56:05Z</time>
      </trkpt>
      <trkpt lat="34.34707" lon="-118.02048">
        <ele>1886.25</ele>
        <time>2025-06-15T17:56:08Z</time>
      </trkpt>
      <trkpt lat="34.34704" lon="-118.02049">
        <ele>1885.39</ele>
        <time>2025-06-15T17:56:11Z</time>
      </trkpt>
      <trkpt lat="34.34701" lon="-118.0205">
        <ele>1884.7</ele>
        <time>2025-06-15T17:56:14Z</time>
      </trkpt>
      <trkpt lat="34.34698" lon="-118.02052">
        <ele>1884.0</ele>
        <time>2025-06-15T17:56:18Z</time>
      </trkpt>
      <trkpt lat="34.34696" lon="-118.02054">
        <ele>1883.48</ele>
        <time>2025-06-15T17:56:21Z</time>
      </trkpt>
      <trkpt lat="34.34693" lon="-118.02056">
        <ele>1882.88</ele>
        <time>2025-06-15T17:56:24Z</time>
      </trkpt>
      <trkpt lat="34.3469" lon="-118.02057">
        <ele>1882.6</ele>
        <time>2025-06-15T17:56:27Z</time>
      </trkpt>
      <trkpt lat="34.34686" lon="-118.02057">
        <ele>1882.1</ele>
        <time>2025-06-15T17:56:30Z</time>
      </trkpt>
      <trkpt lat="34.34683" lon="-118.02057">
        <ele>1881.8</ele>
        <time>2025-06-15T17:56:33Z</time>
      </trkpt>
      <trkpt lat="34.3468" lon="-118.02057">
        <ele>1881.53</ele>
        <time>2025-06-15T17:56:36Z</time>
      </trkpt>
      <trkpt lat="34.34676" lon="-118.02057">
        <ele>1881.16</ele>
        <time>2025-06-15T17:56:39Z</time>
      </trkpt>
      <trkpt lat="34.34673" lon="-118.02057">
        <ele>1881.16</ele>
        <time>2025-06-15T17:56:43Z</time>
      </trkpt>
      <trkpt lat="34.3467" lon="-118.02057">
        <ele>1881.16</ele>
        <time>2025-06-15T17:56:46Z</time>
      </trkpt>
      <trkpt lat="34.34667" lon="-118.02057">
        <ele>1881.16</ele>
        <time>2025-06-15T17:56:49Z</time>
      </trkpt>
      <trkpt lat="34.34664" lon="-118.02058">
        <ele>1881.26</ele>
        <time>2025-06-15T17:56:53Z</time>
      </trkpt>
      <trkpt lat="34.34663" lon="-118.02061">
        <ele>1881.59</ele>
        <time>2025-06-15T17:57:01Z</time>
      </trkpt>
      <trkpt lat="34.34662" lon="-118.02067">
        <ele>1882.12</ele>
        <time>2025-06-15T17:57:21Z</time>
      </trkpt>
      <trkpt lat="34.34661" lon="-118.02072">
        <ele>1882.47</ele>
        <time>2025-06-15T17:57:44Z</time>
      </trkpt>
      <trkpt lat="34.34658" lon="-118.02076">
        <ele>1882.94</ele>
        <time>2025-06-15T18:02:23Z</time>
      </trkpt>
      <trkpt lat="34.34657" lon="-118.0208">
        <ele>1883.03</ele>
        <time>2025-06-15T18:02:29Z</time>
      </trkpt>
      <trkpt lat="34.34659" lon="-118.02083">
        <ele>1882.83</ele>
        <time>2025-06-15T18:02:35Z</time>
      </trkpt>
      <trkpt lat="34.34656" lon="-118.02082">
        <ele>1883.13</ele>
        <time>2025-06-15T18:02:46Z</time>
      </trkpt>
      <trkpt lat="34.34653" lon="-118.02083">
        <ele>1883.46</ele>
        <time>2025-06-15T18:02:53Z</time>
      </trkpt>
      <trkpt lat="34.34654" lon="-118.02077">
        <ele>1883.12</ele>
        <time>2025-06-15T18:09:02Z</time>
      </trkpt>
      <trkpt lat="34.34658" lon="-118.02073">
        <ele>1882.83</ele>
        <time>2025-06-15T18:09:11Z</time>
      </trkpt>
      <trkpt lat="34.34654" lon="-118.0207">
        <ele>1882.72</ele>
        <time>2025-06-15T18:09:37Z</time>
      </trkpt>
      <trkpt lat="34.34649" lon="-118.02069">
        <ele>1882.95</ele>
        <time>2025-06-15T18:09:43Z</time>
      </trkpt>
      <trkpt lat="34.34646" lon="-118.02068">
        <ele>1883.08</ele>
        <time>2025-06-15T18:09:48Z</time>
      </trkpt>
      <trkpt lat="34.34643" lon="-118.02069">
        <ele>1883.25</ele>
        <time>2025-06-15T18:09:52Z</time>
      </trkpt>
      <trkpt lat="34.3464" lon="-118.0207">
        <ele>1883.49</ele>
        <time>2025-06-15T18:09:57Z</time>
      </trkpt>
      <trkpt lat="34.34637" lon="-118.02071">
        <ele>1883.74</ele>
        <time>2025-06-15T18:10:01Z</time>
      </trkpt>
      <trkpt lat="34.34634" lon="-118.02072">
        <ele>1883.89</ele>
        <time>2025-06-15T18:10:04Z</time>
      </trkpt>
      <trkpt lat="34.34631" lon="-118.02072">
        <ele>1883.97</ele>
        <time>2025-06-15T18:10:07Z</time>
      </trkpt>
      <trkpt lat="34.34628" lon="-118.02073">
        <ele>1884.18</ele>
        <time>2025-06-15T18:10:10Z</time>
      </trkpt>
      <trkpt lat="34.34625" lon="-118.02073">
        <ele>1884.5</ele>
        <time>2025-06-15T18:10:13Z</time>
      </trkpt>
      <trkpt lat="34.34622" lon="-118.02072">
        <ele>1884.82</ele>
        <time>2025-06-15T18:10:16Z</time>
      </trkpt>
      <trkpt lat="34.34619" lon="-118.02072">
        <ele>1885.15</ele>
        <time>2025-06-15T18:10:19Z</time>
      </trkpt>
      <trkpt lat="34.34615" lon="-118.02072">
        <ele>1885.58</ele>
        <time>2025-06-15T18:10:22Z</time>
      </trkpt>
      <trkpt lat="34.34612" lon="-118.02072">
        <ele>1885.9</ele>
        <time>2025-06-15T18:10:25Z</time>
      </trkpt>
      <trkpt lat="34.34609" lon="-118.02073">
        <ele>1886.46</ele>
        <time>2025-06-15T18:10:28Z</time>
      </trkpt>
      <trkpt lat="34.34606" lon="-118.02074">
        <ele>1887.1</ele>
        <time>2025-06-15T18:10:31Z</time>
      </trkpt>
      <trkpt lat="34.34603" lon="-118.02073">
        <ele>1887.75</ele>
        <time>2025-06-15T18:10:34Z</time>
      </trkpt>
      <trkpt lat="34.346" lon="-118.02072">
        <ele>1888.2</ele>
        <time>2025-06-15T18:10:37Z</time>
      </trkpt>
      <trkpt lat="34.34596" lon="-118.02071">
        <ele>1888.63</ele>
        <time>2025-06-15T18:10:41Z</time>
      </trkpt>
      <trkpt lat="34.34593" lon="-118.0207">
        <ele>1888.96</ele>
        <time>2025-06-15T18:10:44Z</time>
      </trkpt>
      <trkpt lat="34.34591" lon="-118.02068">
        <ele>1889.17</ele>
        <time>2025-06-15T18:10:47Z</time>
      </trkpt>
      <trkpt lat="34.34588" lon="-118.02066">
        <ele>1889.5</ele>
        <time>2025-06-15T18:10:50Z</time>
      </trkpt>
      <trkpt lat="34.34585" lon="-118.02065">
        <ele>1889.82</ele>
        <time>2025-06-15T18:10:53Z</time>
      </trkpt>
      <trkpt lat="34.34582" lon="-118.02063">
        <ele>1889.98</ele>
        <time>2025-06-15T18:10:56Z</time>
      </trkpt>
      <trkpt lat="34.34579" lon="-118.02062">
        <ele>1890.31</ele>
        <time>2025-06-15T18:10:59Z</time>
      </trkpt>
      <trkpt lat="34.34576" lon="-118.02061">
        <ele>1890.71</ele>
        <time>2025-06-15T18:11:02Z</time>
      </trkpt>
      <trkpt lat="34.34574" lon="-118.02059">
        <ele>1891.01</ele>
        <time>2025-06-15T18:11:05Z</time>
      </trkpt>
      <trkpt lat="34.34571" lon="-118.02057">
        <ele>1891.33</ele>
        <time>2025-06-15T18:11:08Z</time>
      </trkpt>
      <trkpt lat="34.34569" lon="-118.02054">
        <ele>1891.38</ele>
        <time>2025-06-15T18:11:11Z</time>
      </trkpt>
      <trkpt lat="34.34567" lon="-118.02051">
        <ele>1891.27</ele>
        <time>2025-06-15T18:11:15Z</time>
      </trkpt>
      <trkpt lat="34.34564" lon="-118.02049">
        <ele>1891.38</ele>
        <time>2025-06-15T18:11:18Z</time>
      </trkpt>
      <trkpt lat="34.34562" lon="-118.02047">
        <ele>1891.38</ele>
        <time>2025-06-15T18:11:21Z</time>
      </trkpt>
      <trkpt lat="34.3456" lon="-118.02044">
        <ele>1891.52</ele>
        <time>2025-06-15T18:11:24Z</time>
      </trkpt>
      <trkpt lat="34.34558" lon="-118.02041">
        <ele>1891.74</ele>
        <time>2025-06-15T18:11:28Z</time>
      </trkpt>
      <trkpt lat="34.34555" lon="-118.02039">
        <ele>1892.0</ele>
        <time>2025-06-15T18:11:32Z</time>
      </trkpt>
      <trkpt lat="34.34552" lon="-118.02038">
        <ele>1892.0</ele>
        <time>2025-06-15T18:11:35Z</time>
      </trkpt>
      <trkpt lat="34.34549" lon="-118.02036">
        <ele>1891.93</ele>
        <time>2025-06-15T18:11:38Z</time>
      </trkpt>
      <trkpt lat="34.34546" lon="-118.02035">
        <ele>1891.97</ele>
        <time>2025-06-15T18:11:41Z</time>
      </trkpt>
      <trkpt lat="34.34544" lon="-118.02033">
        <ele>1891.75</ele>
        <time>2025-06-15T18:11:44Z</time>
      </trkpt>
      <trkpt lat="34.34541" lon="-118.02031">
        <ele>1891.43</ele>
        <time>2025-06-15T18:11:47Z</time>
      </trkpt>
      <trkpt lat="34.34538" lon="-118.02029">
        <ele>1891.1</ele>
        <time>2025-06-15T18:11:50Z</time>
      </trkpt>
      <trkpt lat="34.34535" lon="-118.02027">
        <ele>1890.56</ele>
        <time>2025-06-15T18:11:53Z</time>
      </trkpt>
      <trkpt lat="34.34532" lon="-118.02026">
        <ele>1889.91</ele>
        <time>2025-06-15T18:11:56Z</time>
      </trkpt>
      <trkpt lat="34.3453" lon="-118.02023">
        <ele>1889.48</ele>
        <time>2025-06-15T18:12:00Z</time>
      </trkpt>
      <trkpt lat="34.34527" lon="-118.0202">
        <ele>1888.9</ele>
        <time>2025-06-15T18:12:03Z</time>
      </trkpt>
      <trkpt lat="34.34526" lon="-118.02017">
        <ele>1888.81</ele>
        <time>2025-06-15T18:12:06Z</time>
      </trkpt>
      <trkpt lat="34.34524" lon="-118.02013">
        <ele>1888.59</ele>
        <time>2025-06-15T18:12:09Z</time>
      </trkpt>
      <trkpt lat="34.34522" lon="-118.0201">
        <ele>1888.38</ele>
        <time>2025-06-15T18:12:12Z</time>
      </trkpt>
      <trkpt lat="34.34521" lon="-118.02007">
        <ele>1887.96</ele>
        <time>2025-06-15T18:12:15Z</time>
      </trkpt>
      <trkpt lat="34.34519" lon="-118.02004">
        <ele>1887.45</ele>
        <time>2025-06-15T18:12:18Z</time>
      </trkpt>
      <trkpt lat="34.34518" lon="-118.02">
        <ele>1886.94</ele>
        <time>2025-06-15T18:12:21Z</time>
      </trkpt>
      <trkpt lat="34.34516" lon="-118.01997">
        <ele>1886.08</ele>
        <time>2025-06-15T18:12:24Z</time>
      </trkpt>
      <trkpt lat="34.34513" lon="-118.01996">
        <ele>1885.54</ele>
        <time>2025-06-15T18:12:31Z</time>
      </trkpt>
      <trkpt lat="34.34512" lon="-118.01993">
        <ele>1884.78</ele>
        <time>2025-06-15T18:12:36Z</time>
      </trkpt>
      <trkpt lat="34.34511" lon="-118.01989">
        <ele>1883.96</ele>
        <time>2025-06-15T18:12:39Z</time>
      </trkpt>
      <trkpt lat="34.34512" lon="-118.01986">
        <ele>1883.63</ele>
        <time>2025-06-15T18:12:42Z</time>
      </trkpt>
      <trkpt lat="34.34513" lon="-118.01982">
        <ele>1883.08</ele>
        <time>2025-06-15T18:12:45Z</time>
      </trkpt>
      <trkpt lat="34.34515" lon="-118.01979">
        <ele>1882.46</ele>
        <time>2025-06-15T18:12:48Z</time>
      </trkpt>
      <trkpt lat="34.34517" lon="-118.01977">
        <ele>1882.03</ele>
        <time>2025-06-15T18:12:51Z</time>
      </trkpt>
      <trkpt lat="34.34518" lon="-118.01973">
        <ele>1881.17</ele>
        <time>2025-06-15T18:12:55Z</time>
      </trkpt>
      <trkpt lat="34.34516" lon="-118.0197">
        <ele>1880.76</ele>
        <time>2025-06-15T18:12:58Z</time>
      </trkpt>
      <trkpt lat="34.34514" lon="-118.01967">
        <ele>1880.44</ele>
        <time>2025-06-15T18:13:00Z</time>
      </trkpt>
      <trkpt lat="34.34511" lon="-118.01965">
        <ele>1880.22</ele>
        <time>2025-06-15T18:13:03Z</time>
      </trkpt>
      <trkpt lat="34.34509" lon="-118.01963">
        <ele>1880.0</ele>
        <time>2025-06-15T18:13:06Z</time>
      </trkpt>
      <trkpt lat="34.34507" lon="-118.0196">
        <ele>1879.36</ele>
        <time>2025-06-15T18:13:09Z</time>
      </trkpt>
      <trkpt lat="34.34505" lon="-118.01958">
        <ele>1878.93</ele>
        <time>2025-06-15T18:13:23Z</time>
      </trkpt>
      <trkpt lat="34.34503" lon="-118.0196">
        <ele>1879.36</ele>
        <time>2025-06-15T18:13:58Z</time>
      </trkpt>
      <trkpt lat="34.34501" lon="-118.01959">
        <ele>1879.14</ele>
        <time>2025-06-15T18:14:02Z</time>
      </trkpt>
      <trkpt lat="34.34497" lon="-118.01957">
        <ele>1878.92</ele>
        <time>2025-06-15T18:14:06Z</time>
      </trkpt>
      <trkpt lat="34.34494" lon="-118.01957">
        <ele>1879.13</ele>
        <time>2025-06-15T18:14:10Z</time>
      </trkpt>
      <trkpt lat="34.34491" lon="-118.01958">
        <ele>1879.45</ele>
        <time>2025-06-15T18:14:14Z</time>
      </trkpt>
      <trkpt lat="34.34488" lon="-118.01958">
        <ele>1879.76</ele>
        <time>2025-06-15T18:14:17Z</time>
      </trkpt>
      <trkpt lat="34.34485" lon="-118.01957">
        <ele>1879.98</ele>
        <time>2025-06-15T18:14:21Z</time>
      </trkpt>
      <trkpt lat="34.34483" lon="-118.01955">
        <ele>1879.98</ele>
        <time>2025-06-15T18:14:24Z</time>
      </trkpt>
      <trkpt lat="34.3448" lon="-118.01954">
        <ele>1880.03</ele>
        <time>2025-06-15T18:14:27Z</time>
      </trkpt>
      <trkpt lat="34.34477" lon="-118.01953">
        <ele>1879.92</ele>
        <time>2025-06-15T18:14:31Z</time>
      </trkpt>
      <trkpt lat="34.34474" lon="-118.01952">
        <ele>1879.82</ele>
        <time>2025-06-15T18:14:34Z</time>
      </trkpt>
      <trkpt lat="34.34471" lon="-118.01952">
        <ele>1879.92</ele>
        <time>2025-06-15T18:14:37Z</time>
      </trkpt>
      <trkpt lat="34.34468" lon="-118.01951">
        <ele>1880.03</ele>
        <time>2025-06-15T18:14:40Z</time>
      </trkpt>
      <trkpt lat="34.34465" lon="-118.01951">
        <ele>1880.26</ele>
        <time>2025-06-15T18:14:43Z</time>
      </trkpt>
      <trkpt lat="34.34462" lon="-118.01951">
        <ele>1880.42</ele>
        <time>2025-06-15T18:14:46Z</time>
      </trkpt>
      <trkpt lat="34.3446" lon="-118.01951">
        <ele>1880.42</ele>
        <time>2025-06-15T18:14:49Z</time>
      </trkpt>
      <trkpt lat="34.34457" lon="-118.01952">
        <ele>1880.63</ele>
        <time>2025-06-15T18:14:53Z</time>
      </trkpt>
      <trkpt lat="34.34453" lon="-118.01952">
        <ele>1880.65</ele>
        <time>2025-06-15T18:14:58Z</time>
      </trkpt>
      <trkpt lat="34.34451" lon="-118.0195">
        <ele>1880.32</ele>
        <time>2025-06-15T18:15:00Z</time>
      </trkpt>
      <trkpt lat="34.34448" lon="-118.01948">
        <ele>1880.15</ele>
        <time>2025-06-15T18:15:03Z</time>
      </trkpt>
      <trkpt lat="34.34445" lon="-118.01946">
        <ele>1880.12</ele>
        <time>2025-06-15T18:15:06Z</time>
      </trkpt>
      <trkpt lat="34.34443" lon="-118.01943">
        <ele>1880.0</ele>
        <time>2025-06-15T18:15:10Z</time>
      </trkpt>
      <trkpt lat="34.34441" lon="-118.0194">
        <ele>1879.89</ele>
        <time>2025-06-15T18:15:13Z</time>
      </trkpt>
      <trkpt lat="34.34438" lon="-118.01939">
        <ele>1880.11</ele>
        <time>2025-06-15T18:15:16Z</time>
      </trkpt>
      <trkpt lat="34.34434" lon="-118.0194">
        <ele>1880.45</ele>
        <time>2025-06-15T18:15:19Z</time>
      </trkpt>
      <trkpt lat="34.34432" lon="-118.01942">
        <ele>1880.48</ele>
        <time>2025-06-15T18:15:21Z</time>
      </trkpt>
      <trkpt lat="34.3443" lon="-118.01944">
        <ele>1880.42</ele>
        <time>2025-06-15T18:15:24Z</time>
      </trkpt>
      <trkpt lat="34.34427" lon="-118.01946">
        <ele>1879.97</ele>
        <time>2025-06-15T18:15:27Z</time>
      </trkpt>
      <trkpt lat="34.34424" lon="-118.01945">
        <ele>1879.54</ele>
        <time>2025-06-15T18:15:30Z</time>
      </trkpt>
      <trkpt lat="34.34421" lon="-118.01944">
        <ele>1878.96</ele>
        <time>2025-06-15T18:15:33Z</time>
      </trkpt>
      <trkpt lat="34.34418" lon="-118.01945">
        <ele>1878.28</ele>
        <time>2025-06-15T18:15:37Z</time>
      </trkpt>
      <trkpt lat="34.34415" lon="-118.01945">
        <ele>1877.82</ele>
        <time>2025-06-15T18:15:42Z</time>
      </trkpt>
      <trkpt lat="34.34412" lon="-118.01945">
        <ele>1877.5</ele>
        <time>2025-06-15T18:15:46Z</time>
      </trkpt>
      <trkpt lat="34.34409" lon="-118.01945">
        <ele>1877.17</ele>
        <time>2025-06-15T18:15:49Z</time>
      </trkpt>
      <trkpt lat="34.34406" lon="-118.01944">
        <ele>1876.85</ele>
        <time>2025-06-15T18:15:52Z</time>
      </trkpt>
      <trkpt lat="34.34404" lon="-118.01941">
        <ele>1876.63</ele>
        <time>2025-06-15T18:15:55Z</time>
      </trkpt>
      <trkpt lat="34.34402" lon="-118.01938">
        <ele>1876.42</ele>
        <time>2025-06-15T18:15:58Z</time>
      </trkpt>
      <trkpt lat="34.344" lon="-118.01935">
        <ele>1876.2</ele>
        <time>2025-06-15T18:16:01Z</time>
      </trkpt>
      <trkpt lat="34.34399" lon="-118.0193">
        <ele>1876.09</ele>
        <time>2025-06-15T18:16:04Z</time>
      </trkpt>
      <trkpt lat="34.34398" lon="-118.01927">
        <ele>1875.97</ele>
        <time>2025-06-15T18:16:06Z</time>
      </trkpt>
      <trkpt lat="34.34397" lon="-118.01923">
        <ele>1875.79</ele>
        <time>2025-06-15T18:16:09Z</time>
      </trkpt>
      <trkpt lat="34.34395" lon="-118.0192">
        <ele>1875.54</ele>
        <time>2025-06-15T18:16:12Z</time>
      </trkpt>
      <trkpt lat="34.34393" lon="-118.01917">
        <ele>1875.42</ele>
        <time>2025-06-15T18:16:15Z</time>
      </trkpt>
      <trkpt lat="34.34392" lon="-118.01913">
        <ele>1875.34</ele>
        <time>2025-06-15T18:16:18Z</time>
      </trkpt>
      <trkpt lat="34.3439" lon="-118.01909">
        <ele>1875.12</ele>
        <time>2025-06-15T18:16:22Z</time>
      </trkpt>
      <trkpt lat="34.34387" lon="-118.01908">
        <ele>1874.59</ele>
        <time>2025-06-15T18:16:25Z</time>
      </trkpt>
      <trkpt lat="34.34383" lon="-118.01908">
        <ele>1873.73</ele>
        <time>2025-06-15T18:16:28Z</time>
      </trkpt>
      <trkpt lat="34.3438" lon="-118.01907">
        <ele>1873.04</ele>
        <time>2025-06-15T18:16:31Z</time>
      </trkpt>
      <trkpt lat="34.34377" lon="-118.01904">
        <ele>1872.17</ele>
        <time>2025-06-15T18:16:34Z</time>
      </trkpt>
      <trkpt lat="34.34376" lon="-118.019">
        <ele>1871.73</ele>
        <time>2025-06-15T18:16:37Z</time>
      </trkpt>
      <trkpt lat="34.34375" lon="-118.01896">
        <ele>1871.5</ele>
        <time>2025-06-15T18:16:40Z</time>
      </trkpt>
      <trkpt lat="34.34375" lon="-118.01892">
        <ele>1871.5</ele>
        <time>2025-06-15T18:16:43Z</time>
      </trkpt>
      <trkpt lat="34.34375" lon="-118.01887">
        <ele>1871.3</ele>
        <time>2025-06-15T18:16:46Z</time>
      </trkpt>
      <trkpt lat="34.34375" lon="-118.01883">
        <ele>1870.86</ele>
        <time>2025-06-15T18:16:49Z</time>
      </trkpt>
      <trkpt lat="34.34376" lon="-118.01879">
        <ele>1870.53</ele>
        <time>2025-06-15T18:16:53Z</time>
      </trkpt>
      <trkpt lat="34.34376" lon="-118.01875">
        <ele>1870.0</ele>
        <time>2025-06-15T18:16:58Z</time>
      </trkpt>
      <trkpt lat="34.34376" lon="-118.01871">
        <ele>1869.47</ele>
        <time>2025-06-15T18:17:02Z</time>
      </trkpt>
      <trkpt lat="34.34375" lon="-118.01868">
        <ele>1869.24</ele>
        <time>2025-06-15T18:17:06Z</time>
      </trkpt>
      <trkpt lat="34.34374" lon="-118.01864">
        <ele>1868.92</ele>
        <time>2025-06-15T18:17:10Z</time>
      </trkpt>
      <trkpt lat="34.34373" lon="-118.01861">
        <ele>1868.7</ele>
        <time>2025-06-15T18:17:14Z</time>
      </trkpt>
      <trkpt lat="34.3437" lon="-118.01859">
        <ele>1868.77</ele>
        <time>2025-06-15T18:17:17Z</time>
      </trkpt>
      <trkpt lat="34.34368" lon="-118.01856">
        <ele>1868.45</ele>
        <time>2025-06-15T18:17:20Z</time>
      </trkpt>
      <trkpt lat="34.34366" lon="-118.01854">
        <ele>1868.23</ele>
        <time>2025-06-15T18:17:23Z</time>
      </trkpt>
      <trkpt lat="34.34363" lon="-118.01852">
        <ele>1868.02</ele>
        <time>2025-06-15T18:17:26Z</time>
      </trkpt>
      <trkpt lat="34.3436" lon="-118.01851">
        <ele>1867.91</ele>
        <time>2025-06-15T18:17:29Z</time>
      </trkpt>
      <trkpt lat="34.34357" lon="-118.01851">
        <ele>1867.91</ele>
        <time>2025-06-15T18:17:32Z</time>
      </trkpt>
      <trkpt lat="34.34354" lon="-118.01851">
        <ele>1867.91</ele>
        <time>2025-06-15T18:17:35Z</time>
      </trkpt>
      <trkpt lat="34.34351" lon="-118.01851">
        <ele>1867.82</ele>
        <time>2025-06-15T18:17:38Z</time>
      </trkpt>
      <trkpt lat="34.34348" lon="-118.01851">
        <ele>1867.49</ele>
        <time>2025-06-15T18:17:41Z</time>
      </trkpt>
      <trkpt lat="34.34345" lon="-118.01851">
        <ele>1867.17</ele>
        <time>2025-06-15T18:17:44Z</time>
      </trkpt>
      <trkpt lat="34.34342" lon="-118.01852">
        <ele>1866.95</ele>
        <time>2025-06-15T18:17:47Z</time>
      </trkpt>
      <trkpt lat="34.34339" lon="-118.01853">
        <ele>1866.74</ele>
        <time>2025-06-15T18:17:50Z</time>
      </trkpt>
      <trkpt lat="34.34336" lon="-118.01854">
        <ele>1866.52</ele>
        <time>2025-06-15T18:17:54Z</time>
      </trkpt>
      <trkpt lat="34.34332" lon="-118.01854">
        <ele>1866.23</ele>
        <time>2025-06-15T18:17:58Z</time>
      </trkpt>
      <trkpt lat="34.34329" lon="-118.01853">
        <ele>1866.12</ele>
        <time>2025-06-15T18:18:02Z</time>
      </trkpt>
      <trkpt lat="34.34327" lon="-118.0185">
        <ele>1865.66</ele>
        <time>2025-06-15T18:18:05Z</time>
      </trkpt>
      <trkpt lat="34.34324" lon="-118.01849">
        <ele>1865.38</ele>
        <time>2025-06-15T18:18:08Z</time>
      </trkpt>
      <trkpt lat="34.34321" lon="-118.01848">
        <ele>1864.84</ele>
        <time>2025-06-15T18:18:11Z</time>
      </trkpt>
      <trkpt lat="34.34318" lon="-118.0185">
        <ele>1864.94</ele>
        <time>2025-06-15T18:18:14Z</time>
      </trkpt>
      <trkpt lat="34.34315" lon="-118.01852">
        <ele>1865.04</ele>
        <time>2025-06-15T18:18:18Z</time>
      </trkpt>
      <trkpt lat="34.34312" lon="-118.01855">
        <ele>1864.73</ele>
        <time>2025-06-15T18:18:22Z</time>
      </trkpt>
      <trkpt lat="34.34311" lon="-118.01858">
        <ele>1864.84</ele>
        <time>2025-06-15T18:18:25Z</time>
      </trkpt>
      <trkpt lat="34.34309" lon="-118.01861">
        <ele>1864.73</ele>
        <time>2025-06-15T18:18:28Z</time>
      </trkpt>
      <trkpt lat="34.34308" lon="-118.01864">
        <ele>1864.53</ele>
        <time>2025-06-15T18:18:31Z</time>
      </trkpt>
      <trkpt lat="34.34305" lon="-118.01866">
        <ele>1863.88</ele>
        <time>2025-06-15T18:18:34Z</time>
      </trkpt>
      <trkpt lat="34.34302" lon="-118.01868">
        <ele>1863.23</ele>
        <time>2025-06-15T18:18:39Z</time>
      </trkpt>
      <trkpt lat="34.343" lon="-118.01871">
        <ele>1862.8</ele>
        <time>2025-06-15T18:18:43Z</time>
      </trkpt>
      <trkpt lat="34.34299" lon="-118.01875">
        <ele>1862.58</ele>
        <time>2025-06-15T18:18:47Z</time>
      </trkpt>
      <trkpt lat="34.34299" lon="-118.01878">
        <ele>1862.58</ele>
        <time>2025-06-15T18:18:52Z</time>
      </trkpt>
      <trkpt lat="34.34299" lon="-118.01882">
        <ele>1862.33</ele>
        <time>2025-06-15T18:19:00Z</time>
      </trkpt>
      <trkpt lat="34.34301" lon="-118.01885">
        <ele>1862.44</ele>
        <time>2025-06-15T18:19:05Z</time>
      </trkpt>
      <trkpt lat="34.34303" lon="-118.01888">
        <ele>1862.54</ele>
        <time>2025-06-15T18:19:10Z</time>
      </trkpt>
      <trkpt lat="34.34304" lon="-118.01892">
        <ele>1862.33</ele>
        <time>2025-06-15T18:19:15Z</time>
      </trkpt>
      <trkpt lat="34.34303" lon="-118.01896">
        <ele>1861.68</ele>
        <time>2025-06-15T18:19:18Z</time>
      </trkpt>
      <trkpt lat="34.34302" lon="-118.01899">
        <ele>1861.14</ele>
        <time>2025-06-15T18:19:21Z</time>
      </trkpt>
      <trkpt lat="34.343" lon="-118.01902">
        <ele>1860.38</ele>
        <time>2025-06-15T18:19:24Z</time>
      </trkpt>
      <trkpt lat="34.34298" lon="-118.01904">
        <ele>1859.74</ele>
        <time>2025-06-15T18:19:27Z</time>
      </trkpt>
      <trkpt lat="34.34296" lon="-118.01907">
        <ele>1858.98</ele>
        <time>2025-06-15T18:19:30Z</time>
      </trkpt>
      <trkpt lat="34.34293" lon="-118.01909">
        <ele>1857.94</ele>
        <time>2025-06-15T18:19:34Z</time>
      </trkpt>
      <trkpt lat="34.3429" lon="-118.01911">
        <ele>1856.86</ele>
        <time>2025-06-15T18:19:39Z</time>
      </trkpt>
      <trkpt lat="34.34288" lon="-118.01912">
        <ele>1856.22</ele>
        <time>2025-06-15T18:19:42Z</time>
      </trkpt>
      <trkpt lat="34.34285" lon="-118.01912">
        <ele>1855.68</ele>
        <time>2025-06-15T18:19:45Z</time>
      </trkpt>
      <trkpt lat="34.34282" lon="-118.01914">
        <ele>1854.88</ele>
        <time>2025-06-15T18:19:48Z</time>
      </trkpt>
      <trkpt lat="34.3428" lon="-118.01917">
        <ele>1854.2</ele>
        <time>2025-06-15T18:19:52Z</time>
      </trkpt>
      <trkpt lat="34.34277" lon="-118.01919">
        <ele>1853.66</ele>
        <time>2025-06-15T18:19:55Z</time>
      </trkpt>
      <trkpt lat="34.34274" lon="-118.01921">
        <ele>1853.12</ele>
        <time>2025-06-15T18:19:59Z</time>
      </trkpt>
      <trkpt lat="34.34272" lon="-118.01922">
        <ele>1852.8</ele>
        <time>2025-06-15T18:20:03Z</time>
      </trkpt>
      <trkpt lat="34.34269" lon="-118.01924">
        <ele>1852.26</ele>
        <time>2025-06-15T18:20:06Z</time>
      </trkpt>
      <trkpt lat="34.34267" lon="-118.01926">
        <ele>1851.84</ele>
        <time>2025-06-15T18:20:09Z</time>
      </trkpt>
      <trkpt lat="34.34264" lon="-118.01926">
        <ele>1851.51</ele>
        <time>2025-06-15T18:20:13Z</time>
      </trkpt>
      <trkpt lat="34.34261" lon="-118.01927">
        <ele>1851.19</ele>
        <time>2025-06-15T18:20:17Z</time>
      </trkpt>
      <trkpt lat="34.34258" lon="-118.01928">
        <ele>1850.7</ele>
        <time>2025-06-15T18:20:21Z</time>
      </trkpt>
      <trkpt lat="34.34254" lon="-118.01929">
        <ele>1849.68</ele>
        <time>2025-06-15T18:20:25Z</time>
      </trkpt>
      <trkpt lat="34.34251" lon="-118.01929">
        <ele>1848.92</ele>
        <time>2025-06-15T18:20:29Z</time>
      </trkpt>
      <trkpt lat="34.34248" lon="-118.01929">
        <ele>1847.88</ele>
        <time>2025-06-15T18:20:33Z</time>
      </trkpt>
      <trkpt lat="34.34245" lon="-118.0193">
        <ele>1846.64</ele>
        <time>2025-06-15T18:20:37Z</time>
      </trkpt>
      <trkpt lat="34.34242" lon="-118.0193">
        <ele>1845.48</ele>
        <time>2025-06-15T18:20:40Z</time>
      </trkpt>
      <trkpt lat="34.34239" lon="-118.01931">
        <ele>1844.52</ele>
        <time>2025-06-15T18:20:43Z</time>
      </trkpt>
      <trkpt lat="34.34236" lon="-118.01932">
        <ele>1843.64</ele>
        <time>2025-06-15T18:20:46Z</time>
      </trkpt>
      <trkpt lat="34.34233" lon="-118.01932">
        <ele>1842.78</ele>
        <time>2025-06-15T18:20:49Z</time>
      </trkpt>
      <trkpt lat="34.3423" lon="-118.01932">
        <ele>1842.13</ele>
        <time>2025-06-15T18:20:53Z</time>
      </trkpt>
      <trkpt lat="34.34227" lon="-118.01932">
        <ele>1841.69</ele>
        <time>2025-06-15T18:20:57Z</time>
      </trkpt>
      <trkpt lat="34.34224" lon="-118.01931">
        <ele>1841.28</ele>
        <time>2025-06-15T18:21:00Z</time>
      </trkpt>
      <trkpt lat="34.3422" lon="-118.01932">
        <ele>1841.0</ele>
        <time>2025-06-15T18:21:04Z</time>
      </trkpt>
      <trkpt lat="34.34217" lon="-118.01932">
        <ele>1841.0</ele>
        <time>2025-06-15T18:21:08Z</time>
      </trkpt>
      <trkpt lat="34.34214" lon="-118.01932">
        <ele>1841.0</ele>
        <time>2025-06-15T18:21:12Z</time>
      </trkpt>
      <trkpt lat="34.34211" lon="-118.01932">
        <ele>1841.0</ele>
        <time>2025-06-15T18:21:15Z</time>
      </trkpt>
      <trkpt lat="34.34208" lon="-118.01933">
        <ele>1841.0</ele>
        <time>2025-06-15T18:21:18Z</time>
      </trkpt>
      <trkpt lat="34.34205" lon="-118.01933">
        <ele>1841.0</ele>
        <time>2025-06-15T18:21:21Z</time>
      </trkpt>
      <trkpt lat="34.34202" lon="-118.01934">
        <ele>1841.14</ele>
        <time>2025-06-15T18:21:24Z</time>
      </trkpt>
      <trkpt lat="34.34199" lon="-118.01934">
        <ele>1841.38</ele>
        <time>2025-06-15T18:21:27Z</time>
      </trkpt>
      <trkpt lat="34.34196" lon="-118.01936">
        <ele>1841.93</ele>
        <time>2025-06-15T18:21:30Z</time>
      </trkpt>
      <trkpt lat="34.34193" lon="-118.01937">
        <ele>1842.2</ele>
        <time>2025-06-15T18:21:33Z</time>
      </trkpt>
      <trkpt lat="34.3419" lon="-118.01939">
        <ele>1842.41</ele>
        <time>2025-06-15T18:21:37Z</time>
      </trkpt>
      <trkpt lat="34.34187" lon="-118.0194">
        <ele>1842.52</ele>
        <time>2025-06-15T18:21:40Z</time>
      </trkpt>
      <trkpt lat="34.34183" lon="-118.01939">
        <ele>1842.27</ele>
        <time>2025-06-15T18:21:43Z</time>
      </trkpt>
      <trkpt lat="34.34181" lon="-118.01936">
        <ele>1841.68</ele>
        <time>2025-06-15T18:21:46Z</time>
      </trkpt>
      <trkpt lat="34.34179" lon="-118.01934">
        <ele>1841.16</ele>
        <time>2025-06-15T18:21:50Z</time>
      </trkpt>
      <trkpt lat="34.34176" lon="-118.01933">
        <ele>1840.77</ele>
        <time>2025-06-15T18:21:54Z</time>
      </trkpt>
      <trkpt lat="34.34174" lon="-118.01932">
        <ele>1840.66</ele>
        <time>2025-06-15T18:21:57Z</time>
      </trkpt>
      <trkpt lat="34.34171" lon="-118.0193">
        <ele>1840.44</ele>
        <time>2025-06-15T18:22:01Z</time>
      </trkpt>
      <trkpt lat="34.34169" lon="-118.01927">
        <ele>1840.12</ele>
        <time>2025-06-15T18:22:04Z</time>
      </trkpt>
      <trkpt lat="34.34167" lon="-118.01924">
        <ele>1839.79</ele>
        <time>2025-06-15T18:22:08Z</time>
      </trkpt>
      <trkpt lat="34.34164" lon="-118.01922">
        <ele>1839.45</ele>
        <time>2025-06-15T18:22:13Z</time>
      </trkpt>
      <trkpt lat="34.34162" lon="-118.0192">
        <ele>1839.04</ele>
        <time>2025-06-15T18:22:17Z</time>
      </trkpt>
      <trkpt lat="34.34162" lon="-118.01916">
        <ele>1838.5</ele>
        <time>2025-06-15T18:22:21Z</time>
      </trkpt>
      <trkpt lat="34.34164" lon="-118.01913">
        <ele>1838.71</ele>
        <time>2025-06-15T18:22:24Z</time>
      </trkpt>
      <trkpt lat="34.34167" lon="-118.01912">
        <ele>1839.02</ele>
        <time>2025-06-15T18:22:27Z</time>
      </trkpt>
      <trkpt lat="34.3417" lon="-118.01912">
        <ele>1839.18</ele>
        <time>2025-06-15T18:22:30Z</time>
      </trkpt>
      <trkpt lat="34.34172" lon="-118.01908">
        <ele>1839.54</ele>
        <time>2025-06-15T18:22:34Z</time>
      </trkpt>
      <trkpt lat="34.34173" lon="-118.01905">
        <ele>1839.94</ele>
        <time>2025-06-15T18:22:37Z</time>
      </trkpt>
      <trkpt lat="34.34173" lon="-118.01902">
        <ele>1840.27</ele>
        <time>2025-06-15T18:22:41Z</time>
      </trkpt>
      <trkpt lat="34.3417" lon="-118.019">
        <ele>1840.16</ele>
        <time>2025-06-15T18:22:45Z</time>
      </trkpt>
      <trkpt lat="34.34168" lon="-118.01898">
        <ele>1840.16</ele>
        <time>2025-06-15T18:22:50Z</time>
      </trkpt>
      <trkpt lat="34.34168" lon="-118.01895">
        <ele>1840.48</ele>
        <time>2025-06-15T18:22:53Z</time>
      </trkpt>
      <trkpt lat="34.34165" lon="-118.01892">
        <ele>1840.36</ele>
        <time>2025-06-15T18:22:57Z</time>
      </trkpt>
      <trkpt lat="34.34163" lon="-118.01891">
        <ele>1840.07</ele>
        <time>2025-06-15T18:23:01Z</time>
      </trkpt>
      <trkpt lat="34.34162" lon="-118.01887">
        <ele>1840.2</ele>
        <time>2025-06-15T18:23:06Z</time>
      </trkpt>
      <trkpt lat="34.34163" lon="-118.01884">
        <ele>1840.74</ele>
        <time>2025-06-15T18:23:10Z</time>
      </trkpt>
      <trkpt lat="34.34164" lon="-118.0188">
        <ele>1841.38</ele>
        <time>2025-06-15T18:23:14Z</time>
      </trkpt>
      <trkpt lat="34.34165" lon="-118.01877">
        <ele>1841.36</ele>
        <time>2025-06-15T18:23:18Z</time>
      </trkpt>
      <trkpt lat="34.34164" lon="-118.01873">
        <ele>1840.71</ele>
        <time>2025-06-15T18:23:24Z</time>
      </trkpt>
      <trkpt lat="34.34161" lon="-118.01872">
        <ele>1839.95</ele>
        <time>2025-06-15T18:23:28Z</time>
      </trkpt>
      <trkpt lat="34.34159" lon="-118.01869">
        <ele>1839.05</ele>
        <time>2025-06-15T18:23:31Z</time>
      </trkpt>
      <trkpt lat="34.34157" lon="-118.01866">
        <ele>1837.88</ele>
        <time>2025-06-15T18:23:35Z</time>
      </trkpt>
      <trkpt lat="34.34154" lon="-118.01866">
        <ele>1836.58</ele>
        <time>2025-06-15T18:23:39Z</time>
      </trkpt>
      <trkpt lat="34.34151" lon="-118.01865">
        <ele>1835.07</ele>
        <time>2025-06-15T18:24:01Z</time>
      </trkpt>
      <trkpt lat="34.3415" lon="-118.01868">
        <ele>1835.29</ele>
        <time>2025-06-15T18:24:45Z</time>
      </trkpt>
      <trkpt lat="34.34147" lon="-118.01867">
        <ele>1834.07</ele>
        <time>2025-06-15T18:24:59Z</time>
      </trkpt>
      <trkpt lat="34.34143" lon="-118.01867">
        <ele>1833.36</ele>
        <time>2025-06-15T18:25:14Z</time>
      </trkpt>
      <trkpt lat="34.34142" lon="-118.01864">
        <ele>1832.75</ele>
        <time>2025-06-15T18:25:33Z</time>
      </trkpt>
      <trkpt lat="34.3414" lon="-118.01869">
        <ele>1833.07</ele>
        <time>2025-06-15T18:26:13Z</time>
      </trkpt>
      <trkpt lat="34.3414" lon="-118.01879">
        <ele>1833.35</ele>
        <time>2025-06-15T18:28:06Z</time>
      </trkpt>
      <trkpt lat="34.34145" lon="-118.01864">
        <ele>1833.18</ele>
        <time>2025-06-15T18:38:08Z</time>
      </trkpt>
      <trkpt lat="34.3414" lon="-118.01869">
        <ele>1833.07</ele>
        <time>2025-06-15T18:38:49Z</time>
      </trkpt>
      <trkpt lat="34.34142" lon="-118.01855">
        <ele>1831.45</ele>
        <time>2025-06-15T18:43:44Z</time>
      </trkpt>
      <trkpt lat="34.3413" lon="-118.01875">
        <ele>1832.04</ele>
        <time>2025-06-15T18:46:49Z</time>
      </trkpt>
      <trkpt lat="34.34138" lon="-118.01862">
        <ele>1832.0</ele>
        <time>2025-06-15T18:52:12Z</time>
      </trkpt>
      <trkpt lat="34.34143" lon="-118.01872">
        <ele>1833.97</ele>
        <time>2025-06-15T18:53:34Z</time>
      </trkpt>
      <trkpt lat="34.34141" lon="-118.01862">
        <ele>1832.35</ele>
        <time>2025-06-15T18:56:13Z</time>
      </trkpt>
      <trkpt lat="34.34143" lon="-118.01874">
        <ele>1834.06</ele>
        <time>2025-06-15T19:01:50Z</time>
      </trkpt>
      <trkpt lat="34.34143" lon="-118.0186">
        <ele>1832.27</ele>
        <time>2025-06-15T19:04:48Z</time>
      </trkpt>
      <trkpt lat="34.34145" lon="-118.01866">
        <ele>1833.54</ele>
        <time>2025-06-15T19:08:05Z</time>
      </trkpt>
      <trkpt lat="34.3415" lon="-118.01866">
        <ele>1834.86</ele>
        <time>2025-06-15T19:08:21Z</time>
      </trkpt>
      <trkpt lat="34.34153" lon="-118.01865">
        <ele>1835.94</ele>
        <time>2025-06-15T19:08:32Z</time>
      </trkpt>
      <trkpt lat="34.34155" lon="-118.01868">
        <ele>1837.45</ele>
        <time>2025-06-15T19:08:54Z</time>
      </trkpt>
      <trkpt lat="34.34157" lon="-118.01865">
        <ele>1837.66</ele>
        <time>2025-06-15T19:08:59Z</time>
      </trkpt>
      <trkpt lat="34.34158" lon="-118.01862">
        <ele>1837.32</ele>
        <time>2025-06-15T19:09:04Z</time>
      </trkpt>
      <trkpt lat="34.3416" lon="-118.0186">
        <ele>1837.2</ele>
        <time>2025-06-15T19:09:09Z</time>
      </trkpt>
      <trkpt lat="34.34162" lon="-118.01856">
        <ele>1836.34</ele>
        <time>2025-06-15T19:09:13Z</time>
      </trkpt>
      <trkpt lat="34.34164" lon="-118.01853">
        <ele>1835.8</ele>
        <time>2025-06-15T19:09:17Z</time>
      </trkpt>
      <trkpt lat="34.34165" lon="-118.01849">
        <ele>1834.97</ele>
        <time>2025-06-15T19:09:24Z</time>
      </trkpt>
      <trkpt lat="34.34165" lon="-118.01846">
        <ele>1834.26</ele>
        <time>2025-06-15T19:09:27Z</time>
      </trkpt>
      <trkpt lat="34.34166" lon="-118.01843">
        <ele>1833.88</ele>
        <time>2025-06-15T19:09:30Z</time>
      </trkpt>
      <trkpt lat="34.34168" lon="-118.0184">
        <ele>1834.15</ele>
        <time>2025-06-15T19:09:33Z</time>
      </trkpt>
      <trkpt lat="34.3417" lon="-118.01837">
        <ele>1834.48</ele>
        <time>2025-06-15T19:09:36Z</time>
      </trkpt>
      <trkpt lat="34.34172" lon="-118.01834">
        <ele>1834.8</ele>
        <time>2025-06-15T19:09:40Z</time>
      </trkpt>
      <trkpt lat="34.34172" lon="-118.01831">
        <ele>1834.48</ele>
        <time>2025-06-15T19:09:45Z</time>
      </trkpt>
      <trkpt lat="34.34173" lon="-118.01827">
        <ele>1834.37</ele>
        <time>2025-06-15T19:09:49Z</time>
      </trkpt>
      <trkpt lat="34.34174" lon="-118.01823">
        <ele>1834.28</ele>
        <time>2025-06-15T19:09:53Z</time>
      </trkpt>
      <trkpt lat="34.34174" lon="-118.0182">
        <ele>1834.03</ele>
        <time>2025-06-15T19:09:57Z</time>
      </trkpt>
      <trkpt lat="34.34173" lon="-118.01816">
        <ele>1833.46</ele>
        <time>2025-06-15T19:10:01Z</time>
      </trkpt>
      <trkpt lat="34.34173" lon="-118.01812">
        <ele>1833.06</ele>
        <time>2025-06-15T19:10:05Z</time>
      </trkpt>
      <trkpt lat="34.34174" lon="-118.01809">
        <ele>1832.96</ele>
        <time>2025-06-15T19:10:11Z</time>
      </trkpt>
      <trkpt lat="34.34175" lon="-118.01806">
        <ele>1832.85</ele>
        <time>2025-06-15T19:10:15Z</time>
      </trkpt>
      <trkpt lat="34.34177" lon="-118.01803">
        <ele>1832.96</ele>
        <time>2025-06-15T19:10:18Z</time>
      </trkpt>
      <trkpt lat="34.34178" lon="-118.01799">
        <ele>1832.74</ele>
        <time>2025-06-15T19:10:21Z</time>
      </trkpt>
      <trkpt lat="34.3418" lon="-118.01796">
        <ele>1832.83</ele>
        <time>2025-06-15T19:10:25Z</time>
      </trkpt>
      <trkpt lat="34.34183" lon="-118.01793">
        <ele>1833.09</ele>
        <time>2025-06-15T19:10:30Z</time>
      </trkpt>
      <trkpt lat="34.34186" lon="-118.01792">
        <ele>1833.8</ele>
        <time>2025-06-15T19:10:34Z</time>
      </trkpt>
      <trkpt lat="34.34187" lon="-118.01789">
        <ele>1833.8</ele>
        <time>2025-06-15T19:10:39Z</time>
      </trkpt>
      <trkpt lat="34.34189" lon="-118.01786">
        <ele>1834.01</ele>
        <time>2025-06-15T19:10:42Z</time>
      </trkpt>
      <trkpt lat="34.34192" lon="-118.01784">
        <ele>1834.55</ele>
        <time>2025-06-15T19:10:45Z</time>
      </trkpt>
      <trkpt lat="34.34194" lon="-118.01782">
        <ele>1834.77</ele>
        <time>2025-06-15T19:10:48Z</time>
      </trkpt>
      <trkpt lat="34.34196" lon="-118.01779">
        <ele>1834.89</ele>
        <time>2025-06-15T19:10:51Z</time>
      </trkpt>
      <trkpt lat="34.34197" lon="-118.01774">
        <ele>1834.7</ele>
        <time>2025-06-15T19:10:54Z</time>
      </trkpt>
      <trkpt lat="34.34198" lon="-118.01771">
        <ele>1834.8</ele>
        <time>2025-06-15T19:10:57Z</time>
      </trkpt>
      <trkpt lat="34.34199" lon="-118.01767">
        <ele>1834.8</ele>
        <time>2025-06-15T19:11:00Z</time>
      </trkpt>
      <trkpt lat="34.342" lon="-118.01763">
        <ele>1834.8</ele>
        <time>2025-06-15T19:11:04Z</time>
      </trkpt>
      <trkpt lat="34.34201" lon="-118.0176">
        <ele>1834.91</ele>
        <time>2025-06-15T19:11:07Z</time>
      </trkpt>
      <trkpt lat="34.34203" lon="-118.01757">
        <ele>1835.49</ele>
        <time>2025-06-15T19:11:10Z</time>
      </trkpt>
      <trkpt lat="34.34205" lon="-118.01754">
        <ele>1835.71</ele>
        <time>2025-06-15T19:11:13Z</time>
      </trkpt>
      <trkpt lat="34.34207" lon="-118.01751">
        <ele>1835.82</ele>
        <time>2025-06-15T19:11:16Z</time>
      </trkpt>
      <trkpt lat="34.34209" lon="-118.01748">
        <ele>1835.9</ele>
        <time>2025-06-15T19:11:19Z</time>
      </trkpt>
      <trkpt lat="34.34211" lon="-118.01746">
        <ele>1835.9</ele>
        <time>2025-06-15T19:11:22Z</time>
      </trkpt>
      <trkpt lat="34.34213" lon="-118.01743">
        <ele>1835.48</ele>
        <time>2025-06-15T19:11:25Z</time>
      </trkpt>
      <trkpt lat="34.34215" lon="-118.01741">
        <ele>1834.62</ele>
        <time>2025-06-15T19:11:28Z</time>
      </trkpt>
      <trkpt lat="34.34217" lon="-118.01739">
        <ele>1833.75</ele>
        <time>2025-06-15T19:11:32Z</time>
      </trkpt>
      <trkpt lat="34.34217" lon="-118.01735">
        <ele>1832.89</ele>
        <time>2025-06-15T19:11:36Z</time>
      </trkpt>
      <trkpt lat="34.34215" lon="-118.01732">
        <ele>1832.67</ele>
        <time>2025-06-15T19:11:39Z</time>
      </trkpt>
      <trkpt lat="34.34212" lon="-118.0173">
        <ele>1832.78</ele>
        <time>2025-06-15T19:11:42Z</time>
      </trkpt>
      <trkpt lat="34.34209" lon="-118.01728">
        <ele>1832.68</ele>
        <time>2025-06-15T19:11:45Z</time>
      </trkpt>
      <trkpt lat="34.34206" lon="-118.01725">
        <ele>1832.35</ele>
        <time>2025-06-15T19:11:48Z</time>
      </trkpt>
      <trkpt lat="34.34203" lon="-118.01724">
        <ele>1832.37</ele>
        <time>2025-06-15T19:11:51Z</time>
      </trkpt>
      <trkpt lat="34.34199" lon="-118.01723">
        <ele>1832.13</ele>
        <time>2025-06-15T19:11:54Z</time>
      </trkpt>
      <trkpt lat="34.34196" lon="-118.01722">
        <ele>1831.98</ele>
        <time>2025-06-15T19:11:57Z</time>
      </trkpt>
      <trkpt lat="34.34193" lon="-118.01721">
        <ele>1831.89</ele>
        <time>2025-06-15T19:12:00Z</time>
      </trkpt>
      <trkpt lat="34.34191" lon="-118.01719">
        <ele>1831.78</ele>
        <time>2025-06-15T19:12:03Z</time>
      </trkpt>
      <trkpt lat="34.3419" lon="-118.01715">
        <ele>1831.59</ele>
        <time>2025-06-15T19:12:07Z</time>
      </trkpt>
      <trkpt lat="34.34191" lon="-118.01713">
        <ele>1831.37</ele>
        <time>2025-06-15T19:12:11Z</time>
      </trkpt>
      <trkpt lat="34.34195" lon="-118.01712">
        <ele>1830.88</ele>
        <time>2025-06-15T19:12:15Z</time>
      </trkpt>
      <trkpt lat="34.34197" lon="-118.01711">
        <ele>1830.67</ele>
        <time>2025-06-15T19:12:18Z</time>
      </trkpt>
      <trkpt lat="34.34199" lon="-118.01709">
        <ele>1830.15</ele>
        <time>2025-06-15T19:12:21Z</time>
      </trkpt>
      <trkpt lat="34.34203" lon="-118.01708">
        <ele>1829.47</ele>
        <time>2025-06-15T19:12:24Z</time>
      </trkpt>
      <trkpt lat="34.34206" lon="-118.01705">
        <ele>1827.96</ele>
        <time>2025-06-15T19:12:27Z</time>
      </trkpt>
      <trkpt lat="34.34207" lon="-118.01702">
        <ele>1826.67</ele>
        <time>2025-06-15T19:12:30Z</time>
      </trkpt>
      <trkpt lat="34.34207" lon="-118.01698">
        <ele>1825.22</ele>
        <time>2025-06-15T19:12:34Z</time>
      </trkpt>
      <trkpt lat="34.34206" lon="-118.01695">
        <ele>1824.45</ele>
        <time>2025-06-15T19:12:37Z</time>
      </trkpt>
      <trkpt lat="34.34204" lon="-118.01691">
        <ele>1823.43</ele>
        <time>2025-06-15T19:12:40Z</time>
      </trkpt>
      <trkpt lat="34.34201" lon="-118.01689">
        <ele>1822.94</ele>
        <time>2025-06-15T19:12:43Z</time>
      </trkpt>
      <trkpt lat="34.34198" lon="-118.01688">
        <ele>1822.83</ele>
        <time>2025-06-15T19:12:46Z</time>
      </trkpt>
      <trkpt lat="34.34195" lon="-118.01688">
        <ele>1823.16</ele>
        <time>2025-06-15T19:12:49Z</time>
      </trkpt>
      <trkpt lat="34.34192" lon="-118.01686">
        <ele>1822.88</ele>
        <time>2025-06-15T19:12:53Z</time>
      </trkpt>
      <trkpt lat="34.3419" lon="-118.01683">
        <ele>1822.25</ele>
        <time>2025-06-15T19:12:56Z</time>
      </trkpt>
      <trkpt lat="34.34188" lon="-118.01682">
        <ele>1822.36</ele>
        <time>2025-06-15T19:13:14Z</time>
      </trkpt>
      <trkpt lat="34.34185" lon="-118.01681">
        <ele>1822.66</ele>
        <time>2025-06-15T19:13:19Z</time>
      </trkpt>
      <trkpt lat="34.34182" lon="-118.01679">
        <ele>1822.34</ele>
        <time>2025-06-15T19:13:27Z</time>
      </trkpt>
      <trkpt lat="34.34178" lon="-118.01679">
        <ele>1822.77</ele>
        <time>2025-06-15T19:13:30Z</time>
      </trkpt>
      <trkpt lat="34.34176" lon="-118.0168">
        <ele>1823.31</ele>
        <time>2025-06-15T19:13:33Z</time>
      </trkpt>
      <trkpt lat="34.34172" lon="-118.01679">
        <ele>1823.42</ele>
        <time>2025-06-15T19:13:37Z</time>
      </trkpt>
      <trkpt lat="34.3417" lon="-118.01676">
        <ele>1822.66</ele>
        <time>2025-06-15T19:13:40Z</time>
      </trkpt>
      <trkpt lat="34.34167" lon="-118.01674">
        <ele>1822.34</ele>
        <time>2025-06-15T19:13:44Z</time>
      </trkpt>
      <trkpt lat="34.34165" lon="-118.01671">
        <ele>1821.4</ele>
        <time>2025-06-15T19:13:48Z</time>
      </trkpt>
      <trkpt lat="34.34162" lon="-118.01669">
        <ele>1820.76</ele>
        <time>2025-06-15T19:13:51Z</time>
      </trkpt>
      <trkpt lat="34.34159" lon="-118.01667">
        <ele>1820.11</ele>
        <time>2025-06-15T19:13:53Z</time>
      </trkpt>
      <trkpt lat="34.34161" lon="-118.01664">
        <ele>1819.14</ele>
        <time>2025-06-15T19:13:58Z</time>
      </trkpt>
      <trkpt lat="34.34164" lon="-118.01663">
        <ele>1818.81</ele>
        <time>2025-06-15T19:14:00Z</time>
      </trkpt>
      <trkpt lat="34.34167" lon="-118.01662">
        <ele>1818.45</ele>
        <time>2025-06-15T19:14:04Z</time>
      </trkpt>
      <trkpt lat="34.3417" lon="-118.01663">
        <ele>1818.45</ele>
        <time>2025-06-15T19:14:10Z</time>
      </trkpt>
      <trkpt lat="34.34173" lon="-118.01666">
        <ele>1819.1</ele>
        <time>2025-06-15T19:14:39Z</time>
      </trkpt>
      <trkpt lat="34.3417" lon="-118.01664">
        <ele>1818.78</ele>
        <time>2025-06-15T19:14:45Z</time>
      </trkpt>
      <trkpt lat="34.34166" lon="-118.01663">
        <ele>1818.81</ele>
        <time>2025-06-15T19:14:47Z</time>
      </trkpt>
      <trkpt lat="34.34162" lon="-118.01663">
        <ele>1818.81</ele>
        <time>2025-06-15T19:14:50Z</time>
      </trkpt>
      <trkpt lat="34.34158" lon="-118.01663">
        <ele>1818.81</ele>
        <time>2025-06-15T19:14:53Z</time>
      </trkpt>
      <trkpt lat="34.34155" lon="-118.01663">
        <ele>1818.81</ele>
        <time>2025-06-15T19:14:56Z</time>
      </trkpt>
      <trkpt lat="34.34152" lon="-118.01663">
        <ele>1818.81</ele>
        <time>2025-06-15T19:14:59Z</time>
      </trkpt>
      <trkpt lat="34.34149" lon="-118.01663">
        <ele>1818.81</ele>
        <time>2025-06-15T19:15:01Z</time>
      </trkpt>
      <trkpt lat="34.34146" lon="-118.01664">
        <ele>1818.9</ele>
        <time>2025-06-15T19:15:05Z</time>
      </trkpt>
      <trkpt lat="34.34143" lon="-118.01664">
        <ele>1818.58</ele>
        <time>2025-06-15T19:15:08Z</time>
      </trkpt>
      <trkpt lat="34.3414" lon="-118.01665">
        <ele>1818.58</ele>
        <time>2025-06-15T19:15:12Z</time>
      </trkpt>
      <trkpt lat="34.34137" lon="-118.01665">
        <ele>1818.29</ele>
        <time>2025-06-15T19:15:16Z</time>
      </trkpt>
      <trkpt lat="34.34135" lon="-118.01668">
        <ele>1818.87</ele>
        <time>2025-06-15T19:15:22Z</time>
      </trkpt>
      <trkpt lat="34.34135" lon="-118.01672">
        <ele>1819.73</ele>
        <time>2025-06-15T19:15:55Z</time>
      </trkpt>
      <trkpt lat="34.34133" lon="-118.01676">
        <ele>1820.38</ele>
        <time>2025-06-15T19:16:01Z</time>
      </trkpt>
      <trkpt lat="34.34131" lon="-118.01681">
        <ele>1821.33</ele>
        <time>2025-06-15T19:16:08Z</time>
      </trkpt>
      <trkpt lat="34.34131" lon="-118.01685">
        <ele>1822.25</ele>
        <time>2025-06-15T19:16:15Z</time>
      </trkpt>
      <trkpt lat="34.34132" lon="-118.0169">
        <ele>1823.55</ele>
        <time>2025-06-15T19:16:23Z</time>
      </trkpt>
      <trkpt lat="34.34131" lon="-118.01693">
        <ele>1823.98</ele>
        <time>2025-06-15T19:16:28Z</time>
      </trkpt>
      <trkpt lat="34.34127" lon="-118.01694">
        <ele>1823.35</ele>
        <time>2025-06-15T19:16:33Z</time>
      </trkpt>
      <trkpt lat="34.34124" lon="-118.01695">
        <ele>1822.84</ele>
        <time>2025-06-15T19:16:37Z</time>
      </trkpt>
      <trkpt lat="34.34122" lon="-118.01693">
        <ele>1822.17</ele>
        <time>2025-06-15T19:16:41Z</time>
      </trkpt>
      <trkpt lat="34.34118" lon="-118.01694">
        <ele>1821.46</ele>
        <time>2025-06-15T19:16:46Z</time>
      </trkpt>
      <trkpt lat="34.34115" lon="-118.01697">
        <ele>1821.12</ele>
        <time>2025-06-15T19:16:50Z</time>
      </trkpt>
      <trkpt lat="34.34112" lon="-118.01698">
        <ele>1820.58</ele>
        <time>2025-06-15T19:16:54Z</time>
      </trkpt>
      <trkpt lat="34.34109" lon="-118.01698">
        <ele>1820.07</ele>
        <time>2025-06-15T19:16:59Z</time>
      </trkpt>
      <trkpt lat="34.34107" lon="-118.01696">
        <ele>1819.65</ele>
        <time>2025-06-15T19:17:03Z</time>
      </trkpt>
      <trkpt lat="34.34104" lon="-118.01694">
        <ele>1819.28</ele>
        <time>2025-06-15T19:17:07Z</time>
      </trkpt>
      <trkpt lat="34.34102" lon="-118.01692">
        <ele>1819.28</ele>
        <time>2025-06-15T19:17:11Z</time>
      </trkpt>
      <trkpt lat="34.341" lon="-118.01688">
        <ele>1819.5</ele>
        <time>2025-06-15T19:17:14Z</time>
      </trkpt>
      <trkpt lat="34.34097" lon="-118.01686">
        <ele>1819.39</ele>
        <time>2025-06-15T19:17:17Z</time>
      </trkpt>
      <trkpt lat="34.34095" lon="-118.01685">
        <ele>1819.27</ele>
        <time>2025-06-15T19:17:20Z</time>
      </trkpt>
      <trkpt lat="34.34092" lon="-118.01685">
        <ele>1818.95</ele>
        <time>2025-06-15T19:17:23Z</time>
      </trkpt>
      <trkpt lat="34.34089" lon="-118.01685">
        <ele>1818.62</ele>
        <time>2025-06-15T19:17:27Z</time>
      </trkpt>
      <trkpt lat="34.34085" lon="-118.01684">
        <ele>1818.2</ele>
        <time>2025-06-15T19:17:32Z</time>
      </trkpt>
      <trkpt lat="34.34083" lon="-118.01682">
        <ele>1817.96</ele>
        <time>2025-06-15T19:17:46Z</time>
      </trkpt>
      <trkpt lat="34.34079" lon="-118.01681">
        <ele>1817.53</ele>
        <time>2025-06-15T19:17:51Z</time>
      </trkpt>
      <trkpt lat="34.34077" lon="-118.0168">
        <ele>1817.32</ele>
        <time>2025-06-15T19:17:54Z</time>
      </trkpt>
      <trkpt lat="34.34074" lon="-118.01678">
        <ele>1816.98</ele>
        <time>2025-06-15T19:17:59Z</time>
      </trkpt>
      <trkpt lat="34.34073" lon="-118.01675">
        <ele>1816.77</ele>
        <time>2025-06-15T19:18:05Z</time>
      </trkpt>
      <trkpt lat="34.34071" lon="-118.01672">
        <ele>1816.34</ele>
        <time>2025-06-15T19:18:11Z</time>
      </trkpt>
      <trkpt lat="34.34068" lon="-118.01671">
        <ele>1815.69</ele>
        <time>2025-06-15T19:18:17Z</time>
      </trkpt>
      <trkpt lat="34.34066" lon="-118.01668">
        <ele>1815.26</ele>
        <time>2025-06-15T19:18:21Z</time>
      </trkpt>
      <trkpt lat="34.34064" lon="-118.01665">
        <ele>1814.74</ele>
        <time>2025-06-15T19:18:24Z</time>
      </trkpt>
      <trkpt lat="34.34062" lon="-118.01662">
        <ele>1814.09</ele>
        <time>2025-06-15T19:18:28Z</time>
      </trkpt>
      <trkpt lat="34.3406" lon="-118.0166">
        <ele>1813.44</ele>
        <time>2025-06-15T19:18:32Z</time>
      </trkpt>
      <trkpt lat="34.34057" lon="-118.01657">
        <ele>1812.47</ele>
        <time>2025-06-15T19:18:37Z</time>
      </trkpt>
      <trkpt lat="34.34055" lon="-118.01653">
        <ele>1811.82</ele>
        <time>2025-06-15T19:18:40Z</time>
      </trkpt>
      <trkpt lat="34.34054" lon="-118.0165">
        <ele>1811.5</ele>
        <time>2025-06-15T19:18:45Z</time>
      </trkpt>
      <trkpt lat="34.34054" lon="-118.01645">
        <ele>1811.5</ele>
        <time>2025-06-15T19:18:49Z</time>
      </trkpt>
      <trkpt lat="34.34056" lon="-118.01642">
        <ele>1812.14</ele>
        <time>2025-06-15T19:18:52Z</time>
      </trkpt>
      <trkpt lat="34.34057" lon="-118.01639">
        <ele>1812.47</ele>
        <time>2025-06-15T19:18:56Z</time>
      </trkpt>
      <trkpt lat="34.34057" lon="-118.01635">
        <ele>1811.98</ele>
        <time>2025-06-15T19:18:59Z</time>
      </trkpt>
      <trkpt lat="34.34058" lon="-118.01631">
        <ele>1811.72</ele>
        <time>2025-06-15T19:19:02Z</time>
      </trkpt>
      <trkpt lat="34.3406" lon="-118.01628">
        <ele>1811.61</ele>
        <time>2025-06-15T19:19:05Z</time>
      </trkpt>
      <trkpt lat="34.34062" lon="-118.01625">
        <ele>1811.39</ele>
        <time>2025-06-15T19:19:08Z</time>
      </trkpt>
      <trkpt lat="34.34064" lon="-118.01622">
        <ele>1811.18</ele>
        <time>2025-06-15T19:19:11Z</time>
      </trkpt>
      <trkpt lat="34.34066" lon="-118.01619">
        <ele>1810.83</ele>
        <time>2025-06-15T19:19:15Z</time>
      </trkpt>
      <trkpt lat="34.34069" lon="-118.01617">
        <ele>1810.72</ele>
        <time>2025-06-15T19:19:18Z</time>
      </trkpt>
      <trkpt lat="34.34072" lon="-118.01615">
        <ele>1810.62</ele>
        <time>2025-06-15T19:19:22Z</time>
      </trkpt>
      <trkpt lat="34.34073" lon="-118.01611">
        <ele>1809.86</ele>
        <time>2025-06-15T19:19:26Z</time>
      </trkpt>
      <trkpt lat="34.34073" lon="-118.01608">
        <ele>1809.21</ele>
        <time>2025-06-15T19:19:29Z</time>
      </trkpt>
      <trkpt lat="34.34067" lon="-118.01612">
        <ele>1809.43</ele>
        <time>2025-06-15T19:21:09Z</time>
      </trkpt>
      <trkpt lat="34.34067" lon="-118.01604">
        <ele>1807.7</ele>
        <time>2025-06-15T19:22:08Z</time>
      </trkpt>
      <trkpt lat="34.34063" lon="-118.01598">
        <ele>1806.31</ele>
        <time>2025-06-15T19:22:17Z</time>
      </trkpt>
      <trkpt lat="34.34058" lon="-118.01593">
        <ele>1804.6</ele>
        <time>2025-06-15T19:23:49Z</time>
      </trkpt>
      <trkpt lat="34.34061" lon="-118.01597">
        <ele>1805.85</ele>
        <time>2025-06-15T19:24:27Z</time>
      </trkpt>
      <trkpt lat="34.34056" lon="-118.01599">
        <ele>1805.45</ele>
        <time>2025-06-15T19:28:29Z</time>
      </trkpt>
      <trkpt lat="34.34053" lon="-118.01599">
        <ele>1805.02</ele>
        <time>2025-06-15T19:28:36Z</time>
      </trkpt>
      <trkpt lat="34.34049" lon="-118.01597">
        <ele>1803.87</ele>
        <time>2025-06-15T19:28:43Z</time>
      </trkpt>
      <trkpt lat="34.34046" lon="-118.01597">
        <ele>1803.38</ele>
        <time>2025-06-15T19:28:52Z</time>
      </trkpt>
      <trkpt lat="34.34043" lon="-118.01599">
        <ele>1803.47</ele>
        <time>2025-06-15T19:29:01Z</time>
      </trkpt>
      <trkpt lat="34.3404" lon="-118.016">
        <ele>1803.18</ele>
        <time>2025-06-15T19:29:04Z</time>
      </trkpt>
      <trkpt lat="34.34037" lon="-118.01603">
        <ele>1803.24</ele>
        <time>2025-06-15T19:29:07Z</time>
      </trkpt>
      <trkpt lat="34.34035" lon="-118.01605">
        <ele>1803.24</ele>
        <time>2025-06-15T19:29:10Z</time>
      </trkpt>
      <trkpt lat="34.34035" lon="-118.01609">
        <ele>1804.1</ele>
        <time>2025-06-15T19:29:13Z</time>
      </trkpt>
      <trkpt lat="34.34033" lon="-118.01612">
        <ele>1804.28</ele>
        <time>2025-06-15T19:29:17Z</time>
      </trkpt>
      <trkpt lat="34.34032" lon="-118.01616">
        <ele>1804.68</ele>
        <time>2025-06-15T19:29:22Z</time>
      </trkpt>
      <trkpt lat="34.34031" lon="-118.01619">
        <ele>1804.84</ele>
        <time>2025-06-15T19:29:25Z</time>
      </trkpt>
      <trkpt lat="34.34028" lon="-118.01621">
        <ele>1804.14</ele>
        <time>2025-06-15T19:29:28Z</time>
      </trkpt>
      <trkpt lat="34.34026" lon="-118.01622">
        <ele>1803.6</ele>
        <time>2025-06-15T19:29:31Z</time>
      </trkpt>
      <trkpt lat="34.34023" lon="-118.01621">
        <ele>1802.52</ele>
        <time>2025-06-15T19:29:36Z</time>
      </trkpt>
      <trkpt lat="34.34021" lon="-118.01618">
        <ele>1801.55</ele>
        <time>2025-06-15T19:29:41Z</time>
      </trkpt>
      <trkpt lat="34.34019" lon="-118.01615">
        <ele>1800.58</ele>
        <time>2025-06-15T19:29:46Z</time>
      </trkpt>
      <trkpt lat="34.34016" lon="-118.01613">
        <ele>1799.33</ele>
        <time>2025-06-15T19:29:51Z</time>
      </trkpt>
      <trkpt lat="34.34014" lon="-118.01611">
        <ele>1798.52</ele>
        <time>2025-06-15T19:30:00Z</time>
      </trkpt>
      <trkpt lat="34.34012" lon="-118.01607">
        <ele>1797.44</ele>
        <time>2025-06-15T19:30:04Z</time>
      </trkpt>
      <trkpt lat="34.34012" lon="-118.01603">
        <ele>1797.01</ele>
        <time>2025-06-15T19:30:09Z</time>
      </trkpt>
      <trkpt lat="34.3401" lon="-118.016">
        <ele>1796.02</ele>
        <time>2025-06-15T19:30:12Z</time>
      </trkpt>
      <trkpt lat="34.34009" lon="-118.01596">
        <ele>1795.31</ele>
        <time>2025-06-15T19:30:15Z</time>
      </trkpt>
      <trkpt lat="34.34009" lon="-118.01592">
        <ele>1794.88</ele>
        <time>2025-06-15T19:30:18Z</time>
      </trkpt>
      <trkpt lat="34.34009" lon="-118.01588">
        <ele>1794.45</ele>
        <time>2025-06-15T19:30:21Z</time>
      </trkpt>
      <trkpt lat="34.34009" lon="-118.01584">
        <ele>1794.02</ele>
        <time>2025-06-15T19:30:24Z</time>
      </trkpt>
      <trkpt lat="34.34007" lon="-118.0158">
        <ele>1792.52</ele>
        <time>2025-06-15T19:30:28Z</time>
      </trkpt>
      <trkpt lat="34.34006" lon="-118.01577">
        <ele>1791.48</ele>
        <time>2025-06-15T19:30:35Z</time>
      </trkpt>
      <trkpt lat="34.34007" lon="-118.01574">
        <ele>1790.74</ele>
        <time>2025-06-15T19:30:40Z</time>
      </trkpt>
      <trkpt lat="34.3401" lon="-118.01573">
        <ele>1790.84</ele>
        <time>2025-06-15T19:30:45Z</time>
      </trkpt>
      <trkpt lat="34.34013" lon="-118.01572">
        <ele>1790.87</ele>
        <time>2025-06-15T19:30:48Z</time>
      </trkpt>
      <trkpt lat="34.34016" lon="-118.01572">
        <ele>1791.12</ele>
        <time>2025-06-15T19:30:51Z</time>
      </trkpt>
      <trkpt lat="34.34019" lon="-118.01571">
        <ele>1791.06</ele>
        <time>2025-06-15T19:30:54Z</time>
      </trkpt>
      <trkpt lat="34.34021" lon="-118.01568">
        <ele>1790.3</ele>
        <time>2025-06-15T19:30:58Z</time>
      </trkpt>
      <trkpt lat="34.3402" lon="-118.01565">
        <ele>1789.22</ele>
        <time>2025-06-15T19:31:03Z</time>
      </trkpt>
      <trkpt lat="34.3402" lon="-118.01561">
        <ele>1787.92</ele>
        <time>2025-06-15T19:31:05Z</time>
      </trkpt>
      <trkpt lat="34.34021" lon="-118.01558">
        <ele>1787.06</ele>
        <time>2025-06-15T19:31:09Z</time>
      </trkpt>
      <trkpt lat="34.34021" lon="-118.01554">
        <ele>1785.72</ele>
        <time>2025-06-15T19:31:12Z</time>
      </trkpt>
      <trkpt lat="34.34021" lon="-118.0155">
        <ele>1784.31</ele>
        <time>2025-06-15T19:31:16Z</time>
      </trkpt>
      <trkpt lat="34.34019" lon="-118.01547">
        <ele>1783.23</ele>
        <time>2025-06-15T19:31:22Z</time>
      </trkpt>
      <trkpt lat="34.34016" lon="-118.01545">
        <ele>1782.99</ele>
        <time>2025-06-15T19:31:26Z</time>
      </trkpt>
      <trkpt lat="34.34017" lon="-118.01542">
        <ele>1782.24</ele>
        <time>2025-06-15T19:31:32Z</time>
      </trkpt>
      <trkpt lat="34.34018" lon="-118.01539">
        <ele>1781.48</ele>
        <time>2025-06-15T19:31:46Z</time>
      </trkpt>
      <trkpt lat="34.34019" lon="-118.01535">
        <ele>1780.51</ele>
        <time>2025-06-15T19:31:56Z</time>
      </trkpt>
      <trkpt lat="34.34019" lon="-118.01531">
        <ele>1779.64</ele>
        <time>2025-06-15T19:32:03Z</time>
      </trkpt>
      <trkpt lat="34.34019" lon="-118.01528">
        <ele>1779.0</ele>
        <time>2025-06-15T19:32:09Z</time>
      </trkpt>
      <trkpt lat="34.34016" lon="-118.01525">
        <ele>1778.4</ele>
        <time>2025-06-15T19:32:12Z</time>
      </trkpt>
      <trkpt lat="34.34013" lon="-118.01525">
        <ele>1778.4</ele>
        <time>2025-06-15T19:32:14Z</time>
      </trkpt>
      <trkpt lat="34.3401" lon="-118.01526">
        <ele>1778.62</ele>
        <time>2025-06-15T19:32:16Z</time>
      </trkpt>
      <trkpt lat="34.34007" lon="-118.01527">
        <ele>1779.08</ele>
        <time>2025-06-15T19:32:20Z</time>
      </trkpt>
      <trkpt lat="34.34004" lon="-118.01529">
        <ele>1779.89</ele>
        <time>2025-06-15T19:32:27Z</time>
      </trkpt>
      <trkpt lat="34.34001" lon="-118.01531">
        <ele>1780.63</ele>
        <time>2025-06-15T19:32:30Z</time>
      </trkpt>
      <trkpt lat="34.33997" lon="-118.0153">
        <ele>1780.8</ele>
        <time>2025-06-15T19:32:33Z</time>
      </trkpt>
      <trkpt lat="34.33996" lon="-118.01526">
        <ele>1780.05</ele>
        <time>2025-06-15T19:32:37Z</time>
      </trkpt>
      <trkpt lat="34.33998" lon="-118.01523">
        <ele>1779.18</ele>
        <time>2025-06-15T19:32:40Z</time>
      </trkpt>
      <trkpt lat="34.34" lon="-118.0152">
        <ele>1778.32</ele>
        <time>2025-06-15T19:32:43Z</time>
      </trkpt>
      <trkpt lat="34.34002" lon="-118.01517">
        <ele>1777.58</ele>
        <time>2025-06-15T19:32:47Z</time>
      </trkpt>
      <trkpt lat="34.34004" lon="-118.01514">
        <ele>1776.87</ele>
        <time>2025-06-15T19:32:51Z</time>
      </trkpt>
      <trkpt lat="34.34006" lon="-118.01511">
        <ele>1776.01</ele>
        <time>2025-06-15T19:32:54Z</time>
      </trkpt>
      <trkpt lat="34.34007" lon="-118.01508">
        <ele>1775.32</ele>
        <time>2025-06-15T19:32:58Z</time>
      </trkpt>
      <trkpt lat="34.34008" lon="-118.01505">
        <ele>1774.75</ele>
        <time>2025-06-15T19:33:02Z</time>
      </trkpt>
      <trkpt lat="34.34007" lon="-118.01501">
        <ele>1774.38</ele>
        <time>2025-06-15T19:33:05Z</time>
      </trkpt>
      <trkpt lat="34.34005" lon="-118.01497">
        <ele>1773.81</ele>
        <time>2025-06-15T19:33:08Z</time>
      </trkpt>
      <trkpt lat="34.34004" lon="-118.01494">
        <ele>1773.27</ele>
        <time>2025-06-15T19:33:21Z</time>
      </trkpt>
      <trkpt lat="34.34002" lon="-118.01491">
        <ele>1772.84</ele>
        <time>2025-06-15T19:33:24Z</time>
      </trkpt>
      <trkpt lat="34.34001" lon="-118.01487">
        <ele>1772.08</ele>
        <time>2025-06-15T19:33:27Z</time>
      </trkpt>
      <trkpt lat="34.33999" lon="-118.01483">
        <ele>1771.42</ele>
        <time>2025-06-15T19:33:31Z</time>
      </trkpt>
      <trkpt lat="34.33997" lon="-118.01481">
        <ele>1771.27</ele>
        <time>2025-06-15T19:33:35Z</time>
      </trkpt>
      <trkpt lat="34.33995" lon="-118.01478">
        <ele>1771.16</ele>
        <time>2025-06-15T19:33:40Z</time>
      </trkpt>
      <trkpt lat="34.33994" lon="-118.01474">
        <ele>1770.84</ele>
        <time>2025-06-15T19:33:43Z</time>
      </trkpt>
      <trkpt lat="34.33994" lon="-118.01471">
        <ele>1770.38</ele>
        <time>2025-06-15T19:33:46Z</time>
      </trkpt>
      <trkpt lat="34.33994" lon="-118.01467">
        <ele>1769.52</ele>
        <time>2025-06-15T19:33:50Z</time>
      </trkpt>
      <trkpt lat="34.33993" lon="-118.01463">
        <ele>1768.76</ele>
        <time>2025-06-15T19:33:54Z</time>
      </trkpt>
      <trkpt lat="34.3399" lon="-118.01461">
        <ele>1768.66</ele>
        <time>2025-06-15T19:33:58Z</time>
      </trkpt>
      <trkpt lat="34.33987" lon="-118.0146">
        <ele>1768.76</ele>
        <time>2025-06-15T19:34:01Z</time>
      </trkpt>
      <trkpt lat="34.33984" lon="-118.0146">
        <ele>1769.09</ele>
        <time>2025-06-15T19:34:04Z</time>
      </trkpt>
      <trkpt lat="34.33981" lon="-118.0146">
        <ele>1769.43</ele>
        <time>2025-06-15T19:34:09Z</time>
      </trkpt>
      <trkpt lat="34.33979" lon="-118.01457">
        <ele>1769.15</ele>
        <time>2025-06-15T19:34:13Z</time>
      </trkpt>
      <trkpt lat="34.33977" lon="-118.01453">
        <ele>1768.89</ele>
        <time>2025-06-15T19:34:16Z</time>
      </trkpt>
      <trkpt lat="34.33974" lon="-118.01451">
        <ele>1769.32</ele>
        <time>2025-06-15T19:34:19Z</time>
      </trkpt>
      <trkpt lat="34.33971" lon="-118.0145">
        <ele>1769.73</ele>
        <time>2025-06-15T19:34:22Z</time>
      </trkpt>
      <trkpt lat="34.33969" lon="-118.01447">
        <ele>1769.62</ele>
        <time>2025-06-15T19:34:25Z</time>
      </trkpt>
      <trkpt lat="34.33968" lon="-118.01443">
        <ele>1769.46</ele>
        <time>2025-06-15T19:34:28Z</time>
      </trkpt>
      <trkpt lat="34.33967" lon="-118.0144">
        <ele>1769.56</ele>
        <time>2025-06-15T19:34:31Z</time>
      </trkpt>
      <trkpt lat="34.33965" lon="-118.01436">
        <ele>1769.78</ele>
        <time>2025-06-15T19:34:36Z</time>
      </trkpt>
      <trkpt lat="34.33963" lon="-118.01433">
        <ele>1769.76</ele>
        <time>2025-06-15T19:34:40Z</time>
      </trkpt>
      <trkpt lat="34.33961" lon="-118.01431">
        <ele>1769.43</ele>
        <time>2025-06-15T19:34:43Z</time>
      </trkpt>
      <trkpt lat="34.33959" lon="-118.01427">
        <ele>1769.07</ele>
        <time>2025-06-15T19:34:47Z</time>
      </trkpt>
      <trkpt lat="34.33958" lon="-118.01424">
        <ele>1768.58</ele>
        <time>2025-06-15T19:34:50Z</time>
      </trkpt>
      <trkpt lat="34.33956" lon="-118.01421">
        <ele>1767.94</ele>
        <time>2025-06-15T19:34:53Z</time>
      </trkpt>
      <trkpt lat="34.33954" lon="-118.01419">
        <ele>1767.5</ele>
        <time>2025-06-15T19:34:57Z</time>
      </trkpt>
      <trkpt lat="34.33953" lon="-118.01416">
        <ele>1766.78</ele>
        <time>2025-06-15T19:35:09Z</time>
      </trkpt>
      <trkpt lat="34.33954" lon="-118.01419">
        <ele>1767.5</ele>
        <time>2025-06-15T19:35:22Z</time>
      </trkpt>
      <trkpt lat="34.33958" lon="-118.01418">
        <ele>1767.29</ele>
        <time>2025-06-15T19:36:31Z</time>
      </trkpt>
      <trkpt lat="34.33961" lon="-118.01415">
        <ele>1766.64</ele>
        <time>2025-06-15T19:37:13Z</time>
      </trkpt>
      <trkpt lat="34.33964" lon="-118.01413">
        <ele>1765.98</ele>
        <time>2025-06-15T19:37:18Z</time>
      </trkpt>
      <trkpt lat="34.33967" lon="-118.01411">
        <ele>1764.9</ele>
        <time>2025-06-15T19:37:23Z</time>
      </trkpt>
      <trkpt lat="34.33969" lon="-118.01409">
        <ele>1764.04</ele>
        <time>2025-06-15T19:37:26Z</time>
      </trkpt>
      <trkpt lat="34.33972" lon="-118.01409">
        <ele>1763.39</ele>
        <time>2025-06-15T19:37:29Z</time>
      </trkpt>
      <trkpt lat="34.33975" lon="-118.01409">
        <ele>1762.44</ele>
        <time>2025-06-15T19:37:32Z</time>
      </trkpt>
      <trkpt lat="34.33978" lon="-118.01409">
        <ele>1761.47</ele>
        <time>2025-06-15T19:37:35Z</time>
      </trkpt>
      <trkpt lat="34.33981" lon="-118.01408">
        <ele>1760.28</ele>
        <time>2025-06-15T19:37:39Z</time>
      </trkpt>
      <trkpt lat="34.33984" lon="-118.01406">
        <ele>1758.88</ele>
        <time>2025-06-15T19:37:43Z</time>
      </trkpt>
      <trkpt lat="34.33986" lon="-118.01404">
        <ele>1757.8</ele>
        <time>2025-06-15T19:37:47Z</time>
      </trkpt>
      <trkpt lat="34.33987" lon="-118.014">
        <ele>1756.61</ele>
        <time>2025-06-15T19:37:51Z</time>
      </trkpt>
      <trkpt lat="34.33986" lon="-118.01396">
        <ele>1756.3</ele>
        <time>2025-06-15T19:37:54Z</time>
      </trkpt>
      <trkpt lat="34.33985" lon="-118.01392">
        <ele>1756.2</ele>
        <time>2025-06-15T19:37:58Z</time>
      </trkpt>
      <trkpt lat="34.33984" lon="-118.01389">
        <ele>1756.2</ele>
        <time>2025-06-15T19:38:02Z</time>
      </trkpt>
      <trkpt lat="34.33988" lon="-118.01388">
        <ele>1754.72</ele>
        <time>2025-06-15T19:38:07Z</time>
      </trkpt>
      <trkpt lat="34.33991" lon="-118.01387">
        <ele>1753.51</ele>
        <time>2025-06-15T19:38:12Z</time>
      </trkpt>
      <trkpt lat="34.33994" lon="-118.01387">
        <ele>1752.54</ele>
        <time>2025-06-15T19:38:16Z</time>
      </trkpt>
      <trkpt lat="34.33998" lon="-118.01386">
        <ele>1751.02</ele>
        <time>2025-06-15T19:38:20Z</time>
      </trkpt>
      <trkpt lat="34.33999" lon="-118.01383">
        <ele>1750.05</ele>
        <time>2025-06-15T19:38:24Z</time>
      </trkpt>
      <trkpt lat="34.33998" lon="-118.01379">
        <ele>1749.53</ele>
        <time>2025-06-15T19:38:28Z</time>
      </trkpt>
      <trkpt lat="34.33996" lon="-118.01376">
        <ele>1749.68</ele>
        <time>2025-06-15T19:38:32Z</time>
      </trkpt>
      <trkpt lat="34.33994" lon="-118.01374">
        <ele>1750.12</ele>
        <time>2025-06-15T19:38:36Z</time>
      </trkpt>
      <trkpt lat="34.33993" lon="-118.0137">
        <ele>1749.95</ele>
        <time>2025-06-15T19:38:40Z</time>
      </trkpt>
      <trkpt lat="34.33991" lon="-118.01367">
        <ele>1750.17</ele>
        <time>2025-06-15T19:38:43Z</time>
      </trkpt>
      <trkpt lat="34.3399" lon="-118.01363">
        <ele>1749.71</ele>
        <time>2025-06-15T19:38:46Z</time>
      </trkpt>
      <trkpt lat="34.33988" lon="-118.01359">
        <ele>1749.89</ele>
        <time>2025-06-15T19:38:50Z</time>
      </trkpt>
      <trkpt lat="34.33988" lon="-118.01356">
        <ele>1749.47</ele>
        <time>2025-06-15T19:38:54Z</time>
      </trkpt>
      <trkpt lat="34.33988" lon="-118.01353">
        <ele>1749.05</ele>
        <time>2025-06-15T19:38:58Z</time>
      </trkpt>
      <trkpt lat="34.33987" lon="-118.01349">
        <ele>1748.6</ele>
        <time>2025-06-15T19:39:02Z</time>
      </trkpt>
      <trkpt lat="34.33987" lon="-118.01345">
        <ele>1747.73</ele>
        <time>2025-06-15T19:39:06Z</time>
      </trkpt>
      <trkpt lat="34.33987" lon="-118.01342">
        <ele>1747.08</ele>
        <time>2025-06-15T19:39:09Z</time>
      </trkpt>
      <trkpt lat="34.33985" lon="-118.01338">
        <ele>1746.87</ele>
        <time>2025-06-15T19:39:12Z</time>
      </trkpt>
      <trkpt lat="34.33984" lon="-118.01334">
        <ele>1746.33</ele>
        <time>2025-06-15T19:39:15Z</time>
      </trkpt>
      <trkpt lat="34.33984" lon="-118.01331">
        <ele>1745.75</ele>
        <time>2025-06-15T19:39:18Z</time>
      </trkpt>
      <trkpt lat="34.33982" lon="-118.01327">
        <ele>1745.5</ele>
        <time>2025-06-15T19:39:21Z</time>
      </trkpt>
      <trkpt lat="34.33981" lon="-118.01325">
        <ele>1745.3</ele>
        <time>2025-06-15T19:39:24Z</time>
      </trkpt>
      <trkpt lat="34.3398" lon="-118.01321">
        <ele>1744.66</ele>
        <time>2025-06-15T19:39:27Z</time>
      </trkpt>
      <trkpt lat="34.33978" lon="-118.01317">
        <ele>1744.22</ele>
        <time>2025-06-15T19:39:30Z</time>
      </trkpt>
      <trkpt lat="34.33976" lon="-118.01314">
        <ele>1744.1</ele>
        <time>2025-06-15T19:39:33Z</time>
      </trkpt>
      <trkpt lat="34.33973" lon="-118.01312">
        <ele>1744.53</ele>
        <time>2025-06-15T19:39:36Z</time>
      </trkpt>
      <trkpt lat="34.3397" lon="-118.01311">
        <ele>1745.07</ele>
        <time>2025-06-15T19:39:39Z</time>
      </trkpt>
      <trkpt lat="34.33966" lon="-118.01309">
        <ele>1745.72</ele>
        <time>2025-06-15T19:39:42Z</time>
      </trkpt>
      <trkpt lat="34.33964" lon="-118.01306">
        <ele>1745.82</ele>
        <time>2025-06-15T19:39:45Z</time>
      </trkpt>
      <trkpt lat="34.33962" lon="-118.01303">
        <ele>1745.83</ele>
        <time>2025-06-15T19:39:48Z</time>
      </trkpt>
      <trkpt lat="34.3396" lon="-118.01299">
        <ele>1745.61</ele>
        <time>2025-06-15T19:39:51Z</time>
      </trkpt>
      <trkpt lat="34.33958" lon="-118.01295">
        <ele>1745.47</ele>
        <time>2025-06-15T19:39:54Z</time>
      </trkpt>
      <trkpt lat="34.33957" lon="-118.01293">
        <ele>1745.52</ele>
        <time>2025-06-15T19:39:57Z</time>
      </trkpt>
      <trkpt lat="34.33955" lon="-118.01289">
        <ele>1745.75</ele>
        <time>2025-06-15T19:40:00Z</time>
      </trkpt>
      <trkpt lat="34.33953" lon="-118.01286">
        <ele>1745.96</ele>
        <time>2025-06-15T19:40:03Z</time>
      </trkpt>
      <trkpt lat="34.33952" lon="-118.01282">
        <ele>1745.64</ele>
        <time>2025-06-15T19:40:07Z</time>
      </trkpt>
      <trkpt lat="34.33951" lon="-118.01279">
        <ele>1745.42</ele>
        <time>2025-06-15T19:40:10Z</time>
      </trkpt>
      <trkpt lat="34.33949" lon="-118.01276">
        <ele>1745.32</ele>
        <time>2025-06-15T19:40:13Z</time>
      </trkpt>
      <trkpt lat="34.33948" lon="-118.01272">
        <ele>1744.99</ele>
        <time>2025-06-15T19:40:16Z</time>
      </trkpt>
      <trkpt lat="34.33947" lon="-118.01269">
        <ele>1744.78</ele>
        <time>2025-06-15T19:40:19Z</time>
      </trkpt>
      <trkpt lat="34.33946" lon="-118.01265">
        <ele>1744.45</ele>
        <time>2025-06-15T19:40:22Z</time>
      </trkpt>
      <trkpt lat="34.33945" lon="-118.01261">
        <ele>1744.13</ele>
        <time>2025-06-15T19:40:25Z</time>
      </trkpt>
      <trkpt lat="34.33945" lon="-118.01258">
        <ele>1743.8</ele>
        <time>2025-06-15T19:40:28Z</time>
      </trkpt>
      <trkpt lat="34.33946" lon="-118.01255">
        <ele>1743.37</ele>
        <time>2025-06-15T19:40:31Z</time>
      </trkpt>
      <trkpt lat="34.33948" lon="-118.01252">
        <ele>1742.83</ele>
        <time>2025-06-15T19:40:35Z</time>
      </trkpt>
      <trkpt lat="34.33949" lon="-118.01249">
        <ele>1742.35</ele>
        <time>2025-06-15T19:40:38Z</time>
      </trkpt>
      <trkpt lat="34.3395" lon="-118.01245">
        <ele>1741.64</ele>
        <time>2025-06-15T19:40:41Z</time>
      </trkpt>
      <trkpt lat="34.33952" lon="-118.01241">
        <ele>1741.03</ele>
        <time>2025-06-15T19:40:44Z</time>
      </trkpt>
      <trkpt lat="34.33955" lon="-118.0124">
        <ele>1740.71</ele>
        <time>2025-06-15T19:40:47Z</time>
      </trkpt>
      <trkpt lat="34.33958" lon="-118.01238">
        <ele>1740.08</ele>
        <time>2025-06-15T19:40:51Z</time>
      </trkpt>
      <trkpt lat="34.33961" lon="-118.01237">
        <ele>1739.72</ele>
        <time>2025-06-15T19:40:55Z</time>
      </trkpt>
      <trkpt lat="34.33964" lon="-118.01235">
        <ele>1739.27</ele>
        <time>2025-06-15T19:40:58Z</time>
      </trkpt>
      <trkpt lat="34.33966" lon="-118.01233">
        <ele>1738.84</ele>
        <time>2025-06-15T19:41:01Z</time>
      </trkpt>
      <trkpt lat="34.33968" lon="-118.01231">
        <ele>1738.38</ele>
        <time>2025-06-15T19:41:04Z</time>
      </trkpt>
      <trkpt lat="34.3397" lon="-118.01228">
        <ele>1737.77</ele>
        <time>2025-06-15T19:41:07Z</time>
      </trkpt>
      <trkpt lat="34.33972" lon="-118.01225">
        <ele>1737.31</ele>
        <time>2025-06-15T19:41:10Z</time>
      </trkpt>
      <trkpt lat="34.33974" lon="-118.01223">
        <ele>1736.89</ele>
        <time>2025-06-15T19:41:13Z</time>
      </trkpt>
      <trkpt lat="34.33976" lon="-118.01219">
        <ele>1736.24</ele>
        <time>2025-06-15T19:41:16Z</time>
      </trkpt>
      <trkpt lat="34.33978" lon="-118.01217">
        <ele>1735.81</ele>
        <time>2025-06-15T19:41:19Z</time>
      </trkpt>
      <trkpt lat="34.33981" lon="-118.01216">
        <ele>1735.38</ele>
        <time>2025-06-15T19:41:22Z</time>
      </trkpt>
      <trkpt lat="34.33983" lon="-118.01214">
        <ele>1734.95</ele>
        <time>2025-06-15T19:41:25Z</time>
      </trkpt>
      <trkpt lat="34.33987" lon="-118.01213">
        <ele>1734.41</ele>
        <time>2025-06-15T19:41:29Z</time>
      </trkpt>
      <trkpt lat="34.33989" lon="-118.01212">
        <ele>1734.08</ele>
        <time>2025-06-15T19:41:32Z</time>
      </trkpt>
      <trkpt lat="34.33988" lon="-118.01208">
        <ele>1733.76</ele>
        <time>2025-06-15T19:42:03Z</time>
      </trkpt>
      <trkpt lat="34.33988" lon="-118.01204">
        <ele>1733.33</ele>
        <time>2025-06-15T19:42:07Z</time>
      </trkpt>
      <trkpt lat="34.3399" lon="-118.01199">
        <ele>1732.57</ele>
        <time>2025-06-15T19:42:12Z</time>
      </trkpt>
      <trkpt lat="34.33993" lon="-118.01196">
        <ele>1731.92</ele>
        <time>2025-06-15T19:42:16Z</time>
      </trkpt>
      <trkpt lat="34.33995" lon="-118.01193">
        <ele>1731.31</ele>
        <time>2025-06-15T19:42:20Z</time>
      </trkpt>
      <trkpt lat="34.33998" lon="-118.0119">
        <ele>1730.36</ele>
        <time>2025-06-15T19:42:25Z</time>
      </trkpt>
      <trkpt lat="34.34" lon="-118.01188">
        <ele>1729.61</ele>
        <time>2025-06-15T19:42:29Z</time>
      </trkpt>
      <trkpt lat="34.34002" lon="-118.01185">
        <ele>1728.76</ele>
        <time>2025-06-15T19:42:33Z</time>
      </trkpt>
      <trkpt lat="34.34004" lon="-118.01181">
        <ele>1727.92</ele>
        <time>2025-06-15T19:42:38Z</time>
      </trkpt>
      <trkpt lat="34.34008" lon="-118.0118">
        <ele>1727.09</ele>
        <time>2025-06-15T19:42:42Z</time>
      </trkpt>
      <trkpt lat="34.3401" lon="-118.01177">
        <ele>1726.13</ele>
        <time>2025-06-15T19:42:46Z</time>
      </trkpt>
      <trkpt lat="34.34012" lon="-118.01174">
        <ele>1725.5</ele>
        <time>2025-06-15T19:42:50Z</time>
      </trkpt>
      <trkpt lat="34.34014" lon="-118.01171">
        <ele>1724.96</ele>
        <time>2025-06-15T19:42:54Z</time>
      </trkpt>
      <trkpt lat="34.34018" lon="-118.01169">
        <ele>1724.31</ele>
        <time>2025-06-15T19:42:58Z</time>
      </trkpt>
      <trkpt lat="34.3402" lon="-118.01167">
        <ele>1723.87</ele>
        <time>2025-06-15T19:43:02Z</time>
      </trkpt>
      <trkpt lat="34.34023" lon="-118.01164">
        <ele>1723.23</ele>
        <time>2025-06-15T19:43:06Z</time>
      </trkpt>
      <trkpt lat="34.34025" lon="-118.01162">
        <ele>1722.8</ele>
        <time>2025-06-15T19:43:09Z</time>
      </trkpt>
      <trkpt lat="34.34028" lon="-118.0116">
        <ele>1722.26</ele>
        <time>2025-06-15T19:43:12Z</time>
      </trkpt>
      <trkpt lat="34.34031" lon="-118.01157">
        <ele>1721.61</ele>
        <time>2025-06-15T19:43:15Z</time>
      </trkpt>
      <trkpt lat="34.34033" lon="-118.01154">
        <ele>1721.07</ele>
        <time>2025-06-15T19:43:18Z</time>
      </trkpt>
      <trkpt lat="34.34035" lon="-118.01151">
        <ele>1720.53</ele>
        <time>2025-06-15T19:43:21Z</time>
      </trkpt>
      <trkpt lat="34.34036" lon="-118.01147">
        <ele>1720.1</ele>
        <time>2025-06-15T19:43:25Z</time>
      </trkpt>
      <trkpt lat="34.34039" lon="-118.01144">
        <ele>1719.91</ele>
        <time>2025-06-15T19:43:28Z</time>
      </trkpt>
      <trkpt lat="34.3404" lon="-118.01141">
        <ele>1719.75</ele>
        <time>2025-06-15T19:43:31Z</time>
      </trkpt>
      <trkpt lat="34.34042" lon="-118.01137">
        <ele>1719.37</ele>
        <time>2025-06-15T19:43:35Z</time>
      </trkpt>
      <trkpt lat="34.34043" lon="-118.01134">
        <ele>1719.17</ele>
        <time>2025-06-15T19:43:38Z</time>
      </trkpt>
      <trkpt lat="34.34043" lon="-118.0113">
        <ele>1719.01</ele>
        <time>2025-06-15T19:43:41Z</time>
      </trkpt>
      <trkpt lat="34.34043" lon="-118.01127">
        <ele>1718.72</ele>
        <time>2025-06-15T19:43:44Z</time>
      </trkpt>
      <trkpt lat="34.34043" lon="-118.01123">
        <ele>1718.28</ele>
        <time>2025-06-15T19:43:47Z</time>
      </trkpt>
      <trkpt lat="34.34044" lon="-118.0112">
        <ele>1717.96</ele>
        <time>2025-06-15T19:43:50Z</time>
      </trkpt>
      <trkpt lat="34.34047" lon="-118.01117">
        <ele>1717.64</ele>
        <time>2025-06-15T19:43:53Z</time>
      </trkpt>
      <trkpt lat="34.3405" lon="-118.01115">
        <ele>1717.42</ele>
        <time>2025-06-15T19:43:56Z</time>
      </trkpt>
      <trkpt lat="34.34052" lon="-118.01113">
        <ele>1717.2</ele>
        <time>2025-06-15T19:44:00Z</time>
      </trkpt>
      <trkpt lat="34.34055" lon="-118.01111">
        <ele>1717.0</ele>
        <time>2025-06-15T19:44:04Z</time>
      </trkpt>
      <trkpt lat="34.34058" lon="-118.01108">
        <ele>1717.0</ele>
        <time>2025-06-15T19:44:08Z</time>
      </trkpt>
      <trkpt lat="34.34059" lon="-118.01105">
        <ele>1717.0</ele>
        <time>2025-06-15T19:44:11Z</time>
      </trkpt>
      <trkpt lat="34.34061" lon="-118.01103">
        <ele>1717.0</ele>
        <time>2025-06-15T19:44:14Z</time>
      </trkpt>
      <trkpt lat="34.34063" lon="-118.01099">
        <ele>1717.0</ele>
        <time>2025-06-15T19:44:17Z</time>
      </trkpt>
      <trkpt lat="34.34065" lon="-118.01095">
        <ele>1717.0</ele>
        <time>2025-06-15T19:44:20Z</time>
      </trkpt>
      <trkpt lat="34.34067" lon="-118.01092">
        <ele>1717.06</ele>
        <time>2025-06-15T19:44:23Z</time>
      </trkpt>
      <trkpt lat="34.34069" lon="-118.01089">
        <ele>1717.39</ele>
        <time>2025-06-15T19:44:26Z</time>
      </trkpt>
      <trkpt lat="34.3407" lon="-118.01086">
        <ele>1717.71</ele>
        <time>2025-06-15T19:44:30Z</time>
      </trkpt>
      <trkpt lat="34.34071" lon="-118.01083">
        <ele>1718.04</ele>
        <time>2025-06-15T19:44:33Z</time>
      </trkpt>
      <trkpt lat="34.34069" lon="-118.01081">
        <ele>1718.25</ele>
        <time>2025-06-15T19:44:49Z</time>
      </trkpt>
      <trkpt lat="34.34068" lon="-118.01077">
        <ele>1718.68</ele>
        <time>2025-06-15T19:44:54Z</time>
      </trkpt>
      <trkpt lat="34.34067" lon="-118.01073">
        <ele>1719.12</ele>
        <time>2025-06-15T19:44:57Z</time>
      </trkpt>
      <trkpt lat="34.34066" lon="-118.0107">
        <ele>1719.44</ele>
        <time>2025-06-15T19:45:00Z</time>
      </trkpt>
      <trkpt lat="34.34065" lon="-118.01066">
        <ele>1719.87</ele>
        <time>2025-06-15T19:45:03Z</time>
      </trkpt>
      <trkpt lat="34.34067" lon="-118.01064">
        <ele>1720.09</ele>
        <time>2025-06-15T19:45:10Z</time>
      </trkpt>
      <trkpt lat="34.3407" lon="-118.01062">
        <ele>1720.3</ele>
        <time>2025-06-15T19:45:14Z</time>
      </trkpt>
      <trkpt lat="34.34072" lon="-118.01058">
        <ele>1720.74</ele>
        <time>2025-06-15T19:45:17Z</time>
      </trkpt>
      <trkpt lat="34.34073" lon="-118.01054">
        <ele>1721.17</ele>
        <time>2025-06-15T19:45:20Z</time>
      </trkpt>
      <trkpt lat="34.34074" lon="-118.0105">
        <ele>1721.6</ele>
        <time>2025-06-15T19:45:23Z</time>
      </trkpt>
      <trkpt lat="34.34074" lon="-118.01046">
        <ele>1722.03</ele>
        <time>2025-06-15T19:45:26Z</time>
      </trkpt>
      <trkpt lat="34.34076" lon="-118.01042">
        <ele>1722.67</ele>
        <time>2025-06-15T19:45:30Z</time>
      </trkpt>
      <trkpt lat="34.34077" lon="-118.01038">
        <ele>1723.21</ele>
        <time>2025-06-15T19:45:34Z</time>
      </trkpt>
      <trkpt lat="34.34077" lon="-118.01035">
        <ele>1723.54</ele>
        <time>2025-06-15T19:45:37Z</time>
      </trkpt>
      <trkpt lat="34.34076" lon="-118.01031">
        <ele>1723.86</ele>
        <time>2025-06-15T19:45:40Z</time>
      </trkpt>
      <trkpt lat="34.34076" lon="-118.01028">
        <ele>1724.18</ele>
        <time>2025-06-15T19:45:43Z</time>
      </trkpt>
      <trkpt lat="34.34076" lon="-118.01024">
        <ele>1724.94</ele>
        <time>2025-06-15T19:45:46Z</time>
      </trkpt>
      <trkpt lat="34.34077" lon="-118.01021">
        <ele>1725.55</ele>
        <time>2025-06-15T19:45:49Z</time>
      </trkpt>
      <trkpt lat="34.34077" lon="-118.01017">
        <ele>1726.33</ele>
        <time>2025-06-15T19:45:52Z</time>
      </trkpt>
      <trkpt lat="34.34078" lon="-118.01014">
        <ele>1726.98</ele>
        <time>2025-06-15T19:45:55Z</time>
      </trkpt>
      <trkpt lat="34.34078" lon="-118.0101">
        <ele>1727.84</ele>
        <time>2025-06-15T19:45:58Z</time>
      </trkpt>
      <trkpt lat="34.34079" lon="-118.01007">
        <ele>1728.24</ele>
        <time>2025-06-15T19:46:01Z</time>
      </trkpt>
      <trkpt lat="34.34081" lon="-118.01004">
        <ele>1728.57</ele>
        <time>2025-06-15T19:46:04Z</time>
      </trkpt>
      <trkpt lat="34.34084" lon="-118.01">
        <ele>1729.0</ele>
        <time>2025-06-15T19:46:07Z</time>
      </trkpt>
      <trkpt lat="34.34086" lon="-118.00997">
        <ele>1729.32</ele>
        <time>2025-06-15T19:46:10Z</time>
      </trkpt>
      <trkpt lat="34.34087" lon="-118.00994">
        <ele>1729.65</ele>
        <time>2025-06-15T19:46:14Z</time>
      </trkpt>
      <trkpt lat="34.34084" lon="-118.00993">
        <ele>1729.76</ele>
        <time>2025-06-15T19:46:26Z</time>
      </trkpt>
      <trkpt lat="34.34086" lon="-118.01">
        <ele>1729.0</ele>
        <time>2025-06-15T19:46:58Z</time>
      </trkpt>
      <trkpt lat="34.34084" lon="-118.01008">
        <ele>1728.14</ele>
        <time>2025-06-15T19:47:04Z</time>
      </trkpt>
      <trkpt lat="34.34092" lon="-118.01014">
        <ele>1726.98</ele>
        <time>2025-06-15T19:47:18Z</time>
      </trkpt>
      <trkpt lat="34.34102" lon="-118.01007">
        <ele>1727.24</ele>
        <time>2025-06-15T19:49:41Z</time>
      </trkpt>
      <trkpt lat="34.34093" lon="-118.00997">
        <ele>1729.28</ele>
        <time>2025-06-15T19:50:17Z</time>
      </trkpt>
      <trkpt lat="34.34093" lon="-118.00988">
        <ele>1730.25</ele>
        <time>2025-06-15T19:50:31Z</time>
      </trkpt>
      <trkpt lat="34.34085" lon="-118.00987">
        <ele>1730.4</ele>
        <time>2025-06-15T19:50:38Z</time>
      </trkpt>
      <trkpt lat="34.34088" lon="-118.00977">
        <ele>1731.48</ele>
        <time>2025-06-15T19:50:57Z</time>
      </trkpt>
      <trkpt lat="34.34086" lon="-118.00968">
        <ele>1732.46</ele>
        <time>2025-06-15T19:51:02Z</time>
      </trkpt>
      <trkpt lat="34.34083" lon="-118.00961">
        <ele>1733.25</ele>
        <time>2025-06-15T19:51:08Z</time>
      </trkpt>
      <trkpt lat="34.34079" lon="-118.00955">
        <ele>1734.33</ele>
        <time>2025-06-15T19:51:13Z</time>
      </trkpt>
      <trkpt lat="34.34074" lon="-118.0095">
        <ele>1735.0</ele>
        <time>2025-06-15T19:51:18Z</time>
      </trkpt>
      <trkpt lat="34.34069" lon="-118.00947">
        <ele>1735.0</ele>
        <time>2025-06-15T19:51:24Z</time>
      </trkpt>
      <trkpt lat="34.34067" lon="-118.00942">
        <ele>1735.06</ele>
        <time>2025-06-15T19:51:29Z</time>
      </trkpt>
      <trkpt lat="34.34063" lon="-118.00938">
        <ele>1734.8</ele>
        <time>2025-06-15T19:51:33Z</time>
      </trkpt>
      <trkpt lat="34.34059" lon="-118.00934">
        <ele>1734.42</ele>
        <time>2025-06-15T19:51:37Z</time>
      </trkpt>
      <trkpt lat="34.34055" lon="-118.00931">
        <ele>1733.88</ele>
        <time>2025-06-15T19:51:41Z</time>
      </trkpt>
      <trkpt lat="34.34052" lon="-118.00929">
        <ele>1733.23</ele>
        <time>2025-06-15T19:51:45Z</time>
      </trkpt>
      <trkpt lat="34.34048" lon="-118.00926">
        <ele>1732.37</ele>
        <time>2025-06-15T19:51:50Z</time>
      </trkpt>
      <trkpt lat="34.34046" lon="-118.00922">
        <ele>1731.94</ele>
        <time>2025-06-15T19:51:55Z</time>
      </trkpt>
      <trkpt lat="34.34044" lon="-118.00919">
        <ele>1731.5</ele>
        <time>2025-06-15T19:51:59Z</time>
      </trkpt>
      <trkpt lat="34.34043" lon="-118.00915">
        <ele>1731.35</ele>
        <time>2025-06-15T19:52:02Z</time>
      </trkpt>
      <trkpt lat="34.34041" lon="-118.0091">
        <ele>1731.27</ele>
        <time>2025-06-15T19:52:05Z</time>
      </trkpt>
      <trkpt lat="34.34039" lon="-118.00906">
        <ele>1731.33</ele>
        <time>2025-06-15T19:52:08Z</time>
      </trkpt>
      <trkpt lat="34.34039" lon="-118.00902">
        <ele>1731.67</ele>
        <time>2025-06-15T19:52:11Z</time>
      </trkpt>
      <trkpt lat="34.34038" lon="-118.00899">
        <ele>1731.92</ele>
        <time>2025-06-15T19:52:14Z</time>
      </trkpt>
      <trkpt lat="34.34038" lon="-118.00895">
        <ele>1732.34</ele>
        <time>2025-06-15T19:52:17Z</time>
      </trkpt>
      <trkpt lat="34.34037" lon="-118.00891">
        <ele>1732.77</ele>
        <time>2025-06-15T19:52:20Z</time>
      </trkpt>
      <trkpt lat="34.34037" lon="-118.00887">
        <ele>1733.41</ele>
        <time>2025-06-15T19:52:23Z</time>
      </trkpt>
      <trkpt lat="34.34037" lon="-118.00883">
        <ele>1734.27</ele>
        <time>2025-06-15T19:52:26Z</time>
      </trkpt>
      <trkpt lat="34.34038" lon="-118.0088">
        <ele>1734.92</ele>
        <time>2025-06-15T19:52:29Z</time>
      </trkpt>
      <trkpt lat="34.34038" lon="-118.00877">
        <ele>1735.57</ele>
        <time>2025-06-15T19:52:32Z</time>
      </trkpt>
      <trkpt lat="34.34038" lon="-118.00873">
        <ele>1736.43</ele>
        <time>2025-06-15T19:52:35Z</time>
      </trkpt>
      <trkpt lat="34.34038" lon="-118.00869">
        <ele>1737.3</ele>
        <time>2025-06-15T19:52:39Z</time>
      </trkpt>
      <trkpt lat="34.34036" lon="-118.00865">
        <ele>1738.16</ele>
        <time>2025-06-15T19:52:42Z</time>
      </trkpt>
      <trkpt lat="34.34034" lon="-118.00863">
        <ele>1738.59</ele>
        <time>2025-06-15T19:52:45Z</time>
      </trkpt>
      <trkpt lat="34.3403" lon="-118.00861">
        <ele>1739.01</ele>
        <time>2025-06-15T19:52:48Z</time>
      </trkpt>
      <trkpt lat="34.34027" lon="-118.0086">
        <ele>1739.12</ele>
        <time>2025-06-15T19:52:51Z</time>
      </trkpt>
      <trkpt lat="34.34024" lon="-118.0086">
        <ele>1739.12</ele>
        <time>2025-06-15T19:52:54Z</time>
      </trkpt>
      <trkpt lat="34.34022" lon="-118.00858">
        <ele>1739.34</ele>
        <time>2025-06-15T19:52:59Z</time>
      </trkpt>
      <trkpt lat="34.34023" lon="-118.00854">
        <ele>1739.77</ele>
        <time>2025-06-15T19:53:04Z</time>
      </trkpt>
      <trkpt lat="34.34024" lon="-118.00851">
        <ele>1740.18</ele>
        <time>2025-06-15T19:53:09Z</time>
      </trkpt>
      <trkpt lat="34.34026" lon="-118.00848">
        <ele>1740.83</ele>
        <time>2025-06-15T19:53:12Z</time>
      </trkpt>
      <trkpt lat="34.34029" lon="-118.00847">
        <ele>1741.05</ele>
        <time>2025-06-15T19:53:15Z</time>
      </trkpt>
      <trkpt lat="34.34032" lon="-118.00846">
        <ele>1741.26</ele>
        <time>2025-06-15T19:53:19Z</time>
      </trkpt>
      <trkpt lat="34.34035" lon="-118.00845">
        <ele>1741.48</ele>
        <time>2025-06-15T19:53:22Z</time>
      </trkpt>
      <trkpt lat="34.34038" lon="-118.00845">
        <ele>1741.4</ele>
        <time>2025-06-15T19:53:26Z</time>
      </trkpt>
      <trkpt lat="34.34041" lon="-118.00846">
        <ele>1740.99</ele>
        <time>2025-06-15T19:53:30Z</time>
      </trkpt>
      <trkpt lat="34.34044" lon="-118.00846">
        <ele>1740.79</ele>
        <time>2025-06-15T19:53:33Z</time>
      </trkpt>
      <trkpt lat="34.34048" lon="-118.00846">
        <ele>1740.82</ele>
        <time>2025-06-15T19:53:37Z</time>
      </trkpt>
      <trkpt lat="34.34051" lon="-118.00842">
        <ele>1741.6</ele>
        <time>2025-06-15T19:53:40Z</time>
      </trkpt>
      <trkpt lat="34.34053" lon="-118.00839">
        <ele>1742.22</ele>
        <time>2025-06-15T19:53:43Z</time>
      </trkpt>
      <trkpt lat="34.34054" lon="-118.00835">
        <ele>1742.79</ele>
        <time>2025-06-15T19:53:46Z</time>
      </trkpt>
      <trkpt lat="34.34056" lon="-118.00831">
        <ele>1743.25</ele>
        <time>2025-06-15T19:53:50Z</time>
      </trkpt>
      <trkpt lat="34.3406" lon="-118.00829">
        <ele>1743.47</ele>
        <time>2025-06-15T19:53:54Z</time>
      </trkpt>
      <trkpt lat="34.34063" lon="-118.00826">
        <ele>1743.79</ele>
        <time>2025-06-15T19:53:57Z</time>
      </trkpt>
      <trkpt lat="34.34067" lon="-118.00823">
        <ele>1744.12</ele>
        <time>2025-06-15T19:54:00Z</time>
      </trkpt>
      <trkpt lat="34.34069" lon="-118.0082">
        <ele>1744.44</ele>
        <time>2025-06-15T19:54:03Z</time>
      </trkpt>
      <trkpt lat="34.34072" lon="-118.00817">
        <ele>1744.76</ele>
        <time>2025-06-15T19:54:06Z</time>
      </trkpt>
      <trkpt lat="34.34074" lon="-118.00816">
        <ele>1744.87</ele>
        <time>2025-06-15T19:54:09Z</time>
      </trkpt>
      <trkpt lat="34.34076" lon="-118.00813">
        <ele>1745.39</ele>
        <time>2025-06-15T19:54:13Z</time>
      </trkpt>
      <trkpt lat="34.34079" lon="-118.0081">
        <ele>1746.04</ele>
        <time>2025-06-15T19:54:17Z</time>
      </trkpt>
      <trkpt lat="34.34082" lon="-118.00806">
        <ele>1746.9</ele>
        <time>2025-06-15T19:54:21Z</time>
      </trkpt>
      <trkpt lat="34.34084" lon="-118.00803">
        <ele>1747.62</ele>
        <time>2025-06-15T19:54:25Z</time>
      </trkpt>
      <trkpt lat="34.34088" lon="-118.008">
        <ele>1748.7</ele>
        <time>2025-06-15T19:54:28Z</time>
      </trkpt>
      <trkpt lat="34.34091" lon="-118.00798">
        <ele>1749.46</ele>
        <time>2025-06-15T19:54:31Z</time>
      </trkpt>
      <trkpt lat="34.34093" lon="-118.00795">
        <ele>1750.28</ele>
        <time>2025-06-15T19:54:35Z</time>
      </trkpt>
      <trkpt lat="34.34092" lon="-118.0079">
        <ele>1751.3</ele>
        <time>2025-06-15T19:54:59Z</time>
      </trkpt>
      <trkpt lat="34.34094" lon="-118.00785">
        <ele>1752.44</ele>
        <time>2025-06-15T19:55:09Z</time>
      </trkpt>
      <trkpt lat="34.34099" lon="-118.00783">
        <ele>1752.87</ele>
        <time>2025-06-15T19:55:13Z</time>
      </trkpt>
      <trkpt lat="34.34103" lon="-118.00782">
        <ele>1753.14</ele>
        <time>2025-06-15T19:55:17Z</time>
      </trkpt>
      <trkpt lat="34.34107" lon="-118.0078">
        <ele>1753.65</ele>
        <time>2025-06-15T19:55:20Z</time>
      </trkpt>
      <trkpt lat="34.34111" lon="-118.00778">
        <ele>1753.98</ele>
        <time>2025-06-15T19:55:23Z</time>
      </trkpt>
      <trkpt lat="34.34114" lon="-118.00776">
        <ele>1754.19</ele>
        <time>2025-06-15T19:55:27Z</time>
      </trkpt>
      <trkpt lat="34.34118" lon="-118.00775">
        <ele>1754.3</ele>
        <time>2025-06-15T19:55:30Z</time>
      </trkpt>
      <trkpt lat="34.3412" lon="-118.00773">
        <ele>1754.52</ele>
        <time>2025-06-15T19:55:33Z</time>
      </trkpt>
      <trkpt lat="34.34124" lon="-118.00772">
        <ele>1754.62</ele>
        <time>2025-06-15T19:55:37Z</time>
      </trkpt>
      <trkpt lat="34.34126" lon="-118.00768">
        <ele>1755.06</ele>
        <time>2025-06-15T19:55:40Z</time>
      </trkpt>
      <trkpt lat="34.34128" lon="-118.00765">
        <ele>1755.38</ele>
        <time>2025-06-15T19:55:43Z</time>
      </trkpt>
      <trkpt lat="34.3413" lon="-118.00762">
        <ele>1755.66</ele>
        <time>2025-06-15T19:55:46Z</time>
      </trkpt>
      <trkpt lat="34.34132" lon="-118.0076">
        <ele>1755.66</ele>
        <time>2025-06-15T19:55:49Z</time>
      </trkpt>
      <trkpt lat="34.34134" lon="-118.00756">
        <ele>1755.88</ele>
        <time>2025-06-15T19:55:52Z</time>
      </trkpt>
      <trkpt lat="34.34137" lon="-118.00754">
        <ele>1755.77</ele>
        <time>2025-06-15T19:55:55Z</time>
      </trkpt>
      <trkpt lat="34.3414" lon="-118.00751">
        <ele>1755.66</ele>
        <time>2025-06-15T19:55:58Z</time>
      </trkpt>
      <trkpt lat="34.34143" lon="-118.00749">
        <ele>1755.06</ele>
        <time>2025-06-15T19:56:01Z</time>
      </trkpt>
      <trkpt lat="34.34145" lon="-118.00747">
        <ele>1754.47</ele>
        <time>2025-06-15T19:56:04Z</time>
      </trkpt>
      <trkpt lat="34.34147" lon="-118.00743">
        <ele>1753.59</ele>
        <time>2025-06-15T19:56:08Z</time>
      </trkpt>
      <trkpt lat="34.34145" lon="-118.0074">
        <ele>1753.91</ele>
        <time>2025-06-15T19:56:14Z</time>
      </trkpt>
      <trkpt lat="34.34144" lon="-118.00736">
        <ele>1753.6</ele>
        <time>2025-06-15T19:56:20Z</time>
      </trkpt>
      <trkpt lat="34.34146" lon="-118.00732">
        <ele>1752.53</ele>
        <time>2025-06-15T19:56:26Z</time>
      </trkpt>
      <trkpt lat="34.34149" lon="-118.00728">
        <ele>1751.62</ele>
        <time>2025-06-15T19:56:31Z</time>
      </trkpt>
      <trkpt lat="34.34151" lon="-118.00723">
        <ele>1751.08</ele>
        <time>2025-06-15T19:56:37Z</time>
      </trkpt>
      <trkpt lat="34.34152" lon="-118.00717">
        <ele>1749.87</ele>
        <time>2025-06-15T19:56:43Z</time>
      </trkpt>
      <trkpt lat="34.34153" lon="-118.00713">
        <ele>1749.01</ele>
        <time>2025-06-15T19:56:48Z</time>
      </trkpt>
      <trkpt lat="34.34155" lon="-118.00708">
        <ele>1748.07</ele>
        <time>2025-06-15T19:56:53Z</time>
      </trkpt>
      <trkpt lat="34.34157" lon="-118.00703">
        <ele>1746.96</ele>
        <time>2025-06-15T19:56:57Z</time>
      </trkpt>
      <trkpt lat="34.34158" lon="-118.00698">
        <ele>1746.34</ele>
        <time>2025-06-15T19:57:01Z</time>
      </trkpt>
      <trkpt lat="34.34158" lon="-118.00693">
        <ele>1745.63</ele>
        <time>2025-06-15T19:57:06Z</time>
      </trkpt>
      <trkpt lat="34.34157" lon="-118.00688">
        <ele>1744.61</ele>
        <time>2025-06-15T19:57:10Z</time>
      </trkpt>
      <trkpt lat="34.34156" lon="-118.00683">
        <ele>1743.76</ele>
        <time>2025-06-15T19:57:14Z</time>
      </trkpt>
      <trkpt lat="34.34155" lon="-118.00678">
        <ele>1743.22</ele>
        <time>2025-06-15T19:57:19Z</time>
      </trkpt>
      <trkpt lat="34.34152" lon="-118.00673">
        <ele>1742.82</ele>
        <time>2025-06-15T19:57:23Z</time>
      </trkpt>
      <trkpt lat="34.34149" lon="-118.00669">
        <ele>1742.32</ele>
        <time>2025-06-15T19:57:27Z</time>
      </trkpt>
      <trkpt lat="34.34149" lon="-118.00664">
        <ele>1742.09</ele>
        <time>2025-06-15T19:57:31Z</time>
      </trkpt>
      <trkpt lat="34.34151" lon="-118.00659">
        <ele>1742.31</ele>
        <time>2025-06-15T19:57:35Z</time>
      </trkpt>
      <trkpt lat="34.34151" lon="-118.00653">
        <ele>1742.16</ele>
        <time>2025-06-15T19:57:40Z</time>
      </trkpt>
      <trkpt lat="34.34152" lon="-118.00649">
        <ele>1742.04</ele>
        <time>2025-06-15T19:57:44Z</time>
      </trkpt>
      <trkpt lat="34.34154" lon="-118.00644">
        <ele>1742.0</ele>
        <time>2025-06-15T19:57:47Z</time>
      </trkpt>
      <trkpt lat="34.34156" lon="-118.00639">
        <ele>1742.0</ele>
        <time>2025-06-15T19:57:52Z</time>
      </trkpt>
      <trkpt lat="34.34157" lon="-118.00634">
        <ele>1742.5</ele>
        <time>2025-06-15T19:57:57Z</time>
      </trkpt>
      <trkpt lat="34.3416" lon="-118.00632">
        <ele>1742.82</ele>
        <time>2025-06-15T19:58:06Z</time>
      </trkpt>
      <trkpt lat="34.34163" lon="-118.00626">
        <ele>1743.0</ele>
        <time>2025-06-15T19:58:11Z</time>
      </trkpt>
      <trkpt lat="34.34166" lon="-118.00623">
        <ele>1743.0</ele>
        <time>2025-06-15T19:58:16Z</time>
      </trkpt>
      <trkpt lat="34.34162" lon="-118.0062">
        <ele>1743.0</ele>
        <time>2025-06-15T19:58:26Z</time>
      </trkpt>
      <trkpt lat="34.34162" lon="-118.00615">
        <ele>1743.0</ele>
        <time>2025-06-15T19:58:29Z</time>
      </trkpt>
      <trkpt lat="34.34169" lon="-118.00615">
        <ele>1743.25</ele>
        <time>2025-06-15T19:58:57Z</time>
      </trkpt>
      <trkpt lat="34.34174" lon="-118.0061">
        <ele>1743.79</ele>
        <time>2025-06-15T19:59:22Z</time>
      </trkpt>
      <trkpt lat="34.34174" lon="-118.00602">
        <ele>1743.79</ele>
        <time>2025-06-15T19:59:31Z</time>
      </trkpt>
      <trkpt lat="34.34174" lon="-118.00596">
        <ele>1743.92</ele>
        <time>2025-06-15T19:59:36Z</time>
      </trkpt>
      <trkpt lat="34.34177" lon="-118.0059">
        <ele>1744.08</ele>
        <time>2025-06-15T19:59:42Z</time>
      </trkpt>
      <trkpt lat="34.34181" lon="-118.00587">
        <ele>1744.22</ele>
        <time>2025-06-15T19:59:47Z</time>
      </trkpt>
      <trkpt lat="34.34182" lon="-118.00581">
        <ele>1744.17</ele>
        <time>2025-06-15T19:59:51Z</time>
      </trkpt>
      <trkpt lat="34.34181" lon="-118.00575">
        <ele>1744.49</ele>
        <time>2025-06-15T20:00:00Z</time>
      </trkpt>
      <trkpt lat="34.34184" lon="-118.00568">
        <ele>1746.18</ele>
        <time>2025-06-15T20:00:06Z</time>
      </trkpt>
      <trkpt lat="34.34184" lon="-118.00561">
        <ele>1747.75</ele>
        <time>2025-06-15T20:00:10Z</time>
      </trkpt>
      <trkpt lat="34.34185" lon="-118.00555">
        <ele>1749.12</ele>
        <time>2025-06-15T20:00:14Z</time>
      </trkpt>
      <trkpt lat="34.34188" lon="-118.00549">
        <ele>1750.5</ele>
        <time>2025-06-15T20:00:18Z</time>
      </trkpt>
      <trkpt lat="34.34192" lon="-118.00546">
        <ele>1751.03</ele>
        <time>2025-06-15T20:00:22Z</time>
      </trkpt>
      <trkpt lat="34.34198" lon="-118.00544">
        <ele>1751.25</ele>
        <time>2025-06-15T20:00:29Z</time>
      </trkpt>
      <trkpt lat="34.34202" lon="-118.00542">
        <ele>1751.46</ele>
        <time>2025-06-15T20:00:35Z</time>
      </trkpt>
      <trkpt lat="34.34203" lon="-118.00536">
        <ele>1752.0</ele>
        <time>2025-06-15T20:00:38Z</time>
      </trkpt>
      <trkpt lat="34.34207" lon="-118.00531">
        <ele>1752.0</ele>
        <time>2025-06-15T20:00:42Z</time>
      </trkpt>
      <trkpt lat="34.34211" lon="-118.00528">
        <ele>1752.0</ele>
        <time>2025-06-15T20:00:46Z</time>
      </trkpt>
      <trkpt lat="34.34215" lon="-118.00525">
        <ele>1752.22</ele>
        <time>2025-06-15T20:00:50Z</time>
      </trkpt>
      <trkpt lat="34.34218" lon="-118.00522">
        <ele>1752.54</ele>
        <time>2025-06-15T20:00:53Z</time>
      </trkpt>
      <trkpt lat="34.34223" lon="-118.00521">
        <ele>1753.08</ele>
        <time>2025-06-15T20:00:57Z</time>
      </trkpt>
      <trkpt lat="34.34227" lon="-118.00521">
        <ele>1753.52</ele>
        <time>2025-06-15T20:01:02Z</time>
      </trkpt>
      <trkpt lat="34.3423" lon="-118.00516">
        <ele>1754.11</ele>
        <time>2025-06-15T20:01:08Z</time>
      </trkpt>
      <trkpt lat="34.34234" lon="-118.00512">
        <ele>1754.98</ele>
        <time>2025-06-15T20:01:13Z</time>
      </trkpt>
      <trkpt lat="34.34237" lon="-118.00507">
        <ele>1755.74</ele>
        <time>2025-06-15T20:01:18Z</time>
      </trkpt>
      <trkpt lat="34.34237" lon="-118.00501">
        <ele>1756.13</ele>
        <time>2025-06-15T20:01:22Z</time>
      </trkpt>
      <trkpt lat="34.34238" lon="-118.00496">
        <ele>1756.54</ele>
        <time>2025-06-15T20:01:28Z</time>
      </trkpt>
      <trkpt lat="34.3424" lon="-118.00491">
        <ele>1756.92</ele>
        <time>2025-06-15T20:01:32Z</time>
      </trkpt>
      <trkpt lat="34.34242" lon="-118.00486">
        <ele>1757.78</ele>
        <time>2025-06-15T20:01:36Z</time>
      </trkpt>
      <trkpt lat="34.34244" lon="-118.00481">
        <ele>1758.76</ele>
        <time>2025-06-15T20:01:40Z</time>
      </trkpt>
      <trkpt lat="34.34242" lon="-118.00475">
        <ele>1758.97</ele>
        <time>2025-06-15T20:01:44Z</time>
      </trkpt>
      <trkpt lat="34.34239" lon="-118.0047">
        <ele>1758.48</ele>
        <time>2025-06-15T20:01:48Z</time>
      </trkpt>
      <trkpt lat="34.34238" lon="-118.00465">
        <ele>1758.34</ele>
        <time>2025-06-15T20:01:51Z</time>
      </trkpt>
      <trkpt lat="34.34236" lon="-118.00459">
        <ele>1758.4</ele>
        <time>2025-06-15T20:01:55Z</time>
      </trkpt>
      <trkpt lat="34.34235" lon="-118.00454">
        <ele>1758.73</ele>
        <time>2025-06-15T20:02:00Z</time>
      </trkpt>
      <trkpt lat="34.34234" lon="-118.0045">
        <ele>1758.94</ele>
        <time>2025-06-15T20:02:05Z</time>
      </trkpt>
      <trkpt lat="34.34235" lon="-118.00444">
        <ele>1759.81</ele>
        <time>2025-06-15T20:02:10Z</time>
      </trkpt>
      <trkpt lat="34.34236" lon="-118.00438">
        <ele>1760.67</ele>
        <time>2025-06-15T20:02:14Z</time>
      </trkpt>
      <trkpt lat="34.34238" lon="-118.00433">
        <ele>1761.57</ele>
        <time>2025-06-15T20:02:18Z</time>
      </trkpt>
      <trkpt lat="34.34238" lon="-118.00428">
        <ele>1761.95</ele>
        <time>2025-06-15T20:02:22Z</time>
      </trkpt>
      <trkpt lat="34.3424" lon="-118.00424">
        <ele>1762.97</ele>
        <time>2025-06-15T20:02:26Z</time>
      </trkpt>
      <trkpt lat="34.34242" lon="-118.0042">
        <ele>1763.96</ele>
        <time>2025-06-15T20:02:31Z</time>
      </trkpt>
      <trkpt lat="34.34245" lon="-118.00417">
        <ele>1764.9</ele>
        <time>2025-06-15T20:02:38Z</time>
      </trkpt>
      <trkpt lat="34.34248" lon="-118.00415">
        <ele>1765.75</ele>
        <time>2025-06-15T20:02:44Z</time>
      </trkpt>
      <trkpt lat="34.34252" lon="-118.00414">
        <ele>1766.72</ele>
        <time>2025-06-15T20:02:48Z</time>
      </trkpt>
      <trkpt lat="34.34255" lon="-118.00412">
        <ele>1767.58</ele>
        <time>2025-06-15T20:02:52Z</time>
      </trkpt>
      <trkpt lat="34.34258" lon="-118.0041">
        <ele>1768.45</ele>
        <time>2025-06-15T20:02:55Z</time>
      </trkpt>
      <trkpt lat="34.3426" lon="-118.00407">
        <ele>1769.16</ele>
        <time>2025-06-15T20:02:58Z</time>
      </trkpt>
      <trkpt lat="34.34261" lon="-118.00404">
        <ele>1769.38</ele>
        <time>2025-06-15T20:03:01Z</time>
      </trkpt>
      <trkpt lat="34.34263" lon="-118.004">
        <ele>1769.81</ele>
        <time>2025-06-15T20:03:04Z</time>
      </trkpt>
      <trkpt lat="34.34265" lon="-118.00397">
        <ele>1770.24</ele>
        <time>2025-06-15T20:03:08Z</time>
      </trkpt>
      <trkpt lat="34.34267" lon="-118.00393">
        <ele>1770.67</ele>
        <time>2025-06-15T20:03:12Z</time>
      </trkpt>
      <trkpt lat="34.34271" lon="-118.00392">
        <ele>1771.54</ele>
        <time>2025-06-15T20:03:18Z</time>
      </trkpt>
      <trkpt lat="34.34275" lon="-118.00391">
        <ele>1772.4</ele>
        <time>2025-06-15T20:03:22Z</time>
      </trkpt>
      <trkpt lat="34.34276" lon="-118.00388">
        <ele>1772.62</ele>
        <time>2025-06-15T20:03:26Z</time>
      </trkpt>
      <trkpt lat="34.34277" lon="-118.00384">
        <ele>1772.83</ele>
        <time>2025-06-15T20:03:30Z</time>
      </trkpt>
      <trkpt lat="34.3428" lon="-118.00382">
        <ele>1773.54</ele>
        <time>2025-06-15T20:03:35Z</time>
      </trkpt>
      <trkpt lat="34.34284" lon="-118.00382">
        <ele>1774.52</ele>
        <time>2025-06-15T20:03:39Z</time>
      </trkpt>
      <trkpt lat="34.34288" lon="-118.00382">
        <ele>1775.41</ele>
        <time>2025-06-15T20:03:43Z</time>
      </trkpt>
      <trkpt lat="34.34292" lon="-118.00382">
        <ele>1776.07</ele>
        <time>2025-06-15T20:03:46Z</time>
      </trkpt>
      <trkpt lat="34.34296" lon="-118.00382">
        <ele>1776.72</ele>
        <time>2025-06-15T20:03:48Z</time>
      </trkpt>
      <trkpt lat="34.34299" lon="-118.00381">
        <ele>1776.69</ele>
        <time>2025-06-15T20:03:51Z</time>
      </trkpt>
      <trkpt lat="34.34302" lon="-118.0038">
        <ele>1776.71</ele>
        <time>2025-06-15T20:03:55Z</time>
      </trkpt>
      <trkpt lat="34.34306" lon="-118.00381">
        <ele>1777.3</ele>
        <time>2025-06-15T20:03:59Z</time>
      </trkpt>
      <trkpt lat="34.34309" lon="-118.00382">
        <ele>1777.61</ele>
        <time>2025-06-15T20:04:01Z</time>
      </trkpt>
      <trkpt lat="34.34313" lon="-118.00383">
        <ele>1778.02</ele>
        <time>2025-06-15T20:04:05Z</time>
      </trkpt>
      <trkpt lat="34.34315" lon="-118.00383">
        <ele>1778.1</ele>
        <time>2025-06-15T20:04:09Z</time>
      </trkpt>
      <trkpt lat="34.34317" lon="-118.0038">
        <ele>1777.35</ele>
        <time>2025-06-15T20:04:16Z</time>
      </trkpt>
      <trkpt lat="34.34317" lon="-118.00377">
        <ele>1776.88</ele>
        <time>2025-06-15T20:04:22Z</time>
      </trkpt>
      <trkpt lat="34.3432" lon="-118.00376">
        <ele>1776.95</ele>
        <time>2025-06-15T20:04:42Z</time>
      </trkpt>
      <trkpt lat="34.34322" lon="-118.00379">
        <ele>1777.66</ele>
        <time>2025-06-15T20:04:45Z</time>
      </trkpt>
      <trkpt lat="34.34326" lon="-118.00382">
        <ele>1778.51</ele>
        <time>2025-06-15T20:04:48Z</time>
      </trkpt>
      <trkpt lat="34.3433" lon="-118.00386">
        <ele>1779.38</ele>
        <time>2025-06-15T20:04:52Z</time>
      </trkpt>
      <trkpt lat="34.34334" lon="-118.0039">
        <ele>1780.12</ele>
        <time>2025-06-15T20:04:56Z</time>
      </trkpt>
      <trkpt lat="34.34336" lon="-118.00393">
        <ele>1780.44</ele>
        <time>2025-06-15T20:04:59Z</time>
      </trkpt>
      <trkpt lat="34.34339" lon="-118.00396">
        <ele>1780.77</ele>
        <time>2025-06-15T20:05:02Z</time>
      </trkpt>
      <trkpt lat="34.34342" lon="-118.00399">
        <ele>1781.0</ele>
        <time>2025-06-15T20:05:06Z</time>
      </trkpt>
      <trkpt lat="34.34344" lon="-118.00401">
        <ele>1780.89</ele>
        <time>2025-06-15T20:05:09Z</time>
      </trkpt>
      <trkpt lat="34.34348" lon="-118.00403">
        <ele>1780.72</ele>
        <time>2025-06-15T20:05:12Z</time>
      </trkpt>
      <trkpt lat="34.34351" lon="-118.00404">
        <ele>1780.67</ele>
        <time>2025-06-15T20:05:15Z</time>
      </trkpt>
      <trkpt lat="34.34355" lon="-118.00405">
        <ele>1780.74</ele>
        <time>2025-06-15T20:05:18Z</time>
      </trkpt>
      <trkpt lat="34.34358" lon="-118.00406">
        <ele>1780.85</ele>
        <time>2025-06-15T20:05:21Z</time>
      </trkpt>
      <trkpt lat="34.34362" lon="-118.00407">
        <ele>1780.86</ele>
        <time>2025-06-15T20:05:24Z</time>
      </trkpt>
      <trkpt lat="34.34365" lon="-118.00408">
        <ele>1780.61</ele>
        <time>2025-06-15T20:05:27Z</time>
      </trkpt>
      <trkpt lat="34.34368" lon="-118.00409">
        <ele>1780.38</ele>
        <time>2025-06-15T20:05:30Z</time>
      </trkpt>
      <trkpt lat="34.34372" lon="-118.00409">
        <ele>1780.0</ele>
        <time>2025-06-15T20:05:33Z</time>
      </trkpt>
      <trkpt lat="34.34376" lon="-118.00407">
        <ele>1779.37</ele>
        <time>2025-06-15T20:05:36Z</time>
      </trkpt>
      <trkpt lat="34.34379" lon="-118.00405">
        <ele>1779.05</ele>
        <time>2025-06-15T20:05:39Z</time>
      </trkpt>
      <trkpt lat="34.34382" lon="-118.00406">
        <ele>1778.74</ele>
        <time>2025-06-15T20:05:43Z</time>
      </trkpt>
      <trkpt lat="34.34385" lon="-118.00406">
        <ele>1778.42</ele>
        <time>2025-06-15T20:05:49Z</time>
      </trkpt>
      <trkpt lat="34.34382" lon="-118.00407">
        <ele>1778.74</ele>
        <time>2025-06-15T20:05:59Z</time>
      </trkpt>
      <trkpt lat="34.3438" lon="-118.00411">
        <ele>1779.35</ele>
        <time>2025-06-15T20:06:32Z</time>
      </trkpt>
      <trkpt lat="34.3438" lon="-118.00415">
        <ele>1779.78</ele>
        <time>2025-06-15T20:06:36Z</time>
      </trkpt>
      <trkpt lat="34.34383" lon="-118.00417">
        <ele>1779.67</ele>
        <time>2025-06-15T20:06:42Z</time>
      </trkpt>
      <trkpt lat="34.34386" lon="-118.0042">
        <ele>1779.67</ele>
        <time>2025-06-15T20:06:46Z</time>
      </trkpt>
      <trkpt lat="34.34391" lon="-118.00423">
        <ele>1779.46</ele>
        <time>2025-06-15T20:06:51Z</time>
      </trkpt>
      <trkpt lat="34.34395" lon="-118.00425">
        <ele>1779.24</ele>
        <time>2025-06-15T20:06:56Z</time>
      </trkpt>
      <trkpt lat="34.34397" lon="-118.0043">
        <ele>1779.56</ele>
        <time>2025-06-15T20:07:01Z</time>
      </trkpt>
      <trkpt lat="34.34399" lon="-118.00435">
        <ele>1779.89</ele>
        <time>2025-06-15T20:07:05Z</time>
      </trkpt>
      <trkpt lat="34.34402" lon="-118.00439">
        <ele>1780.0</ele>
        <time>2025-06-15T20:07:09Z</time>
      </trkpt>
      <trkpt lat="34.34406" lon="-118.00441">
        <ele>1779.78</ele>
        <time>2025-06-15T20:07:12Z</time>
      </trkpt>
      <trkpt lat="34.34409" lon="-118.00444">
        <ele>1779.79</ele>
        <time>2025-06-15T20:07:15Z</time>
      </trkpt>
      <trkpt lat="34.34413" lon="-118.00447">
        <ele>1779.67</ele>
        <time>2025-06-15T20:07:18Z</time>
      </trkpt>
      <trkpt lat="34.34416" lon="-118.00449">
        <ele>1779.56</ele>
        <time>2025-06-15T20:07:21Z</time>
      </trkpt>
      <trkpt lat="34.34419" lon="-118.00451">
        <ele>1779.96</ele>
        <time>2025-06-15T20:07:24Z</time>
      </trkpt>
      <trkpt lat="34.34421" lon="-118.00453">
        <ele>1780.39</ele>
        <time>2025-06-15T20:07:27Z</time>
      </trkpt>
      <trkpt lat="34.34424" lon="-118.00456">
        <ele>1781.04</ele>
        <time>2025-06-15T20:07:30Z</time>
      </trkpt>
      <trkpt lat="34.34427" lon="-118.00458">
        <ele>1781.53</ele>
        <time>2025-06-15T20:07:33Z</time>
      </trkpt>
      <trkpt lat="34.3443" lon="-118.0046">
        <ele>1781.82</ele>
        <time>2025-06-15T20:07:36Z</time>
      </trkpt>
      <trkpt lat="34.34432" lon="-118.00463">
        <ele>1782.01</ele>
        <time>2025-06-15T20:07:39Z</time>
      </trkpt>
      <trkpt lat="34.34435" lon="-118.00466">
        <ele>1782.65</ele>
        <time>2025-06-15T20:07:42Z</time>
      </trkpt>
      <trkpt lat="34.34438" lon="-118.00467">
        <ele>1783.04</ele>
        <time>2025-06-15T20:07:45Z</time>
      </trkpt>
      <trkpt lat="34.3444" lon="-118.00469">
        <ele>1783.48</ele>
        <time>2025-06-15T20:07:48Z</time>
      </trkpt>
      <trkpt lat="34.34443" lon="-118.00471">
        <ele>1783.85</ele>
        <time>2025-06-15T20:07:51Z</time>
      </trkpt>
      <trkpt lat="34.34446" lon="-118.00472">
        <ele>1783.98</ele>
        <time>2025-06-15T20:07:53Z</time>
      </trkpt>
      <trkpt lat="34.34449" lon="-118.00473">
        <ele>1784.08</ele>
        <time>2025-06-15T20:07:56Z</time>
      </trkpt>
      <trkpt lat="34.34452" lon="-118.00474">
        <ele>1784.19</ele>
        <time>2025-06-15T20:07:59Z</time>
      </trkpt>
      <trkpt lat="34.34455" lon="-118.00477">
        <ele>1784.52</ele>
        <time>2025-06-15T20:08:02Z</time>
      </trkpt>
      <trkpt lat="34.34458" lon="-118.00478">
        <ele>1784.62</ele>
        <time>2025-06-15T20:08:05Z</time>
      </trkpt>
      <trkpt lat="34.34462" lon="-118.00478">
        <ele>1784.62</ele>
        <time>2025-06-15T20:08:08Z</time>
      </trkpt>
      <trkpt lat="34.34465" lon="-118.00478">
        <ele>1784.62</ele>
        <time>2025-06-15T20:08:10Z</time>
      </trkpt>
      <trkpt lat="34.34469" lon="-118.00479">
        <ele>1784.73</ele>
        <time>2025-06-15T20:08:13Z</time>
      </trkpt>
      <trkpt lat="34.34472" lon="-118.00478">
        <ele>1784.62</ele>
        <time>2025-06-15T20:08:15Z</time>
      </trkpt>
      <trkpt lat="34.34476" lon="-118.00478">
        <ele>1784.62</ele>
        <time>2025-06-15T20:08:18Z</time>
      </trkpt>
      <trkpt lat="34.3448" lon="-118.00475">
        <ele>1784.3</ele>
        <time>2025-06-15T20:08:20Z</time>
      </trkpt>
      <trkpt lat="34.34484" lon="-118.00472">
        <ele>1784.27</ele>
        <time>2025-06-15T20:08:22Z</time>
      </trkpt>
      <trkpt lat="34.34486" lon="-118.0047">
        <ele>1784.37</ele>
        <time>2025-06-15T20:08:24Z</time>
      </trkpt>
      <trkpt lat="34.34489" lon="-118.00468">
        <ele>1784.44</ele>
        <time>2025-06-15T20:08:26Z</time>
      </trkpt>
      <trkpt lat="34.34492" lon="-118.00466">
        <ele>1784.33</ele>
        <time>2025-06-15T20:08:29Z</time>
      </trkpt>
      <trkpt lat="34.34494" lon="-118.00462">
        <ele>1783.9</ele>
        <time>2025-06-15T20:08:32Z</time>
      </trkpt>
      <trkpt lat="34.34497" lon="-118.00459">
        <ele>1783.57</ele>
        <time>2025-06-15T20:08:35Z</time>
      </trkpt>
      <trkpt lat="34.345" lon="-118.00456">
        <ele>1783.25</ele>
        <time>2025-06-15T20:08:38Z</time>
      </trkpt>
      <trkpt lat="34.34502" lon="-118.00454">
        <ele>1783.24</ele>
        <time>2025-06-15T20:08:40Z</time>
      </trkpt>
      <trkpt lat="34.34504" lon="-118.00451">
        <ele>1783.31</ele>
        <time>2025-06-15T20:08:43Z</time>
      </trkpt>
      <trkpt lat="34.34507" lon="-118.00448">
        <ele>1783.29</ele>
        <time>2025-06-15T20:08:46Z</time>
      </trkpt>
      <trkpt lat="34.3451" lon="-118.00447">
        <ele>1783.33</ele>
        <time>2025-06-15T20:08:49Z</time>
      </trkpt>
      <trkpt lat="34.34513" lon="-118.00447">
        <ele>1783.57</ele>
        <time>2025-06-15T20:08:52Z</time>
      </trkpt>
      <trkpt lat="34.34516" lon="-118.00449">
        <ele>1783.86</ele>
        <time>2025-06-15T20:08:55Z</time>
      </trkpt>
      <trkpt lat="34.34518" lon="-118.0045">
        <ele>1783.98</ele>
        <time>2025-06-15T20:08:59Z</time>
      </trkpt>
      <trkpt lat="34.34521" lon="-118.0045">
        <ele>1784.27</ele>
        <time>2025-06-15T20:09:05Z</time>
      </trkpt>
      <trkpt lat="34.34524" lon="-118.00451">
        <ele>1784.59</ele>
        <time>2025-06-15T20:09:08Z</time>
      </trkpt>
      <trkpt lat="34.34528" lon="-118.00451">
        <ele>1785.02</ele>
        <time>2025-06-15T20:09:11Z</time>
      </trkpt>
      <trkpt lat="34.34532" lon="-118.00452">
        <ele>1785.46</ele>
        <time>2025-06-15T20:09:14Z</time>
      </trkpt>
      <trkpt lat="34.34536" lon="-118.00453">
        <ele>1785.89</ele>
        <time>2025-06-15T20:09:17Z</time>
      </trkpt>
      <trkpt lat="34.34539" lon="-118.00453">
        <ele>1786.02</ele>
        <time>2025-06-15T20:09:20Z</time>
      </trkpt>
      <trkpt lat="34.34542" lon="-118.00454">
        <ele>1786.0</ele>
        <time>2025-06-15T20:09:23Z</time>
      </trkpt>
      <trkpt lat="34.34546" lon="-118.00453">
        <ele>1786.07</ele>
        <time>2025-06-15T20:09:27Z</time>
      </trkpt>
      <trkpt lat="34.34549" lon="-118.00452">
        <ele>1786.42</ele>
        <time>2025-06-15T20:09:30Z</time>
      </trkpt>
      <trkpt lat="34.34552" lon="-118.00452">
        <ele>1786.69</ele>
        <time>2025-06-15T20:09:32Z</time>
      </trkpt>
      <trkpt lat="34.34556" lon="-118.00452">
        <ele>1787.0</ele>
        <time>2025-06-15T20:09:35Z</time>
      </trkpt>
      <trkpt lat="34.3456" lon="-118.00452">
        <ele>1787.0</ele>
        <time>2025-06-15T20:09:38Z</time>
      </trkpt>
      <trkpt lat="34.34562" lon="-118.00451">
        <ele>1787.0</ele>
        <time>2025-06-15T20:09:41Z</time>
      </trkpt>
      <trkpt lat="34.34566" lon="-118.0045">
        <ele>1787.0</ele>
        <time>2025-06-15T20:09:44Z</time>
      </trkpt>
      <trkpt lat="34.3457" lon="-118.00449">
        <ele>1787.0</ele>
        <time>2025-06-15T20:09:47Z</time>
      </trkpt>
      <trkpt lat="34.34573" lon="-118.00447">
        <ele>1787.0</ele>
        <time>2025-06-15T20:09:50Z</time>
      </trkpt>
      <trkpt lat="34.34576" lon="-118.00446">
        <ele>1787.0</ele>
        <time>2025-06-15T20:09:53Z</time>
      </trkpt>
      <trkpt lat="34.34579" lon="-118.00445">
        <ele>1787.0</ele>
        <time>2025-06-15T20:09:56Z</time>
      </trkpt>
      <trkpt lat="34.34583" lon="-118.00444">
        <ele>1787.0</ele>
        <time>2025-06-15T20:10:00Z</time>
      </trkpt>
      <trkpt lat="34.34586" lon="-118.00444">
        <ele>1787.0</ele>
        <time>2025-06-15T20:10:02Z</time>
      </trkpt>
      <trkpt lat="34.3459" lon="-118.00443">
        <ele>1787.0</ele>
        <time>2025-06-15T20:10:05Z</time>
      </trkpt>
      <trkpt lat="34.34592" lon="-118.00442">
        <ele>1787.0</ele>
        <time>2025-06-15T20:10:07Z</time>
      </trkpt>
      <trkpt lat="34.34596" lon="-118.00441">
        <ele>1786.63</ele>
        <time>2025-06-15T20:10:10Z</time>
      </trkpt>
      <trkpt lat="34.346" lon="-118.0044">
        <ele>1786.2</ele>
        <time>2025-06-15T20:10:13Z</time>
      </trkpt>
      <trkpt lat="34.34603" lon="-118.00438">
        <ele>1785.88</ele>
        <time>2025-06-15T20:10:16Z</time>
      </trkpt>
      <trkpt lat="34.34607" lon="-118.00437">
        <ele>1785.44</ele>
        <time>2025-06-15T20:10:19Z</time>
      </trkpt>
      <trkpt lat="34.3461" lon="-118.00435">
        <ele>1785.12</ele>
        <time>2025-06-15T20:10:22Z</time>
      </trkpt>
      <trkpt lat="34.34613" lon="-118.00433">
        <ele>1784.84</ele>
        <time>2025-06-15T20:10:25Z</time>
      </trkpt>
      <trkpt lat="34.34617" lon="-118.00431">
        <ele>1784.65</ele>
        <time>2025-06-15T20:10:28Z</time>
      </trkpt>
      <trkpt lat="34.3462" lon="-118.0043">
        <ele>1784.58</ele>
        <time>2025-06-15T20:10:31Z</time>
      </trkpt>
      <trkpt lat="34.34623" lon="-118.00427">
        <ele>1784.6</ele>
        <time>2025-06-15T20:10:34Z</time>
      </trkpt>
      <trkpt lat="34.34625" lon="-118.00424">
        <ele>1784.6</ele>
        <time>2025-06-15T20:10:37Z</time>
      </trkpt>
      <trkpt lat="34.34628" lon="-118.00422">
        <ele>1784.53</ele>
        <time>2025-06-15T20:10:40Z</time>
      </trkpt>
      <trkpt lat="34.34631" lon="-118.00419">
        <ele>1784.6</ele>
        <time>2025-06-15T20:10:43Z</time>
      </trkpt>
      <trkpt lat="34.34633" lon="-118.00417">
        <ele>1784.6</ele>
        <time>2025-06-15T20:10:46Z</time>
      </trkpt>
      <trkpt lat="34.34636" lon="-118.00415">
        <ele>1784.74</ele>
        <time>2025-06-15T20:10:49Z</time>
      </trkpt>
      <trkpt lat="34.34639" lon="-118.00414">
        <ele>1784.88</ele>
        <time>2025-06-15T20:10:52Z</time>
      </trkpt>
      <trkpt lat="34.34641" lon="-118.00413">
        <ele>1785.42</ele>
        <time>2025-06-15T20:10:57Z</time>
      </trkpt>
      <trkpt lat="34.34642" lon="-118.0041">
        <ele>1786.5</ele>
        <time>2025-06-15T20:11:02Z</time>
      </trkpt>
      <trkpt lat="34.34645" lon="-118.0041">
        <ele>1786.82</ele>
        <time>2025-06-15T20:11:05Z</time>
      </trkpt>
      <trkpt lat="34.34648" lon="-118.00412">
        <ele>1786.5</ele>
        <time>2025-06-15T20:11:08Z</time>
      </trkpt>
      <trkpt lat="34.34649" lon="-118.00416">
        <ele>1785.31</ele>
        <time>2025-06-15T20:11:11Z</time>
      </trkpt>
      <trkpt lat="34.3465" lon="-118.0042">
        <ele>1784.41</ele>
        <time>2025-06-15T20:11:14Z</time>
      </trkpt>
      <trkpt lat="34.34651" lon="-118.00423">
        <ele>1783.73</ele>
        <time>2025-06-15T20:11:17Z</time>
      </trkpt>
      <trkpt lat="34.34652" lon="-118.00427">
        <ele>1782.77</ele>
        <time>2025-06-15T20:11:20Z</time>
      </trkpt>
      <trkpt lat="34.34653" lon="-118.00431">
        <ele>1781.9</ele>
        <time>2025-06-15T20:11:23Z</time>
      </trkpt>
      <trkpt lat="34.34654" lon="-118.00435">
        <ele>1781.04</ele>
        <time>2025-06-15T20:11:26Z</time>
      </trkpt>
      <trkpt lat="34.34656" lon="-118.00438">
        <ele>1780.74</ele>
        <time>2025-06-15T20:11:30Z</time>
      </trkpt>
      <trkpt lat="34.34657" lon="-118.00442">
        <ele>1780.3</ele>
        <time>2025-06-15T20:11:34Z</time>
      </trkpt>
      <trkpt lat="34.34658" lon="-118.00445">
        <ele>1779.94</ele>
        <time>2025-06-15T20:11:37Z</time>
      </trkpt>
      <trkpt lat="34.3466" lon="-118.00448">
        <ele>1779.72</ele>
        <time>2025-06-15T20:11:40Z</time>
      </trkpt>
      <trkpt lat="34.34661" lon="-118.00452">
        <ele>1779.61</ele>
        <time>2025-06-15T20:11:43Z</time>
      </trkpt>
      <trkpt lat="34.34663" lon="-118.00457">
        <ele>1779.4</ele>
        <time>2025-06-15T20:11:46Z</time>
      </trkpt>
      <trkpt lat="34.34664" lon="-118.0046">
        <ele>1779.29</ele>
        <time>2025-06-15T20:11:48Z</time>
      </trkpt>
      <trkpt lat="34.34666" lon="-118.00463">
        <ele>1779.07</ele>
        <time>2025-06-15T20:11:50Z</time>
      </trkpt>
      <trkpt lat="34.34669" lon="-118.00465">
        <ele>1778.8</ele>
        <time>2025-06-15T20:11:53Z</time>
      </trkpt>
      <trkpt lat="34.34672" lon="-118.00466">
        <ele>1778.61</ele>
        <time>2025-06-15T20:11:56Z</time>
      </trkpt>
      <trkpt lat="34.34675" lon="-118.00467">
        <ele>1778.49</ele>
        <time>2025-06-15T20:11:58Z</time>
      </trkpt>
      <trkpt lat="34.34678" lon="-118.00468">
        <ele>1778.42</ele>
        <time>2025-06-15T20:12:00Z</time>
      </trkpt>
      <trkpt lat="34.34682" lon="-118.0047">
        <ele>1778.26</ele>
        <time>2025-06-15T20:12:03Z</time>
      </trkpt>
      <trkpt lat="34.34685" lon="-118.00472">
        <ele>1778.02</ele>
        <time>2025-06-15T20:12:06Z</time>
      </trkpt>
      <trkpt lat="34.34689" lon="-118.00473">
        <ele>1778.05</ele>
        <time>2025-06-15T20:12:09Z</time>
      </trkpt>
      <trkpt lat="34.34692" lon="-118.00474">
        <ele>1778.05</ele>
        <time>2025-06-15T20:12:12Z</time>
      </trkpt>
      <trkpt lat="34.34696" lon="-118.00475">
        <ele>1778.0</ele>
        <time>2025-06-15T20:12:15Z</time>
      </trkpt>
      <trkpt lat="34.34699" lon="-118.00477">
        <ele>1778.0</ele>
        <time>2025-06-15T20:12:18Z</time>
      </trkpt>
      <trkpt lat="34.34702" lon="-118.00478">
        <ele>1778.0</ele>
        <time>2025-06-15T20:12:21Z</time>
      </trkpt>
      <trkpt lat="34.34705" lon="-118.0048">
        <ele>1778.0</ele>
        <time>2025-06-15T20:12:24Z</time>
      </trkpt>
      <trkpt lat="34.34708" lon="-118.00481">
        <ele>1778.0</ele>
        <time>2025-06-15T20:12:27Z</time>
      </trkpt>
      <trkpt lat="34.34712" lon="-118.00481">
        <ele>1778.0</ele>
        <time>2025-06-15T20:12:30Z</time>
      </trkpt>
      <trkpt lat="34.34715" lon="-118.00482">
        <ele>1778.0</ele>
        <time>2025-06-15T20:12:33Z</time>
      </trkpt>
      <trkpt lat="34.34718" lon="-118.00483">
        <ele>1778.0</ele>
        <time>2025-06-15T20:12:36Z</time>
      </trkpt>
      <trkpt lat="34.34721" lon="-118.00485">
        <ele>1778.0</ele>
        <time>2025-06-15T20:12:40Z</time>
      </trkpt>
      <trkpt lat="34.34724" lon="-118.00486">
        <ele>1778.0</ele>
        <time>2025-06-15T20:12:43Z</time>
      </trkpt>
      <trkpt lat="34.34728" lon="-118.00489">
        <ele>1778.0</ele>
        <time>2025-06-15T20:12:46Z</time>
      </trkpt>
      <trkpt lat="34.34731" lon="-118.00491">
        <ele>1778.0</ele>
        <time>2025-06-15T20:12:49Z</time>
      </trkpt>
      <trkpt lat="34.34734" lon="-118.00492">
        <ele>1778.0</ele>
        <time>2025-06-15T20:12:52Z</time>
      </trkpt>
      <trkpt lat="34.34737" lon="-118.00492">
        <ele>1778.0</ele>
        <time>2025-06-15T20:12:55Z</time>
      </trkpt>
      <trkpt lat="34.3474" lon="-118.00492">
        <ele>1778.0</ele>
        <time>2025-06-15T20:12:57Z</time>
      </trkpt>
      <trkpt lat="34.34743" lon="-118.00493">
        <ele>1778.0</ele>
        <time>2025-06-15T20:13:00Z</time>
      </trkpt>
      <trkpt lat="34.34747" lon="-118.00494">
        <ele>1778.0</ele>
        <time>2025-06-15T20:13:03Z</time>
      </trkpt>
      <trkpt lat="34.3475" lon="-118.00496">
        <ele>1778.0</ele>
        <time>2025-06-15T20:13:06Z</time>
      </trkpt>
      <trkpt lat="34.34753" lon="-118.00497">
        <ele>1778.0</ele>
        <time>2025-06-15T20:13:09Z</time>
      </trkpt>
      <trkpt lat="34.34757" lon="-118.00498">
        <ele>1778.0</ele>
        <time>2025-06-15T20:13:12Z</time>
      </trkpt>
      <trkpt lat="34.34759" lon="-118.005">
        <ele>1778.0</ele>
        <time>2025-06-15T20:13:15Z</time>
      </trkpt>
      <trkpt lat="34.34762" lon="-118.00501">
        <ele>1778.0</ele>
        <time>2025-06-15T20:13:18Z</time>
      </trkpt>
      <trkpt lat="34.34766" lon="-118.00503">
        <ele>1778.0</ele>
        <time>2025-06-15T20:13:22Z</time>
      </trkpt>
      <trkpt lat="34.34769" lon="-118.00506">
        <ele>1778.0</ele>
        <time>2025-06-15T20:13:26Z</time>
      </trkpt>
      <trkpt lat="34.34773" lon="-118.00507">
        <ele>1778.0</ele>
        <time>2025-06-15T20:13:29Z</time>
      </trkpt>
      <trkpt lat="34.34777" lon="-118.00509">
        <ele>1778.0</ele>
        <time>2025-06-15T20:13:32Z</time>
      </trkpt>
      <trkpt lat="34.34781" lon="-118.0051">
        <ele>1777.92</ele>
        <time>2025-06-15T20:13:36Z</time>
      </trkpt>
      <trkpt lat="34.34784" lon="-118.00512">
        <ele>1777.7</ele>
        <time>2025-06-15T20:13:39Z</time>
      </trkpt>
      <trkpt lat="34.34787" lon="-118.00515">
        <ele>1777.38</ele>
        <time>2025-06-15T20:13:42Z</time>
      </trkpt>
      <trkpt lat="34.3479" lon="-118.00517">
        <ele>1777.16</ele>
        <time>2025-06-15T20:13:45Z</time>
      </trkpt>
      <trkpt lat="34.34793" lon="-118.00519">
        <ele>1776.95</ele>
        <time>2025-06-15T20:13:48Z</time>
      </trkpt>
      <trkpt lat="34.34796" lon="-118.00522">
        <ele>1776.62</ele>
        <time>2025-06-15T20:13:51Z</time>
      </trkpt>
      <trkpt lat="34.34798" lon="-118.00525">
        <ele>1776.3</ele>
        <time>2025-06-15T20:13:54Z</time>
      </trkpt>
      <trkpt lat="34.34801" lon="-118.00528">
        <ele>1775.98</ele>
        <time>2025-06-15T20:13:57Z</time>
      </trkpt>
      <trkpt lat="34.34804" lon="-118.00531">
        <ele>1775.65</ele>
        <time>2025-06-15T20:14:01Z</time>
      </trkpt>
      <trkpt lat="34.34806" lon="-118.00535">
        <ele>1775.18</ele>
        <time>2025-06-15T20:14:04Z</time>
      </trkpt>
      <trkpt lat="34.34809" lon="-118.00539">
        <ele>1774.42</ele>
        <time>2025-06-15T20:14:08Z</time>
      </trkpt>
      <trkpt lat="34.34811" lon="-118.00543">
        <ele>1773.77</ele>
        <time>2025-06-15T20:14:12Z</time>
      </trkpt>
      <trkpt lat="34.34813" lon="-118.00548">
        <ele>1773.01</ele>
        <time>2025-06-15T20:14:16Z</time>
      </trkpt>
      <trkpt lat="34.34815" lon="-118.00551">
        <ele>1772.51</ele>
        <time>2025-06-15T20:14:19Z</time>
      </trkpt>
      <trkpt lat="34.34818" lon="-118.00554">
        <ele>1772.51</ele>
        <time>2025-06-15T20:14:22Z</time>
      </trkpt>
      <trkpt lat="34.3482" lon="-118.00558">
        <ele>1772.15</ele>
        <time>2025-06-15T20:14:25Z</time>
      </trkpt>
      <trkpt lat="34.34822" lon="-118.00562">
        <ele>1771.54</ele>
        <time>2025-06-15T20:14:28Z</time>
      </trkpt>
      <trkpt lat="34.34823" lon="-118.00566">
        <ele>1770.87</ele>
        <time>2025-06-15T20:14:32Z</time>
      </trkpt>
      <trkpt lat="34.34824" lon="-118.00569">
        <ele>1770.55</ele>
        <time>2025-06-15T20:14:35Z</time>
      </trkpt>
      <trkpt lat="34.34827" lon="-118.00573">
        <ele>1770.15</ele>
        <time>2025-06-15T20:14:38Z</time>
      </trkpt>
      <trkpt lat="34.3483" lon="-118.00575">
        <ele>1769.9</ele>
        <time>2025-06-15T20:14:41Z</time>
      </trkpt>
      <trkpt lat="34.34833" lon="-118.00578">
        <ele>1769.58</ele>
        <time>2025-06-15T20:14:44Z</time>
      </trkpt>
      <trkpt lat="34.34836" lon="-118.0058">
        <ele>1769.54</ele>
        <time>2025-06-15T20:14:47Z</time>
      </trkpt>
      <trkpt lat="34.3484" lon="-118.00581">
        <ele>1769.79</ele>
        <time>2025-06-15T20:14:51Z</time>
      </trkpt>
      <trkpt lat="34.34844" lon="-118.00581">
        <ele>1769.89</ele>
        <time>2025-06-15T20:14:54Z</time>
      </trkpt>
      <trkpt lat="34.34847" lon="-118.00583">
        <ele>1769.54</ele>
        <time>2025-06-15T20:14:57Z</time>
      </trkpt>
      <trkpt lat="34.3485" lon="-118.00585">
        <ele>1769.02</ele>
        <time>2025-06-15T20:15:00Z</time>
      </trkpt>
      <trkpt lat="34.34853" lon="-118.00587">
        <ele>1768.6</ele>
        <time>2025-06-15T20:15:03Z</time>
      </trkpt>
      <trkpt lat="34.34856" lon="-118.00588">
        <ele>1768.5</ele>
        <time>2025-06-15T20:15:06Z</time>
      </trkpt>
      <trkpt lat="34.3486" lon="-118.00589">
        <ele>1768.39</ele>
        <time>2025-06-15T20:15:09Z</time>
      </trkpt>
      <trkpt lat="34.34864" lon="-118.0059">
        <ele>1767.97</ele>
        <time>2025-06-15T20:15:12Z</time>
      </trkpt>
      <trkpt lat="34.34867" lon="-118.0059">
        <ele>1767.64</ele>
        <time>2025-06-15T20:15:15Z</time>
      </trkpt>
      <trkpt lat="34.34871" lon="-118.00591">
        <ele>1767.16</ele>
        <time>2025-06-15T20:15:18Z</time>
      </trkpt>
      <trkpt lat="34.34875" lon="-118.00591">
        <ele>1767.09</ele>
        <time>2025-06-15T20:15:21Z</time>
      </trkpt>
      <trkpt lat="34.34878" lon="-118.00592">
        <ele>1767.01</ele>
        <time>2025-06-15T20:15:24Z</time>
      </trkpt>
      <trkpt lat="34.34881" lon="-118.00593">
        <ele>1766.81</ele>
        <time>2025-06-15T20:15:27Z</time>
      </trkpt>
      <trkpt lat="34.34885" lon="-118.00593">
        <ele>1766.4</ele>
        <time>2025-06-15T20:15:30Z</time>
      </trkpt>
      <trkpt lat="34.34889" lon="-118.00593">
        <ele>1766.0</ele>
        <time>2025-06-15T20:15:34Z</time>
      </trkpt>
      <trkpt lat="34.34893" lon="-118.00594">
        <ele>1766.0</ele>
        <time>2025-06-15T20:15:37Z</time>
      </trkpt>
      <trkpt lat="34.34897" lon="-118.00594">
        <ele>1766.0</ele>
        <time>2025-06-15T20:15:40Z</time>
      </trkpt>
      <trkpt lat="34.34901" lon="-118.00594">
        <ele>1765.69</ele>
        <time>2025-06-15T20:15:43Z</time>
      </trkpt>
      <trkpt lat="34.34906" lon="-118.00594">
        <ele>1765.15</ele>
        <time>2025-06-15T20:15:46Z</time>
      </trkpt>
      <trkpt lat="34.34909" lon="-118.00593">
        <ele>1765.0</ele>
        <time>2025-06-15T20:15:49Z</time>
      </trkpt>
      <trkpt lat="34.34913" lon="-118.00591">
        <ele>1765.07</ele>
        <time>2025-06-15T20:15:52Z</time>
      </trkpt>
      <trkpt lat="34.34916" lon="-118.00589">
        <ele>1765.03</ele>
        <time>2025-06-15T20:15:55Z</time>
      </trkpt>
      <trkpt lat="34.3492" lon="-118.00586">
        <ele>1765.0</ele>
        <time>2025-06-15T20:15:59Z</time>
      </trkpt>
      <trkpt lat="34.34924" lon="-118.00586">
        <ele>1765.0</ele>
        <time>2025-06-15T20:16:03Z</time>
      </trkpt>
      <trkpt lat="34.34928" lon="-118.00587">
        <ele>1765.22</ele>
        <time>2025-06-15T20:16:06Z</time>
      </trkpt>
      <trkpt lat="34.34931" lon="-118.00588">
        <ele>1765.55</ele>
        <time>2025-06-15T20:16:09Z</time>
      </trkpt>
      <trkpt lat="34.34935" lon="-118.00589">
        <ele>1765.98</ele>
        <time>2025-06-15T20:16:13Z</time>
      </trkpt>
      <trkpt lat="34.34939" lon="-118.00591">
        <ele>1766.41</ele>
        <time>2025-06-15T20:16:18Z</time>
      </trkpt>
      <trkpt lat="34.34942" lon="-118.00594">
        <ele>1766.7</ele>
        <time>2025-06-15T20:16:22Z</time>
      </trkpt>
      <trkpt lat="34.34944" lon="-118.006">
        <ele>1766.91</ele>
        <time>2025-06-15T20:16:25Z</time>
      </trkpt>
      <trkpt lat="34.34944" lon="-118.00604">
        <ele>1766.9</ele>
        <time>2025-06-15T20:16:28Z</time>
      </trkpt>
      <trkpt lat="34.34945" lon="-118.00609">
        <ele>1767.06</ele>
        <time>2025-06-15T20:16:31Z</time>
      </trkpt>
      <trkpt lat="34.34944" lon="-118.00614">
        <ele>1766.61</ele>
        <time>2025-06-15T20:16:36Z</time>
      </trkpt>
      <trkpt lat="34.34944" lon="-118.00619">
        <ele>1766.09</ele>
        <time>2025-06-15T20:16:40Z</time>
      </trkpt>
      <trkpt lat="34.34945" lon="-118.00624">
        <ele>1766.1</ele>
        <time>2025-06-15T20:16:43Z</time>
      </trkpt>
      <trkpt lat="34.34945" lon="-118.00628">
        <ele>1766.07</ele>
        <time>2025-06-15T20:16:46Z</time>
      </trkpt>
      <trkpt lat="34.34945" lon="-118.00632">
        <ele>1765.8</ele>
        <time>2025-06-15T20:16:49Z</time>
      </trkpt>
      <trkpt lat="34.34946" lon="-118.00636">
        <ele>1765.48</ele>
        <time>2025-06-15T20:16:52Z</time>
      </trkpt>
      <trkpt lat="34.34946" lon="-118.0064">
        <ele>1765.05</ele>
        <time>2025-06-15T20:16:55Z</time>
      </trkpt>
      <trkpt lat="34.34948" lon="-118.00644">
        <ele>1764.83</ele>
        <time>2025-06-15T20:16:58Z</time>
      </trkpt>
      <trkpt lat="34.3495" lon="-118.00648">
        <ele>1764.62</ele>
        <time>2025-06-15T20:17:01Z</time>
      </trkpt>
      <trkpt lat="34.34952" lon="-118.00651">
        <ele>1764.51</ele>
        <time>2025-06-15T20:17:03Z</time>
      </trkpt>
      <trkpt lat="34.34955" lon="-118.00654">
        <ele>1764.51</ele>
        <time>2025-06-15T20:17:06Z</time>
      </trkpt>
      <trkpt lat="34.34957" lon="-118.00658">
        <ele>1764.29</ele>
        <time>2025-06-15T20:17:09Z</time>
      </trkpt>
      <trkpt lat="34.34959" lon="-118.00661">
        <ele>1764.18</ele>
        <time>2025-06-15T20:17:12Z</time>
      </trkpt>
      <trkpt lat="34.34962" lon="-118.00664">
        <ele>1764.18</ele>
        <time>2025-06-15T20:17:15Z</time>
      </trkpt>
      <trkpt lat="34.34965" lon="-118.00666">
        <ele>1764.29</ele>
        <time>2025-06-15T20:17:18Z</time>
      </trkpt>
      <trkpt lat="34.34968" lon="-118.00668">
        <ele>1764.4</ele>
        <time>2025-06-15T20:17:21Z</time>
      </trkpt>
      <trkpt lat="34.34972" lon="-118.0067">
        <ele>1764.62</ele>
        <time>2025-06-15T20:17:25Z</time>
      </trkpt>
      <trkpt lat="34.34975" lon="-118.00672">
        <ele>1764.72</ele>
        <time>2025-06-15T20:17:29Z</time>
      </trkpt>
      <trkpt lat="34.34978" lon="-118.00675">
        <ele>1764.72</ele>
        <time>2025-06-15T20:17:33Z</time>
      </trkpt>
      <trkpt lat="34.3498" lon="-118.00676">
        <ele>1764.83</ele>
        <time>2025-06-15T20:17:39Z</time>
      </trkpt>
      <trkpt lat="34.34984" lon="-118.00676">
        <ele>1764.99</ele>
        <time>2025-06-15T20:17:46Z</time>
      </trkpt>
      <trkpt lat="34.34987" lon="-118.00678">
        <ele>1764.78</ele>
        <time>2025-06-15T20:17:48Z</time>
      </trkpt>
      <trkpt lat="34.3499" lon="-118.00681">
        <ele>1764.45</ele>
        <time>2025-06-15T20:17:50Z</time>
      </trkpt>
      <trkpt lat="34.34992" lon="-118.00685">
        <ele>1764.02</ele>
        <time>2025-06-15T20:17:52Z</time>
      </trkpt>
      <trkpt lat="34.34994" lon="-118.00688">
        <ele>1763.7</ele>
        <time>2025-06-15T20:17:54Z</time>
      </trkpt>
      <trkpt lat="34.34996" lon="-118.00692">
        <ele>1763.26</ele>
        <time>2025-06-15T20:17:57Z</time>
      </trkpt>
      <trkpt lat="34.34995" lon="-118.00697">
        <ele>1762.72</ele>
        <time>2025-06-15T20:18:02Z</time>
      </trkpt>
      <trkpt lat="34.34994" lon="-118.00701">
        <ele>1762.29</ele>
        <time>2025-06-15T20:18:06Z</time>
      </trkpt>
      <trkpt lat="34.34993" lon="-118.00707">
        <ele>1762.0</ele>
        <time>2025-06-15T20:18:10Z</time>
      </trkpt>
      <trkpt lat="34.34993" lon="-118.00712">
        <ele>1762.0</ele>
        <time>2025-06-15T20:18:13Z</time>
      </trkpt>
      <trkpt lat="34.34995" lon="-118.00717">
        <ele>1761.56</ele>
        <time>2025-06-15T20:18:16Z</time>
      </trkpt>
      <trkpt lat="34.34997" lon="-118.00721">
        <ele>1761.13</ele>
        <time>2025-06-15T20:18:19Z</time>
      </trkpt>
      <trkpt lat="34.34999" lon="-118.00726">
        <ele>1760.59</ele>
        <time>2025-06-15T20:18:22Z</time>
      </trkpt>
      <trkpt lat="34.35001" lon="-118.00731">
        <ele>1760.16</ele>
        <time>2025-06-15T20:18:25Z</time>
      </trkpt>
      <trkpt lat="34.35002" lon="-118.00735">
        <ele>1759.37</ele>
        <time>2025-06-15T20:18:28Z</time>
      </trkpt>
      <trkpt lat="34.35004" lon="-118.00739">
        <ele>1758.46</ele>
        <time>2025-06-15T20:18:31Z</time>
      </trkpt>
      <trkpt lat="34.35006" lon="-118.00743">
        <ele>1757.76</ele>
        <time>2025-06-15T20:18:34Z</time>
      </trkpt>
      <trkpt lat="34.35007" lon="-118.00746">
        <ele>1757.43</ele>
        <time>2025-06-15T20:18:37Z</time>
      </trkpt>
      <trkpt lat="34.35009" lon="-118.0075">
        <ele>1757.0</ele>
        <time>2025-06-15T20:18:40Z</time>
      </trkpt>
      <trkpt lat="34.35011" lon="-118.00755">
        <ele>1757.55</ele>
        <time>2025-06-15T20:18:43Z</time>
      </trkpt>
      <trkpt lat="34.35013" lon="-118.0076">
        <ele>1757.73</ele>
        <time>2025-06-15T20:18:46Z</time>
      </trkpt>
      <trkpt lat="34.35014" lon="-118.00764">
        <ele>1757.51</ele>
        <time>2025-06-15T20:18:49Z</time>
      </trkpt>
      <trkpt lat="34.35017" lon="-118.00767">
        <ele>1757.84</ele>
        <time>2025-06-15T20:18:53Z</time>
      </trkpt>
      <trkpt lat="34.35021" lon="-118.0077">
        <ele>1758.64</ele>
        <time>2025-06-15T20:18:57Z</time>
      </trkpt>
      <trkpt lat="34.35023" lon="-118.00775">
        <ele>1758.75</ele>
        <time>2025-06-15T20:19:00Z</time>
      </trkpt>
      <trkpt lat="34.35025" lon="-118.00779">
        <ele>1758.88</ele>
        <time>2025-06-15T20:19:03Z</time>
      </trkpt>
      <trkpt lat="34.35028" lon="-118.00783">
        <ele>1758.94</ele>
        <time>2025-06-15T20:19:06Z</time>
      </trkpt>
      <trkpt lat="34.3503" lon="-118.00788">
        <ele>1758.59</ele>
        <time>2025-06-15T20:19:10Z</time>
      </trkpt>
      <trkpt lat="34.35032" lon="-118.00792">
        <ele>1758.59</ele>
        <time>2025-06-15T20:19:14Z</time>
      </trkpt>
      <trkpt lat="34.35037" lon="-118.00796">
        <ele>1759.06</ele>
        <time>2025-06-15T20:19:30Z</time>
      </trkpt>
      <trkpt lat="34.35039" lon="-118.00804">
        <ele>1758.63</ele>
        <time>2025-06-15T20:19:38Z</time>
      </trkpt>
      <trkpt lat="34.35042" lon="-118.00809">
        <ele>1758.33</ele>
        <time>2025-06-15T20:19:45Z</time>
      </trkpt>
      <trkpt lat="34.35044" lon="-118.00815">
        <ele>1757.47</ele>
        <time>2025-06-15T20:19:52Z</time>
      </trkpt>
      <trkpt lat="34.35047" lon="-118.0082">
        <ele>1757.03</ele>
        <time>2025-06-15T20:19:56Z</time>
      </trkpt>
      <trkpt lat="34.35049" lon="-118.00826">
        <ele>1756.32</ele>
        <time>2025-06-15T20:20:01Z</time>
      </trkpt>
      <trkpt lat="34.35051" lon="-118.00831">
        <ele>1755.89</ele>
        <time>2025-06-15T20:20:06Z</time>
      </trkpt>
      <trkpt lat="34.35053" lon="-118.00836">
        <ele>1755.44</ele>
        <time>2025-06-15T20:20:11Z</time>
      </trkpt>
      <trkpt lat="34.35052" lon="-118.00841">
        <ele>1754.79</ele>
        <time>2025-06-15T20:20:15Z</time>
      </trkpt>
      <trkpt lat="34.3505" lon="-118.00846">
        <ele>1754.4</ele>
        <time>2025-06-15T20:20:19Z</time>
      </trkpt>
      <trkpt lat="34.35053" lon="-118.00851">
        <ele>1754.72</ele>
        <time>2025-06-15T20:20:25Z</time>
      </trkpt>
      <trkpt lat="34.35054" lon="-118.00855">
        <ele>1754.55</ele>
        <time>2025-06-15T20:20:29Z</time>
      </trkpt>
      <trkpt lat="34.35053" lon="-118.0086">
        <ele>1754.09</ele>
        <time>2025-06-15T20:20:32Z</time>
      </trkpt>
      <trkpt lat="34.35053" lon="-118.00865">
        <ele>1754.12</ele>
        <time>2025-06-15T20:20:36Z</time>
      </trkpt>
      <trkpt lat="34.35053" lon="-118.0087">
        <ele>1754.26</ele>
        <time>2025-06-15T20:20:40Z</time>
      </trkpt>
      <trkpt lat="34.35054" lon="-118.00875">
        <ele>1754.58</ele>
        <time>2025-06-15T20:20:43Z</time>
      </trkpt>
      <trkpt lat="34.35054" lon="-118.00879">
        <ele>1754.94</ele>
        <time>2025-06-15T20:20:46Z</time>
      </trkpt>
      <trkpt lat="34.35053" lon="-118.00883">
        <ele>1755.0</ele>
        <time>2025-06-15T20:20:49Z</time>
      </trkpt>
      <trkpt lat="34.35052" lon="-118.00887">
        <ele>1755.0</ele>
        <time>2025-06-15T20:20:52Z</time>
      </trkpt>
      <trkpt lat="34.3505" lon="-118.0089">
        <ele>1755.0</ele>
        <time>2025-06-15T20:20:56Z</time>
      </trkpt>
      <trkpt lat="34.35049" lon="-118.00893">
        <ele>1755.0</ele>
        <time>2025-06-15T20:20:59Z</time>
      </trkpt>
      <trkpt lat="34.35049" lon="-118.00897">
        <ele>1755.0</ele>
        <time>2025-06-15T20:21:02Z</time>
      </trkpt>
      <trkpt lat="34.35049" lon="-118.00901">
        <ele>1755.0</ele>
        <time>2025-06-15T20:21:04Z</time>
      </trkpt>
      <trkpt lat="34.35048" lon="-118.00905">
        <ele>1755.0</ele>
        <time>2025-06-15T20:21:07Z</time>
      </trkpt>
      <trkpt lat="34.35046" lon="-118.00909">
        <ele>1755.03</ele>
        <time>2025-06-15T20:21:10Z</time>
      </trkpt>
      <trkpt lat="34.35045" lon="-118.00913">
        <ele>1755.14</ele>
        <time>2025-06-15T20:21:13Z</time>
      </trkpt>
      <trkpt lat="34.35044" lon="-118.00916">
        <ele>1755.25</ele>
        <time>2025-06-15T20:21:15Z</time>
      </trkpt>
      <trkpt lat="34.35044" lon="-118.00921">
        <ele>1755.25</ele>
        <time>2025-06-15T20:21:17Z</time>
      </trkpt>
      <trkpt lat="34.35044" lon="-118.00925">
        <ele>1755.25</ele>
        <time>2025-06-15T20:21:19Z</time>
      </trkpt>
      <trkpt lat="34.35043" lon="-118.0093">
        <ele>1755.36</ele>
        <time>2025-06-15T20:21:22Z</time>
      </trkpt>
      <trkpt lat="34.35042" lon="-118.00934">
        <ele>1755.46</ele>
        <time>2025-06-15T20:21:25Z</time>
      </trkpt>
      <trkpt lat="34.35042" lon="-118.00939">
        <ele>1755.46</ele>
        <time>2025-06-15T20:21:28Z</time>
      </trkpt>
      <trkpt lat="34.35042" lon="-118.00943">
        <ele>1755.46</ele>
        <time>2025-06-15T20:21:30Z</time>
      </trkpt>
      <trkpt lat="34.35043" lon="-118.00946">
        <ele>1755.36</ele>
        <time>2025-06-15T20:21:32Z</time>
      </trkpt>
      <trkpt lat="34.35045" lon="-118.00949">
        <ele>1755.14</ele>
        <time>2025-06-15T20:21:34Z</time>
      </trkpt>
      <trkpt lat="34.35046" lon="-118.00952">
        <ele>1755.03</ele>
        <time>2025-06-15T20:21:36Z</time>
      </trkpt>
      <trkpt lat="34.35048" lon="-118.00955">
        <ele>1755.0</ele>
        <time>2025-06-15T20:21:38Z</time>
      </trkpt>
      <trkpt lat="34.3505" lon="-118.00958">
        <ele>1755.0</ele>
        <time>2025-06-15T20:21:41Z</time>
      </trkpt>
      <trkpt lat="34.35053" lon="-118.00959">
        <ele>1755.0</ele>
        <time>2025-06-15T20:21:43Z</time>
      </trkpt>
      <trkpt lat="34.35056" lon="-118.0096">
        <ele>1755.05</ele>
        <time>2025-06-15T20:21:45Z</time>
      </trkpt>
      <trkpt lat="34.35059" lon="-118.00962">
        <ele>1755.37</ele>
        <time>2025-06-15T20:21:48Z</time>
      </trkpt>
      <trkpt lat="34.35062" lon="-118.00964">
        <ele>1755.7</ele>
        <time>2025-06-15T20:21:51Z</time>
      </trkpt>
      <trkpt lat="34.35066" lon="-118.00965">
        <ele>1756.13</ele>
        <time>2025-06-15T20:21:53Z</time>
      </trkpt>
      <trkpt lat="34.35069" lon="-118.00966">
        <ele>1756.45</ele>
        <time>2025-06-15T20:21:55Z</time>
      </trkpt>
      <trkpt lat="34.35072" lon="-118.00967">
        <ele>1756.78</ele>
        <time>2025-06-15T20:21:57Z</time>
      </trkpt>
      <trkpt lat="34.35075" lon="-118.00968">
        <ele>1757.15</ele>
        <time>2025-06-15T20:21:59Z</time>
      </trkpt>
      <trkpt lat="34.35079" lon="-118.00968">
        <ele>1757.77</ele>
        <time>2025-06-15T20:22:02Z</time>
      </trkpt>
      <trkpt lat="34.35082" lon="-118.00968">
        <ele>1758.25</ele>
        <time>2025-06-15T20:22:05Z</time>
      </trkpt>
      <trkpt lat="34.35086" lon="-118.00966">
        <ele>1759.05</ele>
        <time>2025-06-15T20:22:08Z</time>
      </trkpt>
      <trkpt lat="34.35089" lon="-118.00964">
        <ele>1759.57</ele>
        <time>2025-06-15T20:22:11Z</time>
      </trkpt>
      <trkpt lat="34.35093" lon="-118.00963">
        <ele>1760.04</ele>
        <time>2025-06-15T20:22:14Z</time>
      </trkpt>
      <trkpt lat="34.35097" lon="-118.00961">
        <ele>1761.0</ele>
        <time>2025-06-15T20:22:17Z</time>
      </trkpt>
      <trkpt lat="34.351" lon="-118.00959">
        <ele>1762.0</ele>
        <time>2025-06-15T20:22:20Z</time>
      </trkpt>
      <trkpt lat="34.35104" lon="-118.00957">
        <ele>1763.4</ele>
        <time>2025-06-15T20:22:23Z</time>
      </trkpt>
      <trkpt lat="34.35106" lon="-118.00955">
        <ele>1764.48</ele>
        <time>2025-06-15T20:22:25Z</time>
      </trkpt>
      <trkpt lat="34.3511" lon="-118.00954">
        <ele>1765.66</ele>
        <time>2025-06-15T20:22:28Z</time>
      </trkpt>
      <trkpt lat="34.35114" lon="-118.00954">
        <ele>1765.9</ele>
        <time>2025-06-15T20:22:31Z</time>
      </trkpt>
      <trkpt lat="34.35117" lon="-118.00954">
        <ele>1765.9</ele>
        <time>2025-06-15T20:22:34Z</time>
      </trkpt>
      <trkpt lat="34.3512" lon="-118.00955">
        <ele>1765.58</ele>
        <time>2025-06-15T20:22:37Z</time>
      </trkpt>
      <trkpt lat="34.35123" lon="-118.00957">
        <ele>1764.75</ele>
        <time>2025-06-15T20:22:40Z</time>
      </trkpt>
      <trkpt lat="34.35126" lon="-118.00958">
        <ele>1764.28</ele>
        <time>2025-06-15T20:22:43Z</time>
      </trkpt>
      <trkpt lat="34.35129" lon="-118.00961">
        <ele>1763.44</ele>
        <time>2025-06-15T20:22:46Z</time>
      </trkpt>
      <trkpt lat="34.35133" lon="-118.00961">
        <ele>1763.35</ele>
        <time>2025-06-15T20:22:49Z</time>
      </trkpt>
      <trkpt lat="34.35136" lon="-118.00961">
        <ele>1763.28</ele>
        <time>2025-06-15T20:22:52Z</time>
      </trkpt>
      <trkpt lat="34.35139" lon="-118.00962">
        <ele>1763.12</ele>
        <time>2025-06-15T20:22:55Z</time>
      </trkpt>
      <trkpt lat="34.35142" lon="-118.00965">
        <ele>1763.26</ele>
        <time>2025-06-15T20:22:58Z</time>
      </trkpt>
      <trkpt lat="34.35143" lon="-118.00968">
        <ele>1763.2</ele>
        <time>2025-06-15T20:23:00Z</time>
      </trkpt>
      <trkpt lat="34.35145" lon="-118.00971">
        <ele>1763.09</ele>
        <time>2025-06-15T20:23:02Z</time>
      </trkpt>
      <trkpt lat="34.35147" lon="-118.00974">
        <ele>1763.0</ele>
        <time>2025-06-15T20:23:04Z</time>
      </trkpt>
      <trkpt lat="34.3515" lon="-118.00976">
        <ele>1763.2</ele>
        <time>2025-06-15T20:23:07Z</time>
      </trkpt>
      <trkpt lat="34.35152" lon="-118.00979">
        <ele>1763.42</ele>
        <time>2025-06-15T20:23:10Z</time>
      </trkpt>
      <trkpt lat="34.35154" lon="-118.00981">
        <ele>1763.63</ele>
        <time>2025-06-15T20:23:13Z</time>
      </trkpt>
      <trkpt lat="34.35157" lon="-118.00984">
        <ele>1763.97</ele>
        <time>2025-06-15T20:23:16Z</time>
      </trkpt>
      <trkpt lat="34.3516" lon="-118.00987">
        <ele>1764.0</ele>
        <time>2025-06-15T20:23:19Z</time>
      </trkpt>
      <trkpt lat="34.35162" lon="-118.0099">
        <ele>1764.0</ele>
        <time>2025-06-15T20:23:22Z</time>
      </trkpt>
      <trkpt lat="34.35164" lon="-118.00993">
        <ele>1764.24</ele>
        <time>2025-06-15T20:23:25Z</time>
      </trkpt>
      <trkpt lat="34.35166" lon="-118.00996">
        <ele>1764.57</ele>
        <time>2025-06-15T20:23:28Z</time>
      </trkpt>
      <trkpt lat="34.35169" lon="-118.00999">
        <ele>1765.14</ele>
        <time>2025-06-15T20:23:31Z</time>
      </trkpt>
      <trkpt lat="34.35171" lon="-118.01002">
        <ele>1765.58</ele>
        <time>2025-06-15T20:23:33Z</time>
      </trkpt>
      <trkpt lat="34.35173" lon="-118.01005">
        <ele>1765.85</ele>
        <time>2025-06-15T20:23:36Z</time>
      </trkpt>
      <trkpt lat="34.35176" lon="-118.01008">
        <ele>1766.01</ele>
        <time>2025-06-15T20:23:39Z</time>
      </trkpt>
      <trkpt lat="34.35178" lon="-118.01011">
        <ele>1766.22</ele>
        <time>2025-06-15T20:23:42Z</time>
      </trkpt>
      <trkpt lat="34.35181" lon="-118.01015">
        <ele>1766.55</ele>
        <time>2025-06-15T20:23:45Z</time>
      </trkpt>
      <trkpt lat="34.35183" lon="-118.01017">
        <ele>1766.76</ele>
        <time>2025-06-15T20:23:47Z</time>
      </trkpt>
      <trkpt lat="34.35186" lon="-118.0102">
        <ele>1767.16</ele>
        <time>2025-06-15T20:23:50Z</time>
      </trkpt>
      <trkpt lat="34.35189" lon="-118.01023">
        <ele>1767.62</ele>
        <time>2025-06-15T20:23:53Z</time>
      </trkpt>
      <trkpt lat="34.35192" lon="-118.01026">
        <ele>1767.88</ele>
        <time>2025-06-15T20:23:56Z</time>
      </trkpt>
      <trkpt lat="34.35194" lon="-118.0103">
        <ele>1767.72</ele>
        <time>2025-06-15T20:23:59Z</time>
      </trkpt>
      <trkpt lat="34.35198" lon="-118.01033">
        <ele>1768.37</ele>
        <time>2025-06-15T20:24:02Z</time>
      </trkpt>
      <trkpt lat="34.35201" lon="-118.01034">
        <ele>1768.98</ele>
        <time>2025-06-15T20:24:05Z</time>
      </trkpt>
      <trkpt lat="34.35204" lon="-118.01036">
        <ele>1769.32</ele>
        <time>2025-06-15T20:24:08Z</time>
      </trkpt>
      <trkpt lat="34.35206" lon="-118.0104">
        <ele>1769.34</ele>
        <time>2025-06-15T20:24:11Z</time>
      </trkpt>
      <trkpt lat="34.35209" lon="-118.01043">
        <ele>1769.7</ele>
        <time>2025-06-15T20:24:14Z</time>
      </trkpt>
      <trkpt lat="34.35211" lon="-118.01045">
        <ele>1769.83</ele>
        <time>2025-06-15T20:24:16Z</time>
      </trkpt>
      <trkpt lat="34.35213" lon="-118.01048">
        <ele>1769.64</ele>
        <time>2025-06-15T20:24:18Z</time>
      </trkpt>
      <trkpt lat="34.35215" lon="-118.01052">
        <ele>1769.43</ele>
        <time>2025-06-15T20:24:20Z</time>
      </trkpt>
      <trkpt lat="34.35217" lon="-118.01054">
        <ele>1769.64</ele>
        <time>2025-06-15T20:24:22Z</time>
      </trkpt>
      <trkpt lat="34.3522" lon="-118.01056">
        <ele>1770.21</ele>
        <time>2025-06-15T20:24:25Z</time>
      </trkpt>
      <trkpt lat="34.35222" lon="-118.01052">
        <ele>1771.7</ele>
        <time>2025-06-15T20:24:32Z</time>
      </trkpt>
      <trkpt lat="34.35226" lon="-118.01051">
        <ele>1773.21</ele>
        <time>2025-06-15T20:24:37Z</time>
      </trkpt>
      <trkpt lat="34.35228" lon="-118.01054">
        <ele>1773.21</ele>
        <time>2025-06-15T20:24:40Z</time>
      </trkpt>
      <trkpt lat="34.35231" lon="-118.01058">
        <ele>1773.32</ele>
        <time>2025-06-15T20:24:43Z</time>
      </trkpt>
      <trkpt lat="34.35234" lon="-118.01061">
        <ele>1773.91</ele>
        <time>2025-06-15T20:24:46Z</time>
      </trkpt>
      <trkpt lat="34.35236" lon="-118.01064">
        <ele>1774.13</ele>
        <time>2025-06-15T20:24:49Z</time>
      </trkpt>
      <trkpt lat="34.35238" lon="-118.01068">
        <ele>1773.89</ele>
        <time>2025-06-15T20:24:52Z</time>
      </trkpt>
      <trkpt lat="34.35241" lon="-118.01072">
        <ele>1773.76</ele>
        <time>2025-06-15T20:24:55Z</time>
      </trkpt>
      <trkpt lat="34.35242" lon="-118.01075">
        <ele>1773.21</ele>
        <time>2025-06-15T20:24:59Z</time>
      </trkpt>
      <trkpt lat="34.35244" lon="-118.01079">
        <ele>1772.99</ele>
        <time>2025-06-15T20:25:02Z</time>
      </trkpt>
      <trkpt lat="34.35247" lon="-118.01082">
        <ele>1773.32</ele>
        <time>2025-06-15T20:25:05Z</time>
      </trkpt>
      <trkpt lat="34.35249" lon="-118.01084">
        <ele>1773.68</ele>
        <time>2025-06-15T20:25:08Z</time>
      </trkpt>
      <trkpt lat="34.35252" lon="-118.01087">
        <ele>1774.56</ele>
        <time>2025-06-15T20:25:11Z</time>
      </trkpt>
      <trkpt lat="34.35253" lon="-118.0109">
        <ele>1774.74</ele>
        <time>2025-06-15T20:25:13Z</time>
      </trkpt>
      <trkpt lat="34.35257" lon="-118.01093">
        <ele>1775.51</ele>
        <time>2025-06-15T20:25:16Z</time>
      </trkpt>
      <trkpt lat="34.35261" lon="-118.01095">
        <ele>1776.14</ele>
        <time>2025-06-15T20:25:19Z</time>
      </trkpt>
      <trkpt lat="34.35264" lon="-118.01097">
        <ele>1776.27</ele>
        <time>2025-06-15T20:25:22Z</time>
      </trkpt>
      <trkpt lat="34.35267" lon="-118.011">
        <ele>1776.17</ele>
        <time>2025-06-15T20:25:25Z</time>
      </trkpt>
      <trkpt lat="34.35269" lon="-118.01102">
        <ele>1776.07</ele>
        <time>2025-06-15T20:25:28Z</time>
      </trkpt>
      <trkpt lat="34.35272" lon="-118.01105">
        <ele>1776.46</ele>
        <time>2025-06-15T20:25:31Z</time>
      </trkpt>
      <trkpt lat="34.35275" lon="-118.01109">
        <ele>1776.39</ele>
        <time>2025-06-15T20:25:34Z</time>
      </trkpt>
      <trkpt lat="34.35278" lon="-118.01112">
        <ele>1776.12</ele>
        <time>2025-06-15T20:25:37Z</time>
      </trkpt>
      <trkpt lat="34.35281" lon="-118.01115">
        <ele>1776.48</ele>
        <time>2025-06-15T20:25:40Z</time>
      </trkpt>
      <trkpt lat="34.35284" lon="-118.01119">
        <ele>1776.38</ele>
        <time>2025-06-15T20:25:43Z</time>
      </trkpt>
      <trkpt lat="34.35286" lon="-118.01122">
        <ele>1776.27</ele>
        <time>2025-06-15T20:25:45Z</time>
      </trkpt>
      <trkpt lat="34.35287" lon="-118.01126">
        <ele>1776.61</ele>
        <time>2025-06-15T20:25:47Z</time>
      </trkpt>
      <trkpt lat="34.35289" lon="-118.01128">
        <ele>1776.69</ele>
        <time>2025-06-15T20:25:49Z</time>
      </trkpt>
      <trkpt lat="34.35292" lon="-118.01131">
        <ele>1776.54</ele>
        <time>2025-06-15T20:25:52Z</time>
      </trkpt>
      <trkpt lat="34.35295" lon="-118.01133">
        <ele>1776.45</ele>
        <time>2025-06-15T20:25:56Z</time>
      </trkpt>
      <trkpt lat="34.35297" lon="-118.01135">
        <ele>1776.54</ele>
        <time>2025-06-15T20:25:59Z</time>
      </trkpt>
      <trkpt lat="34.353" lon="-118.01138">
        <ele>1776.54</ele>
        <time>2025-06-15T20:26:02Z</time>
      </trkpt>
      <trkpt lat="34.35303" lon="-118.01139">
        <ele>1776.28</ele>
        <time>2025-06-15T20:26:04Z</time>
      </trkpt>
      <trkpt lat="34.35306" lon="-118.0114">
        <ele>1776.0</ele>
        <time>2025-06-15T20:26:06Z</time>
      </trkpt>
      <trkpt lat="34.35309" lon="-118.01141">
        <ele>1776.0</ele>
        <time>2025-06-15T20:26:08Z</time>
      </trkpt>
      <trkpt lat="34.35313" lon="-118.01143">
        <ele>1776.0</ele>
        <time>2025-06-15T20:26:11Z</time>
      </trkpt>
      <trkpt lat="34.35315" lon="-118.01143">
        <ele>1776.01</ele>
        <time>2025-06-15T20:26:13Z</time>
      </trkpt>
      <trkpt lat="34.35318" lon="-118.01144">
        <ele>1776.15</ele>
        <time>2025-06-15T20:26:15Z</time>
      </trkpt>
      <trkpt lat="34.35321" lon="-118.01145">
        <ele>1776.23</ele>
        <time>2025-06-15T20:26:17Z</time>
      </trkpt>
      <trkpt lat="34.35324" lon="-118.01146">
        <ele>1776.23</ele>
        <time>2025-06-15T20:26:19Z</time>
      </trkpt>
      <trkpt lat="34.35326" lon="-118.01147">
        <ele>1776.31</ele>
        <time>2025-06-15T20:26:21Z</time>
      </trkpt>
      <trkpt lat="34.3533" lon="-118.01148">
        <ele>1776.65</ele>
        <time>2025-06-15T20:26:24Z</time>
      </trkpt>
      <trkpt lat="34.35334" lon="-118.01149">
        <ele>1777.0</ele>
        <time>2025-06-15T20:26:27Z</time>
      </trkpt>
      <trkpt lat="34.35336" lon="-118.0115">
        <ele>1777.0</ele>
        <time>2025-06-15T20:26:29Z</time>
      </trkpt>
      <trkpt lat="34.3534" lon="-118.01152">
        <ele>1777.0</ele>
        <time>2025-06-15T20:26:32Z</time>
      </trkpt>
      <trkpt lat="34.35343" lon="-118.01153">
        <ele>1777.02</ele>
        <time>2025-06-15T20:26:34Z</time>
      </trkpt>
      <trkpt lat="34.35346" lon="-118.01155">
        <ele>1777.1</ele>
        <time>2025-06-15T20:26:37Z</time>
      </trkpt>
      <trkpt lat="34.35349" lon="-118.01157">
        <ele>1777.03</ele>
        <time>2025-06-15T20:26:40Z</time>
      </trkpt>
      <trkpt lat="34.35353" lon="-118.01157">
        <ele>1777.17</ele>
        <time>2025-06-15T20:26:43Z</time>
      </trkpt>
      <trkpt lat="34.35357" lon="-118.01158">
        <ele>1777.56</ele>
        <time>2025-06-15T20:26:46Z</time>
      </trkpt>
      <trkpt lat="34.3536" lon="-118.01159">
        <ele>1777.88</ele>
        <time>2025-06-15T20:26:49Z</time>
      </trkpt>
      <trkpt lat="34.35364" lon="-118.01159">
        <ele>1778.57</ele>
        <time>2025-06-15T20:26:52Z</time>
      </trkpt>
      <trkpt lat="34.35367" lon="-118.0116">
        <ele>1779.09</ele>
        <time>2025-06-15T20:26:54Z</time>
      </trkpt>
      <trkpt lat="34.35371" lon="-118.01161">
        <ele>1779.68</ele>
        <time>2025-06-15T20:26:57Z</time>
      </trkpt>
      <trkpt lat="34.35374" lon="-118.01163">
        <ele>1779.79</ele>
        <time>2025-06-15T20:27:00Z</time>
      </trkpt>
      <trkpt lat="34.35379" lon="-118.01164">
        <ele>1780.22</ele>
        <time>2025-06-15T20:27:03Z</time>
      </trkpt>
      <trkpt lat="34.35382" lon="-118.01165">
        <ele>1780.48</ele>
        <time>2025-06-15T20:27:05Z</time>
      </trkpt>
      <trkpt lat="34.35385" lon="-118.01165">
        <ele>1780.86</ele>
        <time>2025-06-15T20:27:07Z</time>
      </trkpt>
      <trkpt lat="34.35387" lon="-118.01166">
        <ele>1780.93</ele>
        <time>2025-06-15T20:27:09Z</time>
      </trkpt>
      <trkpt lat="34.3539" lon="-118.01166">
        <ele>1781.26</ele>
        <time>2025-06-15T20:27:11Z</time>
      </trkpt>
      <trkpt lat="34.35393" lon="-118.01165">
        <ele>1781.8</ele>
        <time>2025-06-15T20:27:13Z</time>
      </trkpt>
      <trkpt lat="34.35396" lon="-118.01165">
        <ele>1782.13</ele>
        <time>2025-06-15T20:27:15Z</time>
      </trkpt>
      <trkpt lat="34.35399" lon="-118.01164">
        <ele>1782.73</ele>
        <time>2025-06-15T20:27:17Z</time>
      </trkpt>
      <trkpt lat="34.35401" lon="-118.01164">
        <ele>1783.1</ele>
        <time>2025-06-15T20:27:19Z</time>
      </trkpt>
      <trkpt lat="34.35405" lon="-118.01164">
        <ele>1783.84</ele>
        <time>2025-06-15T20:27:22Z</time>
      </trkpt>
      <trkpt lat="34.35408" lon="-118.01164">
        <ele>1784.42</ele>
        <time>2025-06-15T20:27:24Z</time>
      </trkpt>
      <trkpt lat="34.35412" lon="-118.01164">
        <ele>1785.28</ele>
        <time>2025-06-15T20:27:27Z</time>
      </trkpt>
      <trkpt lat="34.35415" lon="-118.01165">
        <ele>1785.82</ele>
        <time>2025-06-15T20:27:29Z</time>
      </trkpt>
      <trkpt lat="34.35418" lon="-118.01166">
        <ele>1786.37</ele>
        <time>2025-06-15T20:27:32Z</time>
      </trkpt>
      <trkpt lat="34.35422" lon="-118.01167">
        <ele>1787.08</ele>
        <time>2025-06-15T20:27:35Z</time>
      </trkpt>
      <trkpt lat="34.35426" lon="-118.01168">
        <ele>1787.73</ele>
        <time>2025-06-15T20:27:38Z</time>
      </trkpt>
      <trkpt lat="34.3543" lon="-118.01168">
        <ele>1788.59</ele>
        <time>2025-06-15T20:27:41Z</time>
      </trkpt>
      <trkpt lat="34.35434" lon="-118.01169">
        <ele>1789.24</ele>
        <time>2025-06-15T20:27:44Z</time>
      </trkpt>
      <trkpt lat="34.35438" lon="-118.01169">
        <ele>1789.88</ele>
        <time>2025-06-15T20:27:47Z</time>
      </trkpt>
      <trkpt lat="34.35441" lon="-118.0117">
        <ele>1790.13</ele>
        <time>2025-06-15T20:27:50Z</time>
      </trkpt>
      <trkpt lat="34.35444" lon="-118.01171">
        <ele>1790.46</ele>
        <time>2025-06-15T20:27:53Z</time>
      </trkpt>
      <trkpt lat="34.35447" lon="-118.01172">
        <ele>1790.7</ele>
        <time>2025-06-15T20:27:56Z</time>
      </trkpt>
      <trkpt lat="34.35451" lon="-118.01174">
        <ele>1790.92</ele>
        <time>2025-06-15T20:27:59Z</time>
      </trkpt>
      <trkpt lat="34.35454" lon="-118.01175">
        <ele>1791.13</ele>
        <time>2025-06-15T20:28:02Z</time>
      </trkpt>
      <trkpt lat="34.35456" lon="-118.01176">
        <ele>1791.24</ele>
        <time>2025-06-15T20:28:05Z</time>
      </trkpt>
      <trkpt lat="34.3546" lon="-118.01178">
        <ele>1791.46</ele>
        <time>2025-06-15T20:28:08Z</time>
      </trkpt>
      <trkpt lat="34.35463" lon="-118.01179">
        <ele>1791.67</ele>
        <time>2025-06-15T20:28:11Z</time>
      </trkpt>
      <trkpt lat="34.35466" lon="-118.0118">
        <ele>1791.89</ele>
        <time>2025-06-15T20:28:14Z</time>
      </trkpt>
      <trkpt lat="34.35469" lon="-118.01181">
        <ele>1792.1</ele>
        <time>2025-06-15T20:28:17Z</time>
      </trkpt>
      <trkpt lat="34.35472" lon="-118.01182">
        <ele>1792.32</ele>
        <time>2025-06-15T20:28:20Z</time>
      </trkpt>
      <trkpt lat="34.35475" lon="-118.01184">
        <ele>1792.39</ele>
        <time>2025-06-15T20:28:23Z</time>
      </trkpt>
      <trkpt lat="34.35478" lon="-118.01186">
        <ele>1792.62</ele>
        <time>2025-06-15T20:28:25Z</time>
      </trkpt>
      <trkpt lat="34.3548" lon="-118.01187">
        <ele>1792.84</ele>
        <time>2025-06-15T20:28:27Z</time>
      </trkpt>
      <trkpt lat="34.35483" lon="-118.01189">
        <ele>1793.16</ele>
        <time>2025-06-15T20:28:29Z</time>
      </trkpt>
      <trkpt lat="34.35486" lon="-118.01191">
        <ele>1793.49</ele>
        <time>2025-06-15T20:28:32Z</time>
      </trkpt>
      <trkpt lat="34.35489" lon="-118.01194">
        <ele>1793.81</ele>
        <time>2025-06-15T20:28:35Z</time>
      </trkpt>
      <trkpt lat="34.35492" lon="-118.01197">
        <ele>1793.72</ele>
        <time>2025-06-15T20:28:38Z</time>
      </trkpt>
      <trkpt lat="34.35495" lon="-118.01198">
        <ele>1793.62</ele>
        <time>2025-06-15T20:28:41Z</time>
      </trkpt>
      <trkpt lat="34.35498" lon="-118.012">
        <ele>1793.4</ele>
        <time>2025-06-15T20:28:44Z</time>
      </trkpt>
      <trkpt lat="34.35501" lon="-118.01202">
        <ele>1793.29</ele>
        <time>2025-06-15T20:28:47Z</time>
      </trkpt>
      <trkpt lat="34.35504" lon="-118.01204">
        <ele>1793.43</ele>
        <time>2025-06-15T20:28:50Z</time>
      </trkpt>
      <trkpt lat="34.35508" lon="-118.01207">
        <ele>1793.86</ele>
        <time>2025-06-15T20:28:53Z</time>
      </trkpt>
      <trkpt lat="34.35511" lon="-118.01209">
        <ele>1794.19</ele>
        <time>2025-06-15T20:28:56Z</time>
      </trkpt>
      <trkpt lat="34.35515" lon="-118.01211">
        <ele>1794.62</ele>
        <time>2025-06-15T20:28:59Z</time>
      </trkpt>
      <trkpt lat="34.35517" lon="-118.01212">
        <ele>1794.84</ele>
        <time>2025-06-15T20:29:01Z</time>
      </trkpt>
      <trkpt lat="34.35521" lon="-118.01213">
        <ele>1795.27</ele>
        <time>2025-06-15T20:29:04Z</time>
      </trkpt>
      <trkpt lat="34.35525" lon="-118.01215">
        <ele>1795.55</ele>
        <time>2025-06-15T20:29:07Z</time>
      </trkpt>
      <trkpt lat="34.35529" lon="-118.01215">
        <ele>1795.68</ele>
        <time>2025-06-15T20:29:10Z</time>
      </trkpt>
      <trkpt lat="34.35533" lon="-118.01215">
        <ele>1795.34</ele>
        <time>2025-06-15T20:29:13Z</time>
      </trkpt>
      <trkpt lat="34.35535" lon="-118.01213">
        <ele>1795.22</ele>
        <time>2025-06-15T20:29:15Z</time>
      </trkpt>
      <trkpt lat="34.35538" lon="-118.01212">
        <ele>1794.99</ele>
        <time>2025-06-15T20:29:17Z</time>
      </trkpt>
      <trkpt lat="34.35542" lon="-118.01212">
        <ele>1794.94</ele>
        <time>2025-06-15T20:29:20Z</time>
      </trkpt>
      <trkpt lat="34.35546" lon="-118.01212">
        <ele>1794.9</ele>
        <time>2025-06-15T20:29:23Z</time>
      </trkpt>
      <trkpt lat="34.35549" lon="-118.01211">
        <ele>1794.5</ele>
        <time>2025-06-15T20:29:28Z</time>
      </trkpt>
      <trkpt lat="34.35548" lon="-118.0121">
        <ele>1794.5</ele>
        <time>2025-06-15T20:29:35Z</time>
      </trkpt>
    </trkseg>
    <trkseg>
      <trkpt lat="34.35549" lon="-118.0121">
        <ele>1794.39</ele>
        <time>2025-06-15T20:29:40Z</time>
      </trkpt>
    </trkseg>
  </trk>
</gpx>
