<?xml version="1.0" encoding="UTF-8"?>
<gpx xmlns:xsi="http://www.w3.org/2001/XMLSchema-instance" xmlns="http://www.topografix.com/GPX/1/1" xmlns:onx="http://www.onxmaps.com" xsi:schemaLocation="http://www.topografix.com/GPX/1/1 http://www.topografix.com/GPX/1/1/gpx.xsd " version="1.1" creator="onXmaps backcountry ios">
	<trk>
		<name>Savage Alpine Trail</name>
		<extensions>
			<onx:style>dash</onx:style>
			<onx:weight>4.0</onx:weight>
			<onx:color>rgba(0, 255, 255, 1)</onx:color>
		</extensions>
		<trkseg>
			<trkpt lat="63.7164" lon="-149.261322">
				<ele>853.185852</ele>
				<time>2026-06-18T20:59:55Z</time>
			</trkpt>
			<trkpt lat="63.716396" lon="-149.261246">
				<ele>848.4021</ele>
				<time>2026-06-18T20:59:58Z</time>
			</trkpt>
			<trkpt lat="63.716385" lon="-149.261169">
				<ele>847.59375</ele>
				<time>2026-06-18T21:00:02Z</time>
			</trkpt>
			<trkpt lat="63.716377" lon="-149.261063">
				<ele>847.303955</ele>
				<time>2026-06-18T21:00:07Z</time>
			</trkpt>
			<trkpt lat="63.716389" lon="-149.260971">
				<ele>847.473389</ele>
				<time>2026-06-18T21:00:13Z</time>
			</trkpt>
			<trkpt lat="63.716385" lon="-149.261032">
				<ele>851.608215</ele>
				<time>2026-06-18T21:00:25Z</time>
			</trkpt>
			<trkpt lat="63.716385" lon="-149.261032">
				<ele>851.608215</ele>
				<time>2026-06-18T21:00:25Z</time>
			</trkpt>
			<trkpt lat="63.716396" lon="-149.261078">
				<ele>851.314697</ele>
				<time>2026-06-18T21:00:29Z</time>
			</trkpt>
			<trkpt lat="63.716377" lon="-149.261139">
				<ele>852.667908</ele>
				<time>2026-06-18T21:00:45Z</time>
			</trkpt>
			<trkpt lat="63.716362" lon="-149.261078">
				<ele>852.598633</ele>
				<time>2026-06-18T21:01:09Z</time>
			</trkpt>
			<trkpt lat="63.716362" lon="-149.261078">
				<ele>852.598633</ele>
				<time>2026-06-18T21:01:09Z</time>
			</trkpt>
			<trkpt lat="63.716373" lon="-149.261215">
				<ele>852.197754</ele>
				<time>2026-06-18T21:02:33Z</time>
			</trkpt>
			<trkpt lat="63.716373" lon="-149.261215">
				<ele>852.197754</ele>
				<time>2026-06-18T21:02:33Z</time>
			</trkpt>
			<trkpt lat="63.716316" lon="-149.2612">
				<ele>849.707581</ele>
				<time>2026-06-18T21:02:52Z</time>
			</trkpt>
			<trkpt lat="63.716328" lon="-149.261078">
				<ele>852.388733</ele>
				<time>2026-06-18T21:03:01Z</time>
			</trkpt>
			<trkpt lat="63.716328" lon="-149.261078">
				<ele>852.388733</ele>
				<time>2026-06-18T21:03:01Z</time>
			</trkpt>
			<trkpt lat="63.716301" lon="-149.261139">
				<ele>850.121521</ele>
				<time>2026-06-18T21:03:11Z</time>
			</trkpt>
			<trkpt lat="63.71627" lon="-149.2612">
				<ele>850.033142</ele>
				<time>2026-06-18T21:03:16Z</time>
			</trkpt>
			<trkpt lat="63.716228" lon="-149.26123">
				<ele>849.397888</ele>
				<time>2026-06-18T21:03:20Z</time>
			</trkpt>
			<trkpt lat="63.716228" lon="-149.26123">
				<ele>849.397888</ele>
				<time>2026-06-18T21:03:20Z</time>
			</trkpt>
			<trkpt lat="63.716194" lon="-149.261276">
				<ele>849.575439</ele>
				<time>2026-06-18T21:03:24Z</time>
			</trkpt>
			<trkpt lat="63.716164" lon="-149.261292">
				<ele>849.727051</ele>
				<time>2026-06-18T21:03:27Z</time>
			</trkpt>
			<trkpt lat="63.716133" lon="-149.261322">
				<ele>849.870605</ele>
				<time>2026-06-18T21:03:30Z</time>
			</trkpt>
			<trkpt lat="63.716099" lon="-149.261337">
				<ele>849.901917</ele>
				<time>2026-06-18T21:03:33Z</time>
			</trkpt>
			<trkpt lat="63.716061" lon="-149.261353">
				<ele>850.157837</ele>
				<time>2026-06-18T21:03:36Z</time>
			</trkpt>
			<trkpt lat="63.716034" lon="-149.261368">
				<ele>849.674622</ele>
				<time>2026-06-18T21:03:38Z</time>
			</trkpt>
			<trkpt lat="63.716003" lon="-149.261368">
				<ele>849.786499</ele>
				<time>2026-06-18T21:03:41Z</time>
			</trkpt>
			<trkpt lat="63.716003" lon="-149.261368">
				<ele>849.786499</ele>
				<time>2026-06-18T21:03:41Z</time>
			</trkpt>
			<trkpt lat="63.715977" lon="-149.261368">
				<ele>849.544067</ele>
				<time>2026-06-18T21:03:44Z</time>
			</trkpt>
			<trkpt lat="63.715946" lon="-149.261383">
				<ele>849.32782</ele>
				<time>2026-06-18T21:03:47Z</time>
			</trkpt>
			<trkpt lat="63.715919" lon="-149.261383">
				<ele>849.871216</ele>
				<time>2026-06-18T21:03:50Z</time>
			</trkpt>
			<trkpt lat="63.715897" lon="-149.261383">
				<ele>849.735229</ele>
				<time>2026-06-18T21:03:52Z</time>
			</trkpt>
			<trkpt lat="63.715878" lon="-149.261322">
				<ele>849.18158</ele>
				<time>2026-06-18T21:03:54Z</time>
			</trkpt>
			<trkpt lat="63.715843" lon="-149.261276">
				<ele>847.324524</ele>
				<time>2026-06-18T21:03:58Z</time>
			</trkpt>
			<trkpt lat="63.715874" lon="-149.261246">
				<ele>848.305176</ele>
				<time>2026-06-18T21:04:08Z</time>
			</trkpt>
			<trkpt lat="63.715874" lon="-149.261246">
				<ele>848.305176</ele>
				<time>2026-06-18T21:04:08Z</time>
			</trkpt>
			<trkpt lat="63.715851" lon="-149.261215">
				<ele>848.11969</ele>
				<time>2026-06-18T21:04:12Z</time>
			</trkpt>
			<trkpt lat="63.71582" lon="-149.261169">
				<ele>848.910156</ele>
				<time>2026-06-18T21:04:25Z</time>
			</trkpt>
			<trkpt lat="63.715855" lon="-149.2612">
				<ele>848.482666</ele>
				<time>2026-06-18T21:04:31Z</time>
			</trkpt>
			<trkpt lat="63.715881" lon="-149.261215">
				<ele>849.746094</ele>
				<time>2026-06-18T21:04:39Z</time>
			</trkpt>
			<trkpt lat="63.715881" lon="-149.261215">
				<ele>849.746094</ele>
				<time>2026-06-18T21:04:39Z</time>
			</trkpt>
			<trkpt lat="63.715904" lon="-149.261154">
				<ele>850.057495</ele>
				<time>2026-06-18T21:04:45Z</time>
			</trkpt>
			<trkpt lat="63.715939" lon="-149.261185">
				<ele>849.068787</ele>
				<time>2026-06-18T21:04:48Z</time>
			</trkpt>
			<trkpt lat="63.715984" lon="-149.261169">
				<ele>849.204346</ele>
				<time>2026-06-18T21:04:50Z</time>
			</trkpt>
			<trkpt lat="63.71603" lon="-149.261215">
				<ele>849.782227</ele>
				<time>2026-06-18T21:04:54Z</time>
			</trkpt>
			<trkpt lat="63.716072" lon="-149.261246">
				<ele>849.555237</ele>
				<time>2026-06-18T21:04:58Z</time>
			</trkpt>
			<trkpt lat="63.716072" lon="-149.261246">
				<ele>849.555237</ele>
				<time>2026-06-18T21:04:58Z</time>
			</trkpt>
			<trkpt lat="63.716103" lon="-149.26123">
				<ele>850.081177</ele>
				<time>2026-06-18T21:05:01Z</time>
			</trkpt>
			<trkpt lat="63.716137" lon="-149.2612">
				<ele>849.891357</ele>
				<time>2026-06-18T21:05:04Z</time>
			</trkpt>
			<trkpt lat="63.716167" lon="-149.261185">
				<ele>849.999756</ele>
				<time>2026-06-18T21:05:06Z</time>
			</trkpt>
			<trkpt lat="63.716206" lon="-149.261169">
				<ele>850.487671</ele>
				<time>2026-06-18T21:05:09Z</time>
			</trkpt>
			<trkpt lat="63.71624" lon="-149.261139">
				<ele>850.36615</ele>
				<time>2026-06-18T21:05:12Z</time>
			</trkpt>
			<trkpt lat="63.716278" lon="-149.261124">
				<ele>850.955017</ele>
				<time>2026-06-18T21:05:15Z</time>
			</trkpt>
			<trkpt lat="63.716301" lon="-149.261078">
				<ele>851.29303</ele>
				<time>2026-06-18T21:05:18Z</time>
			</trkpt>
			<trkpt lat="63.716301" lon="-149.261078">
				<ele>851.29303</ele>
				<time>2026-06-18T21:05:18Z</time>
			</trkpt>
			<trkpt lat="63.716324" lon="-149.261047">
				<ele>852.351685</ele>
				<time>2026-06-18T21:05:21Z</time>
			</trkpt>
			<trkpt lat="63.716347" lon="-149.261002">
				<ele>852.818054</ele>
				<time>2026-06-18T21:05:24Z</time>
			</trkpt>
			<trkpt lat="63.71637" lon="-149.261047">
				<ele>851.717285</ele>
				<time>2026-06-18T21:05:27Z</time>
			</trkpt>
			<trkpt lat="63.7164" lon="-149.261078">
				<ele>853.246826</ele>
				<time>2026-06-18T21:05:37Z</time>
			</trkpt>
			<trkpt lat="63.716377" lon="-149.261124">
				<ele>851.914856</ele>
				<time>2026-06-18T21:05:40Z</time>
			</trkpt>
			<trkpt lat="63.716377" lon="-149.261246">
				<ele>851.912537</ele>
				<time>2026-06-18T21:06:15Z</time>
			</trkpt>
			<trkpt lat="63.716377" lon="-149.261246">
				<ele>851.912537</ele>
				<time>2026-06-18T21:06:15Z</time>
			</trkpt>
			<trkpt lat="63.716339" lon="-149.261154">
				<ele>851.199463</ele>
				<time>2026-06-18T21:06:47Z</time>
			</trkpt>
			<trkpt lat="63.716339" lon="-149.261154">
				<ele>851.199463</ele>
				<time>2026-06-18T21:06:47Z</time>
			</trkpt>
			<trkpt lat="63.716366" lon="-149.261307">
				<ele>853.361145</ele>
				<time>2026-06-18T21:08:10Z</time>
			</trkpt>
			<trkpt lat="63.716366" lon="-149.261307">
				<ele>853.361145</ele>
				<time>2026-06-18T21:08:10Z</time>
			</trkpt>
			<trkpt lat="63.716362" lon="-149.261169">
				<ele>850.653137</ele>
				<time>2026-06-18T21:08:20Z</time>
			</trkpt>
			<trkpt lat="63.716366" lon="-149.261032">
				<ele>851.258484</ele>
				<time>2026-06-18T21:08:26Z</time>
			</trkpt>
			<trkpt lat="63.716377" lon="-149.260925">
				<ele>850.492493</ele>
				<time>2026-06-18T21:08:32Z</time>
			</trkpt>
			<trkpt lat="63.716377" lon="-149.260925">
				<ele>850.492493</ele>
				<time>2026-06-18T21:08:32Z</time>
			</trkpt>
			<trkpt lat="63.716415" lon="-149.260849">
				<ele>849.818359</ele>
				<time>2026-06-18T21:08:36Z</time>
			</trkpt>
			<trkpt lat="63.716434" lon="-149.260925">
				<ele>851.845459</ele>
				<time>2026-06-18T21:08:50Z</time>
			</trkpt>
			<trkpt lat="63.71645" lon="-149.260834">
				<ele>852.076172</ele>
				<time>2026-06-18T21:09:07Z</time>
			</trkpt>
			<trkpt lat="63.71645" lon="-149.260834">
				<ele>852.076172</ele>
				<time>2026-06-18T21:09:07Z</time>
			</trkpt>
			<trkpt lat="63.716465" lon="-149.260773">
				<ele>852.049622</ele>
				<time>2026-06-18T21:09:15Z</time>
			</trkpt>
			<trkpt lat="63.716499" lon="-149.260696">
				<ele>853.32074</ele>
				<time>2026-06-18T21:09:18Z</time>
			</trkpt>
			<trkpt lat="63.71653" lon="-149.26062">
				<ele>852.525269</ele>
				<time>2026-06-18T21:09:21Z</time>
			</trkpt>
			<trkpt lat="63.716564" lon="-149.260605">
				<ele>852.888733</ele>
				<time>2026-06-18T21:09:24Z</time>
			</trkpt>
			<trkpt lat="63.716595" lon="-149.260559">
				<ele>852.839233</ele>
				<time>2026-06-18T21:09:27Z</time>
			</trkpt>
			<trkpt lat="63.716595" lon="-149.260559">
				<ele>852.839233</ele>
				<time>2026-06-18T21:09:27Z</time>
			</trkpt>
			<trkpt lat="63.716629" lon="-149.260513">
				<ele>852.92572</ele>
				<time>2026-06-18T21:09:30Z</time>
			</trkpt>
			<trkpt lat="63.716656" lon="-149.260452">
				<ele>852.301575</ele>
				<time>2026-06-18T21:09:33Z</time>
			</trkpt>
			<trkpt lat="63.716679" lon="-149.260391">
				<ele>852.976868</ele>
				<time>2026-06-18T21:09:36Z</time>
			</trkpt>
			<trkpt lat="63.716705" lon="-149.260345">
				<ele>854.272156</ele>
				<time>2026-06-18T21:09:39Z</time>
			</trkpt>
			<trkpt lat="63.716717" lon="-149.260284">
				<ele>854.679626</ele>
				<time>2026-06-18T21:09:42Z</time>
			</trkpt>
			<trkpt lat="63.716732" lon="-149.260208">
				<ele>854.744446</ele>
				<time>2026-06-18T21:09:46Z</time>
			</trkpt>
			<trkpt lat="63.716732" lon="-149.260208">
				<ele>854.744446</ele>
				<time>2026-06-18T21:09:46Z</time>
			</trkpt>
			<trkpt lat="63.71674" lon="-149.260132">
				<ele>854.550903</ele>
				<time>2026-06-18T21:09:50Z</time>
			</trkpt>
			<trkpt lat="63.716724" lon="-149.260056">
				<ele>854.634827</ele>
				<time>2026-06-18T21:09:53Z</time>
			</trkpt>
			<trkpt lat="63.716728" lon="-149.259979">
				<ele>854.731995</ele>
				<time>2026-06-18T21:09:56Z</time>
			</trkpt>
			<trkpt lat="63.716713" lon="-149.259918">
				<ele>854.600281</ele>
				<time>2026-06-18T21:09:58Z</time>
			</trkpt>
			<trkpt lat="63.716717" lon="-149.259827">
				<ele>854.186035</ele>
				<time>2026-06-18T21:10:01Z</time>
			</trkpt>
			<trkpt lat="63.716675" lon="-149.25972">
				<ele>854.672424</ele>
				<time>2026-06-18T21:10:07Z</time>
			</trkpt>
			<trkpt lat="63.716675" lon="-149.25972">
				<ele>854.672424</ele>
				<time>2026-06-18T21:10:07Z</time>
			</trkpt>
			<trkpt lat="63.716667" lon="-149.259659">
				<ele>853.678162</ele>
				<time>2026-06-18T21:10:09Z</time>
			</trkpt>
			<trkpt lat="63.716656" lon="-149.259598">
				<ele>853.704163</ele>
				<time>2026-06-18T21:10:11Z</time>
			</trkpt>
			<trkpt lat="63.716637" lon="-149.259552">
				<ele>853.55249</ele>
				<time>2026-06-18T21:10:13Z</time>
			</trkpt>
			<trkpt lat="63.716614" lon="-149.259476">
				<ele>853.382385</ele>
				<time>2026-06-18T21:10:16Z</time>
			</trkpt>
			<trkpt lat="63.716591" lon="-149.259445">
				<ele>854.620544</ele>
				<time>2026-06-18T21:10:18Z</time>
			</trkpt>
			<trkpt lat="63.716576" lon="-149.259399">
				<ele>854.335938</ele>
				<time>2026-06-18T21:10:20Z</time>
			</trkpt>
			<trkpt lat="63.71656" lon="-149.259354">
				<ele>853.653687</ele>
				<time>2026-06-18T21:10:22Z</time>
			</trkpt>
			<trkpt lat="63.716549" lon="-149.259308">
				<ele>853.611877</ele>
				<time>2026-06-18T21:10:24Z</time>
			</trkpt>
			<trkpt lat="63.716537" lon="-149.259247">
				<ele>852.666809</ele>
				<time>2026-06-18T21:10:26Z</time>
			</trkpt>
			<trkpt lat="63.716537" lon="-149.259247">
				<ele>852.666809</ele>
				<time>2026-06-18T21:10:26Z</time>
			</trkpt>
			<trkpt lat="63.716526" lon="-149.259171">
				<ele>851.580444</ele>
				<time>2026-06-18T21:10:29Z</time>
			</trkpt>
			<trkpt lat="63.716518" lon="-149.259109">
				<ele>851.686279</ele>
				<time>2026-06-18T21:10:31Z</time>
			</trkpt>
			<trkpt lat="63.716522" lon="-149.259048">
				<ele>851.918213</ele>
				<time>2026-06-18T21:10:33Z</time>
			</trkpt>
			<trkpt lat="63.716526" lon="-149.259003">
				<ele>852.329773</ele>
				<time>2026-06-18T21:10:35Z</time>
			</trkpt>
			<trkpt lat="63.716545" lon="-149.258942">
				<ele>852.796509</ele>
				<time>2026-06-18T21:10:37Z</time>
			</trkpt>
			<trkpt lat="63.716572" lon="-149.258896">
				<ele>851.803345</ele>
				<time>2026-06-18T21:10:39Z</time>
			</trkpt>
			<trkpt lat="63.716595" lon="-149.258865">
				<ele>852.72937</ele>
				<time>2026-06-18T21:10:41Z</time>
			</trkpt>
			<trkpt lat="63.716618" lon="-149.25882">
				<ele>853.177246</ele>
				<time>2026-06-18T21:10:43Z</time>
			</trkpt>
			<trkpt lat="63.71664" lon="-149.258789">
				<ele>854.353394</ele>
				<time>2026-06-18T21:10:45Z</time>
			</trkpt>
			<trkpt lat="63.71664" lon="-149.258789">
				<ele>854.353394</ele>
				<time>2026-06-18T21:10:45Z</time>
			</trkpt>
			<trkpt lat="63.716679" lon="-149.258698">
				<ele>855.77002</ele>
				<time>2026-06-18T21:10:49Z</time>
			</trkpt>
			<trkpt lat="63.71669" lon="-149.258636">
				<ele>854.243042</ele>
				<time>2026-06-18T21:10:53Z</time>
			</trkpt>
			<trkpt lat="63.716698" lon="-149.258575">
				<ele>853.937866</ele>
				<time>2026-06-18T21:10:55Z</time>
			</trkpt>
			<trkpt lat="63.716709" lon="-149.25853">
				<ele>853.784973</ele>
				<time>2026-06-18T21:10:57Z</time>
			</trkpt>
			<trkpt lat="63.716721" lon="-149.258484">
				<ele>852.848206</ele>
				<time>2026-06-18T21:11:00Z</time>
			</trkpt>
			<trkpt lat="63.71674" lon="-149.258438">
				<ele>853.842896</ele>
				<time>2026-06-18T21:11:02Z</time>
			</trkpt>
			<trkpt lat="63.716763" lon="-149.258408">
				<ele>853.983643</ele>
				<time>2026-06-18T21:11:04Z</time>
			</trkpt>
			<trkpt lat="63.716763" lon="-149.258408">
				<ele>853.983643</ele>
				<time>2026-06-18T21:11:04Z</time>
			</trkpt>
			<trkpt lat="63.716816" lon="-149.258347">
				<ele>855.429504</ele>
				<time>2026-06-18T21:11:09Z</time>
			</trkpt>
			<trkpt lat="63.716839" lon="-149.258331">
				<ele>855.800354</ele>
				<time>2026-06-18T21:11:11Z</time>
			</trkpt>
			<trkpt lat="63.716854" lon="-149.258286">
				<ele>855.295288</ele>
				<time>2026-06-18T21:11:13Z</time>
			</trkpt>
			<trkpt lat="63.716885" lon="-149.25824">
				<ele>856.607361</ele>
				<time>2026-06-18T21:11:17Z</time>
			</trkpt>
			<trkpt lat="63.716911" lon="-149.258194">
				<ele>856.478943</ele>
				<time>2026-06-18T21:11:19Z</time>
			</trkpt>
			<trkpt lat="63.716934" lon="-149.258118">
				<ele>857.282837</ele>
				<time>2026-06-18T21:11:22Z</time>
			</trkpt>
			<trkpt lat="63.716957" lon="-149.258072">
				<ele>857.60614</ele>
				<time>2026-06-18T21:11:25Z</time>
			</trkpt>
			<trkpt lat="63.716957" lon="-149.258072">
				<ele>857.60614</ele>
				<time>2026-06-18T21:11:25Z</time>
			</trkpt>
			<trkpt lat="63.71698" lon="-149.258026">
				<ele>858.074524</ele>
				<time>2026-06-18T21:11:27Z</time>
			</trkpt>
			<trkpt lat="63.717007" lon="-149.257965">
				<ele>858.267212</ele>
				<time>2026-06-18T21:11:30Z</time>
			</trkpt>
			<trkpt lat="63.717041" lon="-149.257919">
				<ele>858.318787</ele>
				<time>2026-06-18T21:11:33Z</time>
			</trkpt>
			<trkpt lat="63.717068" lon="-149.257889">
				<ele>858.12384</ele>
				<time>2026-06-18T21:11:36Z</time>
			</trkpt>
			<trkpt lat="63.717094" lon="-149.257874">
				<ele>858.07959</ele>
				<time>2026-06-18T21:11:38Z</time>
			</trkpt>
			<trkpt lat="63.717117" lon="-149.257843">
				<ele>857.861816</ele>
				<time>2026-06-18T21:11:40Z</time>
			</trkpt>
			<trkpt lat="63.717144" lon="-149.257813">
				<ele>857.453308</ele>
				<time>2026-06-18T21:11:43Z</time>
			</trkpt>
			<trkpt lat="63.717175" lon="-149.257751">
				<ele>856.632202</ele>
				<time>2026-06-18T21:11:46Z</time>
			</trkpt>
			<trkpt lat="63.717175" lon="-149.257751">
				<ele>856.632202</ele>
				<time>2026-06-18T21:11:46Z</time>
			</trkpt>
			<trkpt lat="63.717197" lon="-149.257736">
				<ele>856.548706</ele>
				<time>2026-06-18T21:11:48Z</time>
			</trkpt>
			<trkpt lat="63.717224" lon="-149.25769">
				<ele>856.740662</ele>
				<time>2026-06-18T21:11:51Z</time>
			</trkpt>
			<trkpt lat="63.717239" lon="-149.257629">
				<ele>856.49823</ele>
				<time>2026-06-18T21:11:53Z</time>
			</trkpt>
			<trkpt lat="63.717274" lon="-149.257599">
				<ele>857.009583</ele>
				<time>2026-06-18T21:11:56Z</time>
			</trkpt>
			<trkpt lat="63.717285" lon="-149.257553">
				<ele>858.54187</ele>
				<time>2026-06-18T21:11:58Z</time>
			</trkpt>
			<trkpt lat="63.717312" lon="-149.257507">
				<ele>858.516174</ele>
				<time>2026-06-18T21:12:01Z</time>
			</trkpt>
			<trkpt lat="63.717319" lon="-149.257446">
				<ele>857.839233</ele>
				<time>2026-06-18T21:12:03Z</time>
			</trkpt>
			<trkpt lat="63.71735" lon="-149.257401">
				<ele>858.261108</ele>
				<time>2026-06-18T21:12:06Z</time>
			</trkpt>
			<trkpt lat="63.71735" lon="-149.257401">
				<ele>858.261108</ele>
				<time>2026-06-18T21:12:06Z</time>
			</trkpt>
			<trkpt lat="63.717369" lon="-149.257355">
				<ele>858.432434</ele>
				<time>2026-06-18T21:12:08Z</time>
			</trkpt>
			<trkpt lat="63.717392" lon="-149.257309">
				<ele>859.35376</ele>
				<time>2026-06-18T21:12:11Z</time>
			</trkpt>
			<trkpt lat="63.717403" lon="-149.257263">
				<ele>858.816589</ele>
				<time>2026-06-18T21:12:13Z</time>
			</trkpt>
			<trkpt lat="63.717411" lon="-149.257202">
				<ele>859.31427</ele>
				<time>2026-06-18T21:12:15Z</time>
			</trkpt>
			<trkpt lat="63.717434" lon="-149.257141">
				<ele>859.216309</ele>
				<time>2026-06-18T21:12:18Z</time>
			</trkpt>
			<trkpt lat="63.717449" lon="-149.257095">
				<ele>859.092285</ele>
				<time>2026-06-18T21:12:20Z</time>
			</trkpt>
			<trkpt lat="63.717464" lon="-149.257034">
				<ele>858.867676</ele>
				<time>2026-06-18T21:12:22Z</time>
			</trkpt>
			<trkpt lat="63.71748" lon="-149.256989">
				<ele>859.128113</ele>
				<time>2026-06-18T21:12:24Z</time>
			</trkpt>
			<trkpt lat="63.717495" lon="-149.256943">
				<ele>859.215332</ele>
				<time>2026-06-18T21:12:26Z</time>
			</trkpt>
			<trkpt lat="63.717495" lon="-149.256943">
				<ele>859.215332</ele>
				<time>2026-06-18T21:12:26Z</time>
			</trkpt>
			<trkpt lat="63.717503" lon="-149.256882">
				<ele>859.965881</ele>
				<time>2026-06-18T21:12:28Z</time>
			</trkpt>
			<trkpt lat="63.717525" lon="-149.256821">
				<ele>859.954834</ele>
				<time>2026-06-18T21:12:31Z</time>
			</trkpt>
			<trkpt lat="63.717556" lon="-149.25676">
				<ele>861.064636</ele>
				<time>2026-06-18T21:12:34Z</time>
			</trkpt>
			<trkpt lat="63.717583" lon="-149.256714">
				<ele>860.061401</ele>
				<time>2026-06-18T21:12:37Z</time>
			</trkpt>
			<trkpt lat="63.717587" lon="-149.256638">
				<ele>861.204895</ele>
				<time>2026-06-18T21:12:40Z</time>
			</trkpt>
			<trkpt lat="63.717598" lon="-149.256577">
				<ele>861.690125</ele>
				<time>2026-06-18T21:12:43Z</time>
			</trkpt>
			<trkpt lat="63.717617" lon="-149.256546">
				<ele>861.760803</ele>
				<time>2026-06-18T21:12:45Z</time>
			</trkpt>
			<trkpt lat="63.717617" lon="-149.256546">
				<ele>861.760803</ele>
				<time>2026-06-18T21:12:45Z</time>
			</trkpt>
			<trkpt lat="63.717644" lon="-149.256516">
				<ele>862.540649</ele>
				<time>2026-06-18T21:12:47Z</time>
			</trkpt>
			<trkpt lat="63.717667" lon="-149.2565">
				<ele>861.981018</ele>
				<time>2026-06-18T21:12:50Z</time>
			</trkpt>
			<trkpt lat="63.717697" lon="-149.2565">
				<ele>861.402344</ele>
				<time>2026-06-18T21:12:53Z</time>
			</trkpt>
			<trkpt lat="63.717728" lon="-149.25647">
				<ele>860.747009</ele>
				<time>2026-06-18T21:12:56Z</time>
			</trkpt>
			<trkpt lat="63.717758" lon="-149.256424">
				<ele>860.59967</ele>
				<time>2026-06-18T21:12:59Z</time>
			</trkpt>
			<trkpt lat="63.717785" lon="-149.256363">
				<ele>860.771729</ele>
				<time>2026-06-18T21:13:02Z</time>
			</trkpt>
			<trkpt lat="63.717808" lon="-149.256317">
				<ele>860.866455</ele>
				<time>2026-06-18T21:13:05Z</time>
			</trkpt>
			<trkpt lat="63.717808" lon="-149.256317">
				<ele>860.866455</ele>
				<time>2026-06-18T21:13:05Z</time>
			</trkpt>
			<trkpt lat="63.717827" lon="-149.256287">
				<ele>860.418152</ele>
				<time>2026-06-18T21:13:07Z</time>
			</trkpt>
			<trkpt lat="63.717846" lon="-149.256104">
				<ele>861.633362</ele>
				<time>2026-06-18T21:14:10Z</time>
			</trkpt>
			<trkpt lat="63.717846" lon="-149.256104">
				<ele>861.633362</ele>
				<time>2026-06-18T21:14:10Z</time>
			</trkpt>
			<trkpt lat="63.71785" lon="-149.255966">
				<ele>863.473511</ele>
				<time>2026-06-18T21:14:18Z</time>
			</trkpt>
			<trkpt lat="63.717823" lon="-149.255859">
				<ele>863.413269</ele>
				<time>2026-06-18T21:14:23Z</time>
			</trkpt>
			<trkpt lat="63.717823" lon="-149.255768">
				<ele>864.108704</ele>
				<time>2026-06-18T21:14:27Z</time>
			</trkpt>
			<trkpt lat="63.717789" lon="-149.255676">
				<ele>863.784668</ele>
				<time>2026-06-18T21:14:32Z</time>
			</trkpt>
			<trkpt lat="63.717789" lon="-149.255676">
				<ele>863.784668</ele>
				<time>2026-06-18T21:14:32Z</time>
			</trkpt>
			<trkpt lat="63.717773" lon="-149.255585">
				<ele>864.406494</ele>
				<time>2026-06-18T21:14:36Z</time>
			</trkpt>
			<trkpt lat="63.717762" lon="-149.255493">
				<ele>863.490173</ele>
				<time>2026-06-18T21:14:39Z</time>
			</trkpt>
			<trkpt lat="63.717747" lon="-149.255402">
				<ele>863.327087</ele>
				<time>2026-06-18T21:14:43Z</time>
			</trkpt>
			<trkpt lat="63.717751" lon="-149.25531">
				<ele>864.044312</ele>
				<time>2026-06-18T21:14:47Z</time>
			</trkpt>
			<trkpt lat="63.717747" lon="-149.255203">
				<ele>862.737366</ele>
				<time>2026-06-18T21:14:50Z</time>
			</trkpt>
			<trkpt lat="63.717728" lon="-149.255112">
				<ele>863.056824</ele>
				<time>2026-06-18T21:14:53Z</time>
			</trkpt>
			<trkpt lat="63.717728" lon="-149.255112">
				<ele>863.056824</ele>
				<time>2026-06-18T21:14:53Z</time>
			</trkpt>
			<trkpt lat="63.717743" lon="-149.255051">
				<ele>863.389832</ele>
				<time>2026-06-18T21:14:56Z</time>
			</trkpt>
			<trkpt lat="63.717724" lon="-149.254959">
				<ele>863.395935</ele>
				<time>2026-06-18T21:15:00Z</time>
			</trkpt>
			<trkpt lat="63.717701" lon="-149.254898">
				<ele>863.457947</ele>
				<time>2026-06-18T21:15:03Z</time>
			</trkpt>
			<trkpt lat="63.717682" lon="-149.254837">
				<ele>862.866943</ele>
				<time>2026-06-18T21:15:06Z</time>
			</trkpt>
			<trkpt lat="63.717648" lon="-149.254791">
				<ele>863.142456</ele>
				<time>2026-06-18T21:15:09Z</time>
			</trkpt>
			<trkpt lat="63.717625" lon="-149.25473">
				<ele>862.810913</ele>
				<time>2026-06-18T21:15:12Z</time>
			</trkpt>
			<trkpt lat="63.717625" lon="-149.25473">
				<ele>862.810913</ele>
				<time>2026-06-18T21:15:12Z</time>
			</trkpt>
			<trkpt lat="63.717598" lon="-149.254669">
				<ele>863.024902</ele>
				<time>2026-06-18T21:15:15Z</time>
			</trkpt>
			<trkpt lat="63.717575" lon="-149.254593">
				<ele>863.975342</ele>
				<time>2026-06-18T21:15:18Z</time>
			</trkpt>
			<trkpt lat="63.71756" lon="-149.254501">
				<ele>863.207825</ele>
				<time>2026-06-18T21:15:21Z</time>
			</trkpt>
			<trkpt lat="63.717537" lon="-149.254456">
				<ele>862.045471</ele>
				<time>2026-06-18T21:15:24Z</time>
			</trkpt>
			<trkpt lat="63.71751" lon="-149.254395">
				<ele>863.148193</ele>
				<time>2026-06-18T21:15:27Z</time>
			</trkpt>
			<trkpt lat="63.717499" lon="-149.254333">
				<ele>862.848328</ele>
				<time>2026-06-18T21:15:30Z</time>
			</trkpt>
			<trkpt lat="63.71748" lon="-149.254272">
				<ele>862.223145</ele>
				<time>2026-06-18T21:15:33Z</time>
			</trkpt>
			<trkpt lat="63.71748" lon="-149.254272">
				<ele>862.223145</ele>
				<time>2026-06-18T21:15:33Z</time>
			</trkpt>
			<trkpt lat="63.717457" lon="-149.254211">
				<ele>862.2948</ele>
				<time>2026-06-18T21:15:36Z</time>
			</trkpt>
			<trkpt lat="63.717449" lon="-149.254135">
				<ele>863.143616</ele>
				<time>2026-06-18T21:15:39Z</time>
			</trkpt>
			<trkpt lat="63.717438" lon="-149.254059">
				<ele>863.266541</ele>
				<time>2026-06-18T21:15:43Z</time>
			</trkpt>
			<trkpt lat="63.71743" lon="-149.253967">
				<ele>862.979187</ele>
				<time>2026-06-18T21:15:46Z</time>
			</trkpt>
			<trkpt lat="63.717411" lon="-149.253906">
				<ele>862.650513</ele>
				<time>2026-06-18T21:15:49Z</time>
			</trkpt>
			<trkpt lat="63.717396" lon="-149.253845">
				<ele>861.680115</ele>
				<time>2026-06-18T21:15:52Z</time>
			</trkpt>
			<trkpt lat="63.717396" lon="-149.253845">
				<ele>861.680115</ele>
				<time>2026-06-18T21:15:52Z</time>
			</trkpt>
			<trkpt lat="63.717373" lon="-149.253769">
				<ele>860.938965</ele>
				<time>2026-06-18T21:15:55Z</time>
			</trkpt>
			<trkpt lat="63.717361" lon="-149.253693">
				<ele>860.163513</ele>
				<time>2026-06-18T21:15:58Z</time>
			</trkpt>
			<trkpt lat="63.717331" lon="-149.253632">
				<ele>860.65741</ele>
				<time>2026-06-18T21:16:01Z</time>
			</trkpt>
			<trkpt lat="63.71727" lon="-149.253555">
				<ele>860.604004</ele>
				<time>2026-06-18T21:16:07Z</time>
			</trkpt>
			<trkpt lat="63.717247" lon="-149.253479">
				<ele>859.864868</ele>
				<time>2026-06-18T21:16:10Z</time>
			</trkpt>
			<trkpt lat="63.717224" lon="-149.253418">
				<ele>859.702332</ele>
				<time>2026-06-18T21:16:13Z</time>
			</trkpt>
			<trkpt lat="63.717224" lon="-149.253418">
				<ele>859.702332</ele>
				<time>2026-06-18T21:16:13Z</time>
			</trkpt>
			<trkpt lat="63.717209" lon="-149.253357">
				<ele>859.778625</ele>
				<time>2026-06-18T21:16:17Z</time>
			</trkpt>
			<trkpt lat="63.717194" lon="-149.253296">
				<ele>860.336182</ele>
				<time>2026-06-18T21:16:20Z</time>
			</trkpt>
			<trkpt lat="63.717194" lon="-149.253235">
				<ele>860.861633</ele>
				<time>2026-06-18T21:16:23Z</time>
			</trkpt>
			<trkpt lat="63.717209" lon="-149.253143">
				<ele>861.321899</ele>
				<time>2026-06-18T21:16:25Z</time>
			</trkpt>
			<trkpt lat="63.717247" lon="-149.253143">
				<ele>861.13446</ele>
				<time>2026-06-18T21:16:28Z</time>
			</trkpt>
			<trkpt lat="63.717274" lon="-149.253128">
				<ele>862.189636</ele>
				<time>2026-06-18T21:16:30Z</time>
			</trkpt>
			<trkpt lat="63.7173" lon="-149.253113">
				<ele>862.063721</ele>
				<time>2026-06-18T21:16:32Z</time>
			</trkpt>
			<trkpt lat="63.7173" lon="-149.253113">
				<ele>862.063721</ele>
				<time>2026-06-18T21:16:32Z</time>
			</trkpt>
			<trkpt lat="63.717323" lon="-149.253067">
				<ele>862.25946</ele>
				<time>2026-06-18T21:16:34Z</time>
			</trkpt>
			<trkpt lat="63.71735" lon="-149.253036">
				<ele>861.857605</ele>
				<time>2026-06-18T21:16:38Z</time>
			</trkpt>
			<trkpt lat="63.717377" lon="-149.253006">
				<ele>863.1604</ele>
				<time>2026-06-18T21:16:41Z</time>
			</trkpt>
			<trkpt lat="63.717396" lon="-149.252945">
				<ele>863.347351</ele>
				<time>2026-06-18T21:16:44Z</time>
			</trkpt>
			<trkpt lat="63.717419" lon="-149.252899">
				<ele>863.958191</ele>
				<time>2026-06-18T21:16:47Z</time>
			</trkpt>
			<trkpt lat="63.717445" lon="-149.252853">
				<ele>864.363831</ele>
				<time>2026-06-18T21:16:49Z</time>
			</trkpt>
			<trkpt lat="63.71748" lon="-149.252869">
				<ele>864.602051</ele>
				<time>2026-06-18T21:16:51Z</time>
			</trkpt>
			<trkpt lat="63.71748" lon="-149.252869">
				<ele>864.602051</ele>
				<time>2026-06-18T21:16:51Z</time>
			</trkpt>
			<trkpt lat="63.717506" lon="-149.252808">
				<ele>864.928223</ele>
				<time>2026-06-18T21:16:54Z</time>
			</trkpt>
			<trkpt lat="63.717541" lon="-149.252808">
				<ele>864.122742</ele>
				<time>2026-06-18T21:16:57Z</time>
			</trkpt>
			<trkpt lat="63.717571" lon="-149.252777">
				<ele>864.194153</ele>
				<time>2026-06-18T21:17:00Z</time>
			</trkpt>
			<trkpt lat="63.717594" lon="-149.252747">
				<ele>863.391541</ele>
				<time>2026-06-18T21:17:03Z</time>
			</trkpt>
			<trkpt lat="63.717625" lon="-149.252716">
				<ele>863.799622</ele>
				<time>2026-06-18T21:17:06Z</time>
			</trkpt>
			<trkpt lat="63.717667" lon="-149.252701">
				<ele>863.808411</ele>
				<time>2026-06-18T21:17:09Z</time>
			</trkpt>
			<trkpt lat="63.717693" lon="-149.25267">
				<ele>864.288757</ele>
				<time>2026-06-18T21:17:12Z</time>
			</trkpt>
			<trkpt lat="63.717693" lon="-149.25267">
				<ele>864.288757</ele>
				<time>2026-06-18T21:17:12Z</time>
			</trkpt>
			<trkpt lat="63.717724" lon="-149.25267">
				<ele>864.091492</ele>
				<time>2026-06-18T21:17:14Z</time>
			</trkpt>
			<trkpt lat="63.717751" lon="-149.25264">
				<ele>864.193848</ele>
				<time>2026-06-18T21:17:17Z</time>
			</trkpt>
			<trkpt lat="63.717785" lon="-149.252625">
				<ele>864.039612</ele>
				<time>2026-06-18T21:17:20Z</time>
			</trkpt>
			<trkpt lat="63.717815" lon="-149.252594">
				<ele>864.851074</ele>
				<time>2026-06-18T21:17:23Z</time>
			</trkpt>
			<trkpt lat="63.717834" lon="-149.252548">
				<ele>865.155396</ele>
				<time>2026-06-18T21:17:25Z</time>
			</trkpt>
			<trkpt lat="63.717857" lon="-149.252502">
				<ele>864.311401</ele>
				<time>2026-06-18T21:17:28Z</time>
			</trkpt>
			<trkpt lat="63.71788" lon="-149.252441">
				<ele>864.54364</ele>
				<time>2026-06-18T21:17:31Z</time>
			</trkpt>
			<trkpt lat="63.71788" lon="-149.252441">
				<ele>864.54364</ele>
				<time>2026-06-18T21:17:31Z</time>
			</trkpt>
			<trkpt lat="63.717892" lon="-149.25238">
				<ele>864.202148</ele>
				<time>2026-06-18T21:17:33Z</time>
			</trkpt>
			<trkpt lat="63.717911" lon="-149.252304">
				<ele>864.592346</ele>
				<time>2026-06-18T21:17:36Z</time>
			</trkpt>
			<trkpt lat="63.717941" lon="-149.252258">
				<ele>864.708374</ele>
				<time>2026-06-18T21:17:39Z</time>
			</trkpt>
			<trkpt lat="63.717964" lon="-149.252213">
				<ele>864.342651</ele>
				<time>2026-06-18T21:17:42Z</time>
			</trkpt>
			<trkpt lat="63.717979" lon="-149.252151">
				<ele>864.098694</ele>
				<time>2026-06-18T21:17:45Z</time>
			</trkpt>
			<trkpt lat="63.71801" lon="-149.252014">
				<ele>865.734314</ele>
				<time>2026-06-18T21:17:51Z</time>
			</trkpt>
			<trkpt lat="63.71801" lon="-149.252014">
				<ele>865.734314</ele>
				<time>2026-06-18T21:17:51Z</time>
			</trkpt>
			<trkpt lat="63.718029" lon="-149.251938">
				<ele>866.043762</ele>
				<time>2026-06-18T21:17:54Z</time>
			</trkpt>
			<trkpt lat="63.71806" lon="-149.251938">
				<ele>865.089844</ele>
				<time>2026-06-18T21:18:00Z</time>
			</trkpt>
			<trkpt lat="63.718067" lon="-149.251862">
				<ele>865.193115</ele>
				<time>2026-06-18T21:18:02Z</time>
			</trkpt>
			<trkpt lat="63.718079" lon="-149.251801">
				<ele>866.334106</ele>
				<time>2026-06-18T21:18:05Z</time>
			</trkpt>
			<trkpt lat="63.718098" lon="-149.251648">
				<ele>867.572693</ele>
				<time>2026-06-18T21:18:11Z</time>
			</trkpt>
			<trkpt lat="63.718098" lon="-149.251648">
				<ele>867.572693</ele>
				<time>2026-06-18T21:18:11Z</time>
			</trkpt>
			<trkpt lat="63.718109" lon="-149.251602">
				<ele>867.967896</ele>
				<time>2026-06-18T21:18:13Z</time>
			</trkpt>
			<trkpt lat="63.718128" lon="-149.251526">
				<ele>867.389526</ele>
				<time>2026-06-18T21:18:15Z</time>
			</trkpt>
			<trkpt lat="63.718155" lon="-149.251495">
				<ele>868.094727</ele>
				<time>2026-06-18T21:18:18Z</time>
			</trkpt>
			<trkpt lat="63.718178" lon="-149.251434">
				<ele>867.971924</ele>
				<time>2026-06-18T21:18:21Z</time>
			</trkpt>
			<trkpt lat="63.718204" lon="-149.251404">
				<ele>867.742981</ele>
				<time>2026-06-18T21:18:24Z</time>
			</trkpt>
			<trkpt lat="63.718235" lon="-149.251373">
				<ele>868.205994</ele>
				<time>2026-06-18T21:18:27Z</time>
			</trkpt>
			<trkpt lat="63.718266" lon="-149.251373">
				<ele>868.610413</ele>
				<time>2026-06-18T21:18:29Z</time>
			</trkpt>
			<trkpt lat="63.718296" lon="-149.251404">
				<ele>868.534973</ele>
				<time>2026-06-18T21:18:31Z</time>
			</trkpt>
			<trkpt lat="63.718296" lon="-149.251404">
				<ele>868.534973</ele>
				<time>2026-06-18T21:18:31Z</time>
			</trkpt>
			<trkpt lat="63.718327" lon="-149.251434">
				<ele>867.666321</ele>
				<time>2026-06-18T21:18:34Z</time>
			</trkpt>
			<trkpt lat="63.718353" lon="-149.251434">
				<ele>868.169067</ele>
				<time>2026-06-18T21:18:37Z</time>
			</trkpt>
			<trkpt lat="63.718376" lon="-149.25148">
				<ele>868.129211</ele>
				<time>2026-06-18T21:18:39Z</time>
			</trkpt>
			<trkpt lat="63.718407" lon="-149.251465">
				<ele>868.264954</ele>
				<time>2026-06-18T21:18:42Z</time>
			</trkpt>
			<trkpt lat="63.718433" lon="-149.251495">
				<ele>867.99646</ele>
				<time>2026-06-18T21:18:44Z</time>
			</trkpt>
			<trkpt lat="63.71846" lon="-149.251465">
				<ele>868.819641</ele>
				<time>2026-06-18T21:18:47Z</time>
			</trkpt>
			<trkpt lat="63.718487" lon="-149.251434">
				<ele>868.964417</ele>
				<time>2026-06-18T21:18:49Z</time>
			</trkpt>
			<trkpt lat="63.718517" lon="-149.251434">
				<ele>869.164673</ele>
				<time>2026-06-18T21:18:52Z</time>
			</trkpt>
			<trkpt lat="63.718517" lon="-149.251434">
				<ele>869.164673</ele>
				<time>2026-06-18T21:18:52Z</time>
			</trkpt>
			<trkpt lat="63.71854" lon="-149.25148">
				<ele>870.031677</ele>
				<time>2026-06-18T21:18:55Z</time>
			</trkpt>
			<trkpt lat="63.718567" lon="-149.251526">
				<ele>869.832031</ele>
				<time>2026-06-18T21:18:58Z</time>
			</trkpt>
			<trkpt lat="63.71859" lon="-149.251587">
				<ele>869.192749</ele>
				<time>2026-06-18T21:19:00Z</time>
			</trkpt>
			<trkpt lat="63.718613" lon="-149.251648">
				<ele>868.957703</ele>
				<time>2026-06-18T21:19:03Z</time>
			</trkpt>
			<trkpt lat="63.718639" lon="-149.251694">
				<ele>868.982544</ele>
				<time>2026-06-18T21:19:06Z</time>
			</trkpt>
			<trkpt lat="63.718666" lon="-149.251694">
				<ele>869.677551</ele>
				<time>2026-06-18T21:19:09Z</time>
			</trkpt>
			<trkpt lat="63.718693" lon="-149.251678">
				<ele>869.216003</ele>
				<time>2026-06-18T21:19:11Z</time>
			</trkpt>
			<trkpt lat="63.718693" lon="-149.251678">
				<ele>869.216003</ele>
				<time>2026-06-18T21:19:11Z</time>
			</trkpt>
			<trkpt lat="63.718746" lon="-149.251602">
				<ele>871.966919</ele>
				<time>2026-06-18T21:19:17Z</time>
			</trkpt>
			<trkpt lat="63.718769" lon="-149.251541">
				<ele>872.140625</ele>
				<time>2026-06-18T21:19:20Z</time>
			</trkpt>
			<trkpt lat="63.718796" lon="-149.251511">
				<ele>872.082886</ele>
				<time>2026-06-18T21:19:22Z</time>
			</trkpt>
			<trkpt lat="63.718822" lon="-149.251465">
				<ele>871.72406</ele>
				<time>2026-06-18T21:19:25Z</time>
			</trkpt>
			<trkpt lat="63.718845" lon="-149.251434">
				<ele>871.234375</ele>
				<time>2026-06-18T21:19:28Z</time>
			</trkpt>
			<trkpt lat="63.718849" lon="-149.251358">
				<ele>871.970337</ele>
				<time>2026-06-18T21:19:31Z</time>
			</trkpt>
			<trkpt lat="63.718849" lon="-149.251358">
				<ele>871.970337</ele>
				<time>2026-06-18T21:19:31Z</time>
			</trkpt>
			<trkpt lat="63.718864" lon="-149.251282">
				<ele>872.823425</ele>
				<time>2026-06-18T21:19:34Z</time>
			</trkpt>
			<trkpt lat="63.718884" lon="-149.251221">
				<ele>872.813782</ele>
				<time>2026-06-18T21:19:38Z</time>
			</trkpt>
			<trkpt lat="63.71891" lon="-149.251205">
				<ele>872.207947</ele>
				<time>2026-06-18T21:19:41Z</time>
			</trkpt>
			<trkpt lat="63.718925" lon="-149.251144">
				<ele>872.337708</ele>
				<time>2026-06-18T21:19:43Z</time>
			</trkpt>
			<trkpt lat="63.718933" lon="-149.251083">
				<ele>871.381775</ele>
				<time>2026-06-18T21:19:45Z</time>
			</trkpt>
			<trkpt lat="63.718941" lon="-149.251022">
				<ele>871.772644</ele>
				<time>2026-06-18T21:19:47Z</time>
			</trkpt>
			<trkpt lat="63.71896" lon="-149.250977">
				<ele>873.441589</ele>
				<time>2026-06-18T21:19:49Z</time>
			</trkpt>
			<trkpt lat="63.718998" lon="-149.250992">
				<ele>873.360718</ele>
				<time>2026-06-18T21:19:51Z</time>
			</trkpt>
			<trkpt lat="63.718998" lon="-149.250992">
				<ele>873.360718</ele>
				<time>2026-06-18T21:19:51Z</time>
			</trkpt>
			<trkpt lat="63.719028" lon="-149.251022">
				<ele>873.183838</ele>
				<time>2026-06-18T21:19:53Z</time>
			</trkpt>
			<trkpt lat="63.719051" lon="-149.251068">
				<ele>873.308411</ele>
				<time>2026-06-18T21:19:55Z</time>
			</trkpt>
			<trkpt lat="63.719082" lon="-149.251114">
				<ele>873.973877</ele>
				<time>2026-06-18T21:19:58Z</time>
			</trkpt>
			<trkpt lat="63.719109" lon="-149.251266">
				<ele>873.106018</ele>
				<time>2026-06-18T21:20:03Z</time>
			</trkpt>
			<trkpt lat="63.719143" lon="-149.251312">
				<ele>873.542542</ele>
				<time>2026-06-18T21:20:06Z</time>
			</trkpt>
			<trkpt lat="63.71917" lon="-149.251358">
				<ele>872.984924</ele>
				<time>2026-06-18T21:20:09Z</time>
			</trkpt>
			<trkpt lat="63.719185" lon="-149.251434">
				<ele>872.646362</ele>
				<time>2026-06-18T21:20:12Z</time>
			</trkpt>
			<trkpt lat="63.719185" lon="-149.251434">
				<ele>872.646362</ele>
				<time>2026-06-18T21:20:12Z</time>
			</trkpt>
			<trkpt lat="63.719215" lon="-149.251465">
				<ele>873.094238</ele>
				<time>2026-06-18T21:20:16Z</time>
			</trkpt>
			<trkpt lat="63.719238" lon="-149.251526">
				<ele>872.35437</ele>
				<time>2026-06-18T21:20:19Z</time>
			</trkpt>
			<trkpt lat="63.71928" lon="-149.251648">
				<ele>873.560486</ele>
				<time>2026-06-18T21:20:24Z</time>
			</trkpt>
			<trkpt lat="63.719311" lon="-149.251663">
				<ele>873.509521</ele>
				<time>2026-06-18T21:20:28Z</time>
			</trkpt>
			<trkpt lat="63.719341" lon="-149.251678">
				<ele>873.894897</ele>
				<time>2026-06-18T21:20:31Z</time>
			</trkpt>
			<trkpt lat="63.719341" lon="-149.251678">
				<ele>873.894897</ele>
				<time>2026-06-18T21:20:31Z</time>
			</trkpt>
			<trkpt lat="63.719372" lon="-149.251694">
				<ele>874.513184</ele>
				<time>2026-06-18T21:20:34Z</time>
			</trkpt>
			<trkpt lat="63.719402" lon="-149.25174">
				<ele>874.154907</ele>
				<time>2026-06-18T21:20:36Z</time>
			</trkpt>
			<trkpt lat="63.719429" lon="-149.25177">
				<ele>874.792725</ele>
				<time>2026-06-18T21:20:39Z</time>
			</trkpt>
			<trkpt lat="63.719452" lon="-149.251816">
				<ele>874.682251</ele>
				<time>2026-06-18T21:20:41Z</time>
			</trkpt>
			<trkpt lat="63.719479" lon="-149.251862">
				<ele>875.148193</ele>
				<time>2026-06-18T21:20:47Z</time>
			</trkpt>
			<trkpt lat="63.719513" lon="-149.251862">
				<ele>874.656067</ele>
				<time>2026-06-18T21:20:50Z</time>
			</trkpt>
			<trkpt lat="63.719513" lon="-149.251862">
				<ele>874.656067</ele>
				<time>2026-06-18T21:20:50Z</time>
			</trkpt>
			<trkpt lat="63.719543" lon="-149.251816">
				<ele>875.289795</ele>
				<time>2026-06-18T21:20:53Z</time>
			</trkpt>
			<trkpt lat="63.719578" lon="-149.251816">
				<ele>875.585266</ele>
				<time>2026-06-18T21:20:56Z</time>
			</trkpt>
			<trkpt lat="63.719612" lon="-149.251831">
				<ele>876.12262</ele>
				<time>2026-06-18T21:21:00Z</time>
			</trkpt>
			<trkpt lat="63.719643" lon="-149.251877">
				<ele>876.42218</ele>
				<time>2026-06-18T21:21:02Z</time>
			</trkpt>
			<trkpt lat="63.719677" lon="-149.251892">
				<ele>876.242126</ele>
				<time>2026-06-18T21:21:04Z</time>
			</trkpt>
			<trkpt lat="63.719707" lon="-149.251892">
				<ele>876.37085</ele>
				<time>2026-06-18T21:21:08Z</time>
			</trkpt>
			<trkpt lat="63.719749" lon="-149.251923">
				<ele>876.411804</ele>
				<time>2026-06-18T21:21:12Z</time>
			</trkpt>
			<trkpt lat="63.719749" lon="-149.251923">
				<ele>876.411804</ele>
				<time>2026-06-18T21:21:12Z</time>
			</trkpt>
			<trkpt lat="63.71978" lon="-149.251938">
				<ele>876.283569</ele>
				<time>2026-06-18T21:21:15Z</time>
			</trkpt>
			<trkpt lat="63.719822" lon="-149.251968">
				<ele>876.377502</ele>
				<time>2026-06-18T21:21:18Z</time>
			</trkpt>
			<trkpt lat="63.719849" lon="-149.251999">
				<ele>875.764526</ele>
				<time>2026-06-18T21:21:21Z</time>
			</trkpt>
			<trkpt lat="63.719875" lon="-149.252029">
				<ele>876.408325</ele>
				<time>2026-06-18T21:21:23Z</time>
			</trkpt>
			<trkpt lat="63.719906" lon="-149.25209">
				<ele>876.639954</ele>
				<time>2026-06-18T21:21:26Z</time>
			</trkpt>
			<trkpt lat="63.719936" lon="-149.25209">
				<ele>876.26886</ele>
				<time>2026-06-18T21:21:30Z</time>
			</trkpt>
			<trkpt lat="63.719963" lon="-149.252136">
				<ele>876.502869</ele>
				<time>2026-06-18T21:21:32Z</time>
			</trkpt>
			<trkpt lat="63.719963" lon="-149.252136">
				<ele>876.502869</ele>
				<time>2026-06-18T21:21:32Z</time>
			</trkpt>
			<trkpt lat="63.719997" lon="-149.252121">
				<ele>877.173462</ele>
				<time>2026-06-18T21:21:35Z</time>
			</trkpt>
			<trkpt lat="63.720039" lon="-149.252136">
				<ele>878.507019</ele>
				<time>2026-06-18T21:21:39Z</time>
			</trkpt>
			<trkpt lat="63.72007" lon="-149.252106">
				<ele>878.89502</ele>
				<time>2026-06-18T21:21:42Z</time>
			</trkpt>
			<trkpt lat="63.720097" lon="-149.252075">
				<ele>879.823425</ele>
				<time>2026-06-18T21:21:46Z</time>
			</trkpt>
			<trkpt lat="63.720123" lon="-149.252014">
				<ele>879.640625</ele>
				<time>2026-06-18T21:21:49Z</time>
			</trkpt>
			<trkpt lat="63.720146" lon="-149.251984">
				<ele>879.845642</ele>
				<time>2026-06-18T21:21:52Z</time>
			</trkpt>
			<trkpt lat="63.720146" lon="-149.251984">
				<ele>879.845642</ele>
				<time>2026-06-18T21:21:52Z</time>
			</trkpt>
			<trkpt lat="63.720173" lon="-149.251953">
				<ele>880.424866</ele>
				<time>2026-06-18T21:21:55Z</time>
			</trkpt>
			<trkpt lat="63.720196" lon="-149.251877">
				<ele>880.119202</ele>
				<time>2026-06-18T21:21:58Z</time>
			</trkpt>
			<trkpt lat="63.720226" lon="-149.251831">
				<ele>880.380249</ele>
				<time>2026-06-18T21:22:01Z</time>
			</trkpt>
			<trkpt lat="63.720257" lon="-149.251846">
				<ele>879.849365</ele>
				<time>2026-06-18T21:22:03Z</time>
			</trkpt>
			<trkpt lat="63.720295" lon="-149.251831">
				<ele>880.28241</ele>
				<time>2026-06-18T21:22:06Z</time>
			</trkpt>
			<trkpt lat="63.72031" lon="-149.25177">
				<ele>879.813721</ele>
				<time>2026-06-18T21:22:09Z</time>
			</trkpt>
			<trkpt lat="63.720325" lon="-149.251709">
				<ele>880.091309</ele>
				<time>2026-06-18T21:22:11Z</time>
			</trkpt>
			<trkpt lat="63.720325" lon="-149.251709">
				<ele>880.091309</ele>
				<time>2026-06-18T21:22:11Z</time>
			</trkpt>
			<trkpt lat="63.720337" lon="-149.251663">
				<ele>880.19812</ele>
				<time>2026-06-18T21:22:13Z</time>
			</trkpt>
			<trkpt lat="63.720367" lon="-149.251617">
				<ele>880.525208</ele>
				<time>2026-06-18T21:22:16Z</time>
			</trkpt>
			<trkpt lat="63.720394" lon="-149.251572">
				<ele>880.066895</ele>
				<time>2026-06-18T21:22:19Z</time>
			</trkpt>
			<trkpt lat="63.720402" lon="-149.251526">
				<ele>880.357727</ele>
				<time>2026-06-18T21:22:21Z</time>
			</trkpt>
			<trkpt lat="63.720448" lon="-149.251419">
				<ele>881.552429</ele>
				<time>2026-06-18T21:22:26Z</time>
			</trkpt>
			<trkpt lat="63.720474" lon="-149.251358">
				<ele>881.811523</ele>
				<time>2026-06-18T21:22:29Z</time>
			</trkpt>
			<trkpt lat="63.720505" lon="-149.251328">
				<ele>882.105042</ele>
				<time>2026-06-18T21:22:31Z</time>
			</trkpt>
			<trkpt lat="63.720505" lon="-149.251328">
				<ele>882.105042</ele>
				<time>2026-06-18T21:22:31Z</time>
			</trkpt>
			<trkpt lat="63.720539" lon="-149.251312">
				<ele>881.808289</ele>
				<time>2026-06-18T21:22:34Z</time>
			</trkpt>
			<trkpt lat="63.720566" lon="-149.251297">
				<ele>882.541199</ele>
				<time>2026-06-18T21:22:36Z</time>
			</trkpt>
			<trkpt lat="63.7206" lon="-149.251328">
				<ele>882.570923</ele>
				<time>2026-06-18T21:22:38Z</time>
			</trkpt>
			<trkpt lat="63.720627" lon="-149.251358">
				<ele>882.085693</ele>
				<time>2026-06-18T21:22:40Z</time>
			</trkpt>
			<trkpt lat="63.72065" lon="-149.251373">
				<ele>882.08197</ele>
				<time>2026-06-18T21:22:42Z</time>
			</trkpt>
			<trkpt lat="63.720676" lon="-149.251312">
				<ele>882.029602</ele>
				<time>2026-06-18T21:22:44Z</time>
			</trkpt>
			<trkpt lat="63.720703" lon="-149.251328">
				<ele>881.989685</ele>
				<time>2026-06-18T21:22:46Z</time>
			</trkpt>
			<trkpt lat="63.720726" lon="-149.251297">
				<ele>882.833191</ele>
				<time>2026-06-18T21:22:48Z</time>
			</trkpt>
			<trkpt lat="63.720753" lon="-149.251282">
				<ele>883.14563</ele>
				<time>2026-06-18T21:22:50Z</time>
			</trkpt>
			<trkpt lat="63.720753" lon="-149.251282">
				<ele>883.14563</ele>
				<time>2026-06-18T21:22:50Z</time>
			</trkpt>
			<trkpt lat="63.720791" lon="-149.251282">
				<ele>883.681824</ele>
				<time>2026-06-18T21:22:53Z</time>
			</trkpt>
			<trkpt lat="63.72081" lon="-149.251221">
				<ele>882.928772</ele>
				<time>2026-06-18T21:22:57Z</time>
			</trkpt>
			<trkpt lat="63.720833" lon="-149.251175">
				<ele>883.002563</ele>
				<time>2026-06-18T21:22:59Z</time>
			</trkpt>
			<trkpt lat="63.720852" lon="-149.251114">
				<ele>885.004456</ele>
				<time>2026-06-18T21:23:02Z</time>
			</trkpt>
			<trkpt lat="63.720879" lon="-149.251053">
				<ele>885.616211</ele>
				<time>2026-06-18T21:23:05Z</time>
			</trkpt>
			<trkpt lat="63.720913" lon="-149.251007">
				<ele>885.015686</ele>
				<time>2026-06-18T21:23:08Z</time>
			</trkpt>
			<trkpt lat="63.72094" lon="-149.251007">
				<ele>885.660706</ele>
				<time>2026-06-18T21:23:10Z</time>
			</trkpt>
			<trkpt lat="63.72094" lon="-149.251007">
				<ele>885.660706</ele>
				<time>2026-06-18T21:23:10Z</time>
			</trkpt>
			<trkpt lat="63.720963" lon="-149.251022">
				<ele>885.641785</ele>
				<time>2026-06-18T21:23:12Z</time>
			</trkpt>
			<trkpt lat="63.720997" lon="-149.251022">
				<ele>886.156921</ele>
				<time>2026-06-18T21:23:15Z</time>
			</trkpt>
			<trkpt lat="63.721027" lon="-149.251022">
				<ele>885.776001</ele>
				<time>2026-06-18T21:23:17Z</time>
			</trkpt>
			<trkpt lat="63.721066" lon="-149.251022">
				<ele>885.809509</ele>
				<time>2026-06-18T21:23:20Z</time>
			</trkpt>
			<trkpt lat="63.721096" lon="-149.251022">
				<ele>885.520752</ele>
				<time>2026-06-18T21:23:22Z</time>
			</trkpt>
			<trkpt lat="63.721119" lon="-149.251007">
				<ele>885.447205</ele>
				<time>2026-06-18T21:23:24Z</time>
			</trkpt>
			<trkpt lat="63.721146" lon="-149.250992">
				<ele>886.262268</ele>
				<time>2026-06-18T21:23:26Z</time>
			</trkpt>
			<trkpt lat="63.721165" lon="-149.250977">
				<ele>886.024536</ele>
				<time>2026-06-18T21:23:28Z</time>
			</trkpt>
			<trkpt lat="63.721184" lon="-149.250931">
				<ele>886.401001</ele>
				<time>2026-06-18T21:23:30Z</time>
			</trkpt>
			<trkpt lat="63.721184" lon="-149.250931">
				<ele>886.401001</ele>
				<time>2026-06-18T21:23:30Z</time>
			</trkpt>
			<trkpt lat="63.721203" lon="-149.2509">
				<ele>886.401672</ele>
				<time>2026-06-18T21:23:32Z</time>
			</trkpt>
			<trkpt lat="63.721233" lon="-149.250824">
				<ele>886.060486</ele>
				<time>2026-06-18T21:23:36Z</time>
			</trkpt>
			<trkpt lat="63.721249" lon="-149.250763">
				<ele>886.120422</ele>
				<time>2026-06-18T21:23:38Z</time>
			</trkpt>
			<trkpt lat="63.721298" lon="-149.250671">
				<ele>885.19635</ele>
				<time>2026-06-18T21:23:43Z</time>
			</trkpt>
			<trkpt lat="63.721306" lon="-149.250626">
				<ele>885.520203</ele>
				<time>2026-06-18T21:23:45Z</time>
			</trkpt>
			<trkpt lat="63.721325" lon="-149.250595">
				<ele>885.733459</ele>
				<time>2026-06-18T21:23:47Z</time>
			</trkpt>
			<trkpt lat="63.72134" lon="-149.250549">
				<ele>886.188538</ele>
				<time>2026-06-18T21:23:49Z</time>
			</trkpt>
			<trkpt lat="63.72134" lon="-149.250549">
				<ele>886.188538</ele>
				<time>2026-06-18T21:23:49Z</time>
			</trkpt>
			<trkpt lat="63.721355" lon="-149.250504">
				<ele>886.492798</ele>
				<time>2026-06-18T21:23:51Z</time>
			</trkpt>
			<trkpt lat="63.721359" lon="-149.250458">
				<ele>886.171509</ele>
				<time>2026-06-18T21:23:53Z</time>
			</trkpt>
			<trkpt lat="63.721371" lon="-149.250412">
				<ele>887.038147</ele>
				<time>2026-06-18T21:23:55Z</time>
			</trkpt>
			<trkpt lat="63.721394" lon="-149.250381">
				<ele>886.517639</ele>
				<time>2026-06-18T21:23:58Z</time>
			</trkpt>
			<trkpt lat="63.721424" lon="-149.250397">
				<ele>888.017029</ele>
				<time>2026-06-18T21:24:16Z</time>
			</trkpt>
			<trkpt lat="63.721424" lon="-149.250397">
				<ele>888.017029</ele>
				<time>2026-06-18T21:24:16Z</time>
			</trkpt>
			<trkpt lat="63.721443" lon="-149.250351">
				<ele>889.032959</ele>
				<time>2026-06-18T21:24:31Z</time>
			</trkpt>
			<trkpt lat="63.721413" lon="-149.250381">
				<ele>886.91272</ele>
				<time>2026-06-18T21:24:46Z</time>
			</trkpt>
			<trkpt lat="63.721413" lon="-149.250381">
				<ele>886.91272</ele>
				<time>2026-06-18T21:24:46Z</time>
			</trkpt>
			<trkpt lat="63.72139" lon="-149.250351">
				<ele>886.833313</ele>
				<time>2026-06-18T21:24:50Z</time>
			</trkpt>
			<trkpt lat="63.721378" lon="-149.250275">
				<ele>886.730469</ele>
				<time>2026-06-18T21:24:54Z</time>
			</trkpt>
			<trkpt lat="63.721401" lon="-149.25032">
				<ele>888.249207</ele>
				<time>2026-06-18T21:25:04Z</time>
			</trkpt>
			<trkpt lat="63.721436" lon="-149.250381">
				<ele>888.671997</ele>
				<time>2026-06-18T21:25:18Z</time>
			</trkpt>
			<trkpt lat="63.721436" lon="-149.250381">
				<ele>888.671997</ele>
				<time>2026-06-18T21:25:18Z</time>
			</trkpt>
			<trkpt lat="63.721497" lon="-149.250366">
				<ele>889.709045</ele>
				<time>2026-06-18T21:26:08Z</time>
			</trkpt>
			<trkpt lat="63.721497" lon="-149.250366">
				<ele>889.709045</ele>
				<time>2026-06-18T21:26:08Z</time>
			</trkpt>
			<trkpt lat="63.721554" lon="-149.250381">
				<ele>890.087769</ele>
				<time>2026-06-18T21:26:13Z</time>
			</trkpt>
			<trkpt lat="63.721607" lon="-149.250397">
				<ele>889.944214</ele>
				<time>2026-06-18T21:26:17Z</time>
			</trkpt>
			<trkpt lat="63.721661" lon="-149.250458">
				<ele>889.754028</ele>
				<time>2026-06-18T21:26:22Z</time>
			</trkpt>
			<trkpt lat="63.721706" lon="-149.250473">
				<ele>889.414612</ele>
				<time>2026-06-18T21:26:27Z</time>
			</trkpt>
			<trkpt lat="63.721706" lon="-149.250473">
				<ele>889.414612</ele>
				<time>2026-06-18T21:26:27Z</time>
			</trkpt>
			<trkpt lat="63.721756" lon="-149.250504">
				<ele>890.290039</ele>
				<time>2026-06-18T21:26:32Z</time>
			</trkpt>
			<trkpt lat="63.721798" lon="-149.250504">
				<ele>889.977722</ele>
				<time>2026-06-18T21:26:36Z</time>
			</trkpt>
			<trkpt lat="63.721844" lon="-149.250534">
				<ele>891.059326</ele>
				<time>2026-06-18T21:26:40Z</time>
			</trkpt>
			<trkpt lat="63.721882" lon="-149.250565">
				<ele>890.767456</ele>
				<time>2026-06-18T21:26:44Z</time>
			</trkpt>
			<trkpt lat="63.72192" lon="-149.250565">
				<ele>891.544861</ele>
				<time>2026-06-18T21:26:47Z</time>
			</trkpt>
			<trkpt lat="63.72192" lon="-149.250565">
				<ele>891.544861</ele>
				<time>2026-06-18T21:26:47Z</time>
			</trkpt>
			<trkpt lat="63.721958" lon="-149.250595">
				<ele>891.400024</ele>
				<time>2026-06-18T21:26:50Z</time>
			</trkpt>
			<trkpt lat="63.722034" lon="-149.250641">
				<ele>892.145325</ele>
				<time>2026-06-18T21:26:57Z</time>
			</trkpt>
			<trkpt lat="63.722061" lon="-149.250626">
				<ele>893.090088</ele>
				<time>2026-06-18T21:27:00Z</time>
			</trkpt>
			<trkpt lat="63.722092" lon="-149.250595">
				<ele>893.759705</ele>
				<time>2026-06-18T21:27:03Z</time>
			</trkpt>
			<trkpt lat="63.72213" lon="-149.25061">
				<ele>894.607666</ele>
				<time>2026-06-18T21:27:06Z</time>
			</trkpt>
			<trkpt lat="63.72213" lon="-149.25061">
				<ele>894.607666</ele>
				<time>2026-06-18T21:27:06Z</time>
			</trkpt>
			<trkpt lat="63.722157" lon="-149.250595">
				<ele>894.647339</ele>
				<time>2026-06-18T21:27:08Z</time>
			</trkpt>
			<trkpt lat="63.722183" lon="-149.250626">
				<ele>894.719116</ele>
				<time>2026-06-18T21:27:10Z</time>
			</trkpt>
			<trkpt lat="63.722191" lon="-149.250671">
				<ele>895.089417</ele>
				<time>2026-06-18T21:27:17Z</time>
			</trkpt>
			<trkpt lat="63.722198" lon="-149.25061">
				<ele>895.396301</ele>
				<time>2026-06-18T21:27:32Z</time>
			</trkpt>
			<trkpt lat="63.722198" lon="-149.25061">
				<ele>895.396301</ele>
				<time>2026-06-18T21:27:32Z</time>
			</trkpt>
			<trkpt lat="63.722229" lon="-149.250595">
				<ele>895.094421</ele>
				<time>2026-06-18T21:27:34Z</time>
			</trkpt>
			<trkpt lat="63.722267" lon="-149.250565">
				<ele>894.35144</ele>
				<time>2026-06-18T21:27:37Z</time>
			</trkpt>
			<trkpt lat="63.722294" lon="-149.250534">
				<ele>894.632813</ele>
				<time>2026-06-18T21:27:40Z</time>
			</trkpt>
			<trkpt lat="63.722317" lon="-149.250519">
				<ele>894.572327</ele>
				<time>2026-06-18T21:27:42Z</time>
			</trkpt>
			<trkpt lat="63.722343" lon="-149.250473">
				<ele>894.627808</ele>
				<time>2026-06-18T21:27:44Z</time>
			</trkpt>
			<trkpt lat="63.722366" lon="-149.250458">
				<ele>896.04425</ele>
				<time>2026-06-18T21:27:47Z</time>
			</trkpt>
			<trkpt lat="63.722401" lon="-149.250458">
				<ele>896.534973</ele>
				<time>2026-06-18T21:27:50Z</time>
			</trkpt>
			<trkpt lat="63.722435" lon="-149.250443">
				<ele>896.360474</ele>
				<time>2026-06-18T21:27:53Z</time>
			</trkpt>
			<trkpt lat="63.722435" lon="-149.250443">
				<ele>896.360474</ele>
				<time>2026-06-18T21:27:53Z</time>
			</trkpt>
			<trkpt lat="63.722466" lon="-149.250412">
				<ele>897.043762</ele>
				<time>2026-06-18T21:27:56Z</time>
			</trkpt>
			<trkpt lat="63.722496" lon="-149.250443">
				<ele>896.651794</ele>
				<time>2026-06-18T21:27:58Z</time>
			</trkpt>
			<trkpt lat="63.722523" lon="-149.250443">
				<ele>896.956848</ele>
				<time>2026-06-18T21:28:00Z</time>
			</trkpt>
			<trkpt lat="63.722553" lon="-149.250473">
				<ele>896.702454</ele>
				<time>2026-06-18T21:28:03Z</time>
			</trkpt>
			<trkpt lat="63.72258" lon="-149.250504">
				<ele>897.390198</ele>
				<time>2026-06-18T21:28:05Z</time>
			</trkpt>
			<trkpt lat="63.72261" lon="-149.250519">
				<ele>897.294312</ele>
				<time>2026-06-18T21:28:08Z</time>
			</trkpt>
			<trkpt lat="63.722641" lon="-149.250504">
				<ele>898.061707</ele>
				<time>2026-06-18T21:28:11Z</time>
			</trkpt>
			<trkpt lat="63.722668" lon="-149.250534">
				<ele>898.419189</ele>
				<time>2026-06-18T21:28:13Z</time>
			</trkpt>
			<trkpt lat="63.722668" lon="-149.250534">
				<ele>898.419189</ele>
				<time>2026-06-18T21:28:13Z</time>
			</trkpt>
			<trkpt lat="63.722698" lon="-149.250534">
				<ele>897.982605</ele>
				<time>2026-06-18T21:28:16Z</time>
			</trkpt>
			<trkpt lat="63.722759" lon="-149.25058">
				<ele>899.048401</ele>
				<time>2026-06-18T21:28:21Z</time>
			</trkpt>
			<trkpt lat="63.72279" lon="-149.250595">
				<ele>898.706421</ele>
				<time>2026-06-18T21:28:25Z</time>
			</trkpt>
			<trkpt lat="63.722816" lon="-149.25058">
				<ele>898.997253</ele>
				<time>2026-06-18T21:28:27Z</time>
			</trkpt>
			<trkpt lat="63.722847" lon="-149.25058">
				<ele>900.071777</ele>
				<time>2026-06-18T21:28:29Z</time>
			</trkpt>
			<trkpt lat="63.722874" lon="-149.250549">
				<ele>899.716858</ele>
				<time>2026-06-18T21:28:32Z</time>
			</trkpt>
			<trkpt lat="63.722874" lon="-149.250549">
				<ele>899.716858</ele>
				<time>2026-06-18T21:28:32Z</time>
			</trkpt>
			<trkpt lat="63.722912" lon="-149.250549">
				<ele>899.930237</ele>
				<time>2026-06-18T21:28:35Z</time>
			</trkpt>
			<trkpt lat="63.722935" lon="-149.250549">
				<ele>900.76178</ele>
				<time>2026-06-18T21:28:37Z</time>
			</trkpt>
			<trkpt lat="63.722961" lon="-149.250565">
				<ele>900.580566</ele>
				<time>2026-06-18T21:28:39Z</time>
			</trkpt>
			<trkpt lat="63.722996" lon="-149.250534">
				<ele>900.487427</ele>
				<time>2026-06-18T21:28:42Z</time>
			</trkpt>
			<trkpt lat="63.723057" lon="-149.250549">
				<ele>901.383667</ele>
				<time>2026-06-18T21:28:47Z</time>
			</trkpt>
			<trkpt lat="63.72308" lon="-149.250549">
				<ele>901.077759</ele>
				<time>2026-06-18T21:28:49Z</time>
			</trkpt>
			<trkpt lat="63.723114" lon="-149.25058">
				<ele>900.227417</ele>
				<time>2026-06-18T21:28:52Z</time>
			</trkpt>
			<trkpt lat="63.723114" lon="-149.25058">
				<ele>900.227417</ele>
				<time>2026-06-18T21:28:52Z</time>
			</trkpt>
			<trkpt lat="63.723129" lon="-149.250519">
				<ele>901.079956</ele>
				<time>2026-06-18T21:28:54Z</time>
			</trkpt>
			<trkpt lat="63.723129" lon="-149.250427">
				<ele>901.051208</ele>
				<time>2026-06-18T21:28:57Z</time>
			</trkpt>
			<trkpt lat="63.723156" lon="-149.250366">
				<ele>901.575134</ele>
				<time>2026-06-18T21:29:00Z</time>
			</trkpt>
			<trkpt lat="63.723186" lon="-149.250336">
				<ele>901.911194</ele>
				<time>2026-06-18T21:29:02Z</time>
			</trkpt>
			<trkpt lat="63.723217" lon="-149.250336">
				<ele>901.575012</ele>
				<time>2026-06-18T21:29:04Z</time>
			</trkpt>
			<trkpt lat="63.72324" lon="-149.25029">
				<ele>901.79364</ele>
				<time>2026-06-18T21:29:06Z</time>
			</trkpt>
			<trkpt lat="63.723267" lon="-149.250244">
				<ele>902.318481</ele>
				<time>2026-06-18T21:29:09Z</time>
			</trkpt>
			<trkpt lat="63.723289" lon="-149.250198">
				<ele>900.813232</ele>
				<time>2026-06-18T21:29:11Z</time>
			</trkpt>
			<trkpt lat="63.723289" lon="-149.250198">
				<ele>900.813232</ele>
				<time>2026-06-18T21:29:11Z</time>
			</trkpt>
			<trkpt lat="63.72332" lon="-149.250183">
				<ele>901.598816</ele>
				<time>2026-06-18T21:29:13Z</time>
			</trkpt>
			<trkpt lat="63.723339" lon="-149.250137">
				<ele>902.937195</ele>
				<time>2026-06-18T21:29:15Z</time>
			</trkpt>
			<trkpt lat="63.723373" lon="-149.250107">
				<ele>904.334595</ele>
				<time>2026-06-18T21:29:18Z</time>
			</trkpt>
			<trkpt lat="63.7234" lon="-149.250046">
				<ele>904.602295</ele>
				<time>2026-06-18T21:29:21Z</time>
			</trkpt>
			<trkpt lat="63.723427" lon="-149.250015">
				<ele>904.666687</ele>
				<time>2026-06-18T21:29:24Z</time>
			</trkpt>
			<trkpt lat="63.723461" lon="-149.249969">
				<ele>904.64093</ele>
				<time>2026-06-18T21:29:27Z</time>
			</trkpt>
			<trkpt lat="63.723488" lon="-149.249924">
				<ele>905.463135</ele>
				<time>2026-06-18T21:29:30Z</time>
			</trkpt>
			<trkpt lat="63.723488" lon="-149.249924">
				<ele>905.463135</ele>
				<time>2026-06-18T21:29:30Z</time>
			</trkpt>
			<trkpt lat="63.723507" lon="-149.249878">
				<ele>906.411438</ele>
				<time>2026-06-18T21:29:32Z</time>
			</trkpt>
			<trkpt lat="63.723541" lon="-149.249847">
				<ele>906.843323</ele>
				<time>2026-06-18T21:29:35Z</time>
			</trkpt>
			<trkpt lat="63.723564" lon="-149.249802">
				<ele>906.489807</ele>
				<time>2026-06-18T21:29:38Z</time>
			</trkpt>
			<trkpt lat="63.723587" lon="-149.249771">
				<ele>905.836975</ele>
				<time>2026-06-18T21:29:40Z</time>
			</trkpt>
			<trkpt lat="63.723614" lon="-149.249756">
				<ele>906.800537</ele>
				<time>2026-06-18T21:29:42Z</time>
			</trkpt>
			<trkpt lat="63.723644" lon="-149.249695">
				<ele>906.812927</ele>
				<time>2026-06-18T21:29:45Z</time>
			</trkpt>
			<trkpt lat="63.723675" lon="-149.24968">
				<ele>906.393677</ele>
				<time>2026-06-18T21:29:47Z</time>
			</trkpt>
			<trkpt lat="63.723698" lon="-149.249634">
				<ele>906.953613</ele>
				<time>2026-06-18T21:29:50Z</time>
			</trkpt>
			<trkpt lat="63.723698" lon="-149.249634">
				<ele>906.953613</ele>
				<time>2026-06-18T21:29:50Z</time>
			</trkpt>
			<trkpt lat="63.723728" lon="-149.249619">
				<ele>905.346619</ele>
				<time>2026-06-18T21:29:52Z</time>
			</trkpt>
			<trkpt lat="63.723759" lon="-149.249619">
				<ele>906.352966</ele>
				<time>2026-06-18T21:29:54Z</time>
			</trkpt>
			<trkpt lat="63.723785" lon="-149.249634">
				<ele>906.670471</ele>
				<time>2026-06-18T21:29:56Z</time>
			</trkpt>
			<trkpt lat="63.723816" lon="-149.24968">
				<ele>907.123962</ele>
				<time>2026-06-18T21:29:58Z</time>
			</trkpt>
			<trkpt lat="63.723843" lon="-149.249664">
				<ele>907.002563</ele>
				<time>2026-06-18T21:30:01Z</time>
			</trkpt>
			<trkpt lat="63.723846" lon="-149.249741">
				<ele>905.552185</ele>
				<time>2026-06-18T21:30:08Z</time>
			</trkpt>
			<trkpt lat="63.723869" lon="-149.249817">
				<ele>904.964111</ele>
				<time>2026-06-18T21:30:14Z</time>
			</trkpt>
			<trkpt lat="63.723869" lon="-149.249817">
				<ele>904.964111</ele>
				<time>2026-06-18T21:30:14Z</time>
			</trkpt>
			<trkpt lat="63.723873" lon="-149.249725">
				<ele>906.327515</ele>
				<time>2026-06-18T21:30:18Z</time>
			</trkpt>
			<trkpt lat="63.723915" lon="-149.249741">
				<ele>908.139038</ele>
				<time>2026-06-18T21:30:36Z</time>
			</trkpt>
			<trkpt lat="63.723915" lon="-149.249741">
				<ele>908.139038</ele>
				<time>2026-06-18T21:30:36Z</time>
			</trkpt>
			<trkpt lat="63.723938" lon="-149.249664">
				<ele>908.175659</ele>
				<time>2026-06-18T21:30:41Z</time>
			</trkpt>
			<trkpt lat="63.723969" lon="-149.249573">
				<ele>908.598938</ele>
				<time>2026-06-18T21:30:45Z</time>
			</trkpt>
			<trkpt lat="63.723999" lon="-149.249512">
				<ele>909.063171</ele>
				<time>2026-06-18T21:30:49Z</time>
			</trkpt>
			<trkpt lat="63.724037" lon="-149.249512">
				<ele>909.319214</ele>
				<time>2026-06-18T21:30:55Z</time>
			</trkpt>
			<trkpt lat="63.724037" lon="-149.249512">
				<ele>909.319214</ele>
				<time>2026-06-18T21:30:55Z</time>
			</trkpt>
			<trkpt lat="63.72406" lon="-149.249451">
				<ele>909.496155</ele>
				<time>2026-06-18T21:30:58Z</time>
			</trkpt>
			<trkpt lat="63.724094" lon="-149.24942">
				<ele>909.929138</ele>
				<time>2026-06-18T21:31:01Z</time>
			</trkpt>
			<trkpt lat="63.724125" lon="-149.249374">
				<ele>910.361694</ele>
				<time>2026-06-18T21:31:04Z</time>
			</trkpt>
			<trkpt lat="63.724148" lon="-149.249344">
				<ele>909.598083</ele>
				<time>2026-06-18T21:31:06Z</time>
			</trkpt>
			<trkpt lat="63.724171" lon="-149.249313">
				<ele>910.387512</ele>
				<time>2026-06-18T21:31:08Z</time>
			</trkpt>
			<trkpt lat="63.724205" lon="-149.249329">
				<ele>910.062622</ele>
				<time>2026-06-18T21:31:10Z</time>
			</trkpt>
			<trkpt lat="63.724243" lon="-149.249329">
				<ele>910.827759</ele>
				<time>2026-06-18T21:31:13Z</time>
			</trkpt>
			<trkpt lat="63.724285" lon="-149.249329">
				<ele>910.104065</ele>
				<time>2026-06-18T21:31:16Z</time>
			</trkpt>
			<trkpt lat="63.724285" lon="-149.249329">
				<ele>910.104065</ele>
				<time>2026-06-18T21:31:16Z</time>
			</trkpt>
			<trkpt lat="63.724316" lon="-149.249313">
				<ele>909.624329</ele>
				<time>2026-06-18T21:31:19Z</time>
			</trkpt>
			<trkpt lat="63.724358" lon="-149.249313">
				<ele>909.709778</ele>
				<time>2026-06-18T21:31:22Z</time>
			</trkpt>
			<trkpt lat="63.72438" lon="-149.249298">
				<ele>909.711487</ele>
				<time>2026-06-18T21:31:24Z</time>
			</trkpt>
			<trkpt lat="63.724419" lon="-149.249298">
				<ele>910.337219</ele>
				<time>2026-06-18T21:31:27Z</time>
			</trkpt>
			<trkpt lat="63.724445" lon="-149.249313">
				<ele>909.536316</ele>
				<time>2026-06-18T21:31:29Z</time>
			</trkpt>
			<trkpt lat="63.724472" lon="-149.249329">
				<ele>910.50177</ele>
				<time>2026-06-18T21:31:31Z</time>
			</trkpt>
			<trkpt lat="63.724495" lon="-149.249298">
				<ele>910.270264</ele>
				<time>2026-06-18T21:31:33Z</time>
			</trkpt>
			<trkpt lat="63.724522" lon="-149.249283">
				<ele>910.114807</ele>
				<time>2026-06-18T21:31:35Z</time>
			</trkpt>
			<trkpt lat="63.724522" lon="-149.249283">
				<ele>910.114807</ele>
				<time>2026-06-18T21:31:35Z</time>
			</trkpt>
			<trkpt lat="63.724545" lon="-149.249252">
				<ele>911.089905</ele>
				<time>2026-06-18T21:31:38Z</time>
			</trkpt>
			<trkpt lat="63.724571" lon="-149.249252">
				<ele>911.295227</ele>
				<time>2026-06-18T21:31:40Z</time>
			</trkpt>
			<trkpt lat="63.724598" lon="-149.249237">
				<ele>911.724365</ele>
				<time>2026-06-18T21:31:42Z</time>
			</trkpt>
			<trkpt lat="63.724632" lon="-149.249222">
				<ele>911.537231</ele>
				<time>2026-06-18T21:31:45Z</time>
			</trkpt>
			<trkpt lat="63.724648" lon="-149.249176">
				<ele>911.249146</ele>
				<time>2026-06-18T21:31:47Z</time>
			</trkpt>
			<trkpt lat="63.724667" lon="-149.24913">
				<ele>911.218323</ele>
				<time>2026-06-18T21:31:49Z</time>
			</trkpt>
			<trkpt lat="63.724693" lon="-149.249115">
				<ele>911.470825</ele>
				<time>2026-06-18T21:31:51Z</time>
			</trkpt>
			<trkpt lat="63.724716" lon="-149.249069">
				<ele>911.643982</ele>
				<time>2026-06-18T21:31:54Z</time>
			</trkpt>
			<trkpt lat="63.724716" lon="-149.249069">
				<ele>911.643982</ele>
				<time>2026-06-18T21:31:54Z</time>
			</trkpt>
			<trkpt lat="63.724739" lon="-149.249039">
				<ele>911.204041</ele>
				<time>2026-06-18T21:31:56Z</time>
			</trkpt>
			<trkpt lat="63.724754" lon="-149.248993">
				<ele>912.08728</ele>
				<time>2026-06-18T21:31:58Z</time>
			</trkpt>
			<trkpt lat="63.724781" lon="-149.248962">
				<ele>911.566772</ele>
				<time>2026-06-18T21:32:00Z</time>
			</trkpt>
			<trkpt lat="63.724823" lon="-149.248901">
				<ele>912.946899</ele>
				<time>2026-06-18T21:32:04Z</time>
			</trkpt>
			<trkpt lat="63.724846" lon="-149.248886">
				<ele>912.478271</ele>
				<time>2026-06-18T21:32:06Z</time>
			</trkpt>
			<trkpt lat="63.724869" lon="-149.248901">
				<ele>912.70697</ele>
				<time>2026-06-18T21:32:08Z</time>
			</trkpt>
			<trkpt lat="63.724895" lon="-149.248917">
				<ele>912.571106</ele>
				<time>2026-06-18T21:32:10Z</time>
			</trkpt>
			<trkpt lat="63.724922" lon="-149.248947">
				<ele>912.028137</ele>
				<time>2026-06-18T21:32:12Z</time>
			</trkpt>
			<trkpt lat="63.724941" lon="-149.248993">
				<ele>912.689392</ele>
				<time>2026-06-18T21:32:14Z</time>
			</trkpt>
			<trkpt lat="63.724941" lon="-149.248993">
				<ele>912.689392</ele>
				<time>2026-06-18T21:32:14Z</time>
			</trkpt>
			<trkpt lat="63.724953" lon="-149.249054">
				<ele>912.547424</ele>
				<time>2026-06-18T21:32:16Z</time>
			</trkpt>
			<trkpt lat="63.724976" lon="-149.2491">
				<ele>912.635925</ele>
				<time>2026-06-18T21:32:18Z</time>
			</trkpt>
			<trkpt lat="63.725037" lon="-149.249252">
				<ele>913.202942</ele>
				<time>2026-06-18T21:32:24Z</time>
			</trkpt>
			<trkpt lat="63.725056" lon="-149.249298">
				<ele>913.595642</ele>
				<time>2026-06-18T21:32:26Z</time>
			</trkpt>
			<trkpt lat="63.725079" lon="-149.249313">
				<ele>913.955261</ele>
				<time>2026-06-18T21:32:28Z</time>
			</trkpt>
			<trkpt lat="63.725101" lon="-149.249329">
				<ele>914.684021</ele>
				<time>2026-06-18T21:32:30Z</time>
			</trkpt>
			<trkpt lat="63.725132" lon="-149.249329">
				<ele>914.731812</ele>
				<time>2026-06-18T21:32:33Z</time>
			</trkpt>
			<trkpt lat="63.725132" lon="-149.249329">
				<ele>914.731812</ele>
				<time>2026-06-18T21:32:33Z</time>
			</trkpt>
			<trkpt lat="63.725155" lon="-149.249298">
				<ele>914.612122</ele>
				<time>2026-06-18T21:32:35Z</time>
			</trkpt>
			<trkpt lat="63.725185" lon="-149.249252">
				<ele>914.03241</ele>
				<time>2026-06-18T21:32:38Z</time>
			</trkpt>
			<trkpt lat="63.725193" lon="-149.249191">
				<ele>915.219849</ele>
				<time>2026-06-18T21:32:40Z</time>
			</trkpt>
			<trkpt lat="63.72522" lon="-149.249146">
				<ele>914.550476</ele>
				<time>2026-06-18T21:32:43Z</time>
			</trkpt>
			<trkpt lat="63.725246" lon="-149.249084">
				<ele>916.646973</ele>
				<time>2026-06-18T21:32:46Z</time>
			</trkpt>
			<trkpt lat="63.725285" lon="-149.249054">
				<ele>916.401184</ele>
				<time>2026-06-18T21:32:49Z</time>
			</trkpt>
			<trkpt lat="63.725319" lon="-149.249023">
				<ele>916.911377</ele>
				<time>2026-06-18T21:32:52Z</time>
			</trkpt>
			<trkpt lat="63.725319" lon="-149.249023">
				<ele>916.911377</ele>
				<time>2026-06-18T21:32:52Z</time>
			</trkpt>
			<trkpt lat="63.725346" lon="-149.249008">
				<ele>916.700745</ele>
				<time>2026-06-18T21:32:54Z</time>
			</trkpt>
			<trkpt lat="63.725376" lon="-149.248993">
				<ele>917.391174</ele>
				<time>2026-06-18T21:32:57Z</time>
			</trkpt>
			<trkpt lat="63.725407" lon="-149.249039">
				<ele>916.364624</ele>
				<time>2026-06-18T21:32:59Z</time>
			</trkpt>
			<trkpt lat="63.725433" lon="-149.249054">
				<ele>915.97998</ele>
				<time>2026-06-18T21:33:02Z</time>
			</trkpt>
			<trkpt lat="63.725479" lon="-149.249084">
				<ele>916.588928</ele>
				<time>2026-06-18T21:33:05Z</time>
			</trkpt>
			<trkpt lat="63.725521" lon="-149.249084">
				<ele>916.864075</ele>
				<time>2026-06-18T21:33:08Z</time>
			</trkpt>
			<trkpt lat="63.725548" lon="-149.249039">
				<ele>917.952759</ele>
				<time>2026-06-18T21:33:10Z</time>
			</trkpt>
			<trkpt lat="63.72559" lon="-149.249069">
				<ele>919.561462</ele>
				<time>2026-06-18T21:33:13Z</time>
			</trkpt>
			<trkpt lat="63.72559" lon="-149.249069">
				<ele>919.561462</ele>
				<time>2026-06-18T21:33:13Z</time>
			</trkpt>
			<trkpt lat="63.72562" lon="-149.249069">
				<ele>919.074829</ele>
				<time>2026-06-18T21:33:15Z</time>
			</trkpt>
			<trkpt lat="63.725658" lon="-149.249115">
				<ele>920.104919</ele>
				<time>2026-06-18T21:33:18Z</time>
			</trkpt>
			<trkpt lat="63.725681" lon="-149.249176">
				<ele>918.890442</ele>
				<time>2026-06-18T21:33:20Z</time>
			</trkpt>
			<trkpt lat="63.725697" lon="-149.249252">
				<ele>918.922119</ele>
				<time>2026-06-18T21:33:22Z</time>
			</trkpt>
			<trkpt lat="63.725735" lon="-149.249359">
				<ele>918.185303</ele>
				<time>2026-06-18T21:33:27Z</time>
			</trkpt>
			<trkpt lat="63.725769" lon="-149.249405">
				<ele>919.870789</ele>
				<time>2026-06-18T21:33:30Z</time>
			</trkpt>
			<trkpt lat="63.725796" lon="-149.249466">
				<ele>918.793945</ele>
				<time>2026-06-18T21:33:33Z</time>
			</trkpt>
			<trkpt lat="63.725796" lon="-149.249466">
				<ele>918.793945</ele>
				<time>2026-06-18T21:33:33Z</time>
			</trkpt>
			<trkpt lat="63.725819" lon="-149.249496">
				<ele>920.573303</ele>
				<time>2026-06-18T21:33:36Z</time>
			</trkpt>
			<trkpt lat="63.725838" lon="-149.249573">
				<ele>919.497314</ele>
				<time>2026-06-18T21:33:40Z</time>
			</trkpt>
			<trkpt lat="63.725861" lon="-149.249619">
				<ele>917.282898</ele>
				<time>2026-06-18T21:33:43Z</time>
			</trkpt>
			<trkpt lat="63.725883" lon="-149.24968">
				<ele>917.724365</ele>
				<time>2026-06-18T21:33:46Z</time>
			</trkpt>
			<trkpt lat="63.725903" lon="-149.249725">
				<ele>916.990173</ele>
				<time>2026-06-18T21:33:49Z</time>
			</trkpt>
			<trkpt lat="63.725925" lon="-149.249756">
				<ele>917.425232</ele>
				<time>2026-06-18T21:33:51Z</time>
			</trkpt>
			<trkpt lat="63.725956" lon="-149.249786">
				<ele>916.976563</ele>
				<time>2026-06-18T21:33:54Z</time>
			</trkpt>
			<trkpt lat="63.725956" lon="-149.249786">
				<ele>916.976563</ele>
				<time>2026-06-18T21:33:54Z</time>
			</trkpt>
			<trkpt lat="63.725986" lon="-149.249817">
				<ele>916.894836</ele>
				<time>2026-06-18T21:33:56Z</time>
			</trkpt>
			<trkpt lat="63.726013" lon="-149.249832">
				<ele>917.80658</ele>
				<time>2026-06-18T21:33:58Z</time>
			</trkpt>
			<trkpt lat="63.726048" lon="-149.249832">
				<ele>917.414734</ele>
				<time>2026-06-18T21:34:01Z</time>
			</trkpt>
			<trkpt lat="63.726074" lon="-149.249832">
				<ele>918.64917</ele>
				<time>2026-06-18T21:34:04Z</time>
			</trkpt>
			<trkpt lat="63.726105" lon="-149.249847">
				<ele>919.36438</ele>
				<time>2026-06-18T21:34:07Z</time>
			</trkpt>
			<trkpt lat="63.726139" lon="-149.249847">
				<ele>919.588623</ele>
				<time>2026-06-18T21:34:22Z</time>
			</trkpt>
			<trkpt lat="63.726139" lon="-149.249847">
				<ele>919.588623</ele>
				<time>2026-06-18T21:34:22Z</time>
			</trkpt>
			<trkpt lat="63.726177" lon="-149.249847">
				<ele>919.529358</ele>
				<time>2026-06-18T21:34:25Z</time>
			</trkpt>
			<trkpt lat="63.726242" lon="-149.249756">
				<ele>920.464417</ele>
				<time>2026-06-18T21:34:31Z</time>
			</trkpt>
			<trkpt lat="63.726284" lon="-149.249741">
				<ele>921.831116</ele>
				<time>2026-06-18T21:34:35Z</time>
			</trkpt>
			<trkpt lat="63.726318" lon="-149.24971">
				<ele>923.600464</ele>
				<time>2026-06-18T21:34:41Z</time>
			</trkpt>
			<trkpt lat="63.726318" lon="-149.24971">
				<ele>923.600464</ele>
				<time>2026-06-18T21:34:41Z</time>
			</trkpt>
			<trkpt lat="63.726349" lon="-149.249695">
				<ele>923.379883</ele>
				<time>2026-06-18T21:34:44Z</time>
			</trkpt>
			<trkpt lat="63.726372" lon="-149.249649">
				<ele>923.922119</ele>
				<time>2026-06-18T21:34:47Z</time>
			</trkpt>
			<trkpt lat="63.726406" lon="-149.249619">
				<ele>923.889465</ele>
				<time>2026-06-18T21:34:50Z</time>
			</trkpt>
			<trkpt lat="63.72644" lon="-149.249588">
				<ele>924.566589</ele>
				<time>2026-06-18T21:34:53Z</time>
			</trkpt>
			<trkpt lat="63.726471" lon="-149.249557">
				<ele>924.464966</ele>
				<time>2026-06-18T21:34:56Z</time>
			</trkpt>
			<trkpt lat="63.726498" lon="-149.249527">
				<ele>925.35498</ele>
				<time>2026-06-18T21:34:59Z</time>
			</trkpt>
			<trkpt lat="63.726532" lon="-149.249496">
				<ele>925.371887</ele>
				<time>2026-06-18T21:35:02Z</time>
			</trkpt>
			<trkpt lat="63.726532" lon="-149.249496">
				<ele>925.371887</ele>
				<time>2026-06-18T21:35:02Z</time>
			</trkpt>
			<trkpt lat="63.726555" lon="-149.249451">
				<ele>926.13385</ele>
				<time>2026-06-18T21:35:04Z</time>
			</trkpt>
			<trkpt lat="63.726578" lon="-149.249435">
				<ele>925.760742</ele>
				<time>2026-06-18T21:35:06Z</time>
			</trkpt>
			<trkpt lat="63.726597" lon="-149.24939">
				<ele>926.573242</ele>
				<time>2026-06-18T21:35:08Z</time>
			</trkpt>
			<trkpt lat="63.726627" lon="-149.249405">
				<ele>926.683411</ele>
				<time>2026-06-18T21:35:24Z</time>
			</trkpt>
			<trkpt lat="63.726627" lon="-149.249405">
				<ele>926.683411</ele>
				<time>2026-06-18T21:35:24Z</time>
			</trkpt>
			<trkpt lat="63.72665" lon="-149.249374">
				<ele>926.788086</ele>
				<time>2026-06-18T21:35:26Z</time>
			</trkpt>
			<trkpt lat="63.726665" lon="-149.249313">
				<ele>925.780823</ele>
				<time>2026-06-18T21:35:28Z</time>
			</trkpt>
			<trkpt lat="63.726681" lon="-149.249268">
				<ele>926.133484</ele>
				<time>2026-06-18T21:35:30Z</time>
			</trkpt>
			<trkpt lat="63.726704" lon="-149.249222">
				<ele>927.210205</ele>
				<time>2026-06-18T21:35:33Z</time>
			</trkpt>
			<trkpt lat="63.72673" lon="-149.249191">
				<ele>927.496094</ele>
				<time>2026-06-18T21:35:35Z</time>
			</trkpt>
			<trkpt lat="63.726753" lon="-149.24913">
				<ele>928.356262</ele>
				<time>2026-06-18T21:35:38Z</time>
			</trkpt>
			<trkpt lat="63.726776" lon="-149.24913">
				<ele>928.890198</ele>
				<time>2026-06-18T21:35:40Z</time>
			</trkpt>
			<trkpt lat="63.726795" lon="-149.2491">
				<ele>928.452759</ele>
				<time>2026-06-18T21:35:42Z</time>
			</trkpt>
			<trkpt lat="63.726814" lon="-149.249039">
				<ele>928.630066</ele>
				<time>2026-06-18T21:35:44Z</time>
			</trkpt>
			<trkpt lat="63.726814" lon="-149.249039">
				<ele>928.630066</ele>
				<time>2026-06-18T21:35:44Z</time>
			</trkpt>
			<trkpt lat="63.726837" lon="-149.248978">
				<ele>929.324341</ele>
				<time>2026-06-18T21:35:47Z</time>
			</trkpt>
			<trkpt lat="63.726852" lon="-149.248932">
				<ele>929.612976</ele>
				<time>2026-06-18T21:35:49Z</time>
			</trkpt>
			<trkpt lat="63.726868" lon="-149.248901">
				<ele>929.015198</ele>
				<time>2026-06-18T21:35:51Z</time>
			</trkpt>
			<trkpt lat="63.726891" lon="-149.248871">
				<ele>929.01178</ele>
				<time>2026-06-18T21:35:53Z</time>
			</trkpt>
			<trkpt lat="63.72691" lon="-149.248825">
				<ele>928.73407</ele>
				<time>2026-06-18T21:35:55Z</time>
			</trkpt>
			<trkpt lat="63.726925" lon="-149.24881">
				<ele>929.529175</ele>
				<time>2026-06-18T21:35:57Z</time>
			</trkpt>
			<trkpt lat="63.726952" lon="-149.248764">
				<ele>929.790283</ele>
				<time>2026-06-18T21:36:00Z</time>
			</trkpt>
			<trkpt lat="63.726974" lon="-149.248734">
				<ele>930.269775</ele>
				<time>2026-06-18T21:36:03Z</time>
			</trkpt>
			<trkpt lat="63.726974" lon="-149.248734">
				<ele>930.269775</ele>
				<time>2026-06-18T21:36:03Z</time>
			</trkpt>
			<trkpt lat="63.726994" lon="-149.248703">
				<ele>930.796387</ele>
				<time>2026-06-18T21:36:05Z</time>
			</trkpt>
			<trkpt lat="63.727013" lon="-149.248657">
				<ele>930.764404</ele>
				<time>2026-06-18T21:36:07Z</time>
			</trkpt>
			<trkpt lat="63.727028" lon="-149.248611">
				<ele>931.280334</ele>
				<time>2026-06-18T21:36:10Z</time>
			</trkpt>
			<trkpt lat="63.727047" lon="-149.248581">
				<ele>932.044006</ele>
				<time>2026-06-18T21:36:12Z</time>
			</trkpt>
			<trkpt lat="63.727066" lon="-149.24855">
				<ele>933.570496</ele>
				<time>2026-06-18T21:36:15Z</time>
			</trkpt>
			<trkpt lat="63.727093" lon="-149.248581">
				<ele>931.898315</ele>
				<time>2026-06-18T21:36:22Z</time>
			</trkpt>
			<trkpt lat="63.727093" lon="-149.248581">
				<ele>931.898315</ele>
				<time>2026-06-18T21:36:22Z</time>
			</trkpt>
			<trkpt lat="63.727116" lon="-149.24852">
				<ele>931.55835</ele>
				<time>2026-06-18T21:36:49Z</time>
			</trkpt>
			<trkpt lat="63.727116" lon="-149.24852">
				<ele>931.55835</ele>
				<time>2026-06-18T21:36:49Z</time>
			</trkpt>
			<trkpt lat="63.727139" lon="-149.248489">
				<ele>931.296448</ele>
				<time>2026-06-18T21:36:52Z</time>
			</trkpt>
			<trkpt lat="63.727161" lon="-149.248444">
				<ele>932.514709</ele>
				<time>2026-06-18T21:36:55Z</time>
			</trkpt>
			<trkpt lat="63.727192" lon="-149.248444">
				<ele>933.339355</ele>
				<time>2026-06-18T21:36:58Z</time>
			</trkpt>
			<trkpt lat="63.727222" lon="-149.248428">
				<ele>933.606445</ele>
				<time>2026-06-18T21:37:01Z</time>
			</trkpt>
			<trkpt lat="63.727249" lon="-149.248413">
				<ele>933.264099</ele>
				<time>2026-06-18T21:37:03Z</time>
			</trkpt>
			<trkpt lat="63.727276" lon="-149.248413">
				<ele>934.427917</ele>
				<time>2026-06-18T21:37:06Z</time>
			</trkpt>
			<trkpt lat="63.727306" lon="-149.248413">
				<ele>935.134094</ele>
				<time>2026-06-18T21:37:09Z</time>
			</trkpt>
			<trkpt lat="63.727306" lon="-149.248413">
				<ele>935.134094</ele>
				<time>2026-06-18T21:37:09Z</time>
			</trkpt>
			<trkpt lat="63.727337" lon="-149.248398">
				<ele>935.22583</ele>
				<time>2026-06-18T21:37:12Z</time>
			</trkpt>
			<trkpt lat="63.727367" lon="-149.248383">
				<ele>935.782227</ele>
				<time>2026-06-18T21:37:15Z</time>
			</trkpt>
			<trkpt lat="63.727402" lon="-149.248291">
				<ele>936.913391</ele>
				<time>2026-06-18T21:37:21Z</time>
			</trkpt>
			<trkpt lat="63.727428" lon="-149.24826">
				<ele>937.313049</ele>
				<time>2026-06-18T21:37:24Z</time>
			</trkpt>
			<trkpt lat="63.727448" lon="-149.248215">
				<ele>937.444641</ele>
				<time>2026-06-18T21:37:27Z</time>
			</trkpt>
			<trkpt lat="63.727459" lon="-149.248154">
				<ele>937.510254</ele>
				<time>2026-06-18T21:37:29Z</time>
			</trkpt>
			<trkpt lat="63.727459" lon="-149.248154">
				<ele>937.510254</ele>
				<time>2026-06-18T21:37:29Z</time>
			</trkpt>
			<trkpt lat="63.727489" lon="-149.248108">
				<ele>937.409302</ele>
				<time>2026-06-18T21:37:32Z</time>
			</trkpt>
			<trkpt lat="63.727516" lon="-149.248093">
				<ele>938.597351</ele>
				<time>2026-06-18T21:37:35Z</time>
			</trkpt>
			<trkpt lat="63.727535" lon="-149.248047">
				<ele>937.955505</ele>
				<time>2026-06-18T21:37:37Z</time>
			</trkpt>
			<trkpt lat="63.727554" lon="-149.248016">
				<ele>938.365173</ele>
				<time>2026-06-18T21:37:39Z</time>
			</trkpt>
			<trkpt lat="63.727577" lon="-149.248001">
				<ele>939.387451</ele>
				<time>2026-06-18T21:37:41Z</time>
			</trkpt>
			<trkpt lat="63.7276" lon="-149.247986">
				<ele>939.398071</ele>
				<time>2026-06-18T21:37:43Z</time>
			</trkpt>
			<trkpt lat="63.727623" lon="-149.24794">
				<ele>940.655029</ele>
				<time>2026-06-18T21:37:46Z</time>
			</trkpt>
			<trkpt lat="63.727642" lon="-149.24791">
				<ele>940.621704</ele>
				<time>2026-06-18T21:37:48Z</time>
			</trkpt>
			<trkpt lat="63.727642" lon="-149.24791">
				<ele>940.621704</ele>
				<time>2026-06-18T21:37:48Z</time>
			</trkpt>
			<trkpt lat="63.72768" lon="-149.247864">
				<ele>941.89447</ele>
				<time>2026-06-18T21:37:52Z</time>
			</trkpt>
			<trkpt lat="63.727703" lon="-149.247849">
				<ele>942.011597</ele>
				<time>2026-06-18T21:37:54Z</time>
			</trkpt>
			<trkpt lat="63.727737" lon="-149.247849">
				<ele>943.188049</ele>
				<time>2026-06-18T21:37:57Z</time>
			</trkpt>
			<trkpt lat="63.727764" lon="-149.247818">
				<ele>943.750671</ele>
				<time>2026-06-18T21:38:00Z</time>
			</trkpt>
			<trkpt lat="63.727787" lon="-149.247787">
				<ele>944.253906</ele>
				<time>2026-06-18T21:38:02Z</time>
			</trkpt>
			<trkpt lat="63.72781" lon="-149.247787">
				<ele>944.879944</ele>
				<time>2026-06-18T21:38:04Z</time>
			</trkpt>
			<trkpt lat="63.727837" lon="-149.247787">
				<ele>944.884827</ele>
				<time>2026-06-18T21:38:06Z</time>
			</trkpt>
			<trkpt lat="63.727871" lon="-149.247787">
				<ele>944.708435</ele>
				<time>2026-06-18T21:38:09Z</time>
			</trkpt>
			<trkpt lat="63.727871" lon="-149.247787">
				<ele>944.708435</ele>
				<time>2026-06-18T21:38:09Z</time>
			</trkpt>
			<trkpt lat="63.727898" lon="-149.247772">
				<ele>945.082642</ele>
				<time>2026-06-18T21:38:12Z</time>
			</trkpt>
			<trkpt lat="63.727921" lon="-149.247772">
				<ele>944.768188</ele>
				<time>2026-06-18T21:38:14Z</time>
			</trkpt>
			<trkpt lat="63.727955" lon="-149.247803">
				<ele>945.426941</ele>
				<time>2026-06-18T21:38:17Z</time>
			</trkpt>
			<trkpt lat="63.727982" lon="-149.247803">
				<ele>945.447205</ele>
				<time>2026-06-18T21:38:19Z</time>
			</trkpt>
			<trkpt lat="63.728012" lon="-149.247818">
				<ele>946.575928</ele>
				<time>2026-06-18T21:38:22Z</time>
			</trkpt>
			<trkpt lat="63.728035" lon="-149.247803">
				<ele>946.797852</ele>
				<time>2026-06-18T21:38:24Z</time>
			</trkpt>
			<trkpt lat="63.728054" lon="-149.247818">
				<ele>945.926208</ele>
				<time>2026-06-18T21:38:26Z</time>
			</trkpt>
			<trkpt lat="63.728077" lon="-149.247787">
				<ele>946.114319</ele>
				<time>2026-06-18T21:38:28Z</time>
			</trkpt>
			<trkpt lat="63.728077" lon="-149.247787">
				<ele>946.114319</ele>
				<time>2026-06-18T21:38:28Z</time>
			</trkpt>
			<trkpt lat="63.728119" lon="-149.247757">
				<ele>946.949341</ele>
				<time>2026-06-18T21:38:32Z</time>
			</trkpt>
			<trkpt lat="63.728142" lon="-149.247742">
				<ele>947.832886</ele>
				<time>2026-06-18T21:38:34Z</time>
			</trkpt>
			<trkpt lat="63.728168" lon="-149.247711">
				<ele>948.365356</ele>
				<time>2026-06-18T21:38:37Z</time>
			</trkpt>
			<trkpt lat="63.728195" lon="-149.247696">
				<ele>947.751953</ele>
				<time>2026-06-18T21:38:39Z</time>
			</trkpt>
			<trkpt lat="63.728226" lon="-149.247681">
				<ele>948.654541</ele>
				<time>2026-06-18T21:38:42Z</time>
			</trkpt>
			<trkpt lat="63.728249" lon="-149.24765">
				<ele>949.317261</ele>
				<time>2026-06-18T21:38:44Z</time>
			</trkpt>
			<trkpt lat="63.728268" lon="-149.24762">
				<ele>949.049011</ele>
				<time>2026-06-18T21:38:46Z</time>
			</trkpt>
			<trkpt lat="63.728287" lon="-149.247574">
				<ele>949.946899</ele>
				<time>2026-06-18T21:38:49Z</time>
			</trkpt>
			<trkpt lat="63.728287" lon="-149.247574">
				<ele>949.946899</ele>
				<time>2026-06-18T21:38:49Z</time>
			</trkpt>
			<trkpt lat="63.728306" lon="-149.247543">
				<ele>949.744019</ele>
				<time>2026-06-18T21:38:51Z</time>
			</trkpt>
			<trkpt lat="63.728325" lon="-149.247513">
				<ele>950.380676</ele>
				<time>2026-06-18T21:38:53Z</time>
			</trkpt>
			<trkpt lat="63.728344" lon="-149.247482">
				<ele>950.449158</ele>
				<time>2026-06-18T21:38:55Z</time>
			</trkpt>
			<trkpt lat="63.728363" lon="-149.247437">
				<ele>949.902283</ele>
				<time>2026-06-18T21:38:57Z</time>
			</trkpt>
			<trkpt lat="63.728382" lon="-149.247391">
				<ele>949.655457</ele>
				<time>2026-06-18T21:38:59Z</time>
			</trkpt>
			<trkpt lat="63.728397" lon="-149.24736">
				<ele>950.140869</ele>
				<time>2026-06-18T21:39:01Z</time>
			</trkpt>
			<trkpt lat="63.728443" lon="-149.247314">
				<ele>951.652832</ele>
				<time>2026-06-18T21:39:05Z</time>
			</trkpt>
			<trkpt lat="63.728462" lon="-149.247269">
				<ele>952.083252</ele>
				<time>2026-06-18T21:39:08Z</time>
			</trkpt>
			<trkpt lat="63.728462" lon="-149.247269">
				<ele>952.083252</ele>
				<time>2026-06-18T21:39:08Z</time>
			</trkpt>
			<trkpt lat="63.728477" lon="-149.247223">
				<ele>952.481323</ele>
				<time>2026-06-18T21:39:10Z</time>
			</trkpt>
			<trkpt lat="63.7285" lon="-149.247208">
				<ele>952.620178</ele>
				<time>2026-06-18T21:39:12Z</time>
			</trkpt>
			<trkpt lat="63.728519" lon="-149.247162">
				<ele>953.250549</ele>
				<time>2026-06-18T21:39:14Z</time>
			</trkpt>
			<trkpt lat="63.728542" lon="-149.247131">
				<ele>953.089417</ele>
				<time>2026-06-18T21:39:16Z</time>
			</trkpt>
			<trkpt lat="63.728558" lon="-149.247086">
				<ele>953.259094</ele>
				<time>2026-06-18T21:39:18Z</time>
			</trkpt>
			<trkpt lat="63.72858" lon="-149.24707">
				<ele>953.344666</ele>
				<time>2026-06-18T21:39:20Z</time>
			</trkpt>
			<trkpt lat="63.728596" lon="-149.24704">
				<ele>953.155396</ele>
				<time>2026-06-18T21:39:21Z</time>
			</trkpt>
			<trkpt lat="63.728619" lon="-149.247009">
				<ele>953.03479</ele>
				<time>2026-06-18T21:39:23Z</time>
			</trkpt>
			<trkpt lat="63.728645" lon="-149.247009">
				<ele>953.729187</ele>
				<time>2026-06-18T21:39:25Z</time>
			</trkpt>
			<trkpt lat="63.728664" lon="-149.246979">
				<ele>954.684692</ele>
				<time>2026-06-18T21:39:27Z</time>
			</trkpt>
			<trkpt lat="63.728664" lon="-149.246979">
				<ele>954.684692</ele>
				<time>2026-06-18T21:39:27Z</time>
			</trkpt>
			<trkpt lat="63.728683" lon="-149.246948">
				<ele>955.099121</ele>
				<time>2026-06-18T21:39:29Z</time>
			</trkpt>
			<trkpt lat="63.728703" lon="-149.246918">
				<ele>954.620117</ele>
				<time>2026-06-18T21:39:31Z</time>
			</trkpt>
			<trkpt lat="63.728725" lon="-149.246887">
				<ele>955.309204</ele>
				<time>2026-06-18T21:39:33Z</time>
			</trkpt>
			<trkpt lat="63.728775" lon="-149.246857">
				<ele>955.66864</ele>
				<time>2026-06-18T21:39:37Z</time>
			</trkpt>
			<trkpt lat="63.728794" lon="-149.246826">
				<ele>956.375977</ele>
				<time>2026-06-18T21:39:39Z</time>
			</trkpt>
			<trkpt lat="63.728828" lon="-149.246811">
				<ele>956.564697</ele>
				<time>2026-06-18T21:39:42Z</time>
			</trkpt>
			<trkpt lat="63.728851" lon="-149.246796">
				<ele>955.942078</ele>
				<time>2026-06-18T21:39:44Z</time>
			</trkpt>
			<trkpt lat="63.728878" lon="-149.246765">
				<ele>955.827759</ele>
				<time>2026-06-18T21:39:46Z</time>
			</trkpt>
			<trkpt lat="63.728878" lon="-149.246765">
				<ele>955.827759</ele>
				<time>2026-06-18T21:39:46Z</time>
			</trkpt>
			<trkpt lat="63.728901" lon="-149.246765">
				<ele>956.427307</ele>
				<time>2026-06-18T21:39:48Z</time>
			</trkpt>
			<trkpt lat="63.728928" lon="-149.246719">
				<ele>956.867981</ele>
				<time>2026-06-18T21:39:51Z</time>
			</trkpt>
			<trkpt lat="63.728951" lon="-149.246704">
				<ele>957.008545</ele>
				<time>2026-06-18T21:39:53Z</time>
			</trkpt>
			<trkpt lat="63.728981" lon="-149.246689">
				<ele>956.577271</ele>
				<time>2026-06-18T21:39:55Z</time>
			</trkpt>
			<trkpt lat="63.729008" lon="-149.246674">
				<ele>956.885803</ele>
				<time>2026-06-18T21:39:57Z</time>
			</trkpt>
			<trkpt lat="63.729034" lon="-149.246674">
				<ele>956.223938</ele>
				<time>2026-06-18T21:39:59Z</time>
			</trkpt>
			<trkpt lat="63.729053" lon="-149.246628">
				<ele>957.152832</ele>
				<time>2026-06-18T21:40:01Z</time>
			</trkpt>
			<trkpt lat="63.729084" lon="-149.246613">
				<ele>956.327332</ele>
				<time>2026-06-18T21:40:04Z</time>
			</trkpt>
			<trkpt lat="63.729103" lon="-149.246582">
				<ele>955.934204</ele>
				<time>2026-06-18T21:40:06Z</time>
			</trkpt>
			<trkpt lat="63.729103" lon="-149.246582">
				<ele>955.934204</ele>
				<time>2026-06-18T21:40:06Z</time>
			</trkpt>
			<trkpt lat="63.729137" lon="-149.246552">
				<ele>956.933594</ele>
				<time>2026-06-18T21:40:09Z</time>
			</trkpt>
			<trkpt lat="63.729156" lon="-149.246506">
				<ele>956.573364</ele>
				<time>2026-06-18T21:40:11Z</time>
			</trkpt>
			<trkpt lat="63.729176" lon="-149.246475">
				<ele>957.428955</ele>
				<time>2026-06-18T21:40:13Z</time>
			</trkpt>
			<trkpt lat="63.729202" lon="-149.24646">
				<ele>956.589111</ele>
				<time>2026-06-18T21:40:15Z</time>
			</trkpt>
			<trkpt lat="63.729225" lon="-149.246429">
				<ele>956.5401</ele>
				<time>2026-06-18T21:40:17Z</time>
			</trkpt>
			<trkpt lat="63.729248" lon="-149.246414">
				<ele>957.287781</ele>
				<time>2026-06-18T21:40:19Z</time>
			</trkpt>
			<trkpt lat="63.729271" lon="-149.246368">
				<ele>958.429016</ele>
				<time>2026-06-18T21:40:22Z</time>
			</trkpt>
			<trkpt lat="63.729286" lon="-149.246323">
				<ele>960.141541</ele>
				<time>2026-06-18T21:40:24Z</time>
			</trkpt>
			<trkpt lat="63.729298" lon="-149.246292">
				<ele>959.01886</ele>
				<time>2026-06-18T21:40:26Z</time>
			</trkpt>
			<trkpt lat="63.729298" lon="-149.246292">
				<ele>959.01886</ele>
				<time>2026-06-18T21:40:26Z</time>
			</trkpt>
			<trkpt lat="63.729328" lon="-149.246277">
				<ele>959.398315</ele>
				<time>2026-06-18T21:40:28Z</time>
			</trkpt>
			<trkpt lat="63.729343" lon="-149.246246">
				<ele>959.278198</ele>
				<time>2026-06-18T21:40:30Z</time>
			</trkpt>
			<trkpt lat="63.729359" lon="-149.246216">
				<ele>960.095459</ele>
				<time>2026-06-18T21:40:32Z</time>
			</trkpt>
			<trkpt lat="63.729374" lon="-149.24617">
				<ele>960.752991</ele>
				<time>2026-06-18T21:40:34Z</time>
			</trkpt>
			<trkpt lat="63.729401" lon="-149.246124">
				<ele>960.426758</ele>
				<time>2026-06-18T21:40:37Z</time>
			</trkpt>
			<trkpt lat="63.729412" lon="-149.246078">
				<ele>960.054993</ele>
				<time>2026-06-18T21:40:40Z</time>
			</trkpt>
			<trkpt lat="63.729443" lon="-149.246048">
				<ele>960.416199</ele>
				<time>2026-06-18T21:40:42Z</time>
			</trkpt>
			<trkpt lat="63.729465" lon="-149.246033">
				<ele>960.50415</ele>
				<time>2026-06-18T21:40:44Z</time>
			</trkpt>
			<trkpt lat="63.729485" lon="-149.246002">
				<ele>960.421143</ele>
				<time>2026-06-18T21:40:46Z</time>
			</trkpt>
			<trkpt lat="63.729485" lon="-149.246002">
				<ele>960.421143</ele>
				<time>2026-06-18T21:40:46Z</time>
			</trkpt>
			<trkpt lat="63.729507" lon="-149.245956">
				<ele>961.08252</ele>
				<time>2026-06-18T21:40:49Z</time>
			</trkpt>
			<trkpt lat="63.72953" lon="-149.245926">
				<ele>960.771973</ele>
				<time>2026-06-18T21:40:51Z</time>
			</trkpt>
			<trkpt lat="63.729549" lon="-149.245911">
				<ele>960.627563</ele>
				<time>2026-06-18T21:40:53Z</time>
			</trkpt>
			<trkpt lat="63.729572" lon="-149.245865">
				<ele>961.267822</ele>
				<time>2026-06-18T21:40:55Z</time>
			</trkpt>
			<trkpt lat="63.729591" lon="-149.24585">
				<ele>961.962219</ele>
				<time>2026-06-18T21:40:57Z</time>
			</trkpt>
			<trkpt lat="63.72961" lon="-149.245819">
				<ele>961.890869</ele>
				<time>2026-06-18T21:40:59Z</time>
			</trkpt>
			<trkpt lat="63.72963" lon="-149.245789">
				<ele>962.103394</ele>
				<time>2026-06-18T21:41:01Z</time>
			</trkpt>
			<trkpt lat="63.729652" lon="-149.245743">
				<ele>962.190308</ele>
				<time>2026-06-18T21:41:04Z</time>
			</trkpt>
			<trkpt lat="63.729683" lon="-149.245712">
				<ele>962.069824</ele>
				<time>2026-06-18T21:41:06Z</time>
			</trkpt>
			<trkpt lat="63.729683" lon="-149.245712">
				<ele>962.069824</ele>
				<time>2026-06-18T21:41:06Z</time>
			</trkpt>
			<trkpt lat="63.72971" lon="-149.245712">
				<ele>962.875549</ele>
				<time>2026-06-18T21:41:08Z</time>
			</trkpt>
			<trkpt lat="63.72974" lon="-149.245697">
				<ele>961.905579</ele>
				<time>2026-06-18T21:41:10Z</time>
			</trkpt>
			<trkpt lat="63.729767" lon="-149.245697">
				<ele>962.282898</ele>
				<time>2026-06-18T21:41:12Z</time>
			</trkpt>
			<trkpt lat="63.729794" lon="-149.245697">
				<ele>962.915649</ele>
				<time>2026-06-18T21:41:14Z</time>
			</trkpt>
			<trkpt lat="63.729824" lon="-149.245697">
				<ele>962.668701</ele>
				<time>2026-06-18T21:41:16Z</time>
			</trkpt>
			<trkpt lat="63.729855" lon="-149.245697">
				<ele>962.579468</ele>
				<time>2026-06-18T21:41:18Z</time>
			</trkpt>
			<trkpt lat="63.729881" lon="-149.245697">
				<ele>964.192017</ele>
				<time>2026-06-18T21:41:20Z</time>
			</trkpt>
			<trkpt lat="63.729908" lon="-149.245682">
				<ele>964.060852</ele>
				<time>2026-06-18T21:41:22Z</time>
			</trkpt>
			<trkpt lat="63.729931" lon="-149.245697">
				<ele>965.231812</ele>
				<time>2026-06-18T21:41:24Z</time>
			</trkpt>
			<trkpt lat="63.729958" lon="-149.245728">
				<ele>965.045288</ele>
				<time>2026-06-18T21:41:26Z</time>
			</trkpt>
			<trkpt lat="63.729958" lon="-149.245728">
				<ele>965.045288</ele>
				<time>2026-06-18T21:41:26Z</time>
			</trkpt>
			<trkpt lat="63.729984" lon="-149.245712">
				<ele>965.485046</ele>
				<time>2026-06-18T21:41:28Z</time>
			</trkpt>
			<trkpt lat="63.730003" lon="-149.245743">
				<ele>966.805115</ele>
				<time>2026-06-18T21:41:30Z</time>
			</trkpt>
			<trkpt lat="63.73003" lon="-149.245743">
				<ele>967.609375</ele>
				<time>2026-06-18T21:41:32Z</time>
			</trkpt>
			<trkpt lat="63.730053" lon="-149.245773">
				<ele>967.14679</ele>
				<time>2026-06-18T21:41:34Z</time>
			</trkpt>
			<trkpt lat="63.73008" lon="-149.245773">
				<ele>967.117126</ele>
				<time>2026-06-18T21:41:36Z</time>
			</trkpt>
			<trkpt lat="63.730103" lon="-149.245773">
				<ele>966.013794</ele>
				<time>2026-06-18T21:41:38Z</time>
			</trkpt>
			<trkpt lat="63.730125" lon="-149.245743">
				<ele>965.025391</ele>
				<time>2026-06-18T21:41:40Z</time>
			</trkpt>
			<trkpt lat="63.730145" lon="-149.245697">
				<ele>965.587036</ele>
				<time>2026-06-18T21:41:43Z</time>
			</trkpt>
			<trkpt lat="63.730167" lon="-149.245667">
				<ele>966.193115</ele>
				<time>2026-06-18T21:41:45Z</time>
			</trkpt>
			<trkpt lat="63.730167" lon="-149.245667">
				<ele>966.193115</ele>
				<time>2026-06-18T21:41:45Z</time>
			</trkpt>
			<trkpt lat="63.730194" lon="-149.245621">
				<ele>966.084534</ele>
				<time>2026-06-18T21:42:41Z</time>
			</trkpt>
			<trkpt lat="63.730194" lon="-149.245621">
				<ele>966.084534</ele>
				<time>2026-06-18T21:42:41Z</time>
			</trkpt>
			<trkpt lat="63.730221" lon="-149.24556">
				<ele>965.64447</ele>
				<time>2026-06-18T21:42:44Z</time>
			</trkpt>
			<trkpt lat="63.730289" lon="-149.245514">
				<ele>967.833008</ele>
				<time>2026-06-18T21:42:51Z</time>
			</trkpt>
			<trkpt lat="63.730312" lon="-149.245453">
				<ele>967.81897</ele>
				<time>2026-06-18T21:42:55Z</time>
			</trkpt>
			<trkpt lat="63.730339" lon="-149.245407">
				<ele>968.457031</ele>
				<time>2026-06-18T21:42:58Z</time>
			</trkpt>
			<trkpt lat="63.730366" lon="-149.245392">
				<ele>967.266724</ele>
				<time>2026-06-18T21:43:07Z</time>
			</trkpt>
			<trkpt lat="63.730366" lon="-149.245392">
				<ele>967.266724</ele>
				<time>2026-06-18T21:43:07Z</time>
			</trkpt>
			<trkpt lat="63.730392" lon="-149.245361">
				<ele>967.898376</ele>
				<time>2026-06-18T21:43:10Z</time>
			</trkpt>
			<trkpt lat="63.730412" lon="-149.245316">
				<ele>968.386047</ele>
				<time>2026-06-18T21:43:13Z</time>
			</trkpt>
			<trkpt lat="63.730457" lon="-149.24527">
				<ele>967.796631</ele>
				<time>2026-06-18T21:43:17Z</time>
			</trkpt>
			<trkpt lat="63.730484" lon="-149.245224">
				<ele>968.335266</ele>
				<time>2026-06-18T21:43:20Z</time>
			</trkpt>
			<trkpt lat="63.730507" lon="-149.245193">
				<ele>967.712341</ele>
				<time>2026-06-18T21:43:22Z</time>
			</trkpt>
			<trkpt lat="63.730522" lon="-149.245148">
				<ele>969.379395</ele>
				<time>2026-06-18T21:43:24Z</time>
			</trkpt>
			<trkpt lat="63.730553" lon="-149.245132">
				<ele>968.968323</ele>
				<time>2026-06-18T21:43:27Z</time>
			</trkpt>
			<trkpt lat="63.730553" lon="-149.245132">
				<ele>968.968323</ele>
				<time>2026-06-18T21:43:27Z</time>
			</trkpt>
			<trkpt lat="63.730579" lon="-149.245132">
				<ele>969.456726</ele>
				<time>2026-06-18T21:43:29Z</time>
			</trkpt>
			<trkpt lat="63.730614" lon="-149.245117">
				<ele>969.897705</ele>
				<time>2026-06-18T21:43:32Z</time>
			</trkpt>
			<trkpt lat="63.730633" lon="-149.245071">
				<ele>969.906494</ele>
				<time>2026-06-18T21:43:34Z</time>
			</trkpt>
			<trkpt lat="63.730656" lon="-149.245056">
				<ele>969.683777</ele>
				<time>2026-06-18T21:43:36Z</time>
			</trkpt>
			<trkpt lat="63.730686" lon="-149.245056">
				<ele>969.880615</ele>
				<time>2026-06-18T21:43:39Z</time>
			</trkpt>
			<trkpt lat="63.730713" lon="-149.245041">
				<ele>970.710876</ele>
				<time>2026-06-18T21:43:42Z</time>
			</trkpt>
			<trkpt lat="63.730736" lon="-149.245026">
				<ele>970.834839</ele>
				<time>2026-06-18T21:43:44Z</time>
			</trkpt>
			<trkpt lat="63.730759" lon="-149.245026">
				<ele>971.208313</ele>
				<time>2026-06-18T21:43:46Z</time>
			</trkpt>
			<trkpt lat="63.730759" lon="-149.245026">
				<ele>971.208313</ele>
				<time>2026-06-18T21:43:46Z</time>
			</trkpt>
			<trkpt lat="63.730785" lon="-149.24501">
				<ele>971.688843</ele>
				<time>2026-06-18T21:43:49Z</time>
			</trkpt>
			<trkpt lat="63.73082" lon="-149.24498">
				<ele>971.379333</ele>
				<time>2026-06-18T21:43:52Z</time>
			</trkpt>
			<trkpt lat="63.730846" lon="-149.24498">
				<ele>971.409302</ele>
				<time>2026-06-18T21:43:54Z</time>
			</trkpt>
			<trkpt lat="63.730877" lon="-149.244965">
				<ele>972.391846</ele>
				<time>2026-06-18T21:43:57Z</time>
			</trkpt>
			<trkpt lat="63.730896" lon="-149.244934">
				<ele>973.384644</ele>
				<time>2026-06-18T21:43:59Z</time>
			</trkpt>
			<trkpt lat="63.730919" lon="-149.244934">
				<ele>973.200806</ele>
				<time>2026-06-18T21:44:01Z</time>
			</trkpt>
			<trkpt lat="63.730949" lon="-149.244919">
				<ele>973.086609</ele>
				<time>2026-06-18T21:44:04Z</time>
			</trkpt>
			<trkpt lat="63.730976" lon="-149.244919">
				<ele>973.129517</ele>
				<time>2026-06-18T21:44:06Z</time>
			</trkpt>
			<trkpt lat="63.730976" lon="-149.244919">
				<ele>973.129517</ele>
				<time>2026-06-18T21:44:06Z</time>
			</trkpt>
			<trkpt lat="63.731049" lon="-149.244904">
				<ele>974.920837</ele>
				<time>2026-06-18T21:44:13Z</time>
			</trkpt>
			<trkpt lat="63.731075" lon="-149.244919">
				<ele>975.072815</ele>
				<time>2026-06-18T21:44:16Z</time>
			</trkpt>
			<trkpt lat="63.731106" lon="-149.244919">
				<ele>975.266907</ele>
				<time>2026-06-18T21:44:19Z</time>
			</trkpt>
			<trkpt lat="63.731133" lon="-149.244919">
				<ele>975.861206</ele>
				<time>2026-06-18T21:44:22Z</time>
			</trkpt>
			<trkpt lat="63.731163" lon="-149.244888">
				<ele>976.139648</ele>
				<time>2026-06-18T21:44:25Z</time>
			</trkpt>
			<trkpt lat="63.731163" lon="-149.244888">
				<ele>976.139648</ele>
				<time>2026-06-18T21:44:25Z</time>
			</trkpt>
			<trkpt lat="63.731182" lon="-149.244858">
				<ele>976.920532</ele>
				<time>2026-06-18T21:44:27Z</time>
			</trkpt>
			<trkpt lat="63.731216" lon="-149.244843">
				<ele>977.729919</ele>
				<time>2026-06-18T21:44:30Z</time>
			</trkpt>
			<trkpt lat="63.731243" lon="-149.244843">
				<ele>977.664246</ele>
				<time>2026-06-18T21:44:32Z</time>
			</trkpt>
			<trkpt lat="63.73127" lon="-149.244812">
				<ele>978.518005</ele>
				<time>2026-06-18T21:44:35Z</time>
			</trkpt>
			<trkpt lat="63.731297" lon="-149.244797">
				<ele>978.896179</ele>
				<time>2026-06-18T21:44:38Z</time>
			</trkpt>
			<trkpt lat="63.731331" lon="-149.244797">
				<ele>978.73468</ele>
				<time>2026-06-18T21:44:41Z</time>
			</trkpt>
			<trkpt lat="63.731354" lon="-149.244812">
				<ele>979.00293</ele>
				<time>2026-06-18T21:44:43Z</time>
			</trkpt>
			<trkpt lat="63.73138" lon="-149.244797">
				<ele>979.135986</ele>
				<time>2026-06-18T21:44:45Z</time>
			</trkpt>
			<trkpt lat="63.73138" lon="-149.244797">
				<ele>979.135986</ele>
				<time>2026-06-18T21:44:45Z</time>
			</trkpt>
			<trkpt lat="63.731407" lon="-149.244812">
				<ele>977.968933</ele>
				<time>2026-06-18T21:44:47Z</time>
			</trkpt>
			<trkpt lat="63.731441" lon="-149.244827">
				<ele>978.620605</ele>
				<time>2026-06-18T21:44:50Z</time>
			</trkpt>
			<trkpt lat="63.731476" lon="-149.244843">
				<ele>979.794067</ele>
				<time>2026-06-18T21:44:53Z</time>
			</trkpt>
			<trkpt lat="63.731514" lon="-149.244827">
				<ele>979.98291</ele>
				<time>2026-06-18T21:44:56Z</time>
			</trkpt>
			<trkpt lat="63.731544" lon="-149.244858">
				<ele>979.220703</ele>
				<time>2026-06-18T21:44:59Z</time>
			</trkpt>
			<trkpt lat="63.731567" lon="-149.244888">
				<ele>979.676636</ele>
				<time>2026-06-18T21:45:01Z</time>
			</trkpt>
			<trkpt lat="63.73159" lon="-149.244858">
				<ele>980.480835</ele>
				<time>2026-06-18T21:45:04Z</time>
			</trkpt>
			<trkpt lat="63.73159" lon="-149.244858">
				<ele>980.480835</ele>
				<time>2026-06-18T21:45:04Z</time>
			</trkpt>
			<trkpt lat="63.731625" lon="-149.244858">
				<ele>979.94519</ele>
				<time>2026-06-18T21:45:07Z</time>
			</trkpt>
			<trkpt lat="63.731659" lon="-149.244873">
				<ele>980.833496</ele>
				<time>2026-06-18T21:45:10Z</time>
			</trkpt>
			<trkpt lat="63.731682" lon="-149.244858">
				<ele>980.273499</ele>
				<time>2026-06-18T21:45:13Z</time>
			</trkpt>
			<trkpt lat="63.731709" lon="-149.244873">
				<ele>981.171875</ele>
				<time>2026-06-18T21:45:15Z</time>
			</trkpt>
			<trkpt lat="63.731739" lon="-149.244873">
				<ele>981.621582</ele>
				<time>2026-06-18T21:45:18Z</time>
			</trkpt>
			<trkpt lat="63.731762" lon="-149.244888">
				<ele>981.959167</ele>
				<time>2026-06-18T21:45:20Z</time>
			</trkpt>
			<trkpt lat="63.731792" lon="-149.244888">
				<ele>984.021912</ele>
				<time>2026-06-18T21:45:23Z</time>
			</trkpt>
			<trkpt lat="63.731792" lon="-149.244888">
				<ele>984.021912</ele>
				<time>2026-06-18T21:45:23Z</time>
			</trkpt>
			<trkpt lat="63.731815" lon="-149.244904">
				<ele>983.400208</ele>
				<time>2026-06-18T21:45:25Z</time>
			</trkpt>
			<trkpt lat="63.731834" lon="-149.244904">
				<ele>984.501831</ele>
				<time>2026-06-18T21:45:27Z</time>
			</trkpt>
			<trkpt lat="63.731857" lon="-149.244904">
				<ele>984.617249</ele>
				<time>2026-06-18T21:45:29Z</time>
			</trkpt>
			<trkpt lat="63.731884" lon="-149.244858">
				<ele>986.172119</ele>
				<time>2026-06-18T21:45:32Z</time>
			</trkpt>
			<trkpt lat="63.731907" lon="-149.244843">
				<ele>987.435242</ele>
				<time>2026-06-18T21:45:34Z</time>
			</trkpt>
			<trkpt lat="63.73193" lon="-149.244858">
				<ele>986.673645</ele>
				<time>2026-06-18T21:45:36Z</time>
			</trkpt>
			<trkpt lat="63.731949" lon="-149.244843">
				<ele>988.190552</ele>
				<time>2026-06-18T21:45:38Z</time>
			</trkpt>
			<trkpt lat="63.731972" lon="-149.244827">
				<ele>987.747253</ele>
				<time>2026-06-18T21:45:40Z</time>
			</trkpt>
			<trkpt lat="63.731998" lon="-149.244827">
				<ele>987.613892</ele>
				<time>2026-06-18T21:45:42Z</time>
			</trkpt>
			<trkpt lat="63.731998" lon="-149.244827">
				<ele>987.613892</ele>
				<time>2026-06-18T21:45:42Z</time>
			</trkpt>
			<trkpt lat="63.732018" lon="-149.244827">
				<ele>989.142517</ele>
				<time>2026-06-18T21:45:44Z</time>
			</trkpt>
			<trkpt lat="63.73204" lon="-149.244812">
				<ele>989.268799</ele>
				<time>2026-06-18T21:45:46Z</time>
			</trkpt>
			<trkpt lat="63.732059" lon="-149.244812">
				<ele>989.745056</ele>
				<time>2026-06-18T21:45:48Z</time>
			</trkpt>
			<trkpt lat="63.732086" lon="-149.244797">
				<ele>989.760742</ele>
				<time>2026-06-18T21:45:50Z</time>
			</trkpt>
			<trkpt lat="63.732101" lon="-149.244766">
				<ele>990.606628</ele>
				<time>2026-06-18T21:45:52Z</time>
			</trkpt>
			<trkpt lat="63.732113" lon="-149.244736">
				<ele>990.927124</ele>
				<time>2026-06-18T21:45:54Z</time>
			</trkpt>
			<trkpt lat="63.732136" lon="-149.24472">
				<ele>990.577515</ele>
				<time>2026-06-18T21:45:56Z</time>
			</trkpt>
			<trkpt lat="63.732166" lon="-149.244705">
				<ele>990.587219</ele>
				<time>2026-06-18T21:45:58Z</time>
			</trkpt>
			<trkpt lat="63.732185" lon="-149.244675">
				<ele>992.279907</ele>
				<time>2026-06-18T21:46:01Z</time>
			</trkpt>
			<trkpt lat="63.732185" lon="-149.244675">
				<ele>992.279907</ele>
				<time>2026-06-18T21:46:01Z</time>
			</trkpt>
			<trkpt lat="63.732212" lon="-149.24469">
				<ele>992.947693</ele>
				<time>2026-06-18T21:46:03Z</time>
			</trkpt>
			<trkpt lat="63.732243" lon="-149.244675">
				<ele>992.75061</ele>
				<time>2026-06-18T21:46:06Z</time>
			</trkpt>
			<trkpt lat="63.732269" lon="-149.244675">
				<ele>992.949829</ele>
				<time>2026-06-18T21:46:09Z</time>
			</trkpt>
			<trkpt lat="63.732292" lon="-149.244659">
				<ele>992.904358</ele>
				<time>2026-06-18T21:46:11Z</time>
			</trkpt>
			<trkpt lat="63.732315" lon="-149.244675">
				<ele>992.8573</ele>
				<time>2026-06-18T21:46:14Z</time>
			</trkpt>
			<trkpt lat="63.732338" lon="-149.24469">
				<ele>995.387939</ele>
				<time>2026-06-18T21:46:29Z</time>
			</trkpt>
			<trkpt lat="63.732338" lon="-149.24469">
				<ele>995.387939</ele>
				<time>2026-06-18T21:46:29Z</time>
			</trkpt>
			<trkpt lat="63.732368" lon="-149.24469">
				<ele>995.677795</ele>
				<time>2026-06-18T21:46:39Z</time>
			</trkpt>
			<trkpt lat="63.732395" lon="-149.244675">
				<ele>996.094299</ele>
				<time>2026-06-18T21:46:42Z</time>
			</trkpt>
			<trkpt lat="63.732418" lon="-149.24469">
				<ele>995.652222</ele>
				<time>2026-06-18T21:46:44Z</time>
			</trkpt>
			<trkpt lat="63.732449" lon="-149.244705">
				<ele>995.319641</ele>
				<time>2026-06-18T21:46:48Z</time>
			</trkpt>
			<trkpt lat="63.732479" lon="-149.244659">
				<ele>995.857788</ele>
				<time>2026-06-18T21:46:51Z</time>
			</trkpt>
			<trkpt lat="63.732479" lon="-149.244659">
				<ele>995.857788</ele>
				<time>2026-06-18T21:46:51Z</time>
			</trkpt>
			<trkpt lat="63.73251" lon="-149.244659">
				<ele>997.040466</ele>
				<time>2026-06-18T21:46:54Z</time>
			</trkpt>
			<trkpt lat="63.732563" lon="-149.244629">
				<ele>997.668457</ele>
				<time>2026-06-18T21:47:00Z</time>
			</trkpt>
			<trkpt lat="63.732586" lon="-149.244629">
				<ele>998.796448</ele>
				<time>2026-06-18T21:47:02Z</time>
			</trkpt>
			<trkpt lat="63.732616" lon="-149.244644">
				<ele>999.44519</ele>
				<time>2026-06-18T21:47:05Z</time>
			</trkpt>
			<trkpt lat="63.732647" lon="-149.244659">
				<ele>999.848938</ele>
				<time>2026-06-18T21:47:08Z</time>
			</trkpt>
			<trkpt lat="63.732681" lon="-149.244659">
				<ele>1000.744141</ele>
				<time>2026-06-18T21:47:11Z</time>
			</trkpt>
			<trkpt lat="63.732681" lon="-149.244659">
				<ele>1000.744141</ele>
				<time>2026-06-18T21:47:11Z</time>
			</trkpt>
			<trkpt lat="63.732704" lon="-149.24469">
				<ele>999.966248</ele>
				<time>2026-06-18T21:47:14Z</time>
			</trkpt>
			<trkpt lat="63.732735" lon="-149.244705">
				<ele>999.392456</ele>
				<time>2026-06-18T21:47:18Z</time>
			</trkpt>
			<trkpt lat="63.732758" lon="-149.24469">
				<ele>999.677063</ele>
				<time>2026-06-18T21:47:20Z</time>
			</trkpt>
			<trkpt lat="63.732792" lon="-149.24469">
				<ele>1001.256531</ele>
				<time>2026-06-18T21:47:23Z</time>
			</trkpt>
			<trkpt lat="63.732811" lon="-149.244705">
				<ele>1001.380615</ele>
				<time>2026-06-18T21:47:25Z</time>
			</trkpt>
			<trkpt lat="63.732841" lon="-149.24472">
				<ele>1001.429749</ele>
				<time>2026-06-18T21:47:28Z</time>
			</trkpt>
			<trkpt lat="63.732868" lon="-149.244675">
				<ele>1001.028809</ele>
				<time>2026-06-18T21:47:31Z</time>
			</trkpt>
			<trkpt lat="63.732868" lon="-149.244675">
				<ele>1001.028809</ele>
				<time>2026-06-18T21:47:31Z</time>
			</trkpt>
			<trkpt lat="63.732895" lon="-149.244659">
				<ele>1002.552063</ele>
				<time>2026-06-18T21:47:34Z</time>
			</trkpt>
			<trkpt lat="63.732914" lon="-149.244629">
				<ele>1002.185547</ele>
				<time>2026-06-18T21:47:36Z</time>
			</trkpt>
			<trkpt lat="63.732948" lon="-149.244629">
				<ele>1002.098877</ele>
				<time>2026-06-18T21:47:39Z</time>
			</trkpt>
			<trkpt lat="63.732967" lon="-149.244598">
				<ele>1002.320923</ele>
				<time>2026-06-18T21:47:42Z</time>
			</trkpt>
			<trkpt lat="63.73299" lon="-149.244598">
				<ele>1002.308105</ele>
				<time>2026-06-18T21:47:44Z</time>
			</trkpt>
			<trkpt lat="63.733021" lon="-149.244568">
				<ele>1002.457825</ele>
				<time>2026-06-18T21:47:47Z</time>
			</trkpt>
			<trkpt lat="63.733047" lon="-149.244583">
				<ele>1003.058838</ele>
				<time>2026-06-18T21:47:49Z</time>
			</trkpt>
			<trkpt lat="63.733074" lon="-149.244614">
				<ele>1003.01532</ele>
				<time>2026-06-18T21:47:53Z</time>
			</trkpt>
			<trkpt lat="63.733074" lon="-149.244614">
				<ele>1003.01532</ele>
				<time>2026-06-18T21:47:53Z</time>
			</trkpt>
			<trkpt lat="63.733097" lon="-149.244614">
				<ele>1002.617432</ele>
				<time>2026-06-18T21:47:55Z</time>
			</trkpt>
			<trkpt lat="63.733124" lon="-149.244598">
				<ele>1003.823792</ele>
				<time>2026-06-18T21:47:58Z</time>
			</trkpt>
			<trkpt lat="63.733158" lon="-149.244583">
				<ele>1003.469727</ele>
				<time>2026-06-18T21:48:01Z</time>
			</trkpt>
			<trkpt lat="63.733192" lon="-149.244598">
				<ele>1002.83252</ele>
				<time>2026-06-18T21:48:04Z</time>
			</trkpt>
			<trkpt lat="63.733212" lon="-149.244629">
				<ele>1002.758789</ele>
				<time>2026-06-18T21:48:06Z</time>
			</trkpt>
			<trkpt lat="63.733234" lon="-149.244644">
				<ele>1003.944458</ele>
				<time>2026-06-18T21:48:08Z</time>
			</trkpt>
			<trkpt lat="63.733265" lon="-149.244644">
				<ele>1004.407104</ele>
				<time>2026-06-18T21:48:11Z</time>
			</trkpt>
			<trkpt lat="63.733284" lon="-149.244614">
				<ele>1004.122009</ele>
				<time>2026-06-18T21:48:13Z</time>
			</trkpt>
			<trkpt lat="63.733284" lon="-149.244614">
				<ele>1004.122009</ele>
				<time>2026-06-18T21:48:13Z</time>
			</trkpt>
			<trkpt lat="63.733307" lon="-149.244614">
				<ele>1005.051453</ele>
				<time>2026-06-18T21:48:15Z</time>
			</trkpt>
			<trkpt lat="63.733337" lon="-149.244614">
				<ele>1004.862549</ele>
				<time>2026-06-18T21:48:18Z</time>
			</trkpt>
			<trkpt lat="63.73336" lon="-149.244644">
				<ele>1005.342224</ele>
				<time>2026-06-18T21:48:20Z</time>
			</trkpt>
			<trkpt lat="63.733387" lon="-149.244629">
				<ele>1004.823425</ele>
				<time>2026-06-18T21:48:23Z</time>
			</trkpt>
			<trkpt lat="63.73341" lon="-149.244644">
				<ele>1005.600952</ele>
				<time>2026-06-18T21:48:26Z</time>
			</trkpt>
			<trkpt lat="63.733437" lon="-149.244644">
				<ele>1006.186707</ele>
				<time>2026-06-18T21:48:29Z</time>
			</trkpt>
			<trkpt lat="63.733463" lon="-149.244629">
				<ele>1006.545959</ele>
				<time>2026-06-18T21:48:32Z</time>
			</trkpt>
			<trkpt lat="63.733463" lon="-149.244629">
				<ele>1006.545959</ele>
				<time>2026-06-18T21:48:32Z</time>
			</trkpt>
			<trkpt lat="63.733498" lon="-149.244629">
				<ele>1006.039124</ele>
				<time>2026-06-18T21:48:35Z</time>
			</trkpt>
			<trkpt lat="63.733528" lon="-149.244644">
				<ele>1006.317566</ele>
				<time>2026-06-18T21:48:38Z</time>
			</trkpt>
			<trkpt lat="63.733551" lon="-149.244659">
				<ele>1006.813293</ele>
				<time>2026-06-18T21:48:40Z</time>
			</trkpt>
			<trkpt lat="63.733578" lon="-149.244705">
				<ele>1006.727417</ele>
				<time>2026-06-18T21:48:43Z</time>
			</trkpt>
			<trkpt lat="63.733597" lon="-149.244736">
				<ele>1007.470581</ele>
				<time>2026-06-18T21:48:45Z</time>
			</trkpt>
			<trkpt lat="63.733624" lon="-149.244751">
				<ele>1008.584717</ele>
				<time>2026-06-18T21:48:48Z</time>
			</trkpt>
			<trkpt lat="63.733643" lon="-149.244751">
				<ele>1008.615356</ele>
				<time>2026-06-18T21:48:50Z</time>
			</trkpt>
			<trkpt lat="63.733673" lon="-149.244751">
				<ele>1008.281738</ele>
				<time>2026-06-18T21:48:53Z</time>
			</trkpt>
			<trkpt lat="63.733673" lon="-149.244751">
				<ele>1008.281738</ele>
				<time>2026-06-18T21:48:53Z</time>
			</trkpt>
			<trkpt lat="63.733696" lon="-149.244736">
				<ele>1008.74176</ele>
				<time>2026-06-18T21:48:56Z</time>
			</trkpt>
			<trkpt lat="63.733719" lon="-149.244736">
				<ele>1010.218018</ele>
				<time>2026-06-18T21:49:04Z</time>
			</trkpt>
			<trkpt lat="63.733746" lon="-149.244705">
				<ele>1010.65564</ele>
				<time>2026-06-18T21:49:07Z</time>
			</trkpt>
			<trkpt lat="63.733795" lon="-149.24472">
				<ele>1011.428711</ele>
				<time>2026-06-18T21:49:14Z</time>
			</trkpt>
			<trkpt lat="63.733795" lon="-149.24472">
				<ele>1011.428711</ele>
				<time>2026-06-18T21:49:14Z</time>
			</trkpt>
			<trkpt lat="63.733814" lon="-149.244736">
				<ele>1012.481689</ele>
				<time>2026-06-18T21:49:21Z</time>
			</trkpt>
			<trkpt lat="63.733822" lon="-149.244797">
				<ele>1012.179016</ele>
				<time>2026-06-18T21:49:27Z</time>
			</trkpt>
			<trkpt lat="63.733894" lon="-149.244736">
				<ele>1012.124756</ele>
				<time>2026-06-18T21:56:37Z</time>
			</trkpt>
			<trkpt lat="63.733894" lon="-149.244736">
				<ele>1012.124756</ele>
				<time>2026-06-18T21:56:37Z</time>
			</trkpt>
			<trkpt lat="63.733948" lon="-149.244736">
				<ele>1014.166565</ele>
				<time>2026-06-18T21:56:45Z</time>
			</trkpt>
			<trkpt lat="63.734001" lon="-149.24469">
				<ele>1015.126465</ele>
				<time>2026-06-18T21:56:51Z</time>
			</trkpt>
			<trkpt lat="63.734043" lon="-149.24469">
				<ele>1015.353333</ele>
				<time>2026-06-18T21:56:55Z</time>
			</trkpt>
			<trkpt lat="63.734077" lon="-149.244659">
				<ele>1014.509399</ele>
				<time>2026-06-18T21:56:59Z</time>
			</trkpt>
			<trkpt lat="63.734077" lon="-149.244659">
				<ele>1014.509399</ele>
				<time>2026-06-18T21:56:59Z</time>
			</trkpt>
			<trkpt lat="63.734112" lon="-149.244675">
				<ele>1014.160767</ele>
				<time>2026-06-18T21:57:02Z</time>
			</trkpt>
			<trkpt lat="63.734146" lon="-149.244659">
				<ele>1015.707214</ele>
				<time>2026-06-18T21:57:06Z</time>
			</trkpt>
			<trkpt lat="63.73418" lon="-149.244644">
				<ele>1015.872437</ele>
				<time>2026-06-18T21:57:10Z</time>
			</trkpt>
			<trkpt lat="63.734257" lon="-149.244659">
				<ele>1017.492065</ele>
				<time>2026-06-18T21:57:17Z</time>
			</trkpt>
			<trkpt lat="63.734287" lon="-149.244629">
				<ele>1018.008789</ele>
				<time>2026-06-18T21:57:20Z</time>
			</trkpt>
			<trkpt lat="63.734287" lon="-149.244629">
				<ele>1018.008789</ele>
				<time>2026-06-18T21:57:20Z</time>
			</trkpt>
			<trkpt lat="63.734318" lon="-149.244629">
				<ele>1019.253174</ele>
				<time>2026-06-18T21:57:24Z</time>
			</trkpt>
			<trkpt lat="63.734352" lon="-149.244629">
				<ele>1019.429565</ele>
				<time>2026-06-18T21:57:27Z</time>
			</trkpt>
			<trkpt lat="63.734383" lon="-149.244598">
				<ele>1020.209656</ele>
				<time>2026-06-18T21:57:31Z</time>
			</trkpt>
			<trkpt lat="63.734432" lon="-149.244537">
				<ele>1022.113342</ele>
				<time>2026-06-18T21:57:38Z</time>
			</trkpt>
			<trkpt lat="63.734467" lon="-149.244537">
				<ele>1021.422546</ele>
				<time>2026-06-18T21:57:41Z</time>
			</trkpt>
			<trkpt lat="63.734467" lon="-149.244537">
				<ele>1021.422546</ele>
				<time>2026-06-18T21:57:41Z</time>
			</trkpt>
			<trkpt lat="63.734489" lon="-149.244492">
				<ele>1022.378357</ele>
				<time>2026-06-18T21:57:45Z</time>
			</trkpt>
			<trkpt lat="63.734509" lon="-149.244431">
				<ele>1022.595886</ele>
				<time>2026-06-18T21:57:51Z</time>
			</trkpt>
			<trkpt lat="63.734535" lon="-149.244446">
				<ele>1023.243652</ele>
				<time>2026-06-18T21:58:13Z</time>
			</trkpt>
			<trkpt lat="63.734535" lon="-149.244446">
				<ele>1023.243652</ele>
				<time>2026-06-18T21:58:13Z</time>
			</trkpt>
			<trkpt lat="63.734562" lon="-149.2444">
				<ele>1024.026245</ele>
				<time>2026-06-18T21:58:17Z</time>
			</trkpt>
			<trkpt lat="63.734589" lon="-149.24437">
				<ele>1024.505859</ele>
				<time>2026-06-18T21:58:20Z</time>
			</trkpt>
			<trkpt lat="63.734615" lon="-149.244339">
				<ele>1025.787476</ele>
				<time>2026-06-18T21:58:24Z</time>
			</trkpt>
			<trkpt lat="63.73465" lon="-149.244339">
				<ele>1026.254272</ele>
				<time>2026-06-18T21:58:26Z</time>
			</trkpt>
			<trkpt lat="63.734676" lon="-149.244339">
				<ele>1026.823608</ele>
				<time>2026-06-18T21:58:29Z</time>
			</trkpt>
			<trkpt lat="63.734703" lon="-149.244293">
				<ele>1028.063843</ele>
				<time>2026-06-18T21:58:32Z</time>
			</trkpt>
			<trkpt lat="63.734703" lon="-149.244293">
				<ele>1028.063843</ele>
				<time>2026-06-18T21:58:32Z</time>
			</trkpt>
			<trkpt lat="63.734734" lon="-149.244293">
				<ele>1028.895142</ele>
				<time>2026-06-18T21:58:35Z</time>
			</trkpt>
			<trkpt lat="63.73476" lon="-149.244278">
				<ele>1029.028931</ele>
				<time>2026-06-18T21:58:38Z</time>
			</trkpt>
			<trkpt lat="63.734791" lon="-149.244247">
				<ele>1028.948853</ele>
				<time>2026-06-18T21:58:41Z</time>
			</trkpt>
			<trkpt lat="63.734821" lon="-149.244232">
				<ele>1029.420044</ele>
				<time>2026-06-18T21:58:44Z</time>
			</trkpt>
			<trkpt lat="63.734844" lon="-149.244202">
				<ele>1030.695679</ele>
				<time>2026-06-18T21:58:47Z</time>
			</trkpt>
			<trkpt lat="63.734871" lon="-149.244171">
				<ele>1030.93335</ele>
				<time>2026-06-18T21:58:50Z</time>
			</trkpt>
			<trkpt lat="63.734898" lon="-149.244125">
				<ele>1030.989136</ele>
				<time>2026-06-18T21:58:53Z</time>
			</trkpt>
			<trkpt lat="63.734898" lon="-149.244125">
				<ele>1030.989136</ele>
				<time>2026-06-18T21:58:53Z</time>
			</trkpt>
			<trkpt lat="63.734921" lon="-149.24411">
				<ele>1032.40271</ele>
				<time>2026-06-18T21:58:56Z</time>
			</trkpt>
			<trkpt lat="63.734943" lon="-149.24408">
				<ele>1032.914185</ele>
				<time>2026-06-18T21:58:59Z</time>
			</trkpt>
			<trkpt lat="63.734966" lon="-149.244049">
				<ele>1032.174194</ele>
				<time>2026-06-18T21:59:01Z</time>
			</trkpt>
			<trkpt lat="63.735001" lon="-149.244034">
				<ele>1033.668823</ele>
				<time>2026-06-18T21:59:04Z</time>
			</trkpt>
			<trkpt lat="63.735031" lon="-149.244034">
				<ele>1033.324341</ele>
				<time>2026-06-18T21:59:07Z</time>
			</trkpt>
			<trkpt lat="63.735058" lon="-149.244034">
				<ele>1034.075684</ele>
				<time>2026-06-18T21:59:09Z</time>
			</trkpt>
			<trkpt lat="63.735085" lon="-149.244034">
				<ele>1034.430786</ele>
				<time>2026-06-18T21:59:11Z</time>
			</trkpt>
			<trkpt lat="63.735107" lon="-149.244019">
				<ele>1034.318726</ele>
				<time>2026-06-18T21:59:13Z</time>
			</trkpt>
			<trkpt lat="63.735107" lon="-149.244019">
				<ele>1034.318726</ele>
				<time>2026-06-18T21:59:13Z</time>
			</trkpt>
			<trkpt lat="63.73513" lon="-149.244034">
				<ele>1035.517212</ele>
				<time>2026-06-18T21:59:15Z</time>
			</trkpt>
			<trkpt lat="63.735153" lon="-149.244034">
				<ele>1035.891846</ele>
				<time>2026-06-18T21:59:17Z</time>
			</trkpt>
			<trkpt lat="63.735172" lon="-149.244064">
				<ele>1035.37854</ele>
				<time>2026-06-18T21:59:19Z</time>
			</trkpt>
			<trkpt lat="63.735199" lon="-149.24408">
				<ele>1035.540405</ele>
				<time>2026-06-18T21:59:21Z</time>
			</trkpt>
			<trkpt lat="63.735233" lon="-149.244064">
				<ele>1036.527466</ele>
				<time>2026-06-18T21:59:24Z</time>
			</trkpt>
			<trkpt lat="63.73526" lon="-149.244034">
				<ele>1035.631226</ele>
				<time>2026-06-18T21:59:27Z</time>
			</trkpt>
			<trkpt lat="63.735287" lon="-149.244034">
				<ele>1036.332764</ele>
				<time>2026-06-18T21:59:30Z</time>
			</trkpt>
			<trkpt lat="63.73531" lon="-149.244049">
				<ele>1036.048096</ele>
				<time>2026-06-18T21:59:33Z</time>
			</trkpt>
			<trkpt lat="63.73531" lon="-149.244049">
				<ele>1036.048096</ele>
				<time>2026-06-18T21:59:33Z</time>
			</trkpt>
			<trkpt lat="63.735344" lon="-149.244034">
				<ele>1036.174072</ele>
				<time>2026-06-18T21:59:37Z</time>
			</trkpt>
			<trkpt lat="63.735367" lon="-149.244034">
				<ele>1037.609863</ele>
				<time>2026-06-18T21:59:39Z</time>
			</trkpt>
			<trkpt lat="63.735397" lon="-149.244019">
				<ele>1038.59436</ele>
				<time>2026-06-18T21:59:42Z</time>
			</trkpt>
			<trkpt lat="63.73542" lon="-149.244003">
				<ele>1038.836792</ele>
				<time>2026-06-18T21:59:45Z</time>
			</trkpt>
			<trkpt lat="63.735451" lon="-149.244003">
				<ele>1038.91272</ele>
				<time>2026-06-18T21:59:47Z</time>
			</trkpt>
			<trkpt lat="63.735504" lon="-149.244003">
				<ele>1039.749634</ele>
				<time>2026-06-18T21:59:52Z</time>
			</trkpt>
			<trkpt lat="63.735504" lon="-149.244003">
				<ele>1039.749634</ele>
				<time>2026-06-18T21:59:52Z</time>
			</trkpt>
			<trkpt lat="63.735531" lon="-149.243988">
				<ele>1039.543823</ele>
				<time>2026-06-18T21:59:55Z</time>
			</trkpt>
			<trkpt lat="63.735558" lon="-149.243973">
				<ele>1040.494629</ele>
				<time>2026-06-18T21:59:58Z</time>
			</trkpt>
			<trkpt lat="63.735592" lon="-149.243988">
				<ele>1040.104126</ele>
				<time>2026-06-18T22:00:01Z</time>
			</trkpt>
			<trkpt lat="63.735619" lon="-149.243973">
				<ele>1041.108765</ele>
				<time>2026-06-18T22:00:04Z</time>
			</trkpt>
			<trkpt lat="63.735649" lon="-149.243973">
				<ele>1041.966919</ele>
				<time>2026-06-18T22:00:07Z</time>
			</trkpt>
			<trkpt lat="63.735676" lon="-149.243973">
				<ele>1042.2948</ele>
				<time>2026-06-18T22:00:10Z</time>
			</trkpt>
			<trkpt lat="63.73571" lon="-149.243958">
				<ele>1043.493164</ele>
				<time>2026-06-18T22:00:14Z</time>
			</trkpt>
			<trkpt lat="63.73571" lon="-149.243958">
				<ele>1043.493164</ele>
				<time>2026-06-18T22:00:14Z</time>
			</trkpt>
			<trkpt lat="63.735737" lon="-149.243927">
				<ele>1043.960449</ele>
				<time>2026-06-18T22:00:17Z</time>
			</trkpt>
			<trkpt lat="63.73576" lon="-149.243912">
				<ele>1045.369507</ele>
				<time>2026-06-18T22:00:21Z</time>
			</trkpt>
			<trkpt lat="63.73579" lon="-149.243881">
				<ele>1045.598389</ele>
				<time>2026-06-18T22:00:25Z</time>
			</trkpt>
			<trkpt lat="63.735821" lon="-149.243866">
				<ele>1046.315552</ele>
				<time>2026-06-18T22:00:28Z</time>
			</trkpt>
			<trkpt lat="63.73584" lon="-149.243835">
				<ele>1046.884521</ele>
				<time>2026-06-18T22:00:31Z</time>
			</trkpt>
			<trkpt lat="63.73587" lon="-149.243835">
				<ele>1047.255371</ele>
				<time>2026-06-18T22:00:34Z</time>
			</trkpt>
			<trkpt lat="63.73587" lon="-149.243835">
				<ele>1047.255371</ele>
				<time>2026-06-18T22:00:34Z</time>
			</trkpt>
			<trkpt lat="63.735897" lon="-149.24382">
				<ele>1048.202026</ele>
				<time>2026-06-18T22:00:38Z</time>
			</trkpt>
			<trkpt lat="63.735924" lon="-149.243805">
				<ele>1048.741089</ele>
				<time>2026-06-18T22:00:41Z</time>
			</trkpt>
			<trkpt lat="63.735947" lon="-149.243805">
				<ele>1049.238403</ele>
				<time>2026-06-18T22:00:43Z</time>
			</trkpt>
			<trkpt lat="63.735973" lon="-149.24379">
				<ele>1051.187744</ele>
				<time>2026-06-18T22:00:47Z</time>
			</trkpt>
			<trkpt lat="63.736004" lon="-149.243759">
				<ele>1051.9552</ele>
				<time>2026-06-18T22:00:50Z</time>
			</trkpt>
			<trkpt lat="63.736027" lon="-149.24379">
				<ele>1052.771118</ele>
				<time>2026-06-18T22:00:52Z</time>
			</trkpt>
			<trkpt lat="63.736057" lon="-149.24379">
				<ele>1052.527588</ele>
				<time>2026-06-18T22:00:56Z</time>
			</trkpt>
			<trkpt lat="63.736057" lon="-149.24379">
				<ele>1052.527588</ele>
				<time>2026-06-18T22:00:56Z</time>
			</trkpt>
			<trkpt lat="63.736084" lon="-149.24379">
				<ele>1053.06958</ele>
				<time>2026-06-18T22:01:00Z</time>
			</trkpt>
			<trkpt lat="63.736115" lon="-149.243805">
				<ele>1054.876465</ele>
				<time>2026-06-18T22:01:04Z</time>
			</trkpt>
			<trkpt lat="63.736126" lon="-149.243866">
				<ele>1054.813477</ele>
				<time>2026-06-18T22:01:06Z</time>
			</trkpt>
			<trkpt lat="63.736107" lon="-149.243942">
				<ele>1055.008179</ele>
				<time>2026-06-18T22:01:09Z</time>
			</trkpt>
			<trkpt lat="63.736088" lon="-149.244003">
				<ele>1055.748657</ele>
				<time>2026-06-18T22:01:12Z</time>
			</trkpt>
			<trkpt lat="63.736061" lon="-149.244034">
				<ele>1055.332275</ele>
				<time>2026-06-18T22:01:15Z</time>
			</trkpt>
			<trkpt lat="63.736061" lon="-149.244034">
				<ele>1055.332275</ele>
				<time>2026-06-18T22:01:15Z</time>
			</trkpt>
			<trkpt lat="63.736042" lon="-149.244095">
				<ele>1056.8302</ele>
				<time>2026-06-18T22:01:18Z</time>
			</trkpt>
			<trkpt lat="63.736023" lon="-149.244156">
				<ele>1056.661133</ele>
				<time>2026-06-18T22:01:21Z</time>
			</trkpt>
			<trkpt lat="63.736" lon="-149.244186">
				<ele>1055.961548</ele>
				<time>2026-06-18T22:01:24Z</time>
			</trkpt>
			<trkpt lat="63.735958" lon="-149.244293">
				<ele>1054.756592</ele>
				<time>2026-06-18T22:01:30Z</time>
			</trkpt>
			<trkpt lat="63.735935" lon="-149.244339">
				<ele>1054.4552</ele>
				<time>2026-06-18T22:01:32Z</time>
			</trkpt>
			<trkpt lat="63.73592" lon="-149.2444">
				<ele>1054.914551</ele>
				<time>2026-06-18T22:01:36Z</time>
			</trkpt>
			<trkpt lat="63.73592" lon="-149.2444">
				<ele>1054.914551</ele>
				<time>2026-06-18T22:01:36Z</time>
			</trkpt>
			<trkpt lat="63.735912" lon="-149.244461">
				<ele>1056.322876</ele>
				<time>2026-06-18T22:01:39Z</time>
			</trkpt>
			<trkpt lat="63.735909" lon="-149.244522">
				<ele>1055.972534</ele>
				<time>2026-06-18T22:01:42Z</time>
			</trkpt>
			<trkpt lat="63.735901" lon="-149.244583">
				<ele>1056.696777</ele>
				<time>2026-06-18T22:01:45Z</time>
			</trkpt>
			<trkpt lat="63.735893" lon="-149.244644">
				<ele>1057.244141</ele>
				<time>2026-06-18T22:01:48Z</time>
			</trkpt>
			<trkpt lat="63.735889" lon="-149.24472">
				<ele>1058.750366</ele>
				<time>2026-06-18T22:01:51Z</time>
			</trkpt>
			<trkpt lat="63.735878" lon="-149.244766">
				<ele>1058.719116</ele>
				<time>2026-06-18T22:01:54Z</time>
			</trkpt>
			<trkpt lat="63.735867" lon="-149.244827">
				<ele>1059.43042</ele>
				<time>2026-06-18T22:01:57Z</time>
			</trkpt>
			<trkpt lat="63.735867" lon="-149.244827">
				<ele>1059.43042</ele>
				<time>2026-06-18T22:01:57Z</time>
			</trkpt>
			<trkpt lat="63.735863" lon="-149.244904">
				<ele>1060.540649</ele>
				<time>2026-06-18T22:02:01Z</time>
			</trkpt>
			<trkpt lat="63.735847" lon="-149.244949">
				<ele>1061.111694</ele>
				<time>2026-06-18T22:02:04Z</time>
			</trkpt>
			<trkpt lat="63.735828" lon="-149.24498">
				<ele>1061.937866</ele>
				<time>2026-06-18T22:02:06Z</time>
			</trkpt>
			<trkpt lat="63.735809" lon="-149.245026">
				<ele>1061.488403</ele>
				<time>2026-06-18T22:02:09Z</time>
			</trkpt>
			<trkpt lat="63.735836" lon="-149.24501">
				<ele>1062.068237</ele>
				<time>2026-06-18T22:02:15Z</time>
			</trkpt>
			<trkpt lat="63.735867" lon="-149.24501">
				<ele>1063.241943</ele>
				<time>2026-06-18T22:02:19Z</time>
			</trkpt>
			<trkpt lat="63.735867" lon="-149.24501">
				<ele>1063.241943</ele>
				<time>2026-06-18T22:02:19Z</time>
			</trkpt>
			<trkpt lat="63.735893" lon="-149.245026">
				<ele>1063.376587</ele>
				<time>2026-06-18T22:02:22Z</time>
			</trkpt>
			<trkpt lat="63.735924" lon="-149.24501">
				<ele>1064.510498</ele>
				<time>2026-06-18T22:02:26Z</time>
			</trkpt>
			<trkpt lat="63.73595" lon="-149.24501">
				<ele>1065.705688</ele>
				<time>2026-06-18T22:02:29Z</time>
			</trkpt>
			<trkpt lat="63.735981" lon="-149.245041">
				<ele>1065.550293</ele>
				<time>2026-06-18T22:02:32Z</time>
			</trkpt>
			<trkpt lat="63.736038" lon="-149.244995">
				<ele>1066.642212</ele>
				<time>2026-06-18T22:02:39Z</time>
			</trkpt>
			<trkpt lat="63.736038" lon="-149.244995">
				<ele>1066.642212</ele>
				<time>2026-06-18T22:02:39Z</time>
			</trkpt>
			<trkpt lat="63.736076" lon="-149.24501">
				<ele>1066.53894</ele>
				<time>2026-06-18T22:02:42Z</time>
			</trkpt>
			<trkpt lat="63.736099" lon="-149.245026">
				<ele>1068.125244</ele>
				<time>2026-06-18T22:02:44Z</time>
			</trkpt>
			<trkpt lat="63.736099" lon="-149.245102">
				<ele>1068.789917</ele>
				<time>2026-06-18T22:02:47Z</time>
			</trkpt>
			<trkpt lat="63.736092" lon="-149.245163">
				<ele>1068.145142</ele>
				<time>2026-06-18T22:02:49Z</time>
			</trkpt>
			<trkpt lat="63.736073" lon="-149.245224">
				<ele>1069.390259</ele>
				<time>2026-06-18T22:02:52Z</time>
			</trkpt>
			<trkpt lat="63.736069" lon="-149.245285">
				<ele>1070.085815</ele>
				<time>2026-06-18T22:02:55Z</time>
			</trkpt>
			<trkpt lat="63.736042" lon="-149.245331">
				<ele>1070.126465</ele>
				<time>2026-06-18T22:02:58Z</time>
			</trkpt>
			<trkpt lat="63.736042" lon="-149.245331">
				<ele>1070.126465</ele>
				<time>2026-06-18T22:02:58Z</time>
			</trkpt>
			<trkpt lat="63.736027" lon="-149.245407">
				<ele>1070.705078</ele>
				<time>2026-06-18T22:03:01Z</time>
			</trkpt>
			<trkpt lat="63.736012" lon="-149.245453">
				<ele>1072.160034</ele>
				<time>2026-06-18T22:03:04Z</time>
			</trkpt>
			<trkpt lat="63.736" lon="-149.245529">
				<ele>1073.515991</ele>
				<time>2026-06-18T22:03:08Z</time>
			</trkpt>
			<trkpt lat="63.735992" lon="-149.245575">
				<ele>1073.338745</ele>
				<time>2026-06-18T22:03:10Z</time>
			</trkpt>
			<trkpt lat="63.735977" lon="-149.245636">
				<ele>1073.921875</ele>
				<time>2026-06-18T22:03:13Z</time>
			</trkpt>
			<trkpt lat="63.735962" lon="-149.245682">
				<ele>1074.801758</ele>
				<time>2026-06-18T22:03:16Z</time>
			</trkpt>
			<trkpt lat="63.735958" lon="-149.245743">
				<ele>1074.804321</ele>
				<time>2026-06-18T22:03:19Z</time>
			</trkpt>
			<trkpt lat="63.735958" lon="-149.245743">
				<ele>1074.804321</ele>
				<time>2026-06-18T22:03:19Z</time>
			</trkpt>
			<trkpt lat="63.735939" lon="-149.245789">
				<ele>1073.965942</ele>
				<time>2026-06-18T22:03:22Z</time>
			</trkpt>
			<trkpt lat="63.735924" lon="-149.24585">
				<ele>1075.759521</ele>
				<time>2026-06-18T22:03:26Z</time>
			</trkpt>
			<trkpt lat="63.735905" lon="-149.245834">
				<ele>1077.931763</ele>
				<time>2026-06-18T22:03:54Z</time>
			</trkpt>
			<trkpt lat="63.735905" lon="-149.245834">
				<ele>1077.931763</ele>
				<time>2026-06-18T22:03:54Z</time>
			</trkpt>
			<trkpt lat="63.735893" lon="-149.246002">
				<ele>1076.415649</ele>
				<time>2026-06-18T22:07:34Z</time>
			</trkpt>
			<trkpt lat="63.735893" lon="-149.246002">
				<ele>1076.415649</ele>
				<time>2026-06-18T22:07:34Z</time>
			</trkpt>
			<trkpt lat="63.735928" lon="-149.246094">
				<ele>1078.613403</ele>
				<time>2026-06-18T22:07:41Z</time>
			</trkpt>
			<trkpt lat="63.735958" lon="-149.24617">
				<ele>1079.962402</ele>
				<time>2026-06-18T22:07:46Z</time>
			</trkpt>
			<trkpt lat="63.736004" lon="-149.246201">
				<ele>1081.234131</ele>
				<time>2026-06-18T22:07:51Z</time>
			</trkpt>
			<trkpt lat="63.736038" lon="-149.246201">
				<ele>1082.01355</ele>
				<time>2026-06-18T22:07:57Z</time>
			</trkpt>
			<trkpt lat="63.736038" lon="-149.246201">
				<ele>1082.01355</ele>
				<time>2026-06-18T22:07:57Z</time>
			</trkpt>
			<trkpt lat="63.736076" lon="-149.246201">
				<ele>1083.732666</ele>
				<time>2026-06-18T22:08:02Z</time>
			</trkpt>
			<trkpt lat="63.736103" lon="-149.246231">
				<ele>1084.460693</ele>
				<time>2026-06-18T22:08:08Z</time>
			</trkpt>
			<trkpt lat="63.73613" lon="-149.246292">
				<ele>1085.724365</ele>
				<time>2026-06-18T22:08:12Z</time>
			</trkpt>
			<trkpt lat="63.73616" lon="-149.246338">
				<ele>1087.285889</ele>
				<time>2026-06-18T22:08:17Z</time>
			</trkpt>
			<trkpt lat="63.73616" lon="-149.246338">
				<ele>1087.285889</ele>
				<time>2026-06-18T22:08:17Z</time>
			</trkpt>
			<trkpt lat="63.736183" lon="-149.246384">
				<ele>1086.874268</ele>
				<time>2026-06-18T22:08:22Z</time>
			</trkpt>
			<trkpt lat="63.736202" lon="-149.246445">
				<ele>1087.969604</ele>
				<time>2026-06-18T22:08:25Z</time>
			</trkpt>
			<trkpt lat="63.736206" lon="-149.246506">
				<ele>1087.728882</ele>
				<time>2026-06-18T22:08:28Z</time>
			</trkpt>
			<trkpt lat="63.736221" lon="-149.246567">
				<ele>1089.79895</ele>
				<time>2026-06-18T22:08:32Z</time>
			</trkpt>
			<trkpt lat="63.736248" lon="-149.246613">
				<ele>1090.56189</ele>
				<time>2026-06-18T22:08:35Z</time>
			</trkpt>
			<trkpt lat="63.73624" lon="-149.246674">
				<ele>1090.855591</ele>
				<time>2026-06-18T22:08:38Z</time>
			</trkpt>
			<trkpt lat="63.73624" lon="-149.246674">
				<ele>1090.855591</ele>
				<time>2026-06-18T22:08:38Z</time>
			</trkpt>
			<trkpt lat="63.73624" lon="-149.246735">
				<ele>1091.937134</ele>
				<time>2026-06-18T22:08:40Z</time>
			</trkpt>
			<trkpt lat="63.736244" lon="-149.246796">
				<ele>1091.664307</ele>
				<time>2026-06-18T22:08:43Z</time>
			</trkpt>
			<trkpt lat="63.736237" lon="-149.246841">
				<ele>1092.074585</ele>
				<time>2026-06-18T22:08:47Z</time>
			</trkpt>
			<trkpt lat="63.736229" lon="-149.246918">
				<ele>1092.313965</ele>
				<time>2026-06-18T22:08:50Z</time>
			</trkpt>
			<trkpt lat="63.736225" lon="-149.246979">
				<ele>1092.11145</ele>
				<time>2026-06-18T22:08:53Z</time>
			</trkpt>
			<trkpt lat="63.736217" lon="-149.247025">
				<ele>1093.059204</ele>
				<time>2026-06-18T22:08:56Z</time>
			</trkpt>
			<trkpt lat="63.736221" lon="-149.247086">
				<ele>1092.219116</ele>
				<time>2026-06-18T22:08:59Z</time>
			</trkpt>
			<trkpt lat="63.736221" lon="-149.247086">
				<ele>1092.219116</ele>
				<time>2026-06-18T22:08:59Z</time>
			</trkpt>
			<trkpt lat="63.736237" lon="-149.247131">
				<ele>1092.675537</ele>
				<time>2026-06-18T22:09:02Z</time>
			</trkpt>
			<trkpt lat="63.736267" lon="-149.247147">
				<ele>1092.723877</ele>
				<time>2026-06-18T22:09:05Z</time>
			</trkpt>
			<trkpt lat="63.736328" lon="-149.247116">
				<ele>1095.959351</ele>
				<time>2026-06-18T22:09:12Z</time>
			</trkpt>
			<trkpt lat="63.736359" lon="-149.247086">
				<ele>1096.105591</ele>
				<time>2026-06-18T22:09:16Z</time>
			</trkpt>
			<trkpt lat="63.736382" lon="-149.24704">
				<ele>1096.322388</ele>
				<time>2026-06-18T22:09:27Z</time>
			</trkpt>
			<trkpt lat="63.736382" lon="-149.24704">
				<ele>1096.322388</ele>
				<time>2026-06-18T22:09:27Z</time>
			</trkpt>
			<trkpt lat="63.736404" lon="-149.247025">
				<ele>1096.335327</ele>
				<time>2026-06-18T22:09:30Z</time>
			</trkpt>
			<trkpt lat="63.736427" lon="-149.247086">
				<ele>1097.120239</ele>
				<time>2026-06-18T22:09:34Z</time>
			</trkpt>
			<trkpt lat="63.736439" lon="-149.247131">
				<ele>1097.130859</ele>
				<time>2026-06-18T22:09:37Z</time>
			</trkpt>
			<trkpt lat="63.736469" lon="-149.247177">
				<ele>1099.00415</ele>
				<time>2026-06-18T22:09:40Z</time>
			</trkpt>
			<trkpt lat="63.736488" lon="-149.247238">
				<ele>1098.690918</ele>
				<time>2026-06-18T22:09:44Z</time>
			</trkpt>
			<trkpt lat="63.736515" lon="-149.247253">
				<ele>1099.712158</ele>
				<time>2026-06-18T22:09:48Z</time>
			</trkpt>
			<trkpt lat="63.736515" lon="-149.247253">
				<ele>1099.712158</ele>
				<time>2026-06-18T22:09:48Z</time>
			</trkpt>
			<trkpt lat="63.736546" lon="-149.247253">
				<ele>1100.400146</ele>
				<time>2026-06-18T22:09:51Z</time>
			</trkpt>
			<trkpt lat="63.736572" lon="-149.247253">
				<ele>1101.768311</ele>
				<time>2026-06-18T22:09:54Z</time>
			</trkpt>
			<trkpt lat="63.736595" lon="-149.247284">
				<ele>1103.004761</ele>
				<time>2026-06-18T22:09:57Z</time>
			</trkpt>
			<trkpt lat="63.736622" lon="-149.247299">
				<ele>1102.583008</ele>
				<time>2026-06-18T22:10:00Z</time>
			</trkpt>
			<trkpt lat="63.736652" lon="-149.247253">
				<ele>1103.800171</ele>
				<time>2026-06-18T22:10:03Z</time>
			</trkpt>
			<trkpt lat="63.736679" lon="-149.247223">
				<ele>1103.385986</ele>
				<time>2026-06-18T22:10:06Z</time>
			</trkpt>
			<trkpt lat="63.736702" lon="-149.247223">
				<ele>1103.890625</ele>
				<time>2026-06-18T22:10:08Z</time>
			</trkpt>
			<trkpt lat="63.736702" lon="-149.247223">
				<ele>1103.890625</ele>
				<time>2026-06-18T22:10:08Z</time>
			</trkpt>
			<trkpt lat="63.736725" lon="-149.247284">
				<ele>1105.38501</ele>
				<time>2026-06-18T22:10:12Z</time>
			</trkpt>
			<trkpt lat="63.736774" lon="-149.24736">
				<ele>1105.990723</ele>
				<time>2026-06-18T22:10:18Z</time>
			</trkpt>
			<trkpt lat="63.736801" lon="-149.24736">
				<ele>1106.971924</ele>
				<time>2026-06-18T22:10:22Z</time>
			</trkpt>
			<trkpt lat="63.736809" lon="-149.247437">
				<ele>1106.031738</ele>
				<time>2026-06-18T22:10:25Z</time>
			</trkpt>
			<trkpt lat="63.736828" lon="-149.247482">
				<ele>1108.418335</ele>
				<time>2026-06-18T22:10:30Z</time>
			</trkpt>
			<trkpt lat="63.736828" lon="-149.247482">
				<ele>1108.418335</ele>
				<time>2026-06-18T22:10:30Z</time>
			</trkpt>
			<trkpt lat="63.736839" lon="-149.247543">
				<ele>1108.848877</ele>
				<time>2026-06-18T22:10:34Z</time>
			</trkpt>
			<trkpt lat="63.736866" lon="-149.247543">
				<ele>1109.708008</ele>
				<time>2026-06-18T22:10:37Z</time>
			</trkpt>
			<trkpt lat="63.736897" lon="-149.247513">
				<ele>1110.544067</ele>
				<time>2026-06-18T22:10:40Z</time>
			</trkpt>
			<trkpt lat="63.736927" lon="-149.247528">
				<ele>1111.603882</ele>
				<time>2026-06-18T22:10:44Z</time>
			</trkpt>
			<trkpt lat="63.736942" lon="-149.247589">
				<ele>1111.505859</ele>
				<time>2026-06-18T22:10:51Z</time>
			</trkpt>
			<trkpt lat="63.736942" lon="-149.247589">
				<ele>1111.505859</ele>
				<time>2026-06-18T22:10:51Z</time>
			</trkpt>
			<trkpt lat="63.73695" lon="-149.24765">
				<ele>1111.567871</ele>
				<time>2026-06-18T22:10:53Z</time>
			</trkpt>
			<trkpt lat="63.736954" lon="-149.247711">
				<ele>1112.966431</ele>
				<time>2026-06-18T22:10:57Z</time>
			</trkpt>
			<trkpt lat="63.736931" lon="-149.247742">
				<ele>1112.928711</ele>
				<time>2026-06-18T22:11:15Z</time>
			</trkpt>
			<trkpt lat="63.736935" lon="-149.247803">
				<ele>1112.55835</ele>
				<time>2026-06-18T22:11:22Z</time>
			</trkpt>
			<trkpt lat="63.736935" lon="-149.247803">
				<ele>1112.55835</ele>
				<time>2026-06-18T22:11:22Z</time>
			</trkpt>
			<trkpt lat="63.736927" lon="-149.247894">
				<ele>1113.569214</ele>
				<time>2026-06-18T22:11:53Z</time>
			</trkpt>
			<trkpt lat="63.736927" lon="-149.247894">
				<ele>1113.569214</ele>
				<time>2026-06-18T22:11:53Z</time>
			</trkpt>
			<trkpt lat="63.736935" lon="-149.247986">
				<ele>1113.802124</ele>
				<time>2026-06-18T22:11:57Z</time>
			</trkpt>
			<trkpt lat="63.736965" lon="-149.248032">
				<ele>1115.826172</ele>
				<time>2026-06-18T22:12:01Z</time>
			</trkpt>
			<trkpt lat="63.737" lon="-149.248077">
				<ele>1117.370728</ele>
				<time>2026-06-18T22:12:06Z</time>
			</trkpt>
			<trkpt lat="63.737019" lon="-149.248154">
				<ele>1118.040405</ele>
				<time>2026-06-18T22:12:10Z</time>
			</trkpt>
			<trkpt lat="63.737041" lon="-149.24823">
				<ele>1118.317871</ele>
				<time>2026-06-18T22:12:13Z</time>
			</trkpt>
			<trkpt lat="63.737041" lon="-149.24823">
				<ele>1118.317871</ele>
				<time>2026-06-18T22:12:13Z</time>
			</trkpt>
			<trkpt lat="63.737053" lon="-149.248291">
				<ele>1119.266235</ele>
				<time>2026-06-18T22:12:16Z</time>
			</trkpt>
			<trkpt lat="63.737045" lon="-149.248367">
				<ele>1119.912598</ele>
				<time>2026-06-18T22:12:19Z</time>
			</trkpt>
			<trkpt lat="63.737045" lon="-149.248444">
				<ele>1120.10376</ele>
				<time>2026-06-18T22:12:21Z</time>
			</trkpt>
			<trkpt lat="63.737038" lon="-149.248535">
				<ele>1121.268066</ele>
				<time>2026-06-18T22:12:26Z</time>
			</trkpt>
			<trkpt lat="63.73703" lon="-149.248596">
				<ele>1121.22644</ele>
				<time>2026-06-18T22:12:29Z</time>
			</trkpt>
			<trkpt lat="63.737026" lon="-149.248657">
				<ele>1121.355225</ele>
				<time>2026-06-18T22:12:31Z</time>
			</trkpt>
			<trkpt lat="63.737011" lon="-149.248734">
				<ele>1120.991699</ele>
				<time>2026-06-18T22:12:34Z</time>
			</trkpt>
			<trkpt lat="63.737011" lon="-149.248734">
				<ele>1120.991699</ele>
				<time>2026-06-18T22:12:34Z</time>
			</trkpt>
			<trkpt lat="63.737011" lon="-149.248795">
				<ele>1120.124146</ele>
				<time>2026-06-18T22:12:36Z</time>
			</trkpt>
			<trkpt lat="63.737007" lon="-149.248871">
				<ele>1121.643921</ele>
				<time>2026-06-18T22:12:39Z</time>
			</trkpt>
			<trkpt lat="63.737003" lon="-149.248932">
				<ele>1121.870728</ele>
				<time>2026-06-18T22:12:41Z</time>
			</trkpt>
			<trkpt lat="63.736992" lon="-149.249008">
				<ele>1122.36084</ele>
				<time>2026-06-18T22:12:44Z</time>
			</trkpt>
			<trkpt lat="63.737015" lon="-149.249039">
				<ele>1123.652832</ele>
				<time>2026-06-18T22:12:50Z</time>
			</trkpt>
			<trkpt lat="63.737038" lon="-149.249008">
				<ele>1125.472046</ele>
				<time>2026-06-18T22:12:53Z</time>
			</trkpt>
			<trkpt lat="63.737038" lon="-149.249008">
				<ele>1125.472046</ele>
				<time>2026-06-18T22:12:53Z</time>
			</trkpt>
			<trkpt lat="63.737061" lon="-149.248962">
				<ele>1126.12915</ele>
				<time>2026-06-18T22:12:56Z</time>
			</trkpt>
			<trkpt lat="63.737103" lon="-149.24884">
				<ele>1126.569824</ele>
				<time>2026-06-18T22:13:03Z</time>
			</trkpt>
			<trkpt lat="63.737129" lon="-149.248825">
				<ele>1127.511475</ele>
				<time>2026-06-18T22:13:06Z</time>
			</trkpt>
			<trkpt lat="63.73716" lon="-149.24881">
				<ele>1127.892334</ele>
				<time>2026-06-18T22:13:08Z</time>
			</trkpt>
			<trkpt lat="63.737186" lon="-149.248779">
				<ele>1129.029419</ele>
				<time>2026-06-18T22:13:12Z</time>
			</trkpt>
			<trkpt lat="63.737186" lon="-149.248779">
				<ele>1129.029419</ele>
				<time>2026-06-18T22:13:12Z</time>
			</trkpt>
			<trkpt lat="63.737209" lon="-149.248749">
				<ele>1129.365601</ele>
				<time>2026-06-18T22:13:14Z</time>
			</trkpt>
			<trkpt lat="63.737232" lon="-149.248718">
				<ele>1130.485718</ele>
				<time>2026-06-18T22:13:17Z</time>
			</trkpt>
			<trkpt lat="63.737244" lon="-149.248672">
				<ele>1131.229614</ele>
				<time>2026-06-18T22:13:20Z</time>
			</trkpt>
			<trkpt lat="63.737263" lon="-149.248627">
				<ele>1131.892456</ele>
				<time>2026-06-18T22:13:24Z</time>
			</trkpt>
			<trkpt lat="63.737278" lon="-149.248566">
				<ele>1132.369751</ele>
				<time>2026-06-18T22:13:28Z</time>
			</trkpt>
			<trkpt lat="63.737293" lon="-149.248505">
				<ele>1133.186523</ele>
				<time>2026-06-18T22:13:31Z</time>
			</trkpt>
			<trkpt lat="63.737293" lon="-149.248505">
				<ele>1133.186523</ele>
				<time>2026-06-18T22:13:31Z</time>
			</trkpt>
			<trkpt lat="63.737305" lon="-149.248428">
				<ele>1132.806519</ele>
				<time>2026-06-18T22:13:34Z</time>
			</trkpt>
			<trkpt lat="63.737324" lon="-149.248398">
				<ele>1133.429199</ele>
				<time>2026-06-18T22:13:37Z</time>
			</trkpt>
			<trkpt lat="63.737339" lon="-149.248352">
				<ele>1134.522827</ele>
				<time>2026-06-18T22:13:40Z</time>
			</trkpt>
			<trkpt lat="63.737362" lon="-149.248306">
				<ele>1134.36145</ele>
				<time>2026-06-18T22:14:09Z</time>
			</trkpt>
			<trkpt lat="63.737362" lon="-149.248306">
				<ele>1134.36145</ele>
				<time>2026-06-18T22:14:09Z</time>
			</trkpt>
			<trkpt lat="63.737385" lon="-149.248245">
				<ele>1135.085571</ele>
				<time>2026-06-18T22:14:40Z</time>
			</trkpt>
			<trkpt lat="63.737385" lon="-149.248245">
				<ele>1135.085571</ele>
				<time>2026-06-18T22:14:40Z</time>
			</trkpt>
			<trkpt lat="63.737396" lon="-149.248169">
				<ele>1135.325562</ele>
				<time>2026-06-18T22:14:44Z</time>
			</trkpt>
			<trkpt lat="63.737404" lon="-149.248108">
				<ele>1135.397095</ele>
				<time>2026-06-18T22:14:46Z</time>
			</trkpt>
			<trkpt lat="63.737427" lon="-149.248077">
				<ele>1136.097778</ele>
				<time>2026-06-18T22:14:49Z</time>
			</trkpt>
			<trkpt lat="63.737453" lon="-149.248032">
				<ele>1135.886841</ele>
				<time>2026-06-18T22:14:53Z</time>
			</trkpt>
			<trkpt lat="63.737488" lon="-149.24794">
				<ele>1137.774902</ele>
				<time>2026-06-18T22:15:02Z</time>
			</trkpt>
			<trkpt lat="63.737488" lon="-149.24794">
				<ele>1137.774902</ele>
				<time>2026-06-18T22:15:02Z</time>
			</trkpt>
			<trkpt lat="63.737503" lon="-149.247894">
				<ele>1137.804443</ele>
				<time>2026-06-18T22:15:05Z</time>
			</trkpt>
			<trkpt lat="63.737522" lon="-149.247849">
				<ele>1138.06311</ele>
				<time>2026-06-18T22:15:08Z</time>
			</trkpt>
			<trkpt lat="63.737553" lon="-149.247787">
				<ele>1138.730713</ele>
				<time>2026-06-18T22:15:13Z</time>
			</trkpt>
			<trkpt lat="63.737568" lon="-149.247742">
				<ele>1139.679077</ele>
				<time>2026-06-18T22:15:15Z</time>
			</trkpt>
			<trkpt lat="63.737587" lon="-149.247696">
				<ele>1140.065796</ele>
				<time>2026-06-18T22:15:18Z</time>
			</trkpt>
			<trkpt lat="63.737606" lon="-149.24765">
				<ele>1140.931641</ele>
				<time>2026-06-18T22:15:21Z</time>
			</trkpt>
			<trkpt lat="63.737606" lon="-149.24765">
				<ele>1140.931641</ele>
				<time>2026-06-18T22:15:21Z</time>
			</trkpt>
			<trkpt lat="63.737629" lon="-149.247681">
				<ele>1141.569946</ele>
				<time>2026-06-18T22:15:25Z</time>
			</trkpt>
			<trkpt lat="63.737633" lon="-149.247772">
				<ele>1141.740845</ele>
				<time>2026-06-18T22:15:28Z</time>
			</trkpt>
			<trkpt lat="63.737633" lon="-149.247833">
				<ele>1141.420532</ele>
				<time>2026-06-18T22:15:31Z</time>
			</trkpt>
			<trkpt lat="63.737637" lon="-149.247894">
				<ele>1142.561035</ele>
				<time>2026-06-18T22:15:35Z</time>
			</trkpt>
			<trkpt lat="63.73764" lon="-149.247971">
				<ele>1143.178833</ele>
				<time>2026-06-18T22:15:38Z</time>
			</trkpt>
			<trkpt lat="63.737637" lon="-149.248032">
				<ele>1144.057983</ele>
				<time>2026-06-18T22:15:40Z</time>
			</trkpt>
			<trkpt lat="63.737637" lon="-149.248032">
				<ele>1144.057983</ele>
				<time>2026-06-18T22:15:40Z</time>
			</trkpt>
			<trkpt lat="63.737629" lon="-149.248123">
				<ele>1143.696167</ele>
				<time>2026-06-18T22:15:43Z</time>
			</trkpt>
			<trkpt lat="63.737621" lon="-149.248184">
				<ele>1144.213989</ele>
				<time>2026-06-18T22:15:47Z</time>
			</trkpt>
			<trkpt lat="63.73761" lon="-149.248245">
				<ele>1143.764648</ele>
				<time>2026-06-18T22:15:50Z</time>
			</trkpt>
			<trkpt lat="63.737602" lon="-149.248322">
				<ele>1144.252686</ele>
				<time>2026-06-18T22:15:53Z</time>
			</trkpt>
			<trkpt lat="63.737602" lon="-149.248383">
				<ele>1143.846436</ele>
				<time>2026-06-18T22:15:55Z</time>
			</trkpt>
			<trkpt lat="63.737602" lon="-149.248444">
				<ele>1144.502441</ele>
				<time>2026-06-18T22:15:58Z</time>
			</trkpt>
			<trkpt lat="63.737602" lon="-149.24852">
				<ele>1145.600464</ele>
				<time>2026-06-18T22:16:02Z</time>
			</trkpt>
			<trkpt lat="63.737602" lon="-149.24852">
				<ele>1145.600464</ele>
				<time>2026-06-18T22:16:02Z</time>
			</trkpt>
			<trkpt lat="63.737602" lon="-149.248581">
				<ele>1145.886475</ele>
				<time>2026-06-18T22:16:04Z</time>
			</trkpt>
			<trkpt lat="63.737587" lon="-149.248642">
				<ele>1146.588013</ele>
				<time>2026-06-18T22:16:08Z</time>
			</trkpt>
			<trkpt lat="63.737591" lon="-149.248703">
				<ele>1147.488647</ele>
				<time>2026-06-18T22:16:10Z</time>
			</trkpt>
			<trkpt lat="63.737598" lon="-149.248764">
				<ele>1147.010254</ele>
				<time>2026-06-18T22:16:13Z</time>
			</trkpt>
			<trkpt lat="63.737595" lon="-149.24884">
				<ele>1147.875732</ele>
				<time>2026-06-18T22:16:16Z</time>
			</trkpt>
			<trkpt lat="63.73761" lon="-149.248795">
				<ele>1148.772095</ele>
				<time>2026-06-18T22:16:21Z</time>
			</trkpt>
			<trkpt lat="63.73761" lon="-149.248795">
				<ele>1148.772095</ele>
				<time>2026-06-18T22:16:21Z</time>
			</trkpt>
			<trkpt lat="63.737625" lon="-149.248749">
				<ele>1150.034424</ele>
				<time>2026-06-18T22:16:24Z</time>
			</trkpt>
			<trkpt lat="63.737637" lon="-149.248688">
				<ele>1150.033203</ele>
				<time>2026-06-18T22:16:27Z</time>
			</trkpt>
			<trkpt lat="63.737644" lon="-149.248642">
				<ele>1149.834961</ele>
				<time>2026-06-18T22:16:29Z</time>
			</trkpt>
			<trkpt lat="63.737659" lon="-149.24855">
				<ele>1150.053711</ele>
				<time>2026-06-18T22:16:32Z</time>
			</trkpt>
			<trkpt lat="63.737671" lon="-149.248489">
				<ele>1150.119263</ele>
				<time>2026-06-18T22:16:35Z</time>
			</trkpt>
			<trkpt lat="63.737686" lon="-149.248413">
				<ele>1150.900391</ele>
				<time>2026-06-18T22:16:38Z</time>
			</trkpt>
			<trkpt lat="63.737709" lon="-149.248352">
				<ele>1151.058716</ele>
				<time>2026-06-18T22:16:41Z</time>
			</trkpt>
			<trkpt lat="63.737709" lon="-149.248352">
				<ele>1151.058716</ele>
				<time>2026-06-18T22:16:41Z</time>
			</trkpt>
			<trkpt lat="63.737743" lon="-149.248245">
				<ele>1152.224854</ele>
				<time>2026-06-18T22:16:47Z</time>
			</trkpt>
			<trkpt lat="63.737755" lon="-149.248199">
				<ele>1152.160522</ele>
				<time>2026-06-18T22:16:50Z</time>
			</trkpt>
			<trkpt lat="63.737789" lon="-149.248093">
				<ele>1154.238525</ele>
				<time>2026-06-18T22:16:56Z</time>
			</trkpt>
			<trkpt lat="63.737804" lon="-149.248047">
				<ele>1153.196777</ele>
				<time>2026-06-18T22:16:59Z</time>
			</trkpt>
			<trkpt lat="63.737827" lon="-149.248001">
				<ele>1153.516968</ele>
				<time>2026-06-18T22:17:02Z</time>
			</trkpt>
			<trkpt lat="63.737827" lon="-149.248001">
				<ele>1153.516968</ele>
				<time>2026-06-18T22:17:02Z</time>
			</trkpt>
			<trkpt lat="63.737839" lon="-149.24794">
				<ele>1154.734863</ele>
				<time>2026-06-18T22:17:05Z</time>
			</trkpt>
			<trkpt lat="63.737854" lon="-149.247879">
				<ele>1155.241455</ele>
				<time>2026-06-18T22:17:08Z</time>
			</trkpt>
			<trkpt lat="63.737881" lon="-149.247849">
				<ele>1155.869263</ele>
				<time>2026-06-18T22:17:11Z</time>
			</trkpt>
			<trkpt lat="63.737896" lon="-149.247787">
				<ele>1156.298462</ele>
				<time>2026-06-18T22:17:14Z</time>
			</trkpt>
			<trkpt lat="63.737915" lon="-149.247742">
				<ele>1156.744873</ele>
				<time>2026-06-18T22:17:17Z</time>
			</trkpt>
			<trkpt lat="63.73793" lon="-149.247681">
				<ele>1158.359009</ele>
				<time>2026-06-18T22:17:20Z</time>
			</trkpt>
			<trkpt lat="63.737946" lon="-149.24762">
				<ele>1156.943237</ele>
				<time>2026-06-18T22:17:24Z</time>
			</trkpt>
			<trkpt lat="63.737946" lon="-149.24762">
				<ele>1156.943237</ele>
				<time>2026-06-18T22:17:24Z</time>
			</trkpt>
			<trkpt lat="63.737965" lon="-149.247559">
				<ele>1157.147949</ele>
				<time>2026-06-18T22:17:28Z</time>
			</trkpt>
			<trkpt lat="63.73798" lon="-149.247513">
				<ele>1157.829712</ele>
				<time>2026-06-18T22:17:30Z</time>
			</trkpt>
			<trkpt lat="63.737999" lon="-149.247467">
				<ele>1158.240234</ele>
				<time>2026-06-18T22:17:33Z</time>
			</trkpt>
			<trkpt lat="63.738022" lon="-149.247406">
				<ele>1158.231201</ele>
				<time>2026-06-18T22:17:36Z</time>
			</trkpt>
			<trkpt lat="63.738041" lon="-149.247345">
				<ele>1158.003906</ele>
				<time>2026-06-18T22:17:39Z</time>
			</trkpt>
			<trkpt lat="63.738052" lon="-149.247284">
				<ele>1158.459839</ele>
				<time>2026-06-18T22:17:42Z</time>
			</trkpt>
			<trkpt lat="63.738068" lon="-149.247223">
				<ele>1158.586304</ele>
				<time>2026-06-18T22:17:45Z</time>
			</trkpt>
			<trkpt lat="63.738068" lon="-149.247223">
				<ele>1158.586304</ele>
				<time>2026-06-18T22:17:45Z</time>
			</trkpt>
			<trkpt lat="63.738083" lon="-149.247177">
				<ele>1159.572754</ele>
				<time>2026-06-18T22:17:47Z</time>
			</trkpt>
			<trkpt lat="63.738098" lon="-149.247131">
				<ele>1159.589966</ele>
				<time>2026-06-18T22:17:51Z</time>
			</trkpt>
			<trkpt lat="63.738117" lon="-149.24707">
				<ele>1158.857422</ele>
				<time>2026-06-18T22:17:54Z</time>
			</trkpt>
			<trkpt lat="63.738144" lon="-149.247055">
				<ele>1159.870239</ele>
				<time>2026-06-18T22:17:58Z</time>
			</trkpt>
			<trkpt lat="63.738201" lon="-149.246948">
				<ele>1159.352173</ele>
				<time>2026-06-18T22:21:01Z</time>
			</trkpt>
			<trkpt lat="63.738201" lon="-149.246948">
				<ele>1159.352173</ele>
				<time>2026-06-18T22:21:01Z</time>
			</trkpt>
			<trkpt lat="63.738243" lon="-149.246887">
				<ele>1159.793945</ele>
				<time>2026-06-18T22:21:11Z</time>
			</trkpt>
			<trkpt lat="63.738277" lon="-149.246857">
				<ele>1160.129272</ele>
				<time>2026-06-18T22:21:40Z</time>
			</trkpt>
			<trkpt lat="63.738277" lon="-149.246857">
				<ele>1160.129272</ele>
				<time>2026-06-18T22:21:40Z</time>
			</trkpt>
			<trkpt lat="63.738304" lon="-149.246841">
				<ele>1162.05481</ele>
				<time>2026-06-18T22:21:44Z</time>
			</trkpt>
			<trkpt lat="63.738323" lon="-149.246902">
				<ele>1163.270142</ele>
				<time>2026-06-18T22:21:50Z</time>
			</trkpt>
			<trkpt lat="63.738308" lon="-149.24704">
				<ele>1162.851074</ele>
				<time>2026-06-18T22:21:57Z</time>
			</trkpt>
			<trkpt lat="63.738304" lon="-149.247116">
				<ele>1163.196899</ele>
				<time>2026-06-18T22:22:01Z</time>
			</trkpt>
			<trkpt lat="63.738304" lon="-149.247116">
				<ele>1163.196899</ele>
				<time>2026-06-18T22:22:01Z</time>
			</trkpt>
			<trkpt lat="63.7383" lon="-149.247177">
				<ele>1164.418457</ele>
				<time>2026-06-18T22:22:05Z</time>
			</trkpt>
			<trkpt lat="63.738289" lon="-149.247253">
				<ele>1165.42041</ele>
				<time>2026-06-18T22:22:08Z</time>
			</trkpt>
			<trkpt lat="63.73827" lon="-149.247391">
				<ele>1163.920044</ele>
				<time>2026-06-18T22:22:53Z</time>
			</trkpt>
			<trkpt lat="63.73827" lon="-149.247391">
				<ele>1163.920044</ele>
				<time>2026-06-18T22:22:53Z</time>
			</trkpt>
			<trkpt lat="63.738243" lon="-149.247498">
				<ele>1166.262451</ele>
				<time>2026-06-18T22:23:02Z</time>
			</trkpt>
			<trkpt lat="63.738232" lon="-149.247696">
				<ele>1167.5802</ele>
				<time>2026-06-18T22:23:12Z</time>
			</trkpt>
			<trkpt lat="63.738232" lon="-149.247696">
				<ele>1167.5802</ele>
				<time>2026-06-18T22:23:12Z</time>
			</trkpt>
			<trkpt lat="63.738216" lon="-149.247787">
				<ele>1167.116211</ele>
				<time>2026-06-18T22:23:17Z</time>
			</trkpt>
			<trkpt lat="63.738205" lon="-149.247864">
				<ele>1167.176514</ele>
				<time>2026-06-18T22:23:25Z</time>
			</trkpt>
			<trkpt lat="63.738194" lon="-149.247955">
				<ele>1167.654419</ele>
				<time>2026-06-18T22:23:30Z</time>
			</trkpt>
			<trkpt lat="63.738182" lon="-149.248016">
				<ele>1167.79126</ele>
				<time>2026-06-18T22:23:34Z</time>
			</trkpt>
			<trkpt lat="63.738182" lon="-149.248016">
				<ele>1167.79126</ele>
				<time>2026-06-18T22:23:34Z</time>
			</trkpt>
			<trkpt lat="63.738178" lon="-149.248154">
				<ele>1169.389526</ele>
				<time>2026-06-18T22:23:40Z</time>
			</trkpt>
			<trkpt lat="63.738182" lon="-149.248215">
				<ele>1170.369629</ele>
				<time>2026-06-18T22:23:44Z</time>
			</trkpt>
			<trkpt lat="63.738182" lon="-149.248291">
				<ele>1170.687256</ele>
				<time>2026-06-18T22:23:48Z</time>
			</trkpt>
			<trkpt lat="63.738182" lon="-149.248367">
				<ele>1171.17981</ele>
				<time>2026-06-18T22:23:52Z</time>
			</trkpt>
			<trkpt lat="63.738186" lon="-149.248428">
				<ele>1171.831543</ele>
				<time>2026-06-18T22:23:55Z</time>
			</trkpt>
			<trkpt lat="63.738186" lon="-149.248428">
				<ele>1171.831543</ele>
				<time>2026-06-18T22:23:55Z</time>
			</trkpt>
			<trkpt lat="63.738174" lon="-149.248505">
				<ele>1172.097778</ele>
				<time>2026-06-18T22:23:59Z</time>
			</trkpt>
			<trkpt lat="63.738167" lon="-149.248566">
				<ele>1173.145264</ele>
				<time>2026-06-18T22:24:02Z</time>
			</trkpt>
			<trkpt lat="63.738167" lon="-149.248627">
				<ele>1172.526855</ele>
				<time>2026-06-18T22:24:05Z</time>
			</trkpt>
			<trkpt lat="63.738163" lon="-149.248749">
				<ele>1174.733643</ele>
				<time>2026-06-18T22:24:11Z</time>
			</trkpt>
			<trkpt lat="63.738167" lon="-149.24881">
				<ele>1175.555542</ele>
				<time>2026-06-18T22:24:14Z</time>
			</trkpt>
			<trkpt lat="63.738167" lon="-149.24881">
				<ele>1175.555542</ele>
				<time>2026-06-18T22:24:14Z</time>
			</trkpt>
			<trkpt lat="63.738167" lon="-149.248886">
				<ele>1175.478638</ele>
				<time>2026-06-18T22:24:17Z</time>
			</trkpt>
			<trkpt lat="63.738167" lon="-149.248947">
				<ele>1175.527954</ele>
				<time>2026-06-18T22:24:21Z</time>
			</trkpt>
			<trkpt lat="63.738159" lon="-149.249008">
				<ele>1176.447388</ele>
				<time>2026-06-18T22:24:24Z</time>
			</trkpt>
			<trkpt lat="63.738163" lon="-149.249084">
				<ele>1176.253174</ele>
				<time>2026-06-18T22:24:28Z</time>
			</trkpt>
			<trkpt lat="63.738159" lon="-149.249146">
				<ele>1177.48877</ele>
				<time>2026-06-18T22:24:33Z</time>
			</trkpt>
			<trkpt lat="63.738159" lon="-149.249146">
				<ele>1177.48877</ele>
				<time>2026-06-18T22:24:33Z</time>
			</trkpt>
			<trkpt lat="63.738159" lon="-149.249207">
				<ele>1178.140747</ele>
				<time>2026-06-18T22:24:36Z</time>
			</trkpt>
			<trkpt lat="63.738171" lon="-149.249252">
				<ele>1179.459351</ele>
				<time>2026-06-18T22:24:39Z</time>
			</trkpt>
			<trkpt lat="63.738163" lon="-149.249313">
				<ele>1179.157715</ele>
				<time>2026-06-18T22:24:43Z</time>
			</trkpt>
			<trkpt lat="63.738171" lon="-149.249374">
				<ele>1180.270752</ele>
				<time>2026-06-18T22:24:46Z</time>
			</trkpt>
			<trkpt lat="63.738163" lon="-149.249451">
				<ele>1181.225586</ele>
				<time>2026-06-18T22:24:50Z</time>
			</trkpt>
			<trkpt lat="63.738167" lon="-149.249512">
				<ele>1181.608398</ele>
				<time>2026-06-18T22:24:53Z</time>
			</trkpt>
			<trkpt lat="63.738167" lon="-149.249512">
				<ele>1181.608398</ele>
				<time>2026-06-18T22:24:53Z</time>
			</trkpt>
			<trkpt lat="63.738174" lon="-149.249573">
				<ele>1182.620972</ele>
				<time>2026-06-18T22:24:57Z</time>
			</trkpt>
			<trkpt lat="63.738178" lon="-149.249649">
				<ele>1180.794556</ele>
				<time>2026-06-18T22:25:13Z</time>
			</trkpt>
			<trkpt lat="63.738178" lon="-149.24971">
				<ele>1183.526733</ele>
				<time>2026-06-18T22:25:18Z</time>
			</trkpt>
			<trkpt lat="63.738178" lon="-149.24971">
				<ele>1183.526733</ele>
				<time>2026-06-18T22:25:18Z</time>
			</trkpt>
			<trkpt lat="63.73819" lon="-149.249771">
				<ele>1184.619629</ele>
				<time>2026-06-18T22:25:22Z</time>
			</trkpt>
			<trkpt lat="63.738194" lon="-149.249847">
				<ele>1185.139893</ele>
				<time>2026-06-18T22:25:26Z</time>
			</trkpt>
			<trkpt lat="63.738201" lon="-149.249969">
				<ele>1188.141724</ele>
				<time>2026-06-18T22:25:33Z</time>
			</trkpt>
			<trkpt lat="63.738201" lon="-149.250031">
				<ele>1188.467041</ele>
				<time>2026-06-18T22:25:36Z</time>
			</trkpt>
			<trkpt lat="63.738209" lon="-149.250092">
				<ele>1188.940674</ele>
				<time>2026-06-18T22:25:39Z</time>
			</trkpt>
			<trkpt lat="63.738209" lon="-149.250092">
				<ele>1188.940674</ele>
				<time>2026-06-18T22:25:39Z</time>
			</trkpt>
			<trkpt lat="63.738205" lon="-149.250153">
				<ele>1188.886841</ele>
				<time>2026-06-18T22:25:42Z</time>
			</trkpt>
			<trkpt lat="63.738213" lon="-149.250275">
				<ele>1189.753418</ele>
				<time>2026-06-18T22:25:48Z</time>
			</trkpt>
			<trkpt lat="63.738228" lon="-149.250397">
				<ele>1191.445923</ele>
				<time>2026-06-18T22:25:55Z</time>
			</trkpt>
			<trkpt lat="63.738228" lon="-149.250458">
				<ele>1191.960938</ele>
				<time>2026-06-18T22:25:58Z</time>
			</trkpt>
			<trkpt lat="63.738228" lon="-149.250458">
				<ele>1191.960938</ele>
				<time>2026-06-18T22:25:58Z</time>
			</trkpt>
			<trkpt lat="63.738243" lon="-149.250519">
				<ele>1193.431396</ele>
				<time>2026-06-18T22:26:02Z</time>
			</trkpt>
			<trkpt lat="63.738255" lon="-149.25058">
				<ele>1194.010254</ele>
				<time>2026-06-18T22:26:05Z</time>
			</trkpt>
			<trkpt lat="63.738262" lon="-149.250656">
				<ele>1194.274048</ele>
				<time>2026-06-18T22:26:09Z</time>
			</trkpt>
			<trkpt lat="63.738262" lon="-149.250717">
				<ele>1194.025269</ele>
				<time>2026-06-18T22:26:12Z</time>
			</trkpt>
			<trkpt lat="63.738262" lon="-149.250778">
				<ele>1194.873779</ele>
				<time>2026-06-18T22:26:15Z</time>
			</trkpt>
			<trkpt lat="63.738262" lon="-149.250854">
				<ele>1196.712036</ele>
				<time>2026-06-18T22:26:18Z</time>
			</trkpt>
			<trkpt lat="63.738262" lon="-149.250854">
				<ele>1196.712036</ele>
				<time>2026-06-18T22:26:18Z</time>
			</trkpt>
			<trkpt lat="63.738258" lon="-149.250916">
				<ele>1195.725952</ele>
				<time>2026-06-18T22:26:22Z</time>
			</trkpt>
			<trkpt lat="63.738251" lon="-149.251038">
				<ele>1197.537231</ele>
				<time>2026-06-18T22:26:29Z</time>
			</trkpt>
			<trkpt lat="63.738251" lon="-149.251114">
				<ele>1198.185913</ele>
				<time>2026-06-18T22:26:33Z</time>
			</trkpt>
			<trkpt lat="63.738251" lon="-149.25119">
				<ele>1199.073486</ele>
				<time>2026-06-18T22:26:37Z</time>
			</trkpt>
			<trkpt lat="63.738251" lon="-149.25119">
				<ele>1199.073486</ele>
				<time>2026-06-18T22:26:37Z</time>
			</trkpt>
			<trkpt lat="63.738247" lon="-149.251251">
				<ele>1199.942749</ele>
				<time>2026-06-18T22:26:40Z</time>
			</trkpt>
			<trkpt lat="63.738247" lon="-149.251312">
				<ele>1200.570679</ele>
				<time>2026-06-18T22:26:43Z</time>
			</trkpt>
			<trkpt lat="63.738255" lon="-149.251373">
				<ele>1200.50415</ele>
				<time>2026-06-18T22:26:46Z</time>
			</trkpt>
			<trkpt lat="63.738255" lon="-149.251434">
				<ele>1200.355957</ele>
				<time>2026-06-18T22:26:49Z</time>
			</trkpt>
			<trkpt lat="63.738258" lon="-149.251495">
				<ele>1201.248657</ele>
				<time>2026-06-18T22:26:52Z</time>
			</trkpt>
			<trkpt lat="63.738266" lon="-149.251709">
				<ele>1202.553589</ele>
				<time>2026-06-18T22:28:23Z</time>
			</trkpt>
			<trkpt lat="63.738266" lon="-149.251709">
				<ele>1202.553589</ele>
				<time>2026-06-18T22:28:23Z</time>
			</trkpt>
			<trkpt lat="63.73827" lon="-149.251831">
				<ele>1204.051025</ele>
				<time>2026-06-18T22:28:29Z</time>
			</trkpt>
			<trkpt lat="63.738274" lon="-149.251938">
				<ele>1204.202271</ele>
				<time>2026-06-18T22:28:35Z</time>
			</trkpt>
			<trkpt lat="63.738281" lon="-149.252029">
				<ele>1205.203003</ele>
				<time>2026-06-18T22:28:40Z</time>
			</trkpt>
			<trkpt lat="63.738289" lon="-149.252121">
				<ele>1206.444458</ele>
				<time>2026-06-18T22:28:45Z</time>
			</trkpt>
			<trkpt lat="63.738289" lon="-149.252121">
				<ele>1206.444458</ele>
				<time>2026-06-18T22:28:45Z</time>
			</trkpt>
			<trkpt lat="63.738304" lon="-149.252197">
				<ele>1208.797241</ele>
				<time>2026-06-18T22:28:49Z</time>
			</trkpt>
			<trkpt lat="63.738312" lon="-149.252274">
				<ele>1206.814575</ele>
				<time>2026-06-18T22:28:53Z</time>
			</trkpt>
			<trkpt lat="63.738312" lon="-149.252335">
				<ele>1208.422241</ele>
				<time>2026-06-18T22:28:58Z</time>
			</trkpt>
			<trkpt lat="63.738331" lon="-149.252396">
				<ele>1208.557983</ele>
				<time>2026-06-18T22:29:23Z</time>
			</trkpt>
			<trkpt lat="63.738331" lon="-149.252396">
				<ele>1208.557983</ele>
				<time>2026-06-18T22:29:23Z</time>
			</trkpt>
			<trkpt lat="63.738331" lon="-149.252472">
				<ele>1207.575317</ele>
				<time>2026-06-18T22:29:55Z</time>
			</trkpt>
			<trkpt lat="63.738331" lon="-149.252472">
				<ele>1207.575317</ele>
				<time>2026-06-18T22:29:55Z</time>
			</trkpt>
			<trkpt lat="63.738415" lon="-149.252518">
				<ele>1208.701416</ele>
				<time>2026-06-18T22:34:27Z</time>
			</trkpt>
			<trkpt lat="63.738415" lon="-149.252518">
				<ele>1208.701416</ele>
				<time>2026-06-18T22:34:27Z</time>
			</trkpt>
			<trkpt lat="63.738461" lon="-149.252579">
				<ele>1209.649048</ele>
				<time>2026-06-18T22:34:40Z</time>
			</trkpt>
			<trkpt lat="63.738518" lon="-149.25267">
				<ele>1213.035645</ele>
				<time>2026-06-18T22:36:07Z</time>
			</trkpt>
			<trkpt lat="63.738518" lon="-149.25267">
				<ele>1213.035645</ele>
				<time>2026-06-18T22:36:07Z</time>
			</trkpt>
			<trkpt lat="63.738571" lon="-149.252747">
				<ele>1210.938721</ele>
				<time>2026-06-18T22:36:13Z</time>
			</trkpt>
			<trkpt lat="63.738613" lon="-149.252823">
				<ele>1210.693115</ele>
				<time>2026-06-18T22:36:19Z</time>
			</trkpt>
			<trkpt lat="63.738651" lon="-149.252899">
				<ele>1209.445801</ele>
				<time>2026-06-18T22:36:23Z</time>
			</trkpt>
			<trkpt lat="63.73867" lon="-149.252991">
				<ele>1209.279297</ele>
				<time>2026-06-18T22:36:27Z</time>
			</trkpt>
			<trkpt lat="63.73867" lon="-149.252991">
				<ele>1209.279297</ele>
				<time>2026-06-18T22:36:27Z</time>
			</trkpt>
			<trkpt lat="63.738697" lon="-149.253052">
				<ele>1210.848633</ele>
				<time>2026-06-18T22:36:30Z</time>
			</trkpt>
			<trkpt lat="63.738708" lon="-149.253143">
				<ele>1209.925171</ele>
				<time>2026-06-18T22:36:34Z</time>
			</trkpt>
			<trkpt lat="63.738724" lon="-149.253235">
				<ele>1210.250977</ele>
				<time>2026-06-18T22:36:38Z</time>
			</trkpt>
			<trkpt lat="63.738743" lon="-149.253296">
				<ele>1210.208496</ele>
				<time>2026-06-18T22:36:41Z</time>
			</trkpt>
			<trkpt lat="63.738762" lon="-149.253372">
				<ele>1209.588623</ele>
				<time>2026-06-18T22:36:45Z</time>
			</trkpt>
			<trkpt lat="63.738789" lon="-149.253418">
				<ele>1209.478394</ele>
				<time>2026-06-18T22:36:48Z</time>
			</trkpt>
			<trkpt lat="63.738789" lon="-149.253418">
				<ele>1209.478394</ele>
				<time>2026-06-18T22:36:48Z</time>
			</trkpt>
			<trkpt lat="63.7388" lon="-149.253494">
				<ele>1209.355103</ele>
				<time>2026-06-18T22:36:51Z</time>
			</trkpt>
			<trkpt lat="63.738831" lon="-149.25351">
				<ele>1209.969238</ele>
				<time>2026-06-18T22:36:53Z</time>
			</trkpt>
			<trkpt lat="63.738846" lon="-149.253586">
				<ele>1210.241211</ele>
				<time>2026-06-18T22:36:57Z</time>
			</trkpt>
			<trkpt lat="63.73885" lon="-149.253662">
				<ele>1209.587036</ele>
				<time>2026-06-18T22:37:00Z</time>
			</trkpt>
			<trkpt lat="63.738865" lon="-149.253708">
				<ele>1210.552246</ele>
				<time>2026-06-18T22:37:02Z</time>
			</trkpt>
			<trkpt lat="63.738869" lon="-149.253784">
				<ele>1210.850708</ele>
				<time>2026-06-18T22:37:05Z</time>
			</trkpt>
			<trkpt lat="63.738873" lon="-149.25386">
				<ele>1210.447876</ele>
				<time>2026-06-18T22:37:08Z</time>
			</trkpt>
			<trkpt lat="63.738873" lon="-149.25386">
				<ele>1210.447876</ele>
				<time>2026-06-18T22:37:08Z</time>
			</trkpt>
			<trkpt lat="63.738861" lon="-149.253906">
				<ele>1210.981812</ele>
				<time>2026-06-18T22:37:10Z</time>
			</trkpt>
			<trkpt lat="63.738873" lon="-149.253967">
				<ele>1210.417114</ele>
				<time>2026-06-18T22:37:13Z</time>
			</trkpt>
			<trkpt lat="63.738895" lon="-149.254089">
				<ele>1209.022461</ele>
				<time>2026-06-18T22:37:19Z</time>
			</trkpt>
			<trkpt lat="63.738907" lon="-149.25415">
				<ele>1209.013794</ele>
				<time>2026-06-18T22:37:21Z</time>
			</trkpt>
			<trkpt lat="63.738914" lon="-149.254211">
				<ele>1210.469482</ele>
				<time>2026-06-18T22:37:23Z</time>
			</trkpt>
			<trkpt lat="63.738934" lon="-149.254272">
				<ele>1209.766479</ele>
				<time>2026-06-18T22:37:27Z</time>
			</trkpt>
			<trkpt lat="63.738934" lon="-149.254272">
				<ele>1209.766479</ele>
				<time>2026-06-18T22:37:27Z</time>
			</trkpt>
			<trkpt lat="63.738949" lon="-149.254333">
				<ele>1210.624512</ele>
				<time>2026-06-18T22:37:30Z</time>
			</trkpt>
			<trkpt lat="63.738964" lon="-149.254425">
				<ele>1211.117188</ele>
				<time>2026-06-18T22:37:33Z</time>
			</trkpt>
			<trkpt lat="63.738976" lon="-149.254486">
				<ele>1209.629028</ele>
				<time>2026-06-18T22:37:36Z</time>
			</trkpt>
			<trkpt lat="63.738995" lon="-149.254532">
				<ele>1211.773926</ele>
				<time>2026-06-18T22:37:38Z</time>
			</trkpt>
			<trkpt lat="63.739014" lon="-149.254562">
				<ele>1211.763306</ele>
				<time>2026-06-18T22:37:40Z</time>
			</trkpt>
			<trkpt lat="63.739037" lon="-149.254639">
				<ele>1211.378296</ele>
				<time>2026-06-18T22:37:43Z</time>
			</trkpt>
			<trkpt lat="63.73904" lon="-149.2547">
				<ele>1210.818237</ele>
				<time>2026-06-18T22:37:45Z</time>
			</trkpt>
			<trkpt lat="63.739044" lon="-149.254761">
				<ele>1211.405396</ele>
				<time>2026-06-18T22:37:47Z</time>
			</trkpt>
			<trkpt lat="63.739044" lon="-149.254761">
				<ele>1211.405396</ele>
				<time>2026-06-18T22:37:47Z</time>
			</trkpt>
			<trkpt lat="63.739029" lon="-149.254837">
				<ele>1211.328247</ele>
				<time>2026-06-18T22:37:49Z</time>
			</trkpt>
			<trkpt lat="63.739021" lon="-149.254883">
				<ele>1212.128906</ele>
				<time>2026-06-18T22:37:51Z</time>
			</trkpt>
			<trkpt lat="63.739029" lon="-149.254959">
				<ele>1212.442139</ele>
				<time>2026-06-18T22:37:54Z</time>
			</trkpt>
			<trkpt lat="63.739037" lon="-149.255005">
				<ele>1212.357056</ele>
				<time>2026-06-18T22:37:56Z</time>
			</trkpt>
			<trkpt lat="63.739025" lon="-149.255066">
				<ele>1212.745483</ele>
				<time>2026-06-18T22:37:58Z</time>
			</trkpt>
			<trkpt lat="63.739025" lon="-149.255142">
				<ele>1214.750732</ele>
				<time>2026-06-18T22:38:01Z</time>
			</trkpt>
			<trkpt lat="63.739033" lon="-149.255203">
				<ele>1214.518066</ele>
				<time>2026-06-18T22:38:03Z</time>
			</trkpt>
			<trkpt lat="63.739033" lon="-149.255295">
				<ele>1214.846069</ele>
				<time>2026-06-18T22:38:06Z</time>
			</trkpt>
			<trkpt lat="63.739033" lon="-149.255295">
				<ele>1214.846069</ele>
				<time>2026-06-18T22:38:06Z</time>
			</trkpt>
			<trkpt lat="63.73904" lon="-149.255371">
				<ele>1214.775391</ele>
				<time>2026-06-18T22:38:09Z</time>
			</trkpt>
			<trkpt lat="63.739029" lon="-149.255432">
				<ele>1214.003052</ele>
				<time>2026-06-18T22:38:11Z</time>
			</trkpt>
			<trkpt lat="63.739029" lon="-149.255478">
				<ele>1213.729004</ele>
				<time>2026-06-18T22:38:13Z</time>
			</trkpt>
			<trkpt lat="63.739025" lon="-149.255539">
				<ele>1213.484009</ele>
				<time>2026-06-18T22:38:15Z</time>
			</trkpt>
			<trkpt lat="63.739017" lon="-149.2556">
				<ele>1214.497314</ele>
				<time>2026-06-18T22:38:17Z</time>
			</trkpt>
			<trkpt lat="63.739006" lon="-149.255661">
				<ele>1214.886841</ele>
				<time>2026-06-18T22:38:19Z</time>
			</trkpt>
			<trkpt lat="63.739006" lon="-149.255753">
				<ele>1215.61731</ele>
				<time>2026-06-18T22:38:22Z</time>
			</trkpt>
			<trkpt lat="63.739002" lon="-149.255829">
				<ele>1217.341064</ele>
				<time>2026-06-18T22:38:25Z</time>
			</trkpt>
			<trkpt lat="63.739002" lon="-149.255829">
				<ele>1217.341064</ele>
				<time>2026-06-18T22:38:25Z</time>
			</trkpt>
			<trkpt lat="63.738987" lon="-149.25589">
				<ele>1216.360962</ele>
				<time>2026-06-18T22:38:28Z</time>
			</trkpt>
			<trkpt lat="63.738983" lon="-149.255951">
				<ele>1214.482666</ele>
				<time>2026-06-18T22:38:31Z</time>
			</trkpt>
			<trkpt lat="63.738983" lon="-149.256012">
				<ele>1214.841064</ele>
				<time>2026-06-18T22:38:33Z</time>
			</trkpt>
			<trkpt lat="63.738987" lon="-149.256073">
				<ele>1214.120361</ele>
				<time>2026-06-18T22:38:35Z</time>
			</trkpt>
			<trkpt lat="63.738998" lon="-149.256134">
				<ele>1215.380249</ele>
				<time>2026-06-18T22:38:37Z</time>
			</trkpt>
			<trkpt lat="63.738995" lon="-149.25618">
				<ele>1213.892334</ele>
				<time>2026-06-18T22:38:39Z</time>
			</trkpt>
			<trkpt lat="63.738995" lon="-149.256271">
				<ele>1216.069946</ele>
				<time>2026-06-18T22:38:42Z</time>
			</trkpt>
			<trkpt lat="63.738995" lon="-149.256332">
				<ele>1216.542236</ele>
				<time>2026-06-18T22:38:44Z</time>
			</trkpt>
			<trkpt lat="63.738995" lon="-149.256332">
				<ele>1216.542236</ele>
				<time>2026-06-18T22:38:44Z</time>
			</trkpt>
			<trkpt lat="63.738987" lon="-149.256409">
				<ele>1215.678467</ele>
				<time>2026-06-18T22:38:47Z</time>
			</trkpt>
			<trkpt lat="63.738995" lon="-149.25647">
				<ele>1217.025757</ele>
				<time>2026-06-18T22:38:49Z</time>
			</trkpt>
			<trkpt lat="63.738995" lon="-149.256531">
				<ele>1216.677612</ele>
				<time>2026-06-18T22:38:51Z</time>
			</trkpt>
			<trkpt lat="63.739006" lon="-149.256577">
				<ele>1216.622192</ele>
				<time>2026-06-18T22:38:53Z</time>
			</trkpt>
			<trkpt lat="63.739014" lon="-149.256653">
				<ele>1217.085083</ele>
				<time>2026-06-18T22:38:56Z</time>
			</trkpt>
			<trkpt lat="63.739017" lon="-149.256729">
				<ele>1215.659912</ele>
				<time>2026-06-18T22:38:59Z</time>
			</trkpt>
			<trkpt lat="63.739033" lon="-149.25679">
				<ele>1217.488159</ele>
				<time>2026-06-18T22:39:02Z</time>
			</trkpt>
			<trkpt lat="63.739048" lon="-149.256866">
				<ele>1218.515869</ele>
				<time>2026-06-18T22:39:05Z</time>
			</trkpt>
			<trkpt lat="63.739048" lon="-149.256866">
				<ele>1218.515869</ele>
				<time>2026-06-18T22:39:05Z</time>
			</trkpt>
			<trkpt lat="63.739067" lon="-149.256943">
				<ele>1220.036499</ele>
				<time>2026-06-18T22:39:08Z</time>
			</trkpt>
			<trkpt lat="63.73909" lon="-149.256989">
				<ele>1221.865479</ele>
				<time>2026-06-18T22:39:11Z</time>
			</trkpt>
			<trkpt lat="63.739098" lon="-149.257065">
				<ele>1222.607544</ele>
				<time>2026-06-18T22:39:14Z</time>
			</trkpt>
			<trkpt lat="63.739109" lon="-149.257141">
				<ele>1222.564697</ele>
				<time>2026-06-18T22:39:17Z</time>
			</trkpt>
			<trkpt lat="63.739128" lon="-149.257217">
				<ele>1223.038086</ele>
				<time>2026-06-18T22:39:22Z</time>
			</trkpt>
			<trkpt lat="63.739166" lon="-149.257233">
				<ele>1224.220215</ele>
				<time>2026-06-18T22:39:26Z</time>
			</trkpt>
			<trkpt lat="63.739166" lon="-149.257233">
				<ele>1224.220215</ele>
				<time>2026-06-18T22:39:26Z</time>
			</trkpt>
			<trkpt lat="63.73922" lon="-149.257309">
				<ele>1226.015503</ele>
				<time>2026-06-18T22:39:33Z</time>
			</trkpt>
			<trkpt lat="63.739235" lon="-149.257385">
				<ele>1225.273804</ele>
				<time>2026-06-18T22:39:39Z</time>
			</trkpt>
			<trkpt lat="63.739235" lon="-149.257446">
				<ele>1224.144043</ele>
				<time>2026-06-18T22:39:42Z</time>
			</trkpt>
			<trkpt lat="63.73925" lon="-149.257507">
				<ele>1224.28479</ele>
				<time>2026-06-18T22:39:47Z</time>
			</trkpt>
			<trkpt lat="63.73925" lon="-149.257507">
				<ele>1224.28479</ele>
				<time>2026-06-18T22:39:47Z</time>
			</trkpt>
			<trkpt lat="63.739262" lon="-149.257568">
				<ele>1225.030029</ele>
				<time>2026-06-18T22:39:50Z</time>
			</trkpt>
			<trkpt lat="63.739281" lon="-149.257629">
				<ele>1224.94397</ele>
				<time>2026-06-18T22:39:54Z</time>
			</trkpt>
			<trkpt lat="63.739304" lon="-149.257706">
				<ele>1224.474609</ele>
				<time>2026-06-18T22:39:59Z</time>
			</trkpt>
			<trkpt lat="63.739326" lon="-149.257751">
				<ele>1225.512329</ele>
				<time>2026-06-18T22:40:03Z</time>
			</trkpt>
			<trkpt lat="63.739338" lon="-149.257797">
				<ele>1226.562378</ele>
				<time>2026-06-18T22:40:06Z</time>
			</trkpt>
			<trkpt lat="63.739338" lon="-149.257797">
				<ele>1226.562378</ele>
				<time>2026-06-18T22:40:06Z</time>
			</trkpt>
			<trkpt lat="63.739361" lon="-149.257828">
				<ele>1226.627441</ele>
				<time>2026-06-18T22:40:09Z</time>
			</trkpt>
			<trkpt lat="63.739376" lon="-149.257889">
				<ele>1226.394287</ele>
				<time>2026-06-18T22:40:13Z</time>
			</trkpt>
			<trkpt lat="63.739403" lon="-149.257935">
				<ele>1227.741821</ele>
				<time>2026-06-18T22:40:18Z</time>
			</trkpt>
			<trkpt lat="63.739441" lon="-149.25795">
				<ele>1227.500122</ele>
				<time>2026-06-18T22:40:22Z</time>
			</trkpt>
			<trkpt lat="63.739471" lon="-149.257965">
				<ele>1228.37207</ele>
				<time>2026-06-18T22:40:26Z</time>
			</trkpt>
			<trkpt lat="63.739471" lon="-149.257965">
				<ele>1228.37207</ele>
				<time>2026-06-18T22:40:26Z</time>
			</trkpt>
			<trkpt lat="63.739491" lon="-149.258011">
				<ele>1229.90332</ele>
				<time>2026-06-18T22:40:31Z</time>
			</trkpt>
			<trkpt lat="63.739502" lon="-149.258072">
				<ele>1229.570801</ele>
				<time>2026-06-18T22:40:35Z</time>
			</trkpt>
			<trkpt lat="63.73951" lon="-149.258179">
				<ele>1232.274292</ele>
				<time>2026-06-18T22:40:40Z</time>
			</trkpt>
			<trkpt lat="63.739521" lon="-149.25824">
				<ele>1232.530396</ele>
				<time>2026-06-18T22:40:45Z</time>
			</trkpt>
			<trkpt lat="63.739521" lon="-149.25824">
				<ele>1232.530396</ele>
				<time>2026-06-18T22:40:45Z</time>
			</trkpt>
			<trkpt lat="63.73954" lon="-149.258286">
				<ele>1233.353027</ele>
				<time>2026-06-18T22:40:48Z</time>
			</trkpt>
			<trkpt lat="63.739559" lon="-149.25824">
				<ele>1234.696533</ele>
				<time>2026-06-18T22:40:53Z</time>
			</trkpt>
			<trkpt lat="63.739578" lon="-149.258194">
				<ele>1235.489258</ele>
				<time>2026-06-18T22:40:58Z</time>
			</trkpt>
			<trkpt lat="63.739586" lon="-149.258148">
				<ele>1236.051758</ele>
				<time>2026-06-18T22:41:01Z</time>
			</trkpt>
			<trkpt lat="63.739594" lon="-149.258087">
				<ele>1235.97937</ele>
				<time>2026-06-18T22:41:05Z</time>
			</trkpt>
			<trkpt lat="63.739594" lon="-149.258087">
				<ele>1235.97937</ele>
				<time>2026-06-18T22:41:05Z</time>
			</trkpt>
			<trkpt lat="63.739609" lon="-149.258026">
				<ele>1237.01355</ele>
				<time>2026-06-18T22:41:09Z</time>
			</trkpt>
			<trkpt lat="63.739635" lon="-149.258026">
				<ele>1238.578247</ele>
				<time>2026-06-18T22:41:14Z</time>
			</trkpt>
			<trkpt lat="63.739662" lon="-149.258041">
				<ele>1239.999268</ele>
				<time>2026-06-18T22:41:20Z</time>
			</trkpt>
			<trkpt lat="63.739685" lon="-149.258026">
				<ele>1240.599487</ele>
				<time>2026-06-18T22:42:01Z</time>
			</trkpt>
			<trkpt lat="63.739685" lon="-149.258026">
				<ele>1240.599487</ele>
				<time>2026-06-18T22:42:01Z</time>
			</trkpt>
			<trkpt lat="63.739681" lon="-149.258087">
				<ele>1239.865845</ele>
				<time>2026-06-18T22:42:09Z</time>
			</trkpt>
			<trkpt lat="63.739716" lon="-149.257904">
				<ele>1240.294678</ele>
				<time>2026-06-18T22:47:33Z</time>
			</trkpt>
			<trkpt lat="63.739716" lon="-149.257904">
				<ele>1240.294678</ele>
				<time>2026-06-18T22:47:33Z</time>
			</trkpt>
			<trkpt lat="63.739723" lon="-149.257751">
				<ele>1239.575562</ele>
				<time>2026-06-18T22:47:42Z</time>
			</trkpt>
			<trkpt lat="63.739738" lon="-149.257629">
				<ele>1240.739624</ele>
				<time>2026-06-18T22:47:50Z</time>
			</trkpt>
			<trkpt lat="63.739761" lon="-149.257538">
				<ele>1240.861572</ele>
				<time>2026-06-18T22:47:55Z</time>
			</trkpt>
			<trkpt lat="63.739761" lon="-149.257538">
				<ele>1240.861572</ele>
				<time>2026-06-18T22:47:55Z</time>
			</trkpt>
			<trkpt lat="63.739788" lon="-149.257462">
				<ele>1240.106812</ele>
				<time>2026-06-18T22:48:00Z</time>
			</trkpt>
			<trkpt lat="63.739803" lon="-149.257385">
				<ele>1241.290894</ele>
				<time>2026-06-18T22:48:05Z</time>
			</trkpt>
			<trkpt lat="63.73983" lon="-149.257324">
				<ele>1241.30896</ele>
				<time>2026-06-18T22:48:09Z</time>
			</trkpt>
			<trkpt lat="63.739849" lon="-149.257263">
				<ele>1242.456787</ele>
				<time>2026-06-18T22:48:14Z</time>
			</trkpt>
			<trkpt lat="63.739849" lon="-149.257263">
				<ele>1242.456787</ele>
				<time>2026-06-18T22:48:14Z</time>
			</trkpt>
			<trkpt lat="63.739868" lon="-149.257202">
				<ele>1242.670532</ele>
				<time>2026-06-18T22:48:18Z</time>
			</trkpt>
			<trkpt lat="63.739876" lon="-149.257126">
				<ele>1243.277588</ele>
				<time>2026-06-18T22:48:22Z</time>
			</trkpt>
			<trkpt lat="63.739891" lon="-149.257065">
				<ele>1242.831909</ele>
				<time>2026-06-18T22:48:25Z</time>
			</trkpt>
			<trkpt lat="63.739899" lon="-149.257019">
				<ele>1242.898438</ele>
				<time>2026-06-18T22:48:28Z</time>
			</trkpt>
			<trkpt lat="63.739918" lon="-149.256897">
				<ele>1243.856689</ele>
				<time>2026-06-18T22:48:37Z</time>
			</trkpt>
			<trkpt lat="63.739918" lon="-149.256897">
				<ele>1243.856689</ele>
				<time>2026-06-18T22:48:37Z</time>
			</trkpt>
			<trkpt lat="63.739914" lon="-149.256836">
				<ele>1245.071899</ele>
				<time>2026-06-18T22:48:45Z</time>
			</trkpt>
			<trkpt lat="63.739922" lon="-149.256775">
				<ele>1245.819824</ele>
				<time>2026-06-18T22:48:48Z</time>
			</trkpt>
			<trkpt lat="63.739933" lon="-149.256729">
				<ele>1245.55127</ele>
				<time>2026-06-18T22:48:52Z</time>
			</trkpt>
			<trkpt lat="63.739929" lon="-149.256668">
				<ele>1246.622192</ele>
				<time>2026-06-18T22:48:55Z</time>
			</trkpt>
			<trkpt lat="63.739937" lon="-149.256607">
				<ele>1247.285034</ele>
				<time>2026-06-18T22:48:59Z</time>
			</trkpt>
			<trkpt lat="63.739937" lon="-149.256607">
				<ele>1247.285034</ele>
				<time>2026-06-18T22:48:59Z</time>
			</trkpt>
			<trkpt lat="63.739944" lon="-149.256546">
				<ele>1247.316528</ele>
				<time>2026-06-18T22:49:02Z</time>
			</trkpt>
			<trkpt lat="63.739952" lon="-149.2565">
				<ele>1247.505615</ele>
				<time>2026-06-18T22:49:05Z</time>
			</trkpt>
			<trkpt lat="63.739964" lon="-149.256439">
				<ele>1247.025024</ele>
				<time>2026-06-18T22:49:08Z</time>
			</trkpt>
			<trkpt lat="63.739986" lon="-149.256378">
				<ele>1247.821655</ele>
				<time>2026-06-18T22:49:11Z</time>
			</trkpt>
			<trkpt lat="63.740009" lon="-149.256271">
				<ele>1249.684448</ele>
				<time>2026-06-18T22:49:17Z</time>
			</trkpt>
			<trkpt lat="63.740017" lon="-149.25621">
				<ele>1248.755005</ele>
				<time>2026-06-18T22:49:20Z</time>
			</trkpt>
			<trkpt lat="63.740017" lon="-149.25621">
				<ele>1248.755005</ele>
				<time>2026-06-18T22:49:20Z</time>
			</trkpt>
			<trkpt lat="63.740025" lon="-149.256073">
				<ele>1250.125977</ele>
				<time>2026-06-18T22:49:26Z</time>
			</trkpt>
			<trkpt lat="63.740025" lon="-149.256012">
				<ele>1251.199463</ele>
				<time>2026-06-18T22:49:29Z</time>
			</trkpt>
			<trkpt lat="63.740028" lon="-149.255936">
				<ele>1251.307495</ele>
				<time>2026-06-18T22:49:32Z</time>
			</trkpt>
			<trkpt lat="63.740025" lon="-149.255859">
				<ele>1252.02417</ele>
				<time>2026-06-18T22:49:35Z</time>
			</trkpt>
			<trkpt lat="63.740025" lon="-149.255798">
				<ele>1252.983643</ele>
				<time>2026-06-18T22:49:38Z</time>
			</trkpt>
			<trkpt lat="63.740025" lon="-149.255722">
				<ele>1252.998291</ele>
				<time>2026-06-18T22:49:41Z</time>
			</trkpt>
			<trkpt lat="63.740025" lon="-149.255722">
				<ele>1252.998291</ele>
				<time>2026-06-18T22:49:41Z</time>
			</trkpt>
			<trkpt lat="63.740025" lon="-149.255646">
				<ele>1253.150757</ele>
				<time>2026-06-18T22:49:44Z</time>
			</trkpt>
			<trkpt lat="63.740036" lon="-149.2556">
				<ele>1253.376831</ele>
				<time>2026-06-18T22:49:47Z</time>
			</trkpt>
			<trkpt lat="63.740047" lon="-149.255539">
				<ele>1254.578979</ele>
				<time>2026-06-18T22:49:51Z</time>
			</trkpt>
			<trkpt lat="63.740055" lon="-149.255493">
				<ele>1255.328735</ele>
				<time>2026-06-18T22:49:58Z</time>
			</trkpt>
			<trkpt lat="63.740055" lon="-149.255432">
				<ele>1256.024414</ele>
				<time>2026-06-18T22:50:01Z</time>
			</trkpt>
			<trkpt lat="63.740055" lon="-149.255432">
				<ele>1256.024414</ele>
				<time>2026-06-18T22:50:01Z</time>
			</trkpt>
			<trkpt lat="63.740047" lon="-149.255371">
				<ele>1256.075317</ele>
				<time>2026-06-18T22:50:03Z</time>
			</trkpt>
			<trkpt lat="63.740044" lon="-149.25531">
				<ele>1256.45874</ele>
				<time>2026-06-18T22:50:06Z</time>
			</trkpt>
			<trkpt lat="63.740047" lon="-149.255249">
				<ele>1257.689209</ele>
				<time>2026-06-18T22:50:10Z</time>
			</trkpt>
			<trkpt lat="63.740051" lon="-149.255188">
				<ele>1257.853271</ele>
				<time>2026-06-18T22:50:13Z</time>
			</trkpt>
			<trkpt lat="63.740051" lon="-149.255142">
				<ele>1258.672729</ele>
				<time>2026-06-18T22:50:15Z</time>
			</trkpt>
			<trkpt lat="63.740047" lon="-149.255081">
				<ele>1258.42688</ele>
				<time>2026-06-18T22:50:18Z</time>
			</trkpt>
			<trkpt lat="63.740055" lon="-149.255035">
				<ele>1258.277954</ele>
				<time>2026-06-18T22:50:20Z</time>
			</trkpt>
			<trkpt lat="63.740055" lon="-149.255035">
				<ele>1258.277954</ele>
				<time>2026-06-18T22:50:20Z</time>
			</trkpt>
			<trkpt lat="63.740051" lon="-149.254974">
				<ele>1257.894897</ele>
				<time>2026-06-18T22:50:22Z</time>
			</trkpt>
			<trkpt lat="63.740055" lon="-149.254929">
				<ele>1258.601929</ele>
				<time>2026-06-18T22:50:25Z</time>
			</trkpt>
			<trkpt lat="63.74007" lon="-149.254807">
				<ele>1259.882202</ele>
				<time>2026-06-18T22:50:31Z</time>
			</trkpt>
			<trkpt lat="63.740078" lon="-149.254761">
				<ele>1260.504517</ele>
				<time>2026-06-18T22:50:34Z</time>
			</trkpt>
			<trkpt lat="63.740093" lon="-149.254715">
				<ele>1261.937744</ele>
				<time>2026-06-18T22:50:37Z</time>
			</trkpt>
			<trkpt lat="63.740116" lon="-149.254684">
				<ele>1262.387939</ele>
				<time>2026-06-18T22:50:41Z</time>
			</trkpt>
			<trkpt lat="63.740116" lon="-149.254684">
				<ele>1262.387939</ele>
				<time>2026-06-18T22:50:41Z</time>
			</trkpt>
			<trkpt lat="63.740131" lon="-149.254654">
				<ele>1263.414673</ele>
				<time>2026-06-18T22:50:44Z</time>
			</trkpt>
			<trkpt lat="63.740139" lon="-149.254578">
				<ele>1264.608032</ele>
				<time>2026-06-18T22:50:48Z</time>
			</trkpt>
			<trkpt lat="63.740147" lon="-149.254547">
				<ele>1265.868042</ele>
				<time>2026-06-18T22:50:52Z</time>
			</trkpt>
			<trkpt lat="63.740154" lon="-149.254486">
				<ele>1267.073853</ele>
				<time>2026-06-18T22:50:56Z</time>
			</trkpt>
			<trkpt lat="63.740166" lon="-149.25444">
				<ele>1268.397705</ele>
				<time>2026-06-18T22:51:00Z</time>
			</trkpt>
			<trkpt lat="63.740166" lon="-149.25444">
				<ele>1268.397705</ele>
				<time>2026-06-18T22:51:00Z</time>
			</trkpt>
			<trkpt lat="63.74017" lon="-149.254379">
				<ele>1268.726196</ele>
				<time>2026-06-18T22:51:03Z</time>
			</trkpt>
			<trkpt lat="63.740185" lon="-149.254349">
				<ele>1270.160156</ele>
				<time>2026-06-18T22:51:08Z</time>
			</trkpt>
			<trkpt lat="63.740208" lon="-149.254242">
				<ele>1272.327881</ele>
				<time>2026-06-18T22:51:17Z</time>
			</trkpt>
			<trkpt lat="63.740215" lon="-149.254181">
				<ele>1274.354004</ele>
				<time>2026-06-18T22:51:22Z</time>
			</trkpt>
			<trkpt lat="63.740215" lon="-149.254181">
				<ele>1274.354004</ele>
				<time>2026-06-18T22:51:22Z</time>
			</trkpt>
			<trkpt lat="63.740227" lon="-149.25412">
				<ele>1274.476685</ele>
				<time>2026-06-18T22:51:26Z</time>
			</trkpt>
			<trkpt lat="63.740242" lon="-149.254074">
				<ele>1278.370972</ele>
				<time>2026-06-18T22:51:31Z</time>
			</trkpt>
			<trkpt lat="63.74025" lon="-149.254028">
				<ele>1278.825073</ele>
				<time>2026-06-18T22:51:34Z</time>
			</trkpt>
			<trkpt lat="63.740261" lon="-149.253983">
				<ele>1278.541016</ele>
				<time>2026-06-18T22:51:37Z</time>
			</trkpt>
			<trkpt lat="63.740273" lon="-149.253937">
				<ele>1278.050293</ele>
				<time>2026-06-18T22:51:39Z</time>
			</trkpt>
			<trkpt lat="63.740273" lon="-149.253876">
				<ele>1278.281982</ele>
				<time>2026-06-18T22:51:43Z</time>
			</trkpt>
			<trkpt lat="63.740273" lon="-149.253876">
				<ele>1278.281982</ele>
				<time>2026-06-18T22:51:43Z</time>
			</trkpt>
			<trkpt lat="63.740284" lon="-149.253815">
				<ele>1279.58728</ele>
				<time>2026-06-18T22:51:49Z</time>
			</trkpt>
			<trkpt lat="63.740288" lon="-149.253769">
				<ele>1278.701172</ele>
				<time>2026-06-18T22:52:12Z</time>
			</trkpt>
			<trkpt lat="63.740288" lon="-149.253769">
				<ele>1278.701172</ele>
				<time>2026-06-18T22:52:12Z</time>
			</trkpt>
			<trkpt lat="63.740345" lon="-149.253693">
				<ele>1280.796387</ele>
				<time>2026-06-18T22:54:27Z</time>
			</trkpt>
			<trkpt lat="63.740345" lon="-149.253693">
				<ele>1280.796387</ele>
				<time>2026-06-18T22:54:27Z</time>
			</trkpt>
			<trkpt lat="63.740398" lon="-149.253647">
				<ele>1281.898315</ele>
				<time>2026-06-18T22:54:35Z</time>
			</trkpt>
			<trkpt lat="63.740471" lon="-149.253555">
				<ele>1284.773682</ele>
				<time>2026-06-18T22:54:50Z</time>
			</trkpt>
			<trkpt lat="63.740471" lon="-149.253555">
				<ele>1284.773682</ele>
				<time>2026-06-18T22:54:50Z</time>
			</trkpt>
			<trkpt lat="63.740505" lon="-149.253525">
				<ele>1284.61853</ele>
				<time>2026-06-18T22:54:55Z</time>
			</trkpt>
			<trkpt lat="63.74052" lon="-149.253448">
				<ele>1286.069824</ele>
				<time>2026-06-18T22:55:01Z</time>
			</trkpt>
			<trkpt lat="63.740551" lon="-149.253403">
				<ele>1287.735962</ele>
				<time>2026-06-18T22:55:05Z</time>
			</trkpt>
			<trkpt lat="63.740562" lon="-149.253326">
				<ele>1287.898682</ele>
				<time>2026-06-18T22:55:13Z</time>
			</trkpt>
			<trkpt lat="63.740562" lon="-149.253326">
				<ele>1287.898682</ele>
				<time>2026-06-18T22:55:13Z</time>
			</trkpt>
			<trkpt lat="63.740582" lon="-149.253281">
				<ele>1289.468628</ele>
				<time>2026-06-18T22:55:17Z</time>
			</trkpt>
			<trkpt lat="63.740604" lon="-149.253235">
				<ele>1289.255981</ele>
				<time>2026-06-18T22:55:22Z</time>
			</trkpt>
			<trkpt lat="63.740627" lon="-149.253204">
				<ele>1290.922119</ele>
				<time>2026-06-18T22:55:25Z</time>
			</trkpt>
			<trkpt lat="63.740646" lon="-149.253174">
				<ele>1291.664429</ele>
				<time>2026-06-18T22:55:32Z</time>
			</trkpt>
			<trkpt lat="63.740646" lon="-149.253174">
				<ele>1291.664429</ele>
				<time>2026-06-18T22:55:32Z</time>
			</trkpt>
			<trkpt lat="63.740673" lon="-149.253143">
				<ele>1292.228149</ele>
				<time>2026-06-18T22:55:36Z</time>
			</trkpt>
			<trkpt lat="63.740688" lon="-149.253082">
				<ele>1292.378784</ele>
				<time>2026-06-18T22:55:41Z</time>
			</trkpt>
			<trkpt lat="63.740704" lon="-149.252975">
				<ele>1294.855103</ele>
				<time>2026-06-18T22:55:48Z</time>
			</trkpt>
			<trkpt lat="63.740715" lon="-149.252914">
				<ele>1294.744141</ele>
				<time>2026-06-18T22:55:52Z</time>
			</trkpt>
			<trkpt lat="63.740715" lon="-149.252914">
				<ele>1294.744141</ele>
				<time>2026-06-18T22:55:52Z</time>
			</trkpt>
			<trkpt lat="63.74073" lon="-149.252869">
				<ele>1295.765991</ele>
				<time>2026-06-18T22:55:56Z</time>
			</trkpt>
			<trkpt lat="63.740734" lon="-149.252808">
				<ele>1296.696533</ele>
				<time>2026-06-18T22:55:59Z</time>
			</trkpt>
			<trkpt lat="63.740746" lon="-149.252747">
				<ele>1297.230591</ele>
				<time>2026-06-18T22:56:03Z</time>
			</trkpt>
			<trkpt lat="63.740757" lon="-149.252701">
				<ele>1298.050293</ele>
				<time>2026-06-18T22:56:08Z</time>
			</trkpt>
			<trkpt lat="63.740776" lon="-149.252686">
				<ele>1298.820313</ele>
				<time>2026-06-18T22:56:12Z</time>
			</trkpt>
			<trkpt lat="63.740776" lon="-149.252686">
				<ele>1298.820313</ele>
				<time>2026-06-18T22:56:12Z</time>
			</trkpt>
			<trkpt lat="63.74081" lon="-149.252655">
				<ele>1300.081177</ele>
				<time>2026-06-18T22:56:16Z</time>
			</trkpt>
			<trkpt lat="63.740826" lon="-149.252625">
				<ele>1301.328735</ele>
				<time>2026-06-18T22:56:21Z</time>
			</trkpt>
			<trkpt lat="63.740841" lon="-149.252579">
				<ele>1302.047363</ele>
				<time>2026-06-18T22:56:24Z</time>
			</trkpt>
			<trkpt lat="63.740864" lon="-149.252563">
				<ele>1302.693481</ele>
				<time>2026-06-18T22:56:27Z</time>
			</trkpt>
			<trkpt lat="63.740871" lon="-149.252518">
				<ele>1304.164795</ele>
				<time>2026-06-18T22:56:32Z</time>
			</trkpt>
			<trkpt lat="63.740871" lon="-149.252518">
				<ele>1304.164795</ele>
				<time>2026-06-18T22:56:32Z</time>
			</trkpt>
			<trkpt lat="63.740891" lon="-149.252487">
				<ele>1304.221436</ele>
				<time>2026-06-18T22:56:36Z</time>
			</trkpt>
			<trkpt lat="63.740963" lon="-149.252426">
				<ele>1306.987915</ele>
				<time>2026-06-18T22:57:56Z</time>
			</trkpt>
			<trkpt lat="63.740963" lon="-149.252426">
				<ele>1306.987915</ele>
				<time>2026-06-18T22:57:56Z</time>
			</trkpt>
			<trkpt lat="63.741016" lon="-149.252472">
				<ele>1309.150269</ele>
				<time>2026-06-18T22:58:05Z</time>
			</trkpt>
			<trkpt lat="63.741108" lon="-149.252472">
				<ele>1311.621216</ele>
				<time>2026-06-18T22:58:18Z</time>
			</trkpt>
			<trkpt lat="63.741108" lon="-149.252472">
				<ele>1311.621216</ele>
				<time>2026-06-18T22:58:18Z</time>
			</trkpt>
			<trkpt lat="63.74115" lon="-149.252441">
				<ele>1314.144653</ele>
				<time>2026-06-18T22:58:24Z</time>
			</trkpt>
			<trkpt lat="63.74118" lon="-149.252426">
				<ele>1314.943604</ele>
				<time>2026-06-18T22:58:29Z</time>
			</trkpt>
			<trkpt lat="63.741207" lon="-149.252411">
				<ele>1315.953979</ele>
				<time>2026-06-18T22:58:35Z</time>
			</trkpt>
			<trkpt lat="63.741234" lon="-149.252426">
				<ele>1316.624634</ele>
				<time>2026-06-18T22:58:40Z</time>
			</trkpt>
			<trkpt lat="63.741234" lon="-149.252426">
				<ele>1316.624634</ele>
				<time>2026-06-18T22:58:40Z</time>
			</trkpt>
			<trkpt lat="63.741249" lon="-149.252487">
				<ele>1317.8396</ele>
				<time>2026-06-18T22:58:45Z</time>
			</trkpt>
			<trkpt lat="63.741261" lon="-149.252533">
				<ele>1317.911011</ele>
				<time>2026-06-18T22:58:52Z</time>
			</trkpt>
			<trkpt lat="63.741249" lon="-149.252579">
				<ele>1317.810425</ele>
				<time>2026-06-18T22:59:11Z</time>
			</trkpt>
			<trkpt lat="63.741249" lon="-149.252579">
				<ele>1317.810425</ele>
				<time>2026-06-18T22:59:11Z</time>
			</trkpt>
			<trkpt lat="63.741249" lon="-149.252426">
				<ele>1317.959961</ele>
				<time>2026-06-18T23:01:07Z</time>
			</trkpt>
			<trkpt lat="63.741249" lon="-149.252426">
				<ele>1317.959961</ele>
				<time>2026-06-18T23:01:07Z</time>
			</trkpt>
			<trkpt lat="63.741264" lon="-149.252319">
				<ele>1319.549927</ele>
				<time>2026-06-18T23:01:17Z</time>
			</trkpt>
			<trkpt lat="63.741272" lon="-149.252213">
				<ele>1319.821411</ele>
				<time>2026-06-18T23:01:23Z</time>
			</trkpt>
			<trkpt lat="63.741264" lon="-149.252136">
				<ele>1319.633179</ele>
				<time>2026-06-18T23:01:29Z</time>
			</trkpt>
			<trkpt lat="63.741264" lon="-149.252136">
				<ele>1319.633179</ele>
				<time>2026-06-18T23:01:29Z</time>
			</trkpt>
			<trkpt lat="63.741257" lon="-149.25206">
				<ele>1319.881836</ele>
				<time>2026-06-18T23:01:34Z</time>
			</trkpt>
			<trkpt lat="63.741261" lon="-149.251984">
				<ele>1320.721069</ele>
				<time>2026-06-18T23:01:39Z</time>
			</trkpt>
			<trkpt lat="63.741249" lon="-149.251923">
				<ele>1320.392456</ele>
				<time>2026-06-18T23:01:43Z</time>
			</trkpt>
			<trkpt lat="63.741249" lon="-149.251862">
				<ele>1320.367798</ele>
				<time>2026-06-18T23:01:48Z</time>
			</trkpt>
			<trkpt lat="63.741249" lon="-149.251862">
				<ele>1320.367798</ele>
				<time>2026-06-18T23:01:48Z</time>
			</trkpt>
			<trkpt lat="63.741241" lon="-149.251801">
				<ele>1320.709351</ele>
				<time>2026-06-18T23:01:52Z</time>
			</trkpt>
			<trkpt lat="63.741238" lon="-149.25174">
				<ele>1320.794922</ele>
				<time>2026-06-18T23:01:57Z</time>
			</trkpt>
			<trkpt lat="63.74123" lon="-149.251678">
				<ele>1320.31604</ele>
				<time>2026-06-18T23:02:01Z</time>
			</trkpt>
			<trkpt lat="63.741226" lon="-149.251617">
				<ele>1321.171631</ele>
				<time>2026-06-18T23:02:06Z</time>
			</trkpt>
			<trkpt lat="63.741234" lon="-149.251541">
				<ele>1321.296631</ele>
				<time>2026-06-18T23:02:10Z</time>
			</trkpt>
			<trkpt lat="63.741234" lon="-149.251541">
				<ele>1321.296631</ele>
				<time>2026-06-18T23:02:10Z</time>
			</trkpt>
			<trkpt lat="63.74123" lon="-149.25148">
				<ele>1321.085693</ele>
				<time>2026-06-18T23:02:14Z</time>
			</trkpt>
			<trkpt lat="63.741234" lon="-149.251434">
				<ele>1322.477905</ele>
				<time>2026-06-18T23:02:19Z</time>
			</trkpt>
			<trkpt lat="63.741241" lon="-149.251358">
				<ele>1322.846069</ele>
				<time>2026-06-18T23:02:23Z</time>
			</trkpt>
			<trkpt lat="63.741245" lon="-149.251312">
				<ele>1324.342285</ele>
				<time>2026-06-18T23:02:28Z</time>
			</trkpt>
			<trkpt lat="63.741249" lon="-149.251251">
				<ele>1325.024658</ele>
				<time>2026-06-18T23:02:35Z</time>
			</trkpt>
			<trkpt lat="63.741249" lon="-149.251251">
				<ele>1325.024658</ele>
				<time>2026-06-18T23:02:35Z</time>
			</trkpt>
			<trkpt lat="63.741261" lon="-149.25119">
				<ele>1325.622192</ele>
				<time>2026-06-18T23:02:38Z</time>
			</trkpt>
			<trkpt lat="63.741264" lon="-149.251144">
				<ele>1326.233887</ele>
				<time>2026-06-18T23:02:42Z</time>
			</trkpt>
			<trkpt lat="63.741272" lon="-149.251099">
				<ele>1326.540283</ele>
				<time>2026-06-18T23:02:45Z</time>
			</trkpt>
			<trkpt lat="63.741295" lon="-149.251022">
				<ele>1327.64563</ele>
				<time>2026-06-18T23:02:52Z</time>
			</trkpt>
			<trkpt lat="63.741314" lon="-149.250992">
				<ele>1327.676514</ele>
				<time>2026-06-18T23:02:59Z</time>
			</trkpt>
			<trkpt lat="63.741314" lon="-149.250992">
				<ele>1327.676514</ele>
				<time>2026-06-18T23:02:59Z</time>
			</trkpt>
			<trkpt lat="63.741333" lon="-149.250961">
				<ele>1328.821289</ele>
				<time>2026-06-18T23:03:38Z</time>
			</trkpt>
			<trkpt lat="63.741333" lon="-149.250961">
				<ele>1328.821289</ele>
				<time>2026-06-18T23:03:38Z</time>
			</trkpt>
			<trkpt lat="63.741356" lon="-149.250977">
				<ele>1329.84436</ele>
				<time>2026-06-18T23:03:48Z</time>
			</trkpt>
			<trkpt lat="63.741413" lon="-149.250961">
				<ele>1331.99292</ele>
				<time>2026-06-18T23:04:05Z</time>
			</trkpt>
			<trkpt lat="63.741413" lon="-149.250961">
				<ele>1331.99292</ele>
				<time>2026-06-18T23:04:05Z</time>
			</trkpt>
			<trkpt lat="63.741444" lon="-149.250977">
				<ele>1333.373657</ele>
				<time>2026-06-18T23:04:26Z</time>
			</trkpt>
			<trkpt lat="63.741444" lon="-149.250977">
				<ele>1333.373657</ele>
				<time>2026-06-18T23:04:26Z</time>
			</trkpt>
			<trkpt lat="63.74147" lon="-149.250992">
				<ele>1334.647705</ele>
				<time>2026-06-18T23:04:37Z</time>
			</trkpt>
			<trkpt lat="63.741497" lon="-149.251007">
				<ele>1336.873169</ele>
				<time>2026-06-18T23:04:46Z</time>
			</trkpt>
			<trkpt lat="63.741497" lon="-149.251007">
				<ele>1336.873169</ele>
				<time>2026-06-18T23:04:46Z</time>
			</trkpt>
			<trkpt lat="63.74152" lon="-149.251022">
				<ele>1339.455444</ele>
				<time>2026-06-18T23:04:55Z</time>
			</trkpt>
			<trkpt lat="63.741531" lon="-149.250977">
				<ele>1339.047607</ele>
				<time>2026-06-18T23:05:07Z</time>
			</trkpt>
			<trkpt lat="63.741531" lon="-149.250977">
				<ele>1339.047607</ele>
				<time>2026-06-18T23:05:07Z</time>
			</trkpt>
			<trkpt lat="63.741558" lon="-149.250961">
				<ele>1341.019897</ele>
				<time>2026-06-18T23:05:27Z</time>
			</trkpt>
			<trkpt lat="63.741558" lon="-149.250961">
				<ele>1341.019897</ele>
				<time>2026-06-18T23:05:27Z</time>
			</trkpt>
			<trkpt lat="63.741619" lon="-149.250946">
				<ele>1344.812622</ele>
				<time>2026-06-18T23:06:17Z</time>
			</trkpt>
			<trkpt lat="63.741619" lon="-149.250946">
				<ele>1344.812622</ele>
				<time>2026-06-18T23:06:17Z</time>
			</trkpt>
			<trkpt lat="63.741669" lon="-149.250916">
				<ele>1347.509399</ele>
				<time>2026-06-18T23:06:27Z</time>
			</trkpt>
			<trkpt lat="63.741699" lon="-149.25087">
				<ele>1350.156006</ele>
				<time>2026-06-18T23:06:40Z</time>
			</trkpt>
			<trkpt lat="63.741699" lon="-149.25087">
				<ele>1350.156006</ele>
				<time>2026-06-18T23:06:40Z</time>
			</trkpt>
			<trkpt lat="63.741734" lon="-149.250839">
				<ele>1351.682495</ele>
				<time>2026-06-18T23:06:46Z</time>
			</trkpt>
			<trkpt lat="63.741764" lon="-149.250839">
				<ele>1352.814697</ele>
				<time>2026-06-18T23:07:00Z</time>
			</trkpt>
			<trkpt lat="63.741783" lon="-149.250885">
				<ele>1353.407349</ele>
				<time>2026-06-18T23:07:05Z</time>
			</trkpt>
			<trkpt lat="63.741783" lon="-149.250885">
				<ele>1353.407349</ele>
				<time>2026-06-18T23:07:05Z</time>
			</trkpt>
			<trkpt lat="63.741806" lon="-149.250916">
				<ele>1353.077393</ele>
				<time>2026-06-18T23:07:10Z</time>
			</trkpt>
			<trkpt lat="63.741814" lon="-149.250961">
				<ele>1354.245728</ele>
				<time>2026-06-18T23:07:17Z</time>
			</trkpt>
			<trkpt lat="63.741837" lon="-149.251022">
				<ele>1354.29834</ele>
				<time>2026-06-18T23:07:22Z</time>
			</trkpt>
			<trkpt lat="63.741852" lon="-149.251068">
				<ele>1355.941772</ele>
				<time>2026-06-18T23:07:27Z</time>
			</trkpt>
			<trkpt lat="63.741852" lon="-149.251068">
				<ele>1355.941772</ele>
				<time>2026-06-18T23:07:27Z</time>
			</trkpt>
			<trkpt lat="63.741863" lon="-149.251114">
				<ele>1357.52832</ele>
				<time>2026-06-18T23:07:34Z</time>
			</trkpt>
			<trkpt lat="63.741879" lon="-149.251175">
				<ele>1357.727905</ele>
				<time>2026-06-18T23:07:40Z</time>
			</trkpt>
			<trkpt lat="63.741886" lon="-149.251221">
				<ele>1358.509033</ele>
				<time>2026-06-18T23:07:46Z</time>
			</trkpt>
			<trkpt lat="63.741871" lon="-149.251282">
				<ele>1359.959106</ele>
				<time>2026-06-18T23:07:57Z</time>
			</trkpt>
			<trkpt lat="63.741871" lon="-149.251282">
				<ele>1359.959106</ele>
				<time>2026-06-18T23:07:57Z</time>
			</trkpt>
			<trkpt lat="63.741848" lon="-149.251312">
				<ele>1357.64624</ele>
				<time>2026-06-18T23:08:01Z</time>
			</trkpt>
			<trkpt lat="63.741837" lon="-149.251373">
				<ele>1357.292725</ele>
				<time>2026-06-18T23:08:06Z</time>
			</trkpt>
			<trkpt lat="63.741814" lon="-149.251465">
				<ele>1357.539795</ele>
				<time>2026-06-18T23:08:16Z</time>
			</trkpt>
			<trkpt lat="63.741814" lon="-149.251465">
				<ele>1357.539795</ele>
				<time>2026-06-18T23:08:16Z</time>
			</trkpt>
			<trkpt lat="63.741821" lon="-149.251389">
				<ele>1356.914551</ele>
				<time>2026-06-18T23:08:34Z</time>
			</trkpt>
			<trkpt lat="63.741795" lon="-149.251419">
				<ele>1356.733643</ele>
				<time>2026-06-18T23:08:42Z</time>
			</trkpt>
			<trkpt lat="63.741795" lon="-149.251419">
				<ele>1356.733643</ele>
				<time>2026-06-18T23:08:42Z</time>
			</trkpt>
			<trkpt lat="63.741802" lon="-149.25148">
				<ele>1355.032593</ele>
				<time>2026-06-18T23:08:50Z</time>
			</trkpt>
			<trkpt lat="63.741783" lon="-149.251526">
				<ele>1355.281372</ele>
				<time>2026-06-18T23:09:05Z</time>
			</trkpt>
			<trkpt lat="63.741783" lon="-149.251526">
				<ele>1355.281372</ele>
				<time>2026-06-18T23:09:05Z</time>
			</trkpt>
			<trkpt lat="63.741753" lon="-149.251678">
				<ele>1357.402954</ele>
				<time>2026-06-18T23:09:33Z</time>
			</trkpt>
			<trkpt lat="63.741753" lon="-149.251678">
				<ele>1357.402954</ele>
				<time>2026-06-18T23:09:33Z</time>
			</trkpt>
			<trkpt lat="63.741734" lon="-149.251541">
				<ele>1354.468628</ele>
				<time>2026-06-18T23:59:01Z</time>
			</trkpt>
			<trkpt lat="63.741734" lon="-149.251541">
				<ele>1354.468628</ele>
				<time>2026-06-18T23:59:01Z</time>
			</trkpt>
			<trkpt lat="63.741711" lon="-149.251419">
				<ele>1346.869263</ele>
				<time>2026-06-18T23:59:54Z</time>
			</trkpt>
			<trkpt lat="63.741711" lon="-149.251419">
				<ele>1346.869263</ele>
				<time>2026-06-18T23:59:54Z</time>
			</trkpt>
			<trkpt lat="63.741703" lon="-149.251328">
				<ele>1343.968384</ele>
				<time>2026-06-19T00:00:21Z</time>
			</trkpt>
			<trkpt lat="63.741703" lon="-149.251328">
				<ele>1343.968384</ele>
				<time>2026-06-19T00:00:21Z</time>
			</trkpt>
			<trkpt lat="63.741665" lon="-149.251251">
				<ele>1337.834229</ele>
				<time>2026-06-19T00:00:45Z</time>
			</trkpt>
			<trkpt lat="63.741665" lon="-149.251251">
				<ele>1337.834229</ele>
				<time>2026-06-19T00:00:45Z</time>
			</trkpt>
			<trkpt lat="63.741642" lon="-149.25116">
				<ele>1335.610107</ele>
				<time>2026-06-19T00:00:59Z</time>
			</trkpt>
			<trkpt lat="63.741627" lon="-149.251083">
				<ele>1337.279541</ele>
				<time>2026-06-19T00:01:16Z</time>
			</trkpt>
			<trkpt lat="63.741627" lon="-149.251083">
				<ele>1337.279541</ele>
				<time>2026-06-19T00:01:16Z</time>
			</trkpt>
			<trkpt lat="63.741596" lon="-149.251099">
				<ele>1336.755615</ele>
				<time>2026-06-19T00:01:39Z</time>
			</trkpt>
			<trkpt lat="63.741596" lon="-149.251099">
				<ele>1336.755615</ele>
				<time>2026-06-19T00:01:39Z</time>
			</trkpt>
			<trkpt lat="63.74157" lon="-149.251099">
				<ele>1333.889648</ele>
				<time>2026-06-19T00:01:56Z</time>
			</trkpt>
			<trkpt lat="63.741539" lon="-149.251099">
				<ele>1333.139404</ele>
				<time>2026-06-19T00:02:15Z</time>
			</trkpt>
			<trkpt lat="63.741539" lon="-149.251099">
				<ele>1333.139404</ele>
				<time>2026-06-19T00:02:15Z</time>
			</trkpt>
			<trkpt lat="63.741512" lon="-149.251099">
				<ele>1330.031738</ele>
				<time>2026-06-19T00:02:29Z</time>
			</trkpt>
			<trkpt lat="63.741482" lon="-149.251114">
				<ele>1328.418945</ele>
				<time>2026-06-19T00:02:38Z</time>
			</trkpt>
			<trkpt lat="63.741482" lon="-149.251114">
				<ele>1328.418945</ele>
				<time>2026-06-19T00:02:38Z</time>
			</trkpt>
			<trkpt lat="63.741459" lon="-149.25116">
				<ele>1330.140259</ele>
				<time>2026-06-19T00:03:00Z</time>
			</trkpt>
			<trkpt lat="63.741459" lon="-149.25116">
				<ele>1330.140259</ele>
				<time>2026-06-19T00:03:00Z</time>
			</trkpt>
			<trkpt lat="63.741436" lon="-149.25116">
				<ele>1328.355591</ele>
				<time>2026-06-19T00:03:12Z</time>
			</trkpt>
			<trkpt lat="63.741409" lon="-149.25116">
				<ele>1327.474487</ele>
				<time>2026-06-19T00:03:19Z</time>
			</trkpt>
			<trkpt lat="63.741409" lon="-149.25116">
				<ele>1327.474487</ele>
				<time>2026-06-19T00:03:19Z</time>
			</trkpt>
			<trkpt lat="63.741383" lon="-149.25116">
				<ele>1325.7229</ele>
				<time>2026-06-19T00:03:29Z</time>
			</trkpt>
			<trkpt lat="63.741364" lon="-149.25119">
				<ele>1324.845825</ele>
				<time>2026-06-19T00:03:35Z</time>
			</trkpt>
			<trkpt lat="63.741337" lon="-149.251205">
				<ele>1323.876343</ele>
				<time>2026-06-19T00:03:41Z</time>
			</trkpt>
			<trkpt lat="63.741337" lon="-149.251205">
				<ele>1323.876343</ele>
				<time>2026-06-19T00:03:41Z</time>
			</trkpt>
			<trkpt lat="63.741314" lon="-149.251205">
				<ele>1322.637451</ele>
				<time>2026-06-19T00:03:48Z</time>
			</trkpt>
			<trkpt lat="63.741291" lon="-149.251236">
				<ele>1320.696045</ele>
				<time>2026-06-19T00:03:55Z</time>
			</trkpt>
			<trkpt lat="63.741268" lon="-149.251251">
				<ele>1319.967651</ele>
				<time>2026-06-19T00:04:00Z</time>
			</trkpt>
			<trkpt lat="63.741268" lon="-149.251251">
				<ele>1319.967651</ele>
				<time>2026-06-19T00:04:00Z</time>
			</trkpt>
			<trkpt lat="63.741245" lon="-149.251282">
				<ele>1319.70105</ele>
				<time>2026-06-19T00:04:03Z</time>
			</trkpt>
			<trkpt lat="63.741219" lon="-149.251282">
				<ele>1318.550049</ele>
				<time>2026-06-19T00:04:07Z</time>
			</trkpt>
			<trkpt lat="63.741215" lon="-149.251328">
				<ele>1317.926025</ele>
				<time>2026-06-19T00:04:11Z</time>
			</trkpt>
			<trkpt lat="63.741207" lon="-149.251373">
				<ele>1316.664063</ele>
				<time>2026-06-19T00:04:16Z</time>
			</trkpt>
			<trkpt lat="63.741188" lon="-149.251419">
				<ele>1315.586792</ele>
				<time>2026-06-19T00:04:21Z</time>
			</trkpt>
			<trkpt lat="63.741188" lon="-149.251419">
				<ele>1315.586792</ele>
				<time>2026-06-19T00:04:21Z</time>
			</trkpt>
			<trkpt lat="63.741192" lon="-149.25148">
				<ele>1315.874878</ele>
				<time>2026-06-19T00:04:25Z</time>
			</trkpt>
			<trkpt lat="63.741177" lon="-149.251526">
				<ele>1315.207764</ele>
				<time>2026-06-19T00:04:29Z</time>
			</trkpt>
			<trkpt lat="63.741161" lon="-149.251556">
				<ele>1314.069824</ele>
				<time>2026-06-19T00:04:33Z</time>
			</trkpt>
			<trkpt lat="63.741123" lon="-149.251602">
				<ele>1312.601807</ele>
				<time>2026-06-19T00:04:42Z</time>
			</trkpt>
			<trkpt lat="63.741123" lon="-149.251602">
				<ele>1312.601807</ele>
				<time>2026-06-19T00:04:42Z</time>
			</trkpt>
			<trkpt lat="63.741127" lon="-149.251663">
				<ele>1313.244385</ele>
				<time>2026-06-19T00:04:46Z</time>
			</trkpt>
			<trkpt lat="63.741112" lon="-149.251709">
				<ele>1310.955566</ele>
				<time>2026-06-19T00:05:01Z</time>
			</trkpt>
			<trkpt lat="63.741104" lon="-149.251755">
				<ele>1310.55957</ele>
				<time>2026-06-19T00:05:05Z</time>
			</trkpt>
			<trkpt lat="63.741104" lon="-149.251755">
				<ele>1310.55957</ele>
				<time>2026-06-19T00:05:05Z</time>
			</trkpt>
			<trkpt lat="63.741104" lon="-149.251816">
				<ele>1310.313721</ele>
				<time>2026-06-19T00:05:10Z</time>
			</trkpt>
			<trkpt lat="63.741112" lon="-149.251892">
				<ele>1311.097534</ele>
				<time>2026-06-19T00:05:17Z</time>
			</trkpt>
			<trkpt lat="63.741108" lon="-149.251938">
				<ele>1310.48999</ele>
				<time>2026-06-19T00:05:19Z</time>
			</trkpt>
			<trkpt lat="63.741104" lon="-149.251999">
				<ele>1309.11084</ele>
				<time>2026-06-19T00:05:23Z</time>
			</trkpt>
			<trkpt lat="63.741104" lon="-149.252045">
				<ele>1309.532471</ele>
				<time>2026-06-19T00:05:25Z</time>
			</trkpt>
			<trkpt lat="63.741104" lon="-149.252045">
				<ele>1309.532471</ele>
				<time>2026-06-19T00:05:25Z</time>
			</trkpt>
			<trkpt lat="63.741108" lon="-149.252106">
				<ele>1309.491943</ele>
				<time>2026-06-19T00:05:29Z</time>
			</trkpt>
			<trkpt lat="63.7411" lon="-149.252151">
				<ele>1309.750122</ele>
				<time>2026-06-19T00:05:33Z</time>
			</trkpt>
			<trkpt lat="63.741108" lon="-149.252197">
				<ele>1310.056763</ele>
				<time>2026-06-19T00:05:37Z</time>
			</trkpt>
			<trkpt lat="63.741123" lon="-149.252258">
				<ele>1309.764526</ele>
				<time>2026-06-19T00:05:48Z</time>
			</trkpt>
			<trkpt lat="63.741123" lon="-149.252258">
				<ele>1309.764526</ele>
				<time>2026-06-19T00:05:48Z</time>
			</trkpt>
			<trkpt lat="63.741138" lon="-149.252319">
				<ele>1309.55835</ele>
				<time>2026-06-19T00:05:59Z</time>
			</trkpt>
			<trkpt lat="63.741127" lon="-149.252396">
				<ele>1309.667969</ele>
				<time>2026-06-19T00:06:08Z</time>
			</trkpt>
			<trkpt lat="63.741127" lon="-149.252396">
				<ele>1309.667969</ele>
				<time>2026-06-19T00:06:08Z</time>
			</trkpt>
			<trkpt lat="63.741096" lon="-149.252441">
				<ele>1309.110474</ele>
				<time>2026-06-19T00:06:15Z</time>
			</trkpt>
			<trkpt lat="63.741077" lon="-149.252487">
				<ele>1308.177612</ele>
				<time>2026-06-19T00:06:21Z</time>
			</trkpt>
			<trkpt lat="63.741055" lon="-149.252457">
				<ele>1307.07251</ele>
				<time>2026-06-19T00:06:27Z</time>
			</trkpt>
			<trkpt lat="63.741055" lon="-149.252457">
				<ele>1307.07251</ele>
				<time>2026-06-19T00:06:27Z</time>
			</trkpt>
			<trkpt lat="63.741024" lon="-149.252472">
				<ele>1306.546265</ele>
				<time>2026-06-19T00:06:31Z</time>
			</trkpt>
			<trkpt lat="63.741001" lon="-149.252457">
				<ele>1305.494873</ele>
				<time>2026-06-19T00:06:36Z</time>
			</trkpt>
			<trkpt lat="63.740978" lon="-149.252472">
				<ele>1305.530518</ele>
				<time>2026-06-19T00:06:42Z</time>
			</trkpt>
			<trkpt lat="63.740963" lon="-149.252426">
				<ele>1304.672852</ele>
				<time>2026-06-19T00:06:46Z</time>
			</trkpt>
			<trkpt lat="63.740963" lon="-149.252426">
				<ele>1304.672852</ele>
				<time>2026-06-19T00:06:46Z</time>
			</trkpt>
			<trkpt lat="63.740932" lon="-149.252441">
				<ele>1303.463867</ele>
				<time>2026-06-19T00:06:55Z</time>
			</trkpt>
			<trkpt lat="63.740913" lon="-149.252411">
				<ele>1302.784302</ele>
				<time>2026-06-19T00:07:00Z</time>
			</trkpt>
			<trkpt lat="63.740894" lon="-149.252457">
				<ele>1301.509399</ele>
				<time>2026-06-19T00:07:05Z</time>
			</trkpt>
			<trkpt lat="63.740894" lon="-149.252457">
				<ele>1301.509399</ele>
				<time>2026-06-19T00:07:05Z</time>
			</trkpt>
			<trkpt lat="63.740871" lon="-149.252472">
				<ele>1300.987427</ele>
				<time>2026-06-19T00:07:08Z</time>
			</trkpt>
			<trkpt lat="63.740864" lon="-149.252533">
				<ele>1300.752441</ele>
				<time>2026-06-19T00:07:12Z</time>
			</trkpt>
			<trkpt lat="63.740845" lon="-149.252548">
				<ele>1299.335449</ele>
				<time>2026-06-19T00:07:18Z</time>
			</trkpt>
			<trkpt lat="63.740829" lon="-149.252579">
				<ele>1298.873657</ele>
				<time>2026-06-19T00:07:23Z</time>
			</trkpt>
			<trkpt lat="63.740807" lon="-149.252609">
				<ele>1297.8927</ele>
				<time>2026-06-19T00:07:27Z</time>
			</trkpt>
			<trkpt lat="63.740807" lon="-149.252609">
				<ele>1297.8927</ele>
				<time>2026-06-19T00:07:27Z</time>
			</trkpt>
			<trkpt lat="63.74078" lon="-149.25267">
				<ele>1296.513794</ele>
				<time>2026-06-19T00:07:36Z</time>
			</trkpt>
			<trkpt lat="63.740757" lon="-149.252686">
				<ele>1295.677124</ele>
				<time>2026-06-19T00:07:40Z</time>
			</trkpt>
			<trkpt lat="63.740749" lon="-149.252747">
				<ele>1294.78186</ele>
				<time>2026-06-19T00:07:45Z</time>
			</trkpt>
			<trkpt lat="63.740749" lon="-149.252792">
				<ele>1294.938965</ele>
				<time>2026-06-19T00:07:47Z</time>
			</trkpt>
			<trkpt lat="63.740749" lon="-149.252792">
				<ele>1294.938965</ele>
				<time>2026-06-19T00:07:47Z</time>
			</trkpt>
			<trkpt lat="63.740742" lon="-149.252838">
				<ele>1294.194946</ele>
				<time>2026-06-19T00:07:51Z</time>
			</trkpt>
			<trkpt lat="63.740734" lon="-149.252884">
				<ele>1293.863159</ele>
				<time>2026-06-19T00:07:53Z</time>
			</trkpt>
			<trkpt lat="63.740742" lon="-149.25293">
				<ele>1292.998169</ele>
				<time>2026-06-19T00:07:56Z</time>
			</trkpt>
			<trkpt lat="63.740742" lon="-149.252975">
				<ele>1293.244751</ele>
				<time>2026-06-19T00:07:59Z</time>
			</trkpt>
			<trkpt lat="63.74073" lon="-149.253036">
				<ele>1292.456665</ele>
				<time>2026-06-19T00:08:02Z</time>
			</trkpt>
			<trkpt lat="63.740711" lon="-149.253067">
				<ele>1291.755493</ele>
				<time>2026-06-19T00:08:06Z</time>
			</trkpt>
			<trkpt lat="63.740711" lon="-149.253067">
				<ele>1291.755493</ele>
				<time>2026-06-19T00:08:06Z</time>
			</trkpt>
			<trkpt lat="63.740692" lon="-149.253082">
				<ele>1291.605469</ele>
				<time>2026-06-19T00:08:09Z</time>
			</trkpt>
			<trkpt lat="63.740673" lon="-149.253113">
				<ele>1290.585571</ele>
				<time>2026-06-19T00:08:13Z</time>
			</trkpt>
			<trkpt lat="63.740665" lon="-149.253159">
				<ele>1289.70813</ele>
				<time>2026-06-19T00:08:19Z</time>
			</trkpt>
			<trkpt lat="63.740654" lon="-149.25325">
				<ele>1289.984985</ele>
				<time>2026-06-19T00:08:29Z</time>
			</trkpt>
			<trkpt lat="63.740654" lon="-149.25325">
				<ele>1289.984985</ele>
				<time>2026-06-19T00:08:29Z</time>
			</trkpt>
			<trkpt lat="63.74065" lon="-149.253311">
				<ele>1287.880249</ele>
				<time>2026-06-19T00:08:56Z</time>
			</trkpt>
			<trkpt lat="63.74065" lon="-149.253311">
				<ele>1287.880249</ele>
				<time>2026-06-19T00:08:56Z</time>
			</trkpt>
			<trkpt lat="63.74062" lon="-149.253403">
				<ele>1285.81604</ele>
				<time>2026-06-19T00:09:06Z</time>
			</trkpt>
			<trkpt lat="63.74062" lon="-149.253464">
				<ele>1284.84729</ele>
				<time>2026-06-19T00:09:10Z</time>
			</trkpt>
			<trkpt lat="63.740593" lon="-149.25351">
				<ele>1284.306396</ele>
				<time>2026-06-19T00:09:15Z</time>
			</trkpt>
			<trkpt lat="63.740593" lon="-149.25351">
				<ele>1284.306396</ele>
				<time>2026-06-19T00:09:15Z</time>
			</trkpt>
			<trkpt lat="63.740566" lon="-149.253525">
				<ele>1284.000488</ele>
				<time>2026-06-19T00:09:18Z</time>
			</trkpt>
			<trkpt lat="63.740551" lon="-149.253586">
				<ele>1283.631714</ele>
				<time>2026-06-19T00:09:22Z</time>
			</trkpt>
			<trkpt lat="63.740528" lon="-149.253601">
				<ele>1282.985596</ele>
				<time>2026-06-19T00:09:26Z</time>
			</trkpt>
			<trkpt lat="63.740517" lon="-149.253647">
				<ele>1282.661133</ele>
				<time>2026-06-19T00:09:30Z</time>
			</trkpt>
			<trkpt lat="63.740505" lon="-149.253693">
				<ele>1282.109009</ele>
				<time>2026-06-19T00:09:34Z</time>
			</trkpt>
			<trkpt lat="63.740505" lon="-149.253693">
				<ele>1282.109009</ele>
				<time>2026-06-19T00:09:34Z</time>
			</trkpt>
			<trkpt lat="63.740482" lon="-149.253723">
				<ele>1281.575195</ele>
				<time>2026-06-19T00:09:38Z</time>
			</trkpt>
			<trkpt lat="63.740456" lon="-149.253723">
				<ele>1281.118896</ele>
				<time>2026-06-19T00:09:40Z</time>
			</trkpt>
			<trkpt lat="63.740433" lon="-149.253738">
				<ele>1280.283569</ele>
				<time>2026-06-19T00:09:44Z</time>
			</trkpt>
			<trkpt lat="63.740417" lon="-149.253769">
				<ele>1280.477539</ele>
				<time>2026-06-19T00:09:49Z</time>
			</trkpt>
			<trkpt lat="63.740395" lon="-149.253799">
				<ele>1279.748779</ele>
				<time>2026-06-19T00:09:53Z</time>
			</trkpt>
			<trkpt lat="63.740395" lon="-149.253799">
				<ele>1279.748779</ele>
				<time>2026-06-19T00:09:53Z</time>
			</trkpt>
			<trkpt lat="63.740368" lon="-149.253815">
				<ele>1278.300903</ele>
				<time>2026-06-19T00:09:57Z</time>
			</trkpt>
			<trkpt lat="63.740341" lon="-149.253845">
				<ele>1278.009644</ele>
				<time>2026-06-19T00:10:02Z</time>
			</trkpt>
			<trkpt lat="63.740314" lon="-149.253922">
				<ele>1277.558105</ele>
				<time>2026-06-19T00:10:35Z</time>
			</trkpt>
			<trkpt lat="63.740314" lon="-149.253922">
				<ele>1277.558105</ele>
				<time>2026-06-19T00:10:35Z</time>
			</trkpt>
			<trkpt lat="63.740314" lon="-149.253998">
				<ele>1277.310913</ele>
				<time>2026-06-19T00:10:43Z</time>
			</trkpt>
			<trkpt lat="63.740322" lon="-149.254059">
				<ele>1275.877319</ele>
				<time>2026-06-19T00:10:48Z</time>
			</trkpt>
			<trkpt lat="63.740334" lon="-149.25412">
				<ele>1273.82605</ele>
				<time>2026-06-19T00:10:53Z</time>
			</trkpt>
			<trkpt lat="63.740341" lon="-149.254196">
				<ele>1274.023926</ele>
				<time>2026-06-19T00:10:58Z</time>
			</trkpt>
			<trkpt lat="63.740341" lon="-149.254196">
				<ele>1274.023926</ele>
				<time>2026-06-19T00:10:58Z</time>
			</trkpt>
			<trkpt lat="63.740353" lon="-149.254257">
				<ele>1273.305298</ele>
				<time>2026-06-19T00:11:06Z</time>
			</trkpt>
			<trkpt lat="63.740383" lon="-149.254303">
				<ele>1274.4104</ele>
				<time>2026-06-19T00:13:03Z</time>
			</trkpt>
			<trkpt lat="63.740383" lon="-149.254303">
				<ele>1274.4104</ele>
				<time>2026-06-19T00:13:03Z</time>
			</trkpt>
			<trkpt lat="63.74041" lon="-149.254364">
				<ele>1276.377441</ele>
				<time>2026-06-19T00:13:36Z</time>
			</trkpt>
			<trkpt lat="63.74041" lon="-149.254364">
				<ele>1276.377441</ele>
				<time>2026-06-19T00:13:36Z</time>
			</trkpt>
			<trkpt lat="63.740467" lon="-149.254425">
				<ele>1274.967529</ele>
				<time>2026-06-19T00:13:43Z</time>
			</trkpt>
			<trkpt lat="63.740486" lon="-149.254471">
				<ele>1274.610229</ele>
				<time>2026-06-19T00:13:46Z</time>
			</trkpt>
			<trkpt lat="63.740551" lon="-149.254547">
				<ele>1273.356445</ele>
				<time>2026-06-19T00:15:05Z</time>
			</trkpt>
			<trkpt lat="63.740551" lon="-149.254547">
				<ele>1273.356445</ele>
				<time>2026-06-19T00:15:05Z</time>
			</trkpt>
			<trkpt lat="63.740574" lon="-149.254608">
				<ele>1272.755005</ele>
				<time>2026-06-19T00:15:09Z</time>
			</trkpt>
			<trkpt lat="63.740601" lon="-149.254669">
				<ele>1271.435059</ele>
				<time>2026-06-19T00:15:12Z</time>
			</trkpt>
			<trkpt lat="63.74062" lon="-149.25473">
				<ele>1273.071289</ele>
				<time>2026-06-19T00:15:16Z</time>
			</trkpt>
			<trkpt lat="63.740639" lon="-149.254791">
				<ele>1271.032715</ele>
				<time>2026-06-19T00:15:19Z</time>
			</trkpt>
			<trkpt lat="63.740658" lon="-149.254837">
				<ele>1271.053223</ele>
				<time>2026-06-19T00:15:22Z</time>
			</trkpt>
			<trkpt lat="63.740688" lon="-149.254898">
				<ele>1271.889648</ele>
				<time>2026-06-19T00:15:26Z</time>
			</trkpt>
			<trkpt lat="63.740688" lon="-149.254898">
				<ele>1271.889648</ele>
				<time>2026-06-19T00:15:26Z</time>
			</trkpt>
			<trkpt lat="63.740707" lon="-149.254959">
				<ele>1272.226318</ele>
				<time>2026-06-19T00:15:30Z</time>
			</trkpt>
			<trkpt lat="63.740734" lon="-149.254959">
				<ele>1274.011353</ele>
				<time>2026-06-19T00:15:43Z</time>
			</trkpt>
			<trkpt lat="63.740772" lon="-149.255005">
				<ele>1272.578003</ele>
				<time>2026-06-19T00:15:46Z</time>
			</trkpt>
			<trkpt lat="63.740772" lon="-149.255005">
				<ele>1272.578003</ele>
				<time>2026-06-19T00:15:46Z</time>
			</trkpt>
			<trkpt lat="63.740803" lon="-149.25502">
				<ele>1272.222412</ele>
				<time>2026-06-19T00:15:49Z</time>
			</trkpt>
			<trkpt lat="63.740826" lon="-149.255035">
				<ele>1270.309204</ele>
				<time>2026-06-19T00:15:56Z</time>
			</trkpt>
			<trkpt lat="63.740849" lon="-149.255005">
				<ele>1270.782349</ele>
				<time>2026-06-19T00:15:58Z</time>
			</trkpt>
			<trkpt lat="63.740871" lon="-149.25499">
				<ele>1270.69104</ele>
				<time>2026-06-19T00:16:00Z</time>
			</trkpt>
			<trkpt lat="63.740894" lon="-149.254959">
				<ele>1269.694458</ele>
				<time>2026-06-19T00:16:02Z</time>
			</trkpt>
			<trkpt lat="63.740917" lon="-149.254959">
				<ele>1269.551514</ele>
				<time>2026-06-19T00:16:04Z</time>
			</trkpt>
			<trkpt lat="63.740936" lon="-149.254898">
				<ele>1272.91748</ele>
				<time>2026-06-19T00:16:13Z</time>
			</trkpt>
			<trkpt lat="63.740936" lon="-149.254898">
				<ele>1272.91748</ele>
				<time>2026-06-19T00:16:13Z</time>
			</trkpt>
			<trkpt lat="63.740967" lon="-149.254883">
				<ele>1272.25708</ele>
				<time>2026-06-19T00:16:16Z</time>
			</trkpt>
			<trkpt lat="63.741001" lon="-149.254868">
				<ele>1272.270996</ele>
				<time>2026-06-19T00:16:20Z</time>
			</trkpt>
			<trkpt lat="63.741028" lon="-149.254837">
				<ele>1271.414917</ele>
				<time>2026-06-19T00:16:22Z</time>
			</trkpt>
			<trkpt lat="63.741058" lon="-149.254822">
				<ele>1271.25354</ele>
				<time>2026-06-19T00:16:24Z</time>
			</trkpt>
			<trkpt lat="63.741085" lon="-149.254822">
				<ele>1270.687622</ele>
				<time>2026-06-19T00:16:26Z</time>
			</trkpt>
			<trkpt lat="63.741123" lon="-149.254822">
				<ele>1270.579224</ele>
				<time>2026-06-19T00:16:29Z</time>
			</trkpt>
			<trkpt lat="63.74115" lon="-149.254822">
				<ele>1270.369629</ele>
				<time>2026-06-19T00:16:31Z</time>
			</trkpt>
			<trkpt lat="63.741173" lon="-149.254791">
				<ele>1271.288696</ele>
				<time>2026-06-19T00:16:33Z</time>
			</trkpt>
			<trkpt lat="63.741173" lon="-149.254791">
				<ele>1271.288696</ele>
				<time>2026-06-19T00:16:33Z</time>
			</trkpt>
			<trkpt lat="63.741207" lon="-149.254791">
				<ele>1269.755737</ele>
				<time>2026-06-19T00:16:36Z</time>
			</trkpt>
			<trkpt lat="63.741241" lon="-149.254807">
				<ele>1269.243286</ele>
				<time>2026-06-19T00:16:39Z</time>
			</trkpt>
			<trkpt lat="63.741302" lon="-149.254822">
				<ele>1266.018311</ele>
				<time>2026-06-19T00:16:45Z</time>
			</trkpt>
			<trkpt lat="63.741333" lon="-149.254822">
				<ele>1266.240356</ele>
				<time>2026-06-19T00:16:49Z</time>
			</trkpt>
			<trkpt lat="63.741364" lon="-149.254837">
				<ele>1266.290161</ele>
				<time>2026-06-19T00:16:53Z</time>
			</trkpt>
			<trkpt lat="63.741364" lon="-149.254837">
				<ele>1266.290161</ele>
				<time>2026-06-19T00:16:53Z</time>
			</trkpt>
			<trkpt lat="63.741402" lon="-149.254837">
				<ele>1265.199585</ele>
				<time>2026-06-19T00:16:57Z</time>
			</trkpt>
			<trkpt lat="63.741425" lon="-149.254898">
				<ele>1266.198975</ele>
				<time>2026-06-19T00:17:00Z</time>
			</trkpt>
			<trkpt lat="63.741459" lon="-149.254898">
				<ele>1266.198364</ele>
				<time>2026-06-19T00:17:10Z</time>
			</trkpt>
			<trkpt lat="63.741505" lon="-149.25502">
				<ele>1265.208008</ele>
				<time>2026-06-19T00:18:13Z</time>
			</trkpt>
			<trkpt lat="63.741505" lon="-149.25502">
				<ele>1265.208008</ele>
				<time>2026-06-19T00:18:13Z</time>
			</trkpt>
			<trkpt lat="63.741524" lon="-149.255127">
				<ele>1261.94043</ele>
				<time>2026-06-19T00:18:23Z</time>
			</trkpt>
			<trkpt lat="63.74155" lon="-149.255203">
				<ele>1261.095093</ele>
				<time>2026-06-19T00:18:31Z</time>
			</trkpt>
			<trkpt lat="63.741589" lon="-149.255219">
				<ele>1261.419434</ele>
				<time>2026-06-19T00:18:41Z</time>
			</trkpt>
			<trkpt lat="63.741589" lon="-149.255219">
				<ele>1261.419434</ele>
				<time>2026-06-19T00:18:41Z</time>
			</trkpt>
			<trkpt lat="63.741615" lon="-149.255264">
				<ele>1260.709229</ele>
				<time>2026-06-19T00:18:45Z</time>
			</trkpt>
			<trkpt lat="63.741642" lon="-149.25531">
				<ele>1260.83606</ele>
				<time>2026-06-19T00:18:50Z</time>
			</trkpt>
			<trkpt lat="63.741661" lon="-149.255371">
				<ele>1261.723877</ele>
				<time>2026-06-19T00:18:54Z</time>
			</trkpt>
			<trkpt lat="63.741673" lon="-149.255447">
				<ele>1259.595947</ele>
				<time>2026-06-19T00:19:00Z</time>
			</trkpt>
			<trkpt lat="63.741673" lon="-149.255447">
				<ele>1259.595947</ele>
				<time>2026-06-19T00:19:00Z</time>
			</trkpt>
			<trkpt lat="63.741688" lon="-149.255508">
				<ele>1258.822876</ele>
				<time>2026-06-19T00:19:04Z</time>
			</trkpt>
			<trkpt lat="63.741711" lon="-149.255554">
				<ele>1258.134888</ele>
				<time>2026-06-19T00:19:07Z</time>
			</trkpt>
			<trkpt lat="63.741741" lon="-149.255585">
				<ele>1257.223755</ele>
				<time>2026-06-19T00:19:11Z</time>
			</trkpt>
			<trkpt lat="63.741768" lon="-149.255615">
				<ele>1257.085205</ele>
				<time>2026-06-19T00:19:14Z</time>
			</trkpt>
			<trkpt lat="63.741795" lon="-149.255661">
				<ele>1256.429077</ele>
				<time>2026-06-19T00:19:18Z</time>
			</trkpt>
			<trkpt lat="63.741825" lon="-149.255722">
				<ele>1256.272095</ele>
				<time>2026-06-19T00:19:22Z</time>
			</trkpt>
			<trkpt lat="63.741825" lon="-149.255722">
				<ele>1256.272095</ele>
				<time>2026-06-19T00:19:22Z</time>
			</trkpt>
			<trkpt lat="63.741856" lon="-149.255753">
				<ele>1255.374878</ele>
				<time>2026-06-19T00:19:26Z</time>
			</trkpt>
			<trkpt lat="63.741879" lon="-149.255798">
				<ele>1254.841064</ele>
				<time>2026-06-19T00:19:29Z</time>
			</trkpt>
			<trkpt lat="63.741901" lon="-149.255844">
				<ele>1256.129639</ele>
				<time>2026-06-19T00:19:33Z</time>
			</trkpt>
			<trkpt lat="63.741924" lon="-149.255875">
				<ele>1254.415161</ele>
				<time>2026-06-19T00:19:37Z</time>
			</trkpt>
			<trkpt lat="63.741943" lon="-149.255936">
				<ele>1254.710205</ele>
				<time>2026-06-19T00:19:42Z</time>
			</trkpt>
			<trkpt lat="63.741943" lon="-149.255936">
				<ele>1254.710205</ele>
				<time>2026-06-19T00:19:42Z</time>
			</trkpt>
			<trkpt lat="63.741951" lon="-149.255997">
				<ele>1252.824219</ele>
				<time>2026-06-19T00:19:46Z</time>
			</trkpt>
			<trkpt lat="63.741959" lon="-149.256058">
				<ele>1253.418579</ele>
				<time>2026-06-19T00:19:49Z</time>
			</trkpt>
			<trkpt lat="63.741955" lon="-149.256119">
				<ele>1252.263184</ele>
				<time>2026-06-19T00:19:53Z</time>
			</trkpt>
			<trkpt lat="63.741974" lon="-149.256165">
				<ele>1251.986572</ele>
				<time>2026-06-19T00:19:57Z</time>
			</trkpt>
			<trkpt lat="63.741997" lon="-149.25621">
				<ele>1252.429321</ele>
				<time>2026-06-19T00:20:00Z</time>
			</trkpt>
			<trkpt lat="63.742004" lon="-149.256271">
				<ele>1251.479248</ele>
				<time>2026-06-19T00:20:04Z</time>
			</trkpt>
			<trkpt lat="63.742004" lon="-149.256271">
				<ele>1251.479248</ele>
				<time>2026-06-19T00:20:04Z</time>
			</trkpt>
			<trkpt lat="63.742016" lon="-149.256317">
				<ele>1250.389893</ele>
				<time>2026-06-19T00:20:07Z</time>
			</trkpt>
			<trkpt lat="63.742039" lon="-149.256363">
				<ele>1249.799438</ele>
				<time>2026-06-19T00:20:11Z</time>
			</trkpt>
			<trkpt lat="63.742058" lon="-149.256409">
				<ele>1250.056641</ele>
				<time>2026-06-19T00:20:13Z</time>
			</trkpt>
			<trkpt lat="63.742077" lon="-149.256439">
				<ele>1250.087524</ele>
				<time>2026-06-19T00:20:15Z</time>
			</trkpt>
			<trkpt lat="63.742107" lon="-149.256439">
				<ele>1248.27417</ele>
				<time>2026-06-19T00:20:20Z</time>
			</trkpt>
			<trkpt lat="63.742134" lon="-149.25647">
				<ele>1244.708862</ele>
				<time>2026-06-19T00:20:31Z</time>
			</trkpt>
			<trkpt lat="63.742134" lon="-149.25647">
				<ele>1244.708862</ele>
				<time>2026-06-19T00:20:31Z</time>
			</trkpt>
			<trkpt lat="63.742153" lon="-149.256516">
				<ele>1244.870361</ele>
				<time>2026-06-19T00:20:35Z</time>
			</trkpt>
			<trkpt lat="63.742176" lon="-149.256577">
				<ele>1244.831543</ele>
				<time>2026-06-19T00:20:39Z</time>
			</trkpt>
			<trkpt lat="63.742184" lon="-149.256638">
				<ele>1245.212402</ele>
				<time>2026-06-19T00:20:43Z</time>
			</trkpt>
			<trkpt lat="63.742207" lon="-149.256699">
				<ele>1243.962891</ele>
				<time>2026-06-19T00:20:48Z</time>
			</trkpt>
			<trkpt lat="63.742233" lon="-149.25676">
				<ele>1243.793945</ele>
				<time>2026-06-19T00:20:51Z</time>
			</trkpt>
			<trkpt lat="63.742233" lon="-149.25676">
				<ele>1243.793945</ele>
				<time>2026-06-19T00:20:51Z</time>
			</trkpt>
			<trkpt lat="63.742252" lon="-149.256805">
				<ele>1242.601563</ele>
				<time>2026-06-19T00:20:56Z</time>
			</trkpt>
			<trkpt lat="63.742275" lon="-149.256866">
				<ele>1244.154419</ele>
				<time>2026-06-19T00:20:59Z</time>
			</trkpt>
			<trkpt lat="63.742283" lon="-149.256927">
				<ele>1241.796387</ele>
				<time>2026-06-19T00:21:03Z</time>
			</trkpt>
			<trkpt lat="63.742302" lon="-149.256989">
				<ele>1242.14917</ele>
				<time>2026-06-19T00:21:07Z</time>
			</trkpt>
			<trkpt lat="63.742325" lon="-149.257034">
				<ele>1241.876221</ele>
				<time>2026-06-19T00:21:09Z</time>
			</trkpt>
			<trkpt lat="63.742344" lon="-149.257095">
				<ele>1242.693359</ele>
				<time>2026-06-19T00:21:13Z</time>
			</trkpt>
			<trkpt lat="63.742344" lon="-149.257095">
				<ele>1242.693359</ele>
				<time>2026-06-19T00:21:13Z</time>
			</trkpt>
			<trkpt lat="63.742355" lon="-149.257156">
				<ele>1242.626221</ele>
				<time>2026-06-19T00:21:16Z</time>
			</trkpt>
			<trkpt lat="63.742371" lon="-149.257217">
				<ele>1242.973511</ele>
				<time>2026-06-19T00:21:19Z</time>
			</trkpt>
			<trkpt lat="63.742371" lon="-149.257278">
				<ele>1240.619141</ele>
				<time>2026-06-19T00:21:23Z</time>
			</trkpt>
			<trkpt lat="63.74239" lon="-149.257339">
				<ele>1240.434204</ele>
				<time>2026-06-19T00:21:27Z</time>
			</trkpt>
			<trkpt lat="63.742367" lon="-149.257401">
				<ele>1238.092651</ele>
				<time>2026-06-19T00:22:10Z</time>
			</trkpt>
			<trkpt lat="63.742367" lon="-149.257401">
				<ele>1238.092651</ele>
				<time>2026-06-19T00:22:10Z</time>
			</trkpt>
			<trkpt lat="63.742378" lon="-149.257507">
				<ele>1234.079468</ele>
				<time>2026-06-19T00:22:26Z</time>
			</trkpt>
			<trkpt lat="63.742405" lon="-149.257568">
				<ele>1234.141968</ele>
				<time>2026-06-19T00:22:31Z</time>
			</trkpt>
			<trkpt lat="63.742405" lon="-149.257568">
				<ele>1234.141968</ele>
				<time>2026-06-19T00:22:31Z</time>
			</trkpt>
			<trkpt lat="63.742428" lon="-149.257629">
				<ele>1234.006226</ele>
				<time>2026-06-19T00:22:34Z</time>
			</trkpt>
			<trkpt lat="63.742462" lon="-149.25769">
				<ele>1235.47998</ele>
				<time>2026-06-19T00:22:37Z</time>
			</trkpt>
			<trkpt lat="63.742485" lon="-149.257721">
				<ele>1235.442505</ele>
				<time>2026-06-19T00:22:40Z</time>
			</trkpt>
			<trkpt lat="63.742512" lon="-149.257782">
				<ele>1234.720947</ele>
				<time>2026-06-19T00:22:43Z</time>
			</trkpt>
			<trkpt lat="63.742542" lon="-149.257813">
				<ele>1233.678223</ele>
				<time>2026-06-19T00:22:46Z</time>
			</trkpt>
			<trkpt lat="63.742565" lon="-149.257843">
				<ele>1233.081055</ele>
				<time>2026-06-19T00:22:49Z</time>
			</trkpt>
			<trkpt lat="63.742596" lon="-149.257889">
				<ele>1232.5802</ele>
				<time>2026-06-19T00:22:51Z</time>
			</trkpt>
			<trkpt lat="63.742596" lon="-149.257889">
				<ele>1232.5802</ele>
				<time>2026-06-19T00:22:51Z</time>
			</trkpt>
			<trkpt lat="63.742619" lon="-149.257919">
				<ele>1232.671875</ele>
				<time>2026-06-19T00:22:53Z</time>
			</trkpt>
			<trkpt lat="63.742634" lon="-149.25798">
				<ele>1232.875732</ele>
				<time>2026-06-19T00:22:55Z</time>
			</trkpt>
			<trkpt lat="63.742638" lon="-149.258041">
				<ele>1232.827881</ele>
				<time>2026-06-19T00:22:57Z</time>
			</trkpt>
			<trkpt lat="63.742653" lon="-149.258118">
				<ele>1232.702393</ele>
				<time>2026-06-19T00:23:00Z</time>
			</trkpt>
			<trkpt lat="63.742687" lon="-149.258163">
				<ele>1230.576904</ele>
				<time>2026-06-19T00:23:03Z</time>
			</trkpt>
			<trkpt lat="63.742687" lon="-149.258224">
				<ele>1231.713379</ele>
				<time>2026-06-19T00:23:05Z</time>
			</trkpt>
			<trkpt lat="63.742691" lon="-149.258301">
				<ele>1232.182983</ele>
				<time>2026-06-19T00:23:08Z</time>
			</trkpt>
			<trkpt lat="63.742699" lon="-149.258377">
				<ele>1230.453369</ele>
				<time>2026-06-19T00:23:11Z</time>
			</trkpt>
			<trkpt lat="63.742699" lon="-149.258377">
				<ele>1230.453369</ele>
				<time>2026-06-19T00:23:11Z</time>
			</trkpt>
			<trkpt lat="63.742718" lon="-149.258423">
				<ele>1230.875366</ele>
				<time>2026-06-19T00:23:13Z</time>
			</trkpt>
			<trkpt lat="63.742748" lon="-149.258484">
				<ele>1231.908569</ele>
				<time>2026-06-19T00:23:16Z</time>
			</trkpt>
			<trkpt lat="63.742764" lon="-149.258545">
				<ele>1231.557617</ele>
				<time>2026-06-19T00:23:19Z</time>
			</trkpt>
			<trkpt lat="63.742783" lon="-149.258621">
				<ele>1230.828247</ele>
				<time>2026-06-19T00:23:22Z</time>
			</trkpt>
			<trkpt lat="63.742786" lon="-149.258682">
				<ele>1228.157471</ele>
				<time>2026-06-19T00:23:25Z</time>
			</trkpt>
			<trkpt lat="63.74276" lon="-149.258621">
				<ele>1223.987793</ele>
				<time>2026-06-19T00:23:30Z</time>
			</trkpt>
			<trkpt lat="63.74276" lon="-149.258621">
				<ele>1223.987793</ele>
				<time>2026-06-19T00:23:30Z</time>
			</trkpt>
			<trkpt lat="63.742783" lon="-149.258667">
				<ele>1226.590332</ele>
				<time>2026-06-19T00:23:37Z</time>
			</trkpt>
			<trkpt lat="63.742802" lon="-149.258743">
				<ele>1226.97522</ele>
				<time>2026-06-19T00:23:41Z</time>
			</trkpt>
			<trkpt lat="63.742825" lon="-149.258774">
				<ele>1227.347534</ele>
				<time>2026-06-19T00:23:46Z</time>
			</trkpt>
			<trkpt lat="63.742851" lon="-149.258804">
				<ele>1229.325073</ele>
				<time>2026-06-19T00:23:49Z</time>
			</trkpt>
			<trkpt lat="63.742851" lon="-149.258804">
				<ele>1229.325073</ele>
				<time>2026-06-19T00:23:49Z</time>
			</trkpt>
			<trkpt lat="63.742901" lon="-149.258881">
				<ele>1228.669556</ele>
				<time>2026-06-19T00:23:58Z</time>
			</trkpt>
			<trkpt lat="63.742916" lon="-149.258942">
				<ele>1228.080078</ele>
				<time>2026-06-19T00:24:01Z</time>
			</trkpt>
			<trkpt lat="63.742939" lon="-149.258987">
				<ele>1228.428711</ele>
				<time>2026-06-19T00:24:04Z</time>
			</trkpt>
			<trkpt lat="63.74297" lon="-149.259033">
				<ele>1229.810181</ele>
				<time>2026-06-19T00:24:22Z</time>
			</trkpt>
			<trkpt lat="63.74297" lon="-149.259033">
				<ele>1229.810181</ele>
				<time>2026-06-19T00:24:22Z</time>
			</trkpt>
			<trkpt lat="63.742985" lon="-149.259079">
				<ele>1230.115356</ele>
				<time>2026-06-19T00:24:26Z</time>
			</trkpt>
			<trkpt lat="63.743" lon="-149.25914">
				<ele>1227.213501</ele>
				<time>2026-06-19T00:24:37Z</time>
			</trkpt>
			<trkpt lat="63.743019" lon="-149.259216">
				<ele>1227.558105</ele>
				<time>2026-06-19T00:24:39Z</time>
			</trkpt>
			<trkpt lat="63.743027" lon="-149.259277">
				<ele>1226.309448</ele>
				<time>2026-06-19T00:24:43Z</time>
			</trkpt>
			<trkpt lat="63.743027" lon="-149.259277">
				<ele>1226.309448</ele>
				<time>2026-06-19T00:24:43Z</time>
			</trkpt>
			<trkpt lat="63.743038" lon="-149.259338">
				<ele>1227.858765</ele>
				<time>2026-06-19T00:24:45Z</time>
			</trkpt>
			<trkpt lat="63.743057" lon="-149.259415">
				<ele>1226.454956</ele>
				<time>2026-06-19T00:24:49Z</time>
			</trkpt>
			<trkpt lat="63.743088" lon="-149.259521">
				<ele>1225.175781</ele>
				<time>2026-06-19T00:24:54Z</time>
			</trkpt>
			<trkpt lat="63.743095" lon="-149.259583">
				<ele>1223.667847</ele>
				<time>2026-06-19T00:24:57Z</time>
			</trkpt>
			<trkpt lat="63.743114" lon="-149.259628">
				<ele>1224.151611</ele>
				<time>2026-06-19T00:25:00Z</time>
			</trkpt>
			<trkpt lat="63.743134" lon="-149.259705">
				<ele>1225.335693</ele>
				<time>2026-06-19T00:25:03Z</time>
			</trkpt>
			<trkpt lat="63.743134" lon="-149.259705">
				<ele>1225.335693</ele>
				<time>2026-06-19T00:25:03Z</time>
			</trkpt>
			<trkpt lat="63.743141" lon="-149.259766">
				<ele>1223.947632</ele>
				<time>2026-06-19T00:25:06Z</time>
			</trkpt>
			<trkpt lat="63.743153" lon="-149.259827">
				<ele>1223.891113</ele>
				<time>2026-06-19T00:25:09Z</time>
			</trkpt>
			<trkpt lat="63.743168" lon="-149.259903">
				<ele>1222.717163</ele>
				<time>2026-06-19T00:25:12Z</time>
			</trkpt>
			<trkpt lat="63.743172" lon="-149.259964">
				<ele>1223.295288</ele>
				<time>2026-06-19T00:25:15Z</time>
			</trkpt>
			<trkpt lat="63.743183" lon="-149.26001">
				<ele>1222.106079</ele>
				<time>2026-06-19T00:25:17Z</time>
			</trkpt>
			<trkpt lat="63.743195" lon="-149.260071">
				<ele>1222.235596</ele>
				<time>2026-06-19T00:25:20Z</time>
			</trkpt>
			<trkpt lat="63.743202" lon="-149.260132">
				<ele>1221.34314</ele>
				<time>2026-06-19T00:25:22Z</time>
			</trkpt>
			<trkpt lat="63.743202" lon="-149.260132">
				<ele>1221.34314</ele>
				<time>2026-06-19T00:25:22Z</time>
			</trkpt>
			<trkpt lat="63.743206" lon="-149.260193">
				<ele>1221.243042</ele>
				<time>2026-06-19T00:25:26Z</time>
			</trkpt>
			<trkpt lat="63.74321" lon="-149.260269">
				<ele>1220.329712</ele>
				<time>2026-06-19T00:25:29Z</time>
			</trkpt>
			<trkpt lat="63.743237" lon="-149.260284">
				<ele>1220.439697</ele>
				<time>2026-06-19T00:25:32Z</time>
			</trkpt>
			<trkpt lat="63.743267" lon="-149.260284">
				<ele>1220.650757</ele>
				<time>2026-06-19T00:25:34Z</time>
			</trkpt>
			<trkpt lat="63.743294" lon="-149.260315">
				<ele>1220.936279</ele>
				<time>2026-06-19T00:25:39Z</time>
			</trkpt>
			<trkpt lat="63.743305" lon="-149.260376">
				<ele>1220.417236</ele>
				<time>2026-06-19T00:25:41Z</time>
			</trkpt>
			<trkpt lat="63.743305" lon="-149.260376">
				<ele>1220.417236</ele>
				<time>2026-06-19T00:25:41Z</time>
			</trkpt>
			<trkpt lat="63.74332" lon="-149.260452">
				<ele>1219.917236</ele>
				<time>2026-06-19T00:25:44Z</time>
			</trkpt>
			<trkpt lat="63.74334" lon="-149.260498">
				<ele>1218.96582</ele>
				<time>2026-06-19T00:25:52Z</time>
			</trkpt>
			<trkpt lat="63.743351" lon="-149.260574">
				<ele>1218.219482</ele>
				<time>2026-06-19T00:25:55Z</time>
			</trkpt>
			<trkpt lat="63.743347" lon="-149.260635">
				<ele>1216.842773</ele>
				<time>2026-06-19T00:25:59Z</time>
			</trkpt>
			<trkpt lat="63.743351" lon="-149.260696">
				<ele>1216.561279</ele>
				<time>2026-06-19T00:26:02Z</time>
			</trkpt>
			<trkpt lat="63.743351" lon="-149.260696">
				<ele>1216.561279</ele>
				<time>2026-06-19T00:26:02Z</time>
			</trkpt>
			<trkpt lat="63.743355" lon="-149.260757">
				<ele>1214.398926</ele>
				<time>2026-06-19T00:26:06Z</time>
			</trkpt>
			<trkpt lat="63.743355" lon="-149.260818">
				<ele>1213.862183</ele>
				<time>2026-06-19T00:26:09Z</time>
			</trkpt>
			<trkpt lat="63.743362" lon="-149.26088">
				<ele>1212.547241</ele>
				<time>2026-06-19T00:26:11Z</time>
			</trkpt>
			<trkpt lat="63.743374" lon="-149.261017">
				<ele>1211.407104</ele>
				<time>2026-06-19T00:26:18Z</time>
			</trkpt>
			<trkpt lat="63.743401" lon="-149.261063">
				<ele>1211.272217</ele>
				<time>2026-06-19T00:26:21Z</time>
			</trkpt>
			<trkpt lat="63.743401" lon="-149.261063">
				<ele>1211.272217</ele>
				<time>2026-06-19T00:26:21Z</time>
			</trkpt>
			<trkpt lat="63.743412" lon="-149.261108">
				<ele>1211.912964</ele>
				<time>2026-06-19T00:26:23Z</time>
			</trkpt>
			<trkpt lat="63.743427" lon="-149.261169">
				<ele>1211.036499</ele>
				<time>2026-06-19T00:26:29Z</time>
			</trkpt>
			<trkpt lat="63.743443" lon="-149.261215">
				<ele>1211.473877</ele>
				<time>2026-06-19T00:26:31Z</time>
			</trkpt>
			<trkpt lat="63.743427" lon="-149.261261">
				<ele>1209.945679</ele>
				<time>2026-06-19T00:26:34Z</time>
			</trkpt>
			<trkpt lat="63.743431" lon="-149.261322">
				<ele>1209.417603</ele>
				<time>2026-06-19T00:26:37Z</time>
			</trkpt>
			<trkpt lat="63.743446" lon="-149.261368">
				<ele>1209.863037</ele>
				<time>2026-06-19T00:26:40Z</time>
			</trkpt>
			<trkpt lat="63.743446" lon="-149.261368">
				<ele>1209.863037</ele>
				<time>2026-06-19T00:26:40Z</time>
			</trkpt>
			<trkpt lat="63.743462" lon="-149.261429">
				<ele>1209.345215</ele>
				<time>2026-06-19T00:26:43Z</time>
			</trkpt>
			<trkpt lat="63.743481" lon="-149.261475">
				<ele>1209.749878</ele>
				<time>2026-06-19T00:26:46Z</time>
			</trkpt>
			<trkpt lat="63.743496" lon="-149.26152">
				<ele>1208.504517</ele>
				<time>2026-06-19T00:26:52Z</time>
			</trkpt>
			<trkpt lat="63.743519" lon="-149.261551">
				<ele>1209.633179</ele>
				<time>2026-06-19T00:26:57Z</time>
			</trkpt>
			<trkpt lat="63.743538" lon="-149.261581">
				<ele>1209.200562</ele>
				<time>2026-06-19T00:27:00Z</time>
			</trkpt>
			<trkpt lat="63.743538" lon="-149.261581">
				<ele>1209.200562</ele>
				<time>2026-06-19T00:27:00Z</time>
			</trkpt>
			<trkpt lat="63.743549" lon="-149.261642">
				<ele>1208.870972</ele>
				<time>2026-06-19T00:27:02Z</time>
			</trkpt>
			<trkpt lat="63.743538" lon="-149.261765">
				<ele>1206.857666</ele>
				<time>2026-06-19T00:27:10Z</time>
			</trkpt>
			<trkpt lat="63.743549" lon="-149.261841">
				<ele>1205.647949</ele>
				<time>2026-06-19T00:27:17Z</time>
			</trkpt>
			<trkpt lat="63.743557" lon="-149.261917">
				<ele>1205.914551</ele>
				<time>2026-06-19T00:27:21Z</time>
			</trkpt>
			<trkpt lat="63.743557" lon="-149.261917">
				<ele>1205.914551</ele>
				<time>2026-06-19T00:27:21Z</time>
			</trkpt>
			<trkpt lat="63.743553" lon="-149.261993">
				<ele>1204.149536</ele>
				<time>2026-06-19T00:27:25Z</time>
			</trkpt>
			<trkpt lat="63.743549" lon="-149.262054">
				<ele>1203.12561</ele>
				<time>2026-06-19T00:27:30Z</time>
			</trkpt>
			<trkpt lat="63.743549" lon="-149.262131">
				<ele>1203.120972</ele>
				<time>2026-06-19T00:27:34Z</time>
			</trkpt>
			<trkpt lat="63.743546" lon="-149.262192">
				<ele>1201.599854</ele>
				<time>2026-06-19T00:27:38Z</time>
			</trkpt>
			<trkpt lat="63.743546" lon="-149.262268">
				<ele>1201.628052</ele>
				<time>2026-06-19T00:27:41Z</time>
			</trkpt>
			<trkpt lat="63.743546" lon="-149.262268">
				<ele>1201.628052</ele>
				<time>2026-06-19T00:27:41Z</time>
			</trkpt>
			<trkpt lat="63.743546" lon="-149.262329">
				<ele>1201.274414</ele>
				<time>2026-06-19T00:27:44Z</time>
			</trkpt>
			<trkpt lat="63.743538" lon="-149.26239">
				<ele>1200.468506</ele>
				<time>2026-06-19T00:27:48Z</time>
			</trkpt>
			<trkpt lat="63.743534" lon="-149.262451">
				<ele>1199.879272</ele>
				<time>2026-06-19T00:28:02Z</time>
			</trkpt>
			<trkpt lat="63.743534" lon="-149.262451">
				<ele>1199.879272</ele>
				<time>2026-06-19T00:28:02Z</time>
			</trkpt>
			<trkpt lat="63.743519" lon="-149.262512">
				<ele>1198.661499</ele>
				<time>2026-06-19T00:28:06Z</time>
			</trkpt>
			<trkpt lat="63.743534" lon="-149.262573">
				<ele>1198.239014</ele>
				<time>2026-06-19T00:28:09Z</time>
			</trkpt>
			<trkpt lat="63.74353" lon="-149.262634">
				<ele>1198.200195</ele>
				<time>2026-06-19T00:28:12Z</time>
			</trkpt>
			<trkpt lat="63.743538" lon="-149.262711">
				<ele>1197.511719</ele>
				<time>2026-06-19T00:28:16Z</time>
			</trkpt>
			<trkpt lat="63.743546" lon="-149.262772">
				<ele>1196.134521</ele>
				<time>2026-06-19T00:28:19Z</time>
			</trkpt>
			<trkpt lat="63.743561" lon="-149.262833">
				<ele>1196.868774</ele>
				<time>2026-06-19T00:28:24Z</time>
			</trkpt>
			<trkpt lat="63.743561" lon="-149.262833">
				<ele>1196.868774</ele>
				<time>2026-06-19T00:28:24Z</time>
			</trkpt>
			<trkpt lat="63.743572" lon="-149.262909">
				<ele>1196.6521</ele>
				<time>2026-06-19T00:28:27Z</time>
			</trkpt>
			<trkpt lat="63.743568" lon="-149.26297">
				<ele>1197.697876</ele>
				<time>2026-06-19T00:28:31Z</time>
			</trkpt>
			<trkpt lat="63.743546" lon="-149.263031">
				<ele>1197.237183</ele>
				<time>2026-06-19T00:28:34Z</time>
			</trkpt>
			<trkpt lat="63.743549" lon="-149.263107">
				<ele>1196.714722</ele>
				<time>2026-06-19T00:28:37Z</time>
			</trkpt>
			<trkpt lat="63.743534" lon="-149.263168">
				<ele>1195.552856</ele>
				<time>2026-06-19T00:28:40Z</time>
			</trkpt>
			<trkpt lat="63.743526" lon="-149.263229">
				<ele>1195.092285</ele>
				<time>2026-06-19T00:28:44Z</time>
			</trkpt>
			<trkpt lat="63.743526" lon="-149.263229">
				<ele>1195.092285</ele>
				<time>2026-06-19T00:28:44Z</time>
			</trkpt>
			<trkpt lat="63.743523" lon="-149.26329">
				<ele>1194.509521</ele>
				<time>2026-06-19T00:28:47Z</time>
			</trkpt>
			<trkpt lat="63.7435" lon="-149.263351">
				<ele>1193.283691</ele>
				<time>2026-06-19T00:28:51Z</time>
			</trkpt>
			<trkpt lat="63.743504" lon="-149.263428">
				<ele>1192.212402</ele>
				<time>2026-06-19T00:28:55Z</time>
			</trkpt>
			<trkpt lat="63.743504" lon="-149.263489">
				<ele>1192.726685</ele>
				<time>2026-06-19T00:28:58Z</time>
			</trkpt>
			<trkpt lat="63.743488" lon="-149.26358">
				<ele>1189.830078</ele>
				<time>2026-06-19T00:29:02Z</time>
			</trkpt>
			<trkpt lat="63.7435" lon="-149.263504">
				<ele>1194.265503</ele>
				<time>2026-06-19T00:29:48Z</time>
			</trkpt>
			<trkpt lat="63.7435" lon="-149.263504">
				<ele>1194.265503</ele>
				<time>2026-06-19T00:29:48Z</time>
			</trkpt>
			<trkpt lat="63.743504" lon="-149.263428">
				<ele>1194.880615</ele>
				<time>2026-06-19T00:29:55Z</time>
			</trkpt>
			<trkpt lat="63.743504" lon="-149.263351">
				<ele>1196.511475</ele>
				<time>2026-06-19T00:30:01Z</time>
			</trkpt>
			<trkpt lat="63.743523" lon="-149.263306">
				<ele>1196.134155</ele>
				<time>2026-06-19T00:30:45Z</time>
			</trkpt>
			<trkpt lat="63.743523" lon="-149.263306">
				<ele>1196.134155</ele>
				<time>2026-06-19T00:30:45Z</time>
			</trkpt>
			<trkpt lat="63.7435" lon="-149.263428">
				<ele>1195.27356</ele>
				<time>2026-06-19T00:35:06Z</time>
			</trkpt>
			<trkpt lat="63.7435" lon="-149.263428">
				<ele>1195.27356</ele>
				<time>2026-06-19T00:35:06Z</time>
			</trkpt>
			<trkpt lat="63.743515" lon="-149.26355">
				<ele>1194.206909</ele>
				<time>2026-06-19T00:35:14Z</time>
			</trkpt>
			<trkpt lat="63.743496" lon="-149.263657">
				<ele>1194.208374</ele>
				<time>2026-06-19T00:35:20Z</time>
			</trkpt>
			<trkpt lat="63.743492" lon="-149.263763">
				<ele>1194.005615</ele>
				<time>2026-06-19T00:35:26Z</time>
			</trkpt>
			<trkpt lat="63.743492" lon="-149.263763">
				<ele>1194.005615</ele>
				<time>2026-06-19T00:35:26Z</time>
			</trkpt>
			<trkpt lat="63.743488" lon="-149.263855">
				<ele>1191.759644</ele>
				<time>2026-06-19T00:35:32Z</time>
			</trkpt>
			<trkpt lat="63.743496" lon="-149.263947">
				<ele>1191.683716</ele>
				<time>2026-06-19T00:35:36Z</time>
			</trkpt>
			<trkpt lat="63.743488" lon="-149.264038">
				<ele>1190.207764</ele>
				<time>2026-06-19T00:35:42Z</time>
			</trkpt>
			<trkpt lat="63.743496" lon="-149.264099">
				<ele>1189.932251</ele>
				<time>2026-06-19T00:35:45Z</time>
			</trkpt>
			<trkpt lat="63.743496" lon="-149.264099">
				<ele>1189.932251</ele>
				<time>2026-06-19T00:35:45Z</time>
			</trkpt>
			<trkpt lat="63.743507" lon="-149.264175">
				<ele>1190.095215</ele>
				<time>2026-06-19T00:35:48Z</time>
			</trkpt>
			<trkpt lat="63.743504" lon="-149.264252">
				<ele>1188.809326</ele>
				<time>2026-06-19T00:35:53Z</time>
			</trkpt>
			<trkpt lat="63.743507" lon="-149.264313">
				<ele>1188.564087</ele>
				<time>2026-06-19T00:35:57Z</time>
			</trkpt>
			<trkpt lat="63.743519" lon="-149.264404">
				<ele>1189.179688</ele>
				<time>2026-06-19T00:36:01Z</time>
			</trkpt>
			<trkpt lat="63.743511" lon="-149.264465">
				<ele>1188.428345</ele>
				<time>2026-06-19T00:36:06Z</time>
			</trkpt>
			<trkpt lat="63.743511" lon="-149.264465">
				<ele>1188.428345</ele>
				<time>2026-06-19T00:36:06Z</time>
			</trkpt>
			<trkpt lat="63.743526" lon="-149.264587">
				<ele>1186.709717</ele>
				<time>2026-06-19T00:36:12Z</time>
			</trkpt>
			<trkpt lat="63.743542" lon="-149.264648">
				<ele>1186.487915</ele>
				<time>2026-06-19T00:36:15Z</time>
			</trkpt>
			<trkpt lat="63.743542" lon="-149.264725">
				<ele>1185.595093</ele>
				<time>2026-06-19T00:36:19Z</time>
			</trkpt>
			<trkpt lat="63.743542" lon="-149.264786">
				<ele>1185.546265</ele>
				<time>2026-06-19T00:36:23Z</time>
			</trkpt>
			<trkpt lat="63.743542" lon="-149.264862">
				<ele>1185.023926</ele>
				<time>2026-06-19T00:36:27Z</time>
			</trkpt>
			<trkpt lat="63.743542" lon="-149.264862">
				<ele>1185.023926</ele>
				<time>2026-06-19T00:36:27Z</time>
			</trkpt>
			<trkpt lat="63.743526" lon="-149.264923">
				<ele>1184.770752</ele>
				<time>2026-06-19T00:36:31Z</time>
			</trkpt>
			<trkpt lat="63.743534" lon="-149.264984">
				<ele>1183.389282</ele>
				<time>2026-06-19T00:36:34Z</time>
			</trkpt>
			<trkpt lat="63.743538" lon="-149.26506">
				<ele>1183.477417</ele>
				<time>2026-06-19T00:36:37Z</time>
			</trkpt>
			<trkpt lat="63.74353" lon="-149.265137">
				<ele>1182.897705</ele>
				<time>2026-06-19T00:36:41Z</time>
			</trkpt>
			<trkpt lat="63.743515" lon="-149.265167">
				<ele>1183.8479</ele>
				<time>2026-06-19T00:36:43Z</time>
			</trkpt>
			<trkpt lat="63.743511" lon="-149.265228">
				<ele>1182.247803</ele>
				<time>2026-06-19T00:36:47Z</time>
			</trkpt>
			<trkpt lat="63.743511" lon="-149.265228">
				<ele>1182.247803</ele>
				<time>2026-06-19T00:36:47Z</time>
			</trkpt>
			<trkpt lat="63.743515" lon="-149.265289">
				<ele>1182.199463</ele>
				<time>2026-06-19T00:36:50Z</time>
			</trkpt>
			<trkpt lat="63.743504" lon="-149.265411">
				<ele>1180.044189</ele>
				<time>2026-06-19T00:36:57Z</time>
			</trkpt>
			<trkpt lat="63.743504" lon="-149.265457">
				<ele>1179.479126</ele>
				<time>2026-06-19T00:37:00Z</time>
			</trkpt>
			<trkpt lat="63.743492" lon="-149.265503">
				<ele>1179.910767</ele>
				<time>2026-06-19T00:37:03Z</time>
			</trkpt>
			<trkpt lat="63.743484" lon="-149.265564">
				<ele>1178.473267</ele>
				<time>2026-06-19T00:37:06Z</time>
			</trkpt>
			<trkpt lat="63.743484" lon="-149.265564">
				<ele>1178.473267</ele>
				<time>2026-06-19T00:37:06Z</time>
			</trkpt>
			<trkpt lat="63.743469" lon="-149.265594">
				<ele>1177.923584</ele>
				<time>2026-06-19T00:37:08Z</time>
			</trkpt>
			<trkpt lat="63.743458" lon="-149.265656">
				<ele>1178.112061</ele>
				<time>2026-06-19T00:37:11Z</time>
			</trkpt>
			<trkpt lat="63.74345" lon="-149.265717">
				<ele>1178.081299</ele>
				<time>2026-06-19T00:37:13Z</time>
			</trkpt>
			<trkpt lat="63.743435" lon="-149.265793">
				<ele>1177.537231</ele>
				<time>2026-06-19T00:37:16Z</time>
			</trkpt>
			<trkpt lat="63.743431" lon="-149.265839">
				<ele>1176.49585</ele>
				<time>2026-06-19T00:37:18Z</time>
			</trkpt>
			<trkpt lat="63.743431" lon="-149.2659">
				<ele>1176.185181</ele>
				<time>2026-06-19T00:37:20Z</time>
			</trkpt>
			<trkpt lat="63.743401" lon="-149.26593">
				<ele>1175.73877</ele>
				<time>2026-06-19T00:37:23Z</time>
			</trkpt>
			<trkpt lat="63.743382" lon="-149.265991">
				<ele>1175.635498</ele>
				<time>2026-06-19T00:37:26Z</time>
			</trkpt>
			<trkpt lat="63.743382" lon="-149.265991">
				<ele>1175.635498</ele>
				<time>2026-06-19T00:37:26Z</time>
			</trkpt>
			<trkpt lat="63.743362" lon="-149.266037">
				<ele>1174.187988</ele>
				<time>2026-06-19T00:37:29Z</time>
			</trkpt>
			<trkpt lat="63.743355" lon="-149.266083">
				<ele>1173.325684</ele>
				<time>2026-06-19T00:37:32Z</time>
			</trkpt>
			<trkpt lat="63.743347" lon="-149.266144">
				<ele>1172.767822</ele>
				<time>2026-06-19T00:37:35Z</time>
			</trkpt>
			<trkpt lat="63.743328" lon="-149.266205">
				<ele>1172.721924</ele>
				<time>2026-06-19T00:37:39Z</time>
			</trkpt>
			<trkpt lat="63.743305" lon="-149.266251">
				<ele>1167.972534</ele>
				<time>2026-06-19T00:37:51Z</time>
			</trkpt>
			<trkpt lat="63.743305" lon="-149.266251">
				<ele>1167.972534</ele>
				<time>2026-06-19T00:37:51Z</time>
			</trkpt>
			<trkpt lat="63.74329" lon="-149.266312">
				<ele>1168.957642</ele>
				<time>2026-06-19T00:37:56Z</time>
			</trkpt>
			<trkpt lat="63.743275" lon="-149.266373">
				<ele>1168.140869</ele>
				<time>2026-06-19T00:38:02Z</time>
			</trkpt>
			<trkpt lat="63.743229" lon="-149.266525">
				<ele>1165.218384</ele>
				<time>2026-06-19T00:38:13Z</time>
			</trkpt>
			<trkpt lat="63.743229" lon="-149.266525">
				<ele>1165.218384</ele>
				<time>2026-06-19T00:38:13Z</time>
			</trkpt>
			<trkpt lat="63.743221" lon="-149.266647">
				<ele>1163.494263</ele>
				<time>2026-06-19T00:38:20Z</time>
			</trkpt>
			<trkpt lat="63.74321" lon="-149.266708">
				<ele>1162.870605</ele>
				<time>2026-06-19T00:38:25Z</time>
			</trkpt>
			<trkpt lat="63.743195" lon="-149.266754">
				<ele>1163.214966</ele>
				<time>2026-06-19T00:38:29Z</time>
			</trkpt>
			<trkpt lat="63.743187" lon="-149.2668">
				<ele>1162.253052</ele>
				<time>2026-06-19T00:38:33Z</time>
			</trkpt>
			<trkpt lat="63.743187" lon="-149.2668">
				<ele>1162.253052</ele>
				<time>2026-06-19T00:38:33Z</time>
			</trkpt>
			<trkpt lat="63.743168" lon="-149.266861">
				<ele>1160.768188</ele>
				<time>2026-06-19T00:38:38Z</time>
			</trkpt>
			<trkpt lat="63.743126" lon="-149.267075">
				<ele>1159.027222</ele>
				<time>2026-06-19T00:38:47Z</time>
			</trkpt>
			<trkpt lat="63.743118" lon="-149.26712">
				<ele>1158.281982</ele>
				<time>2026-06-19T00:38:50Z</time>
			</trkpt>
			<trkpt lat="63.743099" lon="-149.267166">
				<ele>1157.690063</ele>
				<time>2026-06-19T00:38:53Z</time>
			</trkpt>
			<trkpt lat="63.743099" lon="-149.267166">
				<ele>1157.690063</ele>
				<time>2026-06-19T00:38:53Z</time>
			</trkpt>
			<trkpt lat="63.743095" lon="-149.267227">
				<ele>1158.169556</ele>
				<time>2026-06-19T00:38:56Z</time>
			</trkpt>
			<trkpt lat="63.743084" lon="-149.267288">
				<ele>1157.77002</ele>
				<time>2026-06-19T00:38:59Z</time>
			</trkpt>
			<trkpt lat="63.743061" lon="-149.267334">
				<ele>1156.381592</ele>
				<time>2026-06-19T00:39:04Z</time>
			</trkpt>
			<trkpt lat="63.74305" lon="-149.267395">
				<ele>1156.171997</ele>
				<time>2026-06-19T00:39:08Z</time>
			</trkpt>
			<trkpt lat="63.743019" lon="-149.26741">
				<ele>1155.38208</ele>
				<time>2026-06-19T00:39:12Z</time>
			</trkpt>
			<trkpt lat="63.743019" lon="-149.26741">
				<ele>1155.38208</ele>
				<time>2026-06-19T00:39:12Z</time>
			</trkpt>
			<trkpt lat="63.743015" lon="-149.267471">
				<ele>1154.531372</ele>
				<time>2026-06-19T00:39:15Z</time>
			</trkpt>
			<trkpt lat="63.743019" lon="-149.267532">
				<ele>1154.67627</ele>
				<time>2026-06-19T00:39:17Z</time>
			</trkpt>
			<trkpt lat="63.743038" lon="-149.267578">
				<ele>1153.951538</ele>
				<time>2026-06-19T00:39:21Z</time>
			</trkpt>
			<trkpt lat="63.743031" lon="-149.267639">
				<ele>1153.762939</ele>
				<time>2026-06-19T00:39:25Z</time>
			</trkpt>
			<trkpt lat="63.742989" lon="-149.267731">
				<ele>1151.592896</ele>
				<time>2026-06-19T00:39:32Z</time>
			</trkpt>
			<trkpt lat="63.742989" lon="-149.267731">
				<ele>1151.592896</ele>
				<time>2026-06-19T00:39:32Z</time>
			</trkpt>
			<trkpt lat="63.742989" lon="-149.267792">
				<ele>1150.997803</ele>
				<time>2026-06-19T00:39:35Z</time>
			</trkpt>
			<trkpt lat="63.742966" lon="-149.267853">
				<ele>1149.087646</ele>
				<time>2026-06-19T00:39:40Z</time>
			</trkpt>
			<trkpt lat="63.742954" lon="-149.267914">
				<ele>1148.33667</ele>
				<time>2026-06-19T00:39:44Z</time>
			</trkpt>
			<trkpt lat="63.74295" lon="-149.267975">
				<ele>1147.069214</ele>
				<time>2026-06-19T00:39:48Z</time>
			</trkpt>
			<trkpt lat="63.742943" lon="-149.268021">
				<ele>1147.498901</ele>
				<time>2026-06-19T00:39:51Z</time>
			</trkpt>
			<trkpt lat="63.742943" lon="-149.268021">
				<ele>1147.498901</ele>
				<time>2026-06-19T00:39:51Z</time>
			</trkpt>
			<trkpt lat="63.742912" lon="-149.268097">
				<ele>1146.709717</ele>
				<time>2026-06-19T00:39:57Z</time>
			</trkpt>
			<trkpt lat="63.742901" lon="-149.268158">
				<ele>1146.610107</ele>
				<time>2026-06-19T00:40:00Z</time>
			</trkpt>
			<trkpt lat="63.742886" lon="-149.268219">
				<ele>1144.874023</ele>
				<time>2026-06-19T00:40:03Z</time>
			</trkpt>
			<trkpt lat="63.742893" lon="-149.268265">
				<ele>1144.922607</ele>
				<time>2026-06-19T00:40:06Z</time>
			</trkpt>
			<trkpt lat="63.742882" lon="-149.268326">
				<ele>1143.63501</ele>
				<time>2026-06-19T00:40:09Z</time>
			</trkpt>
			<trkpt lat="63.742878" lon="-149.268372">
				<ele>1143.853882</ele>
				<time>2026-06-19T00:40:10Z</time>
			</trkpt>
			<trkpt lat="63.742878" lon="-149.268372">
				<ele>1143.853882</ele>
				<time>2026-06-19T00:40:10Z</time>
			</trkpt>
			<trkpt lat="63.742863" lon="-149.268433">
				<ele>1143.383789</ele>
				<time>2026-06-19T00:40:14Z</time>
			</trkpt>
			<trkpt lat="63.742851" lon="-149.268494">
				<ele>1143.019775</ele>
				<time>2026-06-19T00:40:16Z</time>
			</trkpt>
			<trkpt lat="63.742851" lon="-149.268539">
				<ele>1142.55481</ele>
				<time>2026-06-19T00:40:18Z</time>
			</trkpt>
			<trkpt lat="63.742847" lon="-149.268616">
				<ele>1141.218506</ele>
				<time>2026-06-19T00:40:21Z</time>
			</trkpt>
			<trkpt lat="63.742828" lon="-149.268646">
				<ele>1140.141113</ele>
				<time>2026-06-19T00:40:24Z</time>
			</trkpt>
			<trkpt lat="63.742813" lon="-149.268707">
				<ele>1139.543213</ele>
				<time>2026-06-19T00:40:28Z</time>
			</trkpt>
			<trkpt lat="63.742805" lon="-149.268753">
				<ele>1139.72229</ele>
				<time>2026-06-19T00:40:31Z</time>
			</trkpt>
			<trkpt lat="63.742805" lon="-149.268753">
				<ele>1139.72229</ele>
				<time>2026-06-19T00:40:31Z</time>
			</trkpt>
			<trkpt lat="63.74279" lon="-149.268799">
				<ele>1139.189209</ele>
				<time>2026-06-19T00:40:34Z</time>
			</trkpt>
			<trkpt lat="63.742771" lon="-149.268845">
				<ele>1137.999756</ele>
				<time>2026-06-19T00:40:39Z</time>
			</trkpt>
			<trkpt lat="63.742752" lon="-149.268799">
				<ele>1136.382813</ele>
				<time>2026-06-19T00:40:43Z</time>
			</trkpt>
			<trkpt lat="63.742725" lon="-149.268814">
				<ele>1134.946045</ele>
				<time>2026-06-19T00:40:47Z</time>
			</trkpt>
			<trkpt lat="63.742706" lon="-149.26886">
				<ele>1137.499512</ele>
				<time>2026-06-19T00:40:50Z</time>
			</trkpt>
			<trkpt lat="63.742706" lon="-149.26886">
				<ele>1137.499512</ele>
				<time>2026-06-19T00:40:50Z</time>
			</trkpt>
			<trkpt lat="63.742683" lon="-149.268875">
				<ele>1134.082642</ele>
				<time>2026-06-19T00:40:53Z</time>
			</trkpt>
			<trkpt lat="63.742661" lon="-149.26886">
				<ele>1133.15686</ele>
				<time>2026-06-19T00:40:58Z</time>
			</trkpt>
			<trkpt lat="63.742649" lon="-149.268906">
				<ele>1133.835571</ele>
				<time>2026-06-19T00:41:03Z</time>
			</trkpt>
			<trkpt lat="63.742634" lon="-149.268936">
				<ele>1131.911621</ele>
				<time>2026-06-19T00:41:06Z</time>
			</trkpt>
			<trkpt lat="63.742599" lon="-149.268967">
				<ele>1129.736206</ele>
				<time>2026-06-19T00:41:30Z</time>
			</trkpt>
			<trkpt lat="63.742599" lon="-149.268967">
				<ele>1129.736206</ele>
				<time>2026-06-19T00:41:30Z</time>
			</trkpt>
			<trkpt lat="63.742577" lon="-149.269012">
				<ele>1129.232788</ele>
				<time>2026-06-19T00:41:34Z</time>
			</trkpt>
			<trkpt lat="63.742558" lon="-149.269058">
				<ele>1128.163086</ele>
				<time>2026-06-19T00:41:40Z</time>
			</trkpt>
			<trkpt lat="63.742542" lon="-149.269104">
				<ele>1128.105225</ele>
				<time>2026-06-19T00:41:43Z</time>
			</trkpt>
			<trkpt lat="63.742519" lon="-149.26915">
				<ele>1126.178711</ele>
				<time>2026-06-19T00:41:49Z</time>
			</trkpt>
			<trkpt lat="63.742519" lon="-149.26915">
				<ele>1126.178711</ele>
				<time>2026-06-19T00:41:49Z</time>
			</trkpt>
			<trkpt lat="63.742493" lon="-149.26915">
				<ele>1125.696899</ele>
				<time>2026-06-19T00:41:53Z</time>
			</trkpt>
			<trkpt lat="63.742474" lon="-149.26918">
				<ele>1124.655029</ele>
				<time>2026-06-19T00:41:57Z</time>
			</trkpt>
			<trkpt lat="63.742462" lon="-149.269241">
				<ele>1124.425293</ele>
				<time>2026-06-19T00:42:00Z</time>
			</trkpt>
			<trkpt lat="63.742447" lon="-149.269272">
				<ele>1124.07373</ele>
				<time>2026-06-19T00:42:02Z</time>
			</trkpt>
			<trkpt lat="63.742428" lon="-149.269302">
				<ele>1123.946411</ele>
				<time>2026-06-19T00:42:04Z</time>
			</trkpt>
			<trkpt lat="63.742409" lon="-149.269348">
				<ele>1123.65271</ele>
				<time>2026-06-19T00:42:06Z</time>
			</trkpt>
			<trkpt lat="63.742382" lon="-149.269379">
				<ele>1122.955933</ele>
				<time>2026-06-19T00:42:10Z</time>
			</trkpt>
			<trkpt lat="63.742382" lon="-149.269379">
				<ele>1122.955933</ele>
				<time>2026-06-19T00:42:10Z</time>
			</trkpt>
			<trkpt lat="63.742359" lon="-149.269379">
				<ele>1122.497559</ele>
				<time>2026-06-19T00:42:14Z</time>
			</trkpt>
			<trkpt lat="63.742348" lon="-149.269455">
				<ele>1124.016846</ele>
				<time>2026-06-19T00:42:19Z</time>
			</trkpt>
			<trkpt lat="63.742329" lon="-149.269501">
				<ele>1121.592163</ele>
				<time>2026-06-19T00:42:22Z</time>
			</trkpt>
			<trkpt lat="63.74231" lon="-149.269547">
				<ele>1121.426514</ele>
				<time>2026-06-19T00:42:27Z</time>
			</trkpt>
			<trkpt lat="63.742283" lon="-149.269592">
				<ele>1121.117676</ele>
				<time>2026-06-19T00:42:31Z</time>
			</trkpt>
			<trkpt lat="63.742283" lon="-149.269592">
				<ele>1121.117676</ele>
				<time>2026-06-19T00:42:31Z</time>
			</trkpt>
			<trkpt lat="63.74226" lon="-149.269638">
				<ele>1119.712402</ele>
				<time>2026-06-19T00:42:34Z</time>
			</trkpt>
			<trkpt lat="63.742241" lon="-149.269684">
				<ele>1121.053955</ele>
				<time>2026-06-19T00:42:36Z</time>
			</trkpt>
			<trkpt lat="63.742222" lon="-149.269745">
				<ele>1120.060303</ele>
				<time>2026-06-19T00:42:41Z</time>
			</trkpt>
			<trkpt lat="63.742207" lon="-149.269775">
				<ele>1120.167358</ele>
				<time>2026-06-19T00:42:45Z</time>
			</trkpt>
			<trkpt lat="63.74218" lon="-149.269791">
				<ele>1118.942017</ele>
				<time>2026-06-19T00:42:51Z</time>
			</trkpt>
			<trkpt lat="63.74218" lon="-149.269791">
				<ele>1118.942017</ele>
				<time>2026-06-19T00:42:51Z</time>
			</trkpt>
			<trkpt lat="63.742161" lon="-149.269821">
				<ele>1117.74292</ele>
				<time>2026-06-19T00:42:55Z</time>
			</trkpt>
			<trkpt lat="63.742115" lon="-149.269897">
				<ele>1118.789917</ele>
				<time>2026-06-19T00:43:01Z</time>
			</trkpt>
			<trkpt lat="63.742092" lon="-149.269928">
				<ele>1118.74585</ele>
				<time>2026-06-19T00:43:04Z</time>
			</trkpt>
			<trkpt lat="63.742073" lon="-149.269974">
				<ele>1118.886841</ele>
				<time>2026-06-19T00:43:06Z</time>
			</trkpt>
			<trkpt lat="63.74205" lon="-149.27002">
				<ele>1118.916748</ele>
				<time>2026-06-19T00:43:09Z</time>
			</trkpt>
			<trkpt lat="63.742027" lon="-149.270035">
				<ele>1118.537476</ele>
				<time>2026-06-19T00:43:12Z</time>
			</trkpt>
			<trkpt lat="63.742027" lon="-149.270035">
				<ele>1118.537476</ele>
				<time>2026-06-19T00:43:12Z</time>
			</trkpt>
			<trkpt lat="63.742008" lon="-149.270065">
				<ele>1119.241943</ele>
				<time>2026-06-19T00:43:15Z</time>
			</trkpt>
			<trkpt lat="63.741985" lon="-149.270111">
				<ele>1119.343506</ele>
				<time>2026-06-19T00:43:18Z</time>
			</trkpt>
			<trkpt lat="63.74197" lon="-149.270172">
				<ele>1117.11084</ele>
				<time>2026-06-19T00:43:23Z</time>
			</trkpt>
			<trkpt lat="63.741947" lon="-149.270187">
				<ele>1115.713013</ele>
				<time>2026-06-19T00:43:27Z</time>
			</trkpt>
			<trkpt lat="63.741932" lon="-149.270233">
				<ele>1115.669556</ele>
				<time>2026-06-19T00:43:30Z</time>
			</trkpt>
			<trkpt lat="63.741905" lon="-149.270248">
				<ele>1115.534668</ele>
				<time>2026-06-19T00:43:34Z</time>
			</trkpt>
			<trkpt lat="63.741905" lon="-149.270248">
				<ele>1115.534668</ele>
				<time>2026-06-19T00:43:34Z</time>
			</trkpt>
			<trkpt lat="63.741879" lon="-149.270309">
				<ele>1116.239502</ele>
				<time>2026-06-19T00:43:37Z</time>
			</trkpt>
			<trkpt lat="63.741863" lon="-149.270355">
				<ele>1115.593872</ele>
				<time>2026-06-19T00:43:39Z</time>
			</trkpt>
			<trkpt lat="63.741837" lon="-149.27037">
				<ele>1115.211914</ele>
				<time>2026-06-19T00:43:44Z</time>
			</trkpt>
			<trkpt lat="63.741821" lon="-149.270432">
				<ele>1114.982056</ele>
				<time>2026-06-19T00:43:49Z</time>
			</trkpt>
			<trkpt lat="63.741821" lon="-149.270477">
				<ele>1114.665649</ele>
				<time>2026-06-19T00:43:59Z</time>
			</trkpt>
			<trkpt lat="63.741821" lon="-149.270477">
				<ele>1114.665649</ele>
				<time>2026-06-19T00:43:59Z</time>
			</trkpt>
			<trkpt lat="63.741779" lon="-149.270462">
				<ele>1113.133789</ele>
				<time>2026-06-19T00:48:19Z</time>
			</trkpt>
			<trkpt lat="63.741779" lon="-149.270462">
				<ele>1113.133789</ele>
				<time>2026-06-19T00:48:19Z</time>
			</trkpt>
			<trkpt lat="63.741741" lon="-149.270493">
				<ele>1112.165161</ele>
				<time>2026-06-19T00:48:24Z</time>
			</trkpt>
			<trkpt lat="63.741707" lon="-149.270508">
				<ele>1110.556763</ele>
				<time>2026-06-19T00:48:29Z</time>
			</trkpt>
			<trkpt lat="63.741673" lon="-149.270569">
				<ele>1110.213379</ele>
				<time>2026-06-19T00:48:32Z</time>
			</trkpt>
			<trkpt lat="63.74165" lon="-149.27063">
				<ele>1108.914429</ele>
				<time>2026-06-19T00:48:35Z</time>
			</trkpt>
			<trkpt lat="63.741619" lon="-149.270691">
				<ele>1109.09729</ele>
				<time>2026-06-19T00:48:38Z</time>
			</trkpt>
			<trkpt lat="63.741619" lon="-149.270691">
				<ele>1109.09729</ele>
				<time>2026-06-19T00:48:38Z</time>
			</trkpt>
			<trkpt lat="63.741592" lon="-149.270721">
				<ele>1109.699707</ele>
				<time>2026-06-19T00:48:41Z</time>
			</trkpt>
			<trkpt lat="63.741581" lon="-149.270782">
				<ele>1109.654419</ele>
				<time>2026-06-19T00:48:45Z</time>
			</trkpt>
			<trkpt lat="63.741531" lon="-149.270859">
				<ele>1108.910889</ele>
				<time>2026-06-19T00:48:52Z</time>
			</trkpt>
			<trkpt lat="63.741508" lon="-149.27092">
				<ele>1108.782959</ele>
				<time>2026-06-19T00:48:55Z</time>
			</trkpt>
			<trkpt lat="63.741486" lon="-149.270981">
				<ele>1107.934326</ele>
				<time>2026-06-19T00:48:59Z</time>
			</trkpt>
			<trkpt lat="63.741486" lon="-149.270981">
				<ele>1107.934326</ele>
				<time>2026-06-19T00:48:59Z</time>
			</trkpt>
			<trkpt lat="63.741467" lon="-149.271011">
				<ele>1106.841675</ele>
				<time>2026-06-19T00:49:01Z</time>
			</trkpt>
			<trkpt lat="63.741444" lon="-149.271057">
				<ele>1106.841064</ele>
				<time>2026-06-19T00:49:04Z</time>
			</trkpt>
			<trkpt lat="63.741425" lon="-149.271027">
				<ele>1106.631592</ele>
				<time>2026-06-19T00:49:07Z</time>
			</trkpt>
			<trkpt lat="63.741386" lon="-149.271088">
				<ele>1105.400879</ele>
				<time>2026-06-19T00:49:13Z</time>
			</trkpt>
			<trkpt lat="63.741364" lon="-149.271118">
				<ele>1105.067993</ele>
				<time>2026-06-19T00:49:15Z</time>
			</trkpt>
			<trkpt lat="63.741344" lon="-149.271133">
				<ele>1103.72229</ele>
				<time>2026-06-19T00:49:18Z</time>
			</trkpt>
			<trkpt lat="63.741344" lon="-149.271133">
				<ele>1103.72229</ele>
				<time>2026-06-19T00:49:18Z</time>
			</trkpt>
			<trkpt lat="63.741318" lon="-149.271133">
				<ele>1102.36853</ele>
				<time>2026-06-19T00:49:20Z</time>
			</trkpt>
			<trkpt lat="63.741283" lon="-149.271149">
				<ele>1101.625977</ele>
				<time>2026-06-19T00:49:23Z</time>
			</trkpt>
			<trkpt lat="63.741261" lon="-149.271179">
				<ele>1101.328125</ele>
				<time>2026-06-19T00:49:25Z</time>
			</trkpt>
			<trkpt lat="63.74123" lon="-149.271194">
				<ele>1100.433472</ele>
				<time>2026-06-19T00:49:27Z</time>
			</trkpt>
			<trkpt lat="63.741207" lon="-149.271194">
				<ele>1100.601074</ele>
				<time>2026-06-19T00:49:29Z</time>
			</trkpt>
			<trkpt lat="63.741161" lon="-149.27121">
				<ele>1102.018311</ele>
				<time>2026-06-19T00:49:33Z</time>
			</trkpt>
			<trkpt lat="63.741135" lon="-149.27124">
				<ele>1101.810547</ele>
				<time>2026-06-19T00:49:35Z</time>
			</trkpt>
			<trkpt lat="63.741112" lon="-149.271271">
				<ele>1102.097656</ele>
				<time>2026-06-19T00:49:37Z</time>
			</trkpt>
			<trkpt lat="63.741112" lon="-149.271271">
				<ele>1102.097656</ele>
				<time>2026-06-19T00:49:37Z</time>
			</trkpt>
			<trkpt lat="63.741066" lon="-149.271332">
				<ele>1103.214722</ele>
				<time>2026-06-19T00:49:41Z</time>
			</trkpt>
			<trkpt lat="63.741047" lon="-149.271378">
				<ele>1102.987061</ele>
				<time>2026-06-19T00:49:44Z</time>
			</trkpt>
			<trkpt lat="63.741032" lon="-149.271439">
				<ele>1104.417114</ele>
				<time>2026-06-19T00:49:47Z</time>
			</trkpt>
			<trkpt lat="63.741013" lon="-149.2715">
				<ele>1103.922241</ele>
				<time>2026-06-19T00:49:50Z</time>
			</trkpt>
			<trkpt lat="63.740997" lon="-149.271545">
				<ele>1104.069824</ele>
				<time>2026-06-19T00:49:53Z</time>
			</trkpt>
			<trkpt lat="63.740978" lon="-149.271606">
				<ele>1103.603394</ele>
				<time>2026-06-19T00:49:55Z</time>
			</trkpt>
			<trkpt lat="63.740959" lon="-149.271637">
				<ele>1102.914429</ele>
				<time>2026-06-19T00:49:57Z</time>
			</trkpt>
			<trkpt lat="63.740959" lon="-149.271637">
				<ele>1102.914429</ele>
				<time>2026-06-19T00:49:57Z</time>
			</trkpt>
			<trkpt lat="63.740944" lon="-149.271759">
				<ele>1103.647705</ele>
				<time>2026-06-19T00:50:01Z</time>
			</trkpt>
			<trkpt lat="63.740929" lon="-149.271805">
				<ele>1102.636841</ele>
				<time>2026-06-19T00:50:03Z</time>
			</trkpt>
			<trkpt lat="63.740913" lon="-149.271866">
				<ele>1102.614502</ele>
				<time>2026-06-19T00:50:06Z</time>
			</trkpt>
			<trkpt lat="63.740906" lon="-149.271942">
				<ele>1102.619019</ele>
				<time>2026-06-19T00:50:08Z</time>
			</trkpt>
			<trkpt lat="63.740883" lon="-149.271988">
				<ele>1102.972412</ele>
				<time>2026-06-19T00:50:10Z</time>
			</trkpt>
			<trkpt lat="63.740875" lon="-149.272034">
				<ele>1103.884399</ele>
				<time>2026-06-19T00:50:12Z</time>
			</trkpt>
			<trkpt lat="63.740871" lon="-149.272095">
				<ele>1102.969727</ele>
				<time>2026-06-19T00:50:14Z</time>
			</trkpt>
			<trkpt lat="63.74086" lon="-149.272156">
				<ele>1103.317383</ele>
				<time>2026-06-19T00:50:16Z</time>
			</trkpt>
			<trkpt lat="63.74086" lon="-149.272156">
				<ele>1103.317383</ele>
				<time>2026-06-19T00:50:16Z</time>
			</trkpt>
			<trkpt lat="63.740837" lon="-149.272186">
				<ele>1102.618164</ele>
				<time>2026-06-19T00:50:18Z</time>
			</trkpt>
			<trkpt lat="63.740822" lon="-149.272232">
				<ele>1101.742798</ele>
				<time>2026-06-19T00:50:20Z</time>
			</trkpt>
			<trkpt lat="63.740807" lon="-149.272278">
				<ele>1101.661377</ele>
				<time>2026-06-19T00:50:22Z</time>
			</trkpt>
			<trkpt lat="63.74078" lon="-149.272308">
				<ele>1101.645264</ele>
				<time>2026-06-19T00:50:24Z</time>
			</trkpt>
			<trkpt lat="63.740761" lon="-149.272354">
				<ele>1100.996704</ele>
				<time>2026-06-19T00:50:26Z</time>
			</trkpt>
			<trkpt lat="63.740742" lon="-149.2724">
				<ele>1100.800659</ele>
				<time>2026-06-19T00:50:28Z</time>
			</trkpt>
			<trkpt lat="63.740734" lon="-149.272461">
				<ele>1100.867432</ele>
				<time>2026-06-19T00:50:30Z</time>
			</trkpt>
			<trkpt lat="63.740719" lon="-149.272491">
				<ele>1101.273071</ele>
				<time>2026-06-19T00:50:32Z</time>
			</trkpt>
			<trkpt lat="63.740715" lon="-149.272552">
				<ele>1101.689209</ele>
				<time>2026-06-19T00:50:34Z</time>
			</trkpt>
			<trkpt lat="63.740704" lon="-149.272614">
				<ele>1100.922241</ele>
				<time>2026-06-19T00:50:36Z</time>
			</trkpt>
			<trkpt lat="63.740704" lon="-149.272614">
				<ele>1100.922241</ele>
				<time>2026-06-19T00:50:36Z</time>
			</trkpt>
			<trkpt lat="63.7407" lon="-149.272675">
				<ele>1100.562866</ele>
				<time>2026-06-19T00:50:39Z</time>
			</trkpt>
			<trkpt lat="63.740685" lon="-149.27272">
				<ele>1101.88916</ele>
				<time>2026-06-19T00:50:42Z</time>
			</trkpt>
			<trkpt lat="63.740673" lon="-149.272781">
				<ele>1102.148315</ele>
				<time>2026-06-19T00:50:45Z</time>
			</trkpt>
			<trkpt lat="63.740654" lon="-149.272812">
				<ele>1102.62561</ele>
				<time>2026-06-19T00:50:48Z</time>
			</trkpt>
			<trkpt lat="63.740639" lon="-149.272873">
				<ele>1101.966431</ele>
				<time>2026-06-19T00:50:50Z</time>
			</trkpt>
			<trkpt lat="63.740631" lon="-149.272934">
				<ele>1102.642822</ele>
				<time>2026-06-19T00:50:53Z</time>
			</trkpt>
			<trkpt lat="63.74062" lon="-149.27298">
				<ele>1102.523193</ele>
				<time>2026-06-19T00:50:55Z</time>
			</trkpt>
			<trkpt lat="63.74062" lon="-149.27298">
				<ele>1102.523193</ele>
				<time>2026-06-19T00:50:55Z</time>
			</trkpt>
			<trkpt lat="63.740616" lon="-149.273026">
				<ele>1103.475098</ele>
				<time>2026-06-19T00:50:57Z</time>
			</trkpt>
			<trkpt lat="63.740604" lon="-149.273071">
				<ele>1102.586304</ele>
				<time>2026-06-19T00:51:00Z</time>
			</trkpt>
			<trkpt lat="63.740585" lon="-149.273132">
				<ele>1102.303101</ele>
				<time>2026-06-19T00:51:03Z</time>
			</trkpt>
			<trkpt lat="63.740566" lon="-149.273178">
				<ele>1101.79248</ele>
				<time>2026-06-19T00:51:06Z</time>
			</trkpt>
			<trkpt lat="63.740536" lon="-149.273209">
				<ele>1100.232666</ele>
				<time>2026-06-19T00:51:08Z</time>
			</trkpt>
			<trkpt lat="63.74052" lon="-149.273239">
				<ele>1101.246338</ele>
				<time>2026-06-19T00:51:10Z</time>
			</trkpt>
			<trkpt lat="63.740494" lon="-149.273254">
				<ele>1100.098877</ele>
				<time>2026-06-19T00:51:12Z</time>
			</trkpt>
			<trkpt lat="63.740482" lon="-149.273285">
				<ele>1099.992554</ele>
				<time>2026-06-19T00:51:14Z</time>
			</trkpt>
			<trkpt lat="63.740482" lon="-149.273285">
				<ele>1099.992554</ele>
				<time>2026-06-19T00:51:14Z</time>
			</trkpt>
			<trkpt lat="63.740467" lon="-149.273315">
				<ele>1099.733521</ele>
				<time>2026-06-19T00:51:16Z</time>
			</trkpt>
			<trkpt lat="63.740452" lon="-149.273346">
				<ele>1100.640137</ele>
				<time>2026-06-19T00:51:18Z</time>
			</trkpt>
			<trkpt lat="63.740425" lon="-149.273361">
				<ele>1100.691895</ele>
				<time>2026-06-19T00:51:21Z</time>
			</trkpt>
			<trkpt lat="63.740406" lon="-149.273376">
				<ele>1100.705811</ele>
				<time>2026-06-19T00:51:24Z</time>
			</trkpt>
			<trkpt lat="63.740395" lon="-149.273438">
				<ele>1099.145264</ele>
				<time>2026-06-19T00:51:31Z</time>
			</trkpt>
			<trkpt lat="63.740398" lon="-149.273483">
				<ele>1098.810913</ele>
				<time>2026-06-19T00:51:34Z</time>
			</trkpt>
			<trkpt lat="63.740398" lon="-149.273483">
				<ele>1098.810913</ele>
				<time>2026-06-19T00:51:34Z</time>
			</trkpt>
			<trkpt lat="63.740395" lon="-149.273529">
				<ele>1098.043335</ele>
				<time>2026-06-19T00:51:38Z</time>
			</trkpt>
			<trkpt lat="63.740383" lon="-149.27359">
				<ele>1097.413696</ele>
				<time>2026-06-19T00:51:42Z</time>
			</trkpt>
			<trkpt lat="63.740368" lon="-149.273621">
				<ele>1096.496826</ele>
				<time>2026-06-19T00:51:46Z</time>
			</trkpt>
			<trkpt lat="63.740364" lon="-149.273682">
				<ele>1096.379639</ele>
				<time>2026-06-19T00:51:52Z</time>
			</trkpt>
			<trkpt lat="63.740353" lon="-149.273758">
				<ele>1095.642334</ele>
				<time>2026-06-19T00:51:59Z</time>
			</trkpt>
			<trkpt lat="63.740353" lon="-149.273758">
				<ele>1095.642334</ele>
				<time>2026-06-19T00:51:59Z</time>
			</trkpt>
			<trkpt lat="63.740322" lon="-149.273865">
				<ele>1093.292236</ele>
				<time>2026-06-19T00:52:06Z</time>
			</trkpt>
			<trkpt lat="63.740307" lon="-149.273911">
				<ele>1093.647095</ele>
				<time>2026-06-19T00:52:10Z</time>
			</trkpt>
			<trkpt lat="63.740307" lon="-149.273972">
				<ele>1094.238647</ele>
				<time>2026-06-19T00:52:15Z</time>
			</trkpt>
			<trkpt lat="63.740299" lon="-149.274048">
				<ele>1092.373535</ele>
				<time>2026-06-19T00:52:19Z</time>
			</trkpt>
			<trkpt lat="63.740299" lon="-149.274048">
				<ele>1092.373535</ele>
				<time>2026-06-19T00:52:19Z</time>
			</trkpt>
			<trkpt lat="63.740288" lon="-149.274094">
				<ele>1092.079102</ele>
				<time>2026-06-19T00:52:22Z</time>
			</trkpt>
			<trkpt lat="63.74028" lon="-149.274155">
				<ele>1092.092407</ele>
				<time>2026-06-19T00:52:26Z</time>
			</trkpt>
			<trkpt lat="63.740253" lon="-149.2742">
				<ele>1092.046509</ele>
				<time>2026-06-19T00:52:30Z</time>
			</trkpt>
			<trkpt lat="63.740234" lon="-149.274246">
				<ele>1091.581909</ele>
				<time>2026-06-19T00:52:32Z</time>
			</trkpt>
			<trkpt lat="63.740219" lon="-149.274292">
				<ele>1091.55957</ele>
				<time>2026-06-19T00:52:35Z</time>
			</trkpt>
			<trkpt lat="63.740215" lon="-149.274338">
				<ele>1090.822021</ele>
				<time>2026-06-19T00:52:37Z</time>
			</trkpt>
			<trkpt lat="63.740219" lon="-149.274384">
				<ele>1091.529663</ele>
				<time>2026-06-19T00:52:40Z</time>
			</trkpt>
			<trkpt lat="63.740219" lon="-149.274384">
				<ele>1091.529663</ele>
				<time>2026-06-19T00:52:40Z</time>
			</trkpt>
			<trkpt lat="63.740215" lon="-149.274429">
				<ele>1090.985107</ele>
				<time>2026-06-19T00:52:42Z</time>
			</trkpt>
			<trkpt lat="63.740181" lon="-149.274445">
				<ele>1089.708618</ele>
				<time>2026-06-19T00:52:48Z</time>
			</trkpt>
			<trkpt lat="63.740173" lon="-149.274506">
				<ele>1088.16333</ele>
				<time>2026-06-19T00:52:55Z</time>
			</trkpt>
			<trkpt lat="63.740166" lon="-149.274567">
				<ele>1087.857056</ele>
				<time>2026-06-19T00:53:00Z</time>
			</trkpt>
			<trkpt lat="63.740166" lon="-149.274567">
				<ele>1087.857056</ele>
				<time>2026-06-19T00:53:00Z</time>
			</trkpt>
			<trkpt lat="63.740158" lon="-149.274628">
				<ele>1087.8573</ele>
				<time>2026-06-19T00:53:11Z</time>
			</trkpt>
			<trkpt lat="63.740143" lon="-149.274658">
				<ele>1086.969482</ele>
				<time>2026-06-19T00:53:14Z</time>
			</trkpt>
			<trkpt lat="63.740143" lon="-149.274704">
				<ele>1086.781372</ele>
				<time>2026-06-19T00:53:17Z</time>
			</trkpt>
			<trkpt lat="63.740128" lon="-149.274765">
				<ele>1086.090698</ele>
				<time>2026-06-19T00:53:21Z</time>
			</trkpt>
			<trkpt lat="63.740128" lon="-149.274765">
				<ele>1086.090698</ele>
				<time>2026-06-19T00:53:21Z</time>
			</trkpt>
			<trkpt lat="63.740108" lon="-149.274796">
				<ele>1085.901245</ele>
				<time>2026-06-19T00:53:25Z</time>
			</trkpt>
			<trkpt lat="63.740082" lon="-149.274826">
				<ele>1086.210449</ele>
				<time>2026-06-19T00:53:28Z</time>
			</trkpt>
			<trkpt lat="63.740067" lon="-149.274872">
				<ele>1086.007324</ele>
				<time>2026-06-19T00:53:30Z</time>
			</trkpt>
			<trkpt lat="63.740047" lon="-149.274902">
				<ele>1085.104492</ele>
				<time>2026-06-19T00:53:32Z</time>
			</trkpt>
			<trkpt lat="63.740044" lon="-149.274948">
				<ele>1085.070068</ele>
				<time>2026-06-19T00:53:35Z</time>
			</trkpt>
			<trkpt lat="63.740036" lon="-149.274994">
				<ele>1083.643066</ele>
				<time>2026-06-19T00:53:39Z</time>
			</trkpt>
			<trkpt lat="63.740028" lon="-149.275055">
				<ele>1083.512329</ele>
				<time>2026-06-19T00:53:43Z</time>
			</trkpt>
			<trkpt lat="63.740028" lon="-149.275055">
				<ele>1083.512329</ele>
				<time>2026-06-19T00:53:43Z</time>
			</trkpt>
			<trkpt lat="63.740021" lon="-149.275101">
				<ele>1082.031494</ele>
				<time>2026-06-19T00:53:45Z</time>
			</trkpt>
			<trkpt lat="63.740009" lon="-149.275146">
				<ele>1082.195313</ele>
				<time>2026-06-19T00:53:47Z</time>
			</trkpt>
			<trkpt lat="63.73999" lon="-149.275208">
				<ele>1081.776733</ele>
				<time>2026-06-19T00:53:50Z</time>
			</trkpt>
			<trkpt lat="63.739971" lon="-149.275238">
				<ele>1081.446655</ele>
				<time>2026-06-19T00:53:52Z</time>
			</trkpt>
			<trkpt lat="63.739967" lon="-149.275299">
				<ele>1082.043213</ele>
				<time>2026-06-19T00:53:54Z</time>
			</trkpt>
			<trkpt lat="63.739956" lon="-149.275345">
				<ele>1081.032227</ele>
				<time>2026-06-19T00:53:56Z</time>
			</trkpt>
			<trkpt lat="63.739937" lon="-149.275375">
				<ele>1080.927368</ele>
				<time>2026-06-19T00:53:58Z</time>
			</trkpt>
			<trkpt lat="63.739902" lon="-149.275452">
				<ele>1079.680542</ele>
				<time>2026-06-19T00:54:04Z</time>
			</trkpt>
			<trkpt lat="63.739902" lon="-149.275452">
				<ele>1079.680542</ele>
				<time>2026-06-19T00:54:04Z</time>
			</trkpt>
			<trkpt lat="63.739887" lon="-149.275482">
				<ele>1078.557617</ele>
				<time>2026-06-19T00:54:06Z</time>
			</trkpt>
			<trkpt lat="63.739864" lon="-149.275543">
				<ele>1078.228271</ele>
				<time>2026-06-19T00:54:09Z</time>
			</trkpt>
			<trkpt lat="63.739838" lon="-149.275604">
				<ele>1078.483398</ele>
				<time>2026-06-19T00:54:12Z</time>
			</trkpt>
			<trkpt lat="63.73983" lon="-149.27565">
				<ele>1078.823364</ele>
				<time>2026-06-19T00:54:14Z</time>
			</trkpt>
			<trkpt lat="63.739815" lon="-149.275681">
				<ele>1078.288818</ele>
				<time>2026-06-19T00:54:16Z</time>
			</trkpt>
			<trkpt lat="63.739799" lon="-149.275711">
				<ele>1078.345337</ele>
				<time>2026-06-19T00:54:19Z</time>
			</trkpt>
			<trkpt lat="63.739796" lon="-149.275757">
				<ele>1079.689697</ele>
				<time>2026-06-19T00:54:21Z</time>
			</trkpt>
			<trkpt lat="63.739777" lon="-149.275803">
				<ele>1077.391846</ele>
				<time>2026-06-19T00:54:23Z</time>
			</trkpt>
			<trkpt lat="63.739777" lon="-149.275803">
				<ele>1077.391846</ele>
				<time>2026-06-19T00:54:23Z</time>
			</trkpt>
			<trkpt lat="63.739777" lon="-149.275848">
				<ele>1077.733521</ele>
				<time>2026-06-19T00:54:25Z</time>
			</trkpt>
			<trkpt lat="63.739769" lon="-149.275909">
				<ele>1073.955566</ele>
				<time>2026-06-19T00:54:27Z</time>
			</trkpt>
			<trkpt lat="63.739754" lon="-149.275955">
				<ele>1072.429321</ele>
				<time>2026-06-19T00:54:29Z</time>
			</trkpt>
			<trkpt lat="63.739738" lon="-149.276016">
				<ele>1072.944458</ele>
				<time>2026-06-19T00:54:31Z</time>
			</trkpt>
			<trkpt lat="63.739731" lon="-149.276062">
				<ele>1075.154053</ele>
				<time>2026-06-19T00:54:33Z</time>
			</trkpt>
			<trkpt lat="63.739727" lon="-149.276108">
				<ele>1076.693481</ele>
				<time>2026-06-19T00:54:35Z</time>
			</trkpt>
			<trkpt lat="63.739719" lon="-149.276154">
				<ele>1075.946289</ele>
				<time>2026-06-19T00:54:37Z</time>
			</trkpt>
			<trkpt lat="63.7397" lon="-149.276199">
				<ele>1075.334595</ele>
				<time>2026-06-19T00:54:40Z</time>
			</trkpt>
			<trkpt lat="63.739712" lon="-149.276245">
				<ele>1073.756348</ele>
				<time>2026-06-19T00:54:43Z</time>
			</trkpt>
			<trkpt lat="63.739712" lon="-149.276245">
				<ele>1073.756348</ele>
				<time>2026-06-19T00:54:43Z</time>
			</trkpt>
			<trkpt lat="63.7397" lon="-149.276306">
				<ele>1075.462891</ele>
				<time>2026-06-19T00:54:46Z</time>
			</trkpt>
			<trkpt lat="63.739693" lon="-149.276352">
				<ele>1076.233154</ele>
				<time>2026-06-19T00:54:49Z</time>
			</trkpt>
			<trkpt lat="63.73967" lon="-149.276398">
				<ele>1074.959961</ele>
				<time>2026-06-19T00:54:51Z</time>
			</trkpt>
			<trkpt lat="63.739658" lon="-149.276428">
				<ele>1076.740601</ele>
				<time>2026-06-19T00:54:54Z</time>
			</trkpt>
			<trkpt lat="63.739662" lon="-149.276505">
				<ele>1075.002441</ele>
				<time>2026-06-19T00:54:58Z</time>
			</trkpt>
			<trkpt lat="63.739651" lon="-149.27655">
				<ele>1072.575806</ele>
				<time>2026-06-19T00:55:02Z</time>
			</trkpt>
			<trkpt lat="63.739651" lon="-149.27655">
				<ele>1072.575806</ele>
				<time>2026-06-19T00:55:02Z</time>
			</trkpt>
			<trkpt lat="63.739658" lon="-149.276611">
				<ele>1071.798828</ele>
				<time>2026-06-19T00:55:06Z</time>
			</trkpt>
			<trkpt lat="63.739662" lon="-149.276672">
				<ele>1071.81189</ele>
				<time>2026-06-19T00:55:10Z</time>
			</trkpt>
			<trkpt lat="63.739674" lon="-149.276703">
				<ele>1071.717407</ele>
				<time>2026-06-19T00:55:13Z</time>
			</trkpt>
			<trkpt lat="63.739674" lon="-149.276764">
				<ele>1071.095581</ele>
				<time>2026-06-19T00:55:15Z</time>
			</trkpt>
			<trkpt lat="63.739658" lon="-149.276825">
				<ele>1070.273315</ele>
				<time>2026-06-19T00:55:18Z</time>
			</trkpt>
			<trkpt lat="63.739651" lon="-149.276886">
				<ele>1071.519165</ele>
				<time>2026-06-19T00:55:21Z</time>
			</trkpt>
			<trkpt lat="63.739651" lon="-149.276886">
				<ele>1071.519165</ele>
				<time>2026-06-19T00:55:21Z</time>
			</trkpt>
			<trkpt lat="63.739639" lon="-149.276932">
				<ele>1073.348267</ele>
				<time>2026-06-19T00:55:24Z</time>
			</trkpt>
			<trkpt lat="63.739647" lon="-149.276978">
				<ele>1074.910767</ele>
				<time>2026-06-19T00:55:27Z</time>
			</trkpt>
			<trkpt lat="63.739635" lon="-149.277069">
				<ele>1071.981445</ele>
				<time>2026-06-19T00:55:30Z</time>
			</trkpt>
			<trkpt lat="63.739624" lon="-149.27713">
				<ele>1072.576782</ele>
				<time>2026-06-19T00:55:33Z</time>
			</trkpt>
			<trkpt lat="63.739597" lon="-149.277222">
				<ele>1070.834839</ele>
				<time>2026-06-19T00:55:37Z</time>
			</trkpt>
			<trkpt lat="63.73959" lon="-149.277283">
				<ele>1071.218506</ele>
				<time>2026-06-19T00:55:40Z</time>
			</trkpt>
			<trkpt lat="63.73959" lon="-149.277283">
				<ele>1071.218506</ele>
				<time>2026-06-19T00:55:40Z</time>
			</trkpt>
			<trkpt lat="63.739582" lon="-149.277328">
				<ele>1070.580566</ele>
				<time>2026-06-19T00:55:41Z</time>
			</trkpt>
			<trkpt lat="63.739563" lon="-149.277359">
				<ele>1069.936523</ele>
				<time>2026-06-19T00:55:46Z</time>
			</trkpt>
			<trkpt lat="63.739548" lon="-149.277466">
				<ele>1071.997437</ele>
				<time>2026-06-19T00:55:53Z</time>
			</trkpt>
			<trkpt lat="63.739552" lon="-149.277542">
				<ele>1076.654785</ele>
				<time>2026-06-19T00:56:59Z</time>
			</trkpt>
			<trkpt lat="63.739552" lon="-149.277542">
				<ele>1076.654785</ele>
				<time>2026-06-19T00:56:59Z</time>
			</trkpt>
			<trkpt lat="63.739521" lon="-149.277603">
				<ele>1075.00647</ele>
				<time>2026-06-19T00:57:03Z</time>
			</trkpt>
			<trkpt lat="63.739513" lon="-149.277664">
				<ele>1075.807861</ele>
				<time>2026-06-19T00:57:07Z</time>
			</trkpt>
			<trkpt lat="63.739521" lon="-149.27774">
				<ele>1075.56311</ele>
				<time>2026-06-19T00:57:12Z</time>
			</trkpt>
			<trkpt lat="63.739513" lon="-149.277893">
				<ele>1073.850708</ele>
				<time>2026-06-19T00:57:18Z</time>
			</trkpt>
			<trkpt lat="63.739513" lon="-149.277893">
				<ele>1073.850708</ele>
				<time>2026-06-19T00:57:18Z</time>
			</trkpt>
			<trkpt lat="63.739521" lon="-149.277954">
				<ele>1072.583862</ele>
				<time>2026-06-19T00:57:22Z</time>
			</trkpt>
			<trkpt lat="63.739521" lon="-149.278015">
				<ele>1072.46582</ele>
				<time>2026-06-19T00:57:27Z</time>
			</trkpt>
			<trkpt lat="63.739513" lon="-149.278091">
				<ele>1071.816162</ele>
				<time>2026-06-19T00:57:31Z</time>
			</trkpt>
			<trkpt lat="63.739483" lon="-149.278061">
				<ele>1071.056274</ele>
				<time>2026-06-19T00:57:34Z</time>
			</trkpt>
			<trkpt lat="63.739479" lon="-149.278137">
				<ele>1070.449951</ele>
				<time>2026-06-19T00:57:41Z</time>
			</trkpt>
			<trkpt lat="63.739479" lon="-149.278137">
				<ele>1070.449951</ele>
				<time>2026-06-19T00:57:41Z</time>
			</trkpt>
			<trkpt lat="63.739468" lon="-149.278198">
				<ele>1070.492432</ele>
				<time>2026-06-19T00:57:43Z</time>
			</trkpt>
			<trkpt lat="63.739491" lon="-149.278244">
				<ele>1070.132446</ele>
				<time>2026-06-19T00:57:52Z</time>
			</trkpt>
			<trkpt lat="63.739498" lon="-149.278305">
				<ele>1067.526489</ele>
				<time>2026-06-19T00:58:01Z</time>
			</trkpt>
			<trkpt lat="63.739498" lon="-149.278305">
				<ele>1067.526489</ele>
				<time>2026-06-19T00:58:01Z</time>
			</trkpt>
			<trkpt lat="63.739502" lon="-149.278366">
				<ele>1066.045654</ele>
				<time>2026-06-19T00:58:07Z</time>
			</trkpt>
			<trkpt lat="63.739494" lon="-149.278427">
				<ele>1065.719849</ele>
				<time>2026-06-19T00:58:32Z</time>
			</trkpt>
			<trkpt lat="63.739494" lon="-149.278427">
				<ele>1065.719849</ele>
				<time>2026-06-19T00:58:32Z</time>
			</trkpt>
			<trkpt lat="63.739487" lon="-149.278488">
				<ele>1065.336182</ele>
				<time>2026-06-19T00:58:41Z</time>
			</trkpt>
			<trkpt lat="63.739483" lon="-149.278564">
				<ele>1065.400146</ele>
				<time>2026-06-19T00:58:48Z</time>
			</trkpt>
			<trkpt lat="63.739491" lon="-149.278625">
				<ele>1062.822754</ele>
				<time>2026-06-19T00:58:55Z</time>
			</trkpt>
			<trkpt lat="63.739491" lon="-149.278625">
				<ele>1062.822754</ele>
				<time>2026-06-19T00:58:55Z</time>
			</trkpt>
			<trkpt lat="63.739483" lon="-149.278687">
				<ele>1061.725342</ele>
				<time>2026-06-19T00:59:10Z</time>
			</trkpt>
			<trkpt lat="63.739479" lon="-149.278748">
				<ele>1058.970459</ele>
				<time>2026-06-19T00:59:14Z</time>
			</trkpt>
			<trkpt lat="63.739479" lon="-149.278748">
				<ele>1058.970459</ele>
				<time>2026-06-19T00:59:14Z</time>
			</trkpt>
			<trkpt lat="63.739464" lon="-149.278793">
				<ele>1059.784302</ele>
				<time>2026-06-19T00:59:18Z</time>
			</trkpt>
			<trkpt lat="63.739437" lon="-149.278809">
				<ele>1059.392456</ele>
				<time>2026-06-19T00:59:22Z</time>
			</trkpt>
			<trkpt lat="63.739422" lon="-149.278854">
				<ele>1058.616943</ele>
				<time>2026-06-19T00:59:27Z</time>
			</trkpt>
			<trkpt lat="63.739433" lon="-149.2789">
				<ele>1057.678101</ele>
				<time>2026-06-19T00:59:32Z</time>
			</trkpt>
			<trkpt lat="63.739414" lon="-149.278961">
				<ele>1056.903809</ele>
				<time>2026-06-19T00:59:37Z</time>
			</trkpt>
			<trkpt lat="63.739414" lon="-149.278961">
				<ele>1056.903809</ele>
				<time>2026-06-19T00:59:37Z</time>
			</trkpt>
			<trkpt lat="63.739391" lon="-149.278976">
				<ele>1057.073975</ele>
				<time>2026-06-19T00:59:41Z</time>
			</trkpt>
			<trkpt lat="63.739384" lon="-149.279007">
				<ele>1056.732422</ele>
				<time>2026-06-19T00:59:48Z</time>
			</trkpt>
			<trkpt lat="63.739391" lon="-149.279068">
				<ele>1056.440918</ele>
				<time>2026-06-19T00:59:52Z</time>
			</trkpt>
			<trkpt lat="63.739388" lon="-149.279114">
				<ele>1055.18811</ele>
				<time>2026-06-19T00:59:55Z</time>
			</trkpt>
			<trkpt lat="63.739403" lon="-149.27916">
				<ele>1055.386353</ele>
				<time>2026-06-19T00:59:59Z</time>
			</trkpt>
			<trkpt lat="63.739403" lon="-149.27916">
				<ele>1055.386353</ele>
				<time>2026-06-19T00:59:59Z</time>
			</trkpt>
			<trkpt lat="63.739395" lon="-149.279205">
				<ele>1053.631226</ele>
				<time>2026-06-19T01:00:03Z</time>
			</trkpt>
			<trkpt lat="63.739399" lon="-149.279266">
				<ele>1053.405518</ele>
				<time>2026-06-19T01:00:06Z</time>
			</trkpt>
			<trkpt lat="63.739395" lon="-149.279327">
				<ele>1052.624023</ele>
				<time>2026-06-19T01:00:08Z</time>
			</trkpt>
			<trkpt lat="63.739391" lon="-149.279388">
				<ele>1052.039917</ele>
				<time>2026-06-19T01:00:10Z</time>
			</trkpt>
			<trkpt lat="63.739399" lon="-149.279434">
				<ele>1053.750488</ele>
				<time>2026-06-19T01:00:13Z</time>
			</trkpt>
			<trkpt lat="63.739403" lon="-149.27951">
				<ele>1052.579956</ele>
				<time>2026-06-19T01:00:16Z</time>
			</trkpt>
			<trkpt lat="63.739395" lon="-149.279556">
				<ele>1051.693237</ele>
				<time>2026-06-19T01:00:18Z</time>
			</trkpt>
			<trkpt lat="63.739395" lon="-149.279556">
				<ele>1051.693237</ele>
				<time>2026-06-19T01:00:18Z</time>
			</trkpt>
			<trkpt lat="63.739391" lon="-149.279602">
				<ele>1053.172852</ele>
				<time>2026-06-19T01:00:21Z</time>
			</trkpt>
			<trkpt lat="63.739399" lon="-149.279709">
				<ele>1051.891113</ele>
				<time>2026-06-19T01:00:26Z</time>
			</trkpt>
			<trkpt lat="63.739407" lon="-149.27977">
				<ele>1051.859863</ele>
				<time>2026-06-19T01:00:29Z</time>
			</trkpt>
			<trkpt lat="63.739399" lon="-149.279877">
				<ele>1052.969604</ele>
				<time>2026-06-19T01:00:37Z</time>
			</trkpt>
			<trkpt lat="63.739399" lon="-149.279877">
				<ele>1052.969604</ele>
				<time>2026-06-19T01:00:37Z</time>
			</trkpt>
			<trkpt lat="63.739391" lon="-149.279938">
				<ele>1052.764648</ele>
				<time>2026-06-19T01:00:44Z</time>
			</trkpt>
			<trkpt lat="63.739395" lon="-149.279984">
				<ele>1051.478271</ele>
				<time>2026-06-19T01:00:48Z</time>
			</trkpt>
			<trkpt lat="63.739414" lon="-149.280029">
				<ele>1051.643921</ele>
				<time>2026-06-19T01:00:52Z</time>
			</trkpt>
			<trkpt lat="63.739426" lon="-149.279968">
				<ele>1048.219116</ele>
				<time>2026-06-19T01:00:58Z</time>
			</trkpt>
			<trkpt lat="63.739426" lon="-149.279968">
				<ele>1048.219116</ele>
				<time>2026-06-19T01:00:58Z</time>
			</trkpt>
			<trkpt lat="63.739445" lon="-149.279922">
				<ele>1048.109741</ele>
				<time>2026-06-19T01:01:01Z</time>
			</trkpt>
			<trkpt lat="63.739449" lon="-149.279846">
				<ele>1047.517212</ele>
				<time>2026-06-19T01:01:04Z</time>
			</trkpt>
			<trkpt lat="63.739449" lon="-149.279785">
				<ele>1046.837402</ele>
				<time>2026-06-19T01:01:07Z</time>
			</trkpt>
			<trkpt lat="63.739475" lon="-149.27977">
				<ele>1045.84668</ele>
				<time>2026-06-19T01:01:12Z</time>
			</trkpt>
			<trkpt lat="63.739491" lon="-149.279816">
				<ele>1045.674438</ele>
				<time>2026-06-19T01:01:16Z</time>
			</trkpt>
			<trkpt lat="63.739498" lon="-149.279892">
				<ele>1044.806274</ele>
				<time>2026-06-19T01:01:22Z</time>
			</trkpt>
			<trkpt lat="63.739498" lon="-149.279892">
				<ele>1044.806274</ele>
				<time>2026-06-19T01:01:22Z</time>
			</trkpt>
			<trkpt lat="63.739513" lon="-149.279938">
				<ele>1043.995117</ele>
				<time>2026-06-19T01:01:27Z</time>
			</trkpt>
			<trkpt lat="63.739532" lon="-149.279922">
				<ele>1040.921997</ele>
				<time>2026-06-19T01:01:35Z</time>
			</trkpt>
			<trkpt lat="63.739578" lon="-149.279831">
				<ele>1038.878662</ele>
				<time>2026-06-19T01:03:36Z</time>
			</trkpt>
			<trkpt lat="63.739578" lon="-149.279831">
				<ele>1038.878662</ele>
				<time>2026-06-19T01:03:36Z</time>
			</trkpt>
			<trkpt lat="63.739601" lon="-149.279938">
				<ele>1036.492065</ele>
				<time>2026-06-19T01:03:45Z</time>
			</trkpt>
			<trkpt lat="63.739605" lon="-149.280029">
				<ele>1035.739136</ele>
				<time>2026-06-19T01:03:50Z</time>
			</trkpt>
			<trkpt lat="63.739643" lon="-149.280029">
				<ele>1032.507202</ele>
				<time>2026-06-19T01:04:00Z</time>
			</trkpt>
			<trkpt lat="63.739643" lon="-149.280029">
				<ele>1032.507202</ele>
				<time>2026-06-19T01:04:00Z</time>
			</trkpt>
			<trkpt lat="63.739674" lon="-149.279968">
				<ele>1032.000854</ele>
				<time>2026-06-19T01:04:03Z</time>
			</trkpt>
			<trkpt lat="63.739693" lon="-149.279892">
				<ele>1031.280518</ele>
				<time>2026-06-19T01:04:06Z</time>
			</trkpt>
			<trkpt lat="63.739719" lon="-149.279861">
				<ele>1030.252075</ele>
				<time>2026-06-19T01:04:09Z</time>
			</trkpt>
			<trkpt lat="63.739765" lon="-149.279755">
				<ele>1026.949829</ele>
				<time>2026-06-19T01:04:16Z</time>
			</trkpt>
			<trkpt lat="63.739765" lon="-149.279831">
				<ele>1024.470947</ele>
				<time>2026-06-19T01:04:23Z</time>
			</trkpt>
			<trkpt lat="63.739765" lon="-149.279831">
				<ele>1024.470947</ele>
				<time>2026-06-19T01:04:23Z</time>
			</trkpt>
			<trkpt lat="63.739761" lon="-149.279892">
				<ele>1022.621338</ele>
				<time>2026-06-19T01:04:28Z</time>
			</trkpt>
			<trkpt lat="63.739765" lon="-149.279968">
				<ele>1021.847595</ele>
				<time>2026-06-19T01:04:34Z</time>
			</trkpt>
			<trkpt lat="63.739761" lon="-149.280029">
				<ele>1019.34668</ele>
				<time>2026-06-19T01:04:38Z</time>
			</trkpt>
			<trkpt lat="63.739758" lon="-149.28009">
				<ele>1017.653809</ele>
				<time>2026-06-19T01:04:42Z</time>
			</trkpt>
			<trkpt lat="63.739758" lon="-149.28009">
				<ele>1017.653809</ele>
				<time>2026-06-19T01:04:42Z</time>
			</trkpt>
			<trkpt lat="63.739754" lon="-149.280151">
				<ele>1017.304749</ele>
				<time>2026-06-19T01:04:46Z</time>
			</trkpt>
			<trkpt lat="63.739788" lon="-149.280136">
				<ele>1016.870667</ele>
				<time>2026-06-19T01:04:52Z</time>
			</trkpt>
			<trkpt lat="63.739807" lon="-149.280106">
				<ele>1016.139893</ele>
				<time>2026-06-19T01:04:56Z</time>
			</trkpt>
			<trkpt lat="63.739834" lon="-149.28006">
				<ele>1015.36969</ele>
				<time>2026-06-19T01:05:02Z</time>
			</trkpt>
			<trkpt lat="63.739834" lon="-149.28006">
				<ele>1015.36969</ele>
				<time>2026-06-19T01:05:02Z</time>
			</trkpt>
			<trkpt lat="63.739857" lon="-149.280014">
				<ele>1014.140747</ele>
				<time>2026-06-19T01:05:08Z</time>
			</trkpt>
			<trkpt lat="63.739864" lon="-149.280136">
				<ele>1011.750549</ele>
				<time>2026-06-19T01:05:17Z</time>
			</trkpt>
			<trkpt lat="63.739876" lon="-149.280197">
				<ele>1011.44104</ele>
				<time>2026-06-19T01:05:21Z</time>
			</trkpt>
			<trkpt lat="63.739876" lon="-149.280197">
				<ele>1011.44104</ele>
				<time>2026-06-19T01:05:21Z</time>
			</trkpt>
			<trkpt lat="63.739902" lon="-149.280197">
				<ele>1009.41333</ele>
				<time>2026-06-19T01:05:30Z</time>
			</trkpt>
			<trkpt lat="63.739925" lon="-149.280151">
				<ele>1008.322815</ele>
				<time>2026-06-19T01:05:34Z</time>
			</trkpt>
			<trkpt lat="63.739967" lon="-149.28006">
				<ele>1007.394958</ele>
				<time>2026-06-19T01:05:43Z</time>
			</trkpt>
			<trkpt lat="63.739967" lon="-149.28006">
				<ele>1007.394958</ele>
				<time>2026-06-19T01:05:43Z</time>
			</trkpt>
			<trkpt lat="63.739983" lon="-149.280014">
				<ele>1006.793396</ele>
				<time>2026-06-19T01:05:45Z</time>
			</trkpt>
			<trkpt lat="63.740005" lon="-149.279953">
				<ele>1005.24646</ele>
				<time>2026-06-19T01:05:48Z</time>
			</trkpt>
			<trkpt lat="63.740032" lon="-149.279922">
				<ele>1004.558899</ele>
				<time>2026-06-19T01:05:52Z</time>
			</trkpt>
			<trkpt lat="63.740055" lon="-149.279892">
				<ele>1004.388306</ele>
				<time>2026-06-19T01:05:55Z</time>
			</trkpt>
			<trkpt lat="63.740059" lon="-149.279984">
				<ele>1001.923218</ele>
				<time>2026-06-19T01:06:04Z</time>
			</trkpt>
			<trkpt lat="63.740059" lon="-149.279984">
				<ele>1001.923218</ele>
				<time>2026-06-19T01:06:04Z</time>
			</trkpt>
			<trkpt lat="63.740051" lon="-149.280045">
				<ele>1000.040039</ele>
				<time>2026-06-19T01:06:09Z</time>
			</trkpt>
			<trkpt lat="63.740055" lon="-149.280121">
				<ele>998.87915</ele>
				<time>2026-06-19T01:06:14Z</time>
			</trkpt>
			<trkpt lat="63.740059" lon="-149.280197">
				<ele>998.825378</ele>
				<time>2026-06-19T01:06:32Z</time>
			</trkpt>
			<trkpt lat="63.740059" lon="-149.280197">
				<ele>998.825378</ele>
				<time>2026-06-19T01:06:32Z</time>
			</trkpt>
			<trkpt lat="63.740089" lon="-149.280167">
				<ele>996.616333</ele>
				<time>2026-06-19T01:06:45Z</time>
			</trkpt>
			<trkpt lat="63.740116" lon="-149.280106">
				<ele>997.38916</ele>
				<time>2026-06-19T01:06:49Z</time>
			</trkpt>
			<trkpt lat="63.740139" lon="-149.280075">
				<ele>996.242126</ele>
				<time>2026-06-19T01:06:52Z</time>
			</trkpt>
			<trkpt lat="63.740139" lon="-149.280075">
				<ele>996.242126</ele>
				<time>2026-06-19T01:06:52Z</time>
			</trkpt>
			<trkpt lat="63.740154" lon="-149.280029">
				<ele>995.46875</ele>
				<time>2026-06-19T01:06:55Z</time>
			</trkpt>
			<trkpt lat="63.740181" lon="-149.28006">
				<ele>992.506958</ele>
				<time>2026-06-19T01:07:05Z</time>
			</trkpt>
			<trkpt lat="63.740177" lon="-149.280121">
				<ele>991.007874</ele>
				<time>2026-06-19T01:07:11Z</time>
			</trkpt>
			<trkpt lat="63.740177" lon="-149.280121">
				<ele>991.007874</ele>
				<time>2026-06-19T01:07:11Z</time>
			</trkpt>
			<trkpt lat="63.740177" lon="-149.280197">
				<ele>990.607849</ele>
				<time>2026-06-19T01:07:14Z</time>
			</trkpt>
			<trkpt lat="63.740181" lon="-149.280289">
				<ele>990.225647</ele>
				<time>2026-06-19T01:07:21Z</time>
			</trkpt>
			<trkpt lat="63.74017" lon="-149.280365">
				<ele>988.630493</ele>
				<time>2026-06-19T01:07:25Z</time>
			</trkpt>
			<trkpt lat="63.740162" lon="-149.280441">
				<ele>986.289429</ele>
				<time>2026-06-19T01:07:30Z</time>
			</trkpt>
			<trkpt lat="63.740162" lon="-149.280441">
				<ele>986.289429</ele>
				<time>2026-06-19T01:07:30Z</time>
			</trkpt>
			<trkpt lat="63.74015" lon="-149.280502">
				<ele>985.088806</ele>
				<time>2026-06-19T01:07:36Z</time>
			</trkpt>
			<trkpt lat="63.740143" lon="-149.280594">
				<ele>982.654724</ele>
				<time>2026-06-19T01:07:49Z</time>
			</trkpt>
			<trkpt lat="63.740173" lon="-149.280548">
				<ele>982.152222</ele>
				<time>2026-06-19T01:07:56Z</time>
			</trkpt>
			<trkpt lat="63.740173" lon="-149.280548">
				<ele>982.152222</ele>
				<time>2026-06-19T01:07:56Z</time>
			</trkpt>
			<trkpt lat="63.740181" lon="-149.280487">
				<ele>983.34137</ele>
				<time>2026-06-19T01:08:00Z</time>
			</trkpt>
			<trkpt lat="63.740196" lon="-149.280426">
				<ele>983.634888</ele>
				<time>2026-06-19T01:08:05Z</time>
			</trkpt>
			<trkpt lat="63.740215" lon="-149.28038">
				<ele>982.822815</ele>
				<time>2026-06-19T01:08:10Z</time>
			</trkpt>
			<trkpt lat="63.740242" lon="-149.28035">
				<ele>983.203003</ele>
				<time>2026-06-19T01:08:13Z</time>
			</trkpt>
			<trkpt lat="63.740261" lon="-149.280304">
				<ele>983.128784</ele>
				<time>2026-06-19T01:08:17Z</time>
			</trkpt>
			<trkpt lat="63.740261" lon="-149.280304">
				<ele>983.128784</ele>
				<time>2026-06-19T01:08:17Z</time>
			</trkpt>
			<trkpt lat="63.740284" lon="-149.280273">
				<ele>981.852722</ele>
				<time>2026-06-19T01:08:29Z</time>
			</trkpt>
			<trkpt lat="63.740314" lon="-149.280273">
				<ele>982.083618</ele>
				<time>2026-06-19T01:08:34Z</time>
			</trkpt>
			<trkpt lat="63.740341" lon="-149.280334">
				<ele>980.990417</ele>
				<time>2026-06-19T01:08:38Z</time>
			</trkpt>
			<trkpt lat="63.740341" lon="-149.280334">
				<ele>980.990417</ele>
				<time>2026-06-19T01:08:38Z</time>
			</trkpt>
			<trkpt lat="63.740334" lon="-149.280396">
				<ele>980.320984</ele>
				<time>2026-06-19T01:08:43Z</time>
			</trkpt>
			<trkpt lat="63.740322" lon="-149.280472">
				<ele>978.392883</ele>
				<time>2026-06-19T01:08:48Z</time>
			</trkpt>
			<trkpt lat="63.740314" lon="-149.280548">
				<ele>977.362915</ele>
				<time>2026-06-19T01:08:53Z</time>
			</trkpt>
			<trkpt lat="63.740299" lon="-149.280609">
				<ele>974.670837</ele>
				<time>2026-06-19T01:09:02Z</time>
			</trkpt>
			<trkpt lat="63.740299" lon="-149.280609">
				<ele>974.670837</ele>
				<time>2026-06-19T01:09:02Z</time>
			</trkpt>
			<trkpt lat="63.74033" lon="-149.280624">
				<ele>972.063171</ele>
				<time>2026-06-19T01:09:15Z</time>
			</trkpt>
			<trkpt lat="63.740345" lon="-149.28067">
				<ele>971.953979</ele>
				<time>2026-06-19T01:09:19Z</time>
			</trkpt>
			<trkpt lat="63.740334" lon="-149.280762">
				<ele>970.653259</ele>
				<time>2026-06-19T01:09:23Z</time>
			</trkpt>
			<trkpt lat="63.740334" lon="-149.280762">
				<ele>970.653259</ele>
				<time>2026-06-19T01:09:23Z</time>
			</trkpt>
			<trkpt lat="63.740337" lon="-149.280823">
				<ele>970.040405</ele>
				<time>2026-06-19T01:09:27Z</time>
			</trkpt>
			<trkpt lat="63.740326" lon="-149.280899">
				<ele>970.069397</ele>
				<time>2026-06-19T01:09:31Z</time>
			</trkpt>
			<trkpt lat="63.740311" lon="-149.28096">
				<ele>968.190552</ele>
				<time>2026-06-19T01:09:34Z</time>
			</trkpt>
			<trkpt lat="63.740307" lon="-149.281021">
				<ele>968.302124</ele>
				<time>2026-06-19T01:09:37Z</time>
			</trkpt>
			<trkpt lat="63.740292" lon="-149.281067">
				<ele>968.885864</ele>
				<time>2026-06-19T01:09:39Z</time>
			</trkpt>
			<trkpt lat="63.740295" lon="-149.281128">
				<ele>969.682434</ele>
				<time>2026-06-19T01:09:43Z</time>
			</trkpt>
			<trkpt lat="63.740295" lon="-149.281128">
				<ele>969.682434</ele>
				<time>2026-06-19T01:09:43Z</time>
			</trkpt>
			<trkpt lat="63.740292" lon="-149.281189">
				<ele>967.491821</ele>
				<time>2026-06-19T01:09:45Z</time>
			</trkpt>
			<trkpt lat="63.740276" lon="-149.281235">
				<ele>967.877991</ele>
				<time>2026-06-19T01:09:48Z</time>
			</trkpt>
			<trkpt lat="63.740273" lon="-149.281296">
				<ele>966.067871</ele>
				<time>2026-06-19T01:09:53Z</time>
			</trkpt>
			<trkpt lat="63.740269" lon="-149.281372">
				<ele>965.458801</ele>
				<time>2026-06-19T01:09:56Z</time>
			</trkpt>
			<trkpt lat="63.740257" lon="-149.281448">
				<ele>965.121399</ele>
				<time>2026-06-19T01:09:59Z</time>
			</trkpt>
			<trkpt lat="63.740253" lon="-149.281509">
				<ele>965.352722</ele>
				<time>2026-06-19T01:10:02Z</time>
			</trkpt>
			<trkpt lat="63.740253" lon="-149.281509">
				<ele>965.352722</ele>
				<time>2026-06-19T01:10:02Z</time>
			</trkpt>
			<trkpt lat="63.740238" lon="-149.28157">
				<ele>964.809143</ele>
				<time>2026-06-19T01:10:05Z</time>
			</trkpt>
			<trkpt lat="63.740231" lon="-149.281616">
				<ele>964.144592</ele>
				<time>2026-06-19T01:10:07Z</time>
			</trkpt>
			<trkpt lat="63.740219" lon="-149.281677">
				<ele>964.619934</ele>
				<time>2026-06-19T01:10:09Z</time>
			</trkpt>
			<trkpt lat="63.740215" lon="-149.281738">
				<ele>964.808289</ele>
				<time>2026-06-19T01:10:12Z</time>
			</trkpt>
			<trkpt lat="63.7402" lon="-149.281784">
				<ele>963.747009</ele>
				<time>2026-06-19T01:10:15Z</time>
			</trkpt>
			<trkpt lat="63.740185" lon="-149.281876">
				<ele>962.274292</ele>
				<time>2026-06-19T01:10:19Z</time>
			</trkpt>
			<trkpt lat="63.740173" lon="-149.281921">
				<ele>962.658203</ele>
				<time>2026-06-19T01:10:21Z</time>
			</trkpt>
			<trkpt lat="63.740173" lon="-149.281921">
				<ele>962.658203</ele>
				<time>2026-06-19T01:10:21Z</time>
			</trkpt>
			<trkpt lat="63.74017" lon="-149.281982">
				<ele>961.767273</ele>
				<time>2026-06-19T01:10:23Z</time>
			</trkpt>
			<trkpt lat="63.740154" lon="-149.282043">
				<ele>959.0271</ele>
				<time>2026-06-19T01:10:27Z</time>
			</trkpt>
			<trkpt lat="63.740143" lon="-149.282089">
				<ele>960.204224</ele>
				<time>2026-06-19T01:10:30Z</time>
			</trkpt>
			<trkpt lat="63.740128" lon="-149.28215">
				<ele>958.922852</ele>
				<time>2026-06-19T01:10:33Z</time>
			</trkpt>
			<trkpt lat="63.740105" lon="-149.282257">
				<ele>955.147766</ele>
				<time>2026-06-19T01:10:42Z</time>
			</trkpt>
			<trkpt lat="63.740105" lon="-149.282257">
				<ele>955.147766</ele>
				<time>2026-06-19T01:10:42Z</time>
			</trkpt>
			<trkpt lat="63.740082" lon="-149.282303">
				<ele>952.259521</ele>
				<time>2026-06-19T01:10:49Z</time>
			</trkpt>
			<trkpt lat="63.74007" lon="-149.282364">
				<ele>952.877625</ele>
				<time>2026-06-19T01:10:54Z</time>
			</trkpt>
			<trkpt lat="63.74007" lon="-149.28244">
				<ele>952.130432</ele>
				<time>2026-06-19T01:11:08Z</time>
			</trkpt>
			<trkpt lat="63.74007" lon="-149.28244">
				<ele>952.130432</ele>
				<time>2026-06-19T01:11:08Z</time>
			</trkpt>
			<trkpt lat="63.740044" lon="-149.282501">
				<ele>951.42749</ele>
				<time>2026-06-19T01:11:20Z</time>
			</trkpt>
			<trkpt lat="63.740036" lon="-149.282578">
				<ele>949.541199</ele>
				<time>2026-06-19T01:11:30Z</time>
			</trkpt>
			<trkpt lat="63.740036" lon="-149.282578">
				<ele>949.541199</ele>
				<time>2026-06-19T01:11:30Z</time>
			</trkpt>
			<trkpt lat="63.740013" lon="-149.282669">
				<ele>948.647461</ele>
				<time>2026-06-19T01:11:46Z</time>
			</trkpt>
			<trkpt lat="63.739986" lon="-149.282715">
				<ele>947.833557</ele>
				<time>2026-06-19T01:11:50Z</time>
			</trkpt>
			<trkpt lat="63.739986" lon="-149.282715">
				<ele>947.833557</ele>
				<time>2026-06-19T01:11:50Z</time>
			</trkpt>
			<trkpt lat="63.739948" lon="-149.282852">
				<ele>944.757019</ele>
				<time>2026-06-19T01:12:05Z</time>
			</trkpt>
			<trkpt lat="63.739933" lon="-149.282913">
				<ele>944.384888</ele>
				<time>2026-06-19T01:12:15Z</time>
			</trkpt>
			<trkpt lat="63.739933" lon="-149.282913">
				<ele>944.384888</ele>
				<time>2026-06-19T01:12:15Z</time>
			</trkpt>
			<trkpt lat="63.739922" lon="-149.28299">
				<ele>946.032654</ele>
				<time>2026-06-19T01:12:22Z</time>
			</trkpt>
			<trkpt lat="63.739937" lon="-149.283051">
				<ele>948.720459</ele>
				<time>2026-06-19T01:12:39Z</time>
			</trkpt>
			<trkpt lat="63.739937" lon="-149.283051">
				<ele>948.720459</ele>
				<time>2026-06-19T01:12:39Z</time>
			</trkpt>
			<trkpt lat="63.739994" lon="-149.283081">
				<ele>944.665466</ele>
				<time>2026-06-19T01:16:25Z</time>
			</trkpt>
			<trkpt lat="63.739994" lon="-149.283081">
				<ele>944.665466</ele>
				<time>2026-06-19T01:16:25Z</time>
			</trkpt>
			<trkpt lat="63.73999" lon="-149.283188">
				<ele>939.93811</ele>
				<time>2026-06-19T01:17:02Z</time>
			</trkpt>
			<trkpt lat="63.73999" lon="-149.283188">
				<ele>939.93811</ele>
				<time>2026-06-19T01:17:02Z</time>
			</trkpt>
			<trkpt lat="63.74004" lon="-149.283279">
				<ele>931.579773</ele>
				<time>2026-06-19T01:18:26Z</time>
			</trkpt>
			<trkpt lat="63.74004" lon="-149.283279">
				<ele>931.579773</ele>
				<time>2026-06-19T01:18:26Z</time>
			</trkpt>
			<trkpt lat="63.740078" lon="-149.283279">
				<ele>930.276062</ele>
				<time>2026-06-19T01:18:55Z</time>
			</trkpt>
			<trkpt lat="63.740078" lon="-149.283279">
				<ele>930.276062</ele>
				<time>2026-06-19T01:18:55Z</time>
			</trkpt>
			<trkpt lat="63.740101" lon="-149.28334">
				<ele>929.712219</ele>
				<time>2026-06-19T01:19:07Z</time>
			</trkpt>
			<trkpt lat="63.740086" lon="-149.283478">
				<ele>923.422668</ele>
				<time>2026-06-19T01:20:39Z</time>
			</trkpt>
			<trkpt lat="63.740086" lon="-149.283478">
				<ele>923.422668</ele>
				<time>2026-06-19T01:20:39Z</time>
			</trkpt>
			<trkpt lat="63.74007" lon="-149.2836">
				<ele>920.879333</ele>
				<time>2026-06-19T01:20:46Z</time>
			</trkpt>
			<trkpt lat="63.740063" lon="-149.283707">
				<ele>918.209717</ele>
				<time>2026-06-19T01:20:54Z</time>
			</trkpt>
			<trkpt lat="63.740059" lon="-149.283813">
				<ele>917.164063</ele>
				<time>2026-06-19T01:21:01Z</time>
			</trkpt>
			<trkpt lat="63.740059" lon="-149.283813">
				<ele>917.164063</ele>
				<time>2026-06-19T01:21:01Z</time>
			</trkpt>
			<trkpt lat="63.740059" lon="-149.28389">
				<ele>917.078003</ele>
				<time>2026-06-19T01:21:08Z</time>
			</trkpt>
			<trkpt lat="63.740067" lon="-149.283981">
				<ele>916.908447</ele>
				<time>2026-06-19T01:21:14Z</time>
			</trkpt>
			<trkpt lat="63.740055" lon="-149.284042">
				<ele>914.616882</ele>
				<time>2026-06-19T01:21:20Z</time>
			</trkpt>
			<trkpt lat="63.740055" lon="-149.284042">
				<ele>914.616882</ele>
				<time>2026-06-19T01:21:20Z</time>
			</trkpt>
			<trkpt lat="63.740055" lon="-149.284119">
				<ele>912.59021</ele>
				<time>2026-06-19T01:21:27Z</time>
			</trkpt>
			<trkpt lat="63.740055" lon="-149.284195">
				<ele>910.934143</ele>
				<time>2026-06-19T01:21:32Z</time>
			</trkpt>
			<trkpt lat="63.740055" lon="-149.284256">
				<ele>910.470459</ele>
				<time>2026-06-19T01:21:36Z</time>
			</trkpt>
			<trkpt lat="63.740074" lon="-149.284302">
				<ele>911.438232</ele>
				<time>2026-06-19T01:21:40Z</time>
			</trkpt>
			<trkpt lat="63.740074" lon="-149.284302">
				<ele>911.438232</ele>
				<time>2026-06-19T01:21:40Z</time>
			</trkpt>
			<trkpt lat="63.740051" lon="-149.284348">
				<ele>908.997437</ele>
				<time>2026-06-19T01:21:43Z</time>
			</trkpt>
			<trkpt lat="63.740055" lon="-149.284409">
				<ele>907.426758</ele>
				<time>2026-06-19T01:21:48Z</time>
			</trkpt>
			<trkpt lat="63.740044" lon="-149.284485">
				<ele>904.001831</ele>
				<time>2026-06-19T01:21:56Z</time>
			</trkpt>
			<trkpt lat="63.740051" lon="-149.284546">
				<ele>903.847839</ele>
				<time>2026-06-19T01:22:02Z</time>
			</trkpt>
			<trkpt lat="63.740051" lon="-149.284546">
				<ele>903.847839</ele>
				<time>2026-06-19T01:22:02Z</time>
			</trkpt>
			<trkpt lat="63.740047" lon="-149.284622">
				<ele>901.979492</ele>
				<time>2026-06-19T01:22:06Z</time>
			</trkpt>
			<trkpt lat="63.740051" lon="-149.284683">
				<ele>902.539673</ele>
				<time>2026-06-19T01:22:10Z</time>
			</trkpt>
			<trkpt lat="63.740047" lon="-149.28476">
				<ele>900.932922</ele>
				<time>2026-06-19T01:22:16Z</time>
			</trkpt>
			<trkpt lat="63.740047" lon="-149.284821">
				<ele>898.27655</ele>
				<time>2026-06-19T01:22:21Z</time>
			</trkpt>
			<trkpt lat="63.740047" lon="-149.284821">
				<ele>898.27655</ele>
				<time>2026-06-19T01:22:21Z</time>
			</trkpt>
			<trkpt lat="63.740047" lon="-149.284912">
				<ele>898.680481</ele>
				<time>2026-06-19T01:22:26Z</time>
			</trkpt>
			<trkpt lat="63.740047" lon="-149.284973">
				<ele>897.089294</ele>
				<time>2026-06-19T01:22:32Z</time>
			</trkpt>
			<trkpt lat="63.740028" lon="-149.285034">
				<ele>896.78241</ele>
				<time>2026-06-19T01:22:36Z</time>
			</trkpt>
			<trkpt lat="63.740013" lon="-149.28511">
				<ele>895.60437</ele>
				<time>2026-06-19T01:22:40Z</time>
			</trkpt>
			<trkpt lat="63.740013" lon="-149.28511">
				<ele>895.60437</ele>
				<time>2026-06-19T01:22:40Z</time>
			</trkpt>
			<trkpt lat="63.739994" lon="-149.285156">
				<ele>895.279114</ele>
				<time>2026-06-19T01:22:42Z</time>
			</trkpt>
			<trkpt lat="63.739971" lon="-149.285202">
				<ele>894.80127</ele>
				<time>2026-06-19T01:22:45Z</time>
			</trkpt>
			<trkpt lat="63.73996" lon="-149.285263">
				<ele>894.896423</ele>
				<time>2026-06-19T01:22:47Z</time>
			</trkpt>
			<trkpt lat="63.739929" lon="-149.285309">
				<ele>894.129395</ele>
				<time>2026-06-19T01:22:50Z</time>
			</trkpt>
			<trkpt lat="63.73991" lon="-149.285355">
				<ele>894.352661</ele>
				<time>2026-06-19T01:22:54Z</time>
			</trkpt>
			<trkpt lat="63.739887" lon="-149.2854">
				<ele>894.20697</ele>
				<time>2026-06-19T01:22:57Z</time>
			</trkpt>
			<trkpt lat="63.739864" lon="-149.285431">
				<ele>892.615906</ele>
				<time>2026-06-19T01:22:59Z</time>
			</trkpt>
			<trkpt lat="63.739864" lon="-149.285431">
				<ele>892.615906</ele>
				<time>2026-06-19T01:22:59Z</time>
			</trkpt>
			<trkpt lat="63.739822" lon="-149.285522">
				<ele>889.843689</ele>
				<time>2026-06-19T01:23:04Z</time>
			</trkpt>
			<trkpt lat="63.739796" lon="-149.285583">
				<ele>887.392029</ele>
				<time>2026-06-19T01:23:08Z</time>
			</trkpt>
			<trkpt lat="63.739769" lon="-149.285614">
				<ele>887.673767</ele>
				<time>2026-06-19T01:23:11Z</time>
			</trkpt>
			<trkpt lat="63.739738" lon="-149.285645">
				<ele>887.335876</ele>
				<time>2026-06-19T01:23:14Z</time>
			</trkpt>
			<trkpt lat="63.739708" lon="-149.28566">
				<ele>888.354248</ele>
				<time>2026-06-19T01:23:17Z</time>
			</trkpt>
			<trkpt lat="63.739677" lon="-149.28569">
				<ele>886.855225</ele>
				<time>2026-06-19T01:23:20Z</time>
			</trkpt>
			<trkpt lat="63.739677" lon="-149.28569">
				<ele>886.855225</ele>
				<time>2026-06-19T01:23:20Z</time>
			</trkpt>
			<trkpt lat="63.739628" lon="-149.285751">
				<ele>884.788147</ele>
				<time>2026-06-19T01:23:26Z</time>
			</trkpt>
			<trkpt lat="63.739601" lon="-149.285797">
				<ele>883.890869</ele>
				<time>2026-06-19T01:23:29Z</time>
			</trkpt>
			<trkpt lat="63.739574" lon="-149.285843">
				<ele>886.615479</ele>
				<time>2026-06-19T01:23:32Z</time>
			</trkpt>
			<trkpt lat="63.739544" lon="-149.285858">
				<ele>885.449097</ele>
				<time>2026-06-19T01:23:35Z</time>
			</trkpt>
			<trkpt lat="63.73951" lon="-149.285904">
				<ele>884.258423</ele>
				<time>2026-06-19T01:23:38Z</time>
			</trkpt>
			<trkpt lat="63.739479" lon="-149.28595">
				<ele>885.849731</ele>
				<time>2026-06-19T01:23:41Z</time>
			</trkpt>
			<trkpt lat="63.739479" lon="-149.28595">
				<ele>885.849731</ele>
				<time>2026-06-19T01:23:41Z</time>
			</trkpt>
			<trkpt lat="63.739449" lon="-149.28595">
				<ele>883.230957</ele>
				<time>2026-06-19T01:23:53Z</time>
			</trkpt>
			<trkpt lat="63.739414" lon="-149.285995">
				<ele>884.523621</ele>
				<time>2026-06-19T01:24:49Z</time>
			</trkpt>
			<trkpt lat="63.739414" lon="-149.285995">
				<ele>884.523621</ele>
				<time>2026-06-19T01:24:49Z</time>
			</trkpt>
			<trkpt lat="63.739384" lon="-149.286011">
				<ele>883.172058</ele>
				<time>2026-06-19T01:24:53Z</time>
			</trkpt>
			<trkpt lat="63.739357" lon="-149.286041">
				<ele>883.293518</ele>
				<time>2026-06-19T01:24:56Z</time>
			</trkpt>
			<trkpt lat="63.739326" lon="-149.286087">
				<ele>882.833313</ele>
				<time>2026-06-19T01:24:59Z</time>
			</trkpt>
			<trkpt lat="63.7393" lon="-149.286133">
				<ele>881.033936</ele>
				<time>2026-06-19T01:25:01Z</time>
			</trkpt>
			<trkpt lat="63.739281" lon="-149.286179">
				<ele>882.052063</ele>
				<time>2026-06-19T01:25:03Z</time>
			</trkpt>
			<trkpt lat="63.739262" lon="-149.28624">
				<ele>882.172546</ele>
				<time>2026-06-19T01:25:06Z</time>
			</trkpt>
			<trkpt lat="63.739235" lon="-149.28627">
				<ele>880.816956</ele>
				<time>2026-06-19T01:25:09Z</time>
			</trkpt>
			<trkpt lat="63.739235" lon="-149.28627">
				<ele>880.816956</ele>
				<time>2026-06-19T01:25:09Z</time>
			</trkpt>
			<trkpt lat="63.739265" lon="-149.286316">
				<ele>880.845276</ele>
				<time>2026-06-19T01:25:40Z</time>
			</trkpt>
			<trkpt lat="63.739265" lon="-149.286316">
				<ele>880.845276</ele>
				<time>2026-06-19T01:25:40Z</time>
			</trkpt>
			<trkpt lat="63.739292" lon="-149.286331">
				<ele>878.941895</ele>
				<time>2026-06-19T01:25:45Z</time>
			</trkpt>
			<trkpt lat="63.739319" lon="-149.286362">
				<ele>878.746826</ele>
				<time>2026-06-19T01:25:48Z</time>
			</trkpt>
			<trkpt lat="63.739334" lon="-149.286423">
				<ele>876.558838</ele>
				<time>2026-06-19T01:25:53Z</time>
			</trkpt>
			<trkpt lat="63.739357" lon="-149.286453">
				<ele>875.4729</ele>
				<time>2026-06-19T01:26:03Z</time>
			</trkpt>
			<trkpt lat="63.739357" lon="-149.286453">
				<ele>875.4729</ele>
				<time>2026-06-19T01:26:03Z</time>
			</trkpt>
			<trkpt lat="63.739391" lon="-149.286499">
				<ele>874.998352</ele>
				<time>2026-06-19T01:26:06Z</time>
			</trkpt>
			<trkpt lat="63.739418" lon="-149.28653">
				<ele>875.802002</ele>
				<time>2026-06-19T01:26:09Z</time>
			</trkpt>
			<trkpt lat="63.739441" lon="-149.286545">
				<ele>875.984558</ele>
				<time>2026-06-19T01:26:13Z</time>
			</trkpt>
			<trkpt lat="63.739475" lon="-149.286545">
				<ele>876.03772</ele>
				<time>2026-06-19T01:26:16Z</time>
			</trkpt>
			<trkpt lat="63.739525" lon="-149.286591">
				<ele>874.871582</ele>
				<time>2026-06-19T01:26:22Z</time>
			</trkpt>
			<trkpt lat="63.739525" lon="-149.286591">
				<ele>874.871582</ele>
				<time>2026-06-19T01:26:22Z</time>
			</trkpt>
			<trkpt lat="63.739552" lon="-149.286621">
				<ele>874.240967</ele>
				<time>2026-06-19T01:26:25Z</time>
			</trkpt>
			<trkpt lat="63.739578" lon="-149.286636">
				<ele>874.212524</ele>
				<time>2026-06-19T01:26:28Z</time>
			</trkpt>
			<trkpt lat="63.739605" lon="-149.286652">
				<ele>872.288818</ele>
				<time>2026-06-19T01:26:31Z</time>
			</trkpt>
			<trkpt lat="63.739624" lon="-149.286682">
				<ele>871.611267</ele>
				<time>2026-06-19T01:26:34Z</time>
			</trkpt>
			<trkpt lat="63.739662" lon="-149.286697">
				<ele>870.218628</ele>
				<time>2026-06-19T01:26:38Z</time>
			</trkpt>
			<trkpt lat="63.739689" lon="-149.286728">
				<ele>869.54126</ele>
				<time>2026-06-19T01:26:41Z</time>
			</trkpt>
			<trkpt lat="63.739689" lon="-149.286728">
				<ele>869.54126</ele>
				<time>2026-06-19T01:26:41Z</time>
			</trkpt>
			<trkpt lat="63.739716" lon="-149.286758">
				<ele>868.649536</ele>
				<time>2026-06-19T01:26:43Z</time>
			</trkpt>
			<trkpt lat="63.739746" lon="-149.286774">
				<ele>869.424377</ele>
				<time>2026-06-19T01:26:45Z</time>
			</trkpt>
			<trkpt lat="63.739784" lon="-149.286774">
				<ele>869.546143</ele>
				<time>2026-06-19T01:26:48Z</time>
			</trkpt>
			<trkpt lat="63.739815" lon="-149.286789">
				<ele>870.648499</ele>
				<time>2026-06-19T01:26:51Z</time>
			</trkpt>
			<trkpt lat="63.739841" lon="-149.286835">
				<ele>871.34082</ele>
				<time>2026-06-19T01:26:54Z</time>
			</trkpt>
			<trkpt lat="63.739857" lon="-149.286865">
				<ele>869.813721</ele>
				<time>2026-06-19T01:26:56Z</time>
			</trkpt>
			<trkpt lat="63.739864" lon="-149.286942">
				<ele>869.528931</ele>
				<time>2026-06-19T01:26:59Z</time>
			</trkpt>
			<trkpt lat="63.739857" lon="-149.287018">
				<ele>868.589294</ele>
				<time>2026-06-19T01:27:03Z</time>
			</trkpt>
			<trkpt lat="63.739857" lon="-149.287018">
				<ele>868.589294</ele>
				<time>2026-06-19T01:27:03Z</time>
			</trkpt>
			<trkpt lat="63.739853" lon="-149.287079">
				<ele>867.58252</ele>
				<time>2026-06-19T01:27:05Z</time>
			</trkpt>
			<trkpt lat="63.739853" lon="-149.287125">
				<ele>865.692261</ele>
				<time>2026-06-19T01:27:07Z</time>
			</trkpt>
			<trkpt lat="63.739861" lon="-149.287186">
				<ele>865.211548</ele>
				<time>2026-06-19T01:27:09Z</time>
			</trkpt>
			<trkpt lat="63.73988" lon="-149.287216">
				<ele>865.221313</ele>
				<time>2026-06-19T01:27:11Z</time>
			</trkpt>
			<trkpt lat="63.739887" lon="-149.287308">
				<ele>863.439392</ele>
				<time>2026-06-19T01:27:14Z</time>
			</trkpt>
			<trkpt lat="63.739902" lon="-149.287384">
				<ele>863.863586</ele>
				<time>2026-06-19T01:27:17Z</time>
			</trkpt>
			<trkpt lat="63.73991" lon="-149.28743">
				<ele>862.608521</ele>
				<time>2026-06-19T01:27:19Z</time>
			</trkpt>
			<trkpt lat="63.739918" lon="-149.287506">
				<ele>862.343323</ele>
				<time>2026-06-19T01:27:22Z</time>
			</trkpt>
			<trkpt lat="63.739918" lon="-149.287506">
				<ele>862.343323</ele>
				<time>2026-06-19T01:27:22Z</time>
			</trkpt>
			<trkpt lat="63.739922" lon="-149.287567">
				<ele>862.188904</ele>
				<time>2026-06-19T01:27:24Z</time>
			</trkpt>
			<trkpt lat="63.739925" lon="-149.287643">
				<ele>861.396606</ele>
				<time>2026-06-19T01:27:27Z</time>
			</trkpt>
			<trkpt lat="63.739948" lon="-149.287674">
				<ele>862.738586</ele>
				<time>2026-06-19T01:27:29Z</time>
			</trkpt>
			<trkpt lat="63.73996" lon="-149.28775">
				<ele>862.627686</ele>
				<time>2026-06-19T01:27:32Z</time>
			</trkpt>
			<trkpt lat="63.739975" lon="-149.287811">
				<ele>864.035889</ele>
				<time>2026-06-19T01:27:35Z</time>
			</trkpt>
			<trkpt lat="63.73999" lon="-149.287857">
				<ele>863.444458</ele>
				<time>2026-06-19T01:27:38Z</time>
			</trkpt>
			<trkpt lat="63.739986" lon="-149.287918">
				<ele>864.043701</ele>
				<time>2026-06-19T01:27:40Z</time>
			</trkpt>
			<trkpt lat="63.739975" lon="-149.287964">
				<ele>864.381104</ele>
				<time>2026-06-19T01:27:42Z</time>
			</trkpt>
			<trkpt lat="63.739975" lon="-149.287964">
				<ele>864.381104</ele>
				<time>2026-06-19T01:27:42Z</time>
			</trkpt>
			<trkpt lat="63.739979" lon="-149.288025">
				<ele>862.402771</ele>
				<time>2026-06-19T01:27:44Z</time>
			</trkpt>
			<trkpt lat="63.740002" lon="-149.288055">
				<ele>861.858826</ele>
				<time>2026-06-19T01:27:46Z</time>
			</trkpt>
			<trkpt lat="63.740028" lon="-149.288071">
				<ele>861.835876</ele>
				<time>2026-06-19T01:27:48Z</time>
			</trkpt>
			<trkpt lat="63.740055" lon="-149.288086">
				<ele>861.448547</ele>
				<time>2026-06-19T01:27:50Z</time>
			</trkpt>
			<trkpt lat="63.740082" lon="-149.288101">
				<ele>863.795715</ele>
				<time>2026-06-19T01:27:53Z</time>
			</trkpt>
			<trkpt lat="63.740116" lon="-149.288086">
				<ele>864.517395</ele>
				<time>2026-06-19T01:27:56Z</time>
			</trkpt>
			<trkpt lat="63.740147" lon="-149.288116">
				<ele>863.076599</ele>
				<time>2026-06-19T01:28:07Z</time>
			</trkpt>
			<trkpt lat="63.740147" lon="-149.288116">
				<ele>863.076599</ele>
				<time>2026-06-19T01:28:07Z</time>
			</trkpt>
			<trkpt lat="63.740162" lon="-149.288177">
				<ele>861.976318</ele>
				<time>2026-06-19T01:28:11Z</time>
			</trkpt>
			<trkpt lat="63.740173" lon="-149.288239">
				<ele>860.183167</ele>
				<time>2026-06-19T01:28:19Z</time>
			</trkpt>
			<trkpt lat="63.740177" lon="-149.288315">
				<ele>857.40863</ele>
				<time>2026-06-19T01:28:24Z</time>
			</trkpt>
			<trkpt lat="63.740173" lon="-149.288391">
				<ele>855.204468</ele>
				<time>2026-06-19T01:28:30Z</time>
			</trkpt>
			<trkpt lat="63.740173" lon="-149.288391">
				<ele>855.204468</ele>
				<time>2026-06-19T01:28:30Z</time>
			</trkpt>
			<trkpt lat="63.740166" lon="-149.288483">
				<ele>853.2453</ele>
				<time>2026-06-19T01:28:37Z</time>
			</trkpt>
			<trkpt lat="63.740185" lon="-149.288559">
				<ele>851.558228</ele>
				<time>2026-06-19T01:28:44Z</time>
			</trkpt>
			<trkpt lat="63.740185" lon="-149.288635">
				<ele>848.64917</ele>
				<time>2026-06-19T01:29:13Z</time>
			</trkpt>
			<trkpt lat="63.740185" lon="-149.288635">
				<ele>848.64917</ele>
				<time>2026-06-19T01:29:13Z</time>
			</trkpt>
			<trkpt lat="63.740166" lon="-149.288712">
				<ele>847.670715</ele>
				<time>2026-06-19T01:29:19Z</time>
			</trkpt>
			<trkpt lat="63.740189" lon="-149.288773">
				<ele>845.709412</ele>
				<time>2026-06-19T01:29:27Z</time>
			</trkpt>
			<trkpt lat="63.740215" lon="-149.288803">
				<ele>845.128113</ele>
				<time>2026-06-19T01:29:33Z</time>
			</trkpt>
			<trkpt lat="63.740215" lon="-149.288803">
				<ele>845.128113</ele>
				<time>2026-06-19T01:29:33Z</time>
			</trkpt>
			<trkpt lat="63.740246" lon="-149.288834">
				<ele>844.527222</ele>
				<time>2026-06-19T01:29:45Z</time>
			</trkpt>
			<trkpt lat="63.740242" lon="-149.288925">
				<ele>841.397034</ele>
				<time>2026-06-19T01:29:52Z</time>
			</trkpt>
			<trkpt lat="63.740242" lon="-149.288925">
				<ele>841.397034</ele>
				<time>2026-06-19T01:29:52Z</time>
			</trkpt>
			<trkpt lat="63.740246" lon="-149.289017">
				<ele>834.928528</ele>
				<time>2026-06-19T01:30:07Z</time>
			</trkpt>
			<trkpt lat="63.740219" lon="-149.289078">
				<ele>832.813782</ele>
				<time>2026-06-19T01:30:17Z</time>
			</trkpt>
			<trkpt lat="63.740219" lon="-149.289078">
				<ele>832.813782</ele>
				<time>2026-06-19T01:30:17Z</time>
			</trkpt>
			<trkpt lat="63.740211" lon="-149.289154">
				<ele>831.800781</ele>
				<time>2026-06-19T01:30:23Z</time>
			</trkpt>
			<trkpt lat="63.740223" lon="-149.289246">
				<ele>832.50708</ele>
				<time>2026-06-19T01:30:31Z</time>
			</trkpt>
			<trkpt lat="63.740234" lon="-149.289337">
				<ele>831.017212</ele>
				<time>2026-06-19T01:30:38Z</time>
			</trkpt>
			<trkpt lat="63.740234" lon="-149.289337">
				<ele>831.017212</ele>
				<time>2026-06-19T01:30:38Z</time>
			</trkpt>
			<trkpt lat="63.740231" lon="-149.289429">
				<ele>828.913208</ele>
				<time>2026-06-19T01:30:43Z</time>
			</trkpt>
			<trkpt lat="63.740219" lon="-149.289505">
				<ele>828.251831</ele>
				<time>2026-06-19T01:30:47Z</time>
			</trkpt>
			<trkpt lat="63.740231" lon="-149.289581">
				<ele>828.966553</ele>
				<time>2026-06-19T01:30:55Z</time>
			</trkpt>
			<trkpt lat="63.740265" lon="-149.289551">
				<ele>827.638489</ele>
				<time>2026-06-19T01:31:00Z</time>
			</trkpt>
			<trkpt lat="63.740265" lon="-149.289551">
				<ele>827.638489</ele>
				<time>2026-06-19T01:31:00Z</time>
			</trkpt>
			<trkpt lat="63.740284" lon="-149.289612">
				<ele>826.410767</ele>
				<time>2026-06-19T01:31:10Z</time>
			</trkpt>
			<trkpt lat="63.740284" lon="-149.289688">
				<ele>823.74054</ele>
				<time>2026-06-19T01:31:25Z</time>
			</trkpt>
			<trkpt lat="63.740284" lon="-149.289688">
				<ele>823.74054</ele>
				<time>2026-06-19T01:31:25Z</time>
			</trkpt>
			<trkpt lat="63.740288" lon="-149.289749">
				<ele>822.100159</ele>
				<time>2026-06-19T01:31:36Z</time>
			</trkpt>
			<trkpt lat="63.740276" lon="-149.289825">
				<ele>822.513855</ele>
				<time>2026-06-19T01:31:42Z</time>
			</trkpt>
			<trkpt lat="63.740265" lon="-149.289886">
				<ele>820.006775</ele>
				<time>2026-06-19T01:31:50Z</time>
			</trkpt>
			<trkpt lat="63.740265" lon="-149.289886">
				<ele>820.006775</ele>
				<time>2026-06-19T01:31:50Z</time>
			</trkpt>
			<trkpt lat="63.740246" lon="-149.289993">
				<ele>816.416809</ele>
				<time>2026-06-19T01:32:28Z</time>
			</trkpt>
			<trkpt lat="63.740246" lon="-149.289993">
				<ele>816.416809</ele>
				<time>2026-06-19T01:32:28Z</time>
			</trkpt>
			<trkpt lat="63.74025" lon="-149.290085">
				<ele>814.282898</ele>
				<time>2026-06-19T01:32:47Z</time>
			</trkpt>
			<trkpt lat="63.74025" lon="-149.290085">
				<ele>814.282898</ele>
				<time>2026-06-19T01:32:47Z</time>
			</trkpt>
			<trkpt lat="63.740219" lon="-149.290146">
				<ele>813.512817</ele>
				<time>2026-06-19T01:32:53Z</time>
			</trkpt>
			<trkpt lat="63.7402" lon="-149.290207">
				<ele>814.562927</ele>
				<time>2026-06-19T01:32:58Z</time>
			</trkpt>
			<trkpt lat="63.740162" lon="-149.290237">
				<ele>813.720215</ele>
				<time>2026-06-19T01:33:05Z</time>
			</trkpt>
			<trkpt lat="63.740131" lon="-149.290298">
				<ele>814.472168</ele>
				<time>2026-06-19T01:33:17Z</time>
			</trkpt>
			<trkpt lat="63.740131" lon="-149.290298">
				<ele>814.472168</ele>
				<time>2026-06-19T01:33:17Z</time>
			</trkpt>
			<trkpt lat="63.740101" lon="-149.290344">
				<ele>813.338989</ele>
				<time>2026-06-19T01:33:21Z</time>
			</trkpt>
			<trkpt lat="63.74007" lon="-149.290375">
				<ele>813.066162</ele>
				<time>2026-06-19T01:33:30Z</time>
			</trkpt>
			<trkpt lat="63.740047" lon="-149.290421">
				<ele>810.759094</ele>
				<time>2026-06-19T01:33:37Z</time>
			</trkpt>
			<trkpt lat="63.740047" lon="-149.290421">
				<ele>810.759094</ele>
				<time>2026-06-19T01:33:37Z</time>
			</trkpt>
			<trkpt lat="63.740028" lon="-149.290482">
				<ele>809.752808</ele>
				<time>2026-06-19T01:33:42Z</time>
			</trkpt>
			<trkpt lat="63.740059" lon="-149.290497">
				<ele>809.697327</ele>
				<time>2026-06-19T01:33:48Z</time>
			</trkpt>
			<trkpt lat="63.740078" lon="-149.290558">
				<ele>808.317139</ele>
				<time>2026-06-19T01:33:54Z</time>
			</trkpt>
			<trkpt lat="63.740063" lon="-149.290634">
				<ele>804.598877</ele>
				<time>2026-06-19T01:34:02Z</time>
			</trkpt>
			<trkpt lat="63.740063" lon="-149.290634">
				<ele>804.598877</ele>
				<time>2026-06-19T01:34:02Z</time>
			</trkpt>
			<trkpt lat="63.74004" lon="-149.290695">
				<ele>803.549011</ele>
				<time>2026-06-19T01:34:08Z</time>
			</trkpt>
			<trkpt lat="63.740021" lon="-149.290771">
				<ele>803.186157</ele>
				<time>2026-06-19T01:34:12Z</time>
			</trkpt>
			<trkpt lat="63.740009" lon="-149.290833">
				<ele>803.005066</ele>
				<time>2026-06-19T01:34:17Z</time>
			</trkpt>
			<trkpt lat="63.739994" lon="-149.290894">
				<ele>800.990234</ele>
				<time>2026-06-19T01:34:22Z</time>
			</trkpt>
			<trkpt lat="63.739994" lon="-149.290894">
				<ele>800.990234</ele>
				<time>2026-06-19T01:34:22Z</time>
			</trkpt>
			<trkpt lat="63.73996" lon="-149.291016">
				<ele>799.809753</ele>
				<time>2026-06-19T01:34:31Z</time>
			</trkpt>
			<trkpt lat="63.739971" lon="-149.291092">
				<ele>800.347229</ele>
				<time>2026-06-19T01:34:35Z</time>
			</trkpt>
			<trkpt lat="63.739971" lon="-149.291153">
				<ele>800.06604</ele>
				<time>2026-06-19T01:34:40Z</time>
			</trkpt>
			<trkpt lat="63.739986" lon="-149.291214">
				<ele>798.743469</ele>
				<time>2026-06-19T01:34:43Z</time>
			</trkpt>
			<trkpt lat="63.739986" lon="-149.291214">
				<ele>798.743469</ele>
				<time>2026-06-19T01:34:43Z</time>
			</trkpt>
			<trkpt lat="63.740013" lon="-149.291245">
				<ele>798.088135</ele>
				<time>2026-06-19T01:34:48Z</time>
			</trkpt>
			<trkpt lat="63.740021" lon="-149.291321">
				<ele>796.594482</ele>
				<time>2026-06-19T01:34:52Z</time>
			</trkpt>
			<trkpt lat="63.740021" lon="-149.291397">
				<ele>795.850708</ele>
				<time>2026-06-19T01:34:57Z</time>
			</trkpt>
			<trkpt lat="63.740025" lon="-149.291473">
				<ele>794.862671</ele>
				<time>2026-06-19T01:35:01Z</time>
			</trkpt>
			<trkpt lat="63.740032" lon="-149.291565">
				<ele>794.805786</ele>
				<time>2026-06-19T01:35:08Z</time>
			</trkpt>
			<trkpt lat="63.740032" lon="-149.291565">
				<ele>794.805786</ele>
				<time>2026-06-19T01:35:08Z</time>
			</trkpt>
			<trkpt lat="63.740063" lon="-149.29155">
				<ele>794.753662</ele>
				<time>2026-06-19T01:35:10Z</time>
			</trkpt>
			<trkpt lat="63.740082" lon="-149.291504">
				<ele>795.406738</ele>
				<time>2026-06-19T01:35:14Z</time>
			</trkpt>
			<trkpt lat="63.740116" lon="-149.291489">
				<ele>795.840637</ele>
				<time>2026-06-19T01:35:17Z</time>
			</trkpt>
			<trkpt lat="63.740143" lon="-149.291489">
				<ele>795.821655</ele>
				<time>2026-06-19T01:35:36Z</time>
			</trkpt>
			<trkpt lat="63.740143" lon="-149.291489">
				<ele>795.821655</ele>
				<time>2026-06-19T01:35:36Z</time>
			</trkpt>
			<trkpt lat="63.740192" lon="-149.291504">
				<ele>797.652222</ele>
				<time>2026-06-19T01:39:58Z</time>
			</trkpt>
			<trkpt lat="63.740192" lon="-149.291504">
				<ele>797.652222</ele>
				<time>2026-06-19T01:39:58Z</time>
			</trkpt>
			<trkpt lat="63.740242" lon="-149.291458">
				<ele>797.18634</ele>
				<time>2026-06-19T01:40:03Z</time>
			</trkpt>
			<trkpt lat="63.740284" lon="-149.291458">
				<ele>797.621521</ele>
				<time>2026-06-19T01:40:07Z</time>
			</trkpt>
			<trkpt lat="63.740326" lon="-149.291428">
				<ele>796.096313</ele>
				<time>2026-06-19T01:40:12Z</time>
			</trkpt>
			<trkpt lat="63.740364" lon="-149.291397">
				<ele>797.133972</ele>
				<time>2026-06-19T01:40:16Z</time>
			</trkpt>
			<trkpt lat="63.740402" lon="-149.291397">
				<ele>797.313721</ele>
				<time>2026-06-19T01:40:20Z</time>
			</trkpt>
			<trkpt lat="63.740402" lon="-149.291397">
				<ele>797.313721</ele>
				<time>2026-06-19T01:40:20Z</time>
			</trkpt>
			<trkpt lat="63.740433" lon="-149.291412">
				<ele>796.546509</ele>
				<time>2026-06-19T01:40:23Z</time>
			</trkpt>
			<trkpt lat="63.740467" lon="-149.291397">
				<ele>796.30719</ele>
				<time>2026-06-19T01:40:26Z</time>
			</trkpt>
			<trkpt lat="63.740498" lon="-149.291367">
				<ele>795.764099</ele>
				<time>2026-06-19T01:40:32Z</time>
			</trkpt>
			<trkpt lat="63.740524" lon="-149.291321">
				<ele>797.658875</ele>
				<time>2026-06-19T01:40:36Z</time>
			</trkpt>
			<trkpt lat="63.740559" lon="-149.291306">
				<ele>797.128113</ele>
				<time>2026-06-19T01:40:40Z</time>
			</trkpt>
			<trkpt lat="63.740559" lon="-149.291306">
				<ele>797.128113</ele>
				<time>2026-06-19T01:40:40Z</time>
			</trkpt>
			<trkpt lat="63.740593" lon="-149.29129">
				<ele>798.054565</ele>
				<time>2026-06-19T01:40:43Z</time>
			</trkpt>
			<trkpt lat="63.74062" lon="-149.29126">
				<ele>797.086426</ele>
				<time>2026-06-19T01:40:46Z</time>
			</trkpt>
			<trkpt lat="63.740646" lon="-149.291214">
				<ele>796.674744</ele>
				<time>2026-06-19T01:40:50Z</time>
			</trkpt>
			<trkpt lat="63.740677" lon="-149.291199">
				<ele>796.167053</ele>
				<time>2026-06-19T01:40:53Z</time>
			</trkpt>
			<trkpt lat="63.7407" lon="-149.291138">
				<ele>798.008484</ele>
				<time>2026-06-19T01:41:00Z</time>
			</trkpt>
			<trkpt lat="63.7407" lon="-149.291138">
				<ele>798.008484</ele>
				<time>2026-06-19T01:41:00Z</time>
			</trkpt>
			<trkpt lat="63.740719" lon="-149.291107">
				<ele>797.991089</ele>
				<time>2026-06-19T01:41:08Z</time>
			</trkpt>
			<trkpt lat="63.740742" lon="-149.291077">
				<ele>800.120239</ele>
				<time>2026-06-19T01:41:20Z</time>
			</trkpt>
			<trkpt lat="63.740765" lon="-149.291031">
				<ele>799.831665</ele>
				<time>2026-06-19T01:41:24Z</time>
			</trkpt>
			<trkpt lat="63.740765" lon="-149.291031">
				<ele>799.831665</ele>
				<time>2026-06-19T01:41:24Z</time>
			</trkpt>
			<trkpt lat="63.740784" lon="-149.290985">
				<ele>799.272217</ele>
				<time>2026-06-19T01:41:27Z</time>
			</trkpt>
			<trkpt lat="63.74081" lon="-149.290955">
				<ele>798.957825</ele>
				<time>2026-06-19T01:41:30Z</time>
			</trkpt>
			<trkpt lat="63.740837" lon="-149.290909">
				<ele>799.04718</ele>
				<time>2026-06-19T01:41:33Z</time>
			</trkpt>
			<trkpt lat="63.740856" lon="-149.290878">
				<ele>799.306213</ele>
				<time>2026-06-19T01:41:37Z</time>
			</trkpt>
			<trkpt lat="63.740871" lon="-149.290833">
				<ele>799.297791</ele>
				<time>2026-06-19T01:41:39Z</time>
			</trkpt>
			<trkpt lat="63.740891" lon="-149.290787">
				<ele>799.891052</ele>
				<time>2026-06-19T01:41:42Z</time>
			</trkpt>
			<trkpt lat="63.740917" lon="-149.290756">
				<ele>799.475098</ele>
				<time>2026-06-19T01:41:45Z</time>
			</trkpt>
			<trkpt lat="63.740917" lon="-149.290756">
				<ele>799.475098</ele>
				<time>2026-06-19T01:41:45Z</time>
			</trkpt>
			<trkpt lat="63.740925" lon="-149.290695">
				<ele>799.678833</ele>
				<time>2026-06-19T01:41:52Z</time>
			</trkpt>
			<trkpt lat="63.740944" lon="-149.290665">
				<ele>799.382813</ele>
				<time>2026-06-19T01:41:55Z</time>
			</trkpt>
			<trkpt lat="63.740971" lon="-149.290573">
				<ele>801.098145</ele>
				<time>2026-06-19T01:42:00Z</time>
			</trkpt>
			<trkpt lat="63.740993" lon="-149.290543">
				<ele>800.459961</ele>
				<time>2026-06-19T01:42:04Z</time>
			</trkpt>
			<trkpt lat="63.740993" lon="-149.290543">
				<ele>800.459961</ele>
				<time>2026-06-19T01:42:04Z</time>
			</trkpt>
			<trkpt lat="63.740982" lon="-149.290588">
				<ele>799.139954</ele>
				<time>2026-06-19T01:42:13Z</time>
			</trkpt>
			<trkpt lat="63.740997" lon="-149.290527">
				<ele>799.345886</ele>
				<time>2026-06-19T01:43:06Z</time>
			</trkpt>
			<trkpt lat="63.740997" lon="-149.290527">
				<ele>799.345886</ele>
				<time>2026-06-19T01:43:06Z</time>
			</trkpt>
			<trkpt lat="63.74102" lon="-149.290482">
				<ele>801.180847</ele>
				<time>2026-06-19T01:43:13Z</time>
			</trkpt>
			<trkpt lat="63.741051" lon="-149.290451">
				<ele>801.43811</ele>
				<time>2026-06-19T01:43:16Z</time>
			</trkpt>
			<trkpt lat="63.741077" lon="-149.290421">
				<ele>800.976135</ele>
				<time>2026-06-19T01:43:19Z</time>
			</trkpt>
			<trkpt lat="63.741104" lon="-149.29039">
				<ele>800.931152</ele>
				<time>2026-06-19T01:43:22Z</time>
			</trkpt>
			<trkpt lat="63.741135" lon="-149.290344">
				<ele>801.741028</ele>
				<time>2026-06-19T01:43:26Z</time>
			</trkpt>
			<trkpt lat="63.741135" lon="-149.290344">
				<ele>801.741028</ele>
				<time>2026-06-19T01:43:26Z</time>
			</trkpt>
			<trkpt lat="63.741165" lon="-149.290344">
				<ele>803.629822</ele>
				<time>2026-06-19T01:43:44Z</time>
			</trkpt>
			<trkpt lat="63.741184" lon="-149.290283">
				<ele>804.942078</ele>
				<time>2026-06-19T01:43:46Z</time>
			</trkpt>
			<trkpt lat="63.741215" lon="-149.290283">
				<ele>804.55072</ele>
				<time>2026-06-19T01:43:49Z</time>
			</trkpt>
			<trkpt lat="63.741245" lon="-149.290268">
				<ele>804.34552</ele>
				<time>2026-06-19T01:43:51Z</time>
			</trkpt>
			<trkpt lat="63.741264" lon="-149.290192">
				<ele>804.014282</ele>
				<time>2026-06-19T01:43:54Z</time>
			</trkpt>
			<trkpt lat="63.741287" lon="-149.290146">
				<ele>804.49292</ele>
				<time>2026-06-19T01:43:57Z</time>
			</trkpt>
			<trkpt lat="63.741287" lon="-149.290146">
				<ele>804.49292</ele>
				<time>2026-06-19T01:43:57Z</time>
			</trkpt>
			<trkpt lat="63.741318" lon="-149.290131">
				<ele>804.868774</ele>
				<time>2026-06-19T01:44:00Z</time>
			</trkpt>
			<trkpt lat="63.741344" lon="-149.2901">
				<ele>804.013977</ele>
				<time>2026-06-19T01:44:03Z</time>
			</trkpt>
			<trkpt lat="63.741371" lon="-149.290054">
				<ele>804.306458</ele>
				<time>2026-06-19T01:44:06Z</time>
			</trkpt>
			<trkpt lat="63.741398" lon="-149.290024">
				<ele>803.910645</ele>
				<time>2026-06-19T01:44:10Z</time>
			</trkpt>
			<trkpt lat="63.741417" lon="-149.289993">
				<ele>803.924011</ele>
				<time>2026-06-19T01:44:12Z</time>
			</trkpt>
			<trkpt lat="63.741436" lon="-149.289993">
				<ele>804.705444</ele>
				<time>2026-06-19T01:44:14Z</time>
			</trkpt>
			<trkpt lat="63.741455" lon="-149.289963">
				<ele>804.020081</ele>
				<time>2026-06-19T01:44:17Z</time>
			</trkpt>
			<trkpt lat="63.741455" lon="-149.289963">
				<ele>804.020081</ele>
				<time>2026-06-19T01:44:17Z</time>
			</trkpt>
			<trkpt lat="63.741486" lon="-149.289948">
				<ele>803.330566</ele>
				<time>2026-06-19T01:44:20Z</time>
			</trkpt>
			<trkpt lat="63.741528" lon="-149.289886">
				<ele>804.800354</ele>
				<time>2026-06-19T01:44:25Z</time>
			</trkpt>
			<trkpt lat="63.741554" lon="-149.289871">
				<ele>803.611145</ele>
				<time>2026-06-19T01:44:27Z</time>
			</trkpt>
			<trkpt lat="63.741581" lon="-149.289825">
				<ele>803.496887</ele>
				<time>2026-06-19T01:44:30Z</time>
			</trkpt>
			<trkpt lat="63.741608" lon="-149.289841">
				<ele>803.493713</ele>
				<time>2026-06-19T01:44:32Z</time>
			</trkpt>
			<trkpt lat="63.741627" lon="-149.289795">
				<ele>803.309631</ele>
				<time>2026-06-19T01:44:47Z</time>
			</trkpt>
			<trkpt lat="63.741627" lon="-149.289795">
				<ele>803.309631</ele>
				<time>2026-06-19T01:44:47Z</time>
			</trkpt>
			<trkpt lat="63.741653" lon="-149.28981">
				<ele>804.261719</ele>
				<time>2026-06-19T01:44:52Z</time>
			</trkpt>
			<trkpt lat="63.74168" lon="-149.28981">
				<ele>803.273621</ele>
				<time>2026-06-19T01:44:54Z</time>
			</trkpt>
			<trkpt lat="63.741707" lon="-149.289795">
				<ele>803.903381</ele>
				<time>2026-06-19T01:44:56Z</time>
			</trkpt>
			<trkpt lat="63.74173" lon="-149.289764">
				<ele>804.128601</ele>
				<time>2026-06-19T01:44:59Z</time>
			</trkpt>
			<trkpt lat="63.74176" lon="-149.289719">
				<ele>803.585876</ele>
				<time>2026-06-19T01:45:02Z</time>
			</trkpt>
			<trkpt lat="63.741791" lon="-149.289719">
				<ele>804.213013</ele>
				<time>2026-06-19T01:45:04Z</time>
			</trkpt>
			<trkpt lat="63.741833" lon="-149.289734">
				<ele>803.967041</ele>
				<time>2026-06-19T01:45:07Z</time>
			</trkpt>
			<trkpt lat="63.741833" lon="-149.289734">
				<ele>803.967041</ele>
				<time>2026-06-19T01:45:07Z</time>
			</trkpt>
			<trkpt lat="63.741863" lon="-149.289719">
				<ele>802.784119</ele>
				<time>2026-06-19T01:45:10Z</time>
			</trkpt>
			<trkpt lat="63.741894" lon="-149.289673">
				<ele>803.448914</ele>
				<time>2026-06-19T01:45:12Z</time>
			</trkpt>
			<trkpt lat="63.741913" lon="-149.289642">
				<ele>803.519531</ele>
				<time>2026-06-19T01:45:14Z</time>
			</trkpt>
			<trkpt lat="63.741936" lon="-149.289642">
				<ele>803.555115</ele>
				<time>2026-06-19T01:45:16Z</time>
			</trkpt>
			<trkpt lat="63.741959" lon="-149.289658">
				<ele>804.372925</ele>
				<time>2026-06-19T01:45:18Z</time>
			</trkpt>
			<trkpt lat="63.741982" lon="-149.289703">
				<ele>803.765991</ele>
				<time>2026-06-19T01:45:21Z</time>
			</trkpt>
			<trkpt lat="63.742012" lon="-149.289719">
				<ele>803.844849</ele>
				<time>2026-06-19T01:45:24Z</time>
			</trkpt>
			<trkpt lat="63.742039" lon="-149.289703">
				<ele>803.052307</ele>
				<time>2026-06-19T01:45:28Z</time>
			</trkpt>
			<trkpt lat="63.742039" lon="-149.289703">
				<ele>803.052307</ele>
				<time>2026-06-19T01:45:28Z</time>
			</trkpt>
			<trkpt lat="63.742069" lon="-149.289719">
				<ele>803.806396</ele>
				<time>2026-06-19T01:45:31Z</time>
			</trkpt>
			<trkpt lat="63.742092" lon="-149.289719">
				<ele>803.761292</ele>
				<time>2026-06-19T01:45:33Z</time>
			</trkpt>
			<trkpt lat="63.742115" lon="-149.289719">
				<ele>803.468018</ele>
				<time>2026-06-19T01:45:45Z</time>
			</trkpt>
			<trkpt lat="63.742134" lon="-149.289749">
				<ele>802.794922</ele>
				<time>2026-06-19T01:45:47Z</time>
			</trkpt>
			<trkpt lat="63.742157" lon="-149.289734">
				<ele>802.854004</ele>
				<time>2026-06-19T01:45:49Z</time>
			</trkpt>
			<trkpt lat="63.742157" lon="-149.289734">
				<ele>802.854004</ele>
				<time>2026-06-19T01:45:49Z</time>
			</trkpt>
			<trkpt lat="63.742188" lon="-149.289734">
				<ele>802.949097</ele>
				<time>2026-06-19T01:45:52Z</time>
			</trkpt>
			<trkpt lat="63.742214" lon="-149.289764">
				<ele>803.140198</ele>
				<time>2026-06-19T01:45:55Z</time>
			</trkpt>
			<trkpt lat="63.742245" lon="-149.28978">
				<ele>803.276062</ele>
				<time>2026-06-19T01:45:58Z</time>
			</trkpt>
			<trkpt lat="63.742268" lon="-149.289764">
				<ele>804.063049</ele>
				<time>2026-06-19T01:46:05Z</time>
			</trkpt>
			<trkpt lat="63.74229" lon="-149.289841">
				<ele>803.798462</ele>
				<time>2026-06-19T01:46:09Z</time>
			</trkpt>
			<trkpt lat="63.74229" lon="-149.289841">
				<ele>803.798462</ele>
				<time>2026-06-19T01:46:09Z</time>
			</trkpt>
			<trkpt lat="63.742317" lon="-149.289886">
				<ele>802.851746</ele>
				<time>2026-06-19T01:46:11Z</time>
			</trkpt>
			<trkpt lat="63.742352" lon="-149.289886">
				<ele>803.458801</ele>
				<time>2026-06-19T01:46:14Z</time>
			</trkpt>
			<trkpt lat="63.742386" lon="-149.289902">
				<ele>803.008179</ele>
				<time>2026-06-19T01:46:16Z</time>
			</trkpt>
			<trkpt lat="63.742413" lon="-149.289948">
				<ele>802.948853</ele>
				<time>2026-06-19T01:46:19Z</time>
			</trkpt>
			<trkpt lat="63.742439" lon="-149.289978">
				<ele>804.170532</ele>
				<time>2026-06-19T01:46:21Z</time>
			</trkpt>
			<trkpt lat="63.742462" lon="-149.289993">
				<ele>802.216736</ele>
				<time>2026-06-19T01:46:23Z</time>
			</trkpt>
			<trkpt lat="63.742493" lon="-149.289993">
				<ele>801.980042</ele>
				<time>2026-06-19T01:46:25Z</time>
			</trkpt>
			<trkpt lat="63.742516" lon="-149.289993">
				<ele>802.797058</ele>
				<time>2026-06-19T01:46:27Z</time>
			</trkpt>
			<trkpt lat="63.742542" lon="-149.289993">
				<ele>803.065918</ele>
				<time>2026-06-19T01:46:29Z</time>
			</trkpt>
			<trkpt lat="63.742542" lon="-149.289993">
				<ele>803.065918</ele>
				<time>2026-06-19T01:46:29Z</time>
			</trkpt>
			<trkpt lat="63.742573" lon="-149.290009">
				<ele>803.217346</ele>
				<time>2026-06-19T01:46:32Z</time>
			</trkpt>
			<trkpt lat="63.742611" lon="-149.289993">
				<ele>800.63208</ele>
				<time>2026-06-19T01:46:52Z</time>
			</trkpt>
			<trkpt lat="63.742611" lon="-149.289993">
				<ele>800.63208</ele>
				<time>2026-06-19T01:46:52Z</time>
			</trkpt>
			<trkpt lat="63.742641" lon="-149.289993">
				<ele>800.372314</ele>
				<time>2026-06-19T01:46:54Z</time>
			</trkpt>
			<trkpt lat="63.74268" lon="-149.289932">
				<ele>800.640076</ele>
				<time>2026-06-19T01:46:57Z</time>
			</trkpt>
			<trkpt lat="63.742722" lon="-149.289932">
				<ele>801.102417</ele>
				<time>2026-06-19T01:47:01Z</time>
			</trkpt>
			<trkpt lat="63.742764" lon="-149.289948">
				<ele>800.546692</ele>
				<time>2026-06-19T01:47:04Z</time>
			</trkpt>
			<trkpt lat="63.742798" lon="-149.289978">
				<ele>800.779236</ele>
				<time>2026-06-19T01:47:07Z</time>
			</trkpt>
			<trkpt lat="63.742863" lon="-149.290009">
				<ele>800.243347</ele>
				<time>2026-06-19T01:47:12Z</time>
			</trkpt>
			<trkpt lat="63.742863" lon="-149.290009">
				<ele>800.243347</ele>
				<time>2026-06-19T01:47:12Z</time>
			</trkpt>
			<trkpt lat="63.742893" lon="-149.289978">
				<ele>800.267395</ele>
				<time>2026-06-19T01:47:16Z</time>
			</trkpt>
			<trkpt lat="63.742924" lon="-149.289993">
				<ele>799.481812</ele>
				<time>2026-06-19T01:47:20Z</time>
			</trkpt>
			<trkpt lat="63.742962" lon="-149.290039">
				<ele>799.667358</ele>
				<time>2026-06-19T01:47:23Z</time>
			</trkpt>
			<trkpt lat="63.742992" lon="-149.290054">
				<ele>800.326599</ele>
				<time>2026-06-19T01:47:25Z</time>
			</trkpt>
			<trkpt lat="63.743027" lon="-149.290054">
				<ele>799.631042</ele>
				<time>2026-06-19T01:47:28Z</time>
			</trkpt>
			<trkpt lat="63.743069" lon="-149.290024">
				<ele>800.261841</ele>
				<time>2026-06-19T01:47:31Z</time>
			</trkpt>
			<trkpt lat="63.743069" lon="-149.290024">
				<ele>800.261841</ele>
				<time>2026-06-19T01:47:31Z</time>
			</trkpt>
			<trkpt lat="63.743141" lon="-149.290039">
				<ele>800.983215</ele>
				<time>2026-06-19T01:47:37Z</time>
			</trkpt>
			<trkpt lat="63.743172" lon="-149.290054">
				<ele>801.637939</ele>
				<time>2026-06-19T01:47:40Z</time>
			</trkpt>
			<trkpt lat="63.743202" lon="-149.290085">
				<ele>801.838257</ele>
				<time>2026-06-19T01:47:43Z</time>
			</trkpt>
			<trkpt lat="63.743225" lon="-149.290115">
				<ele>801.135437</ele>
				<time>2026-06-19T01:47:45Z</time>
			</trkpt>
			<trkpt lat="63.743263" lon="-149.2901">
				<ele>800.083679</ele>
				<time>2026-06-19T01:47:48Z</time>
			</trkpt>
			<trkpt lat="63.743298" lon="-149.290131">
				<ele>798.81012</ele>
				<time>2026-06-19T01:47:51Z</time>
			</trkpt>
			<trkpt lat="63.743298" lon="-149.290131">
				<ele>798.81012</ele>
				<time>2026-06-19T01:47:51Z</time>
			</trkpt>
			<trkpt lat="63.743324" lon="-149.290161">
				<ele>798.039673</ele>
				<time>2026-06-19T01:47:53Z</time>
			</trkpt>
			<trkpt lat="63.743351" lon="-149.290161">
				<ele>797.712219</ele>
				<time>2026-06-19T01:47:55Z</time>
			</trkpt>
			<trkpt lat="63.743389" lon="-149.290176">
				<ele>798.871338</ele>
				<time>2026-06-19T01:47:58Z</time>
			</trkpt>
			<trkpt lat="63.743427" lon="-149.290161">
				<ele>796.735229</ele>
				<time>2026-06-19T01:48:01Z</time>
			</trkpt>
			<trkpt lat="63.743465" lon="-149.290176">
				<ele>796.521667</ele>
				<time>2026-06-19T01:48:04Z</time>
			</trkpt>
			<trkpt lat="63.743504" lon="-149.290161">
				<ele>795.169128</ele>
				<time>2026-06-19T01:48:07Z</time>
			</trkpt>
			<trkpt lat="63.743542" lon="-149.290131">
				<ele>794.21936</ele>
				<time>2026-06-19T01:48:10Z</time>
			</trkpt>
			<trkpt lat="63.743542" lon="-149.290131">
				<ele>794.21936</ele>
				<time>2026-06-19T01:48:10Z</time>
			</trkpt>
			<trkpt lat="63.743572" lon="-149.290161">
				<ele>793.87915</ele>
				<time>2026-06-19T01:48:12Z</time>
			</trkpt>
			<trkpt lat="63.743603" lon="-149.290207">
				<ele>794.729248</ele>
				<time>2026-06-19T01:48:15Z</time>
			</trkpt>
			<trkpt lat="63.743633" lon="-149.290237">
				<ele>796.467468</ele>
				<time>2026-06-19T01:48:19Z</time>
			</trkpt>
			<trkpt lat="63.743668" lon="-149.290237">
				<ele>797.937927</ele>
				<time>2026-06-19T01:48:23Z</time>
			</trkpt>
			<trkpt lat="63.743694" lon="-149.290253">
				<ele>797.662354</ele>
				<time>2026-06-19T01:48:26Z</time>
			</trkpt>
			<trkpt lat="63.743721" lon="-149.290222">
				<ele>796.825256</ele>
				<time>2026-06-19T01:48:29Z</time>
			</trkpt>
			<trkpt lat="63.743721" lon="-149.290222">
				<ele>796.825256</ele>
				<time>2026-06-19T01:48:29Z</time>
			</trkpt>
			<trkpt lat="63.743752" lon="-149.290253">
				<ele>796.12262</ele>
				<time>2026-06-19T01:48:33Z</time>
			</trkpt>
			<trkpt lat="63.743782" lon="-149.290314">
				<ele>795.186218</ele>
				<time>2026-06-19T01:48:37Z</time>
			</trkpt>
			<trkpt lat="63.743809" lon="-149.290329">
				<ele>795.486572</ele>
				<time>2026-06-19T01:48:40Z</time>
			</trkpt>
			<trkpt lat="63.743881" lon="-149.290344">
				<ele>794.49585</ele>
				<time>2026-06-19T01:48:48Z</time>
			</trkpt>
			<trkpt lat="63.743881" lon="-149.290344">
				<ele>794.49585</ele>
				<time>2026-06-19T01:48:48Z</time>
			</trkpt>
			<trkpt lat="63.743908" lon="-149.290359">
				<ele>793.867615</ele>
				<time>2026-06-19T01:48:50Z</time>
			</trkpt>
			<trkpt lat="63.743938" lon="-149.290375">
				<ele>794.284607</ele>
				<time>2026-06-19T01:48:53Z</time>
			</trkpt>
			<trkpt lat="63.743961" lon="-149.290405">
				<ele>794.173706</ele>
				<time>2026-06-19T01:48:56Z</time>
			</trkpt>
			<trkpt lat="63.74398" lon="-149.290451">
				<ele>794.69281</ele>
				<time>2026-06-19T01:48:58Z</time>
			</trkpt>
			<trkpt lat="63.744015" lon="-149.290466">
				<ele>794.888428</ele>
				<time>2026-06-19T01:49:01Z</time>
			</trkpt>
			<trkpt lat="63.744045" lon="-149.290466">
				<ele>795.45929</ele>
				<time>2026-06-19T01:49:04Z</time>
			</trkpt>
			<trkpt lat="63.744072" lon="-149.290466">
				<ele>794.996399</ele>
				<time>2026-06-19T01:49:07Z</time>
			</trkpt>
			<trkpt lat="63.744072" lon="-149.290466">
				<ele>794.996399</ele>
				<time>2026-06-19T01:49:07Z</time>
			</trkpt>
			<trkpt lat="63.744106" lon="-149.290451">
				<ele>795.814514</ele>
				<time>2026-06-19T01:49:10Z</time>
			</trkpt>
			<trkpt lat="63.744152" lon="-149.290482">
				<ele>794.15802</ele>
				<time>2026-06-19T01:49:13Z</time>
			</trkpt>
			<trkpt lat="63.744183" lon="-149.290527">
				<ele>794.84314</ele>
				<time>2026-06-19T01:49:16Z</time>
			</trkpt>
			<trkpt lat="63.744213" lon="-149.290558">
				<ele>795.095032</ele>
				<time>2026-06-19T01:49:19Z</time>
			</trkpt>
			<trkpt lat="63.744232" lon="-149.290604">
				<ele>795.158569</ele>
				<time>2026-06-19T01:49:21Z</time>
			</trkpt>
			<trkpt lat="63.744251" lon="-149.290665">
				<ele>794.487427</ele>
				<time>2026-06-19T01:49:23Z</time>
			</trkpt>
			<trkpt lat="63.744282" lon="-149.290695">
				<ele>794.826233</ele>
				<time>2026-06-19T01:49:26Z</time>
			</trkpt>
			<trkpt lat="63.744282" lon="-149.290695">
				<ele>794.826233</ele>
				<time>2026-06-19T01:49:26Z</time>
			</trkpt>
			<trkpt lat="63.744312" lon="-149.290695">
				<ele>795.353943</ele>
				<time>2026-06-19T01:49:29Z</time>
			</trkpt>
			<trkpt lat="63.744335" lon="-149.290741">
				<ele>795.979797</ele>
				<time>2026-06-19T01:49:31Z</time>
			</trkpt>
			<trkpt lat="63.74437" lon="-149.290741">
				<ele>795.389038</ele>
				<time>2026-06-19T01:49:33Z</time>
			</trkpt>
			<trkpt lat="63.744396" lon="-149.290787">
				<ele>795.986633</ele>
				<time>2026-06-19T01:49:37Z</time>
			</trkpt>
			<trkpt lat="63.744415" lon="-149.290833">
				<ele>796.738342</ele>
				<time>2026-06-19T01:49:40Z</time>
			</trkpt>
			<trkpt lat="63.744423" lon="-149.290894">
				<ele>796.180298</ele>
				<time>2026-06-19T01:49:42Z</time>
			</trkpt>
			<trkpt lat="63.744431" lon="-149.290955">
				<ele>795.421631</ele>
				<time>2026-06-19T01:49:44Z</time>
			</trkpt>
			<trkpt lat="63.744465" lon="-149.290985">
				<ele>794.991272</ele>
				<time>2026-06-19T01:49:47Z</time>
			</trkpt>
			<trkpt lat="63.744465" lon="-149.290985">
				<ele>794.991272</ele>
				<time>2026-06-19T01:49:47Z</time>
			</trkpt>
			<trkpt lat="63.744488" lon="-149.291016">
				<ele>794.761169</ele>
				<time>2026-06-19T01:49:51Z</time>
			</trkpt>
			<trkpt lat="63.744522" lon="-149.291046">
				<ele>795.592224</ele>
				<time>2026-06-19T01:49:54Z</time>
			</trkpt>
			<trkpt lat="63.744549" lon="-149.291046">
				<ele>795.739197</ele>
				<time>2026-06-19T01:49:58Z</time>
			</trkpt>
			<trkpt lat="63.744583" lon="-149.291061">
				<ele>795.450928</ele>
				<time>2026-06-19T01:50:02Z</time>
			</trkpt>
			<trkpt lat="63.744617" lon="-149.291061">
				<ele>794.644836</ele>
				<time>2026-06-19T01:50:06Z</time>
			</trkpt>
			<trkpt lat="63.744617" lon="-149.291061">
				<ele>794.644836</ele>
				<time>2026-06-19T01:50:06Z</time>
			</trkpt>
			<trkpt lat="63.744629" lon="-149.291">
				<ele>795.057251</ele>
				<time>2026-06-19T01:50:09Z</time>
			</trkpt>
			<trkpt lat="63.744652" lon="-149.291046">
				<ele>795.115967</ele>
				<time>2026-06-19T01:50:13Z</time>
			</trkpt>
			<trkpt lat="63.744671" lon="-149.291092">
				<ele>794.438782</ele>
				<time>2026-06-19T01:50:16Z</time>
			</trkpt>
			<trkpt lat="63.744686" lon="-149.291138">
				<ele>795.919983</ele>
				<time>2026-06-19T01:50:21Z</time>
			</trkpt>
			<trkpt lat="63.744713" lon="-149.291168">
				<ele>795.066956</ele>
				<time>2026-06-19T01:50:29Z</time>
			</trkpt>
			<trkpt lat="63.744713" lon="-149.291168">
				<ele>795.066956</ele>
				<time>2026-06-19T01:50:29Z</time>
			</trkpt>
			<trkpt lat="63.74472" lon="-149.291229">
				<ele>795.383667</ele>
				<time>2026-06-19T01:51:24Z</time>
			</trkpt>
			<trkpt lat="63.74472" lon="-149.291229">
				<ele>795.383667</ele>
				<time>2026-06-19T01:51:24Z</time>
			</trkpt>
			<trkpt lat="63.744774" lon="-149.291199">
				<ele>795.688354</ele>
				<time>2026-06-19T01:52:32Z</time>
			</trkpt>
			<trkpt lat="63.744774" lon="-149.291199">
				<ele>795.688354</ele>
				<time>2026-06-19T01:52:32Z</time>
			</trkpt>
			<trkpt lat="63.744804" lon="-149.291275">
				<ele>795.695984</ele>
				<time>2026-06-19T01:52:35Z</time>
			</trkpt>
			<trkpt lat="63.744839" lon="-149.291321">
				<ele>795.23822</ele>
				<time>2026-06-19T01:52:40Z</time>
			</trkpt>
			<trkpt lat="63.744884" lon="-149.291351">
				<ele>795.042297</ele>
				<time>2026-06-19T01:52:45Z</time>
			</trkpt>
			<trkpt lat="63.744919" lon="-149.291397">
				<ele>795.036499</ele>
				<time>2026-06-19T01:52:51Z</time>
			</trkpt>
			<trkpt lat="63.744919" lon="-149.291397">
				<ele>795.036499</ele>
				<time>2026-06-19T01:52:51Z</time>
			</trkpt>
			<trkpt lat="63.744949" lon="-149.291412">
				<ele>794.467346</ele>
				<time>2026-06-19T01:52:57Z</time>
			</trkpt>
			<trkpt lat="63.744984" lon="-149.291428">
				<ele>794.639648</ele>
				<time>2026-06-19T01:53:03Z</time>
			</trkpt>
			<trkpt lat="63.744976" lon="-149.291489">
				<ele>793.394653</ele>
				<time>2026-06-19T01:53:09Z</time>
			</trkpt>
			<trkpt lat="63.744987" lon="-149.291565">
				<ele>793.597656</ele>
				<time>2026-06-19T01:53:13Z</time>
			</trkpt>
			<trkpt lat="63.744987" lon="-149.291565">
				<ele>793.597656</ele>
				<time>2026-06-19T01:53:13Z</time>
			</trkpt>
			<trkpt lat="63.744999" lon="-149.291626">
				<ele>791.960815</ele>
				<time>2026-06-19T01:53:19Z</time>
			</trkpt>
			<trkpt lat="63.745029" lon="-149.291656">
				<ele>793.004578</ele>
				<time>2026-06-19T01:53:28Z</time>
			</trkpt>
			<trkpt lat="63.745052" lon="-149.291687">
				<ele>792.362122</ele>
				<time>2026-06-19T01:53:31Z</time>
			</trkpt>
			<trkpt lat="63.745056" lon="-149.291748">
				<ele>790.853271</ele>
				<time>2026-06-19T01:53:46Z</time>
			</trkpt>
			<trkpt lat="63.745056" lon="-149.291748">
				<ele>790.853271</ele>
				<time>2026-06-19T01:53:46Z</time>
			</trkpt>
			<trkpt lat="63.745037" lon="-149.291779">
				<ele>791.063171</ele>
				<time>2026-06-19T01:54:32Z</time>
			</trkpt>
			<trkpt lat="63.745037" lon="-149.291779">
				<ele>791.063171</ele>
				<time>2026-06-19T01:54:32Z</time>
			</trkpt>
			<trkpt lat="63.745014" lon="-149.291809">
				<ele>791.125854</ele>
				<time>2026-06-19T01:54:35Z</time>
			</trkpt>
			<trkpt lat="63.744987" lon="-149.291794">
				<ele>791.434937</ele>
				<time>2026-06-19T01:54:37Z</time>
			</trkpt>
			<trkpt lat="63.744961" lon="-149.291779">
				<ele>791.429993</ele>
				<time>2026-06-19T01:54:40Z</time>
			</trkpt>
			<trkpt lat="63.744938" lon="-149.291748">
				<ele>791.670837</ele>
				<time>2026-06-19T01:54:47Z</time>
			</trkpt>
			<trkpt lat="63.744946" lon="-149.291809">
				<ele>793.798218</ele>
				<time>2026-06-19T01:55:48Z</time>
			</trkpt>
			<trkpt lat="63.744946" lon="-149.291809">
				<ele>793.798218</ele>
				<time>2026-06-19T01:55:48Z</time>
			</trkpt>
			<trkpt lat="63.744904" lon="-149.291779">
				<ele>791.592773</ele>
				<time>2026-06-19T01:56:11Z</time>
			</trkpt>
			<trkpt lat="63.744862" lon="-149.291733">
				<ele>792.518372</ele>
				<time>2026-06-19T01:56:16Z</time>
			</trkpt>
			<trkpt lat="63.744862" lon="-149.291733">
				<ele>792.518372</ele>
				<time>2026-06-19T01:56:16Z</time>
			</trkpt>
			<trkpt lat="63.744831" lon="-149.291763">
				<ele>792.633179</ele>
				<time>2026-06-19T01:56:21Z</time>
			</trkpt>
			<trkpt lat="63.744869" lon="-149.291809">
				<ele>792.352356</ele>
				<time>2026-06-19T01:56:26Z</time>
			</trkpt>
			<trkpt lat="63.744881" lon="-149.291855">
				<ele>789.36792</ele>
				<time>2026-06-19T01:56:58Z</time>
			</trkpt>
			<trkpt lat="63.744881" lon="-149.291855">
				<ele>789.36792</ele>
				<time>2026-06-19T01:56:58Z</time>
			</trkpt>
			<trkpt lat="63.744915" lon="-149.291779">
				<ele>792.833679</ele>
				<time>2026-06-19T02:04:06Z</time>
			</trkpt>
			<trkpt lat="63.744915" lon="-149.291779">
				<ele>792.833679</ele>
				<time>2026-06-19T02:04:06Z</time>
			</trkpt>
			<trkpt lat="63.744949" lon="-149.291809">
				<ele>791.838318</ele>
				<time>2026-06-19T02:04:43Z</time>
			</trkpt>
			<trkpt lat="63.744949" lon="-149.291809">
				<ele>791.838318</ele>
				<time>2026-06-19T02:04:43Z</time>
			</trkpt>
			<trkpt lat="63.74498" lon="-149.291809">
				<ele>792.072632</ele>
				<time>2026-06-19T02:05:07Z</time>
			</trkpt>
			<trkpt lat="63.74498" lon="-149.291809">
				<ele>792.072632</ele>
				<time>2026-06-19T02:05:07Z</time>
			</trkpt>
			<trkpt lat="63.745007" lon="-149.291824">
				<ele>791.702332</ele>
				<time>2026-06-19T02:05:15Z</time>
			</trkpt>
			<trkpt lat="63.74498" lon="-149.291855">
				<ele>789.024353</ele>
				<time>2026-06-19T02:05:41Z</time>
			</trkpt>
			<trkpt lat="63.74498" lon="-149.291855">
				<ele>789.024353</ele>
				<time>2026-06-19T02:05:41Z</time>
			</trkpt>
			<trkpt lat="63.744957" lon="-149.291824">
				<ele>790.314453</ele>
				<time>2026-06-19T02:05:46Z</time>
			</trkpt>
			<trkpt lat="63.744919" lon="-149.291855">
				<ele>792.031738</ele>
				<time>2026-06-19T02:06:14Z</time>
			</trkpt>
			<trkpt lat="63.744919" lon="-149.291855">
				<ele>792.031738</ele>
				<time>2026-06-19T02:06:14Z</time>
			</trkpt>
			<trkpt lat="63.7449" lon="-149.291763">
				<ele>792.518677</ele>
				<time>2026-06-19T02:08:23Z</time>
			</trkpt>
			<trkpt lat="63.7449" lon="-149.291763">
				<ele>792.518677</ele>
				<time>2026-06-19T02:08:23Z</time>
			</trkpt>
			<trkpt lat="63.744888" lon="-149.291809">
				<ele>793.001282</ele>
				<time>2026-06-19T02:09:18Z</time>
			</trkpt>
			<trkpt lat="63.744888" lon="-149.291809">
				<ele>793.001282</ele>
				<time>2026-06-19T02:09:18Z</time>
			</trkpt>
			<trkpt lat="63.744892" lon="-149.291733">
				<ele>792.071594</ele>
				<time>2026-06-19T02:09:37Z</time>
			</trkpt>
			<trkpt lat="63.744892" lon="-149.291733">
				<ele>792.071594</ele>
				<time>2026-06-19T02:09:37Z</time>
			</trkpt>
			<trkpt lat="63.7449" lon="-149.291641">
				<ele>794.705688</ele>
				<time>2026-06-19T02:10:34Z</time>
			</trkpt>
			<trkpt lat="63.7449" lon="-149.291641">
				<ele>794.705688</ele>
				<time>2026-06-19T02:10:34Z</time>
			</trkpt>
			<trkpt lat="63.744907" lon="-149.291733">
				<ele>794.519348</ele>
				<time>2026-06-19T02:17:11Z</time>
			</trkpt>
			<trkpt lat="63.744907" lon="-149.291733">
				<ele>794.519348</ele>
				<time>2026-06-19T02:17:11Z</time>
			</trkpt>
			<trkpt lat="63.74485" lon="-149.291733">
				<ele>793.454163</ele>
				<time>2026-06-19T02:40:06Z</time>
			</trkpt>
			<trkpt lat="63.74485" lon="-149.291733">
				<ele>793.454163</ele>
				<time>2026-06-19T02:40:06Z</time>
			</trkpt>
			<trkpt lat="63.744881" lon="-149.291733">
				<ele>793.319702</ele>
				<time>2026-06-19T02:40:43Z</time>
			</trkpt>
			<trkpt lat="63.744881" lon="-149.291733">
				<ele>793.319702</ele>
				<time>2026-06-19T02:40:43Z</time>
			</trkpt>
			<trkpt lat="63.744904" lon="-149.291687">
				<ele>794.471252</ele>
				<time>2026-06-19T02:41:04Z</time>
			</trkpt>
			<trkpt lat="63.744904" lon="-149.291687">
				<ele>794.471252</ele>
				<time>2026-06-19T02:41:04Z</time>
			</trkpt>
			<trkpt lat="63.744877" lon="-149.291748">
				<ele>792.862549</ele>
				<time>2026-06-19T02:42:04Z</time>
			</trkpt>
			<trkpt lat="63.744877" lon="-149.291748">
				<ele>792.862549</ele>
				<time>2026-06-19T02:42:04Z</time>
			</trkpt>
			<trkpt lat="63.744946" lon="-149.291702">
				<ele>793.940186</ele>
				<time>2026-06-19T02:44:54Z</time>
			</trkpt>
			<trkpt lat="63.744946" lon="-149.291702">
				<ele>793.940186</ele>
				<time>2026-06-19T02:44:54Z</time>
			</trkpt>
			<trkpt lat="63.745007" lon="-149.291733">
				<ele>794.11908</ele>
				<time>2026-06-19T02:45:02Z</time>
			</trkpt>
			<trkpt lat="63.745041" lon="-149.291748">
				<ele>788.708862</ele>
				<time>2026-06-19T02:45:25Z</time>
			</trkpt>
			<trkpt lat="63.745041" lon="-149.291748">
				<ele>788.708862</ele>
				<time>2026-06-19T02:45:25Z</time>
			</trkpt>
			<trkpt lat="63.74506" lon="-149.291687">
				<ele>789.080017</ele>
				<time>2026-06-19T02:45:33Z</time>
			</trkpt>
			<trkpt lat="63.745075" lon="-149.29158">
				<ele>791.02771</ele>
				<time>2026-06-19T02:50:17Z</time>
			</trkpt>
			<trkpt lat="63.745075" lon="-149.29158">
				<ele>791.02771</ele>
				<time>2026-06-19T02:50:17Z</time>
			</trkpt>
			<trkpt lat="63.745049" lon="-149.291489">
				<ele>790.906494</ele>
				<time>2026-06-19T02:50:25Z</time>
			</trkpt>
			<trkpt lat="63.745007" lon="-149.291473">
				<ele>790.285767</ele>
				<time>2026-06-19T02:50:30Z</time>
			</trkpt>
			<trkpt lat="63.744968" lon="-149.291428">
				<ele>788.892273</ele>
				<time>2026-06-19T02:50:43Z</time>
			</trkpt>
			<trkpt lat="63.744968" lon="-149.291428">
				<ele>788.892273</ele>
				<time>2026-06-19T02:50:43Z</time>
			</trkpt>
			<trkpt lat="63.744926" lon="-149.291428">
				<ele>788.726624</ele>
				<time>2026-06-19T02:50:48Z</time>
			</trkpt>
			<trkpt lat="63.744892" lon="-149.291397">
				<ele>788.929016</ele>
				<time>2026-06-19T02:50:51Z</time>
			</trkpt>
			<trkpt lat="63.744869" lon="-149.291351">
				<ele>789.169617</ele>
				<time>2026-06-19T02:50:56Z</time>
			</trkpt>
			<trkpt lat="63.744839" lon="-149.291336">
				<ele>789.839539</ele>
				<time>2026-06-19T02:51:00Z</time>
			</trkpt>
			<trkpt lat="63.744812" lon="-149.29129">
				<ele>790.548828</ele>
				<time>2026-06-19T02:51:08Z</time>
			</trkpt>
			<trkpt lat="63.744812" lon="-149.29129">
				<ele>790.548828</ele>
				<time>2026-06-19T02:51:08Z</time>
			</trkpt>
			<trkpt lat="63.744785" lon="-149.291245">
				<ele>791.142151</ele>
				<time>2026-06-19T02:51:12Z</time>
			</trkpt>
			<trkpt lat="63.744762" lon="-149.291199">
				<ele>791.220215</ele>
				<time>2026-06-19T02:51:15Z</time>
			</trkpt>
			<trkpt lat="63.744732" lon="-149.291183">
				<ele>791.049133</ele>
				<time>2026-06-19T02:51:19Z</time>
			</trkpt>
			<trkpt lat="63.744705" lon="-149.291153">
				<ele>791.448914</ele>
				<time>2026-06-19T02:51:22Z</time>
			</trkpt>
			<trkpt lat="63.744678" lon="-149.291138">
				<ele>791.407959</ele>
				<time>2026-06-19T02:51:25Z</time>
			</trkpt>
			<trkpt lat="63.744656" lon="-149.291107">
				<ele>790.896057</ele>
				<time>2026-06-19T02:51:28Z</time>
			</trkpt>
			<trkpt lat="63.744656" lon="-149.291107">
				<ele>790.896057</ele>
				<time>2026-06-19T02:51:28Z</time>
			</trkpt>
			<trkpt lat="63.744644" lon="-149.291046">
				<ele>790.734558</ele>
				<time>2026-06-19T02:51:31Z</time>
			</trkpt>
			<trkpt lat="63.744614" lon="-149.291092">
				<ele>791.053101</ele>
				<time>2026-06-19T02:51:35Z</time>
			</trkpt>
			<trkpt lat="63.744591" lon="-149.291122">
				<ele>791.540649</ele>
				<time>2026-06-19T02:51:37Z</time>
			</trkpt>
			<trkpt lat="63.744564" lon="-149.291107">
				<ele>792.213074</ele>
				<time>2026-06-19T02:51:40Z</time>
			</trkpt>
			<trkpt lat="63.744537" lon="-149.291077">
				<ele>791.645081</ele>
				<time>2026-06-19T02:51:43Z</time>
			</trkpt>
			<trkpt lat="63.744511" lon="-149.291077">
				<ele>790.671692</ele>
				<time>2026-06-19T02:51:45Z</time>
			</trkpt>
			<trkpt lat="63.744488" lon="-149.291046">
				<ele>791.315002</ele>
				<time>2026-06-19T02:51:47Z</time>
			</trkpt>
			<trkpt lat="63.744488" lon="-149.291046">
				<ele>791.315002</ele>
				<time>2026-06-19T02:51:47Z</time>
			</trkpt>
			<trkpt lat="63.744461" lon="-149.291031">
				<ele>791.472351</ele>
				<time>2026-06-19T02:51:50Z</time>
			</trkpt>
			<trkpt lat="63.744438" lon="-149.291">
				<ele>791.873291</ele>
				<time>2026-06-19T02:51:52Z</time>
			</trkpt>
			<trkpt lat="63.744408" lon="-149.290909">
				<ele>791.367859</ele>
				<time>2026-06-19T02:51:56Z</time>
			</trkpt>
			<trkpt lat="63.7444" lon="-149.290848">
				<ele>791.815308</ele>
				<time>2026-06-19T02:51:59Z</time>
			</trkpt>
			<trkpt lat="63.744381" lon="-149.290802">
				<ele>791.520752</ele>
				<time>2026-06-19T02:52:02Z</time>
			</trkpt>
			<trkpt lat="63.744354" lon="-149.290787">
				<ele>790.907349</ele>
				<time>2026-06-19T02:52:05Z</time>
			</trkpt>
			<trkpt lat="63.744316" lon="-149.290771">
				<ele>791.352844</ele>
				<time>2026-06-19T02:52:08Z</time>
			</trkpt>
			<trkpt lat="63.744316" lon="-149.290771">
				<ele>791.352844</ele>
				<time>2026-06-19T02:52:08Z</time>
			</trkpt>
			<trkpt lat="63.744297" lon="-149.290741">
				<ele>791.389221</ele>
				<time>2026-06-19T02:52:10Z</time>
			</trkpt>
			<trkpt lat="63.744267" lon="-149.290726">
				<ele>791.553528</ele>
				<time>2026-06-19T02:52:13Z</time>
			</trkpt>
			<trkpt lat="63.744236" lon="-149.29068">
				<ele>791.69043</ele>
				<time>2026-06-19T02:52:16Z</time>
			</trkpt>
			<trkpt lat="63.744217" lon="-149.290619">
				<ele>791.006836</ele>
				<time>2026-06-19T02:52:19Z</time>
			</trkpt>
			<trkpt lat="63.744202" lon="-149.290588">
				<ele>791.554138</ele>
				<time>2026-06-19T02:52:22Z</time>
			</trkpt>
			<trkpt lat="63.744175" lon="-149.290558">
				<ele>791.25708</ele>
				<time>2026-06-19T02:52:25Z</time>
			</trkpt>
			<trkpt lat="63.744141" lon="-149.290512">
				<ele>791.364014</ele>
				<time>2026-06-19T02:52:28Z</time>
			</trkpt>
			<trkpt lat="63.744141" lon="-149.290512">
				<ele>791.364014</ele>
				<time>2026-06-19T02:52:28Z</time>
			</trkpt>
			<trkpt lat="63.74411" lon="-149.290512">
				<ele>791.656494</ele>
				<time>2026-06-19T02:52:31Z</time>
			</trkpt>
			<trkpt lat="63.744083" lon="-149.290512">
				<ele>792.088074</ele>
				<time>2026-06-19T02:52:34Z</time>
			</trkpt>
			<trkpt lat="63.744053" lon="-149.290512">
				<ele>792.250916</ele>
				<time>2026-06-19T02:52:36Z</time>
			</trkpt>
			<trkpt lat="63.74403" lon="-149.290527">
				<ele>791.470154</ele>
				<time>2026-06-19T02:52:38Z</time>
			</trkpt>
			<trkpt lat="63.744003" lon="-149.290527">
				<ele>791.309265</ele>
				<time>2026-06-19T02:52:40Z</time>
			</trkpt>
			<trkpt lat="63.74398" lon="-149.290527">
				<ele>791.674072</ele>
				<time>2026-06-19T02:52:42Z</time>
			</trkpt>
			<trkpt lat="63.743958" lon="-149.290497">
				<ele>791.823608</ele>
				<time>2026-06-19T02:52:44Z</time>
			</trkpt>
			<trkpt lat="63.743938" lon="-149.290466">
				<ele>792.674377</ele>
				<time>2026-06-19T02:52:46Z</time>
			</trkpt>
			<trkpt lat="63.743919" lon="-149.290421">
				<ele>792.64624</ele>
				<time>2026-06-19T02:52:48Z</time>
			</trkpt>
			<trkpt lat="63.743919" lon="-149.290421">
				<ele>792.64624</ele>
				<time>2026-06-19T02:52:48Z</time>
			</trkpt>
			<trkpt lat="63.743893" lon="-149.29039">
				<ele>791.295593</ele>
				<time>2026-06-19T02:52:51Z</time>
			</trkpt>
			<trkpt lat="63.74387" lon="-149.290359">
				<ele>792.071167</ele>
				<time>2026-06-19T02:52:53Z</time>
			</trkpt>
			<trkpt lat="63.743835" lon="-149.290359">
				<ele>792.198425</ele>
				<time>2026-06-19T02:52:56Z</time>
			</trkpt>
			<trkpt lat="63.743813" lon="-149.290375">
				<ele>792.635803</ele>
				<time>2026-06-19T02:52:59Z</time>
			</trkpt>
			<trkpt lat="63.743774" lon="-149.290359">
				<ele>792.342468</ele>
				<time>2026-06-19T02:53:02Z</time>
			</trkpt>
			<trkpt lat="63.743748" lon="-149.290329">
				<ele>792.624207</ele>
				<time>2026-06-19T02:53:05Z</time>
			</trkpt>
			<trkpt lat="63.743713" lon="-149.290314">
				<ele>792.51355</ele>
				<time>2026-06-19T02:53:08Z</time>
			</trkpt>
			<trkpt lat="63.743713" lon="-149.290314">
				<ele>792.51355</ele>
				<time>2026-06-19T02:53:08Z</time>
			</trkpt>
			<trkpt lat="63.74369" lon="-149.290283">
				<ele>792.668518</ele>
				<time>2026-06-19T02:53:11Z</time>
			</trkpt>
			<trkpt lat="63.743664" lon="-149.290283">
				<ele>792.39856</ele>
				<time>2026-06-19T02:53:13Z</time>
			</trkpt>
			<trkpt lat="63.743629" lon="-149.290283">
				<ele>792.454895</ele>
				<time>2026-06-19T02:53:16Z</time>
			</trkpt>
			<trkpt lat="63.743603" lon="-149.290298">
				<ele>793.015686</ele>
				<time>2026-06-19T02:53:19Z</time>
			</trkpt>
			<trkpt lat="63.743572" lon="-149.290283">
				<ele>793.41449</ele>
				<time>2026-06-19T02:53:22Z</time>
			</trkpt>
			<trkpt lat="63.743546" lon="-149.290237">
				<ele>792.71991</ele>
				<time>2026-06-19T02:53:25Z</time>
			</trkpt>
			<trkpt lat="63.743519" lon="-149.290222">
				<ele>792.433899</ele>
				<time>2026-06-19T02:53:27Z</time>
			</trkpt>
			<trkpt lat="63.743519" lon="-149.290222">
				<ele>792.433899</ele>
				<time>2026-06-19T02:53:27Z</time>
			</trkpt>
			<trkpt lat="63.7435" lon="-149.290192">
				<ele>792.603455</ele>
				<time>2026-06-19T02:53:29Z</time>
			</trkpt>
			<trkpt lat="63.743465" lon="-149.290222">
				<ele>792.9151</ele>
				<time>2026-06-19T02:53:32Z</time>
			</trkpt>
			<trkpt lat="63.743443" lon="-149.290222">
				<ele>793.086914</ele>
				<time>2026-06-19T02:53:34Z</time>
			</trkpt>
			<trkpt lat="63.743408" lon="-149.290222">
				<ele>793.889465</ele>
				<time>2026-06-19T02:53:37Z</time>
			</trkpt>
			<trkpt lat="63.743359" lon="-149.290222">
				<ele>794.343872</ele>
				<time>2026-06-19T02:53:43Z</time>
			</trkpt>
			<trkpt lat="63.743336" lon="-149.290207">
				<ele>794.075745</ele>
				<time>2026-06-19T02:53:45Z</time>
			</trkpt>
			<trkpt lat="63.743305" lon="-149.290192">
				<ele>795.097656</ele>
				<time>2026-06-19T02:53:47Z</time>
			</trkpt>
			<trkpt lat="63.743305" lon="-149.290192">
				<ele>795.097656</ele>
				<time>2026-06-19T02:53:47Z</time>
			</trkpt>
			<trkpt lat="63.743275" lon="-149.290161">
				<ele>794.968811</ele>
				<time>2026-06-19T02:53:50Z</time>
			</trkpt>
			<trkpt lat="63.743244" lon="-149.290161">
				<ele>795.633484</ele>
				<time>2026-06-19T02:53:53Z</time>
			</trkpt>
			<trkpt lat="63.743221" lon="-149.290146">
				<ele>795.839294</ele>
				<time>2026-06-19T02:53:56Z</time>
			</trkpt>
			<trkpt lat="63.743195" lon="-149.290131">
				<ele>795.219788</ele>
				<time>2026-06-19T02:53:58Z</time>
			</trkpt>
			<trkpt lat="63.743176" lon="-149.2901">
				<ele>795.614746</ele>
				<time>2026-06-19T02:54:00Z</time>
			</trkpt>
			<trkpt lat="63.743141" lon="-149.290085">
				<ele>795.711365</ele>
				<time>2026-06-19T02:54:03Z</time>
			</trkpt>
			<trkpt lat="63.743111" lon="-149.290085">
				<ele>795.973694</ele>
				<time>2026-06-19T02:54:06Z</time>
			</trkpt>
			<trkpt lat="63.743111" lon="-149.290085">
				<ele>795.973694</ele>
				<time>2026-06-19T02:54:06Z</time>
			</trkpt>
			<trkpt lat="63.743076" lon="-149.290085">
				<ele>795.057129</ele>
				<time>2026-06-19T02:54:09Z</time>
			</trkpt>
			<trkpt lat="63.743057" lon="-149.290054">
				<ele>794.904907</ele>
				<time>2026-06-19T02:54:11Z</time>
			</trkpt>
			<trkpt lat="63.743027" lon="-149.290085">
				<ele>795.680847</ele>
				<time>2026-06-19T02:54:14Z</time>
			</trkpt>
			<trkpt lat="63.742996" lon="-149.290085">
				<ele>795.725952</ele>
				<time>2026-06-19T02:54:16Z</time>
			</trkpt>
			<trkpt lat="63.742901" lon="-149.290024">
				<ele>798.428284</ele>
				<time>2026-06-19T02:54:25Z</time>
			</trkpt>
			<trkpt lat="63.742901" lon="-149.290024">
				<ele>798.428284</ele>
				<time>2026-06-19T02:54:25Z</time>
			</trkpt>
			<trkpt lat="63.742878" lon="-149.290024">
				<ele>798.873108</ele>
				<time>2026-06-19T02:54:27Z</time>
			</trkpt>
			<trkpt lat="63.742855" lon="-149.290039">
				<ele>798.620239</ele>
				<time>2026-06-19T02:54:29Z</time>
			</trkpt>
			<trkpt lat="63.742828" lon="-149.290039">
				<ele>799.216675</ele>
				<time>2026-06-19T02:54:31Z</time>
			</trkpt>
			<trkpt lat="63.742798" lon="-149.290024">
				<ele>799.394165</ele>
				<time>2026-06-19T02:54:34Z</time>
			</trkpt>
			<trkpt lat="63.742771" lon="-149.290009">
				<ele>798.843079</ele>
				<time>2026-06-19T02:54:37Z</time>
			</trkpt>
			<trkpt lat="63.742744" lon="-149.290024">
				<ele>799.99353</ele>
				<time>2026-06-19T02:54:39Z</time>
			</trkpt>
			<trkpt lat="63.742706" lon="-149.289978">
				<ele>799.580139</ele>
				<time>2026-06-19T02:54:42Z</time>
			</trkpt>
			<trkpt lat="63.742672" lon="-149.289978">
				<ele>800.604187</ele>
				<time>2026-06-19T02:54:45Z</time>
			</trkpt>
			<trkpt lat="63.742672" lon="-149.289978">
				<ele>800.604187</ele>
				<time>2026-06-19T02:54:45Z</time>
			</trkpt>
			<trkpt lat="63.742645" lon="-149.290009">
				<ele>800.749939</ele>
				<time>2026-06-19T02:54:47Z</time>
			</trkpt>
			<trkpt lat="63.742615" lon="-149.290024">
				<ele>802.113831</ele>
				<time>2026-06-19T02:54:49Z</time>
			</trkpt>
			<trkpt lat="63.742596" lon="-149.290054">
				<ele>802.99469</ele>
				<time>2026-06-19T02:54:51Z</time>
			</trkpt>
			<trkpt lat="63.742561" lon="-149.290054">
				<ele>804.028687</ele>
				<time>2026-06-19T02:54:54Z</time>
			</trkpt>
			<trkpt lat="63.742531" lon="-149.290024">
				<ele>803.932495</ele>
				<time>2026-06-19T02:54:57Z</time>
			</trkpt>
			<trkpt lat="63.742493" lon="-149.290024">
				<ele>803.026978</ele>
				<time>2026-06-19T02:55:00Z</time>
			</trkpt>
			<trkpt lat="63.742462" lon="-149.290024">
				<ele>803.735352</ele>
				<time>2026-06-19T02:55:03Z</time>
			</trkpt>
			<trkpt lat="63.742432" lon="-149.290009">
				<ele>803.632446</ele>
				<time>2026-06-19T02:55:06Z</time>
			</trkpt>
			<trkpt lat="63.742432" lon="-149.290009">
				<ele>803.632446</ele>
				<time>2026-06-19T02:55:06Z</time>
			</trkpt>
			<trkpt lat="63.742397" lon="-149.289993">
				<ele>803.328003</ele>
				<time>2026-06-19T02:55:09Z</time>
			</trkpt>
			<trkpt lat="63.742371" lon="-149.289963">
				<ele>803.782227</ele>
				<time>2026-06-19T02:55:12Z</time>
			</trkpt>
			<trkpt lat="63.742336" lon="-149.289932">
				<ele>802.990417</ele>
				<time>2026-06-19T02:55:15Z</time>
			</trkpt>
			<trkpt lat="63.742306" lon="-149.289886">
				<ele>802.549866</ele>
				<time>2026-06-19T02:55:18Z</time>
			</trkpt>
			<trkpt lat="63.742283" lon="-149.289856">
				<ele>802.75116</ele>
				<time>2026-06-19T02:55:20Z</time>
			</trkpt>
			<trkpt lat="63.742256" lon="-149.28981">
				<ele>802.65271</ele>
				<time>2026-06-19T02:55:23Z</time>
			</trkpt>
			<trkpt lat="63.742233" lon="-149.289795">
				<ele>801.870544</ele>
				<time>2026-06-19T02:55:26Z</time>
			</trkpt>
			<trkpt lat="63.742233" lon="-149.289795">
				<ele>801.870544</ele>
				<time>2026-06-19T02:55:26Z</time>
			</trkpt>
			<trkpt lat="63.742203" lon="-149.28978">
				<ele>801.596558</ele>
				<time>2026-06-19T02:55:28Z</time>
			</trkpt>
			<trkpt lat="63.742172" lon="-149.289749">
				<ele>801.65271</ele>
				<time>2026-06-19T02:55:31Z</time>
			</trkpt>
			<trkpt lat="63.742149" lon="-149.28978">
				<ele>801.121155</ele>
				<time>2026-06-19T02:55:34Z</time>
			</trkpt>
			<trkpt lat="63.742119" lon="-149.289764">
				<ele>801.092346</ele>
				<time>2026-06-19T02:55:37Z</time>
			</trkpt>
			<trkpt lat="63.742077" lon="-149.289749">
				<ele>801.859802</ele>
				<time>2026-06-19T02:55:40Z</time>
			</trkpt>
			<trkpt lat="63.742043" lon="-149.289749">
				<ele>802.171143</ele>
				<time>2026-06-19T02:55:43Z</time>
			</trkpt>
			<trkpt lat="63.742012" lon="-149.289749">
				<ele>801.6651</ele>
				<time>2026-06-19T02:55:46Z</time>
			</trkpt>
			<trkpt lat="63.742012" lon="-149.289749">
				<ele>801.6651</ele>
				<time>2026-06-19T02:55:46Z</time>
			</trkpt>
			<trkpt lat="63.741985" lon="-149.289734">
				<ele>801.585266</ele>
				<time>2026-06-19T02:55:48Z</time>
			</trkpt>
			<trkpt lat="63.741959" lon="-149.289734">
				<ele>801.024719</ele>
				<time>2026-06-19T02:55:50Z</time>
			</trkpt>
			<trkpt lat="63.74194" lon="-149.289688">
				<ele>801.364136</ele>
				<time>2026-06-19T02:55:52Z</time>
			</trkpt>
			<trkpt lat="63.741913" lon="-149.289673">
				<ele>801.513855</ele>
				<time>2026-06-19T02:55:55Z</time>
			</trkpt>
			<trkpt lat="63.74189" lon="-149.289719">
				<ele>802.180115</ele>
				<time>2026-06-19T02:55:58Z</time>
			</trkpt>
			<trkpt lat="63.741863" lon="-149.289749">
				<ele>801.453979</ele>
				<time>2026-06-19T02:56:01Z</time>
			</trkpt>
			<trkpt lat="63.74184" lon="-149.289764">
				<ele>801.546204</ele>
				<time>2026-06-19T02:56:03Z</time>
			</trkpt>
			<trkpt lat="63.74181" lon="-149.289764">
				<ele>802.002991</ele>
				<time>2026-06-19T02:56:05Z</time>
			</trkpt>
			<trkpt lat="63.74181" lon="-149.289764">
				<ele>802.002991</ele>
				<time>2026-06-19T02:56:05Z</time>
			</trkpt>
			<trkpt lat="63.741779" lon="-149.289749">
				<ele>802.241699</ele>
				<time>2026-06-19T02:56:08Z</time>
			</trkpt>
			<trkpt lat="63.741756" lon="-149.289764">
				<ele>802.386902</ele>
				<time>2026-06-19T02:56:10Z</time>
			</trkpt>
			<trkpt lat="63.741741" lon="-149.28981">
				<ele>802.238037</ele>
				<time>2026-06-19T02:56:12Z</time>
			</trkpt>
			<trkpt lat="63.741707" lon="-149.289825">
				<ele>802.663696</ele>
				<time>2026-06-19T02:56:15Z</time>
			</trkpt>
			<trkpt lat="63.741684" lon="-149.289856">
				<ele>802.279968</ele>
				<time>2026-06-19T02:56:18Z</time>
			</trkpt>
			<trkpt lat="63.741657" lon="-149.289871">
				<ele>801.811096</ele>
				<time>2026-06-19T02:56:21Z</time>
			</trkpt>
			<trkpt lat="63.741631" lon="-149.289886">
				<ele>802.0177</ele>
				<time>2026-06-19T02:56:24Z</time>
			</trkpt>
			<trkpt lat="63.741631" lon="-149.289886">
				<ele>802.0177</ele>
				<time>2026-06-19T02:56:24Z</time>
			</trkpt>
			<trkpt lat="63.741604" lon="-149.289886">
				<ele>802.309265</ele>
				<time>2026-06-19T02:56:26Z</time>
			</trkpt>
			<trkpt lat="63.741577" lon="-149.289871">
				<ele>802.330872</ele>
				<time>2026-06-19T02:56:28Z</time>
			</trkpt>
			<trkpt lat="63.74155" lon="-149.289886">
				<ele>802.158447</ele>
				<time>2026-06-19T02:56:31Z</time>
			</trkpt>
			<trkpt lat="63.741528" lon="-149.289932">
				<ele>802.572998</ele>
				<time>2026-06-19T02:56:35Z</time>
			</trkpt>
			<trkpt lat="63.741508" lon="-149.289948">
				<ele>802.107483</ele>
				<time>2026-06-19T02:56:37Z</time>
			</trkpt>
			<trkpt lat="63.741478" lon="-149.289963">
				<ele>803.138977</ele>
				<time>2026-06-19T02:56:40Z</time>
			</trkpt>
			<trkpt lat="63.741447" lon="-149.289978">
				<ele>802.739563</ele>
				<time>2026-06-19T02:56:42Z</time>
			</trkpt>
			<trkpt lat="63.741428" lon="-149.290024">
				<ele>802.449341</ele>
				<time>2026-06-19T02:56:44Z</time>
			</trkpt>
			<trkpt lat="63.741428" lon="-149.290024">
				<ele>802.449341</ele>
				<time>2026-06-19T02:56:44Z</time>
			</trkpt>
			<trkpt lat="63.741402" lon="-149.29007">
				<ele>802.340088</ele>
				<time>2026-06-19T02:56:47Z</time>
			</trkpt>
			<trkpt lat="63.741371" lon="-149.2901">
				<ele>802.016541</ele>
				<time>2026-06-19T02:56:50Z</time>
			</trkpt>
			<trkpt lat="63.741344" lon="-149.290146">
				<ele>802.853027</ele>
				<time>2026-06-19T02:56:53Z</time>
			</trkpt>
			<trkpt lat="63.741322" lon="-149.290192">
				<ele>802.620056</ele>
				<time>2026-06-19T02:56:55Z</time>
			</trkpt>
			<trkpt lat="63.741291" lon="-149.290237">
				<ele>802.255676</ele>
				<time>2026-06-19T02:56:58Z</time>
			</trkpt>
			<trkpt lat="63.741261" lon="-149.290268">
				<ele>800.536377</ele>
				<time>2026-06-19T02:57:02Z</time>
			</trkpt>
			<trkpt lat="63.74123" lon="-149.290314">
				<ele>800.997681</ele>
				<time>2026-06-19T02:57:05Z</time>
			</trkpt>
			<trkpt lat="63.74123" lon="-149.290314">
				<ele>800.997681</ele>
				<time>2026-06-19T02:57:05Z</time>
			</trkpt>
			<trkpt lat="63.741203" lon="-149.290329">
				<ele>800.773865</ele>
				<time>2026-06-19T02:57:07Z</time>
			</trkpt>
			<trkpt lat="63.741169" lon="-149.290359">
				<ele>799.561768</ele>
				<time>2026-06-19T02:57:10Z</time>
			</trkpt>
			<trkpt lat="63.74115" lon="-149.29039">
				<ele>800.018433</ele>
				<time>2026-06-19T02:57:12Z</time>
			</trkpt>
			<trkpt lat="63.741127" lon="-149.290451">
				<ele>799.210693</ele>
				<time>2026-06-19T02:57:15Z</time>
			</trkpt>
			<trkpt lat="63.741104" lon="-149.290482">
				<ele>800.372498</ele>
				<time>2026-06-19T02:57:17Z</time>
			</trkpt>
			<trkpt lat="63.741081" lon="-149.290497">
				<ele>800.871765</ele>
				<time>2026-06-19T02:57:19Z</time>
			</trkpt>
			<trkpt lat="63.741047" lon="-149.290527">
				<ele>800.867249</ele>
				<time>2026-06-19T02:57:22Z</time>
			</trkpt>
			<trkpt lat="63.74102" lon="-149.290573">
				<ele>800.348206</ele>
				<time>2026-06-19T02:57:25Z</time>
			</trkpt>
			<trkpt lat="63.74102" lon="-149.290573">
				<ele>800.348206</ele>
				<time>2026-06-19T02:57:25Z</time>
			</trkpt>
			<trkpt lat="63.740993" lon="-149.290619">
				<ele>800.792664</ele>
				<time>2026-06-19T02:57:28Z</time>
			</trkpt>
			<trkpt lat="63.740971" lon="-149.290649">
				<ele>799.621643</ele>
				<time>2026-06-19T02:57:30Z</time>
			</trkpt>
			<trkpt lat="63.740948" lon="-149.290695">
				<ele>798.626831</ele>
				<time>2026-06-19T02:57:33Z</time>
			</trkpt>
			<trkpt lat="63.740925" lon="-149.290741">
				<ele>798.637756</ele>
				<time>2026-06-19T02:57:37Z</time>
			</trkpt>
			<trkpt lat="63.740921" lon="-149.290802">
				<ele>797.702148</ele>
				<time>2026-06-19T02:57:40Z</time>
			</trkpt>
			<trkpt lat="63.740887" lon="-149.290817">
				<ele>797.768555</ele>
				<time>2026-06-19T02:57:43Z</time>
			</trkpt>
			<trkpt lat="63.740871" lon="-149.290878">
				<ele>797.935181</ele>
				<time>2026-06-19T02:57:46Z</time>
			</trkpt>
			<trkpt lat="63.740871" lon="-149.290878">
				<ele>797.935181</ele>
				<time>2026-06-19T02:57:46Z</time>
			</trkpt>
			<trkpt lat="63.740849" lon="-149.290939">
				<ele>798.786743</ele>
				<time>2026-06-19T02:57:49Z</time>
			</trkpt>
			<trkpt lat="63.740799" lon="-149.291031">
				<ele>797.381958</ele>
				<time>2026-06-19T02:57:54Z</time>
			</trkpt>
			<trkpt lat="63.740772" lon="-149.291061">
				<ele>796.290222</ele>
				<time>2026-06-19T02:57:58Z</time>
			</trkpt>
			<trkpt lat="63.740757" lon="-149.291107">
				<ele>797.153625</ele>
				<time>2026-06-19T02:58:01Z</time>
			</trkpt>
			<trkpt lat="63.740734" lon="-149.291153">
				<ele>797.057007</ele>
				<time>2026-06-19T02:58:03Z</time>
			</trkpt>
			<trkpt lat="63.740707" lon="-149.291183">
				<ele>796.488342</ele>
				<time>2026-06-19T02:58:05Z</time>
			</trkpt>
			<trkpt lat="63.740707" lon="-149.291183">
				<ele>796.488342</ele>
				<time>2026-06-19T02:58:05Z</time>
			</trkpt>
			<trkpt lat="63.740658" lon="-149.29126">
				<ele>796.056213</ele>
				<time>2026-06-19T02:58:10Z</time>
			</trkpt>
			<trkpt lat="63.740631" lon="-149.291275">
				<ele>795.848328</ele>
				<time>2026-06-19T02:58:12Z</time>
			</trkpt>
			<trkpt lat="63.740604" lon="-149.291306">
				<ele>796.19397</ele>
				<time>2026-06-19T02:58:14Z</time>
			</trkpt>
			<trkpt lat="63.740582" lon="-149.291351">
				<ele>795.446289</ele>
				<time>2026-06-19T02:58:17Z</time>
			</trkpt>
			<trkpt lat="63.740555" lon="-149.291367">
				<ele>795.767273</ele>
				<time>2026-06-19T02:58:19Z</time>
			</trkpt>
			<trkpt lat="63.740524" lon="-149.291382">
				<ele>796.595764</ele>
				<time>2026-06-19T02:58:22Z</time>
			</trkpt>
			<trkpt lat="63.740494" lon="-149.291428">
				<ele>795.165405</ele>
				<time>2026-06-19T02:58:25Z</time>
			</trkpt>
			<trkpt lat="63.740494" lon="-149.291428">
				<ele>795.165405</ele>
				<time>2026-06-19T02:58:25Z</time>
			</trkpt>
			<trkpt lat="63.740463" lon="-149.291458">
				<ele>794.670959</ele>
				<time>2026-06-19T02:58:28Z</time>
			</trkpt>
			<trkpt lat="63.740429" lon="-149.291473">
				<ele>794.675964</ele>
				<time>2026-06-19T02:58:33Z</time>
			</trkpt>
			<trkpt lat="63.740398" lon="-149.291458">
				<ele>795.45166</ele>
				<time>2026-06-19T02:58:36Z</time>
			</trkpt>
			<trkpt lat="63.740364" lon="-149.291443">
				<ele>795.724731</ele>
				<time>2026-06-19T02:58:39Z</time>
			</trkpt>
			<trkpt lat="63.740337" lon="-149.291458">
				<ele>795.494324</ele>
				<time>2026-06-19T02:58:42Z</time>
			</trkpt>
			<trkpt lat="63.740311" lon="-149.291489">
				<ele>795.776184</ele>
				<time>2026-06-19T02:58:46Z</time>
			</trkpt>
			<trkpt lat="63.740311" lon="-149.291489">
				<ele>795.776184</ele>
				<time>2026-06-19T02:58:46Z</time>
			</trkpt>
			<trkpt lat="63.740288" lon="-149.291504">
				<ele>796.34259</ele>
				<time>2026-06-19T02:58:48Z</time>
			</trkpt>
			<trkpt lat="63.740261" lon="-149.291534">
				<ele>796.51532</ele>
				<time>2026-06-19T02:58:50Z</time>
			</trkpt>
			<trkpt lat="63.740223" lon="-149.291534">
				<ele>796.935974</ele>
				<time>2026-06-19T02:58:53Z</time>
			</trkpt>
			<trkpt lat="63.740189" lon="-149.291519">
				<ele>797.067871</ele>
				<time>2026-06-19T02:58:56Z</time>
			</trkpt>
			<trkpt lat="63.740143" lon="-149.291534">
				<ele>797.48645</ele>
				<time>2026-06-19T02:59:00Z</time>
			</trkpt>
			<trkpt lat="63.740116" lon="-149.291565">
				<ele>798.080933</ele>
				<time>2026-06-19T02:59:02Z</time>
			</trkpt>
			<trkpt lat="63.740093" lon="-149.291595">
				<ele>798.226929</ele>
				<time>2026-06-19T02:59:04Z</time>
			</trkpt>
			<trkpt lat="63.74007" lon="-149.291611">
				<ele>797.976196</ele>
				<time>2026-06-19T02:59:06Z</time>
			</trkpt>
			<trkpt lat="63.74007" lon="-149.291611">
				<ele>797.976196</ele>
				<time>2026-06-19T02:59:06Z</time>
			</trkpt>
			<trkpt lat="63.740044" lon="-149.291626">
				<ele>799.078369</ele>
				<time>2026-06-19T02:59:08Z</time>
			</trkpt>
			<trkpt lat="63.740013" lon="-149.291626">
				<ele>798.743652</ele>
				<time>2026-06-19T02:59:10Z</time>
			</trkpt>
			<trkpt lat="63.739986" lon="-149.291611">
				<ele>798.936584</ele>
				<time>2026-06-19T02:59:13Z</time>
			</trkpt>
			<trkpt lat="63.739964" lon="-149.291611">
				<ele>798.714294</ele>
				<time>2026-06-19T02:59:18Z</time>
			</trkpt>
			<trkpt lat="63.739941" lon="-149.291672">
				<ele>798.679626</ele>
				<time>2026-06-19T02:59:20Z</time>
			</trkpt>
			<trkpt lat="63.739918" lon="-149.291718">
				<ele>797.857849</ele>
				<time>2026-06-19T02:59:23Z</time>
			</trkpt>
			<trkpt lat="63.739895" lon="-149.291733">
				<ele>798.676575</ele>
				<time>2026-06-19T02:59:25Z</time>
			</trkpt>
			<trkpt lat="63.739895" lon="-149.291733">
				<ele>798.676575</ele>
				<time>2026-06-19T02:59:25Z</time>
			</trkpt>
			<trkpt lat="63.739864" lon="-149.291718">
				<ele>798.177307</ele>
				<time>2026-06-19T02:59:28Z</time>
			</trkpt>
			<trkpt lat="63.739834" lon="-149.291718">
				<ele>798.005676</ele>
				<time>2026-06-19T02:59:30Z</time>
			</trkpt>
			<trkpt lat="63.739807" lon="-149.291733">
				<ele>797.486389</ele>
				<time>2026-06-19T02:59:33Z</time>
			</trkpt>
			<trkpt lat="63.739784" lon="-149.291763">
				<ele>798.211975</ele>
				<time>2026-06-19T02:59:35Z</time>
			</trkpt>
			<trkpt lat="63.739754" lon="-149.291794">
				<ele>797.878967</ele>
				<time>2026-06-19T02:59:38Z</time>
			</trkpt>
			<trkpt lat="63.739731" lon="-149.291779">
				<ele>798.16803</ele>
				<time>2026-06-19T02:59:40Z</time>
			</trkpt>
			<trkpt lat="63.739708" lon="-149.291748">
				<ele>798.302246</ele>
				<time>2026-06-19T02:59:42Z</time>
			</trkpt>
			<trkpt lat="63.739685" lon="-149.291748">
				<ele>798.017883</ele>
				<time>2026-06-19T02:59:44Z</time>
			</trkpt>
			<trkpt lat="63.739685" lon="-149.291748">
				<ele>798.017883</ele>
				<time>2026-06-19T02:59:44Z</time>
			</trkpt>
			<trkpt lat="63.739658" lon="-149.291733">
				<ele>798.645081</ele>
				<time>2026-06-19T02:59:46Z</time>
			</trkpt>
			<trkpt lat="63.739628" lon="-149.291718">
				<ele>798.110413</ele>
				<time>2026-06-19T02:59:53Z</time>
			</trkpt>
			<trkpt lat="63.739597" lon="-149.291718">
				<ele>797.828735</ele>
				<time>2026-06-19T03:00:08Z</time>
			</trkpt>
			<trkpt lat="63.739597" lon="-149.291718">
				<ele>797.828735</ele>
				<time>2026-06-19T03:00:08Z</time>
			</trkpt>
			<trkpt lat="63.739586" lon="-149.291656">
				<ele>798.028625</ele>
				<time>2026-06-19T03:00:12Z</time>
			</trkpt>
			<trkpt lat="63.739586" lon="-149.291595">
				<ele>798.47937</ele>
				<time>2026-06-19T03:00:24Z</time>
			</trkpt>
			<trkpt lat="63.739555" lon="-149.291611">
				<ele>798.087463</ele>
				<time>2026-06-19T03:00:32Z</time>
			</trkpt>
			<trkpt lat="63.739555" lon="-149.291611">
				<ele>798.087463</ele>
				<time>2026-06-19T03:00:32Z</time>
			</trkpt>
			<trkpt lat="63.739529" lon="-149.291595">
				<ele>798.044495</ele>
				<time>2026-06-19T03:00:34Z</time>
			</trkpt>
			<trkpt lat="63.739494" lon="-149.29158">
				<ele>798.573975</ele>
				<time>2026-06-19T03:00:38Z</time>
			</trkpt>
			<trkpt lat="63.739475" lon="-149.291519">
				<ele>798.391907</ele>
				<time>2026-06-19T03:00:41Z</time>
			</trkpt>
			<trkpt lat="63.739452" lon="-149.291473">
				<ele>798.667725</ele>
				<time>2026-06-19T03:00:45Z</time>
			</trkpt>
			<trkpt lat="63.739426" lon="-149.291443">
				<ele>799.036316</ele>
				<time>2026-06-19T03:00:48Z</time>
			</trkpt>
			<trkpt lat="63.739407" lon="-149.291428">
				<ele>798.956299</ele>
				<time>2026-06-19T03:00:51Z</time>
			</trkpt>
			<trkpt lat="63.739407" lon="-149.291428">
				<ele>798.956299</ele>
				<time>2026-06-19T03:00:51Z</time>
			</trkpt>
			<trkpt lat="63.73938" lon="-149.291412">
				<ele>799.16449</ele>
				<time>2026-06-19T03:00:53Z</time>
			</trkpt>
			<trkpt lat="63.739357" lon="-149.291382">
				<ele>799.119019</ele>
				<time>2026-06-19T03:00:56Z</time>
			</trkpt>
			<trkpt lat="63.739307" lon="-149.291351">
				<ele>799.746521</ele>
				<time>2026-06-19T03:01:01Z</time>
			</trkpt>
			<trkpt lat="63.739285" lon="-149.291321">
				<ele>799.832092</ele>
				<time>2026-06-19T03:01:04Z</time>
			</trkpt>
			<trkpt lat="63.739262" lon="-149.29129">
				<ele>800.105896</ele>
				<time>2026-06-19T03:01:07Z</time>
			</trkpt>
			<trkpt lat="63.739231" lon="-149.291275">
				<ele>799.969604</ele>
				<time>2026-06-19T03:01:10Z</time>
			</trkpt>
			<trkpt lat="63.739231" lon="-149.291275">
				<ele>799.969604</ele>
				<time>2026-06-19T03:01:10Z</time>
			</trkpt>
			<trkpt lat="63.739197" lon="-149.291275">
				<ele>800.196716</ele>
				<time>2026-06-19T03:01:13Z</time>
			</trkpt>
			<trkpt lat="63.739174" lon="-149.291229">
				<ele>800.307129</ele>
				<time>2026-06-19T03:01:16Z</time>
			</trkpt>
			<trkpt lat="63.739147" lon="-149.291229">
				<ele>800.917725</ele>
				<time>2026-06-19T03:01:19Z</time>
			</trkpt>
			<trkpt lat="63.739113" lon="-149.291229">
				<ele>800.605408</ele>
				<time>2026-06-19T03:01:22Z</time>
			</trkpt>
			<trkpt lat="63.739086" lon="-149.291214">
				<ele>800.781006</ele>
				<time>2026-06-19T03:01:25Z</time>
			</trkpt>
			<trkpt lat="63.739056" lon="-149.291199">
				<ele>801.273865</ele>
				<time>2026-06-19T03:01:28Z</time>
			</trkpt>
			<trkpt lat="63.739037" lon="-149.291153">
				<ele>800.716492</ele>
				<time>2026-06-19T03:01:32Z</time>
			</trkpt>
			<trkpt lat="63.739037" lon="-149.291153">
				<ele>800.716492</ele>
				<time>2026-06-19T03:01:32Z</time>
			</trkpt>
			<trkpt lat="63.739002" lon="-149.291153">
				<ele>801.60083</ele>
				<time>2026-06-19T03:01:35Z</time>
			</trkpt>
			<trkpt lat="63.738972" lon="-149.291153">
				<ele>801.68689</ele>
				<time>2026-06-19T03:01:39Z</time>
			</trkpt>
			<trkpt lat="63.738937" lon="-149.291153">
				<ele>801.359741</ele>
				<time>2026-06-19T03:01:42Z</time>
			</trkpt>
			<trkpt lat="63.738907" lon="-149.291168">
				<ele>801.533447</ele>
				<time>2026-06-19T03:01:46Z</time>
			</trkpt>
			<trkpt lat="63.738876" lon="-149.291183">
				<ele>801.794373</ele>
				<time>2026-06-19T03:01:49Z</time>
			</trkpt>
			<trkpt lat="63.738842" lon="-149.291199">
				<ele>801.95697</ele>
				<time>2026-06-19T03:01:52Z</time>
			</trkpt>
			<trkpt lat="63.738842" lon="-149.291199">
				<ele>801.95697</ele>
				<time>2026-06-19T03:01:52Z</time>
			</trkpt>
			<trkpt lat="63.738819" lon="-149.291214">
				<ele>802.201721</ele>
				<time>2026-06-19T03:01:54Z</time>
			</trkpt>
			<trkpt lat="63.738792" lon="-149.291229">
				<ele>802.140991</ele>
				<time>2026-06-19T03:01:56Z</time>
			</trkpt>
			<trkpt lat="63.738762" lon="-149.291245">
				<ele>801.942017</ele>
				<time>2026-06-19T03:01:59Z</time>
			</trkpt>
			<trkpt lat="63.738705" lon="-149.29129">
				<ele>801.381836</ele>
				<time>2026-06-19T03:02:05Z</time>
			</trkpt>
			<trkpt lat="63.738689" lon="-149.291336">
				<ele>802.130859</ele>
				<time>2026-06-19T03:02:07Z</time>
			</trkpt>
			<trkpt lat="63.738663" lon="-149.291382">
				<ele>801.12616</ele>
				<time>2026-06-19T03:02:10Z</time>
			</trkpt>
			<trkpt lat="63.73864" lon="-149.291412">
				<ele>801.37085</ele>
				<time>2026-06-19T03:02:12Z</time>
			</trkpt>
			<trkpt lat="63.73864" lon="-149.291412">
				<ele>801.37085</ele>
				<time>2026-06-19T03:02:12Z</time>
			</trkpt>
			<trkpt lat="63.738617" lon="-149.291473">
				<ele>801.472351</ele>
				<time>2026-06-19T03:02:15Z</time>
			</trkpt>
			<trkpt lat="63.738598" lon="-149.291504">
				<ele>801.724976</ele>
				<time>2026-06-19T03:02:18Z</time>
			</trkpt>
			<trkpt lat="63.738583" lon="-149.291565">
				<ele>801.760132</ele>
				<time>2026-06-19T03:02:21Z</time>
			</trkpt>
			<trkpt lat="63.738564" lon="-149.291611">
				<ele>801.779419</ele>
				<time>2026-06-19T03:02:24Z</time>
			</trkpt>
			<trkpt lat="63.738548" lon="-149.291672">
				<ele>802.366638</ele>
				<time>2026-06-19T03:02:27Z</time>
			</trkpt>
			<trkpt lat="63.738529" lon="-149.291718">
				<ele>801.975159</ele>
				<time>2026-06-19T03:02:29Z</time>
			</trkpt>
			<trkpt lat="63.738514" lon="-149.291794">
				<ele>802.134216</ele>
				<time>2026-06-19T03:02:32Z</time>
			</trkpt>
			<trkpt lat="63.738514" lon="-149.291794">
				<ele>802.134216</ele>
				<time>2026-06-19T03:02:32Z</time>
			</trkpt>
			<trkpt lat="63.73851" lon="-149.291855">
				<ele>802.231445</ele>
				<time>2026-06-19T03:02:35Z</time>
			</trkpt>
			<trkpt lat="63.738503" lon="-149.291901">
				<ele>801.68634</ele>
				<time>2026-06-19T03:02:37Z</time>
			</trkpt>
			<trkpt lat="63.738499" lon="-149.291962">
				<ele>801.705444</ele>
				<time>2026-06-19T03:02:40Z</time>
			</trkpt>
			<trkpt lat="63.738506" lon="-149.292007">
				<ele>802.494568</ele>
				<time>2026-06-19T03:02:42Z</time>
			</trkpt>
			<trkpt lat="63.738514" lon="-149.292068">
				<ele>802.142761</ele>
				<time>2026-06-19T03:02:44Z</time>
			</trkpt>
			<trkpt lat="63.738533" lon="-149.292114">
				<ele>802.399231</ele>
				<time>2026-06-19T03:02:46Z</time>
			</trkpt>
			<trkpt lat="63.738579" lon="-149.292191">
				<ele>801.251404</ele>
				<time>2026-06-19T03:02:51Z</time>
			</trkpt>
			<trkpt lat="63.738579" lon="-149.292191">
				<ele>801.251404</ele>
				<time>2026-06-19T03:02:51Z</time>
			</trkpt>
			<trkpt lat="63.73859" lon="-149.292236">
				<ele>800.977966</ele>
				<time>2026-06-19T03:02:53Z</time>
			</trkpt>
			<trkpt lat="63.738605" lon="-149.292313">
				<ele>801.136353</ele>
				<time>2026-06-19T03:02:55Z</time>
			</trkpt>
			<trkpt lat="63.738628" lon="-149.292343">
				<ele>801.585754</ele>
				<time>2026-06-19T03:02:57Z</time>
			</trkpt>
			<trkpt lat="63.738651" lon="-149.292374">
				<ele>801.378296</ele>
				<time>2026-06-19T03:02:59Z</time>
			</trkpt>
			<trkpt lat="63.738667" lon="-149.292419">
				<ele>802.720093</ele>
				<time>2026-06-19T03:03:01Z</time>
			</trkpt>
			<trkpt lat="63.738682" lon="-149.292465">
				<ele>800.985046</ele>
				<time>2026-06-19T03:03:03Z</time>
			</trkpt>
			<trkpt lat="63.738693" lon="-149.292526">
				<ele>801.025757</ele>
				<time>2026-06-19T03:03:05Z</time>
			</trkpt>
			<trkpt lat="63.738708" lon="-149.292572">
				<ele>801.355652</ele>
				<time>2026-06-19T03:03:07Z</time>
			</trkpt>
			<trkpt lat="63.738716" lon="-149.292618">
				<ele>800.274475</ele>
				<time>2026-06-19T03:03:09Z</time>
			</trkpt>
			<trkpt lat="63.738724" lon="-149.292679">
				<ele>797.89679</ele>
				<time>2026-06-19T03:03:12Z</time>
			</trkpt>
			<trkpt lat="63.738724" lon="-149.292679">
				<ele>797.89679</ele>
				<time>2026-06-19T03:03:12Z</time>
			</trkpt>
			<trkpt lat="63.738743" lon="-149.29274">
				<ele>799.435974</ele>
				<time>2026-06-19T03:03:14Z</time>
			</trkpt>
			<trkpt lat="63.73875" lon="-149.292786">
				<ele>798.905273</ele>
				<time>2026-06-19T03:03:16Z</time>
			</trkpt>
			<trkpt lat="63.738762" lon="-149.292847">
				<ele>800.337585</ele>
				<time>2026-06-19T03:03:18Z</time>
			</trkpt>
			<trkpt lat="63.738777" lon="-149.292877">
				<ele>800.028564</ele>
				<time>2026-06-19T03:03:20Z</time>
			</trkpt>
			<trkpt lat="63.738785" lon="-149.292938">
				<ele>802.741028</ele>
				<time>2026-06-19T03:03:22Z</time>
			</trkpt>
			<trkpt lat="63.738785" lon="-149.292999">
				<ele>802.687683</ele>
				<time>2026-06-19T03:03:24Z</time>
			</trkpt>
			<trkpt lat="63.7388" lon="-149.29306">
				<ele>800.359924</ele>
				<time>2026-06-19T03:03:27Z</time>
			</trkpt>
			<trkpt lat="63.738811" lon="-149.293106">
				<ele>801.519714</ele>
				<time>2026-06-19T03:03:29Z</time>
			</trkpt>
			<trkpt lat="63.738811" lon="-149.293167">
				<ele>802.210632</ele>
				<time>2026-06-19T03:03:31Z</time>
			</trkpt>
			<trkpt lat="63.738811" lon="-149.293167">
				<ele>802.210632</ele>
				<time>2026-06-19T03:03:31Z</time>
			</trkpt>
			<trkpt lat="63.738823" lon="-149.293228">
				<ele>801.632996</ele>
				<time>2026-06-19T03:03:33Z</time>
			</trkpt>
			<trkpt lat="63.738819" lon="-149.293274">
				<ele>801.478027</ele>
				<time>2026-06-19T03:03:35Z</time>
			</trkpt>
			<trkpt lat="63.738827" lon="-149.293381">
				<ele>801.968384</ele>
				<time>2026-06-19T03:03:39Z</time>
			</trkpt>
			<trkpt lat="63.738838" lon="-149.293442">
				<ele>801.312073</ele>
				<time>2026-06-19T03:03:42Z</time>
			</trkpt>
			<trkpt lat="63.738842" lon="-149.293503">
				<ele>801.84375</ele>
				<time>2026-06-19T03:03:44Z</time>
			</trkpt>
			<trkpt lat="63.73885" lon="-149.293564">
				<ele>802.723999</ele>
				<time>2026-06-19T03:03:46Z</time>
			</trkpt>
			<trkpt lat="63.738857" lon="-149.29361">
				<ele>802.964844</ele>
				<time>2026-06-19T03:03:48Z</time>
			</trkpt>
			<trkpt lat="63.738865" lon="-149.293671">
				<ele>802.751587</ele>
				<time>2026-06-19T03:03:50Z</time>
			</trkpt>
			<trkpt lat="63.738865" lon="-149.293671">
				<ele>802.751587</ele>
				<time>2026-06-19T03:03:50Z</time>
			</trkpt>
			<trkpt lat="63.738869" lon="-149.293732">
				<ele>802.509399</ele>
				<time>2026-06-19T03:03:52Z</time>
			</trkpt>
			<trkpt lat="63.738876" lon="-149.293777">
				<ele>802.665527</ele>
				<time>2026-06-19T03:03:54Z</time>
			</trkpt>
			<trkpt lat="63.73888" lon="-149.293839">
				<ele>803.19696</ele>
				<time>2026-06-19T03:03:56Z</time>
			</trkpt>
			<trkpt lat="63.73888" lon="-149.2939">
				<ele>803.026794</ele>
				<time>2026-06-19T03:03:58Z</time>
			</trkpt>
			<trkpt lat="63.738884" lon="-149.294022">
				<ele>802.052612</ele>
				<time>2026-06-19T03:04:02Z</time>
			</trkpt>
			<trkpt lat="63.738884" lon="-149.294083">
				<ele>802.271912</ele>
				<time>2026-06-19T03:04:04Z</time>
			</trkpt>
			<trkpt lat="63.738888" lon="-149.294128">
				<ele>802.381714</ele>
				<time>2026-06-19T03:04:06Z</time>
			</trkpt>
			<trkpt lat="63.738903" lon="-149.294174">
				<ele>802.154907</ele>
				<time>2026-06-19T03:04:08Z</time>
			</trkpt>
			<trkpt lat="63.738899" lon="-149.294235">
				<ele>802.103516</ele>
				<time>2026-06-19T03:04:10Z</time>
			</trkpt>
			<trkpt lat="63.738899" lon="-149.294235">
				<ele>802.103516</ele>
				<time>2026-06-19T03:04:10Z</time>
			</trkpt>
			<trkpt lat="63.738907" lon="-149.294296">
				<ele>802.883972</ele>
				<time>2026-06-19T03:04:13Z</time>
			</trkpt>
			<trkpt lat="63.738914" lon="-149.294342">
				<ele>802.463745</ele>
				<time>2026-06-19T03:04:15Z</time>
			</trkpt>
			<trkpt lat="63.738918" lon="-149.294403">
				<ele>802.816833</ele>
				<time>2026-06-19T03:04:17Z</time>
			</trkpt>
			<trkpt lat="63.738922" lon="-149.294449">
				<ele>801.863586</ele>
				<time>2026-06-19T03:04:19Z</time>
			</trkpt>
			<trkpt lat="63.738937" lon="-149.294556">
				<ele>803.566956</ele>
				<time>2026-06-19T03:04:23Z</time>
			</trkpt>
			<trkpt lat="63.738941" lon="-149.294617">
				<ele>803.498718</ele>
				<time>2026-06-19T03:04:26Z</time>
			</trkpt>
			<trkpt lat="63.738949" lon="-149.294662">
				<ele>803.19342</ele>
				<time>2026-06-19T03:04:28Z</time>
			</trkpt>
			<trkpt lat="63.738949" lon="-149.294724">
				<ele>802.977905</ele>
				<time>2026-06-19T03:04:30Z</time>
			</trkpt>
			<trkpt lat="63.738949" lon="-149.294724">
				<ele>802.977905</ele>
				<time>2026-06-19T03:04:30Z</time>
			</trkpt>
			<trkpt lat="63.73896" lon="-149.2948">
				<ele>803.362183</ele>
				<time>2026-06-19T03:04:33Z</time>
			</trkpt>
			<trkpt lat="63.738968" lon="-149.294861">
				<ele>803.495422</ele>
				<time>2026-06-19T03:04:35Z</time>
			</trkpt>
			<trkpt lat="63.738976" lon="-149.294907">
				<ele>803.381653</ele>
				<time>2026-06-19T03:04:37Z</time>
			</trkpt>
			<trkpt lat="63.738976" lon="-149.294968">
				<ele>803.402039</ele>
				<time>2026-06-19T03:04:39Z</time>
			</trkpt>
			<trkpt lat="63.738976" lon="-149.295013">
				<ele>803.680176</ele>
				<time>2026-06-19T03:04:42Z</time>
			</trkpt>
			<trkpt lat="63.738983" lon="-149.29509">
				<ele>802.932495</ele>
				<time>2026-06-19T03:04:44Z</time>
			</trkpt>
			<trkpt lat="63.738979" lon="-149.295151">
				<ele>802.918579</ele>
				<time>2026-06-19T03:04:46Z</time>
			</trkpt>
			<trkpt lat="63.738979" lon="-149.295212">
				<ele>802.915344</ele>
				<time>2026-06-19T03:04:48Z</time>
			</trkpt>
			<trkpt lat="63.738983" lon="-149.295273">
				<ele>803.073303</ele>
				<time>2026-06-19T03:04:50Z</time>
			</trkpt>
			<trkpt lat="63.738983" lon="-149.295273">
				<ele>803.073303</ele>
				<time>2026-06-19T03:04:50Z</time>
			</trkpt>
			<trkpt lat="63.738983" lon="-149.295334">
				<ele>803.416016</ele>
				<time>2026-06-19T03:04:52Z</time>
			</trkpt>
			<trkpt lat="63.738987" lon="-149.29538">
				<ele>804.559326</ele>
				<time>2026-06-19T03:04:54Z</time>
			</trkpt>
			<trkpt lat="63.738983" lon="-149.295441">
				<ele>803.415588</ele>
				<time>2026-06-19T03:04:56Z</time>
			</trkpt>
			<trkpt lat="63.738991" lon="-149.295502">
				<ele>804.317322</ele>
				<time>2026-06-19T03:04:59Z</time>
			</trkpt>
			<trkpt lat="63.738987" lon="-149.295547">
				<ele>804.141052</ele>
				<time>2026-06-19T03:05:01Z</time>
			</trkpt>
			<trkpt lat="63.738998" lon="-149.295609">
				<ele>803.901733</ele>
				<time>2026-06-19T03:05:03Z</time>
			</trkpt>
			<trkpt lat="63.738998" lon="-149.295685">
				<ele>801.586182</ele>
				<time>2026-06-19T03:05:06Z</time>
			</trkpt>
			<trkpt lat="63.739002" lon="-149.295746">
				<ele>800.391968</ele>
				<time>2026-06-19T03:05:09Z</time>
			</trkpt>
			<trkpt lat="63.739002" lon="-149.295746">
				<ele>800.391968</ele>
				<time>2026-06-19T03:05:09Z</time>
			</trkpt>
			<trkpt lat="63.739044" lon="-149.295761">
				<ele>799.892944</ele>
				<time>2026-06-19T03:05:11Z</time>
			</trkpt>
			<trkpt lat="63.739067" lon="-149.295761">
				<ele>802.68866</ele>
				<time>2026-06-19T03:05:13Z</time>
			</trkpt>
			<trkpt lat="63.739098" lon="-149.295746">
				<ele>803.233704</ele>
				<time>2026-06-19T03:05:16Z</time>
			</trkpt>
			<trkpt lat="63.739128" lon="-149.295731">
				<ele>802.756531</ele>
				<time>2026-06-19T03:05:18Z</time>
			</trkpt>
			<trkpt lat="63.739147" lon="-149.295715">
				<ele>802.897583</ele>
				<time>2026-06-19T03:05:20Z</time>
			</trkpt>
			<trkpt lat="63.739185" lon="-149.2957">
				<ele>803.364624</ele>
				<time>2026-06-19T03:05:23Z</time>
			</trkpt>
			<trkpt lat="63.73922" lon="-149.29567">
				<ele>803.58551</ele>
				<time>2026-06-19T03:05:26Z</time>
			</trkpt>
			<trkpt lat="63.739243" lon="-149.29567">
				<ele>803.213379</ele>
				<time>2026-06-19T03:05:28Z</time>
			</trkpt>
			<trkpt lat="63.739243" lon="-149.29567">
				<ele>803.213379</ele>
				<time>2026-06-19T03:05:28Z</time>
			</trkpt>
			<trkpt lat="63.739269" lon="-149.295639">
				<ele>803.486145</ele>
				<time>2026-06-19T03:05:30Z</time>
			</trkpt>
			<trkpt lat="63.739296" lon="-149.295624">
				<ele>803.431396</ele>
				<time>2026-06-19T03:05:33Z</time>
			</trkpt>
			<trkpt lat="63.739319" lon="-149.295609">
				<ele>803.054199</ele>
				<time>2026-06-19T03:05:35Z</time>
			</trkpt>
			<trkpt lat="63.739338" lon="-149.295563">
				<ele>803.154297</ele>
				<time>2026-06-19T03:05:37Z</time>
			</trkpt>
			<trkpt lat="63.739353" lon="-149.295517">
				<ele>803.540283</ele>
				<time>2026-06-19T03:05:39Z</time>
			</trkpt>
			<trkpt lat="63.739372" lon="-149.295471">
				<ele>803.400208</ele>
				<time>2026-06-19T03:05:41Z</time>
			</trkpt>
			<trkpt lat="63.739391" lon="-149.295441">
				<ele>802.952515</ele>
				<time>2026-06-19T03:05:43Z</time>
			</trkpt>
			<trkpt lat="63.73941" lon="-149.29541">
				<ele>803.258911</ele>
				<time>2026-06-19T03:05:45Z</time>
			</trkpt>
			<trkpt lat="63.739426" lon="-149.295349">
				<ele>802.59021</ele>
				<time>2026-06-19T03:05:47Z</time>
			</trkpt>
			<trkpt lat="63.739426" lon="-149.295349">
				<ele>802.59021</ele>
				<time>2026-06-19T03:05:47Z</time>
			</trkpt>
			<trkpt lat="63.739449" lon="-149.295319">
				<ele>802.729248</ele>
				<time>2026-06-19T03:05:49Z</time>
			</trkpt>
			<trkpt lat="63.739471" lon="-149.295303">
				<ele>801.813721</ele>
				<time>2026-06-19T03:05:51Z</time>
			</trkpt>
			<trkpt lat="63.739506" lon="-149.295227">
				<ele>802.215088</ele>
				<time>2026-06-19T03:05:55Z</time>
			</trkpt>
			<trkpt lat="63.739517" lon="-149.295181">
				<ele>801.210083</ele>
				<time>2026-06-19T03:05:57Z</time>
			</trkpt>
			<trkpt lat="63.739532" lon="-149.295135">
				<ele>802.075989</ele>
				<time>2026-06-19T03:05:59Z</time>
			</trkpt>
			<trkpt lat="63.739548" lon="-149.295105">
				<ele>801.829041</ele>
				<time>2026-06-19T03:06:01Z</time>
			</trkpt>
			<trkpt lat="63.739567" lon="-149.295059">
				<ele>802.432007</ele>
				<time>2026-06-19T03:06:03Z</time>
			</trkpt>
			<trkpt lat="63.739597" lon="-149.294983">
				<ele>801.379272</ele>
				<time>2026-06-19T03:06:07Z</time>
			</trkpt>
			<trkpt lat="63.739597" lon="-149.294983">
				<ele>801.379272</ele>
				<time>2026-06-19T03:06:07Z</time>
			</trkpt>
			<trkpt lat="63.739613" lon="-149.294937">
				<ele>801.118958</ele>
				<time>2026-06-19T03:06:09Z</time>
			</trkpt>
			<trkpt lat="63.739635" lon="-149.294891">
				<ele>800.97522</ele>
				<time>2026-06-19T03:06:11Z</time>
			</trkpt>
			<trkpt lat="63.739651" lon="-149.294846">
				<ele>800.598328</ele>
				<time>2026-06-19T03:06:13Z</time>
			</trkpt>
			<trkpt lat="63.739662" lon="-149.294785">
				<ele>801.652222</ele>
				<time>2026-06-19T03:06:15Z</time>
			</trkpt>
			<trkpt lat="63.739677" lon="-149.294739">
				<ele>801.443481</ele>
				<time>2026-06-19T03:06:17Z</time>
			</trkpt>
			<trkpt lat="63.7397" lon="-149.294708">
				<ele>800.912354</ele>
				<time>2026-06-19T03:06:19Z</time>
			</trkpt>
			<trkpt lat="63.739719" lon="-149.294678">
				<ele>801.439636</ele>
				<time>2026-06-19T03:06:21Z</time>
			</trkpt>
			<trkpt lat="63.739738" lon="-149.294632">
				<ele>800.488342</ele>
				<time>2026-06-19T03:06:23Z</time>
			</trkpt>
			<trkpt lat="63.739758" lon="-149.294586">
				<ele>801.335876</ele>
				<time>2026-06-19T03:06:25Z</time>
			</trkpt>
			<trkpt lat="63.73978" lon="-149.294556">
				<ele>799.985413</ele>
				<time>2026-06-19T03:06:27Z</time>
			</trkpt>
			<trkpt lat="63.73978" lon="-149.294556">
				<ele>799.985413</ele>
				<time>2026-06-19T03:06:27Z</time>
			</trkpt>
			<trkpt lat="63.739819" lon="-149.294495">
				<ele>799.610352</ele>
				<time>2026-06-19T03:06:31Z</time>
			</trkpt>
			<trkpt lat="63.739834" lon="-149.294449">
				<ele>799.701111</ele>
				<time>2026-06-19T03:06:33Z</time>
			</trkpt>
			<trkpt lat="63.739853" lon="-149.294434">
				<ele>799.445068</ele>
				<time>2026-06-19T03:06:35Z</time>
			</trkpt>
			<trkpt lat="63.739876" lon="-149.294373">
				<ele>799.024353</ele>
				<time>2026-06-19T03:06:37Z</time>
			</trkpt>
			<trkpt lat="63.739899" lon="-149.294342">
				<ele>797.93457</ele>
				<time>2026-06-19T03:06:39Z</time>
			</trkpt>
			<trkpt lat="63.739937" lon="-149.294266">
				<ele>797.041077</ele>
				<time>2026-06-19T03:06:43Z</time>
			</trkpt>
			<trkpt lat="63.73996" lon="-149.294235">
				<ele>796.968445</ele>
				<time>2026-06-19T03:06:45Z</time>
			</trkpt>
			<trkpt lat="63.739983" lon="-149.294189">
				<ele>797.48822</ele>
				<time>2026-06-19T03:06:47Z</time>
			</trkpt>
			<trkpt lat="63.739983" lon="-149.294189">
				<ele>797.48822</ele>
				<time>2026-06-19T03:06:47Z</time>
			</trkpt>
			<trkpt lat="63.739998" lon="-149.294144">
				<ele>796.713379</ele>
				<time>2026-06-19T03:06:49Z</time>
			</trkpt>
			<trkpt lat="63.740025" lon="-149.294113">
				<ele>796.967163</ele>
				<time>2026-06-19T03:06:51Z</time>
			</trkpt>
			<trkpt lat="63.740044" lon="-149.294083">
				<ele>796.014282</ele>
				<time>2026-06-19T03:06:53Z</time>
			</trkpt>
			<trkpt lat="63.740063" lon="-149.294052">
				<ele>796.197021</ele>
				<time>2026-06-19T03:06:55Z</time>
			</trkpt>
			<trkpt lat="63.740086" lon="-149.294052">
				<ele>795.715149</ele>
				<time>2026-06-19T03:06:57Z</time>
			</trkpt>
			<trkpt lat="63.740112" lon="-149.294037">
				<ele>795.264343</ele>
				<time>2026-06-19T03:06:59Z</time>
			</trkpt>
			<trkpt lat="63.740131" lon="-149.294006">
				<ele>794.647156</ele>
				<time>2026-06-19T03:07:01Z</time>
			</trkpt>
			<trkpt lat="63.740158" lon="-149.294006">
				<ele>792.701294</ele>
				<time>2026-06-19T03:07:03Z</time>
			</trkpt>
			<trkpt lat="63.740128" lon="-149.294037">
				<ele>794.547241</ele>
				<time>2026-06-19T03:07:10Z</time>
			</trkpt>
			<trkpt lat="63.740128" lon="-149.294037">
				<ele>794.547241</ele>
				<time>2026-06-19T03:07:10Z</time>
			</trkpt>
			<trkpt lat="63.740105" lon="-149.294052">
				<ele>796.352966</ele>
				<time>2026-06-19T03:07:15Z</time>
			</trkpt>
		</trkseg>
	</trk>
</gpx>
