<?xml version="1.0"?>
<gpx xmlns="http://www.topografix.com/GPX/1/1" xmlns:xsi="http://www.w3.org/2001/XMLSchema-instance" version="1.1" creator="AllTrails.com" xsi:schemaLocation="http://www.topografix.com/GPX/1/1 http://www.topografix.com/GPX/1/1/gpx.xsd">
  <metadata>
    <name><![CDATA[Afternoon hike at Spruce Grove Campground Trail]]></name>
    <desc><![CDATA[]]></desc>
    <link href="http://www.alltrails.com">
      <text>AllTrails, LLC</text>
    </link>
    <bounds minlat="34.19534" minlon="-118.03146" maxlat="34.22118" maxlon="-118.01754"/>
  </metadata>
  <trk>
    <name><![CDATA[Afternoon hike at Spruce Grove Campground Trail]]></name>
    <src>AllTrails</src>
    <trkseg>
      <trkpt lat="34.19619" lon="-118.02244">
        <ele>651.06</ele>
        <time>2026-05-02T17:52:53Z</time>
      </trkpt>
      <trkpt lat="34.19619" lon="-118.02244">
        <ele>651.06</ele>
        <time>2026-05-02T17:55:29Z</time>
      </trkpt>
    </trkseg>
    <trkseg>
      <trkpt lat="34.19611" lon="-118.02263">
        <ele>656.81</ele>
        <time>2026-05-02T18:32:26Z</time>
      </trkpt>
      <trkpt lat="34.19608" lon="-118.02264">
        <ele>657.2</ele>
        <time>2026-05-02T18:32:29Z</time>
      </trkpt>
      <trkpt lat="34.19605" lon="-118.02265">
        <ele>657.65</ele>
        <time>2026-05-02T18:32:32Z</time>
      </trkpt>
      <trkpt lat="34.19602" lon="-118.02265">
        <ele>657.85</ele>
        <time>2026-05-02T18:32:35Z</time>
      </trkpt>
      <trkpt lat="34.19598" lon="-118.02265">
        <ele>658.02</ele>
        <time>2026-05-02T18:32:39Z</time>
      </trkpt>
      <trkpt lat="34.19595" lon="-118.02264">
        <ele>657.9</ele>
        <time>2026-05-02T18:32:43Z</time>
      </trkpt>
      <trkpt lat="34.19591" lon="-118.02264">
        <ele>658.02</ele>
        <time>2026-05-02T18:32:47Z</time>
      </trkpt>
      <trkpt lat="34.19587" lon="-118.02263">
        <ele>657.81</ele>
        <time>2026-05-02T18:32:51Z</time>
      </trkpt>
      <trkpt lat="34.19583" lon="-118.02263">
        <ele>657.79</ele>
        <time>2026-05-02T18:32:55Z</time>
      </trkpt>
      <trkpt lat="34.19579" lon="-118.02263">
        <ele>657.62</ele>
        <time>2026-05-02T18:32:59Z</time>
      </trkpt>
      <trkpt lat="34.19575" lon="-118.02263">
        <ele>657.44</ele>
        <time>2026-05-02T18:33:03Z</time>
      </trkpt>
      <trkpt lat="34.19571" lon="-118.02262">
        <ele>657.06</ele>
        <time>2026-05-02T18:33:07Z</time>
      </trkpt>
      <trkpt lat="34.19567" lon="-118.02261">
        <ele>656.57</ele>
        <time>2026-05-02T18:33:11Z</time>
      </trkpt>
      <trkpt lat="34.19563" lon="-118.0226">
        <ele>656.16</ele>
        <time>2026-05-02T18:33:15Z</time>
      </trkpt>
      <trkpt lat="34.1956" lon="-118.02258">
        <ele>655.86</ele>
        <time>2026-05-02T18:33:19Z</time>
      </trkpt>
      <trkpt lat="34.19556" lon="-118.02257">
        <ele>655.76</ele>
        <time>2026-05-02T18:33:23Z</time>
      </trkpt>
      <trkpt lat="34.19552" lon="-118.02256">
        <ele>655.65</ele>
        <time>2026-05-02T18:33:28Z</time>
      </trkpt>
      <trkpt lat="34.19547" lon="-118.02255">
        <ele>655.54</ele>
        <time>2026-05-02T18:33:33Z</time>
      </trkpt>
      <trkpt lat="34.19541" lon="-118.02252">
        <ele>655.34</ele>
        <time>2026-05-02T18:33:41Z</time>
      </trkpt>
      <trkpt lat="34.19534" lon="-118.02246">
        <ele>654.46</ele>
        <time>2026-05-02T18:33:56Z</time>
      </trkpt>
      <trkpt lat="34.19545" lon="-118.02243">
        <ele>652.84</ele>
        <time>2026-05-02T18:34:01Z</time>
      </trkpt>
      <trkpt lat="34.19553" lon="-118.02242">
        <ele>653.03</ele>
        <time>2026-05-02T18:34:03Z</time>
      </trkpt>
      <trkpt lat="34.19561" lon="-118.0224">
        <ele>652.81</ele>
        <time>2026-05-02T18:34:07Z</time>
      </trkpt>
      <trkpt lat="34.19568" lon="-118.02234">
        <ele>651.54</ele>
        <time>2026-05-02T18:34:17Z</time>
      </trkpt>
      <trkpt lat="34.19573" lon="-118.02228">
        <ele>650.2</ele>
        <time>2026-05-02T18:34:27Z</time>
      </trkpt>
      <trkpt lat="34.19579" lon="-118.02224">
        <ele>649.38</ele>
        <time>2026-05-02T18:34:35Z</time>
      </trkpt>
      <trkpt lat="34.19585" lon="-118.0222">
        <ele>647.38</ele>
        <time>2026-05-02T18:34:43Z</time>
      </trkpt>
      <trkpt lat="34.19591" lon="-118.02218">
        <ele>645.44</ele>
        <time>2026-05-02T18:34:50Z</time>
      </trkpt>
      <trkpt lat="34.19597" lon="-118.02216">
        <ele>642.85</ele>
        <time>2026-05-02T18:34:57Z</time>
      </trkpt>
      <trkpt lat="34.19603" lon="-118.02213">
        <ele>639.15</ele>
        <time>2026-05-02T18:35:04Z</time>
      </trkpt>
      <trkpt lat="34.19609" lon="-118.02211">
        <ele>638.62</ele>
        <time>2026-05-02T18:35:11Z</time>
      </trkpt>
      <trkpt lat="34.19615" lon="-118.02209">
        <ele>638.46</ele>
        <time>2026-05-02T18:35:18Z</time>
      </trkpt>
      <trkpt lat="34.19621" lon="-118.02206">
        <ele>638.11</ele>
        <time>2026-05-02T18:35:25Z</time>
      </trkpt>
      <trkpt lat="34.19627" lon="-118.02204">
        <ele>638.54</ele>
        <time>2026-05-02T18:35:32Z</time>
      </trkpt>
      <trkpt lat="34.19632" lon="-118.02201">
        <ele>638.16</ele>
        <time>2026-05-02T18:35:38Z</time>
      </trkpt>
      <trkpt lat="34.19636" lon="-118.02199">
        <ele>638.01</ele>
        <time>2026-05-02T18:35:43Z</time>
      </trkpt>
      <trkpt lat="34.1964" lon="-118.02197">
        <ele>637.95</ele>
        <time>2026-05-02T18:35:48Z</time>
      </trkpt>
      <trkpt lat="34.19643" lon="-118.02196">
        <ele>637.95</ele>
        <time>2026-05-02T18:35:52Z</time>
      </trkpt>
      <trkpt lat="34.19647" lon="-118.02194">
        <ele>637.58</ele>
        <time>2026-05-02T18:35:56Z</time>
      </trkpt>
      <trkpt lat="34.1965" lon="-118.02192">
        <ele>636.47</ele>
        <time>2026-05-02T18:36:00Z</time>
      </trkpt>
      <trkpt lat="34.19653" lon="-118.0219">
        <ele>635.37</ele>
        <time>2026-05-02T18:36:04Z</time>
      </trkpt>
      <trkpt lat="34.19655" lon="-118.02189">
        <ele>634.91</ele>
        <time>2026-05-02T18:36:07Z</time>
      </trkpt>
      <trkpt lat="34.19658" lon="-118.02187">
        <ele>633.97</ele>
        <time>2026-05-02T18:36:11Z</time>
      </trkpt>
      <trkpt lat="34.19662" lon="-118.02186">
        <ele>633.4</ele>
        <time>2026-05-02T18:36:15Z</time>
      </trkpt>
      <trkpt lat="34.19665" lon="-118.02184">
        <ele>631.98</ele>
        <time>2026-05-02T18:36:19Z</time>
      </trkpt>
      <trkpt lat="34.19668" lon="-118.02184">
        <ele>631.46</ele>
        <time>2026-05-02T18:36:23Z</time>
      </trkpt>
      <trkpt lat="34.19671" lon="-118.02186">
        <ele>631.48</ele>
        <time>2026-05-02T18:36:26Z</time>
      </trkpt>
      <trkpt lat="34.19674" lon="-118.02188">
        <ele>631.05</ele>
        <time>2026-05-02T18:36:29Z</time>
      </trkpt>
      <trkpt lat="34.19676" lon="-118.02189">
        <ele>630.63</ele>
        <time>2026-05-02T18:36:32Z</time>
      </trkpt>
      <trkpt lat="34.19679" lon="-118.0219">
        <ele>630.42</ele>
        <time>2026-05-02T18:36:35Z</time>
      </trkpt>
      <trkpt lat="34.19681" lon="-118.02192">
        <ele>630.85</ele>
        <time>2026-05-02T18:36:38Z</time>
      </trkpt>
      <trkpt lat="34.19684" lon="-118.02194">
        <ele>631.06</ele>
        <time>2026-05-02T18:36:41Z</time>
      </trkpt>
      <trkpt lat="34.19687" lon="-118.02195">
        <ele>630.86</ele>
        <time>2026-05-02T18:36:45Z</time>
      </trkpt>
      <trkpt lat="34.1969" lon="-118.02196">
        <ele>630.65</ele>
        <time>2026-05-02T18:36:49Z</time>
      </trkpt>
      <trkpt lat="34.19693" lon="-118.02194">
        <ele>630.05</ele>
        <time>2026-05-02T18:36:57Z</time>
      </trkpt>
      <trkpt lat="34.19696" lon="-118.02192">
        <ele>629.35</ele>
        <time>2026-05-02T18:37:01Z</time>
      </trkpt>
      <trkpt lat="34.19698" lon="-118.0219">
        <ele>628.84</ele>
        <time>2026-05-02T18:37:04Z</time>
      </trkpt>
      <trkpt lat="34.197" lon="-118.02188">
        <ele>628.43</ele>
        <time>2026-05-02T18:37:07Z</time>
      </trkpt>
      <trkpt lat="34.19703" lon="-118.02187">
        <ele>628.21</ele>
        <time>2026-05-02T18:37:10Z</time>
      </trkpt>
      <trkpt lat="34.19706" lon="-118.02186">
        <ele>627.82</ele>
        <time>2026-05-02T18:37:14Z</time>
      </trkpt>
      <trkpt lat="34.19708" lon="-118.02183">
        <ele>627.41</ele>
        <time>2026-05-02T18:37:18Z</time>
      </trkpt>
      <trkpt lat="34.19711" lon="-118.02181">
        <ele>627.12</ele>
        <time>2026-05-02T18:37:22Z</time>
      </trkpt>
      <trkpt lat="34.19713" lon="-118.02178">
        <ele>626.97</ele>
        <time>2026-05-02T18:37:26Z</time>
      </trkpt>
      <trkpt lat="34.19715" lon="-118.02175">
        <ele>625.08</ele>
        <time>2026-05-02T18:37:31Z</time>
      </trkpt>
      <trkpt lat="34.19712" lon="-118.02171">
        <ele>625.94</ele>
        <time>2026-05-02T18:37:37Z</time>
      </trkpt>
      <trkpt lat="34.19709" lon="-118.02166">
        <ele>624.81</ele>
        <time>2026-05-02T18:37:42Z</time>
      </trkpt>
      <trkpt lat="34.19705" lon="-118.02162">
        <ele>623.92</ele>
        <time>2026-05-02T18:37:47Z</time>
      </trkpt>
      <trkpt lat="34.197" lon="-118.0216">
        <ele>622.76</ele>
        <time>2026-05-02T18:37:52Z</time>
      </trkpt>
      <trkpt lat="34.19696" lon="-118.02159">
        <ele>621.68</ele>
        <time>2026-05-02T18:37:57Z</time>
      </trkpt>
      <trkpt lat="34.19691" lon="-118.02158">
        <ele>620.38</ele>
        <time>2026-05-02T18:38:01Z</time>
      </trkpt>
      <trkpt lat="34.19687" lon="-118.02157">
        <ele>619.3</ele>
        <time>2026-05-02T18:38:05Z</time>
      </trkpt>
      <trkpt lat="34.19682" lon="-118.02156">
        <ele>617.96</ele>
        <time>2026-05-02T18:38:09Z</time>
      </trkpt>
      <trkpt lat="34.19678" lon="-118.02155">
        <ele>616.73</ele>
        <time>2026-05-02T18:38:13Z</time>
      </trkpt>
      <trkpt lat="34.19674" lon="-118.02154">
        <ele>615.06</ele>
        <time>2026-05-02T18:38:17Z</time>
      </trkpt>
      <trkpt lat="34.19672" lon="-118.0215">
        <ele>612.9</ele>
        <time>2026-05-02T18:38:21Z</time>
      </trkpt>
      <trkpt lat="34.19673" lon="-118.02145">
        <ele>611.73</ele>
        <time>2026-05-02T18:38:24Z</time>
      </trkpt>
      <trkpt lat="34.19674" lon="-118.02142">
        <ele>611.43</ele>
        <time>2026-05-02T18:38:26Z</time>
      </trkpt>
      <trkpt lat="34.19675" lon="-118.02138">
        <ele>610.99</ele>
        <time>2026-05-02T18:38:28Z</time>
      </trkpt>
      <trkpt lat="34.19676" lon="-118.02136">
        <ele>611.09</ele>
        <time>2026-05-02T18:38:30Z</time>
      </trkpt>
      <trkpt lat="34.19678" lon="-118.02132">
        <ele>610.61</ele>
        <time>2026-05-02T18:38:33Z</time>
      </trkpt>
      <trkpt lat="34.1968" lon="-118.02129">
        <ele>610.38</ele>
        <time>2026-05-02T18:38:36Z</time>
      </trkpt>
      <trkpt lat="34.19683" lon="-118.02126">
        <ele>610.0</ele>
        <time>2026-05-02T18:38:39Z</time>
      </trkpt>
      <trkpt lat="34.19686" lon="-118.02126">
        <ele>611.16</ele>
        <time>2026-05-02T18:38:42Z</time>
      </trkpt>
      <trkpt lat="34.19688" lon="-118.02126">
        <ele>611.46</ele>
        <time>2026-05-02T18:38:45Z</time>
      </trkpt>
      <trkpt lat="34.19691" lon="-118.02126">
        <ele>611.91</ele>
        <time>2026-05-02T18:38:48Z</time>
      </trkpt>
      <trkpt lat="34.19694" lon="-118.02125">
        <ele>611.93</ele>
        <time>2026-05-02T18:38:51Z</time>
      </trkpt>
      <trkpt lat="34.19697" lon="-118.02125">
        <ele>612.0</ele>
        <time>2026-05-02T18:38:54Z</time>
      </trkpt>
      <trkpt lat="34.197" lon="-118.02124">
        <ele>611.57</ele>
        <time>2026-05-02T18:38:57Z</time>
      </trkpt>
      <trkpt lat="34.19703" lon="-118.02124">
        <ele>611.57</ele>
        <time>2026-05-02T18:39:00Z</time>
      </trkpt>
      <trkpt lat="34.19706" lon="-118.02123">
        <ele>610.96</ele>
        <time>2026-05-02T18:39:03Z</time>
      </trkpt>
      <trkpt lat="34.19709" lon="-118.02124">
        <ele>611.22</ele>
        <time>2026-05-02T18:39:06Z</time>
      </trkpt>
      <trkpt lat="34.19712" lon="-118.02124">
        <ele>611.02</ele>
        <time>2026-05-02T18:39:09Z</time>
      </trkpt>
      <trkpt lat="34.19715" lon="-118.02124">
        <ele>610.25</ele>
        <time>2026-05-02T18:39:12Z</time>
      </trkpt>
      <trkpt lat="34.19717" lon="-118.02125">
        <ele>610.19</ele>
        <time>2026-05-02T18:39:15Z</time>
      </trkpt>
      <trkpt lat="34.19721" lon="-118.02126">
        <ele>609.62</ele>
        <time>2026-05-02T18:39:19Z</time>
      </trkpt>
      <trkpt lat="34.19725" lon="-118.02127">
        <ele>608.43</ele>
        <time>2026-05-02T18:39:23Z</time>
      </trkpt>
      <trkpt lat="34.19728" lon="-118.02131">
        <ele>609.51</ele>
        <time>2026-05-02T18:39:27Z</time>
      </trkpt>
      <trkpt lat="34.1973" lon="-118.02135">
        <ele>610.51</ele>
        <time>2026-05-02T18:39:29Z</time>
      </trkpt>
      <trkpt lat="34.19732" lon="-118.02139">
        <ele>611.61</ele>
        <time>2026-05-02T18:39:32Z</time>
      </trkpt>
      <trkpt lat="34.19735" lon="-118.02142">
        <ele>609.47</ele>
        <time>2026-05-02T18:39:35Z</time>
      </trkpt>
      <trkpt lat="34.19738" lon="-118.02145">
        <ele>607.54</ele>
        <time>2026-05-02T18:39:39Z</time>
      </trkpt>
      <trkpt lat="34.1974" lon="-118.02148">
        <ele>606.47</ele>
        <time>2026-05-02T18:39:43Z</time>
      </trkpt>
      <trkpt lat="34.19742" lon="-118.02151">
        <ele>604.59</ele>
        <time>2026-05-02T18:39:47Z</time>
      </trkpt>
      <trkpt lat="34.19741" lon="-118.02154">
        <ele>605.17</ele>
        <time>2026-05-02T18:39:51Z</time>
      </trkpt>
      <trkpt lat="34.19742" lon="-118.02158">
        <ele>604.2</ele>
        <time>2026-05-02T18:39:55Z</time>
      </trkpt>
      <trkpt lat="34.19742" lon="-118.02162">
        <ele>604.32</ele>
        <time>2026-05-02T18:39:59Z</time>
      </trkpt>
      <trkpt lat="34.19742" lon="-118.02166">
        <ele>604.44</ele>
        <time>2026-05-02T18:40:03Z</time>
      </trkpt>
      <trkpt lat="34.19743" lon="-118.0217">
        <ele>604.11</ele>
        <time>2026-05-02T18:40:07Z</time>
      </trkpt>
      <trkpt lat="34.19743" lon="-118.02175">
        <ele>604.24</ele>
        <time>2026-05-02T18:40:11Z</time>
      </trkpt>
      <trkpt lat="34.19743" lon="-118.02179">
        <ele>604.27</ele>
        <time>2026-05-02T18:40:15Z</time>
      </trkpt>
      <trkpt lat="34.19743" lon="-118.02183">
        <ele>604.27</ele>
        <time>2026-05-02T18:40:19Z</time>
      </trkpt>
      <trkpt lat="34.19743" lon="-118.02187">
        <ele>604.22</ele>
        <time>2026-05-02T18:40:23Z</time>
      </trkpt>
      <trkpt lat="34.19743" lon="-118.02191">
        <ele>604.11</ele>
        <time>2026-05-02T18:40:26Z</time>
      </trkpt>
      <trkpt lat="34.19743" lon="-118.02194">
        <ele>604.04</ele>
        <time>2026-05-02T18:40:29Z</time>
      </trkpt>
      <trkpt lat="34.19742" lon="-118.02199">
        <ele>604.46</ele>
        <time>2026-05-02T18:40:33Z</time>
      </trkpt>
      <trkpt lat="34.19742" lon="-118.02203">
        <ele>604.46</ele>
        <time>2026-05-02T18:40:37Z</time>
      </trkpt>
      <trkpt lat="34.19742" lon="-118.02208">
        <ele>604.39</ele>
        <time>2026-05-02T18:40:41Z</time>
      </trkpt>
      <trkpt lat="34.19742" lon="-118.02211">
        <ele>604.35</ele>
        <time>2026-05-02T18:40:44Z</time>
      </trkpt>
      <trkpt lat="34.19742" lon="-118.02215">
        <ele>604.1</ele>
        <time>2026-05-02T18:40:47Z</time>
      </trkpt>
      <trkpt lat="34.19742" lon="-118.02221">
        <ele>603.45</ele>
        <time>2026-05-02T18:40:50Z</time>
      </trkpt>
      <trkpt lat="34.19742" lon="-118.02225">
        <ele>602.42</ele>
        <time>2026-05-02T18:40:52Z</time>
      </trkpt>
      <trkpt lat="34.19743" lon="-118.02229">
        <ele>600.58</ele>
        <time>2026-05-02T18:40:54Z</time>
      </trkpt>
      <trkpt lat="34.19743" lon="-118.02233">
        <ele>599.29</ele>
        <time>2026-05-02T18:40:57Z</time>
      </trkpt>
      <trkpt lat="34.19744" lon="-118.02237">
        <ele>597.45</ele>
        <time>2026-05-02T18:41:00Z</time>
      </trkpt>
      <trkpt lat="34.19745" lon="-118.02241">
        <ele>595.64</ele>
        <time>2026-05-02T18:41:04Z</time>
      </trkpt>
      <trkpt lat="34.19745" lon="-118.02244">
        <ele>594.97</ele>
        <time>2026-05-02T18:41:07Z</time>
      </trkpt>
      <trkpt lat="34.19746" lon="-118.02248">
        <ele>593.7</ele>
        <time>2026-05-02T18:41:10Z</time>
      </trkpt>
      <trkpt lat="34.19747" lon="-118.02252">
        <ele>592.83</ele>
        <time>2026-05-02T18:41:13Z</time>
      </trkpt>
      <trkpt lat="34.1975" lon="-118.02255">
        <ele>591.46</ele>
        <time>2026-05-02T18:41:16Z</time>
      </trkpt>
      <trkpt lat="34.19752" lon="-118.02257">
        <ele>590.44</ele>
        <time>2026-05-02T18:41:18Z</time>
      </trkpt>
      <trkpt lat="34.19754" lon="-118.02259">
        <ele>589.7</ele>
        <time>2026-05-02T18:41:20Z</time>
      </trkpt>
      <trkpt lat="34.19757" lon="-118.0226">
        <ele>588.79</ele>
        <time>2026-05-02T18:41:23Z</time>
      </trkpt>
      <trkpt lat="34.19761" lon="-118.02257">
        <ele>587.47</ele>
        <time>2026-05-02T18:41:26Z</time>
      </trkpt>
      <trkpt lat="34.19763" lon="-118.02255">
        <ele>586.89</ele>
        <time>2026-05-02T18:41:28Z</time>
      </trkpt>
      <trkpt lat="34.19765" lon="-118.02253">
        <ele>586.23</ele>
        <time>2026-05-02T18:41:31Z</time>
      </trkpt>
      <trkpt lat="34.19769" lon="-118.02252">
        <ele>585.79</ele>
        <time>2026-05-02T18:41:35Z</time>
      </trkpt>
      <trkpt lat="34.19772" lon="-118.0225">
        <ele>586.13</ele>
        <time>2026-05-02T18:41:39Z</time>
      </trkpt>
      <trkpt lat="34.19775" lon="-118.02249">
        <ele>586.41</ele>
        <time>2026-05-02T18:41:43Z</time>
      </trkpt>
      <trkpt lat="34.19778" lon="-118.02247">
        <ele>585.8</ele>
        <time>2026-05-02T18:41:47Z</time>
      </trkpt>
      <trkpt lat="34.19779" lon="-118.02244">
        <ele>583.98</ele>
        <time>2026-05-02T18:41:56Z</time>
      </trkpt>
      <trkpt lat="34.19781" lon="-118.02242">
        <ele>583.55</ele>
        <time>2026-05-02T18:42:02Z</time>
      </trkpt>
      <trkpt lat="34.19783" lon="-118.0224">
        <ele>583.31</ele>
        <time>2026-05-02T18:42:06Z</time>
      </trkpt>
      <trkpt lat="34.19786" lon="-118.02237">
        <ele>582.97</ele>
        <time>2026-05-02T18:42:10Z</time>
      </trkpt>
      <trkpt lat="34.19788" lon="-118.02234">
        <ele>582.17</ele>
        <time>2026-05-02T18:42:14Z</time>
      </trkpt>
      <trkpt lat="34.19791" lon="-118.02231">
        <ele>582.2</ele>
        <time>2026-05-02T18:42:17Z</time>
      </trkpt>
      <trkpt lat="34.19792" lon="-118.02228">
        <ele>580.61</ele>
        <time>2026-05-02T18:42:19Z</time>
      </trkpt>
      <trkpt lat="34.19794" lon="-118.02224">
        <ele>579.26</ele>
        <time>2026-05-02T18:42:22Z</time>
      </trkpt>
      <trkpt lat="34.19796" lon="-118.02221">
        <ele>578.7</ele>
        <time>2026-05-02T18:42:25Z</time>
      </trkpt>
      <trkpt lat="34.19799" lon="-118.02219">
        <ele>579.27</ele>
        <time>2026-05-02T18:42:28Z</time>
      </trkpt>
      <trkpt lat="34.19801" lon="-118.02216">
        <ele>578.7</ele>
        <time>2026-05-02T18:42:31Z</time>
      </trkpt>
      <trkpt lat="34.19803" lon="-118.02213">
        <ele>578.54</ele>
        <time>2026-05-02T18:42:34Z</time>
      </trkpt>
      <trkpt lat="34.19806" lon="-118.02211">
        <ele>579.5</ele>
        <time>2026-05-02T18:42:37Z</time>
      </trkpt>
      <trkpt lat="34.19808" lon="-118.02208">
        <ele>577.77</ele>
        <time>2026-05-02T18:42:40Z</time>
      </trkpt>
      <trkpt lat="34.1981" lon="-118.02205">
        <ele>576.04</ele>
        <time>2026-05-02T18:42:43Z</time>
      </trkpt>
      <trkpt lat="34.19812" lon="-118.02203">
        <ele>575.43</ele>
        <time>2026-05-02T18:42:46Z</time>
      </trkpt>
      <trkpt lat="34.19814" lon="-118.022">
        <ele>574.98</ele>
        <time>2026-05-02T18:42:49Z</time>
      </trkpt>
      <trkpt lat="34.19816" lon="-118.02197">
        <ele>574.58</ele>
        <time>2026-05-02T18:42:52Z</time>
      </trkpt>
      <trkpt lat="34.19818" lon="-118.02194">
        <ele>574.25</ele>
        <time>2026-05-02T18:42:55Z</time>
      </trkpt>
      <trkpt lat="34.19821" lon="-118.02191">
        <ele>574.8</ele>
        <time>2026-05-02T18:42:58Z</time>
      </trkpt>
      <trkpt lat="34.19823" lon="-118.02189">
        <ele>575.29</ele>
        <time>2026-05-02T18:43:01Z</time>
      </trkpt>
      <trkpt lat="34.19825" lon="-118.02186">
        <ele>575.57</ele>
        <time>2026-05-02T18:43:04Z</time>
      </trkpt>
      <trkpt lat="34.19827" lon="-118.02183">
        <ele>575.87</ele>
        <time>2026-05-02T18:43:07Z</time>
      </trkpt>
      <trkpt lat="34.1983" lon="-118.0218">
        <ele>576.8</ele>
        <time>2026-05-02T18:43:10Z</time>
      </trkpt>
      <trkpt lat="34.19832" lon="-118.02177">
        <ele>577.41</ele>
        <time>2026-05-02T18:43:13Z</time>
      </trkpt>
      <trkpt lat="34.19834" lon="-118.02175">
        <ele>578.12</ele>
        <time>2026-05-02T18:43:16Z</time>
      </trkpt>
      <trkpt lat="34.19836" lon="-118.02172">
        <ele>578.56</ele>
        <time>2026-05-02T18:43:19Z</time>
      </trkpt>
      <trkpt lat="34.19837" lon="-118.02168">
        <ele>578.67</ele>
        <time>2026-05-02T18:43:23Z</time>
      </trkpt>
      <trkpt lat="34.19836" lon="-118.02164">
        <ele>577.86</ele>
        <time>2026-05-02T18:43:27Z</time>
      </trkpt>
      <trkpt lat="34.19836" lon="-118.0216">
        <ele>577.43</ele>
        <time>2026-05-02T18:43:31Z</time>
      </trkpt>
      <trkpt lat="34.19836" lon="-118.02156">
        <ele>577.04</ele>
        <time>2026-05-02T18:43:34Z</time>
      </trkpt>
      <trkpt lat="34.19836" lon="-118.02153">
        <ele>576.81</ele>
        <time>2026-05-02T18:43:37Z</time>
      </trkpt>
      <trkpt lat="34.19836" lon="-118.02149">
        <ele>576.51</ele>
        <time>2026-05-02T18:43:40Z</time>
      </trkpt>
      <trkpt lat="34.19837" lon="-118.02146">
        <ele>576.75</ele>
        <time>2026-05-02T18:43:43Z</time>
      </trkpt>
      <trkpt lat="34.19837" lon="-118.02143">
        <ele>576.42</ele>
        <time>2026-05-02T18:43:46Z</time>
      </trkpt>
      <trkpt lat="34.19837" lon="-118.02139">
        <ele>575.99</ele>
        <time>2026-05-02T18:43:49Z</time>
      </trkpt>
      <trkpt lat="34.19837" lon="-118.02136">
        <ele>575.86</ele>
        <time>2026-05-02T18:43:52Z</time>
      </trkpt>
      <trkpt lat="34.19836" lon="-118.02131">
        <ele>575.19</ele>
        <time>2026-05-02T18:43:56Z</time>
      </trkpt>
      <trkpt lat="34.19836" lon="-118.02128">
        <ele>575.03</ele>
        <time>2026-05-02T18:43:59Z</time>
      </trkpt>
      <trkpt lat="34.19835" lon="-118.02124">
        <ele>574.22</ele>
        <time>2026-05-02T18:44:02Z</time>
      </trkpt>
      <trkpt lat="34.19835" lon="-118.02121">
        <ele>573.96</ele>
        <time>2026-05-02T18:44:05Z</time>
      </trkpt>
      <trkpt lat="34.19834" lon="-118.02117">
        <ele>573.33</ele>
        <time>2026-05-02T18:44:08Z</time>
      </trkpt>
      <trkpt lat="34.19834" lon="-118.02114">
        <ele>573.31</ele>
        <time>2026-05-02T18:44:10Z</time>
      </trkpt>
      <trkpt lat="34.19834" lon="-118.02109">
        <ele>572.64</ele>
        <time>2026-05-02T18:44:12Z</time>
      </trkpt>
      <trkpt lat="34.19834" lon="-118.02106">
        <ele>571.71</ele>
        <time>2026-05-02T18:44:14Z</time>
      </trkpt>
      <trkpt lat="34.19834" lon="-118.02101">
        <ele>569.79</ele>
        <time>2026-05-02T18:44:17Z</time>
      </trkpt>
      <trkpt lat="34.19836" lon="-118.02098">
        <ele>568.94</ele>
        <time>2026-05-02T18:44:20Z</time>
      </trkpt>
      <trkpt lat="34.19839" lon="-118.02096">
        <ele>569.63</ele>
        <time>2026-05-02T18:44:22Z</time>
      </trkpt>
      <trkpt lat="34.19842" lon="-118.02094">
        <ele>570.47</ele>
        <time>2026-05-02T18:44:24Z</time>
      </trkpt>
      <trkpt lat="34.19845" lon="-118.02092">
        <ele>570.37</ele>
        <time>2026-05-02T18:44:27Z</time>
      </trkpt>
      <trkpt lat="34.19848" lon="-118.02089">
        <ele>568.52</ele>
        <time>2026-05-02T18:44:30Z</time>
      </trkpt>
      <trkpt lat="34.1985" lon="-118.02088">
        <ele>568.54</ele>
        <time>2026-05-02T18:44:33Z</time>
      </trkpt>
      <trkpt lat="34.19853" lon="-118.02086">
        <ele>567.86</ele>
        <time>2026-05-02T18:44:36Z</time>
      </trkpt>
      <trkpt lat="34.19855" lon="-118.02084">
        <ele>566.59</ele>
        <time>2026-05-02T18:44:39Z</time>
      </trkpt>
      <trkpt lat="34.19858" lon="-118.02082">
        <ele>565.94</ele>
        <time>2026-05-02T18:44:42Z</time>
      </trkpt>
      <trkpt lat="34.1986" lon="-118.0208">
        <ele>565.08</ele>
        <time>2026-05-02T18:44:45Z</time>
      </trkpt>
      <trkpt lat="34.19862" lon="-118.02078">
        <ele>564.04</ele>
        <time>2026-05-02T18:44:48Z</time>
      </trkpt>
      <trkpt lat="34.19864" lon="-118.02076">
        <ele>562.89</ele>
        <time>2026-05-02T18:44:51Z</time>
      </trkpt>
      <trkpt lat="34.19867" lon="-118.02074">
        <ele>562.23</ele>
        <time>2026-05-02T18:44:54Z</time>
      </trkpt>
      <trkpt lat="34.19869" lon="-118.02071">
        <ele>560.99</ele>
        <time>2026-05-02T18:44:57Z</time>
      </trkpt>
      <trkpt lat="34.19871" lon="-118.02069">
        <ele>560.47</ele>
        <time>2026-05-02T18:45:00Z</time>
      </trkpt>
      <trkpt lat="34.19874" lon="-118.02067">
        <ele>560.56</ele>
        <time>2026-05-02T18:45:03Z</time>
      </trkpt>
      <trkpt lat="34.19876" lon="-118.02065">
        <ele>560.51</ele>
        <time>2026-05-02T18:45:06Z</time>
      </trkpt>
      <trkpt lat="34.19879" lon="-118.02063">
        <ele>560.75</ele>
        <time>2026-05-02T18:45:09Z</time>
      </trkpt>
      <trkpt lat="34.19881" lon="-118.02061">
        <ele>560.42</ele>
        <time>2026-05-02T18:45:12Z</time>
      </trkpt>
      <trkpt lat="34.19884" lon="-118.02059">
        <ele>560.69</ele>
        <time>2026-05-02T18:45:15Z</time>
      </trkpt>
      <trkpt lat="34.19887" lon="-118.02057">
        <ele>561.39</ele>
        <time>2026-05-02T18:45:18Z</time>
      </trkpt>
      <trkpt lat="34.1989" lon="-118.02055">
        <ele>562.14</ele>
        <time>2026-05-02T18:45:21Z</time>
      </trkpt>
      <trkpt lat="34.19892" lon="-118.02053">
        <ele>562.18</ele>
        <time>2026-05-02T18:45:24Z</time>
      </trkpt>
      <trkpt lat="34.19894" lon="-118.02051">
        <ele>562.5</ele>
        <time>2026-05-02T18:45:27Z</time>
      </trkpt>
      <trkpt lat="34.19897" lon="-118.02049">
        <ele>563.66</ele>
        <time>2026-05-02T18:45:30Z</time>
      </trkpt>
      <trkpt lat="34.19899" lon="-118.02047">
        <ele>564.45</ele>
        <time>2026-05-02T18:45:33Z</time>
      </trkpt>
      <trkpt lat="34.19901" lon="-118.02045">
        <ele>565.0</ele>
        <time>2026-05-02T18:45:36Z</time>
      </trkpt>
      <trkpt lat="34.19904" lon="-118.02042">
        <ele>565.89</ele>
        <time>2026-05-02T18:45:39Z</time>
      </trkpt>
      <trkpt lat="34.19906" lon="-118.0204">
        <ele>566.61</ele>
        <time>2026-05-02T18:45:42Z</time>
      </trkpt>
      <trkpt lat="34.19908" lon="-118.02037">
        <ele>567.25</ele>
        <time>2026-05-02T18:45:45Z</time>
      </trkpt>
      <trkpt lat="34.19909" lon="-118.02033">
        <ele>567.25</ele>
        <time>2026-05-02T18:45:48Z</time>
      </trkpt>
      <trkpt lat="34.19908" lon="-118.02029">
        <ele>566.39</ele>
        <time>2026-05-02T18:45:50Z</time>
      </trkpt>
      <trkpt lat="34.19908" lon="-118.02025">
        <ele>565.94</ele>
        <time>2026-05-02T18:45:52Z</time>
      </trkpt>
      <trkpt lat="34.19908" lon="-118.02021">
        <ele>565.48</ele>
        <time>2026-05-02T18:45:55Z</time>
      </trkpt>
      <trkpt lat="34.19908" lon="-118.02018">
        <ele>565.08</ele>
        <time>2026-05-02T18:45:58Z</time>
      </trkpt>
      <trkpt lat="34.19908" lon="-118.02014">
        <ele>564.18</ele>
        <time>2026-05-02T18:46:01Z</time>
      </trkpt>
      <trkpt lat="34.19908" lon="-118.0201">
        <ele>563.29</ele>
        <time>2026-05-02T18:46:04Z</time>
      </trkpt>
      <trkpt lat="34.19908" lon="-118.02007">
        <ele>562.14</ele>
        <time>2026-05-02T18:46:07Z</time>
      </trkpt>
      <trkpt lat="34.19909" lon="-118.02003">
        <ele>560.52</ele>
        <time>2026-05-02T18:46:10Z</time>
      </trkpt>
      <trkpt lat="34.19909" lon="-118.01999">
        <ele>558.58</ele>
        <time>2026-05-02T18:46:13Z</time>
      </trkpt>
      <trkpt lat="34.19909" lon="-118.01995">
        <ele>556.21</ele>
        <time>2026-05-02T18:46:16Z</time>
      </trkpt>
      <trkpt lat="34.19909" lon="-118.01991">
        <ele>553.84</ele>
        <time>2026-05-02T18:46:19Z</time>
      </trkpt>
      <trkpt lat="34.1991" lon="-118.01987">
        <ele>552.5</ele>
        <time>2026-05-02T18:46:22Z</time>
      </trkpt>
      <trkpt lat="34.1991" lon="-118.01984">
        <ele>551.21</ele>
        <time>2026-05-02T18:46:25Z</time>
      </trkpt>
      <trkpt lat="34.19911" lon="-118.0198">
        <ele>550.13</ele>
        <time>2026-05-02T18:46:28Z</time>
      </trkpt>
      <trkpt lat="34.19913" lon="-118.01976">
        <ele>550.0</ele>
        <time>2026-05-02T18:46:31Z</time>
      </trkpt>
      <trkpt lat="34.19915" lon="-118.01972">
        <ele>549.98</ele>
        <time>2026-05-02T18:46:34Z</time>
      </trkpt>
      <trkpt lat="34.19918" lon="-118.01968">
        <ele>549.07</ele>
        <time>2026-05-02T18:46:37Z</time>
      </trkpt>
      <trkpt lat="34.19921" lon="-118.01966">
        <ele>548.89</ele>
        <time>2026-05-02T18:46:40Z</time>
      </trkpt>
      <trkpt lat="34.19924" lon="-118.01966">
        <ele>549.76</ele>
        <time>2026-05-02T18:46:43Z</time>
      </trkpt>
      <trkpt lat="34.19927" lon="-118.01966">
        <ele>550.51</ele>
        <time>2026-05-02T18:46:46Z</time>
      </trkpt>
      <trkpt lat="34.1993" lon="-118.01965">
        <ele>550.66</ele>
        <time>2026-05-02T18:46:49Z</time>
      </trkpt>
      <trkpt lat="34.19933" lon="-118.01965">
        <ele>551.24</ele>
        <time>2026-05-02T18:46:52Z</time>
      </trkpt>
      <trkpt lat="34.19936" lon="-118.01964">
        <ele>551.26</ele>
        <time>2026-05-02T18:46:55Z</time>
      </trkpt>
      <trkpt lat="34.19938" lon="-118.01963">
        <ele>550.71</ele>
        <time>2026-05-02T18:46:58Z</time>
      </trkpt>
      <trkpt lat="34.19941" lon="-118.01962">
        <ele>549.58</ele>
        <time>2026-05-02T18:47:01Z</time>
      </trkpt>
      <trkpt lat="34.19944" lon="-118.01962">
        <ele>549.22</ele>
        <time>2026-05-02T18:47:04Z</time>
      </trkpt>
      <trkpt lat="34.19947" lon="-118.01962">
        <ele>548.34</ele>
        <time>2026-05-02T18:47:07Z</time>
      </trkpt>
      <trkpt lat="34.1995" lon="-118.01962">
        <ele>547.37</ele>
        <time>2026-05-02T18:47:10Z</time>
      </trkpt>
      <trkpt lat="34.19952" lon="-118.01963">
        <ele>547.58</ele>
        <time>2026-05-02T18:47:13Z</time>
      </trkpt>
      <trkpt lat="34.19955" lon="-118.01964">
        <ele>547.22</ele>
        <time>2026-05-02T18:47:16Z</time>
      </trkpt>
      <trkpt lat="34.19957" lon="-118.01968">
        <ele>549.38</ele>
        <time>2026-05-02T18:47:19Z</time>
      </trkpt>
      <trkpt lat="34.1996" lon="-118.01971">
        <ele>550.36</ele>
        <time>2026-05-02T18:47:22Z</time>
      </trkpt>
      <trkpt lat="34.19962" lon="-118.01973">
        <ele>550.82</ele>
        <time>2026-05-02T18:47:25Z</time>
      </trkpt>
      <trkpt lat="34.19966" lon="-118.01974">
        <ele>549.71</ele>
        <time>2026-05-02T18:47:29Z</time>
      </trkpt>
      <trkpt lat="34.19968" lon="-118.01975">
        <ele>549.49</ele>
        <time>2026-05-02T18:47:32Z</time>
      </trkpt>
      <trkpt lat="34.19971" lon="-118.01976">
        <ele>548.92</ele>
        <time>2026-05-02T18:47:36Z</time>
      </trkpt>
      <trkpt lat="34.19974" lon="-118.01978">
        <ele>548.78</ele>
        <time>2026-05-02T18:47:40Z</time>
      </trkpt>
      <trkpt lat="34.19977" lon="-118.0198">
        <ele>548.46</ele>
        <time>2026-05-02T18:47:43Z</time>
      </trkpt>
      <trkpt lat="34.19979" lon="-118.01981">
        <ele>548.03</ele>
        <time>2026-05-02T18:47:46Z</time>
      </trkpt>
      <trkpt lat="34.19982" lon="-118.01983">
        <ele>547.71</ele>
        <time>2026-05-02T18:47:49Z</time>
      </trkpt>
      <trkpt lat="34.19984" lon="-118.01984">
        <ele>547.35</ele>
        <time>2026-05-02T18:47:52Z</time>
      </trkpt>
      <trkpt lat="34.19987" lon="-118.01986">
        <ele>547.24</ele>
        <time>2026-05-02T18:47:55Z</time>
      </trkpt>
      <trkpt lat="34.19989" lon="-118.01987">
        <ele>547.0</ele>
        <time>2026-05-02T18:47:58Z</time>
      </trkpt>
      <trkpt lat="34.19992" lon="-118.01988">
        <ele>546.33</ele>
        <time>2026-05-02T18:48:01Z</time>
      </trkpt>
      <trkpt lat="34.19994" lon="-118.0199">
        <ele>546.74</ele>
        <time>2026-05-02T18:48:04Z</time>
      </trkpt>
      <trkpt lat="34.19997" lon="-118.01991">
        <ele>545.78</ele>
        <time>2026-05-02T18:48:07Z</time>
      </trkpt>
      <trkpt lat="34.19999" lon="-118.01993">
        <ele>545.98</ele>
        <time>2026-05-02T18:48:10Z</time>
      </trkpt>
      <trkpt lat="34.20002" lon="-118.01995">
        <ele>545.9</ele>
        <time>2026-05-02T18:48:13Z</time>
      </trkpt>
      <trkpt lat="34.20005" lon="-118.01996">
        <ele>545.25</ele>
        <time>2026-05-02T18:48:16Z</time>
      </trkpt>
      <trkpt lat="34.20007" lon="-118.01998">
        <ele>545.68</ele>
        <time>2026-05-02T18:48:19Z</time>
      </trkpt>
      <trkpt lat="34.2001" lon="-118.02">
        <ele>545.6</ele>
        <time>2026-05-02T18:48:22Z</time>
      </trkpt>
      <trkpt lat="34.20012" lon="-118.02001">
        <ele>544.92</ele>
        <time>2026-05-02T18:48:25Z</time>
      </trkpt>
      <trkpt lat="34.20015" lon="-118.02003">
        <ele>544.0</ele>
        <time>2026-05-02T18:48:28Z</time>
      </trkpt>
      <trkpt lat="34.20017" lon="-118.02004">
        <ele>543.19</ele>
        <time>2026-05-02T18:48:31Z</time>
      </trkpt>
      <trkpt lat="34.2002" lon="-118.02005">
        <ele>542.13</ele>
        <time>2026-05-02T18:48:34Z</time>
      </trkpt>
      <trkpt lat="34.20022" lon="-118.02007">
        <ele>541.95</ele>
        <time>2026-05-02T18:48:37Z</time>
      </trkpt>
      <trkpt lat="34.20025" lon="-118.02008">
        <ele>540.98</ele>
        <time>2026-05-02T18:48:40Z</time>
      </trkpt>
      <trkpt lat="34.20027" lon="-118.02009">
        <ele>540.3</ele>
        <time>2026-05-02T18:48:43Z</time>
      </trkpt>
      <trkpt lat="34.2003" lon="-118.0201">
        <ele>540.08</ele>
        <time>2026-05-02T18:48:46Z</time>
      </trkpt>
      <trkpt lat="34.20033" lon="-118.02012">
        <ele>540.3</ele>
        <time>2026-05-02T18:48:49Z</time>
      </trkpt>
      <trkpt lat="34.20035" lon="-118.02013">
        <ele>540.4</ele>
        <time>2026-05-02T18:48:52Z</time>
      </trkpt>
      <trkpt lat="34.20038" lon="-118.02015">
        <ele>540.93</ele>
        <time>2026-05-02T18:48:56Z</time>
      </trkpt>
      <trkpt lat="34.20041" lon="-118.02016">
        <ele>542.01</ele>
        <time>2026-05-02T18:49:00Z</time>
      </trkpt>
      <trkpt lat="34.20041" lon="-118.02012">
        <ele>541.58</ele>
        <time>2026-05-02T18:49:05Z</time>
      </trkpt>
      <trkpt lat="34.20039" lon="-118.02009">
        <ele>540.61</ele>
        <time>2026-05-02T18:49:09Z</time>
      </trkpt>
      <trkpt lat="34.2004" lon="-118.02013">
        <ele>541.36</ele>
        <time>2026-05-02T18:49:29Z</time>
      </trkpt>
      <trkpt lat="34.2004" lon="-118.02016">
        <ele>541.69</ele>
        <time>2026-05-02T18:49:45Z</time>
      </trkpt>
      <trkpt lat="34.20038" lon="-118.02012">
        <ele>540.61</ele>
        <time>2026-05-02T18:50:13Z</time>
      </trkpt>
      <trkpt lat="34.20039" lon="-118.02007">
        <ele>540.39</ele>
        <time>2026-05-02T18:50:15Z</time>
      </trkpt>
      <trkpt lat="34.20039" lon="-118.02003">
        <ele>539.96</ele>
        <time>2026-05-02T18:50:19Z</time>
      </trkpt>
      <trkpt lat="34.2004" lon="-118.01999">
        <ele>539.82</ele>
        <time>2026-05-02T18:50:25Z</time>
      </trkpt>
      <trkpt lat="34.20041" lon="-118.01995">
        <ele>539.51</ele>
        <time>2026-05-02T18:50:31Z</time>
      </trkpt>
      <trkpt lat="34.20042" lon="-118.0199">
        <ele>538.99</ele>
        <time>2026-05-02T18:50:37Z</time>
      </trkpt>
      <trkpt lat="34.20042" lon="-118.01986">
        <ele>538.56</ele>
        <time>2026-05-02T18:50:42Z</time>
      </trkpt>
      <trkpt lat="34.20043" lon="-118.01982">
        <ele>538.34</ele>
        <time>2026-05-02T18:50:47Z</time>
      </trkpt>
      <trkpt lat="34.20043" lon="-118.01977">
        <ele>538.29</ele>
        <time>2026-05-02T18:50:52Z</time>
      </trkpt>
      <trkpt lat="34.20044" lon="-118.01973">
        <ele>538.5</ele>
        <time>2026-05-02T18:50:56Z</time>
      </trkpt>
      <trkpt lat="34.20045" lon="-118.01969">
        <ele>538.72</ele>
        <time>2026-05-02T18:51:00Z</time>
      </trkpt>
      <trkpt lat="34.20046" lon="-118.01965">
        <ele>538.94</ele>
        <time>2026-05-02T18:51:05Z</time>
      </trkpt>
      <trkpt lat="34.20046" lon="-118.01961">
        <ele>538.72</ele>
        <time>2026-05-02T18:51:11Z</time>
      </trkpt>
      <trkpt lat="34.20047" lon="-118.01957">
        <ele>538.63</ele>
        <time>2026-05-02T18:51:18Z</time>
      </trkpt>
      <trkpt lat="34.20048" lon="-118.01953">
        <ele>538.72</ele>
        <time>2026-05-02T18:51:24Z</time>
      </trkpt>
      <trkpt lat="34.20048" lon="-118.01949">
        <ele>538.64</ele>
        <time>2026-05-02T18:51:29Z</time>
      </trkpt>
      <trkpt lat="34.20048" lon="-118.01945">
        <ele>538.56</ele>
        <time>2026-05-02T18:51:34Z</time>
      </trkpt>
      <trkpt lat="34.20049" lon="-118.0194">
        <ele>538.54</ele>
        <time>2026-05-02T18:51:39Z</time>
      </trkpt>
      <trkpt lat="34.20049" lon="-118.01936">
        <ele>538.23</ele>
        <time>2026-05-02T18:51:43Z</time>
      </trkpt>
      <trkpt lat="34.2005" lon="-118.01932">
        <ele>538.46</ele>
        <time>2026-05-02T18:51:47Z</time>
      </trkpt>
      <trkpt lat="34.20051" lon="-118.01928">
        <ele>538.64</ele>
        <time>2026-05-02T18:51:51Z</time>
      </trkpt>
      <trkpt lat="34.20051" lon="-118.01924">
        <ele>538.52</ele>
        <time>2026-05-02T18:51:55Z</time>
      </trkpt>
      <trkpt lat="34.20052" lon="-118.0192">
        <ele>538.85</ele>
        <time>2026-05-02T18:51:59Z</time>
      </trkpt>
      <trkpt lat="34.20056" lon="-118.01917">
        <ele>540.19</ele>
        <time>2026-05-02T18:52:02Z</time>
      </trkpt>
      <trkpt lat="34.20059" lon="-118.01915">
        <ele>541.31</ele>
        <time>2026-05-02T18:52:04Z</time>
      </trkpt>
      <trkpt lat="34.20061" lon="-118.01911">
        <ele>541.74</ele>
        <time>2026-05-02T18:52:07Z</time>
      </trkpt>
      <trkpt lat="34.20063" lon="-118.01907">
        <ele>542.22</ele>
        <time>2026-05-02T18:52:11Z</time>
      </trkpt>
      <trkpt lat="34.20064" lon="-118.01903">
        <ele>542.69</ele>
        <time>2026-05-02T18:52:15Z</time>
      </trkpt>
      <trkpt lat="34.20065" lon="-118.01899">
        <ele>543.08</ele>
        <time>2026-05-02T18:52:19Z</time>
      </trkpt>
      <trkpt lat="34.20065" lon="-118.01895">
        <ele>542.73</ele>
        <time>2026-05-02T18:52:23Z</time>
      </trkpt>
      <trkpt lat="34.20067" lon="-118.01891">
        <ele>542.99</ele>
        <time>2026-05-02T18:52:27Z</time>
      </trkpt>
      <trkpt lat="34.20068" lon="-118.01887">
        <ele>542.83</ele>
        <time>2026-05-02T18:52:31Z</time>
      </trkpt>
      <trkpt lat="34.20069" lon="-118.01882">
        <ele>542.61</ele>
        <time>2026-05-02T18:52:35Z</time>
      </trkpt>
      <trkpt lat="34.2007" lon="-118.01878">
        <ele>542.41</ele>
        <time>2026-05-02T18:52:39Z</time>
      </trkpt>
      <trkpt lat="34.20071" lon="-118.01874">
        <ele>541.99</ele>
        <time>2026-05-02T18:52:43Z</time>
      </trkpt>
      <trkpt lat="34.20072" lon="-118.01869">
        <ele>541.5</ele>
        <time>2026-05-02T18:52:47Z</time>
      </trkpt>
      <trkpt lat="34.20075" lon="-118.01865">
        <ele>541.62</ele>
        <time>2026-05-02T18:52:51Z</time>
      </trkpt>
      <trkpt lat="34.20076" lon="-118.01862">
        <ele>541.51</ele>
        <time>2026-05-02T18:52:54Z</time>
      </trkpt>
      <trkpt lat="34.20078" lon="-118.01859">
        <ele>541.88</ele>
        <time>2026-05-02T18:52:57Z</time>
      </trkpt>
      <trkpt lat="34.2008" lon="-118.01855">
        <ele>542.1</ele>
        <time>2026-05-02T18:53:00Z</time>
      </trkpt>
      <trkpt lat="34.20083" lon="-118.01851">
        <ele>542.01</ele>
        <time>2026-05-02T18:53:04Z</time>
      </trkpt>
      <trkpt lat="34.20086" lon="-118.01847">
        <ele>542.43</ele>
        <time>2026-05-02T18:53:08Z</time>
      </trkpt>
      <trkpt lat="34.20088" lon="-118.01844">
        <ele>542.58</ele>
        <time>2026-05-02T18:53:11Z</time>
      </trkpt>
      <trkpt lat="34.20091" lon="-118.01841">
        <ele>542.89</ele>
        <time>2026-05-02T18:53:15Z</time>
      </trkpt>
      <trkpt lat="34.20095" lon="-118.01838">
        <ele>543.26</ele>
        <time>2026-05-02T18:53:18Z</time>
      </trkpt>
      <trkpt lat="34.20099" lon="-118.01836">
        <ele>543.69</ele>
        <time>2026-05-02T18:53:20Z</time>
      </trkpt>
      <trkpt lat="34.20102" lon="-118.01834">
        <ele>544.0</ele>
        <time>2026-05-02T18:53:22Z</time>
      </trkpt>
      <trkpt lat="34.20106" lon="-118.01832">
        <ele>544.06</ele>
        <time>2026-05-02T18:53:25Z</time>
      </trkpt>
      <trkpt lat="34.2011" lon="-118.01833">
        <ele>544.03</ele>
        <time>2026-05-02T18:53:29Z</time>
      </trkpt>
      <trkpt lat="34.20114" lon="-118.01836">
        <ele>544.51</ele>
        <time>2026-05-02T18:53:32Z</time>
      </trkpt>
      <trkpt lat="34.20118" lon="-118.01837">
        <ele>544.85</ele>
        <time>2026-05-02T18:53:35Z</time>
      </trkpt>
      <trkpt lat="34.20121" lon="-118.01837">
        <ele>545.07</ele>
        <time>2026-05-02T18:53:38Z</time>
      </trkpt>
      <trkpt lat="34.20125" lon="-118.01836">
        <ele>545.5</ele>
        <time>2026-05-02T18:53:42Z</time>
      </trkpt>
      <trkpt lat="34.20128" lon="-118.01836">
        <ele>545.82</ele>
        <time>2026-05-02T18:53:46Z</time>
      </trkpt>
      <trkpt lat="34.20131" lon="-118.01835">
        <ele>546.15</ele>
        <time>2026-05-02T18:53:50Z</time>
      </trkpt>
      <trkpt lat="34.20134" lon="-118.01836">
        <ele>546.47</ele>
        <time>2026-05-02T18:53:56Z</time>
      </trkpt>
      <trkpt lat="34.20132" lon="-118.01839">
        <ele>546.26</ele>
        <time>2026-05-02T18:54:02Z</time>
      </trkpt>
      <trkpt lat="34.20133" lon="-118.01842">
        <ele>546.36</ele>
        <time>2026-05-02T18:54:38Z</time>
      </trkpt>
      <trkpt lat="34.20134" lon="-118.01846">
        <ele>546.84</ele>
        <time>2026-05-02T18:54:50Z</time>
      </trkpt>
      <trkpt lat="34.20134" lon="-118.0185">
        <ele>547.27</ele>
        <time>2026-05-02T18:55:02Z</time>
      </trkpt>
      <trkpt lat="34.20136" lon="-118.01853">
        <ele>547.81</ele>
        <time>2026-05-02T18:55:14Z</time>
      </trkpt>
      <trkpt lat="34.2014" lon="-118.01853">
        <ele>548.27</ele>
        <time>2026-05-02T18:55:17Z</time>
      </trkpt>
      <trkpt lat="34.20143" lon="-118.01854">
        <ele>548.88</ele>
        <time>2026-05-02T18:55:19Z</time>
      </trkpt>
      <trkpt lat="34.20147" lon="-118.01854">
        <ele>549.51</ele>
        <time>2026-05-02T18:55:22Z</time>
      </trkpt>
      <trkpt lat="34.2015" lon="-118.01852">
        <ele>549.64</ele>
        <time>2026-05-02T18:55:27Z</time>
      </trkpt>
      <trkpt lat="34.20152" lon="-118.01848">
        <ele>549.66</ele>
        <time>2026-05-02T18:55:30Z</time>
      </trkpt>
      <trkpt lat="34.20154" lon="-118.01844">
        <ele>549.51</ele>
        <time>2026-05-02T18:55:34Z</time>
      </trkpt>
      <trkpt lat="34.20156" lon="-118.0184">
        <ele>549.18</ele>
        <time>2026-05-02T18:55:39Z</time>
      </trkpt>
      <trkpt lat="34.20158" lon="-118.01837">
        <ele>548.86</ele>
        <time>2026-05-02T18:55:44Z</time>
      </trkpt>
      <trkpt lat="34.20161" lon="-118.01834">
        <ele>548.53</ele>
        <time>2026-05-02T18:55:49Z</time>
      </trkpt>
      <trkpt lat="34.20163" lon="-118.0183">
        <ele>548.39</ele>
        <time>2026-05-02T18:55:54Z</time>
      </trkpt>
      <trkpt lat="34.20166" lon="-118.01827">
        <ele>548.29</ele>
        <time>2026-05-02T18:55:58Z</time>
      </trkpt>
      <trkpt lat="34.20168" lon="-118.01824">
        <ele>548.17</ele>
        <time>2026-05-02T18:56:02Z</time>
      </trkpt>
      <trkpt lat="34.20171" lon="-118.01822">
        <ele>548.93</ele>
        <time>2026-05-02T18:56:06Z</time>
      </trkpt>
      <trkpt lat="34.20175" lon="-118.01823">
        <ele>549.04</ele>
        <time>2026-05-02T18:56:10Z</time>
      </trkpt>
      <trkpt lat="34.20177" lon="-118.01827">
        <ele>549.43</ele>
        <time>2026-05-02T18:56:12Z</time>
      </trkpt>
      <trkpt lat="34.20178" lon="-118.01831">
        <ele>549.97</ele>
        <time>2026-05-02T18:56:14Z</time>
      </trkpt>
      <trkpt lat="34.2018" lon="-118.01834">
        <ele>550.62</ele>
        <time>2026-05-02T18:56:16Z</time>
      </trkpt>
      <trkpt lat="34.20183" lon="-118.01837">
        <ele>551.65</ele>
        <time>2026-05-02T18:56:19Z</time>
      </trkpt>
      <trkpt lat="34.20186" lon="-118.01839">
        <ele>552.22</ele>
        <time>2026-05-02T18:56:22Z</time>
      </trkpt>
      <trkpt lat="34.20188" lon="-118.01842">
        <ele>552.87</ele>
        <time>2026-05-02T18:56:25Z</time>
      </trkpt>
      <trkpt lat="34.20191" lon="-118.01844">
        <ele>553.51</ele>
        <time>2026-05-02T18:56:28Z</time>
      </trkpt>
      <trkpt lat="34.20194" lon="-118.01847">
        <ele>554.45</ele>
        <time>2026-05-02T18:56:31Z</time>
      </trkpt>
      <trkpt lat="34.20197" lon="-118.0185">
        <ele>555.12</ele>
        <time>2026-05-02T18:56:35Z</time>
      </trkpt>
      <trkpt lat="34.202" lon="-118.01853">
        <ele>555.75</ele>
        <time>2026-05-02T18:56:39Z</time>
      </trkpt>
      <trkpt lat="34.20202" lon="-118.01856">
        <ele>556.24</ele>
        <time>2026-05-02T18:56:43Z</time>
      </trkpt>
      <trkpt lat="34.20205" lon="-118.01859">
        <ele>556.3</ele>
        <time>2026-05-02T18:56:47Z</time>
      </trkpt>
      <trkpt lat="34.20207" lon="-118.01863">
        <ele>556.7</ele>
        <time>2026-05-02T18:56:51Z</time>
      </trkpt>
      <trkpt lat="34.20209" lon="-118.01866">
        <ele>556.91</ele>
        <time>2026-05-02T18:56:55Z</time>
      </trkpt>
      <trkpt lat="34.20212" lon="-118.01869">
        <ele>556.91</ele>
        <time>2026-05-02T18:56:59Z</time>
      </trkpt>
      <trkpt lat="34.20214" lon="-118.01872">
        <ele>557.24</ele>
        <time>2026-05-02T18:57:03Z</time>
      </trkpt>
      <trkpt lat="34.20217" lon="-118.01875">
        <ele>557.56</ele>
        <time>2026-05-02T18:57:07Z</time>
      </trkpt>
      <trkpt lat="34.20219" lon="-118.01877">
        <ele>557.78</ele>
        <time>2026-05-02T18:57:11Z</time>
      </trkpt>
      <trkpt lat="34.20222" lon="-118.0188">
        <ele>558.06</ele>
        <time>2026-05-02T18:57:16Z</time>
      </trkpt>
      <trkpt lat="34.20225" lon="-118.01877">
        <ele>557.43</ele>
        <time>2026-05-02T18:57:20Z</time>
      </trkpt>
      <trkpt lat="34.20227" lon="-118.01873">
        <ele>556.57</ele>
        <time>2026-05-02T18:57:23Z</time>
      </trkpt>
      <trkpt lat="34.20229" lon="-118.01871">
        <ele>556.14</ele>
        <time>2026-05-02T18:57:27Z</time>
      </trkpt>
      <trkpt lat="34.20232" lon="-118.01869">
        <ele>555.85</ele>
        <time>2026-05-02T18:57:32Z</time>
      </trkpt>
      <trkpt lat="34.20236" lon="-118.01867">
        <ele>555.64</ele>
        <time>2026-05-02T18:57:37Z</time>
      </trkpt>
      <trkpt lat="34.20239" lon="-118.01865">
        <ele>555.42</ele>
        <time>2026-05-02T18:57:41Z</time>
      </trkpt>
      <trkpt lat="34.20242" lon="-118.01863">
        <ele>555.34</ele>
        <time>2026-05-02T18:57:45Z</time>
      </trkpt>
      <trkpt lat="34.20245" lon="-118.01862">
        <ele>555.56</ele>
        <time>2026-05-02T18:57:49Z</time>
      </trkpt>
      <trkpt lat="34.20248" lon="-118.0186">
        <ele>556.14</ele>
        <time>2026-05-02T18:57:53Z</time>
      </trkpt>
      <trkpt lat="34.20251" lon="-118.01859">
        <ele>556.77</ele>
        <time>2026-05-02T18:57:57Z</time>
      </trkpt>
      <trkpt lat="34.20254" lon="-118.01859">
        <ele>557.02</ele>
        <time>2026-05-02T18:58:01Z</time>
      </trkpt>
      <trkpt lat="34.20257" lon="-118.01858">
        <ele>557.51</ele>
        <time>2026-05-02T18:58:05Z</time>
      </trkpt>
      <trkpt lat="34.2026" lon="-118.01858">
        <ele>557.73</ele>
        <time>2026-05-02T18:58:09Z</time>
      </trkpt>
      <trkpt lat="34.20264" lon="-118.01858">
        <ele>558.01</ele>
        <time>2026-05-02T18:58:13Z</time>
      </trkpt>
      <trkpt lat="34.20268" lon="-118.01858">
        <ele>558.3</ele>
        <time>2026-05-02T18:58:15Z</time>
      </trkpt>
      <trkpt lat="34.20273" lon="-118.01858">
        <ele>558.34</ele>
        <time>2026-05-02T18:58:17Z</time>
      </trkpt>
      <trkpt lat="34.20277" lon="-118.01859">
        <ele>558.23</ele>
        <time>2026-05-02T18:58:19Z</time>
      </trkpt>
      <trkpt lat="34.20281" lon="-118.01859">
        <ele>559.11</ele>
        <time>2026-05-02T18:58:22Z</time>
      </trkpt>
      <trkpt lat="34.20285" lon="-118.01859">
        <ele>560.21</ele>
        <time>2026-05-02T18:58:26Z</time>
      </trkpt>
      <trkpt lat="34.20289" lon="-118.01859">
        <ele>560.77</ele>
        <time>2026-05-02T18:58:30Z</time>
      </trkpt>
      <trkpt lat="34.20292" lon="-118.01859">
        <ele>560.77</ele>
        <time>2026-05-02T18:58:34Z</time>
      </trkpt>
      <trkpt lat="34.20296" lon="-118.01859">
        <ele>560.77</ele>
        <time>2026-05-02T18:58:38Z</time>
      </trkpt>
      <trkpt lat="34.20299" lon="-118.01859">
        <ele>560.77</ele>
        <time>2026-05-02T18:58:42Z</time>
      </trkpt>
      <trkpt lat="34.20303" lon="-118.01859">
        <ele>560.77</ele>
        <time>2026-05-02T18:58:46Z</time>
      </trkpt>
      <trkpt lat="34.20306" lon="-118.01859">
        <ele>560.78</ele>
        <time>2026-05-02T18:58:50Z</time>
      </trkpt>
      <trkpt lat="34.2031" lon="-118.01859">
        <ele>560.88</ele>
        <time>2026-05-02T18:58:54Z</time>
      </trkpt>
      <trkpt lat="34.20314" lon="-118.01858">
        <ele>560.97</ele>
        <time>2026-05-02T18:58:58Z</time>
      </trkpt>
      <trkpt lat="34.20318" lon="-118.01858">
        <ele>561.46</ele>
        <time>2026-05-02T18:59:02Z</time>
      </trkpt>
      <trkpt lat="34.20321" lon="-118.01858">
        <ele>561.89</ele>
        <time>2026-05-02T18:59:06Z</time>
      </trkpt>
      <trkpt lat="34.20325" lon="-118.01858">
        <ele>562.5</ele>
        <time>2026-05-02T18:59:10Z</time>
      </trkpt>
      <trkpt lat="34.20329" lon="-118.01859">
        <ele>563.0</ele>
        <time>2026-05-02T18:59:14Z</time>
      </trkpt>
      <trkpt lat="34.20332" lon="-118.01861">
        <ele>562.89</ele>
        <time>2026-05-02T18:59:17Z</time>
      </trkpt>
      <trkpt lat="34.20334" lon="-118.01865">
        <ele>563.46</ele>
        <time>2026-05-02T18:59:19Z</time>
      </trkpt>
      <trkpt lat="34.20335" lon="-118.0187">
        <ele>563.97</ele>
        <time>2026-05-02T18:59:21Z</time>
      </trkpt>
      <trkpt lat="34.20338" lon="-118.01874">
        <ele>564.98</ele>
        <time>2026-05-02T18:59:24Z</time>
      </trkpt>
      <trkpt lat="34.2034" lon="-118.01877">
        <ele>565.63</ele>
        <time>2026-05-02T18:59:27Z</time>
      </trkpt>
      <trkpt lat="34.20344" lon="-118.01879">
        <ele>565.86</ele>
        <time>2026-05-02T18:59:31Z</time>
      </trkpt>
      <trkpt lat="34.20347" lon="-118.01881">
        <ele>566.52</ele>
        <time>2026-05-02T18:59:35Z</time>
      </trkpt>
      <trkpt lat="34.20351" lon="-118.01883">
        <ele>567.13</ele>
        <time>2026-05-02T18:59:39Z</time>
      </trkpt>
      <trkpt lat="34.20354" lon="-118.01885">
        <ele>567.51</ele>
        <time>2026-05-02T18:59:43Z</time>
      </trkpt>
      <trkpt lat="34.20357" lon="-118.01887">
        <ele>567.83</ele>
        <time>2026-05-02T18:59:47Z</time>
      </trkpt>
      <trkpt lat="34.2036" lon="-118.01889">
        <ele>568.16</ele>
        <time>2026-05-02T18:59:51Z</time>
      </trkpt>
      <trkpt lat="34.20363" lon="-118.01891">
        <ele>568.43</ele>
        <time>2026-05-02T18:59:55Z</time>
      </trkpt>
      <trkpt lat="34.20366" lon="-118.01894">
        <ele>568.84</ele>
        <time>2026-05-02T18:59:59Z</time>
      </trkpt>
      <trkpt lat="34.20369" lon="-118.01896">
        <ele>568.8</ele>
        <time>2026-05-02T19:00:03Z</time>
      </trkpt>
      <trkpt lat="34.20373" lon="-118.01898">
        <ele>568.97</ele>
        <time>2026-05-02T19:00:07Z</time>
      </trkpt>
      <trkpt lat="34.20376" lon="-118.019">
        <ele>569.48</ele>
        <time>2026-05-02T19:00:11Z</time>
      </trkpt>
      <trkpt lat="34.20379" lon="-118.01901">
        <ele>569.64</ele>
        <time>2026-05-02T19:00:15Z</time>
      </trkpt>
      <trkpt lat="34.20383" lon="-118.01903">
        <ele>569.68</ele>
        <time>2026-05-02T19:00:19Z</time>
      </trkpt>
      <trkpt lat="34.20386" lon="-118.01905">
        <ele>569.79</ele>
        <time>2026-05-02T19:00:23Z</time>
      </trkpt>
      <trkpt lat="34.20389" lon="-118.01906">
        <ele>569.69</ele>
        <time>2026-05-02T19:00:27Z</time>
      </trkpt>
      <trkpt lat="34.20393" lon="-118.01908">
        <ele>569.68</ele>
        <time>2026-05-02T19:00:31Z</time>
      </trkpt>
      <trkpt lat="34.20396" lon="-118.01909">
        <ele>569.58</ele>
        <time>2026-05-02T19:00:35Z</time>
      </trkpt>
      <trkpt lat="34.20399" lon="-118.01911">
        <ele>569.78</ele>
        <time>2026-05-02T19:00:39Z</time>
      </trkpt>
      <trkpt lat="34.20403" lon="-118.01912">
        <ele>569.99</ele>
        <time>2026-05-02T19:00:43Z</time>
      </trkpt>
      <trkpt lat="34.20406" lon="-118.01914">
        <ele>570.42</ele>
        <time>2026-05-02T19:00:47Z</time>
      </trkpt>
      <trkpt lat="34.2041" lon="-118.01915">
        <ele>570.64</ele>
        <time>2026-05-02T19:00:51Z</time>
      </trkpt>
      <trkpt lat="34.20413" lon="-118.01916">
        <ele>570.86</ele>
        <time>2026-05-02T19:00:55Z</time>
      </trkpt>
      <trkpt lat="34.20415" lon="-118.01913">
        <ele>570.21</ele>
        <time>2026-05-02T19:00:58Z</time>
      </trkpt>
      <trkpt lat="34.20418" lon="-118.0191">
        <ele>569.66</ele>
        <time>2026-05-02T19:01:01Z</time>
      </trkpt>
      <trkpt lat="34.20421" lon="-118.01911">
        <ele>570.06</ele>
        <time>2026-05-02T19:01:19Z</time>
      </trkpt>
      <trkpt lat="34.20425" lon="-118.01911">
        <ele>570.33</ele>
        <time>2026-05-02T19:01:25Z</time>
      </trkpt>
      <trkpt lat="34.20428" lon="-118.0191">
        <ele>570.44</ele>
        <time>2026-05-02T19:01:30Z</time>
      </trkpt>
      <trkpt lat="34.20432" lon="-118.01909">
        <ele>570.72</ele>
        <time>2026-05-02T19:01:35Z</time>
      </trkpt>
      <trkpt lat="34.20435" lon="-118.01908">
        <ele>570.98</ele>
        <time>2026-05-02T19:01:40Z</time>
      </trkpt>
      <trkpt lat="34.20439" lon="-118.01907">
        <ele>570.97</ele>
        <time>2026-05-02T19:01:45Z</time>
      </trkpt>
      <trkpt lat="34.20442" lon="-118.01905">
        <ele>570.93</ele>
        <time>2026-05-02T19:01:50Z</time>
      </trkpt>
      <trkpt lat="34.20444" lon="-118.01902">
        <ele>570.97</ele>
        <time>2026-05-02T19:01:55Z</time>
      </trkpt>
      <trkpt lat="34.20446" lon="-118.01899">
        <ele>571.18</ele>
        <time>2026-05-02T19:02:00Z</time>
      </trkpt>
      <trkpt lat="34.20448" lon="-118.01895">
        <ele>571.04</ele>
        <time>2026-05-02T19:02:06Z</time>
      </trkpt>
      <trkpt lat="34.2045" lon="-118.01892">
        <ele>570.94</ele>
        <time>2026-05-02T19:02:11Z</time>
      </trkpt>
      <trkpt lat="34.2045" lon="-118.01888">
        <ele>570.6</ele>
        <time>2026-05-02T19:02:13Z</time>
      </trkpt>
      <trkpt lat="34.20451" lon="-118.01883">
        <ele>570.71</ele>
        <time>2026-05-02T19:02:15Z</time>
      </trkpt>
      <trkpt lat="34.20451" lon="-118.01879">
        <ele>570.66</ele>
        <time>2026-05-02T19:02:17Z</time>
      </trkpt>
      <trkpt lat="34.20452" lon="-118.01874">
        <ele>570.32</ele>
        <time>2026-05-02T19:02:20Z</time>
      </trkpt>
      <trkpt lat="34.20454" lon="-118.0187">
        <ele>570.03</ele>
        <time>2026-05-02T19:02:23Z</time>
      </trkpt>
      <trkpt lat="34.20455" lon="-118.01866">
        <ele>570.14</ele>
        <time>2026-05-02T19:02:27Z</time>
      </trkpt>
      <trkpt lat="34.20456" lon="-118.01862">
        <ele>570.25</ele>
        <time>2026-05-02T19:02:31Z</time>
      </trkpt>
      <trkpt lat="34.20458" lon="-118.01858">
        <ele>570.64</ele>
        <time>2026-05-02T19:02:35Z</time>
      </trkpt>
      <trkpt lat="34.20459" lon="-118.01854">
        <ele>570.9</ele>
        <time>2026-05-02T19:02:39Z</time>
      </trkpt>
      <trkpt lat="34.2046" lon="-118.0185">
        <ele>571.06</ele>
        <time>2026-05-02T19:02:43Z</time>
      </trkpt>
      <trkpt lat="34.20461" lon="-118.01846">
        <ele>571.13</ele>
        <time>2026-05-02T19:02:47Z</time>
      </trkpt>
      <trkpt lat="34.20462" lon="-118.01842">
        <ele>571.17</ele>
        <time>2026-05-02T19:02:51Z</time>
      </trkpt>
      <trkpt lat="34.20464" lon="-118.01838">
        <ele>571.55</ele>
        <time>2026-05-02T19:02:56Z</time>
      </trkpt>
      <trkpt lat="34.20466" lon="-118.01841">
        <ele>571.44</ele>
        <time>2026-05-02T19:03:02Z</time>
      </trkpt>
      <trkpt lat="34.2047" lon="-118.0184">
        <ele>571.83</ele>
        <time>2026-05-02T19:03:08Z</time>
      </trkpt>
      <trkpt lat="34.20472" lon="-118.01836">
        <ele>571.99</ele>
        <time>2026-05-02T19:03:13Z</time>
      </trkpt>
      <trkpt lat="34.20474" lon="-118.01832">
        <ele>572.19</ele>
        <time>2026-05-02T19:03:17Z</time>
      </trkpt>
      <trkpt lat="34.20476" lon="-118.01828">
        <ele>572.41</ele>
        <time>2026-05-02T19:03:21Z</time>
      </trkpt>
      <trkpt lat="34.20478" lon="-118.01825">
        <ele>572.62</ele>
        <time>2026-05-02T19:03:25Z</time>
      </trkpt>
      <trkpt lat="34.2048" lon="-118.01821">
        <ele>572.84</ele>
        <time>2026-05-02T19:03:30Z</time>
      </trkpt>
      <trkpt lat="34.20482" lon="-118.01818">
        <ele>573.06</ele>
        <time>2026-05-02T19:03:35Z</time>
      </trkpt>
      <trkpt lat="34.20484" lon="-118.01814">
        <ele>573.27</ele>
        <time>2026-05-02T19:03:40Z</time>
      </trkpt>
      <trkpt lat="34.20486" lon="-118.0181">
        <ele>573.49</ele>
        <time>2026-05-02T19:03:45Z</time>
      </trkpt>
      <trkpt lat="34.20487" lon="-118.01807">
        <ele>573.6</ele>
        <time>2026-05-02T19:03:49Z</time>
      </trkpt>
      <trkpt lat="34.20489" lon="-118.01803">
        <ele>573.59</ele>
        <time>2026-05-02T19:03:53Z</time>
      </trkpt>
      <trkpt lat="34.20492" lon="-118.01801">
        <ele>573.71</ele>
        <time>2026-05-02T19:03:56Z</time>
      </trkpt>
      <trkpt lat="34.20496" lon="-118.018">
        <ele>574.31</ele>
        <time>2026-05-02T19:03:58Z</time>
      </trkpt>
      <trkpt lat="34.205" lon="-118.01799">
        <ele>575.0</ele>
        <time>2026-05-02T19:04:01Z</time>
      </trkpt>
      <trkpt lat="34.20504" lon="-118.01798">
        <ele>575.35</ele>
        <time>2026-05-02T19:04:04Z</time>
      </trkpt>
      <trkpt lat="34.20507" lon="-118.01802">
        <ele>575.29</ele>
        <time>2026-05-02T19:04:07Z</time>
      </trkpt>
      <trkpt lat="34.2051" lon="-118.01805">
        <ele>575.14</ele>
        <time>2026-05-02T19:04:09Z</time>
      </trkpt>
      <trkpt lat="34.20513" lon="-118.01808">
        <ele>575.83</ele>
        <time>2026-05-02T19:04:12Z</time>
      </trkpt>
      <trkpt lat="34.20516" lon="-118.01811">
        <ele>576.48</ele>
        <time>2026-05-02T19:04:15Z</time>
      </trkpt>
      <trkpt lat="34.20519" lon="-118.01813">
        <ele>576.87</ele>
        <time>2026-05-02T19:04:18Z</time>
      </trkpt>
      <trkpt lat="34.20523" lon="-118.01816">
        <ele>577.81</ele>
        <time>2026-05-02T19:04:22Z</time>
      </trkpt>
      <trkpt lat="34.20526" lon="-118.01818">
        <ele>578.56</ele>
        <time>2026-05-02T19:04:26Z</time>
      </trkpt>
      <trkpt lat="34.20529" lon="-118.0182">
        <ele>579.12</ele>
        <time>2026-05-02T19:04:30Z</time>
      </trkpt>
      <trkpt lat="34.20531" lon="-118.01824">
        <ele>579.98</ele>
        <time>2026-05-02T19:04:34Z</time>
      </trkpt>
      <trkpt lat="34.20533" lon="-118.01828">
        <ele>581.03</ele>
        <time>2026-05-02T19:04:39Z</time>
      </trkpt>
      <trkpt lat="34.20536" lon="-118.01831">
        <ele>581.58</ele>
        <time>2026-05-02T19:04:44Z</time>
      </trkpt>
      <trkpt lat="34.20538" lon="-118.01834">
        <ele>582.14</ele>
        <time>2026-05-02T19:04:49Z</time>
      </trkpt>
      <trkpt lat="34.20541" lon="-118.01836">
        <ele>582.58</ele>
        <time>2026-05-02T19:04:54Z</time>
      </trkpt>
      <trkpt lat="34.20544" lon="-118.01839">
        <ele>583.22</ele>
        <time>2026-05-02T19:04:59Z</time>
      </trkpt>
      <trkpt lat="34.20547" lon="-118.0184">
        <ele>583.44</ele>
        <time>2026-05-02T19:05:04Z</time>
      </trkpt>
      <trkpt lat="34.2055" lon="-118.01843">
        <ele>584.11</ele>
        <time>2026-05-02T19:05:10Z</time>
      </trkpt>
      <trkpt lat="34.20553" lon="-118.01845">
        <ele>584.59</ele>
        <time>2026-05-02T19:05:16Z</time>
      </trkpt>
      <trkpt lat="34.20551" lon="-118.01848">
        <ele>585.46</ele>
        <time>2026-05-02T19:05:25Z</time>
      </trkpt>
      <trkpt lat="34.20554" lon="-118.01851">
        <ele>585.97</ele>
        <time>2026-05-02T19:05:33Z</time>
      </trkpt>
      <trkpt lat="34.20557" lon="-118.01853">
        <ele>586.2</ele>
        <time>2026-05-02T19:05:38Z</time>
      </trkpt>
      <trkpt lat="34.2056" lon="-118.01854">
        <ele>586.1</ele>
        <time>2026-05-02T19:05:42Z</time>
      </trkpt>
      <trkpt lat="34.20564" lon="-118.01856">
        <ele>586.02</ele>
        <time>2026-05-02T19:05:47Z</time>
      </trkpt>
      <trkpt lat="34.20567" lon="-118.01858">
        <ele>586.09</ele>
        <time>2026-05-02T19:05:52Z</time>
      </trkpt>
      <trkpt lat="34.2057" lon="-118.0186">
        <ele>586.2</ele>
        <time>2026-05-02T19:05:56Z</time>
      </trkpt>
      <trkpt lat="34.20573" lon="-118.01861">
        <ele>586.09</ele>
        <time>2026-05-02T19:06:00Z</time>
      </trkpt>
      <trkpt lat="34.20576" lon="-118.01863">
        <ele>586.16</ele>
        <time>2026-05-02T19:06:04Z</time>
      </trkpt>
      <trkpt lat="34.20578" lon="-118.01865">
        <ele>586.24</ele>
        <time>2026-05-02T19:06:08Z</time>
      </trkpt>
      <trkpt lat="34.20581" lon="-118.01868">
        <ele>586.18</ele>
        <time>2026-05-02T19:06:12Z</time>
      </trkpt>
      <trkpt lat="34.20583" lon="-118.01873">
        <ele>586.92</ele>
        <time>2026-05-02T19:06:16Z</time>
      </trkpt>
      <trkpt lat="34.20584" lon="-118.01878">
        <ele>588.34</ele>
        <time>2026-05-02T19:06:18Z</time>
      </trkpt>
      <trkpt lat="34.20586" lon="-118.01883">
        <ele>589.26</ele>
        <time>2026-05-02T19:06:21Z</time>
      </trkpt>
      <trkpt lat="34.20588" lon="-118.01886">
        <ele>589.71</ele>
        <time>2026-05-02T19:06:24Z</time>
      </trkpt>
      <trkpt lat="34.2059" lon="-118.0189">
        <ele>590.55</ele>
        <time>2026-05-02T19:06:28Z</time>
      </trkpt>
      <trkpt lat="34.20592" lon="-118.01894">
        <ele>591.2</ele>
        <time>2026-05-02T19:06:33Z</time>
      </trkpt>
      <trkpt lat="34.20594" lon="-118.01896">
        <ele>591.35</ele>
        <time>2026-05-02T19:06:38Z</time>
      </trkpt>
      <trkpt lat="34.20597" lon="-118.01898">
        <ele>591.48</ele>
        <time>2026-05-02T19:06:43Z</time>
      </trkpt>
      <trkpt lat="34.20601" lon="-118.01898">
        <ele>591.05</ele>
        <time>2026-05-02T19:06:49Z</time>
      </trkpt>
      <trkpt lat="34.20602" lon="-118.01895">
        <ele>589.99</ele>
        <time>2026-05-02T19:06:52Z</time>
      </trkpt>
      <trkpt lat="34.20603" lon="-118.01891">
        <ele>588.78</ele>
        <time>2026-05-02T19:06:54Z</time>
      </trkpt>
      <trkpt lat="34.20604" lon="-118.01886">
        <ele>587.61</ele>
        <time>2026-05-02T19:06:57Z</time>
      </trkpt>
      <trkpt lat="34.20606" lon="-118.01882">
        <ele>586.96</ele>
        <time>2026-05-02T19:07:00Z</time>
      </trkpt>
      <trkpt lat="34.20608" lon="-118.01879">
        <ele>586.6</ele>
        <time>2026-05-02T19:07:04Z</time>
      </trkpt>
      <trkpt lat="34.20611" lon="-118.01877">
        <ele>586.7</ele>
        <time>2026-05-02T19:07:09Z</time>
      </trkpt>
      <trkpt lat="34.20614" lon="-118.01876">
        <ele>586.99</ele>
        <time>2026-05-02T19:07:14Z</time>
      </trkpt>
      <trkpt lat="34.20617" lon="-118.01875">
        <ele>587.14</ele>
        <time>2026-05-02T19:07:19Z</time>
      </trkpt>
      <trkpt lat="34.2062" lon="-118.01874">
        <ele>587.14</ele>
        <time>2026-05-02T19:07:24Z</time>
      </trkpt>
      <trkpt lat="34.20624" lon="-118.01872">
        <ele>587.24</ele>
        <time>2026-05-02T19:07:29Z</time>
      </trkpt>
      <trkpt lat="34.20626" lon="-118.0187">
        <ele>587.15</ele>
        <time>2026-05-02T19:07:33Z</time>
      </trkpt>
      <trkpt lat="34.20629" lon="-118.01867">
        <ele>587.16</ele>
        <time>2026-05-02T19:07:37Z</time>
      </trkpt>
      <trkpt lat="34.20632" lon="-118.01865">
        <ele>587.1</ele>
        <time>2026-05-02T19:07:41Z</time>
      </trkpt>
      <trkpt lat="34.20635" lon="-118.01862">
        <ele>586.77</ele>
        <time>2026-05-02T19:07:45Z</time>
      </trkpt>
      <trkpt lat="34.20638" lon="-118.01859">
        <ele>586.68</ele>
        <time>2026-05-02T19:07:49Z</time>
      </trkpt>
      <trkpt lat="34.2064" lon="-118.01855">
        <ele>586.5</ele>
        <time>2026-05-02T19:07:53Z</time>
      </trkpt>
      <trkpt lat="34.20643" lon="-118.01852">
        <ele>586.47</ele>
        <time>2026-05-02T19:07:57Z</time>
      </trkpt>
      <trkpt lat="34.20646" lon="-118.01849">
        <ele>586.7</ele>
        <time>2026-05-02T19:08:01Z</time>
      </trkpt>
      <trkpt lat="34.20648" lon="-118.01846">
        <ele>586.97</ele>
        <time>2026-05-02T19:08:05Z</time>
      </trkpt>
      <trkpt lat="34.20651" lon="-118.01843">
        <ele>587.94</ele>
        <time>2026-05-02T19:08:09Z</time>
      </trkpt>
      <trkpt lat="34.20653" lon="-118.01839">
        <ele>588.18</ele>
        <time>2026-05-02T19:08:13Z</time>
      </trkpt>
      <trkpt lat="34.20656" lon="-118.01835">
        <ele>588.72</ele>
        <time>2026-05-02T19:08:17Z</time>
      </trkpt>
      <trkpt lat="34.20658" lon="-118.01831">
        <ele>589.24</ele>
        <time>2026-05-02T19:08:20Z</time>
      </trkpt>
      <trkpt lat="34.20659" lon="-118.01827">
        <ele>589.57</ele>
        <time>2026-05-02T19:08:22Z</time>
      </trkpt>
      <trkpt lat="34.2066" lon="-118.01822">
        <ele>589.78</ele>
        <time>2026-05-02T19:08:24Z</time>
      </trkpt>
      <trkpt lat="34.20662" lon="-118.01819">
        <ele>590.22</ele>
        <time>2026-05-02T19:08:27Z</time>
      </trkpt>
      <trkpt lat="34.20664" lon="-118.01816">
        <ele>590.52</ele>
        <time>2026-05-02T19:08:31Z</time>
      </trkpt>
      <trkpt lat="34.20667" lon="-118.01814">
        <ele>590.98</ele>
        <time>2026-05-02T19:08:36Z</time>
      </trkpt>
      <trkpt lat="34.2067" lon="-118.01813">
        <ele>591.52</ele>
        <time>2026-05-02T19:08:42Z</time>
      </trkpt>
      <trkpt lat="34.20673" lon="-118.01812">
        <ele>592.06</ele>
        <time>2026-05-02T19:08:47Z</time>
      </trkpt>
      <trkpt lat="34.20669" lon="-118.01812">
        <ele>591.2</ele>
        <time>2026-05-02T19:08:54Z</time>
      </trkpt>
      <trkpt lat="34.20666" lon="-118.01812">
        <ele>590.57</ele>
        <time>2026-05-02T19:08:58Z</time>
      </trkpt>
      <trkpt lat="34.20667" lon="-118.01811">
        <ele>590.66</ele>
        <time>2026-05-02T19:10:03Z</time>
      </trkpt>
      <trkpt lat="34.2067" lon="-118.0181">
        <ele>591.2</ele>
        <time>2026-05-02T19:10:22Z</time>
      </trkpt>
      <trkpt lat="34.20674" lon="-118.0181">
        <ele>592.06</ele>
        <time>2026-05-02T19:10:25Z</time>
      </trkpt>
      <trkpt lat="34.20677" lon="-118.01809">
        <ele>592.65</ele>
        <time>2026-05-02T19:10:28Z</time>
      </trkpt>
      <trkpt lat="34.20681" lon="-118.01809">
        <ele>593.67</ele>
        <time>2026-05-02T19:10:32Z</time>
      </trkpt>
      <trkpt lat="34.20684" lon="-118.01808">
        <ele>594.24</ele>
        <time>2026-05-02T19:10:36Z</time>
      </trkpt>
      <trkpt lat="34.20687" lon="-118.01807">
        <ele>594.57</ele>
        <time>2026-05-02T19:10:40Z</time>
      </trkpt>
      <trkpt lat="34.20691" lon="-118.01806">
        <ele>594.78</ele>
        <time>2026-05-02T19:10:45Z</time>
      </trkpt>
      <trkpt lat="34.20695" lon="-118.01805">
        <ele>594.82</ele>
        <time>2026-05-02T19:10:49Z</time>
      </trkpt>
      <trkpt lat="34.20699" lon="-118.01805">
        <ele>594.82</ele>
        <time>2026-05-02T19:10:53Z</time>
      </trkpt>
      <trkpt lat="34.20703" lon="-118.01804">
        <ele>594.5</ele>
        <time>2026-05-02T19:10:57Z</time>
      </trkpt>
      <trkpt lat="34.20707" lon="-118.01804">
        <ele>594.56</ele>
        <time>2026-05-02T19:11:01Z</time>
      </trkpt>
      <trkpt lat="34.20711" lon="-118.01804">
        <ele>594.63</ele>
        <time>2026-05-02T19:11:05Z</time>
      </trkpt>
      <trkpt lat="34.20715" lon="-118.01803">
        <ele>594.67</ele>
        <time>2026-05-02T19:11:09Z</time>
      </trkpt>
      <trkpt lat="34.20718" lon="-118.01803">
        <ele>594.99</ele>
        <time>2026-05-02T19:11:13Z</time>
      </trkpt>
      <trkpt lat="34.20722" lon="-118.01803">
        <ele>595.42</ele>
        <time>2026-05-02T19:11:17Z</time>
      </trkpt>
      <trkpt lat="34.20725" lon="-118.01803">
        <ele>595.67</ele>
        <time>2026-05-02T19:11:21Z</time>
      </trkpt>
      <trkpt lat="34.20729" lon="-118.01803">
        <ele>595.98</ele>
        <time>2026-05-02T19:11:25Z</time>
      </trkpt>
      <trkpt lat="34.20732" lon="-118.01803">
        <ele>596.27</ele>
        <time>2026-05-02T19:11:29Z</time>
      </trkpt>
      <trkpt lat="34.20736" lon="-118.01803">
        <ele>597.01</ele>
        <time>2026-05-02T19:11:34Z</time>
      </trkpt>
      <trkpt lat="34.2074" lon="-118.01802">
        <ele>597.33</ele>
        <time>2026-05-02T19:11:39Z</time>
      </trkpt>
      <trkpt lat="34.20743" lon="-118.01802">
        <ele>598.05</ele>
        <time>2026-05-02T19:11:44Z</time>
      </trkpt>
      <trkpt lat="34.20747" lon="-118.01802">
        <ele>599.08</ele>
        <time>2026-05-02T19:11:49Z</time>
      </trkpt>
      <trkpt lat="34.2075" lon="-118.01802">
        <ele>599.85</ele>
        <time>2026-05-02T19:11:54Z</time>
      </trkpt>
      <trkpt lat="34.20754" lon="-118.01801">
        <ele>600.82</ele>
        <time>2026-05-02T19:11:59Z</time>
      </trkpt>
      <trkpt lat="34.20757" lon="-118.018">
        <ele>601.47</ele>
        <time>2026-05-02T19:12:04Z</time>
      </trkpt>
      <trkpt lat="34.20761" lon="-118.01799">
        <ele>602.44</ele>
        <time>2026-05-02T19:12:09Z</time>
      </trkpt>
      <trkpt lat="34.20764" lon="-118.01797">
        <ele>602.76</ele>
        <time>2026-05-02T19:12:14Z</time>
      </trkpt>
      <trkpt lat="34.20766" lon="-118.01794">
        <ele>602.62</ele>
        <time>2026-05-02T19:12:16Z</time>
      </trkpt>
      <trkpt lat="34.20767" lon="-118.01789">
        <ele>601.8</ele>
        <time>2026-05-02T19:12:18Z</time>
      </trkpt>
      <trkpt lat="34.20769" lon="-118.01785">
        <ele>601.5</ele>
        <time>2026-05-02T19:12:21Z</time>
      </trkpt>
      <trkpt lat="34.20769" lon="-118.0178">
        <ele>599.88</ele>
        <time>2026-05-02T19:12:26Z</time>
      </trkpt>
      <trkpt lat="34.20766" lon="-118.01778">
        <ele>598.25</ele>
        <time>2026-05-02T19:12:30Z</time>
      </trkpt>
      <trkpt lat="34.20766" lon="-118.01773">
        <ele>597.43</ele>
        <time>2026-05-02T19:12:37Z</time>
      </trkpt>
      <trkpt lat="34.20767" lon="-118.0177">
        <ele>597.1</ele>
        <time>2026-05-02T19:12:42Z</time>
      </trkpt>
      <trkpt lat="34.20769" lon="-118.01766">
        <ele>596.82</ele>
        <time>2026-05-02T19:12:47Z</time>
      </trkpt>
      <trkpt lat="34.20772" lon="-118.01764">
        <ele>597.08</ele>
        <time>2026-05-02T19:12:51Z</time>
      </trkpt>
      <trkpt lat="34.20775" lon="-118.01762">
        <ele>597.2</ele>
        <time>2026-05-02T19:12:55Z</time>
      </trkpt>
      <trkpt lat="34.20778" lon="-118.0176">
        <ele>597.19</ele>
        <time>2026-05-02T19:12:59Z</time>
      </trkpt>
      <trkpt lat="34.20781" lon="-118.01758">
        <ele>597.3</ele>
        <time>2026-05-02T19:13:03Z</time>
      </trkpt>
      <trkpt lat="34.20785" lon="-118.01756">
        <ele>597.51</ele>
        <time>2026-05-02T19:13:08Z</time>
      </trkpt>
      <trkpt lat="34.20788" lon="-118.01754">
        <ele>597.54</ele>
        <time>2026-05-02T19:13:12Z</time>
      </trkpt>
      <trkpt lat="34.20792" lon="-118.01755">
        <ele>598.08</ele>
        <time>2026-05-02T19:13:17Z</time>
      </trkpt>
      <trkpt lat="34.20794" lon="-118.01758">
        <ele>598.62</ele>
        <time>2026-05-02T19:13:20Z</time>
      </trkpt>
      <trkpt lat="34.20797" lon="-118.01761">
        <ele>599.64</ele>
        <time>2026-05-02T19:13:24Z</time>
      </trkpt>
      <trkpt lat="34.20801" lon="-118.01761">
        <ele>600.07</ele>
        <time>2026-05-02T19:13:29Z</time>
      </trkpt>
      <trkpt lat="34.20804" lon="-118.01762">
        <ele>600.72</ele>
        <time>2026-05-02T19:13:34Z</time>
      </trkpt>
      <trkpt lat="34.20808" lon="-118.01764">
        <ele>601.8</ele>
        <time>2026-05-02T19:13:39Z</time>
      </trkpt>
      <trkpt lat="34.20811" lon="-118.01764">
        <ele>602.12</ele>
        <time>2026-05-02T19:13:45Z</time>
      </trkpt>
      <trkpt lat="34.20808" lon="-118.01764">
        <ele>601.8</ele>
        <time>2026-05-02T19:13:57Z</time>
      </trkpt>
      <trkpt lat="34.20811" lon="-118.01766">
        <ele>602.77</ele>
        <time>2026-05-02T19:15:37Z</time>
      </trkpt>
      <trkpt lat="34.20815" lon="-118.01766">
        <ele>603.2</ele>
        <time>2026-05-02T19:15:41Z</time>
      </trkpt>
      <trkpt lat="34.20819" lon="-118.01767">
        <ele>603.96</ele>
        <time>2026-05-02T19:15:43Z</time>
      </trkpt>
      <trkpt lat="34.20822" lon="-118.01767">
        <ele>604.28</ele>
        <time>2026-05-02T19:15:45Z</time>
      </trkpt>
      <trkpt lat="34.20825" lon="-118.01768">
        <ele>604.83</ele>
        <time>2026-05-02T19:15:48Z</time>
      </trkpt>
      <trkpt lat="34.20829" lon="-118.01769">
        <ele>605.13</ele>
        <time>2026-05-02T19:15:53Z</time>
      </trkpt>
      <trkpt lat="34.20833" lon="-118.0177">
        <ele>605.33</ele>
        <time>2026-05-02T19:15:59Z</time>
      </trkpt>
      <trkpt lat="34.20836" lon="-118.01771">
        <ele>605.54</ele>
        <time>2026-05-02T19:16:04Z</time>
      </trkpt>
      <trkpt lat="34.2084" lon="-118.01773">
        <ele>605.97</ele>
        <time>2026-05-02T19:16:10Z</time>
      </trkpt>
      <trkpt lat="34.20843" lon="-118.01775">
        <ele>606.36</ele>
        <time>2026-05-02T19:16:16Z</time>
      </trkpt>
      <trkpt lat="34.20844" lon="-118.0178">
        <ele>607.57</ele>
        <time>2026-05-02T19:16:19Z</time>
      </trkpt>
      <trkpt lat="34.20846" lon="-118.01783">
        <ele>608.32</ele>
        <time>2026-05-02T19:16:23Z</time>
      </trkpt>
      <trkpt lat="34.20849" lon="-118.01785">
        <ele>608.65</ele>
        <time>2026-05-02T19:16:29Z</time>
      </trkpt>
      <trkpt lat="34.20852" lon="-118.01786">
        <ele>608.65</ele>
        <time>2026-05-02T19:16:35Z</time>
      </trkpt>
      <trkpt lat="34.20856" lon="-118.01787">
        <ele>608.54</ele>
        <time>2026-05-02T19:16:41Z</time>
      </trkpt>
      <trkpt lat="34.2086" lon="-118.01787">
        <ele>608.11</ele>
        <time>2026-05-02T19:16:46Z</time>
      </trkpt>
      <trkpt lat="34.20863" lon="-118.01789">
        <ele>608.22</ele>
        <time>2026-05-02T19:16:51Z</time>
      </trkpt>
      <trkpt lat="34.20866" lon="-118.0179">
        <ele>608.11</ele>
        <time>2026-05-02T19:16:56Z</time>
      </trkpt>
      <trkpt lat="34.2087" lon="-118.01791">
        <ele>607.9</ele>
        <time>2026-05-02T19:17:02Z</time>
      </trkpt>
      <trkpt lat="34.20873" lon="-118.01792">
        <ele>608.07</ele>
        <time>2026-05-02T19:17:07Z</time>
      </trkpt>
      <trkpt lat="34.20876" lon="-118.01794">
        <ele>608.5</ele>
        <time>2026-05-02T19:17:12Z</time>
      </trkpt>
      <trkpt lat="34.2088" lon="-118.01796">
        <ele>608.9</ele>
        <time>2026-05-02T19:17:17Z</time>
      </trkpt>
      <trkpt lat="34.20883" lon="-118.01798">
        <ele>609.0</ele>
        <time>2026-05-02T19:17:22Z</time>
      </trkpt>
      <trkpt lat="34.20886" lon="-118.018">
        <ele>609.11</ele>
        <time>2026-05-02T19:17:27Z</time>
      </trkpt>
      <trkpt lat="34.20889" lon="-118.01803">
        <ele>609.45</ele>
        <time>2026-05-02T19:17:32Z</time>
      </trkpt>
      <trkpt lat="34.20892" lon="-118.01806">
        <ele>610.14</ele>
        <time>2026-05-02T19:17:37Z</time>
      </trkpt>
      <trkpt lat="34.20895" lon="-118.01809">
        <ele>611.12</ele>
        <time>2026-05-02T19:17:43Z</time>
      </trkpt>
      <trkpt lat="34.20897" lon="-118.01811">
        <ele>611.76</ele>
        <time>2026-05-02T19:17:48Z</time>
      </trkpt>
      <trkpt lat="34.209" lon="-118.01813">
        <ele>612.25</ele>
        <time>2026-05-02T19:17:53Z</time>
      </trkpt>
      <trkpt lat="34.20903" lon="-118.01816">
        <ele>612.73</ele>
        <time>2026-05-02T19:17:58Z</time>
      </trkpt>
      <trkpt lat="34.20901" lon="-118.0182">
        <ele>613.81</ele>
        <time>2026-05-02T19:18:04Z</time>
      </trkpt>
      <trkpt lat="34.20897" lon="-118.01821">
        <ele>614.42</ele>
        <time>2026-05-02T19:18:06Z</time>
      </trkpt>
      <trkpt lat="34.20895" lon="-118.01824">
        <ele>615.32</ele>
        <time>2026-05-02T19:18:10Z</time>
      </trkpt>
      <trkpt lat="34.20893" lon="-118.01827">
        <ele>616.36</ele>
        <time>2026-05-02T19:18:17Z</time>
      </trkpt>
      <trkpt lat="34.20895" lon="-118.01831">
        <ele>617.09</ele>
        <time>2026-05-02T19:18:28Z</time>
      </trkpt>
      <trkpt lat="34.20897" lon="-118.01834">
        <ele>617.46</ele>
        <time>2026-05-02T19:18:38Z</time>
      </trkpt>
      <trkpt lat="34.20899" lon="-118.01837">
        <ele>618.06</ele>
        <time>2026-05-02T19:18:51Z</time>
      </trkpt>
      <trkpt lat="34.20899" lon="-118.01832">
        <ele>616.62</ele>
        <time>2026-05-02T19:18:55Z</time>
      </trkpt>
      <trkpt lat="34.20899" lon="-118.01827">
        <ele>615.54</ele>
        <time>2026-05-02T19:18:58Z</time>
      </trkpt>
      <trkpt lat="34.20902" lon="-118.01824">
        <ele>614.57</ele>
        <time>2026-05-02T19:19:11Z</time>
      </trkpt>
      <trkpt lat="34.20902" lon="-118.01828">
        <ele>615.43</ele>
        <time>2026-05-02T19:19:21Z</time>
      </trkpt>
      <trkpt lat="34.20901" lon="-118.01832">
        <ele>616.4</ele>
        <time>2026-05-02T19:19:26Z</time>
      </trkpt>
      <trkpt lat="34.209" lon="-118.01836">
        <ele>617.61</ele>
        <time>2026-05-02T19:19:31Z</time>
      </trkpt>
      <trkpt lat="34.209" lon="-118.0184">
        <ele>618.82</ele>
        <time>2026-05-02T19:19:36Z</time>
      </trkpt>
      <trkpt lat="34.209" lon="-118.01844">
        <ele>619.9</ele>
        <time>2026-05-02T19:19:42Z</time>
      </trkpt>
      <trkpt lat="34.20902" lon="-118.01848">
        <ele>620.34</ele>
        <time>2026-05-02T19:19:51Z</time>
      </trkpt>
      <trkpt lat="34.20904" lon="-118.01843">
        <ele>618.82</ele>
        <time>2026-05-02T19:20:03Z</time>
      </trkpt>
      <trkpt lat="34.20904" lon="-118.01839">
        <ele>617.82</ele>
        <time>2026-05-02T19:20:05Z</time>
      </trkpt>
      <trkpt lat="34.20904" lon="-118.01835">
        <ele>616.79</ele>
        <time>2026-05-02T19:20:07Z</time>
      </trkpt>
      <trkpt lat="34.20905" lon="-118.01831">
        <ele>615.76</ele>
        <time>2026-05-02T19:20:10Z</time>
      </trkpt>
      <trkpt lat="34.20909" lon="-118.01829">
        <ele>614.89</ele>
        <time>2026-05-02T19:20:13Z</time>
      </trkpt>
      <trkpt lat="34.20913" lon="-118.01827">
        <ele>614.03</ele>
        <time>2026-05-02T19:20:15Z</time>
      </trkpt>
      <trkpt lat="34.20917" lon="-118.01826">
        <ele>613.38</ele>
        <time>2026-05-02T19:20:18Z</time>
      </trkpt>
      <trkpt lat="34.2092" lon="-118.0183">
        <ele>613.92</ele>
        <time>2026-05-02T19:20:22Z</time>
      </trkpt>
      <trkpt lat="34.20921" lon="-118.01834">
        <ele>614.68</ele>
        <time>2026-05-02T19:20:24Z</time>
      </trkpt>
      <trkpt lat="34.20921" lon="-118.01839">
        <ele>615.76</ele>
        <time>2026-05-02T19:20:26Z</time>
      </trkpt>
      <trkpt lat="34.20922" lon="-118.01843">
        <ele>616.49</ele>
        <time>2026-05-02T19:20:29Z</time>
      </trkpt>
      <trkpt lat="34.20923" lon="-118.01847">
        <ele>617.12</ele>
        <time>2026-05-02T19:20:33Z</time>
      </trkpt>
      <trkpt lat="34.20923" lon="-118.01851">
        <ele>617.85</ele>
        <time>2026-05-02T19:20:36Z</time>
      </trkpt>
      <trkpt lat="34.20924" lon="-118.01856">
        <ele>618.9</ele>
        <time>2026-05-02T19:20:40Z</time>
      </trkpt>
      <trkpt lat="34.20924" lon="-118.01859">
        <ele>619.54</ele>
        <time>2026-05-02T19:20:44Z</time>
      </trkpt>
      <trkpt lat="34.20926" lon="-118.01863">
        <ele>620.41</ele>
        <time>2026-05-02T19:20:52Z</time>
      </trkpt>
      <trkpt lat="34.20928" lon="-118.01865">
        <ele>620.84</ele>
        <time>2026-05-02T19:21:01Z</time>
      </trkpt>
      <trkpt lat="34.20931" lon="-118.01867">
        <ele>621.27</ele>
        <time>2026-05-02T19:21:08Z</time>
      </trkpt>
      <trkpt lat="34.20935" lon="-118.0187">
        <ele>621.92</ele>
        <time>2026-05-02T19:21:14Z</time>
      </trkpt>
      <trkpt lat="34.20937" lon="-118.01871">
        <ele>622.14</ele>
        <time>2026-05-02T19:21:19Z</time>
      </trkpt>
      <trkpt lat="34.20941" lon="-118.01873">
        <ele>622.57</ele>
        <time>2026-05-02T19:21:25Z</time>
      </trkpt>
      <trkpt lat="34.20944" lon="-118.01875">
        <ele>623.0</ele>
        <time>2026-05-02T19:21:31Z</time>
      </trkpt>
      <trkpt lat="34.20947" lon="-118.01876">
        <ele>623.38</ele>
        <time>2026-05-02T19:21:36Z</time>
      </trkpt>
      <trkpt lat="34.20949" lon="-118.01878">
        <ele>624.05</ele>
        <time>2026-05-02T19:21:41Z</time>
      </trkpt>
      <trkpt lat="34.20952" lon="-118.0188">
        <ele>624.93</ele>
        <time>2026-05-02T19:21:46Z</time>
      </trkpt>
      <trkpt lat="34.20955" lon="-118.01881">
        <ele>625.74</ele>
        <time>2026-05-02T19:21:51Z</time>
      </trkpt>
      <trkpt lat="34.20959" lon="-118.01878">
        <ele>625.52</ele>
        <time>2026-05-02T19:21:57Z</time>
      </trkpt>
      <trkpt lat="34.20961" lon="-118.01875">
        <ele>624.68</ele>
        <time>2026-05-02T19:22:00Z</time>
      </trkpt>
      <trkpt lat="34.20965" lon="-118.01874">
        <ele>625.01</ele>
        <time>2026-05-02T19:22:05Z</time>
      </trkpt>
      <trkpt lat="34.20969" lon="-118.01874">
        <ele>625.87</ele>
        <time>2026-05-02T19:22:07Z</time>
      </trkpt>
      <trkpt lat="34.20973" lon="-118.01874">
        <ele>626.63</ele>
        <time>2026-05-02T19:22:09Z</time>
      </trkpt>
      <trkpt lat="34.20977" lon="-118.01875">
        <ele>627.52</ele>
        <time>2026-05-02T19:22:12Z</time>
      </trkpt>
      <trkpt lat="34.2098" lon="-118.01877">
        <ele>629.07</ele>
        <time>2026-05-02T19:22:15Z</time>
      </trkpt>
      <trkpt lat="34.20982" lon="-118.01881">
        <ele>631.85</ele>
        <time>2026-05-02T19:22:19Z</time>
      </trkpt>
      <trkpt lat="34.20982" lon="-118.01885">
        <ele>634.01</ele>
        <time>2026-05-02T19:22:27Z</time>
      </trkpt>
      <trkpt lat="34.20986" lon="-118.01887">
        <ele>635.96</ele>
        <time>2026-05-02T19:22:37Z</time>
      </trkpt>
      <trkpt lat="34.20989" lon="-118.01886">
        <ele>636.06</ele>
        <time>2026-05-02T19:22:43Z</time>
      </trkpt>
      <trkpt lat="34.20992" lon="-118.01885">
        <ele>636.31</ele>
        <time>2026-05-02T19:22:48Z</time>
      </trkpt>
      <trkpt lat="34.20995" lon="-118.01883">
        <ele>636.2</ele>
        <time>2026-05-02T19:22:53Z</time>
      </trkpt>
      <trkpt lat="34.20998" lon="-118.01882">
        <ele>636.63</ele>
        <time>2026-05-02T19:22:57Z</time>
      </trkpt>
      <trkpt lat="34.21001" lon="-118.01881">
        <ele>637.06</ele>
        <time>2026-05-02T19:23:01Z</time>
      </trkpt>
      <trkpt lat="34.21005" lon="-118.0188">
        <ele>637.82</ele>
        <time>2026-05-02T19:23:06Z</time>
      </trkpt>
      <trkpt lat="34.21008" lon="-118.01879">
        <ele>638.25</ele>
        <time>2026-05-02T19:23:11Z</time>
      </trkpt>
      <trkpt lat="34.21012" lon="-118.01879">
        <ele>639.23</ele>
        <time>2026-05-02T19:23:16Z</time>
      </trkpt>
      <trkpt lat="34.21016" lon="-118.01878">
        <ele>639.45</ele>
        <time>2026-05-02T19:23:21Z</time>
      </trkpt>
      <trkpt lat="34.21019" lon="-118.01877">
        <ele>639.42</ele>
        <time>2026-05-02T19:23:25Z</time>
      </trkpt>
      <trkpt lat="34.21021" lon="-118.01875">
        <ele>638.54</ele>
        <time>2026-05-02T19:23:29Z</time>
      </trkpt>
      <trkpt lat="34.21025" lon="-118.01874">
        <ele>638.6</ele>
        <time>2026-05-02T19:23:34Z</time>
      </trkpt>
      <trkpt lat="34.21028" lon="-118.01873">
        <ele>638.33</ele>
        <time>2026-05-02T19:23:39Z</time>
      </trkpt>
      <trkpt lat="34.21031" lon="-118.01872">
        <ele>638.17</ele>
        <time>2026-05-02T19:23:45Z</time>
      </trkpt>
      <trkpt lat="34.21028" lon="-118.01872">
        <ele>637.46</ele>
        <time>2026-05-02T19:23:54Z</time>
      </trkpt>
      <trkpt lat="34.21031" lon="-118.01873">
        <ele>639.07</ele>
        <time>2026-05-02T19:26:52Z</time>
      </trkpt>
      <trkpt lat="34.21035" lon="-118.01873">
        <ele>640.05</ele>
        <time>2026-05-02T19:26:54Z</time>
      </trkpt>
      <trkpt lat="34.21039" lon="-118.01873">
        <ele>640.92</ele>
        <time>2026-05-02T19:26:57Z</time>
      </trkpt>
      <trkpt lat="34.21042" lon="-118.01872">
        <ele>640.56</ele>
        <time>2026-05-02T19:27:00Z</time>
      </trkpt>
      <trkpt lat="34.21046" lon="-118.01872">
        <ele>641.35</ele>
        <time>2026-05-02T19:27:04Z</time>
      </trkpt>
      <trkpt lat="34.2105" lon="-118.01872">
        <ele>642.21</ele>
        <time>2026-05-02T19:27:08Z</time>
      </trkpt>
      <trkpt lat="34.21053" lon="-118.01872">
        <ele>642.86</ele>
        <time>2026-05-02T19:27:12Z</time>
      </trkpt>
      <trkpt lat="34.21056" lon="-118.01872">
        <ele>643.59</ele>
        <time>2026-05-02T19:27:16Z</time>
      </trkpt>
      <trkpt lat="34.2106" lon="-118.01872">
        <ele>645.24</ele>
        <time>2026-05-02T19:27:21Z</time>
      </trkpt>
      <trkpt lat="34.21063" lon="-118.01871">
        <ele>645.71</ele>
        <time>2026-05-02T19:27:26Z</time>
      </trkpt>
      <trkpt lat="34.21065" lon="-118.01865">
        <ele>641.47</ele>
        <time>2026-05-02T19:27:29Z</time>
      </trkpt>
      <trkpt lat="34.21066" lon="-118.01861">
        <ele>638.68</ele>
        <time>2026-05-02T19:27:31Z</time>
      </trkpt>
      <trkpt lat="34.21064" lon="-118.01863">
        <ele>639.28</ele>
        <time>2026-05-02T19:27:48Z</time>
      </trkpt>
      <trkpt lat="34.21066" lon="-118.0186">
        <ele>637.93</ele>
        <time>2026-05-02T19:28:01Z</time>
      </trkpt>
      <trkpt lat="34.21068" lon="-118.01857">
        <ele>636.96</ele>
        <time>2026-05-02T19:28:05Z</time>
      </trkpt>
      <trkpt lat="34.21071" lon="-118.01854">
        <ele>636.63</ele>
        <time>2026-05-02T19:28:09Z</time>
      </trkpt>
      <trkpt lat="34.21074" lon="-118.01852">
        <ele>637.06</ele>
        <time>2026-05-02T19:28:13Z</time>
      </trkpt>
      <trkpt lat="34.21077" lon="-118.0185">
        <ele>636.21</ele>
        <time>2026-05-02T19:28:17Z</time>
      </trkpt>
      <trkpt lat="34.2108" lon="-118.01848">
        <ele>635.44</ele>
        <time>2026-05-02T19:28:22Z</time>
      </trkpt>
      <trkpt lat="34.21084" lon="-118.01847">
        <ele>636.02</ele>
        <time>2026-05-02T19:28:27Z</time>
      </trkpt>
      <trkpt lat="34.21087" lon="-118.01846">
        <ele>636.13</ele>
        <time>2026-05-02T19:28:31Z</time>
      </trkpt>
      <trkpt lat="34.21091" lon="-118.01845">
        <ele>636.56</ele>
        <time>2026-05-02T19:28:35Z</time>
      </trkpt>
      <trkpt lat="34.21094" lon="-118.01845">
        <ele>637.42</ele>
        <time>2026-05-02T19:28:39Z</time>
      </trkpt>
      <trkpt lat="34.21097" lon="-118.01848">
        <ele>640.9</ele>
        <time>2026-05-02T19:28:43Z</time>
      </trkpt>
      <trkpt lat="34.21099" lon="-118.01852">
        <ele>645.21</ele>
        <time>2026-05-02T19:28:45Z</time>
      </trkpt>
      <trkpt lat="34.211" lon="-118.01855">
        <ele>648.19</ele>
        <time>2026-05-02T19:28:47Z</time>
      </trkpt>
      <trkpt lat="34.21103" lon="-118.01859">
        <ele>652.37</ele>
        <time>2026-05-02T19:28:50Z</time>
      </trkpt>
      <trkpt lat="34.21105" lon="-118.01861">
        <ele>654.58</ele>
        <time>2026-05-02T19:28:54Z</time>
      </trkpt>
      <trkpt lat="34.21109" lon="-118.01861">
        <ele>655.43</ele>
        <time>2026-05-02T19:28:59Z</time>
      </trkpt>
      <trkpt lat="34.21112" lon="-118.0186">
        <ele>654.61</ele>
        <time>2026-05-02T19:29:05Z</time>
      </trkpt>
      <trkpt lat="34.21115" lon="-118.01858">
        <ele>651.8</ele>
        <time>2026-05-02T19:29:09Z</time>
      </trkpt>
      <trkpt lat="34.21117" lon="-118.01856">
        <ele>649.21</ele>
        <time>2026-05-02T19:29:13Z</time>
      </trkpt>
      <trkpt lat="34.21121" lon="-118.01855">
        <ele>647.2</ele>
        <time>2026-05-02T19:29:18Z</time>
      </trkpt>
      <trkpt lat="34.21124" lon="-118.01857">
        <ele>648.38</ele>
        <time>2026-05-02T19:29:23Z</time>
      </trkpt>
      <trkpt lat="34.21126" lon="-118.01862">
        <ele>653.12</ele>
        <time>2026-05-02T19:29:26Z</time>
      </trkpt>
      <trkpt lat="34.21128" lon="-118.01866">
        <ele>656.47</ele>
        <time>2026-05-02T19:29:29Z</time>
      </trkpt>
      <trkpt lat="34.2113" lon="-118.01871">
        <ele>660.33</ele>
        <time>2026-05-02T19:29:32Z</time>
      </trkpt>
      <trkpt lat="34.21133" lon="-118.01873">
        <ele>659.8</ele>
        <time>2026-05-02T19:29:36Z</time>
      </trkpt>
      <trkpt lat="34.21136" lon="-118.01875">
        <ele>659.0</ele>
        <time>2026-05-02T19:29:42Z</time>
      </trkpt>
      <trkpt lat="34.21132" lon="-118.01876">
        <ele>663.37</ele>
        <time>2026-05-02T19:29:50Z</time>
      </trkpt>
      <trkpt lat="34.21133" lon="-118.0188">
        <ele>665.96</ele>
        <time>2026-05-02T19:30:07Z</time>
      </trkpt>
      <trkpt lat="34.21136" lon="-118.01882">
        <ele>664.34</ele>
        <time>2026-05-02T19:30:14Z</time>
      </trkpt>
      <trkpt lat="34.21138" lon="-118.01886">
        <ele>664.99</ele>
        <time>2026-05-02T19:30:20Z</time>
      </trkpt>
      <trkpt lat="34.21139" lon="-118.0189">
        <ele>666.35</ele>
        <time>2026-05-02T19:30:26Z</time>
      </trkpt>
      <trkpt lat="34.2114" lon="-118.01894">
        <ele>666.82</ele>
        <time>2026-05-02T19:30:31Z</time>
      </trkpt>
      <trkpt lat="34.21141" lon="-118.01898">
        <ele>667.2</ele>
        <time>2026-05-02T19:30:37Z</time>
      </trkpt>
      <trkpt lat="34.21141" lon="-118.01902">
        <ele>667.13</ele>
        <time>2026-05-02T19:30:46Z</time>
      </trkpt>
      <trkpt lat="34.21141" lon="-118.01898">
        <ele>667.2</ele>
        <time>2026-05-02T19:30:58Z</time>
      </trkpt>
      <trkpt lat="34.21139" lon="-118.01897">
        <ele>669.36</ele>
        <time>2026-05-02T19:32:10Z</time>
      </trkpt>
      <trkpt lat="34.21138" lon="-118.01897">
        <ele>670.28</ele>
        <time>2026-05-02T19:33:13Z</time>
      </trkpt>
      <trkpt lat="34.21139" lon="-118.01897">
        <ele>669.36</ele>
        <time>2026-05-02T19:33:23Z</time>
      </trkpt>
      <trkpt lat="34.21138" lon="-118.01901">
        <ele>670.55</ele>
        <time>2026-05-02T19:34:17Z</time>
      </trkpt>
      <trkpt lat="34.21138" lon="-118.01906">
        <ele>670.16</ele>
        <time>2026-05-02T19:34:20Z</time>
      </trkpt>
      <trkpt lat="34.21135" lon="-118.01909">
        <ele>673.69</ele>
        <time>2026-05-02T19:34:26Z</time>
      </trkpt>
      <trkpt lat="34.21131" lon="-118.0191">
        <ele>678.61</ele>
        <time>2026-05-02T19:34:29Z</time>
      </trkpt>
      <trkpt lat="34.21128" lon="-118.0191">
        <ele>681.69</ele>
        <time>2026-05-02T19:34:33Z</time>
      </trkpt>
      <trkpt lat="34.21127" lon="-118.01913">
        <ele>682.88</ele>
        <time>2026-05-02T19:34:53Z</time>
      </trkpt>
      <trkpt lat="34.21128" lon="-118.01914">
        <ele>682.12</ele>
        <time>2026-05-02T19:34:58Z</time>
      </trkpt>
      <trkpt lat="34.21127" lon="-118.01918">
        <ele>683.31</ele>
        <time>2026-05-02T19:35:06Z</time>
      </trkpt>
      <trkpt lat="34.21126" lon="-118.01922">
        <ele>684.36</ele>
        <time>2026-05-02T19:35:12Z</time>
      </trkpt>
      <trkpt lat="34.21125" lon="-118.01925">
        <ele>685.45</ele>
        <time>2026-05-02T19:35:20Z</time>
      </trkpt>
      <trkpt lat="34.21124" lon="-118.01929">
        <ele>686.67</ele>
        <time>2026-05-02T19:35:35Z</time>
      </trkpt>
      <trkpt lat="34.21123" lon="-118.01931">
        <ele>687.84</ele>
        <time>2026-05-02T19:35:53Z</time>
      </trkpt>
      <trkpt lat="34.21124" lon="-118.01935">
        <ele>687.07</ele>
        <time>2026-05-02T19:36:03Z</time>
      </trkpt>
      <trkpt lat="34.21124" lon="-118.01939">
        <ele>687.9</ele>
        <time>2026-05-02T19:36:20Z</time>
      </trkpt>
      <trkpt lat="34.21126" lon="-118.0194">
        <ele>685.96</ele>
        <time>2026-05-02T19:36:23Z</time>
      </trkpt>
      <trkpt lat="34.21129" lon="-118.01941">
        <ele>682.94</ele>
        <time>2026-05-02T19:36:26Z</time>
      </trkpt>
      <trkpt lat="34.21132" lon="-118.01942">
        <ele>679.4</ele>
        <time>2026-05-02T19:36:29Z</time>
      </trkpt>
      <trkpt lat="34.21134" lon="-118.01943">
        <ele>677.02</ele>
        <time>2026-05-02T19:36:34Z</time>
      </trkpt>
      <trkpt lat="34.21138" lon="-118.01944">
        <ele>672.06</ele>
        <time>2026-05-02T19:36:39Z</time>
      </trkpt>
      <trkpt lat="34.21141" lon="-118.01946">
        <ele>669.35</ele>
        <time>2026-05-02T19:36:44Z</time>
      </trkpt>
      <trkpt lat="34.21142" lon="-118.01949">
        <ele>669.44</ele>
        <time>2026-05-02T19:36:54Z</time>
      </trkpt>
      <trkpt lat="34.21139" lon="-118.01951">
        <ele>673.7</ele>
        <time>2026-05-02T19:37:01Z</time>
      </trkpt>
      <trkpt lat="34.2114" lon="-118.01954">
        <ele>673.83</ele>
        <time>2026-05-02T19:37:10Z</time>
      </trkpt>
      <trkpt lat="34.21144" lon="-118.01955">
        <ele>669.47</ele>
        <time>2026-05-02T19:37:14Z</time>
      </trkpt>
      <trkpt lat="34.21147" lon="-118.01956">
        <ele>666.17</ele>
        <time>2026-05-02T19:37:18Z</time>
      </trkpt>
      <trkpt lat="34.2115" lon="-118.01957">
        <ele>662.8</ele>
        <time>2026-05-02T19:37:22Z</time>
      </trkpt>
      <trkpt lat="34.21153" lon="-118.01961">
        <ele>660.19</ele>
        <time>2026-05-02T19:37:26Z</time>
      </trkpt>
      <trkpt lat="34.21154" lon="-118.01964">
        <ele>659.68</ele>
        <time>2026-05-02T19:37:28Z</time>
      </trkpt>
      <trkpt lat="34.21156" lon="-118.01969">
        <ele>658.23</ele>
        <time>2026-05-02T19:37:31Z</time>
      </trkpt>
      <trkpt lat="34.21157" lon="-118.01973">
        <ele>657.74</ele>
        <time>2026-05-02T19:37:35Z</time>
      </trkpt>
      <trkpt lat="34.21158" lon="-118.01977">
        <ele>657.62</ele>
        <time>2026-05-02T19:37:39Z</time>
      </trkpt>
      <trkpt lat="34.21159" lon="-118.01981">
        <ele>658.01</ele>
        <time>2026-05-02T19:37:43Z</time>
      </trkpt>
      <trkpt lat="34.21159" lon="-118.01984">
        <ele>658.73</ele>
        <time>2026-05-02T19:37:48Z</time>
      </trkpt>
      <trkpt lat="34.21155" lon="-118.01986">
        <ele>663.87</ele>
        <time>2026-05-02T19:37:54Z</time>
      </trkpt>
      <trkpt lat="34.21152" lon="-118.01986">
        <ele>668.72</ele>
        <time>2026-05-02T19:37:59Z</time>
      </trkpt>
      <trkpt lat="34.21151" lon="-118.01986">
        <ele>670.34</ele>
        <time>2026-05-02T19:38:24Z</time>
      </trkpt>
      <trkpt lat="34.21151" lon="-118.01982">
        <ele>668.88</ele>
        <time>2026-05-02T19:38:28Z</time>
      </trkpt>
      <trkpt lat="34.21152" lon="-118.01986">
        <ele>668.72</ele>
        <time>2026-05-02T19:38:35Z</time>
      </trkpt>
      <trkpt lat="34.21153" lon="-118.01989">
        <ele>668.06</ele>
        <time>2026-05-02T19:38:39Z</time>
      </trkpt>
      <trkpt lat="34.21154" lon="-118.01993">
        <ele>668.11</ele>
        <time>2026-05-02T19:38:43Z</time>
      </trkpt>
      <trkpt lat="34.21155" lon="-118.01997">
        <ele>668.54</ele>
        <time>2026-05-02T19:38:47Z</time>
      </trkpt>
      <trkpt lat="34.21157" lon="-118.02">
        <ele>666.7</ele>
        <time>2026-05-02T19:38:50Z</time>
      </trkpt>
      <trkpt lat="34.2116" lon="-118.02002">
        <ele>666.05</ele>
        <time>2026-05-02T19:38:52Z</time>
      </trkpt>
      <trkpt lat="34.21163" lon="-118.02004">
        <ele>665.74</ele>
        <time>2026-05-02T19:38:54Z</time>
      </trkpt>
      <trkpt lat="34.21167" lon="-118.02006">
        <ele>664.98</ele>
        <time>2026-05-02T19:38:57Z</time>
      </trkpt>
      <trkpt lat="34.2117" lon="-118.02008">
        <ele>666.53</ele>
        <time>2026-05-02T19:39:00Z</time>
      </trkpt>
      <trkpt lat="34.21173" lon="-118.0201">
        <ele>667.45</ele>
        <time>2026-05-02T19:39:03Z</time>
      </trkpt>
      <trkpt lat="34.21175" lon="-118.02006">
        <ele>667.11</ele>
        <time>2026-05-02T19:39:15Z</time>
      </trkpt>
      <trkpt lat="34.21178" lon="-118.02008">
        <ele>669.72</ele>
        <time>2026-05-02T19:39:28Z</time>
      </trkpt>
      <trkpt lat="34.2118" lon="-118.0201">
        <ele>671.77</ele>
        <time>2026-05-02T19:39:32Z</time>
      </trkpt>
      <trkpt lat="34.21183" lon="-118.02012">
        <ele>674.1</ele>
        <time>2026-05-02T19:39:37Z</time>
      </trkpt>
      <trkpt lat="34.21186" lon="-118.02013">
        <ele>676.17</ele>
        <time>2026-05-02T19:39:44Z</time>
      </trkpt>
      <trkpt lat="34.21183" lon="-118.02015">
        <ele>672.67</ele>
        <time>2026-05-02T19:39:54Z</time>
      </trkpt>
      <trkpt lat="34.21187" lon="-118.02016">
        <ele>674.88</ele>
        <time>2026-05-02T19:40:00Z</time>
      </trkpt>
      <trkpt lat="34.2119" lon="-118.02016">
        <ele>678.15</ele>
        <time>2026-05-02T19:40:04Z</time>
      </trkpt>
      <trkpt lat="34.21193" lon="-118.02018">
        <ele>679.18</ele>
        <time>2026-05-02T19:40:12Z</time>
      </trkpt>
      <trkpt lat="34.21194" lon="-118.0202">
        <ele>678.84</ele>
        <time>2026-05-02T19:40:20Z</time>
      </trkpt>
      <trkpt lat="34.21197" lon="-118.02022">
        <ele>680.09</ele>
        <time>2026-05-02T19:40:27Z</time>
      </trkpt>
      <trkpt lat="34.21201" lon="-118.02022">
        <ele>683.16</ele>
        <time>2026-05-02T19:40:32Z</time>
      </trkpt>
      <trkpt lat="34.21204" lon="-118.02022">
        <ele>685.4</ele>
        <time>2026-05-02T19:40:37Z</time>
      </trkpt>
      <trkpt lat="34.21208" lon="-118.02022">
        <ele>687.56</ele>
        <time>2026-05-02T19:40:44Z</time>
      </trkpt>
      <trkpt lat="34.21211" lon="-118.02023">
        <ele>688.1</ele>
        <time>2026-05-02T19:40:51Z</time>
      </trkpt>
      <trkpt lat="34.21214" lon="-118.02024">
        <ele>688.69</ele>
        <time>2026-05-02T19:41:01Z</time>
      </trkpt>
      <trkpt lat="34.21217" lon="-118.02026">
        <ele>688.18</ele>
        <time>2026-05-02T19:41:11Z</time>
      </trkpt>
      <trkpt lat="34.2122" lon="-118.02027">
        <ele>688.7</ele>
        <time>2026-05-02T19:41:16Z</time>
      </trkpt>
      <trkpt lat="34.21223" lon="-118.02029">
        <ele>688.6</ele>
        <time>2026-05-02T19:41:21Z</time>
      </trkpt>
      <trkpt lat="34.21228" lon="-118.0203">
        <ele>691.92</ele>
        <time>2026-05-02T19:41:25Z</time>
      </trkpt>
      <trkpt lat="34.21232" lon="-118.0203">
        <ele>695.25</ele>
        <time>2026-05-02T19:41:27Z</time>
      </trkpt>
      <trkpt lat="34.21236" lon="-118.0203">
        <ele>698.37</ele>
        <time>2026-05-02T19:41:29Z</time>
      </trkpt>
      <trkpt lat="34.21239" lon="-118.02031">
        <ele>699.83</ele>
        <time>2026-05-02T19:41:31Z</time>
      </trkpt>
      <trkpt lat="34.21243" lon="-118.02032">
        <ele>701.79</ele>
        <time>2026-05-02T19:41:34Z</time>
      </trkpt>
      <trkpt lat="34.21245" lon="-118.02037">
        <ele>699.25</ele>
        <time>2026-05-02T19:41:37Z</time>
      </trkpt>
      <trkpt lat="34.21246" lon="-118.02042">
        <ele>696.22</ele>
        <time>2026-05-02T19:41:40Z</time>
      </trkpt>
      <trkpt lat="34.21244" lon="-118.02046">
        <ele>691.69</ele>
        <time>2026-05-02T19:41:48Z</time>
      </trkpt>
      <trkpt lat="34.21241" lon="-118.02047">
        <ele>688.82</ele>
        <time>2026-05-02T19:41:52Z</time>
      </trkpt>
      <trkpt lat="34.21238" lon="-118.02049">
        <ele>685.69</ele>
        <time>2026-05-02T19:42:02Z</time>
      </trkpt>
      <trkpt lat="34.21242" lon="-118.0205">
        <ele>687.95</ele>
        <time>2026-05-02T19:42:08Z</time>
      </trkpt>
      <trkpt lat="34.21245" lon="-118.02051">
        <ele>689.68</ele>
        <time>2026-05-02T19:42:10Z</time>
      </trkpt>
      <trkpt lat="34.21249" lon="-118.02052">
        <ele>692.16</ele>
        <time>2026-05-02T19:42:13Z</time>
      </trkpt>
      <trkpt lat="34.21252" lon="-118.02054">
        <ele>692.92</ele>
        <time>2026-05-02T19:42:17Z</time>
      </trkpt>
      <trkpt lat="34.21255" lon="-118.02058">
        <ele>692.5</ele>
        <time>2026-05-02T19:42:22Z</time>
      </trkpt>
      <trkpt lat="34.21257" lon="-118.02061">
        <ele>691.98</ele>
        <time>2026-05-02T19:42:27Z</time>
      </trkpt>
      <trkpt lat="34.21259" lon="-118.02058">
        <ele>694.55</ele>
        <time>2026-05-02T19:42:39Z</time>
      </trkpt>
      <trkpt lat="34.21257" lon="-118.02061">
        <ele>691.98</ele>
        <time>2026-05-02T19:42:59Z</time>
      </trkpt>
      <trkpt lat="34.21258" lon="-118.02065">
        <ele>690.43</ele>
        <time>2026-05-02T19:43:03Z</time>
      </trkpt>
      <trkpt lat="34.21258" lon="-118.0207">
        <ele>689.79</ele>
        <time>2026-05-02T19:43:06Z</time>
      </trkpt>
      <trkpt lat="34.21258" lon="-118.02075">
        <ele>689.64</ele>
        <time>2026-05-02T19:43:08Z</time>
      </trkpt>
      <trkpt lat="34.21259" lon="-118.0208">
        <ele>691.07</ele>
        <time>2026-05-02T19:43:11Z</time>
      </trkpt>
      <trkpt lat="34.21259" lon="-118.02084">
        <ele>692.64</ele>
        <time>2026-05-02T19:43:22Z</time>
      </trkpt>
      <trkpt lat="34.21259" lon="-118.02085">
        <ele>693.3</ele>
        <time>2026-05-02T19:43:29Z</time>
      </trkpt>
      <trkpt lat="34.21259" lon="-118.02085">
        <ele>693.3</ele>
        <time>2026-05-02T19:43:44Z</time>
      </trkpt>
      <trkpt lat="34.2126" lon="-118.02085">
        <ele>692.96</ele>
        <time>2026-05-02T19:43:59Z</time>
      </trkpt>
      <trkpt lat="34.21263" lon="-118.02084">
        <ele>691.94</ele>
        <time>2026-05-02T19:44:04Z</time>
      </trkpt>
      <trkpt lat="34.21268" lon="-118.02083">
        <ele>691.05</ele>
        <time>2026-05-02T19:44:07Z</time>
      </trkpt>
      <trkpt lat="34.21271" lon="-118.02083">
        <ele>691.27</ele>
        <time>2026-05-02T19:44:10Z</time>
      </trkpt>
      <trkpt lat="34.21274" lon="-118.0208">
        <ele>691.59</ele>
        <time>2026-05-02T19:44:13Z</time>
      </trkpt>
      <trkpt lat="34.21276" lon="-118.02077">
        <ele>691.81</ele>
        <time>2026-05-02T19:44:15Z</time>
      </trkpt>
      <trkpt lat="34.21279" lon="-118.02074">
        <ele>692.29</ele>
        <time>2026-05-02T19:44:18Z</time>
      </trkpt>
      <trkpt lat="34.21282" lon="-118.02073">
        <ele>693.32</ele>
        <time>2026-05-02T19:44:22Z</time>
      </trkpt>
      <trkpt lat="34.21286" lon="-118.02072">
        <ele>694.47</ele>
        <time>2026-05-02T19:44:27Z</time>
      </trkpt>
      <trkpt lat="34.21289" lon="-118.02072">
        <ele>694.93</ele>
        <time>2026-05-02T19:44:32Z</time>
      </trkpt>
      <trkpt lat="34.21292" lon="-118.02072">
        <ele>695.33</ele>
        <time>2026-05-02T19:44:37Z</time>
      </trkpt>
      <trkpt lat="34.21295" lon="-118.02073">
        <ele>695.31</ele>
        <time>2026-05-02T19:44:41Z</time>
      </trkpt>
      <trkpt lat="34.21299" lon="-118.02074">
        <ele>695.62</ele>
        <time>2026-05-02T19:44:45Z</time>
      </trkpt>
      <trkpt lat="34.21302" lon="-118.02075">
        <ele>696.27</ele>
        <time>2026-05-02T19:44:50Z</time>
      </trkpt>
      <trkpt lat="34.21306" lon="-118.02077">
        <ele>697.1</ele>
        <time>2026-05-02T19:44:56Z</time>
      </trkpt>
      <trkpt lat="34.21303" lon="-118.02077">
        <ele>696.54</ele>
        <time>2026-05-02T19:45:08Z</time>
      </trkpt>
      <trkpt lat="34.21303" lon="-118.02077">
        <ele>696.54</ele>
        <time>2026-05-02T19:45:26Z</time>
      </trkpt>
      <trkpt lat="34.21305" lon="-118.02079">
        <ele>696.91</ele>
        <time>2026-05-02T19:45:44Z</time>
      </trkpt>
      <trkpt lat="34.21309" lon="-118.02079">
        <ele>697.74</ele>
        <time>2026-05-02T19:45:46Z</time>
      </trkpt>
      <trkpt lat="34.21312" lon="-118.02078">
        <ele>698.39</ele>
        <time>2026-05-02T19:45:49Z</time>
      </trkpt>
      <trkpt lat="34.21316" lon="-118.02077">
        <ele>699.0</ele>
        <time>2026-05-02T19:45:53Z</time>
      </trkpt>
      <trkpt lat="34.21317" lon="-118.02072">
        <ele>700.12</ele>
        <time>2026-05-02T19:45:55Z</time>
      </trkpt>
      <trkpt lat="34.21318" lon="-118.02069">
        <ele>701.74</ele>
        <time>2026-05-02T19:45:57Z</time>
      </trkpt>
      <trkpt lat="34.21318" lon="-118.02072">
        <ele>700.12</ele>
        <time>2026-05-02T19:46:20Z</time>
      </trkpt>
      <trkpt lat="34.21319" lon="-118.02073">
        <ele>699.58</ele>
        <time>2026-05-02T19:46:30Z</time>
      </trkpt>
      <trkpt lat="34.21321" lon="-118.02075">
        <ele>699.0</ele>
        <time>2026-05-02T19:46:48Z</time>
      </trkpt>
      <trkpt lat="34.21324" lon="-118.02073">
        <ele>699.58</ele>
        <time>2026-05-02T19:47:11Z</time>
      </trkpt>
      <trkpt lat="34.21326" lon="-118.02075">
        <ele>699.23</ele>
        <time>2026-05-02T19:47:20Z</time>
      </trkpt>
      <trkpt lat="34.21329" lon="-118.02075">
        <ele>699.59</ele>
        <time>2026-05-02T19:47:25Z</time>
      </trkpt>
      <trkpt lat="34.21333" lon="-118.02076">
        <ele>700.16</ele>
        <time>2026-05-02T19:47:27Z</time>
      </trkpt>
      <trkpt lat="34.21337" lon="-118.02076">
        <ele>700.69</ele>
        <time>2026-05-02T19:47:30Z</time>
      </trkpt>
      <trkpt lat="34.21341" lon="-118.02075">
        <ele>701.01</ele>
        <time>2026-05-02T19:47:33Z</time>
      </trkpt>
      <trkpt lat="34.21345" lon="-118.02075">
        <ele>701.75</ele>
        <time>2026-05-02T19:47:37Z</time>
      </trkpt>
      <trkpt lat="34.21348" lon="-118.02075">
        <ele>702.43</ele>
        <time>2026-05-02T19:47:41Z</time>
      </trkpt>
      <trkpt lat="34.21352" lon="-118.02073">
        <ele>702.93</ele>
        <time>2026-05-02T19:47:46Z</time>
      </trkpt>
      <trkpt lat="34.21354" lon="-118.02069">
        <ele>703.02</ele>
        <time>2026-05-02T19:47:49Z</time>
      </trkpt>
      <trkpt lat="34.21356" lon="-118.02066">
        <ele>703.08</ele>
        <time>2026-05-02T19:47:51Z</time>
      </trkpt>
      <trkpt lat="34.21359" lon="-118.02064">
        <ele>703.5</ele>
        <time>2026-05-02T19:47:54Z</time>
      </trkpt>
      <trkpt lat="34.21362" lon="-118.02064">
        <ele>704.1</ele>
        <time>2026-05-02T19:47:59Z</time>
      </trkpt>
      <trkpt lat="34.21358" lon="-118.02065">
        <ele>703.36</ele>
        <time>2026-05-02T19:48:11Z</time>
      </trkpt>
      <trkpt lat="34.2136" lon="-118.02062">
        <ele>703.53</ele>
        <time>2026-05-02T19:48:34Z</time>
      </trkpt>
      <trkpt lat="34.2136" lon="-118.02058">
        <ele>703.2</ele>
        <time>2026-05-02T19:48:36Z</time>
      </trkpt>
      <trkpt lat="34.21361" lon="-118.02054">
        <ele>703.18</ele>
        <time>2026-05-02T19:48:38Z</time>
      </trkpt>
      <trkpt lat="34.21361" lon="-118.02049">
        <ele>703.75</ele>
        <time>2026-05-02T19:48:40Z</time>
      </trkpt>
      <trkpt lat="34.21361" lon="-118.02045">
        <ele>704.49</ele>
        <time>2026-05-02T19:48:43Z</time>
      </trkpt>
      <trkpt lat="34.21362" lon="-118.02041">
        <ele>705.61</ele>
        <time>2026-05-02T19:48:47Z</time>
      </trkpt>
      <trkpt lat="34.21361" lon="-118.02036">
        <ele>707.78</ele>
        <time>2026-05-02T19:48:52Z</time>
      </trkpt>
      <trkpt lat="34.21362" lon="-118.02032">
        <ele>709.86</ele>
        <time>2026-05-02T19:48:57Z</time>
      </trkpt>
      <trkpt lat="34.21362" lon="-118.02028">
        <ele>712.29</ele>
        <time>2026-05-02T19:49:01Z</time>
      </trkpt>
      <trkpt lat="34.21363" lon="-118.02024">
        <ele>714.38</ele>
        <time>2026-05-02T19:49:05Z</time>
      </trkpt>
      <trkpt lat="34.21364" lon="-118.02019">
        <ele>716.88</ele>
        <time>2026-05-02T19:49:10Z</time>
      </trkpt>
      <trkpt lat="34.21365" lon="-118.02016">
        <ele>717.85</ele>
        <time>2026-05-02T19:49:13Z</time>
      </trkpt>
      <trkpt lat="34.21369" lon="-118.02015">
        <ele>714.61</ele>
        <time>2026-05-02T19:49:16Z</time>
      </trkpt>
      <trkpt lat="34.21372" lon="-118.02017">
        <ele>711.19</ele>
        <time>2026-05-02T19:49:18Z</time>
      </trkpt>
      <trkpt lat="34.21375" lon="-118.0202">
        <ele>708.52</ele>
        <time>2026-05-02T19:49:21Z</time>
      </trkpt>
      <trkpt lat="34.21378" lon="-118.02017">
        <ele>708.28</ele>
        <time>2026-05-02T19:49:29Z</time>
      </trkpt>
      <trkpt lat="34.2138" lon="-118.02013">
        <ele>708.72</ele>
        <time>2026-05-02T19:49:32Z</time>
      </trkpt>
      <trkpt lat="34.21381" lon="-118.02009">
        <ele>709.68</ele>
        <time>2026-05-02T19:49:35Z</time>
      </trkpt>
      <trkpt lat="34.21383" lon="-118.02006">
        <ele>710.28</ele>
        <time>2026-05-02T19:49:38Z</time>
      </trkpt>
      <trkpt lat="34.21385" lon="-118.02002">
        <ele>710.82</ele>
        <time>2026-05-02T19:49:41Z</time>
      </trkpt>
      <trkpt lat="34.21386" lon="-118.01998">
        <ele>712.02</ele>
        <time>2026-05-02T19:49:44Z</time>
      </trkpt>
      <trkpt lat="34.21387" lon="-118.01993">
        <ele>714.16</ele>
        <time>2026-05-02T19:49:48Z</time>
      </trkpt>
      <trkpt lat="34.21389" lon="-118.01989">
        <ele>715.09</ele>
        <time>2026-05-02T19:49:52Z</time>
      </trkpt>
      <trkpt lat="34.2139" lon="-118.01985">
        <ele>717.21</ele>
        <time>2026-05-02T19:49:55Z</time>
      </trkpt>
      <trkpt lat="34.21391" lon="-118.01981">
        <ele>719.2</ele>
        <time>2026-05-02T19:49:59Z</time>
      </trkpt>
      <trkpt lat="34.21392" lon="-118.01976">
        <ele>722.07</ele>
        <time>2026-05-02T19:50:03Z</time>
      </trkpt>
      <trkpt lat="34.21393" lon="-118.01972">
        <ele>724.1</ele>
        <time>2026-05-02T19:50:07Z</time>
      </trkpt>
      <trkpt lat="34.21394" lon="-118.01968">
        <ele>726.99</ele>
        <time>2026-05-02T19:50:11Z</time>
      </trkpt>
      <trkpt lat="34.21395" lon="-118.01964">
        <ele>729.79</ele>
        <time>2026-05-02T19:50:16Z</time>
      </trkpt>
      <trkpt lat="34.21398" lon="-118.01967">
        <ele>724.63</ele>
        <time>2026-05-02T19:50:23Z</time>
      </trkpt>
      <trkpt lat="34.21399" lon="-118.0197">
        <ele>721.46</ele>
        <time>2026-05-02T19:50:26Z</time>
      </trkpt>
      <trkpt lat="34.21403" lon="-118.01971">
        <ele>718.68</ele>
        <time>2026-05-02T19:50:33Z</time>
      </trkpt>
      <trkpt lat="34.21406" lon="-118.0197">
        <ele>717.71</ele>
        <time>2026-05-02T19:50:38Z</time>
      </trkpt>
      <trkpt lat="34.21409" lon="-118.01969">
        <ele>717.16</ele>
        <time>2026-05-02T19:50:40Z</time>
      </trkpt>
      <trkpt lat="34.21413" lon="-118.01969">
        <ele>716.58</ele>
        <time>2026-05-02T19:50:42Z</time>
      </trkpt>
      <trkpt lat="34.21417" lon="-118.01969">
        <ele>716.01</ele>
        <time>2026-05-02T19:50:44Z</time>
      </trkpt>
      <trkpt lat="34.2142" lon="-118.01971">
        <ele>715.04</ele>
        <time>2026-05-02T19:50:47Z</time>
      </trkpt>
      <trkpt lat="34.21424" lon="-118.01973">
        <ele>714.02</ele>
        <time>2026-05-02T19:50:52Z</time>
      </trkpt>
      <trkpt lat="34.21427" lon="-118.01974">
        <ele>713.64</ele>
        <time>2026-05-02T19:50:58Z</time>
      </trkpt>
      <trkpt lat="34.2143" lon="-118.01976">
        <ele>713.36</ele>
        <time>2026-05-02T19:51:04Z</time>
      </trkpt>
      <trkpt lat="34.21434" lon="-118.01978">
        <ele>713.3</ele>
        <time>2026-05-02T19:51:09Z</time>
      </trkpt>
      <trkpt lat="34.21437" lon="-118.01979">
        <ele>713.61</ele>
        <time>2026-05-02T19:51:13Z</time>
      </trkpt>
      <trkpt lat="34.2144" lon="-118.01981">
        <ele>714.06</ele>
        <time>2026-05-02T19:51:17Z</time>
      </trkpt>
      <trkpt lat="34.21443" lon="-118.01982">
        <ele>714.92</ele>
        <time>2026-05-02T19:51:22Z</time>
      </trkpt>
      <trkpt lat="34.21446" lon="-118.01984">
        <ele>716.26</ele>
        <time>2026-05-02T19:51:29Z</time>
      </trkpt>
      <trkpt lat="34.21442" lon="-118.01986">
        <ele>716.55</ele>
        <time>2026-05-02T19:51:34Z</time>
      </trkpt>
      <trkpt lat="34.21442" lon="-118.0199">
        <ele>718.39</ele>
        <time>2026-05-02T19:51:43Z</time>
      </trkpt>
      <trkpt lat="34.21445" lon="-118.01992">
        <ele>720.15</ele>
        <time>2026-05-02T19:51:48Z</time>
      </trkpt>
      <trkpt lat="34.21448" lon="-118.01989">
        <ele>718.63</ele>
        <time>2026-05-02T19:51:53Z</time>
      </trkpt>
      <trkpt lat="34.2145" lon="-118.01985">
        <ele>717.12</ele>
        <time>2026-05-02T19:51:57Z</time>
      </trkpt>
      <trkpt lat="34.21454" lon="-118.01986">
        <ele>717.97</ele>
        <time>2026-05-02T19:52:02Z</time>
      </trkpt>
      <trkpt lat="34.21457" lon="-118.01985">
        <ele>717.66</ele>
        <time>2026-05-02T19:52:06Z</time>
      </trkpt>
      <trkpt lat="34.21461" lon="-118.01985">
        <ele>717.82</ele>
        <time>2026-05-02T19:52:11Z</time>
      </trkpt>
      <trkpt lat="34.21464" lon="-118.01986">
        <ele>718.55</ele>
        <time>2026-05-02T19:52:18Z</time>
      </trkpt>
      <trkpt lat="34.21467" lon="-118.01985">
        <ele>718.34</ele>
        <time>2026-05-02T19:52:35Z</time>
      </trkpt>
      <trkpt lat="34.2147" lon="-118.01985">
        <ele>718.66</ele>
        <time>2026-05-02T19:52:44Z</time>
      </trkpt>
      <trkpt lat="34.21473" lon="-118.01985">
        <ele>718.95</ele>
        <time>2026-05-02T19:52:52Z</time>
      </trkpt>
      <trkpt lat="34.21476" lon="-118.01987">
        <ele>720.14</ele>
        <time>2026-05-02T19:53:01Z</time>
      </trkpt>
      <trkpt lat="34.21479" lon="-118.01988">
        <ele>720.74</ele>
        <time>2026-05-02T19:53:11Z</time>
      </trkpt>
      <trkpt lat="34.21482" lon="-118.01989">
        <ele>721.25</ele>
        <time>2026-05-02T19:53:19Z</time>
      </trkpt>
      <trkpt lat="34.21485" lon="-118.01991">
        <ele>722.19</ele>
        <time>2026-05-02T19:53:29Z</time>
      </trkpt>
      <trkpt lat="34.21487" lon="-118.01993">
        <ele>723.56</ele>
        <time>2026-05-02T19:53:37Z</time>
      </trkpt>
      <trkpt lat="34.2149" lon="-118.01993">
        <ele>723.48</ele>
        <time>2026-05-02T19:53:44Z</time>
      </trkpt>
      <trkpt lat="34.21494" lon="-118.01992">
        <ele>723.12</ele>
        <time>2026-05-02T19:53:54Z</time>
      </trkpt>
      <trkpt lat="34.21495" lon="-118.01989">
        <ele>721.71</ele>
        <time>2026-05-02T19:54:01Z</time>
      </trkpt>
      <trkpt lat="34.21496" lon="-118.01983">
        <ele>719.22</ele>
        <time>2026-05-02T19:54:04Z</time>
      </trkpt>
      <trkpt lat="34.21497" lon="-118.01979">
        <ele>718.68</ele>
        <time>2026-05-02T19:54:08Z</time>
      </trkpt>
      <trkpt lat="34.215" lon="-118.01978">
        <ele>719.0</ele>
        <time>2026-05-02T19:54:18Z</time>
      </trkpt>
      <trkpt lat="34.21503" lon="-118.01979">
        <ele>719.24</ele>
        <time>2026-05-02T19:54:29Z</time>
      </trkpt>
      <trkpt lat="34.215" lon="-118.0198">
        <ele>719.0</ele>
        <time>2026-05-02T19:54:36Z</time>
      </trkpt>
      <trkpt lat="34.21497" lon="-118.01981">
        <ele>718.68</ele>
        <time>2026-05-02T19:54:42Z</time>
      </trkpt>
      <trkpt lat="34.21496" lon="-118.01984">
        <ele>719.66</ele>
        <time>2026-05-02T19:54:56Z</time>
      </trkpt>
      <trkpt lat="34.21496" lon="-118.01988">
        <ele>721.38</ele>
        <time>2026-05-02T19:55:00Z</time>
      </trkpt>
      <trkpt lat="34.21497" lon="-118.01993">
        <ele>723.98</ele>
        <time>2026-05-02T19:55:02Z</time>
      </trkpt>
      <trkpt lat="34.21498" lon="-118.01997">
        <ele>726.31</ele>
        <time>2026-05-02T19:55:05Z</time>
      </trkpt>
      <trkpt lat="34.215" lon="-118.02001">
        <ele>728.43</ele>
        <time>2026-05-02T19:55:10Z</time>
      </trkpt>
      <trkpt lat="34.21502" lon="-118.02003">
        <ele>729.95</ele>
        <time>2026-05-02T19:55:14Z</time>
      </trkpt>
      <trkpt lat="34.21504" lon="-118.02005">
        <ele>731.19</ele>
        <time>2026-05-02T19:55:18Z</time>
      </trkpt>
      <trkpt lat="34.21506" lon="-118.02008">
        <ele>732.37</ele>
        <time>2026-05-02T19:55:23Z</time>
      </trkpt>
      <trkpt lat="34.21508" lon="-118.02011">
        <ele>733.13</ele>
        <time>2026-05-02T19:55:30Z</time>
      </trkpt>
      <trkpt lat="34.21509" lon="-118.02013">
        <ele>733.41</ele>
        <time>2026-05-02T19:55:36Z</time>
      </trkpt>
      <trkpt lat="34.21511" lon="-118.02016">
        <ele>733.97</ele>
        <time>2026-05-02T19:55:42Z</time>
      </trkpt>
      <trkpt lat="34.21513" lon="-118.02019">
        <ele>734.47</ele>
        <time>2026-05-02T19:55:50Z</time>
      </trkpt>
      <trkpt lat="34.21515" lon="-118.02022">
        <ele>734.91</ele>
        <time>2026-05-02T19:55:58Z</time>
      </trkpt>
      <trkpt lat="34.21518" lon="-118.02024">
        <ele>735.01</ele>
        <time>2026-05-02T19:56:08Z</time>
      </trkpt>
      <trkpt lat="34.21515" lon="-118.02023">
        <ele>734.99</ele>
        <time>2026-05-02T19:56:16Z</time>
      </trkpt>
      <trkpt lat="34.2151" lon="-118.02019">
        <ele>734.18</ele>
        <time>2026-05-02T19:56:18Z</time>
      </trkpt>
      <trkpt lat="34.21505" lon="-118.02015">
        <ele>734.02</ele>
        <time>2026-05-02T19:56:20Z</time>
      </trkpt>
      <trkpt lat="34.21503" lon="-118.02013">
        <ele>733.55</ele>
        <time>2026-05-02T19:56:22Z</time>
      </trkpt>
      <trkpt lat="34.21503" lon="-118.02009">
        <ele>732.24</ele>
        <time>2026-05-02T19:56:25Z</time>
      </trkpt>
      <trkpt lat="34.21506" lon="-118.02006">
        <ele>731.92</ele>
        <time>2026-05-02T19:56:28Z</time>
      </trkpt>
      <trkpt lat="34.2151" lon="-118.02004">
        <ele>732.64</ele>
        <time>2026-05-02T19:56:31Z</time>
      </trkpt>
      <trkpt lat="34.21513" lon="-118.02004">
        <ele>733.47</ele>
        <time>2026-05-02T19:56:35Z</time>
      </trkpt>
      <trkpt lat="34.21516" lon="-118.02005">
        <ele>734.33</ele>
        <time>2026-05-02T19:56:39Z</time>
      </trkpt>
      <trkpt lat="34.2152" lon="-118.02006">
        <ele>735.69</ele>
        <time>2026-05-02T19:56:43Z</time>
      </trkpt>
      <trkpt lat="34.21523" lon="-118.02007">
        <ele>737.18</ele>
        <time>2026-05-02T19:56:47Z</time>
      </trkpt>
      <trkpt lat="34.21526" lon="-118.02009">
        <ele>738.99</ele>
        <time>2026-05-02T19:56:51Z</time>
      </trkpt>
      <trkpt lat="34.2153" lon="-118.0201">
        <ele>741.46</ele>
        <time>2026-05-02T19:56:55Z</time>
      </trkpt>
      <trkpt lat="34.21532" lon="-118.02012">
        <ele>742.87</ele>
        <time>2026-05-02T19:56:59Z</time>
      </trkpt>
      <trkpt lat="34.21535" lon="-118.02017">
        <ele>745.33</ele>
        <time>2026-05-02T19:57:03Z</time>
      </trkpt>
      <trkpt lat="34.21536" lon="-118.02022">
        <ele>746.17</ele>
        <time>2026-05-02T19:57:05Z</time>
      </trkpt>
      <trkpt lat="34.21537" lon="-118.02026">
        <ele>746.97</ele>
        <time>2026-05-02T19:57:08Z</time>
      </trkpt>
      <trkpt lat="34.2154" lon="-118.02029">
        <ele>749.75</ele>
        <time>2026-05-02T19:57:13Z</time>
      </trkpt>
      <trkpt lat="34.21542" lon="-118.02033">
        <ele>751.26</ele>
        <time>2026-05-02T19:57:19Z</time>
      </trkpt>
      <trkpt lat="34.21539" lon="-118.02036">
        <ele>748.02</ele>
        <time>2026-05-02T19:57:23Z</time>
      </trkpt>
      <trkpt lat="34.21537" lon="-118.02039">
        <ele>745.76</ele>
        <time>2026-05-02T19:57:26Z</time>
      </trkpt>
      <trkpt lat="34.21536" lon="-118.02043">
        <ele>744.64</ele>
        <time>2026-05-02T19:57:30Z</time>
      </trkpt>
      <trkpt lat="34.21537" lon="-118.02048">
        <ele>744.98</ele>
        <time>2026-05-02T19:57:35Z</time>
      </trkpt>
      <trkpt lat="34.21537" lon="-118.02052">
        <ele>744.98</ele>
        <time>2026-05-02T19:57:40Z</time>
      </trkpt>
      <trkpt lat="34.21537" lon="-118.02055">
        <ele>744.98</ele>
        <time>2026-05-02T19:57:45Z</time>
      </trkpt>
      <trkpt lat="34.21536" lon="-118.0206">
        <ele>745.29</ele>
        <time>2026-05-02T19:57:50Z</time>
      </trkpt>
      <trkpt lat="34.21536" lon="-118.02064">
        <ele>746.15</ele>
        <time>2026-05-02T19:57:55Z</time>
      </trkpt>
      <trkpt lat="34.21536" lon="-118.02068">
        <ele>747.28</ele>
        <time>2026-05-02T19:58:00Z</time>
      </trkpt>
      <trkpt lat="34.21536" lon="-118.02073">
        <ele>748.78</ele>
        <time>2026-05-02T19:58:05Z</time>
      </trkpt>
      <trkpt lat="34.21535" lon="-118.02078">
        <ele>749.42</ele>
        <time>2026-05-02T19:58:10Z</time>
      </trkpt>
      <trkpt lat="34.21534" lon="-118.02082">
        <ele>749.66</ele>
        <time>2026-05-02T19:58:15Z</time>
      </trkpt>
      <trkpt lat="34.21533" lon="-118.02086">
        <ele>749.78</ele>
        <time>2026-05-02T19:58:20Z</time>
      </trkpt>
      <trkpt lat="34.21532" lon="-118.02089">
        <ele>749.66</ele>
        <time>2026-05-02T19:58:25Z</time>
      </trkpt>
      <trkpt lat="34.21531" lon="-118.02093">
        <ele>749.87</ele>
        <time>2026-05-02T19:58:30Z</time>
      </trkpt>
      <trkpt lat="34.21529" lon="-118.02097">
        <ele>749.01</ele>
        <time>2026-05-02T19:58:35Z</time>
      </trkpt>
      <trkpt lat="34.21527" lon="-118.02093">
        <ele>746.58</ele>
        <time>2026-05-02T19:58:42Z</time>
      </trkpt>
      <trkpt lat="34.21524" lon="-118.02093">
        <ele>744.64</ele>
        <time>2026-05-02T19:59:02Z</time>
      </trkpt>
      <trkpt lat="34.21521" lon="-118.02093">
        <ele>742.7</ele>
        <time>2026-05-02T19:59:14Z</time>
      </trkpt>
      <trkpt lat="34.21519" lon="-118.02097">
        <ele>742.26</ele>
        <time>2026-05-02T19:59:42Z</time>
      </trkpt>
      <trkpt lat="34.21519" lon="-118.02101">
        <ele>743.13</ele>
        <time>2026-05-02T19:59:45Z</time>
      </trkpt>
      <trkpt lat="34.21518" lon="-118.02105">
        <ele>743.21</ele>
        <time>2026-05-02T19:59:49Z</time>
      </trkpt>
      <trkpt lat="34.21517" lon="-118.02109">
        <ele>743.32</ele>
        <time>2026-05-02T19:59:53Z</time>
      </trkpt>
      <trkpt lat="34.21516" lon="-118.02112">
        <ele>743.35</ele>
        <time>2026-05-02T19:59:57Z</time>
      </trkpt>
      <trkpt lat="34.21514" lon="-118.02117">
        <ele>743.5</ele>
        <time>2026-05-02T20:00:02Z</time>
      </trkpt>
      <trkpt lat="34.21513" lon="-118.02121">
        <ele>743.71</ele>
        <time>2026-05-02T20:00:07Z</time>
      </trkpt>
      <trkpt lat="34.21512" lon="-118.02126">
        <ele>743.97</ele>
        <time>2026-05-02T20:00:12Z</time>
      </trkpt>
      <trkpt lat="34.21511" lon="-118.0213">
        <ele>744.0</ele>
        <time>2026-05-02T20:00:17Z</time>
      </trkpt>
      <trkpt lat="34.2151" lon="-118.02134">
        <ele>743.95</ele>
        <time>2026-05-02T20:00:22Z</time>
      </trkpt>
      <trkpt lat="34.21509" lon="-118.02138">
        <ele>743.96</ele>
        <time>2026-05-02T20:00:27Z</time>
      </trkpt>
      <trkpt lat="34.21508" lon="-118.02142">
        <ele>744.99</ele>
        <time>2026-05-02T20:00:33Z</time>
      </trkpt>
      <trkpt lat="34.21508" lon="-118.02146">
        <ele>745.91</ele>
        <time>2026-05-02T20:00:40Z</time>
      </trkpt>
      <trkpt lat="34.21506" lon="-118.0215">
        <ele>747.46</ele>
        <time>2026-05-02T20:00:48Z</time>
      </trkpt>
      <trkpt lat="34.21506" lon="-118.02154">
        <ele>748.32</ele>
        <time>2026-05-02T20:00:54Z</time>
      </trkpt>
      <trkpt lat="34.21505" lon="-118.02158">
        <ele>749.44</ele>
        <time>2026-05-02T20:01:00Z</time>
      </trkpt>
      <trkpt lat="34.21504" lon="-118.02162">
        <ele>750.2</ele>
        <time>2026-05-02T20:01:06Z</time>
      </trkpt>
      <trkpt lat="34.21507" lon="-118.02165">
        <ele>749.55</ele>
        <time>2026-05-02T20:01:11Z</time>
      </trkpt>
      <trkpt lat="34.2151" lon="-118.02167">
        <ele>749.59</ele>
        <time>2026-05-02T20:01:14Z</time>
      </trkpt>
      <trkpt lat="34.21513" lon="-118.02169">
        <ele>751.98</ele>
        <time>2026-05-02T20:01:19Z</time>
      </trkpt>
      <trkpt lat="34.21515" lon="-118.02173">
        <ele>753.6</ele>
        <time>2026-05-02T20:01:24Z</time>
      </trkpt>
      <trkpt lat="34.21515" lon="-118.02177">
        <ele>753.72</ele>
        <time>2026-05-02T20:01:30Z</time>
      </trkpt>
      <trkpt lat="34.21515" lon="-118.0218">
        <ele>753.72</ele>
        <time>2026-05-02T20:01:35Z</time>
      </trkpt>
      <trkpt lat="34.21514" lon="-118.02184">
        <ele>753.07</ele>
        <time>2026-05-02T20:01:40Z</time>
      </trkpt>
      <trkpt lat="34.21513" lon="-118.02189">
        <ele>752.67</ele>
        <time>2026-05-02T20:01:45Z</time>
      </trkpt>
      <trkpt lat="34.21512" lon="-118.02193">
        <ele>752.37</ele>
        <time>2026-05-02T20:01:50Z</time>
      </trkpt>
      <trkpt lat="34.2151" lon="-118.02197">
        <ele>751.38</ele>
        <time>2026-05-02T20:01:55Z</time>
      </trkpt>
      <trkpt lat="34.21508" lon="-118.022">
        <ele>751.35</ele>
        <time>2026-05-02T20:02:00Z</time>
      </trkpt>
      <trkpt lat="34.21505" lon="-118.02202">
        <ele>752.3</ele>
        <time>2026-05-02T20:02:02Z</time>
      </trkpt>
      <trkpt lat="34.21501" lon="-118.02204">
        <ele>753.68</ele>
        <time>2026-05-02T20:02:05Z</time>
      </trkpt>
      <trkpt lat="34.21499" lon="-118.02207">
        <ele>754.76</ele>
        <time>2026-05-02T20:02:09Z</time>
      </trkpt>
      <trkpt lat="34.21498" lon="-118.02211">
        <ele>755.51</ele>
        <time>2026-05-02T20:02:15Z</time>
      </trkpt>
      <trkpt lat="34.21497" lon="-118.02214">
        <ele>756.46</ele>
        <time>2026-05-02T20:02:20Z</time>
      </trkpt>
      <trkpt lat="34.21497" lon="-118.02218">
        <ele>757.18</ele>
        <time>2026-05-02T20:02:26Z</time>
      </trkpt>
      <trkpt lat="34.21499" lon="-118.02215">
        <ele>755.17</ele>
        <time>2026-05-02T20:02:36Z</time>
      </trkpt>
      <trkpt lat="34.21501" lon="-118.02212">
        <ele>753.77</ele>
        <time>2026-05-02T20:02:42Z</time>
      </trkpt>
      <trkpt lat="34.21504" lon="-118.02212">
        <ele>753.09</ele>
        <time>2026-05-02T20:02:51Z</time>
      </trkpt>
      <trkpt lat="34.21506" lon="-118.02214">
        <ele>752.78</ele>
        <time>2026-05-02T20:02:57Z</time>
      </trkpt>
      <trkpt lat="34.2151" lon="-118.02215">
        <ele>752.14</ele>
        <time>2026-05-02T20:03:02Z</time>
      </trkpt>
      <trkpt lat="34.21514" lon="-118.02216">
        <ele>752.86</ele>
        <time>2026-05-02T20:03:04Z</time>
      </trkpt>
      <trkpt lat="34.21517" lon="-118.02216">
        <ele>753.4</ele>
        <time>2026-05-02T20:03:07Z</time>
      </trkpt>
      <trkpt lat="34.2152" lon="-118.02218">
        <ele>754.37</ele>
        <time>2026-05-02T20:03:13Z</time>
      </trkpt>
      <trkpt lat="34.21523" lon="-118.02222">
        <ele>754.55</ele>
        <time>2026-05-02T20:03:20Z</time>
      </trkpt>
      <trkpt lat="34.21525" lon="-118.02223">
        <ele>754.98</ele>
        <time>2026-05-02T20:03:24Z</time>
      </trkpt>
      <trkpt lat="34.21529" lon="-118.02225">
        <ele>756.13</ele>
        <time>2026-05-02T20:03:29Z</time>
      </trkpt>
      <trkpt lat="34.21532" lon="-118.02227">
        <ele>756.98</ele>
        <time>2026-05-02T20:03:33Z</time>
      </trkpt>
      <trkpt lat="34.21535" lon="-118.02228">
        <ele>757.78</ele>
        <time>2026-05-02T20:03:37Z</time>
      </trkpt>
      <trkpt lat="34.21539" lon="-118.02229">
        <ele>758.63</ele>
        <time>2026-05-02T20:03:41Z</time>
      </trkpt>
      <trkpt lat="34.21543" lon="-118.02229">
        <ele>760.15</ele>
        <time>2026-05-02T20:03:46Z</time>
      </trkpt>
      <trkpt lat="34.21546" lon="-118.0223">
        <ele>760.33</ele>
        <time>2026-05-02T20:03:51Z</time>
      </trkpt>
      <trkpt lat="34.21549" lon="-118.02232">
        <ele>759.16</ele>
        <time>2026-05-02T20:03:57Z</time>
      </trkpt>
      <trkpt lat="34.21552" lon="-118.02233">
        <ele>759.33</ele>
        <time>2026-05-02T20:04:04Z</time>
      </trkpt>
      <trkpt lat="34.21555" lon="-118.02236">
        <ele>759.39</ele>
        <time>2026-05-02T20:04:11Z</time>
      </trkpt>
      <trkpt lat="34.21551" lon="-118.02239">
        <ele>757.9</ele>
        <time>2026-05-02T20:04:22Z</time>
      </trkpt>
      <trkpt lat="34.21548" lon="-118.02239">
        <ele>757.05</ele>
        <time>2026-05-02T20:04:24Z</time>
      </trkpt>
      <trkpt lat="34.21545" lon="-118.0224">
        <ele>756.08</ele>
        <time>2026-05-02T20:04:27Z</time>
      </trkpt>
      <trkpt lat="34.21542" lon="-118.02241">
        <ele>755.66</ele>
        <time>2026-05-02T20:04:31Z</time>
      </trkpt>
      <trkpt lat="34.21538" lon="-118.02243">
        <ele>756.11</ele>
        <time>2026-05-02T20:04:35Z</time>
      </trkpt>
      <trkpt lat="34.21536" lon="-118.02247">
        <ele>757.52</ele>
        <time>2026-05-02T20:04:40Z</time>
      </trkpt>
      <trkpt lat="34.21535" lon="-118.02251">
        <ele>759.38</ele>
        <time>2026-05-02T20:04:42Z</time>
      </trkpt>
      <trkpt lat="34.21534" lon="-118.02255">
        <ele>762.31</ele>
        <time>2026-05-02T20:04:46Z</time>
      </trkpt>
      <trkpt lat="34.21532" lon="-118.02258">
        <ele>763.88</ele>
        <time>2026-05-02T20:04:52Z</time>
      </trkpt>
      <trkpt lat="34.2153" lon="-118.02259">
        <ele>763.78</ele>
        <time>2026-05-02T20:04:57Z</time>
      </trkpt>
      <trkpt lat="34.21526" lon="-118.0226">
        <ele>763.46</ele>
        <time>2026-05-02T20:05:03Z</time>
      </trkpt>
      <trkpt lat="34.21523" lon="-118.0226">
        <ele>763.44</ele>
        <time>2026-05-02T20:05:08Z</time>
      </trkpt>
      <trkpt lat="34.2152" lon="-118.02261">
        <ele>763.97</ele>
        <time>2026-05-02T20:05:12Z</time>
      </trkpt>
      <trkpt lat="34.21517" lon="-118.02262">
        <ele>765.58</ele>
        <time>2026-05-02T20:05:17Z</time>
      </trkpt>
      <trkpt lat="34.21514" lon="-118.02263">
        <ele>768.24</ele>
        <time>2026-05-02T20:05:21Z</time>
      </trkpt>
      <trkpt lat="34.21512" lon="-118.02265">
        <ele>770.59</ele>
        <time>2026-05-02T20:05:25Z</time>
      </trkpt>
      <trkpt lat="34.2151" lon="-118.02268">
        <ele>773.29</ele>
        <time>2026-05-02T20:05:31Z</time>
      </trkpt>
      <trkpt lat="34.21508" lon="-118.02271">
        <ele>775.62</ele>
        <time>2026-05-02T20:05:37Z</time>
      </trkpt>
      <trkpt lat="34.21506" lon="-118.02274">
        <ele>777.89</ele>
        <time>2026-05-02T20:05:43Z</time>
      </trkpt>
      <trkpt lat="34.21504" lon="-118.02277">
        <ele>780.16</ele>
        <time>2026-05-02T20:05:49Z</time>
      </trkpt>
      <trkpt lat="34.21502" lon="-118.0228">
        <ele>782.24</ele>
        <time>2026-05-02T20:05:55Z</time>
      </trkpt>
      <trkpt lat="34.215" lon="-118.02282">
        <ele>783.91</ele>
        <time>2026-05-02T20:05:59Z</time>
      </trkpt>
      <trkpt lat="34.21497" lon="-118.02281">
        <ele>785.85</ele>
        <time>2026-05-02T20:06:04Z</time>
      </trkpt>
      <trkpt lat="34.21496" lon="-118.02274">
        <ele>784.98</ele>
        <time>2026-05-02T20:06:06Z</time>
      </trkpt>
      <trkpt lat="34.21496" lon="-118.0227">
        <ele>783.87</ele>
        <time>2026-05-02T20:06:07Z</time>
      </trkpt>
      <trkpt lat="34.21496" lon="-118.02266">
        <ele>782.52</ele>
        <time>2026-05-02T20:06:08Z</time>
      </trkpt>
      <trkpt lat="34.21495" lon="-118.02261">
        <ele>781.45</ele>
        <time>2026-05-02T20:06:10Z</time>
      </trkpt>
      <trkpt lat="34.21492" lon="-118.02259">
        <ele>782.91</ele>
        <time>2026-05-02T20:06:15Z</time>
      </trkpt>
      <trkpt lat="34.2149" lon="-118.02257">
        <ele>783.34</ele>
        <time>2026-05-02T20:06:19Z</time>
      </trkpt>
      <trkpt lat="34.21488" lon="-118.02254">
        <ele>783.23</ele>
        <time>2026-05-02T20:06:24Z</time>
      </trkpt>
      <trkpt lat="34.21486" lon="-118.02251">
        <ele>783.12</ele>
        <time>2026-05-02T20:06:29Z</time>
      </trkpt>
      <trkpt lat="34.21489" lon="-118.02248">
        <ele>779.02</ele>
        <time>2026-05-02T20:06:35Z</time>
      </trkpt>
      <trkpt lat="34.21491" lon="-118.02247">
        <ele>776.86</ele>
        <time>2026-05-02T20:06:38Z</time>
      </trkpt>
      <trkpt lat="34.21492" lon="-118.02244">
        <ele>774.16</ele>
        <time>2026-05-02T20:06:46Z</time>
      </trkpt>
      <trkpt lat="34.21489" lon="-118.02242">
        <ele>775.13</ele>
        <time>2026-05-02T20:06:52Z</time>
      </trkpt>
      <trkpt lat="34.21486" lon="-118.02239">
        <ele>775.55</ele>
        <time>2026-05-02T20:06:58Z</time>
      </trkpt>
      <trkpt lat="34.21484" lon="-118.02237">
        <ele>775.97</ele>
        <time>2026-05-02T20:07:02Z</time>
      </trkpt>
      <trkpt lat="34.2148" lon="-118.02235">
        <ele>777.92</ele>
        <time>2026-05-02T20:07:06Z</time>
      </trkpt>
      <trkpt lat="34.21477" lon="-118.02233">
        <ele>778.8</ele>
        <time>2026-05-02T20:07:10Z</time>
      </trkpt>
      <trkpt lat="34.21473" lon="-118.02232">
        <ele>780.83</ele>
        <time>2026-05-02T20:07:13Z</time>
      </trkpt>
      <trkpt lat="34.21469" lon="-118.02231">
        <ele>782.86</ele>
        <time>2026-05-02T20:07:15Z</time>
      </trkpt>
      <trkpt lat="34.21465" lon="-118.0223">
        <ele>785.13</ele>
        <time>2026-05-02T20:07:18Z</time>
      </trkpt>
      <trkpt lat="34.21462" lon="-118.02228">
        <ele>786.54</ele>
        <time>2026-05-02T20:07:23Z</time>
      </trkpt>
      <trkpt lat="34.21459" lon="-118.02226">
        <ele>788.05</ele>
        <time>2026-05-02T20:07:29Z</time>
      </trkpt>
      <trkpt lat="34.21456" lon="-118.02223">
        <ele>789.45</ele>
        <time>2026-05-02T20:07:34Z</time>
      </trkpt>
      <trkpt lat="34.21453" lon="-118.02221">
        <ele>791.48</ele>
        <time>2026-05-02T20:07:40Z</time>
      </trkpt>
      <trkpt lat="34.21456" lon="-118.02218">
        <ele>788.81</ele>
        <time>2026-05-02T20:07:46Z</time>
      </trkpt>
      <trkpt lat="34.21459" lon="-118.02217">
        <ele>786.43</ele>
        <time>2026-05-02T20:07:49Z</time>
      </trkpt>
      <trkpt lat="34.21461" lon="-118.0222">
        <ele>785.24</ele>
        <time>2026-05-02T20:07:56Z</time>
      </trkpt>
      <trkpt lat="34.21462" lon="-118.02224">
        <ele>785.28</ele>
        <time>2026-05-02T20:08:00Z</time>
      </trkpt>
      <trkpt lat="34.21461" lon="-118.02226">
        <ele>786.62</ele>
        <time>2026-05-02T20:08:11Z</time>
      </trkpt>
      <trkpt lat="34.21463" lon="-118.02228">
        <ele>785.84</ele>
        <time>2026-05-02T20:08:20Z</time>
      </trkpt>
      <trkpt lat="34.21465" lon="-118.02229">
        <ele>784.76</ele>
        <time>2026-05-02T20:08:24Z</time>
      </trkpt>
      <trkpt lat="34.21468" lon="-118.0223">
        <ele>783.08</ele>
        <time>2026-05-02T20:08:28Z</time>
      </trkpt>
      <trkpt lat="34.21471" lon="-118.02231">
        <ele>781.55</ele>
        <time>2026-05-02T20:08:33Z</time>
      </trkpt>
      <trkpt lat="34.21473" lon="-118.02233">
        <ele>781.47</ele>
        <time>2026-05-02T20:08:37Z</time>
      </trkpt>
      <trkpt lat="34.21476" lon="-118.02236">
        <ele>781.28</ele>
        <time>2026-05-02T20:08:41Z</time>
      </trkpt>
      <trkpt lat="34.21478" lon="-118.02239">
        <ele>781.62</ele>
        <time>2026-05-02T20:08:45Z</time>
      </trkpt>
      <trkpt lat="34.2148" lon="-118.02242">
        <ele>781.94</ele>
        <time>2026-05-02T20:08:49Z</time>
      </trkpt>
      <trkpt lat="34.21482" lon="-118.02246">
        <ele>783.02</ele>
        <time>2026-05-02T20:08:52Z</time>
      </trkpt>
      <trkpt lat="34.21483" lon="-118.02251">
        <ele>785.39</ele>
        <time>2026-05-02T20:08:54Z</time>
      </trkpt>
      <trkpt lat="34.21484" lon="-118.02255">
        <ele>786.8</ele>
        <time>2026-05-02T20:08:57Z</time>
      </trkpt>
      <trkpt lat="34.21486" lon="-118.02258">
        <ele>786.9</ele>
        <time>2026-05-02T20:09:02Z</time>
      </trkpt>
      <trkpt lat="34.21488" lon="-118.02261">
        <ele>786.82</ele>
        <time>2026-05-02T20:09:07Z</time>
      </trkpt>
      <trkpt lat="34.2149" lon="-118.02265">
        <ele>787.04</ele>
        <time>2026-05-02T20:09:12Z</time>
      </trkpt>
      <trkpt lat="34.21491" lon="-118.02269">
        <ele>787.88</ele>
        <time>2026-05-02T20:09:16Z</time>
      </trkpt>
      <trkpt lat="34.21493" lon="-118.02273">
        <ele>787.13</ele>
        <time>2026-05-02T20:09:21Z</time>
      </trkpt>
      <trkpt lat="34.21494" lon="-118.02276">
        <ele>787.08</ele>
        <time>2026-05-02T20:09:25Z</time>
      </trkpt>
      <trkpt lat="34.21496" lon="-118.0228">
        <ele>786.4</ele>
        <time>2026-05-02T20:09:30Z</time>
      </trkpt>
      <trkpt lat="34.21497" lon="-118.02285">
        <ele>786.58</ele>
        <time>2026-05-02T20:09:35Z</time>
      </trkpt>
      <trkpt lat="34.21497" lon="-118.02289">
        <ele>787.37</ele>
        <time>2026-05-02T20:09:39Z</time>
      </trkpt>
      <trkpt lat="34.21495" lon="-118.02293">
        <ele>789.53</ele>
        <time>2026-05-02T20:09:43Z</time>
      </trkpt>
      <trkpt lat="34.21495" lon="-118.02297">
        <ele>790.39</ele>
        <time>2026-05-02T20:09:47Z</time>
      </trkpt>
      <trkpt lat="34.21495" lon="-118.023">
        <ele>791.01</ele>
        <time>2026-05-02T20:09:51Z</time>
      </trkpt>
      <trkpt lat="34.21496" lon="-118.02304">
        <ele>791.37</ele>
        <time>2026-05-02T20:09:56Z</time>
      </trkpt>
      <trkpt lat="34.21495" lon="-118.02307">
        <ele>792.63</ele>
        <time>2026-05-02T20:10:01Z</time>
      </trkpt>
      <trkpt lat="34.21494" lon="-118.02303">
        <ele>792.12</ele>
        <time>2026-05-02T20:10:11Z</time>
      </trkpt>
      <trkpt lat="34.21494" lon="-118.02299">
        <ele>791.39</ele>
        <time>2026-05-02T20:10:20Z</time>
      </trkpt>
      <trkpt lat="34.21497" lon="-118.02296">
        <ele>788.88</ele>
        <time>2026-05-02T20:10:44Z</time>
      </trkpt>
      <trkpt lat="34.21499" lon="-118.02294">
        <ele>787.15</ele>
        <time>2026-05-02T20:10:53Z</time>
      </trkpt>
      <trkpt lat="34.21503" lon="-118.02294">
        <ele>785.37</ele>
        <time>2026-05-02T20:10:57Z</time>
      </trkpt>
      <trkpt lat="34.21507" lon="-118.02294">
        <ele>783.86</ele>
        <time>2026-05-02T20:11:00Z</time>
      </trkpt>
      <trkpt lat="34.2151" lon="-118.02294">
        <ele>783.07</ele>
        <time>2026-05-02T20:11:03Z</time>
      </trkpt>
      <trkpt lat="34.21514" lon="-118.02294">
        <ele>783.39</ele>
        <time>2026-05-02T20:11:07Z</time>
      </trkpt>
      <trkpt lat="34.21517" lon="-118.02294">
        <ele>783.64</ele>
        <time>2026-05-02T20:11:13Z</time>
      </trkpt>
      <trkpt lat="34.2152" lon="-118.02293">
        <ele>783.86</ele>
        <time>2026-05-02T20:11:20Z</time>
      </trkpt>
      <trkpt lat="34.21524" lon="-118.02293">
        <ele>785.59</ele>
        <time>2026-05-02T20:11:31Z</time>
      </trkpt>
      <trkpt lat="34.21527" lon="-118.02294">
        <ele>787.42</ele>
        <time>2026-05-02T20:11:38Z</time>
      </trkpt>
      <trkpt lat="34.2153" lon="-118.02294">
        <ele>788.96</ele>
        <time>2026-05-02T20:11:44Z</time>
      </trkpt>
      <trkpt lat="34.21534" lon="-118.02295">
        <ele>791.66</ele>
        <time>2026-05-02T20:11:50Z</time>
      </trkpt>
      <trkpt lat="34.21538" lon="-118.02295">
        <ele>793.72</ele>
        <time>2026-05-02T20:11:56Z</time>
      </trkpt>
      <trkpt lat="34.21541" lon="-118.02295">
        <ele>795.01</ele>
        <time>2026-05-02T20:12:02Z</time>
      </trkpt>
      <trkpt lat="34.21545" lon="-118.02294">
        <ele>796.2</ele>
        <time>2026-05-02T20:12:08Z</time>
      </trkpt>
      <trkpt lat="34.21548" lon="-118.02293">
        <ele>796.77</ele>
        <time>2026-05-02T20:12:14Z</time>
      </trkpt>
      <trkpt lat="34.21552" lon="-118.02292">
        <ele>797.53</ele>
        <time>2026-05-02T20:12:19Z</time>
      </trkpt>
      <trkpt lat="34.21555" lon="-118.02291">
        <ele>797.96</ele>
        <time>2026-05-02T20:12:24Z</time>
      </trkpt>
      <trkpt lat="34.21558" lon="-118.0229">
        <ele>798.13</ele>
        <time>2026-05-02T20:12:29Z</time>
      </trkpt>
      <trkpt lat="34.21562" lon="-118.02289">
        <ele>798.45</ele>
        <time>2026-05-02T20:12:34Z</time>
      </trkpt>
      <trkpt lat="34.21565" lon="-118.02289">
        <ele>799.06</ele>
        <time>2026-05-02T20:12:39Z</time>
      </trkpt>
      <trkpt lat="34.21562" lon="-118.02289">
        <ele>798.45</ele>
        <time>2026-05-02T20:12:46Z</time>
      </trkpt>
      <trkpt lat="34.21558" lon="-118.0229">
        <ele>798.13</ele>
        <time>2026-05-02T20:12:50Z</time>
      </trkpt>
      <trkpt lat="34.21556" lon="-118.02294">
        <ele>799.86</ele>
        <time>2026-05-02T20:12:52Z</time>
      </trkpt>
      <trkpt lat="34.21555" lon="-118.02297">
        <ele>801.13</ele>
        <time>2026-05-02T20:12:54Z</time>
      </trkpt>
      <trkpt lat="34.21553" lon="-118.02301">
        <ele>802.34</ele>
        <time>2026-05-02T20:12:57Z</time>
      </trkpt>
      <trkpt lat="34.2155" lon="-118.02304">
        <ele>803.03</ele>
        <time>2026-05-02T20:13:01Z</time>
      </trkpt>
      <trkpt lat="34.21547" lon="-118.02306">
        <ele>803.44</ele>
        <time>2026-05-02T20:13:06Z</time>
      </trkpt>
      <trkpt lat="34.21544" lon="-118.02309">
        <ele>804.49</ele>
        <time>2026-05-02T20:13:10Z</time>
      </trkpt>
      <trkpt lat="34.21541" lon="-118.02312">
        <ele>805.46</ele>
        <time>2026-05-02T20:13:15Z</time>
      </trkpt>
      <trkpt lat="34.21538" lon="-118.02315">
        <ele>806.43</ele>
        <time>2026-05-02T20:13:19Z</time>
      </trkpt>
      <trkpt lat="34.21535" lon="-118.02317">
        <ele>806.59</ele>
        <time>2026-05-02T20:13:23Z</time>
      </trkpt>
      <trkpt lat="34.21532" lon="-118.02318">
        <ele>806.08</ele>
        <time>2026-05-02T20:13:27Z</time>
      </trkpt>
      <trkpt lat="34.21529" lon="-118.0232">
        <ele>806.37</ele>
        <time>2026-05-02T20:13:31Z</time>
      </trkpt>
      <trkpt lat="34.21525" lon="-118.0232">
        <ele>804.76</ele>
        <time>2026-05-02T20:13:35Z</time>
      </trkpt>
      <trkpt lat="34.21522" lon="-118.02321">
        <ele>804.39</ele>
        <time>2026-05-02T20:13:40Z</time>
      </trkpt>
      <trkpt lat="34.21526" lon="-118.02323">
        <ele>807.57</ele>
        <time>2026-05-02T20:13:46Z</time>
      </trkpt>
      <trkpt lat="34.21529" lon="-118.02323">
        <ele>808.6</ele>
        <time>2026-05-02T20:13:49Z</time>
      </trkpt>
      <trkpt lat="34.21532" lon="-118.02323">
        <ele>809.61</ele>
        <time>2026-05-02T20:13:53Z</time>
      </trkpt>
      <trkpt lat="34.21536" lon="-118.02323">
        <ele>810.96</ele>
        <time>2026-05-02T20:13:57Z</time>
      </trkpt>
      <trkpt lat="34.21539" lon="-118.02323">
        <ele>811.75</ele>
        <time>2026-05-02T20:14:01Z</time>
      </trkpt>
      <trkpt lat="34.21542" lon="-118.02321">
        <ele>811.26</ele>
        <time>2026-05-02T20:14:04Z</time>
      </trkpt>
      <trkpt lat="34.21543" lon="-118.02316">
        <ele>808.62</ele>
        <time>2026-05-02T20:14:07Z</time>
      </trkpt>
      <trkpt lat="34.21545" lon="-118.02314">
        <ele>808.05</ele>
        <time>2026-05-02T20:14:14Z</time>
      </trkpt>
      <trkpt lat="34.21543" lon="-118.02315">
        <ele>808.04</ele>
        <time>2026-05-02T20:14:26Z</time>
      </trkpt>
      <trkpt lat="34.2154" lon="-118.02316">
        <ele>807.69</ele>
        <time>2026-05-02T20:14:47Z</time>
      </trkpt>
      <trkpt lat="34.21542" lon="-118.02314">
        <ele>807.08</ele>
        <time>2026-05-02T20:15:01Z</time>
      </trkpt>
      <trkpt lat="34.21546" lon="-118.02313">
        <ele>807.73</ele>
        <time>2026-05-02T20:15:04Z</time>
      </trkpt>
      <trkpt lat="34.21549" lon="-118.02312">
        <ele>807.56</ele>
        <time>2026-05-02T20:15:06Z</time>
      </trkpt>
      <trkpt lat="34.21552" lon="-118.02312">
        <ele>807.98</ele>
        <time>2026-05-02T20:15:08Z</time>
      </trkpt>
      <trkpt lat="34.21556" lon="-118.02311">
        <ele>808.01</ele>
        <time>2026-05-02T20:15:11Z</time>
      </trkpt>
      <trkpt lat="34.2156" lon="-118.02309">
        <ele>807.64</ele>
        <time>2026-05-02T20:15:15Z</time>
      </trkpt>
      <trkpt lat="34.21563" lon="-118.02308">
        <ele>807.72</ele>
        <time>2026-05-02T20:15:18Z</time>
      </trkpt>
      <trkpt lat="34.21566" lon="-118.02307">
        <ele>807.62</ele>
        <time>2026-05-02T20:15:22Z</time>
      </trkpt>
      <trkpt lat="34.2157" lon="-118.02307">
        <ele>807.62</ele>
        <time>2026-05-02T20:15:26Z</time>
      </trkpt>
      <trkpt lat="34.21573" lon="-118.02308">
        <ele>808.06</ele>
        <time>2026-05-02T20:15:30Z</time>
      </trkpt>
      <trkpt lat="34.21575" lon="-118.02313">
        <ele>809.92</ele>
        <time>2026-05-02T20:15:33Z</time>
      </trkpt>
      <trkpt lat="34.21576" lon="-118.02317">
        <ele>811.51</ele>
        <time>2026-05-02T20:15:35Z</time>
      </trkpt>
      <trkpt lat="34.21577" lon="-118.02323">
        <ele>814.19</ele>
        <time>2026-05-02T20:15:38Z</time>
      </trkpt>
      <trkpt lat="34.21579" lon="-118.02326">
        <ele>814.91</ele>
        <time>2026-05-02T20:15:43Z</time>
      </trkpt>
      <trkpt lat="34.21583" lon="-118.02327">
        <ele>813.72</ele>
        <time>2026-05-02T20:15:49Z</time>
      </trkpt>
      <trkpt lat="34.21586" lon="-118.02326">
        <ele>810.33</ele>
        <time>2026-05-02T20:15:54Z</time>
      </trkpt>
      <trkpt lat="34.21589" lon="-118.02329">
        <ele>808.5</ele>
        <time>2026-05-02T20:15:59Z</time>
      </trkpt>
      <trkpt lat="34.21591" lon="-118.02332">
        <ele>807.41</ele>
        <time>2026-05-02T20:16:03Z</time>
      </trkpt>
      <trkpt lat="34.21593" lon="-118.02336">
        <ele>807.06</ele>
        <time>2026-05-02T20:16:07Z</time>
      </trkpt>
      <trkpt lat="34.21596" lon="-118.02339">
        <ele>805.67</ele>
        <time>2026-05-02T20:16:12Z</time>
      </trkpt>
      <trkpt lat="34.21598" lon="-118.02342">
        <ele>804.91</ele>
        <time>2026-05-02T20:16:17Z</time>
      </trkpt>
      <trkpt lat="34.21595" lon="-118.02339">
        <ele>806.66</ele>
        <time>2026-05-02T20:16:29Z</time>
      </trkpt>
      <trkpt lat="34.21593" lon="-118.02336">
        <ele>807.06</ele>
        <time>2026-05-02T20:16:33Z</time>
      </trkpt>
      <trkpt lat="34.21596" lon="-118.02338">
        <ele>805.21</ele>
        <time>2026-05-02T20:17:07Z</time>
      </trkpt>
      <trkpt lat="34.21597" lon="-118.02342">
        <ele>805.98</ele>
        <time>2026-05-02T20:17:11Z</time>
      </trkpt>
      <trkpt lat="34.21597" lon="-118.02347">
        <ele>808.39</ele>
        <time>2026-05-02T20:17:13Z</time>
      </trkpt>
      <trkpt lat="34.21598" lon="-118.02351">
        <ele>809.17</ele>
        <time>2026-05-02T20:17:15Z</time>
      </trkpt>
      <trkpt lat="34.21598" lon="-118.02355">
        <ele>810.99</ele>
        <time>2026-05-02T20:17:18Z</time>
      </trkpt>
      <trkpt lat="34.21598" lon="-118.02359">
        <ele>812.79</ele>
        <time>2026-05-02T20:17:26Z</time>
      </trkpt>
      <trkpt lat="34.21596" lon="-118.0236">
        <ele>815.24</ele>
        <time>2026-05-02T20:17:47Z</time>
      </trkpt>
      <trkpt lat="34.21598" lon="-118.02363">
        <ele>814.27</ele>
        <time>2026-05-02T20:18:23Z</time>
      </trkpt>
      <trkpt lat="34.216" lon="-118.02367">
        <ele>813.58</ele>
        <time>2026-05-02T20:18:31Z</time>
      </trkpt>
      <trkpt lat="34.216" lon="-118.0237">
        <ele>814.49</ele>
        <time>2026-05-02T20:18:37Z</time>
      </trkpt>
      <trkpt lat="34.21601" lon="-118.02377">
        <ele>815.88</ele>
        <time>2026-05-02T20:18:40Z</time>
      </trkpt>
      <trkpt lat="34.21601" lon="-118.02382">
        <ele>817.71</ele>
        <time>2026-05-02T20:18:42Z</time>
      </trkpt>
      <trkpt lat="34.21601" lon="-118.02387">
        <ele>819.77</ele>
        <time>2026-05-02T20:18:45Z</time>
      </trkpt>
      <trkpt lat="34.21602" lon="-118.02391">
        <ele>821.22</ele>
        <time>2026-05-02T20:18:48Z</time>
      </trkpt>
      <trkpt lat="34.21603" lon="-118.02395">
        <ele>823.84</ele>
        <time>2026-05-02T20:18:52Z</time>
      </trkpt>
      <trkpt lat="34.21604" lon="-118.02391">
        <ele>822.25</ele>
        <time>2026-05-02T20:18:57Z</time>
      </trkpt>
      <trkpt lat="34.21604" lon="-118.02387">
        <ele>820.25</ele>
        <time>2026-05-02T20:19:01Z</time>
      </trkpt>
      <trkpt lat="34.21608" lon="-118.02386">
        <ele>821.66</ele>
        <time>2026-05-02T20:19:05Z</time>
      </trkpt>
      <trkpt lat="34.21612" lon="-118.02385">
        <ele>823.37</ele>
        <time>2026-05-02T20:19:08Z</time>
      </trkpt>
      <trkpt lat="34.21614" lon="-118.02385">
        <ele>825.37</ele>
        <time>2026-05-02T20:19:17Z</time>
      </trkpt>
      <trkpt lat="34.21617" lon="-118.02382">
        <ele>827.04</ele>
        <time>2026-05-02T20:19:24Z</time>
      </trkpt>
      <trkpt lat="34.21619" lon="-118.02378">
        <ele>827.52</ele>
        <time>2026-05-02T20:19:30Z</time>
      </trkpt>
      <trkpt lat="34.2162" lon="-118.02374">
        <ele>826.54</ele>
        <time>2026-05-02T20:19:35Z</time>
      </trkpt>
      <trkpt lat="34.21621" lon="-118.02371">
        <ele>826.01</ele>
        <time>2026-05-02T20:19:40Z</time>
      </trkpt>
      <trkpt lat="34.21623" lon="-118.02367">
        <ele>826.33</ele>
        <time>2026-05-02T20:19:45Z</time>
      </trkpt>
      <trkpt lat="34.21625" lon="-118.02363">
        <ele>827.21</ele>
        <time>2026-05-02T20:19:49Z</time>
      </trkpt>
      <trkpt lat="34.21627" lon="-118.0236">
        <ele>829.0</ele>
        <time>2026-05-02T20:19:53Z</time>
      </trkpt>
      <trkpt lat="34.21629" lon="-118.02356">
        <ele>830.94</ele>
        <time>2026-05-02T20:19:57Z</time>
      </trkpt>
      <trkpt lat="34.2163" lon="-118.02353">
        <ele>831.61</ele>
        <time>2026-05-02T20:20:02Z</time>
      </trkpt>
      <trkpt lat="34.21631" lon="-118.02348">
        <ele>831.85</ele>
        <time>2026-05-02T20:20:08Z</time>
      </trkpt>
      <trkpt lat="34.21629" lon="-118.02345">
        <ele>829.24</ele>
        <time>2026-05-02T20:20:12Z</time>
      </trkpt>
      <trkpt lat="34.21625" lon="-118.02343">
        <ele>822.54</ele>
        <time>2026-05-02T20:20:15Z</time>
      </trkpt>
      <trkpt lat="34.21625" lon="-118.02339">
        <ele>821.72</ele>
        <time>2026-05-02T20:20:21Z</time>
      </trkpt>
      <trkpt lat="34.21627" lon="-118.02335">
        <ele>824.1</ele>
        <time>2026-05-02T20:20:28Z</time>
      </trkpt>
      <trkpt lat="34.21628" lon="-118.02339">
        <ele>826.58</ele>
        <time>2026-05-02T20:20:32Z</time>
      </trkpt>
      <trkpt lat="34.21628" lon="-118.02343">
        <ele>827.4</ele>
        <time>2026-05-02T20:20:37Z</time>
      </trkpt>
      <trkpt lat="34.21628" lon="-118.02346">
        <ele>827.73</ele>
        <time>2026-05-02T20:20:49Z</time>
      </trkpt>
      <trkpt lat="34.21627" lon="-118.02349">
        <ele>826.43</ele>
        <time>2026-05-02T20:20:59Z</time>
      </trkpt>
      <trkpt lat="34.21627" lon="-118.02345">
        <ele>826.0</ele>
        <time>2026-05-02T20:21:11Z</time>
      </trkpt>
      <trkpt lat="34.21628" lon="-118.02342">
        <ele>827.23</ele>
        <time>2026-05-02T20:21:33Z</time>
      </trkpt>
      <trkpt lat="34.21629" lon="-118.02339">
        <ele>828.2</ele>
        <time>2026-05-02T20:22:19Z</time>
      </trkpt>
      <trkpt lat="34.2163" lon="-118.02335">
        <ele>828.71</ele>
        <time>2026-05-02T20:22:32Z</time>
      </trkpt>
      <trkpt lat="34.2163" lon="-118.02331">
        <ele>827.86</ele>
        <time>2026-05-02T20:22:35Z</time>
      </trkpt>
      <trkpt lat="34.2163" lon="-118.02327">
        <ele>826.99</ele>
        <time>2026-05-02T20:22:37Z</time>
      </trkpt>
      <trkpt lat="34.2163" lon="-118.02321">
        <ele>825.38</ele>
        <time>2026-05-02T20:22:40Z</time>
      </trkpt>
      <trkpt lat="34.21629" lon="-118.02318">
        <ele>823.06</ele>
        <time>2026-05-02T20:22:58Z</time>
      </trkpt>
      <trkpt lat="34.2163" lon="-118.02314">
        <ele>823.22</ele>
        <time>2026-05-02T20:23:29Z</time>
      </trkpt>
      <trkpt lat="34.2163" lon="-118.0231">
        <ele>822.36</ele>
        <time>2026-05-02T20:23:38Z</time>
      </trkpt>
      <trkpt lat="34.2163" lon="-118.02306">
        <ele>821.5</ele>
        <time>2026-05-02T20:23:45Z</time>
      </trkpt>
      <trkpt lat="34.21631" lon="-118.02302">
        <ele>821.71</ele>
        <time>2026-05-02T20:23:51Z</time>
      </trkpt>
      <trkpt lat="34.21632" lon="-118.02298">
        <ele>821.93</ele>
        <time>2026-05-02T20:23:53Z</time>
      </trkpt>
      <trkpt lat="34.21635" lon="-118.02293">
        <ele>824.24</ele>
        <time>2026-05-02T20:23:55Z</time>
      </trkpt>
      <trkpt lat="34.21637" lon="-118.0229">
        <ele>825.74</ele>
        <time>2026-05-02T20:23:57Z</time>
      </trkpt>
      <trkpt lat="34.21639" lon="-118.02287">
        <ele>827.05</ele>
        <time>2026-05-02T20:24:00Z</time>
      </trkpt>
      <trkpt lat="34.21641" lon="-118.02284">
        <ele>827.41</ele>
        <time>2026-05-02T20:24:04Z</time>
      </trkpt>
      <trkpt lat="34.21645" lon="-118.02282">
        <ele>828.85</ele>
        <time>2026-05-02T20:24:09Z</time>
      </trkpt>
      <trkpt lat="34.21648" lon="-118.02279">
        <ele>829.33</ele>
        <time>2026-05-02T20:24:14Z</time>
      </trkpt>
      <trkpt lat="34.21652" lon="-118.02277">
        <ele>829.51</ele>
        <time>2026-05-02T20:24:19Z</time>
      </trkpt>
      <trkpt lat="34.21656" lon="-118.02276">
        <ele>829.79</ele>
        <time>2026-05-02T20:24:24Z</time>
      </trkpt>
      <trkpt lat="34.21659" lon="-118.02276">
        <ele>829.83</ele>
        <time>2026-05-02T20:24:29Z</time>
      </trkpt>
      <trkpt lat="34.21663" lon="-118.02276">
        <ele>829.32</ele>
        <time>2026-05-02T20:24:33Z</time>
      </trkpt>
      <trkpt lat="34.21666" lon="-118.02277">
        <ele>829.57</ele>
        <time>2026-05-02T20:24:37Z</time>
      </trkpt>
      <trkpt lat="34.2167" lon="-118.02278">
        <ele>829.42</ele>
        <time>2026-05-02T20:24:41Z</time>
      </trkpt>
      <trkpt lat="34.21673" lon="-118.02278">
        <ele>828.78</ele>
        <time>2026-05-02T20:24:45Z</time>
      </trkpt>
      <trkpt lat="34.21676" lon="-118.02282">
        <ele>830.72</ele>
        <time>2026-05-02T20:24:49Z</time>
      </trkpt>
      <trkpt lat="34.21678" lon="-118.02286">
        <ele>832.88</ele>
        <time>2026-05-02T20:24:51Z</time>
      </trkpt>
      <trkpt lat="34.21681" lon="-118.02289">
        <ele>833.96</ele>
        <time>2026-05-02T20:24:54Z</time>
      </trkpt>
      <trkpt lat="34.21684" lon="-118.0229">
        <ele>833.86</ele>
        <time>2026-05-02T20:24:58Z</time>
      </trkpt>
      <trkpt lat="34.21688" lon="-118.02289">
        <ele>833.06</ele>
        <time>2026-05-02T20:25:02Z</time>
      </trkpt>
      <trkpt lat="34.21689" lon="-118.02285">
        <ele>830.68</ele>
        <time>2026-05-02T20:25:29Z</time>
      </trkpt>
      <trkpt lat="34.21692" lon="-118.02282">
        <ele>828.74</ele>
        <time>2026-05-02T20:25:36Z</time>
      </trkpt>
      <trkpt lat="34.21694" lon="-118.02279">
        <ele>826.79</ele>
        <time>2026-05-02T20:25:41Z</time>
      </trkpt>
      <trkpt lat="34.21697" lon="-118.02277">
        <ele>825.22</ele>
        <time>2026-05-02T20:25:46Z</time>
      </trkpt>
      <trkpt lat="34.217" lon="-118.02275">
        <ele>823.6</ele>
        <time>2026-05-02T20:25:51Z</time>
      </trkpt>
      <trkpt lat="34.21703" lon="-118.02273">
        <ele>821.98</ele>
        <time>2026-05-02T20:25:55Z</time>
      </trkpt>
      <trkpt lat="34.21707" lon="-118.02271">
        <ele>820.35</ele>
        <time>2026-05-02T20:26:00Z</time>
      </trkpt>
      <trkpt lat="34.2171" lon="-118.0227">
        <ele>819.39</ele>
        <time>2026-05-02T20:26:04Z</time>
      </trkpt>
      <trkpt lat="34.21714" lon="-118.02268">
        <ele>817.55</ele>
        <time>2026-05-02T20:26:08Z</time>
      </trkpt>
      <trkpt lat="34.21718" lon="-118.02267">
        <ele>816.47</ele>
        <time>2026-05-02T20:26:10Z</time>
      </trkpt>
      <trkpt lat="34.21721" lon="-118.02267">
        <ele>816.15</ele>
        <time>2026-05-02T20:26:12Z</time>
      </trkpt>
      <trkpt lat="34.21725" lon="-118.02266">
        <ele>814.99</ele>
        <time>2026-05-02T20:26:15Z</time>
      </trkpt>
      <trkpt lat="34.21729" lon="-118.02264">
        <ele>812.98</ele>
        <time>2026-05-02T20:26:19Z</time>
      </trkpt>
      <trkpt lat="34.21732" lon="-118.02263">
        <ele>811.67</ele>
        <time>2026-05-02T20:26:24Z</time>
      </trkpt>
      <trkpt lat="34.21735" lon="-118.02265">
        <ele>812.11</ele>
        <time>2026-05-02T20:26:28Z</time>
      </trkpt>
      <trkpt lat="34.21737" lon="-118.02269">
        <ele>813.91</ele>
        <time>2026-05-02T20:26:31Z</time>
      </trkpt>
      <trkpt lat="34.21738" lon="-118.02272">
        <ele>815.33</ele>
        <time>2026-05-02T20:26:34Z</time>
      </trkpt>
      <trkpt lat="34.21741" lon="-118.02275">
        <ele>816.07</ele>
        <time>2026-05-02T20:26:39Z</time>
      </trkpt>
      <trkpt lat="34.21744" lon="-118.02278">
        <ele>816.38</ele>
        <time>2026-05-02T20:26:44Z</time>
      </trkpt>
      <trkpt lat="34.21747" lon="-118.0228">
        <ele>816.06</ele>
        <time>2026-05-02T20:26:49Z</time>
      </trkpt>
      <trkpt lat="34.2175" lon="-118.02282">
        <ele>815.74</ele>
        <time>2026-05-02T20:26:53Z</time>
      </trkpt>
      <trkpt lat="34.21753" lon="-118.02285">
        <ele>815.48</ele>
        <time>2026-05-02T20:26:57Z</time>
      </trkpt>
      <trkpt lat="34.21756" lon="-118.02288">
        <ele>815.09</ele>
        <time>2026-05-02T20:27:02Z</time>
      </trkpt>
      <trkpt lat="34.21759" lon="-118.02289">
        <ele>813.47</ele>
        <time>2026-05-02T20:27:08Z</time>
      </trkpt>
      <trkpt lat="34.21762" lon="-118.02292">
        <ele>812.99</ele>
        <time>2026-05-02T20:27:14Z</time>
      </trkpt>
      <trkpt lat="34.21765" lon="-118.02295">
        <ele>812.29</ele>
        <time>2026-05-02T20:27:19Z</time>
      </trkpt>
      <trkpt lat="34.21767" lon="-118.02299">
        <ele>812.77</ele>
        <time>2026-05-02T20:27:24Z</time>
      </trkpt>
      <trkpt lat="34.21769" lon="-118.02302">
        <ele>812.68</ele>
        <time>2026-05-02T20:27:29Z</time>
      </trkpt>
      <trkpt lat="34.21766" lon="-118.02305">
        <ele>816.88</ele>
        <time>2026-05-02T20:27:33Z</time>
      </trkpt>
      <trkpt lat="34.21767" lon="-118.02309">
        <ele>817.86</ele>
        <time>2026-05-02T20:27:38Z</time>
      </trkpt>
      <trkpt lat="34.2177" lon="-118.02311">
        <ele>816.07</ele>
        <time>2026-05-02T20:27:41Z</time>
      </trkpt>
      <trkpt lat="34.21773" lon="-118.02315">
        <ele>815.2</ele>
        <time>2026-05-02T20:27:45Z</time>
      </trkpt>
      <trkpt lat="34.21775" lon="-118.02318">
        <ele>814.54</ele>
        <time>2026-05-02T20:27:49Z</time>
      </trkpt>
      <trkpt lat="34.21777" lon="-118.02322">
        <ele>814.07</ele>
        <time>2026-05-02T20:27:53Z</time>
      </trkpt>
      <trkpt lat="34.21779" lon="-118.02326">
        <ele>813.8</ele>
        <time>2026-05-02T20:27:57Z</time>
      </trkpt>
      <trkpt lat="34.2178" lon="-118.0233">
        <ele>814.33</ele>
        <time>2026-05-02T20:28:01Z</time>
      </trkpt>
      <trkpt lat="34.2178" lon="-118.02335">
        <ele>815.82</ele>
        <time>2026-05-02T20:28:06Z</time>
      </trkpt>
      <trkpt lat="34.21781" lon="-118.0234">
        <ele>816.47</ele>
        <time>2026-05-02T20:28:10Z</time>
      </trkpt>
      <trkpt lat="34.21781" lon="-118.02344">
        <ele>817.62</ele>
        <time>2026-05-02T20:28:12Z</time>
      </trkpt>
      <trkpt lat="34.21781" lon="-118.02349">
        <ele>819.05</ele>
        <time>2026-05-02T20:28:14Z</time>
      </trkpt>
      <trkpt lat="34.21781" lon="-118.02354">
        <ele>820.72</ele>
        <time>2026-05-02T20:28:17Z</time>
      </trkpt>
      <trkpt lat="34.21781" lon="-118.02359">
        <ele>822.69</ele>
        <time>2026-05-02T20:28:20Z</time>
      </trkpt>
      <trkpt lat="34.21782" lon="-118.02364">
        <ele>823.55</ele>
        <time>2026-05-02T20:28:23Z</time>
      </trkpt>
      <trkpt lat="34.21782" lon="-118.02368">
        <ele>825.08</ele>
        <time>2026-05-02T20:28:26Z</time>
      </trkpt>
      <trkpt lat="34.21783" lon="-118.02373">
        <ele>825.93</ele>
        <time>2026-05-02T20:28:30Z</time>
      </trkpt>
      <trkpt lat="34.21784" lon="-118.02377">
        <ele>826.47</ele>
        <time>2026-05-02T20:28:34Z</time>
      </trkpt>
      <trkpt lat="34.21784" lon="-118.02381">
        <ele>828.15</ele>
        <time>2026-05-02T20:28:39Z</time>
      </trkpt>
      <trkpt lat="34.21784" lon="-118.02385">
        <ele>829.74</ele>
        <time>2026-05-02T20:28:45Z</time>
      </trkpt>
      <trkpt lat="34.21784" lon="-118.0239">
        <ele>831.72</ele>
        <time>2026-05-02T20:28:50Z</time>
      </trkpt>
      <trkpt lat="34.21785" lon="-118.02394">
        <ele>832.29</ele>
        <time>2026-05-02T20:28:55Z</time>
      </trkpt>
      <trkpt lat="34.21786" lon="-118.02398">
        <ele>832.95</ele>
        <time>2026-05-02T20:29:00Z</time>
      </trkpt>
      <trkpt lat="34.21786" lon="-118.02393">
        <ele>830.85</ele>
        <time>2026-05-02T20:29:03Z</time>
      </trkpt>
      <trkpt lat="34.21786" lon="-118.02388">
        <ele>828.75</ele>
        <time>2026-05-02T20:29:05Z</time>
      </trkpt>
      <trkpt lat="34.21783" lon="-118.02388">
        <ele>832.02</ele>
        <time>2026-05-02T20:29:14Z</time>
      </trkpt>
      <trkpt lat="34.21781" lon="-118.02385">
        <ele>833.11</ele>
        <time>2026-05-02T20:29:20Z</time>
      </trkpt>
      <trkpt lat="34.21784" lon="-118.02386">
        <ele>830.13</ele>
        <time>2026-05-02T20:29:25Z</time>
      </trkpt>
      <trkpt lat="34.21787" lon="-118.02388">
        <ele>827.66</ele>
        <time>2026-05-02T20:29:29Z</time>
      </trkpt>
      <trkpt lat="34.2179" lon="-118.0239">
        <ele>825.6</ele>
        <time>2026-05-02T20:29:33Z</time>
      </trkpt>
      <trkpt lat="34.21792" lon="-118.02393">
        <ele>824.95</ele>
        <time>2026-05-02T20:29:37Z</time>
      </trkpt>
      <trkpt lat="34.21794" lon="-118.02396">
        <ele>824.3</ele>
        <time>2026-05-02T20:29:41Z</time>
      </trkpt>
      <trkpt lat="34.21795" lon="-118.024">
        <ele>824.89</ele>
        <time>2026-05-02T20:29:45Z</time>
      </trkpt>
      <trkpt lat="34.21796" lon="-118.02404">
        <ele>825.2</ele>
        <time>2026-05-02T20:29:50Z</time>
      </trkpt>
      <trkpt lat="34.21796" lon="-118.02408">
        <ele>826.57</ele>
        <time>2026-05-02T20:29:53Z</time>
      </trkpt>
      <trkpt lat="34.21795" lon="-118.02413">
        <ele>829.73</ele>
        <time>2026-05-02T20:29:55Z</time>
      </trkpt>
      <trkpt lat="34.21792" lon="-118.02417">
        <ele>834.27</ele>
        <time>2026-05-02T20:29:57Z</time>
      </trkpt>
      <trkpt lat="34.2179" lon="-118.02419">
        <ele>836.7</ele>
        <time>2026-05-02T20:30:00Z</time>
      </trkpt>
      <trkpt lat="34.21789" lon="-118.02415">
        <ele>836.51</ele>
        <time>2026-05-02T20:30:11Z</time>
      </trkpt>
      <trkpt lat="34.21789" lon="-118.02413">
        <ele>835.82</ele>
        <time>2026-05-02T20:40:31Z</time>
      </trkpt>
      <trkpt lat="34.21789" lon="-118.02413">
        <ele>835.82</ele>
        <time>2026-05-02T20:41:04Z</time>
      </trkpt>
      <trkpt lat="34.21792" lon="-118.02415">
        <ele>833.54</ele>
        <time>2026-05-02T20:49:26Z</time>
      </trkpt>
      <trkpt lat="34.21793" lon="-118.02415">
        <ele>832.55</ele>
        <time>2026-05-02T21:02:11Z</time>
      </trkpt>
      <trkpt lat="34.21792" lon="-118.02415">
        <ele>833.54</ele>
        <time>2026-05-02T21:04:27Z</time>
      </trkpt>
      <trkpt lat="34.21794" lon="-118.02414">
        <ele>831.15</ele>
        <time>2026-05-02T21:12:11Z</time>
      </trkpt>
      <trkpt lat="34.21794" lon="-118.02414">
        <ele>831.15</ele>
        <time>2026-05-02T21:12:23Z</time>
      </trkpt>
      <trkpt lat="34.2179" lon="-118.02414">
        <ele>835.16</ele>
        <time>2026-05-02T21:12:47Z</time>
      </trkpt>
      <trkpt lat="34.21787" lon="-118.02414">
        <ele>838.17</ele>
        <time>2026-05-02T21:12:50Z</time>
      </trkpt>
      <trkpt lat="34.2179" lon="-118.02414">
        <ele>835.16</ele>
        <time>2026-05-02T21:13:13Z</time>
      </trkpt>
      <trkpt lat="34.21792" lon="-118.02409">
        <ele>831.25</ele>
        <time>2026-05-02T21:13:17Z</time>
      </trkpt>
      <trkpt lat="34.21793" lon="-118.02406">
        <ele>829.05</ele>
        <time>2026-05-02T21:13:20Z</time>
      </trkpt>
      <trkpt lat="34.21795" lon="-118.02406">
        <ele>826.92</ele>
        <time>2026-05-02T21:13:44Z</time>
      </trkpt>
      <trkpt lat="34.21798" lon="-118.02406">
        <ele>824.84</ele>
        <time>2026-05-02T21:14:12Z</time>
      </trkpt>
      <trkpt lat="34.21795" lon="-118.02403">
        <ele>825.91</ele>
        <time>2026-05-02T21:14:28Z</time>
      </trkpt>
      <trkpt lat="34.21792" lon="-118.02402">
        <ele>828.62</ele>
        <time>2026-05-02T21:14:32Z</time>
      </trkpt>
      <trkpt lat="34.21795" lon="-118.024">
        <ele>824.89</ele>
        <time>2026-05-02T21:14:38Z</time>
      </trkpt>
      <trkpt lat="34.21798" lon="-118.024">
        <ele>823.01</ele>
        <time>2026-05-02T21:14:42Z</time>
      </trkpt>
      <trkpt lat="34.21802" lon="-118.024">
        <ele>821.63</ele>
        <time>2026-05-02T21:14:47Z</time>
      </trkpt>
      <trkpt lat="34.21805" lon="-118.02401">
        <ele>820.81</ele>
        <time>2026-05-02T21:14:52Z</time>
      </trkpt>
      <trkpt lat="34.21807" lon="-118.02404">
        <ele>821.69</ele>
        <time>2026-05-02T21:14:56Z</time>
      </trkpt>
      <trkpt lat="34.21808" lon="-118.02407">
        <ele>822.46</ele>
        <time>2026-05-02T21:14:58Z</time>
      </trkpt>
      <trkpt lat="34.21811" lon="-118.0241">
        <ele>823.29</ele>
        <time>2026-05-02T21:15:03Z</time>
      </trkpt>
      <trkpt lat="34.21808" lon="-118.02406">
        <ele>822.3</ele>
        <time>2026-05-02T21:15:08Z</time>
      </trkpt>
      <trkpt lat="34.21806" lon="-118.02403">
        <ele>821.19</ele>
        <time>2026-05-02T21:15:12Z</time>
      </trkpt>
      <trkpt lat="34.21804" lon="-118.02399">
        <ele>820.7</ele>
        <time>2026-05-02T21:15:17Z</time>
      </trkpt>
      <trkpt lat="34.21803" lon="-118.02395">
        <ele>819.96</ele>
        <time>2026-05-02T21:15:22Z</time>
      </trkpt>
      <trkpt lat="34.21802" lon="-118.02391">
        <ele>819.02</ele>
        <time>2026-05-02T21:15:28Z</time>
      </trkpt>
      <trkpt lat="34.21801" lon="-118.02387">
        <ele>818.09</ele>
        <time>2026-05-02T21:15:34Z</time>
      </trkpt>
      <trkpt lat="34.21801" lon="-118.02383">
        <ele>817.23</ele>
        <time>2026-05-02T21:15:39Z</time>
      </trkpt>
      <trkpt lat="34.21803" lon="-118.0238">
        <ele>816.79</ele>
        <time>2026-05-02T21:15:44Z</time>
      </trkpt>
      <trkpt lat="34.21807" lon="-118.02379">
        <ele>818.26</ele>
        <time>2026-05-02T21:15:46Z</time>
      </trkpt>
      <trkpt lat="34.21811" lon="-118.02378">
        <ele>821.81</ele>
        <time>2026-05-02T21:15:49Z</time>
      </trkpt>
      <trkpt lat="34.21815" lon="-118.02379">
        <ele>825.33</ele>
        <time>2026-05-02T21:15:53Z</time>
      </trkpt>
      <trkpt lat="34.21816" lon="-118.02383">
        <ele>826.62</ele>
        <time>2026-05-02T21:15:55Z</time>
      </trkpt>
      <trkpt lat="34.21817" lon="-118.02387">
        <ele>827.88</ele>
        <time>2026-05-02T21:15:57Z</time>
      </trkpt>
      <trkpt lat="34.21819" lon="-118.02391">
        <ele>829.78</ele>
        <time>2026-05-02T21:16:00Z</time>
      </trkpt>
      <trkpt lat="34.21821" lon="-118.02394">
        <ele>830.99</ele>
        <time>2026-05-02T21:16:05Z</time>
      </trkpt>
      <trkpt lat="34.21823" lon="-118.02398">
        <ele>831.14</ele>
        <time>2026-05-02T21:16:10Z</time>
      </trkpt>
      <trkpt lat="34.21825" lon="-118.02401">
        <ele>831.77</ele>
        <time>2026-05-02T21:16:15Z</time>
      </trkpt>
      <trkpt lat="34.21827" lon="-118.02404">
        <ele>832.63</ele>
        <time>2026-05-02T21:16:20Z</time>
      </trkpt>
      <trkpt lat="34.2183" lon="-118.02407">
        <ele>834.58</ele>
        <time>2026-05-02T21:16:25Z</time>
      </trkpt>
      <trkpt lat="34.21832" lon="-118.0241">
        <ele>835.56</ele>
        <time>2026-05-02T21:16:30Z</time>
      </trkpt>
      <trkpt lat="34.21835" lon="-118.02413">
        <ele>836.92</ele>
        <time>2026-05-02T21:16:35Z</time>
      </trkpt>
      <trkpt lat="34.21838" lon="-118.02416">
        <ele>837.85</ele>
        <time>2026-05-02T21:16:40Z</time>
      </trkpt>
      <trkpt lat="34.21841" lon="-118.02419">
        <ele>838.58</ele>
        <time>2026-05-02T21:16:45Z</time>
      </trkpt>
      <trkpt lat="34.21844" lon="-118.02422">
        <ele>839.03</ele>
        <time>2026-05-02T21:16:50Z</time>
      </trkpt>
      <trkpt lat="34.21846" lon="-118.02425">
        <ele>838.71</ele>
        <time>2026-05-02T21:16:55Z</time>
      </trkpt>
      <trkpt lat="34.21849" lon="-118.02428">
        <ele>839.7</ele>
        <time>2026-05-02T21:16:59Z</time>
      </trkpt>
      <trkpt lat="34.21851" lon="-118.02431">
        <ele>840.35</ele>
        <time>2026-05-02T21:17:04Z</time>
      </trkpt>
      <trkpt lat="34.21853" lon="-118.02432">
        <ele>841.47</ele>
        <time>2026-05-02T21:17:10Z</time>
      </trkpt>
      <trkpt lat="34.21855" lon="-118.02429">
        <ele>843.6</ele>
        <time>2026-05-02T21:17:14Z</time>
      </trkpt>
      <trkpt lat="34.21857" lon="-118.02432">
        <ele>844.22</ele>
        <time>2026-05-02T21:17:19Z</time>
      </trkpt>
      <trkpt lat="34.21859" lon="-118.02437">
        <ele>845.18</ele>
        <time>2026-05-02T21:17:23Z</time>
      </trkpt>
      <trkpt lat="34.21861" lon="-118.0244">
        <ele>847.48</ele>
        <time>2026-05-02T21:17:28Z</time>
      </trkpt>
      <trkpt lat="34.21864" lon="-118.02441">
        <ele>848.94</ele>
        <time>2026-05-02T21:17:34Z</time>
      </trkpt>
      <trkpt lat="34.21867" lon="-118.02442">
        <ele>850.28</ele>
        <time>2026-05-02T21:17:40Z</time>
      </trkpt>
      <trkpt lat="34.2187" lon="-118.02444">
        <ele>851.78</ele>
        <time>2026-05-02T21:17:46Z</time>
      </trkpt>
      <trkpt lat="34.21868" lon="-118.02448">
        <ele>852.67</ele>
        <time>2026-05-02T21:17:51Z</time>
      </trkpt>
      <trkpt lat="34.21865" lon="-118.02449">
        <ele>851.94</ele>
        <time>2026-05-02T21:17:53Z</time>
      </trkpt>
      <trkpt lat="34.21861" lon="-118.02452">
        <ele>851.36</ele>
        <time>2026-05-02T21:17:56Z</time>
      </trkpt>
      <trkpt lat="34.21857" lon="-118.02454">
        <ele>849.01</ele>
        <time>2026-05-02T21:17:59Z</time>
      </trkpt>
      <trkpt lat="34.21854" lon="-118.02455">
        <ele>847.08</ele>
        <time>2026-05-02T21:18:03Z</time>
      </trkpt>
      <trkpt lat="34.21851" lon="-118.02457">
        <ele>845.27</ele>
        <time>2026-05-02T21:18:07Z</time>
      </trkpt>
      <trkpt lat="34.21849" lon="-118.0246">
        <ele>844.16</ele>
        <time>2026-05-02T21:18:13Z</time>
      </trkpt>
      <trkpt lat="34.21847" lon="-118.02464">
        <ele>842.81</ele>
        <time>2026-05-02T21:18:20Z</time>
      </trkpt>
      <trkpt lat="34.21846" lon="-118.02468">
        <ele>841.88</ele>
        <time>2026-05-02T21:18:26Z</time>
      </trkpt>
      <trkpt lat="34.21844" lon="-118.02471">
        <ele>839.65</ele>
        <time>2026-05-02T21:18:31Z</time>
      </trkpt>
      <trkpt lat="34.21843" lon="-118.02474">
        <ele>838.48</ele>
        <time>2026-05-02T21:18:36Z</time>
      </trkpt>
      <trkpt lat="34.21841" lon="-118.02478">
        <ele>836.73</ele>
        <time>2026-05-02T21:18:41Z</time>
      </trkpt>
      <trkpt lat="34.2184" lon="-118.02482">
        <ele>836.02</ele>
        <time>2026-05-02T21:18:44Z</time>
      </trkpt>
      <trkpt lat="34.21839" lon="-118.02485">
        <ele>835.2</ele>
        <time>2026-05-02T21:18:46Z</time>
      </trkpt>
      <trkpt lat="34.21839" lon="-118.02489">
        <ele>835.1</ele>
        <time>2026-05-02T21:18:48Z</time>
      </trkpt>
      <trkpt lat="34.21838" lon="-118.02493">
        <ele>834.64</ele>
        <time>2026-05-02T21:18:51Z</time>
      </trkpt>
      <trkpt lat="34.21838" lon="-118.02498">
        <ele>834.9</ele>
        <time>2026-05-02T21:18:55Z</time>
      </trkpt>
      <trkpt lat="34.21837" lon="-118.02502">
        <ele>834.79</ele>
        <time>2026-05-02T21:18:59Z</time>
      </trkpt>
      <trkpt lat="34.21839" lon="-118.02505">
        <ele>835.22</ele>
        <time>2026-05-02T21:19:02Z</time>
      </trkpt>
      <trkpt lat="34.21842" lon="-118.02507">
        <ele>835.87</ele>
        <time>2026-05-02T21:19:04Z</time>
      </trkpt>
      <trkpt lat="34.21845" lon="-118.02511">
        <ele>839.57</ele>
        <time>2026-05-02T21:19:07Z</time>
      </trkpt>
      <trkpt lat="34.21846" lon="-118.02514">
        <ele>841.3</ele>
        <time>2026-05-02T21:19:11Z</time>
      </trkpt>
      <trkpt lat="34.21845" lon="-118.02519">
        <ele>840.42</ele>
        <time>2026-05-02T21:19:15Z</time>
      </trkpt>
      <trkpt lat="34.21844" lon="-118.02524">
        <ele>839.48</ele>
        <time>2026-05-02T21:19:19Z</time>
      </trkpt>
      <trkpt lat="34.21844" lon="-118.02528">
        <ele>839.83</ele>
        <time>2026-05-02T21:19:23Z</time>
      </trkpt>
      <trkpt lat="34.21845" lon="-118.02532">
        <ele>841.24</ele>
        <time>2026-05-02T21:19:27Z</time>
      </trkpt>
      <trkpt lat="34.21845" lon="-118.02536">
        <ele>841.35</ele>
        <time>2026-05-02T21:19:31Z</time>
      </trkpt>
      <trkpt lat="34.21845" lon="-118.0254">
        <ele>841.7</ele>
        <time>2026-05-02T21:19:36Z</time>
      </trkpt>
      <trkpt lat="34.21845" lon="-118.02544">
        <ele>842.13</ele>
        <time>2026-05-02T21:19:41Z</time>
      </trkpt>
      <trkpt lat="34.21845" lon="-118.02549">
        <ele>842.46</ele>
        <time>2026-05-02T21:19:46Z</time>
      </trkpt>
      <trkpt lat="34.21845" lon="-118.02553">
        <ele>842.57</ele>
        <time>2026-05-02T21:19:51Z</time>
      </trkpt>
      <trkpt lat="34.21846" lon="-118.02557">
        <ele>844.21</ele>
        <time>2026-05-02T21:19:56Z</time>
      </trkpt>
      <trkpt lat="34.21846" lon="-118.02561">
        <ele>844.37</ele>
        <time>2026-05-02T21:20:02Z</time>
      </trkpt>
      <trkpt lat="34.21847" lon="-118.02565">
        <ele>846.15</ele>
        <time>2026-05-02T21:20:08Z</time>
      </trkpt>
      <trkpt lat="34.21848" lon="-118.02569">
        <ele>847.95</ele>
        <time>2026-05-02T21:20:13Z</time>
      </trkpt>
      <trkpt lat="34.21849" lon="-118.02573">
        <ele>849.65</ele>
        <time>2026-05-02T21:20:18Z</time>
      </trkpt>
      <trkpt lat="34.21851" lon="-118.02577">
        <ele>852.43</ele>
        <time>2026-05-02T21:20:24Z</time>
      </trkpt>
      <trkpt lat="34.21851" lon="-118.02581">
        <ele>852.03</ele>
        <time>2026-05-02T21:20:29Z</time>
      </trkpt>
      <trkpt lat="34.21853" lon="-118.02585">
        <ele>853.71</ele>
        <time>2026-05-02T21:20:34Z</time>
      </trkpt>
      <trkpt lat="34.21854" lon="-118.02589">
        <ele>853.58</ele>
        <time>2026-05-02T21:20:39Z</time>
      </trkpt>
      <trkpt lat="34.21855" lon="-118.02593">
        <ele>853.22</ele>
        <time>2026-05-02T21:20:44Z</time>
      </trkpt>
      <trkpt lat="34.21855" lon="-118.02597">
        <ele>851.63</ele>
        <time>2026-05-02T21:20:48Z</time>
      </trkpt>
      <trkpt lat="34.21856" lon="-118.026">
        <ele>851.02</ele>
        <time>2026-05-02T21:20:52Z</time>
      </trkpt>
      <trkpt lat="34.21857" lon="-118.02604">
        <ele>850.08</ele>
        <time>2026-05-02T21:20:57Z</time>
      </trkpt>
      <trkpt lat="34.2186" lon="-118.02602">
        <ele>852.35</ele>
        <time>2026-05-02T21:21:05Z</time>
      </trkpt>
      <trkpt lat="34.21862" lon="-118.02605">
        <ele>852.3</ele>
        <time>2026-05-02T21:21:13Z</time>
      </trkpt>
      <trkpt lat="34.21863" lon="-118.0261">
        <ele>850.82</ele>
        <time>2026-05-02T21:21:17Z</time>
      </trkpt>
      <trkpt lat="34.21864" lon="-118.02613">
        <ele>850.22</ele>
        <time>2026-05-02T21:21:22Z</time>
      </trkpt>
      <trkpt lat="34.21866" lon="-118.02617">
        <ele>849.78</ele>
        <time>2026-05-02T21:21:29Z</time>
      </trkpt>
      <trkpt lat="34.21868" lon="-118.0262">
        <ele>849.57</ele>
        <time>2026-05-02T21:21:36Z</time>
      </trkpt>
      <trkpt lat="34.21871" lon="-118.02623">
        <ele>849.5</ele>
        <time>2026-05-02T21:21:41Z</time>
      </trkpt>
      <trkpt lat="34.21874" lon="-118.02624">
        <ele>849.61</ele>
        <time>2026-05-02T21:21:43Z</time>
      </trkpt>
      <trkpt lat="34.21877" lon="-118.02625">
        <ele>849.72</ele>
        <time>2026-05-02T21:21:45Z</time>
      </trkpt>
      <trkpt lat="34.2188" lon="-118.02626">
        <ele>849.85</ele>
        <time>2026-05-02T21:21:48Z</time>
      </trkpt>
      <trkpt lat="34.21883" lon="-118.02628">
        <ele>850.02</ele>
        <time>2026-05-02T21:21:52Z</time>
      </trkpt>
      <trkpt lat="34.21887" lon="-118.02629">
        <ele>850.67</ele>
        <time>2026-05-02T21:21:56Z</time>
      </trkpt>
      <trkpt lat="34.21884" lon="-118.02625">
        <ele>850.71</ele>
        <time>2026-05-02T21:22:08Z</time>
      </trkpt>
      <trkpt lat="34.21881" lon="-118.0262">
        <ele>851.23</ele>
        <time>2026-05-02T21:22:10Z</time>
      </trkpt>
      <trkpt lat="34.21878" lon="-118.02616">
        <ele>851.77</ele>
        <time>2026-05-02T21:22:13Z</time>
      </trkpt>
      <trkpt lat="34.21876" lon="-118.02612">
        <ele>852.42</ele>
        <time>2026-05-02T21:22:16Z</time>
      </trkpt>
      <trkpt lat="34.21875" lon="-118.02609">
        <ele>853.75</ele>
        <time>2026-05-02T21:22:19Z</time>
      </trkpt>
      <trkpt lat="34.21874" lon="-118.02605">
        <ele>855.95</ele>
        <time>2026-05-02T21:22:24Z</time>
      </trkpt>
      <trkpt lat="34.21873" lon="-118.02601">
        <ele>858.15</ele>
        <time>2026-05-02T21:22:29Z</time>
      </trkpt>
      <trkpt lat="34.21872" lon="-118.02597">
        <ele>860.59</ele>
        <time>2026-05-02T21:22:34Z</time>
      </trkpt>
      <trkpt lat="34.21876" lon="-118.02595">
        <ele>863.11</ele>
        <time>2026-05-02T21:22:38Z</time>
      </trkpt>
      <trkpt lat="34.2188" lon="-118.02594">
        <ele>865.01</ele>
        <time>2026-05-02T21:22:41Z</time>
      </trkpt>
      <trkpt lat="34.21884" lon="-118.02595">
        <ele>865.0</ele>
        <time>2026-05-02T21:22:45Z</time>
      </trkpt>
      <trkpt lat="34.21886" lon="-118.02599">
        <ele>862.06</ele>
        <time>2026-05-02T21:22:48Z</time>
      </trkpt>
      <trkpt lat="34.21887" lon="-118.02604">
        <ele>858.4</ele>
        <time>2026-05-02T21:22:50Z</time>
      </trkpt>
      <trkpt lat="34.21889" lon="-118.02608">
        <ele>856.03</ele>
        <time>2026-05-02T21:22:53Z</time>
      </trkpt>
      <trkpt lat="34.21891" lon="-118.02612">
        <ele>854.01</ele>
        <time>2026-05-02T21:22:57Z</time>
      </trkpt>
      <trkpt lat="34.21894" lon="-118.02615">
        <ele>853.48</ele>
        <time>2026-05-02T21:23:02Z</time>
      </trkpt>
      <trkpt lat="34.21897" lon="-118.02613">
        <ele>854.29</ele>
        <time>2026-05-02T21:23:08Z</time>
      </trkpt>
      <trkpt lat="34.21899" lon="-118.02608">
        <ele>857.08</ele>
        <time>2026-05-02T21:23:12Z</time>
      </trkpt>
      <trkpt lat="34.21901" lon="-118.02604">
        <ele>859.68</ele>
        <time>2026-05-02T21:23:15Z</time>
      </trkpt>
      <trkpt lat="34.21904" lon="-118.026">
        <ele>862.4</ele>
        <time>2026-05-02T21:23:19Z</time>
      </trkpt>
      <trkpt lat="34.21906" lon="-118.02597">
        <ele>864.67</ele>
        <time>2026-05-02T21:23:23Z</time>
      </trkpt>
      <trkpt lat="34.2191" lon="-118.02595">
        <ele>866.18</ele>
        <time>2026-05-02T21:23:27Z</time>
      </trkpt>
      <trkpt lat="34.21913" lon="-118.02593">
        <ele>867.69</ele>
        <time>2026-05-02T21:23:31Z</time>
      </trkpt>
      <trkpt lat="34.21916" lon="-118.02592">
        <ele>868.45</ele>
        <time>2026-05-02T21:23:35Z</time>
      </trkpt>
      <trkpt lat="34.21919" lon="-118.02592">
        <ele>868.21</ele>
        <time>2026-05-02T21:23:39Z</time>
      </trkpt>
      <trkpt lat="34.21923" lon="-118.02593">
        <ele>867.04</ele>
        <time>2026-05-02T21:23:43Z</time>
      </trkpt>
      <trkpt lat="34.21926" lon="-118.02593">
        <ele>866.74</ele>
        <time>2026-05-02T21:23:47Z</time>
      </trkpt>
      <trkpt lat="34.2193" lon="-118.02594">
        <ele>866.09</ele>
        <time>2026-05-02T21:23:51Z</time>
      </trkpt>
      <trkpt lat="34.21933" lon="-118.02594">
        <ele>866.09</ele>
        <time>2026-05-02T21:23:55Z</time>
      </trkpt>
      <trkpt lat="34.21937" lon="-118.02593">
        <ele>866.57</ele>
        <time>2026-05-02T21:23:59Z</time>
      </trkpt>
      <trkpt lat="34.2194" lon="-118.02593">
        <ele>866.28</ele>
        <time>2026-05-02T21:24:03Z</time>
      </trkpt>
      <trkpt lat="34.21944" lon="-118.02593">
        <ele>865.91</ele>
        <time>2026-05-02T21:24:07Z</time>
      </trkpt>
      <trkpt lat="34.21947" lon="-118.02593">
        <ele>865.88</ele>
        <time>2026-05-02T21:24:11Z</time>
      </trkpt>
      <trkpt lat="34.2195" lon="-118.02592">
        <ele>866.41</ele>
        <time>2026-05-02T21:24:15Z</time>
      </trkpt>
      <trkpt lat="34.21953" lon="-118.02592">
        <ele>866.39</ele>
        <time>2026-05-02T21:24:19Z</time>
      </trkpt>
      <trkpt lat="34.21957" lon="-118.02591">
        <ele>867.62</ele>
        <time>2026-05-02T21:24:23Z</time>
      </trkpt>
      <trkpt lat="34.2196" lon="-118.02591">
        <ele>868.16</ele>
        <time>2026-05-02T21:24:27Z</time>
      </trkpt>
      <trkpt lat="34.21964" lon="-118.02591">
        <ele>868.8</ele>
        <time>2026-05-02T21:24:31Z</time>
      </trkpt>
      <trkpt lat="34.21967" lon="-118.02589">
        <ele>869.99</ele>
        <time>2026-05-02T21:24:35Z</time>
      </trkpt>
      <trkpt lat="34.2197" lon="-118.02588">
        <ele>870.74</ele>
        <time>2026-05-02T21:24:39Z</time>
      </trkpt>
      <trkpt lat="34.21974" lon="-118.02587">
        <ele>871.49</ele>
        <time>2026-05-02T21:24:44Z</time>
      </trkpt>
      <trkpt lat="34.21977" lon="-118.02585">
        <ele>872.37</ele>
        <time>2026-05-02T21:24:49Z</time>
      </trkpt>
      <trkpt lat="34.21979" lon="-118.02582">
        <ele>873.72</ele>
        <time>2026-05-02T21:25:02Z</time>
      </trkpt>
      <trkpt lat="34.21983" lon="-118.02581">
        <ele>874.34</ele>
        <time>2026-05-02T21:25:06Z</time>
      </trkpt>
      <trkpt lat="34.21987" lon="-118.0258">
        <ele>874.97</ele>
        <time>2026-05-02T21:25:10Z</time>
      </trkpt>
      <trkpt lat="34.2199" lon="-118.0258">
        <ele>875.06</ele>
        <time>2026-05-02T21:25:14Z</time>
      </trkpt>
      <trkpt lat="34.21993" lon="-118.02583">
        <ele>874.34</ele>
        <time>2026-05-02T21:25:17Z</time>
      </trkpt>
      <trkpt lat="34.21996" lon="-118.02587">
        <ele>873.78</ele>
        <time>2026-05-02T21:25:20Z</time>
      </trkpt>
      <trkpt lat="34.21997" lon="-118.02591">
        <ele>873.02</ele>
        <time>2026-05-02T21:25:23Z</time>
      </trkpt>
      <trkpt lat="34.21997" lon="-118.02595">
        <ele>872.33</ele>
        <time>2026-05-02T21:25:26Z</time>
      </trkpt>
      <trkpt lat="34.21994" lon="-118.02599">
        <ele>871.21</ele>
        <time>2026-05-02T21:25:29Z</time>
      </trkpt>
      <trkpt lat="34.21994" lon="-118.02603">
        <ele>870.62</ele>
        <time>2026-05-02T21:25:32Z</time>
      </trkpt>
      <trkpt lat="34.21994" lon="-118.02608">
        <ele>870.27</ele>
        <time>2026-05-02T21:25:37Z</time>
      </trkpt>
      <trkpt lat="34.21995" lon="-118.02612">
        <ele>870.39</ele>
        <time>2026-05-02T21:25:42Z</time>
      </trkpt>
      <trkpt lat="34.21995" lon="-118.02617">
        <ele>870.43</ele>
        <time>2026-05-02T21:25:47Z</time>
      </trkpt>
      <trkpt lat="34.21997" lon="-118.02621">
        <ele>870.68</ele>
        <time>2026-05-02T21:25:52Z</time>
      </trkpt>
      <trkpt lat="34.21999" lon="-118.02624">
        <ele>870.89</ele>
        <time>2026-05-02T21:25:57Z</time>
      </trkpt>
      <trkpt lat="34.22" lon="-118.02628">
        <ele>871.0</ele>
        <time>2026-05-02T21:26:02Z</time>
      </trkpt>
      <trkpt lat="34.22002" lon="-118.02625">
        <ele>871.76</ele>
        <time>2026-05-02T21:26:11Z</time>
      </trkpt>
      <trkpt lat="34.22002" lon="-118.02621">
        <ele>871.85</ele>
        <time>2026-05-02T21:26:15Z</time>
      </trkpt>
      <trkpt lat="34.22002" lon="-118.02617">
        <ele>872.15</ele>
        <time>2026-05-02T21:26:18Z</time>
      </trkpt>
      <trkpt lat="34.22003" lon="-118.02613">
        <ele>872.83</ele>
        <time>2026-05-02T21:26:21Z</time>
      </trkpt>
      <trkpt lat="34.22003" lon="-118.02608">
        <ele>872.97</ele>
        <time>2026-05-02T21:26:25Z</time>
      </trkpt>
      <trkpt lat="34.22003" lon="-118.02604">
        <ele>872.97</ele>
        <time>2026-05-02T21:26:29Z</time>
      </trkpt>
      <trkpt lat="34.22003" lon="-118.026">
        <ele>873.11</ele>
        <time>2026-05-02T21:26:33Z</time>
      </trkpt>
      <trkpt lat="34.22004" lon="-118.02604">
        <ele>873.3</ele>
        <time>2026-05-02T21:26:43Z</time>
      </trkpt>
      <trkpt lat="34.22004" lon="-118.0261">
        <ele>873.3</ele>
        <time>2026-05-02T21:26:47Z</time>
      </trkpt>
      <trkpt lat="34.22004" lon="-118.02614">
        <ele>873.12</ele>
        <time>2026-05-02T21:26:50Z</time>
      </trkpt>
      <trkpt lat="34.22004" lon="-118.02619">
        <ele>872.81</ele>
        <time>2026-05-02T21:26:54Z</time>
      </trkpt>
      <trkpt lat="34.22004" lon="-118.02623">
        <ele>872.61</ele>
        <time>2026-05-02T21:26:58Z</time>
      </trkpt>
      <trkpt lat="34.22004" lon="-118.02627">
        <ele>872.42</ele>
        <time>2026-05-02T21:27:03Z</time>
      </trkpt>
      <trkpt lat="34.22004" lon="-118.02632">
        <ele>872.3</ele>
        <time>2026-05-02T21:27:08Z</time>
      </trkpt>
      <trkpt lat="34.22004" lon="-118.02636">
        <ele>872.3</ele>
        <time>2026-05-02T21:27:13Z</time>
      </trkpt>
      <trkpt lat="34.22005" lon="-118.0264">
        <ele>872.61</ele>
        <time>2026-05-02T21:27:17Z</time>
      </trkpt>
      <trkpt lat="34.22006" lon="-118.02645">
        <ele>872.75</ele>
        <time>2026-05-02T21:27:22Z</time>
      </trkpt>
      <trkpt lat="34.22006" lon="-118.02648">
        <ele>872.65</ele>
        <time>2026-05-02T21:27:27Z</time>
      </trkpt>
      <trkpt lat="34.22007" lon="-118.02652">
        <ele>872.86</ele>
        <time>2026-05-02T21:27:33Z</time>
      </trkpt>
      <trkpt lat="34.22011" lon="-118.02654">
        <ele>873.82</ele>
        <time>2026-05-02T21:27:36Z</time>
      </trkpt>
      <trkpt lat="34.22013" lon="-118.02657">
        <ele>874.63</ele>
        <time>2026-05-02T21:27:41Z</time>
      </trkpt>
      <trkpt lat="34.22014" lon="-118.02661">
        <ele>874.65</ele>
        <time>2026-05-02T21:27:47Z</time>
      </trkpt>
      <trkpt lat="34.22015" lon="-118.02665">
        <ele>874.46</ele>
        <time>2026-05-02T21:27:52Z</time>
      </trkpt>
      <trkpt lat="34.22016" lon="-118.02669">
        <ele>874.34</ele>
        <time>2026-05-02T21:27:57Z</time>
      </trkpt>
      <trkpt lat="34.22018" lon="-118.02672">
        <ele>874.38</ele>
        <time>2026-05-02T21:28:02Z</time>
      </trkpt>
      <trkpt lat="34.22021" lon="-118.02675">
        <ele>874.93</ele>
        <time>2026-05-02T21:28:06Z</time>
      </trkpt>
      <trkpt lat="34.22023" lon="-118.02677">
        <ele>875.46</ele>
        <time>2026-05-02T21:28:10Z</time>
      </trkpt>
      <trkpt lat="34.22025" lon="-118.02681">
        <ele>875.88</ele>
        <time>2026-05-02T21:28:15Z</time>
      </trkpt>
      <trkpt lat="34.22022" lon="-118.02683">
        <ele>875.32</ele>
        <time>2026-05-02T21:28:18Z</time>
      </trkpt>
      <trkpt lat="34.22019" lon="-118.02685">
        <ele>875.03</ele>
        <time>2026-05-02T21:28:21Z</time>
      </trkpt>
      <trkpt lat="34.22016" lon="-118.02686">
        <ele>875.02</ele>
        <time>2026-05-02T21:28:24Z</time>
      </trkpt>
      <trkpt lat="34.22013" lon="-118.02689">
        <ele>875.25</ele>
        <time>2026-05-02T21:28:28Z</time>
      </trkpt>
      <trkpt lat="34.22013" lon="-118.02693">
        <ele>875.5</ele>
        <time>2026-05-02T21:28:33Z</time>
      </trkpt>
      <trkpt lat="34.22015" lon="-118.02697">
        <ele>875.76</ele>
        <time>2026-05-02T21:28:38Z</time>
      </trkpt>
      <trkpt lat="34.22017" lon="-118.02701">
        <ele>875.99</ele>
        <time>2026-05-02T21:28:42Z</time>
      </trkpt>
      <trkpt lat="34.22019" lon="-118.02705">
        <ele>876.13</ele>
        <time>2026-05-02T21:28:47Z</time>
      </trkpt>
      <trkpt lat="34.22021" lon="-118.02708">
        <ele>876.34</ele>
        <time>2026-05-02T21:28:52Z</time>
      </trkpt>
      <trkpt lat="34.22023" lon="-118.02712">
        <ele>876.46</ele>
        <time>2026-05-02T21:28:57Z</time>
      </trkpt>
      <trkpt lat="34.22025" lon="-118.02716">
        <ele>876.63</ele>
        <time>2026-05-02T21:29:02Z</time>
      </trkpt>
      <trkpt lat="34.22027" lon="-118.0272">
        <ele>876.84</ele>
        <time>2026-05-02T21:29:07Z</time>
      </trkpt>
      <trkpt lat="34.2203" lon="-118.02723">
        <ele>877.0</ele>
        <time>2026-05-02T21:29:12Z</time>
      </trkpt>
      <trkpt lat="34.22032" lon="-118.02726">
        <ele>877.0</ele>
        <time>2026-05-02T21:29:16Z</time>
      </trkpt>
      <trkpt lat="34.22034" lon="-118.02729">
        <ele>877.0</ele>
        <time>2026-05-02T21:29:21Z</time>
      </trkpt>
      <trkpt lat="34.22036" lon="-118.02725">
        <ele>877.0</ele>
        <time>2026-05-02T21:29:25Z</time>
      </trkpt>
      <trkpt lat="34.22038" lon="-118.02722">
        <ele>877.34</ele>
        <time>2026-05-02T21:29:30Z</time>
      </trkpt>
      <trkpt lat="34.22044" lon="-118.02723">
        <ele>879.13</ele>
        <time>2026-05-02T21:29:34Z</time>
      </trkpt>
      <trkpt lat="34.22049" lon="-118.02725">
        <ele>881.15</ele>
        <time>2026-05-02T21:29:36Z</time>
      </trkpt>
      <trkpt lat="34.22052" lon="-118.02726">
        <ele>882.88</ele>
        <time>2026-05-02T21:29:38Z</time>
      </trkpt>
      <trkpt lat="34.22054" lon="-118.0273">
        <ele>883.31</ele>
        <time>2026-05-02T21:29:42Z</time>
      </trkpt>
      <trkpt lat="34.22052" lon="-118.02733">
        <ele>881.59</ele>
        <time>2026-05-02T21:29:45Z</time>
      </trkpt>
      <trkpt lat="34.2205" lon="-118.02736">
        <ele>880.2</ele>
        <time>2026-05-02T21:29:48Z</time>
      </trkpt>
      <trkpt lat="34.22047" lon="-118.02739">
        <ele>878.39</ele>
        <time>2026-05-02T21:29:52Z</time>
      </trkpt>
      <trkpt lat="34.22045" lon="-118.02743">
        <ele>878.21</ele>
        <time>2026-05-02T21:29:57Z</time>
      </trkpt>
      <trkpt lat="34.22044" lon="-118.02747">
        <ele>878.51</ele>
        <time>2026-05-02T21:30:02Z</time>
      </trkpt>
      <trkpt lat="34.22043" lon="-118.02751">
        <ele>878.86</ele>
        <time>2026-05-02T21:30:07Z</time>
      </trkpt>
      <trkpt lat="34.22042" lon="-118.02755">
        <ele>879.62</ele>
        <time>2026-05-02T21:30:12Z</time>
      </trkpt>
      <trkpt lat="34.22041" lon="-118.02759">
        <ele>880.37</ele>
        <time>2026-05-02T21:30:17Z</time>
      </trkpt>
      <trkpt lat="34.2204" lon="-118.02764">
        <ele>880.83</ele>
        <time>2026-05-02T21:30:22Z</time>
      </trkpt>
      <trkpt lat="34.2204" lon="-118.02768">
        <ele>881.26</ele>
        <time>2026-05-02T21:30:27Z</time>
      </trkpt>
      <trkpt lat="34.2204" lon="-118.02772">
        <ele>881.58</ele>
        <time>2026-05-02T21:30:32Z</time>
      </trkpt>
      <trkpt lat="34.22041" lon="-118.02777">
        <ele>881.95</ele>
        <time>2026-05-02T21:30:37Z</time>
      </trkpt>
      <trkpt lat="34.22041" lon="-118.02781">
        <ele>882.55</ele>
        <time>2026-05-02T21:30:42Z</time>
      </trkpt>
      <trkpt lat="34.22042" lon="-118.02785">
        <ele>883.14</ele>
        <time>2026-05-02T21:30:47Z</time>
      </trkpt>
      <trkpt lat="34.22043" lon="-118.0279">
        <ele>883.47</ele>
        <time>2026-05-02T21:30:52Z</time>
      </trkpt>
      <trkpt lat="34.22045" lon="-118.02793">
        <ele>883.23</ele>
        <time>2026-05-02T21:30:56Z</time>
      </trkpt>
      <trkpt lat="34.22048" lon="-118.02796">
        <ele>883.55</ele>
        <time>2026-05-02T21:30:59Z</time>
      </trkpt>
      <trkpt lat="34.22051" lon="-118.02798">
        <ele>884.61</ele>
        <time>2026-05-02T21:31:02Z</time>
      </trkpt>
      <trkpt lat="34.22054" lon="-118.02802">
        <ele>885.6</ele>
        <time>2026-05-02T21:31:06Z</time>
      </trkpt>
      <trkpt lat="34.22055" lon="-118.02806">
        <ele>885.88</ele>
        <time>2026-05-02T21:31:10Z</time>
      </trkpt>
      <trkpt lat="34.22056" lon="-118.0281">
        <ele>886.14</ele>
        <time>2026-05-02T21:31:14Z</time>
      </trkpt>
      <trkpt lat="34.22056" lon="-118.02814">
        <ele>886.14</ele>
        <time>2026-05-02T21:31:18Z</time>
      </trkpt>
      <trkpt lat="34.22055" lon="-118.02818">
        <ele>885.98</ele>
        <time>2026-05-02T21:31:22Z</time>
      </trkpt>
      <trkpt lat="34.22054" lon="-118.02822">
        <ele>886.09</ele>
        <time>2026-05-02T21:31:26Z</time>
      </trkpt>
      <trkpt lat="34.22054" lon="-118.02827">
        <ele>886.59</ele>
        <time>2026-05-02T21:31:29Z</time>
      </trkpt>
      <trkpt lat="34.22054" lon="-118.02833">
        <ele>887.46</ele>
        <time>2026-05-02T21:31:31Z</time>
      </trkpt>
      <trkpt lat="34.22054" lon="-118.02837">
        <ele>888.03</ele>
        <time>2026-05-02T21:31:33Z</time>
      </trkpt>
      <trkpt lat="34.22054" lon="-118.02842">
        <ele>888.75</ele>
        <time>2026-05-02T21:31:37Z</time>
      </trkpt>
      <trkpt lat="34.22056" lon="-118.02845">
        <ele>888.25</ele>
        <time>2026-05-02T21:31:49Z</time>
      </trkpt>
      <trkpt lat="34.22058" lon="-118.02848">
        <ele>888.43</ele>
        <time>2026-05-02T21:31:58Z</time>
      </trkpt>
      <trkpt lat="34.22059" lon="-118.02852">
        <ele>888.65</ele>
        <time>2026-05-02T21:32:04Z</time>
      </trkpt>
      <trkpt lat="34.2206" lon="-118.02855">
        <ele>889.04</ele>
        <time>2026-05-02T21:32:10Z</time>
      </trkpt>
      <trkpt lat="34.22062" lon="-118.02859">
        <ele>889.31</ele>
        <time>2026-05-02T21:32:15Z</time>
      </trkpt>
      <trkpt lat="34.22063" lon="-118.02863">
        <ele>889.64</ele>
        <time>2026-05-02T21:32:20Z</time>
      </trkpt>
      <trkpt lat="34.22065" lon="-118.02866">
        <ele>889.54</ele>
        <time>2026-05-02T21:32:24Z</time>
      </trkpt>
      <trkpt lat="34.22066" lon="-118.0287">
        <ele>889.97</ele>
        <time>2026-05-02T21:32:28Z</time>
      </trkpt>
      <trkpt lat="34.2207" lon="-118.02873">
        <ele>890.28</ele>
        <time>2026-05-02T21:32:32Z</time>
      </trkpt>
      <trkpt lat="34.22073" lon="-118.02875">
        <ele>890.5</ele>
        <time>2026-05-02T21:32:34Z</time>
      </trkpt>
      <trkpt lat="34.22076" lon="-118.02878">
        <ele>891.48</ele>
        <time>2026-05-02T21:32:37Z</time>
      </trkpt>
      <trkpt lat="34.22079" lon="-118.02881">
        <ele>892.74</ele>
        <time>2026-05-02T21:32:41Z</time>
      </trkpt>
      <trkpt lat="34.2208" lon="-118.02885">
        <ele>893.5</ele>
        <time>2026-05-02T21:32:45Z</time>
      </trkpt>
      <trkpt lat="34.22081" lon="-118.02889">
        <ele>894.26</ele>
        <time>2026-05-02T21:32:49Z</time>
      </trkpt>
      <trkpt lat="34.22082" lon="-118.02894">
        <ele>895.12</ele>
        <time>2026-05-02T21:32:53Z</time>
      </trkpt>
      <trkpt lat="34.22082" lon="-118.02898">
        <ele>895.55</ele>
        <time>2026-05-02T21:32:57Z</time>
      </trkpt>
      <trkpt lat="34.22082" lon="-118.02902">
        <ele>895.63</ele>
        <time>2026-05-02T21:33:01Z</time>
      </trkpt>
      <trkpt lat="34.22082" lon="-118.02907">
        <ele>895.71</ele>
        <time>2026-05-02T21:33:05Z</time>
      </trkpt>
      <trkpt lat="34.22078" lon="-118.0291">
        <ele>895.17</ele>
        <time>2026-05-02T21:33:08Z</time>
      </trkpt>
      <trkpt lat="34.22074" lon="-118.02913">
        <ele>895.25</ele>
        <time>2026-05-02T21:33:10Z</time>
      </trkpt>
      <trkpt lat="34.22071" lon="-118.02915">
        <ele>897.3</ele>
        <time>2026-05-02T21:33:12Z</time>
      </trkpt>
      <trkpt lat="34.2207" lon="-118.0292">
        <ele>899.08</ele>
        <time>2026-05-02T21:33:14Z</time>
      </trkpt>
      <trkpt lat="34.22069" lon="-118.02924">
        <ele>900.76</ele>
        <time>2026-05-02T21:33:16Z</time>
      </trkpt>
      <trkpt lat="34.22067" lon="-118.02928">
        <ele>902.86</ele>
        <time>2026-05-02T21:33:19Z</time>
      </trkpt>
      <trkpt lat="34.22067" lon="-118.02932">
        <ele>903.39</ele>
        <time>2026-05-02T21:33:22Z</time>
      </trkpt>
      <trkpt lat="34.22066" lon="-118.02936">
        <ele>904.54</ele>
        <time>2026-05-02T21:33:27Z</time>
      </trkpt>
      <trkpt lat="34.22066" lon="-118.02941">
        <ele>905.62</ele>
        <time>2026-05-02T21:33:33Z</time>
      </trkpt>
      <trkpt lat="34.22066" lon="-118.02945">
        <ele>906.42</ele>
        <time>2026-05-02T21:33:38Z</time>
      </trkpt>
      <trkpt lat="34.22067" lon="-118.02949">
        <ele>906.31</ele>
        <time>2026-05-02T21:33:43Z</time>
      </trkpt>
      <trkpt lat="34.22068" lon="-118.02953">
        <ele>906.2</ele>
        <time>2026-05-02T21:33:47Z</time>
      </trkpt>
      <trkpt lat="34.22069" lon="-118.02958">
        <ele>906.46</ele>
        <time>2026-05-02T21:33:52Z</time>
      </trkpt>
      <trkpt lat="34.2207" lon="-118.02961">
        <ele>906.33</ele>
        <time>2026-05-02T21:33:56Z</time>
      </trkpt>
      <trkpt lat="34.22071" lon="-118.02965">
        <ele>906.36</ele>
        <time>2026-05-02T21:34:00Z</time>
      </trkpt>
      <trkpt lat="34.22072" lon="-118.02969">
        <ele>906.5</ele>
        <time>2026-05-02T21:34:04Z</time>
      </trkpt>
      <trkpt lat="34.22072" lon="-118.02972">
        <ele>907.08</ele>
        <time>2026-05-02T21:34:08Z</time>
      </trkpt>
      <trkpt lat="34.22072" lon="-118.02977">
        <ele>908.95</ele>
        <time>2026-05-02T21:34:13Z</time>
      </trkpt>
      <trkpt lat="34.22073" lon="-118.02981">
        <ele>910.15</ele>
        <time>2026-05-02T21:34:18Z</time>
      </trkpt>
      <trkpt lat="34.22075" lon="-118.02984">
        <ele>910.42</ele>
        <time>2026-05-02T21:34:22Z</time>
      </trkpt>
      <trkpt lat="34.22079" lon="-118.02985">
        <ele>909.01</ele>
        <time>2026-05-02T21:34:24Z</time>
      </trkpt>
      <trkpt lat="34.22084" lon="-118.02987">
        <ele>907.57</ele>
        <time>2026-05-02T21:34:26Z</time>
      </trkpt>
      <trkpt lat="34.22087" lon="-118.02989">
        <ele>907.25</ele>
        <time>2026-05-02T21:34:29Z</time>
      </trkpt>
      <trkpt lat="34.22089" lon="-118.02993">
        <ele>907.99</ele>
        <time>2026-05-02T21:34:33Z</time>
      </trkpt>
      <trkpt lat="34.22089" lon="-118.02997">
        <ele>909.45</ele>
        <time>2026-05-02T21:34:38Z</time>
      </trkpt>
      <trkpt lat="34.22089" lon="-118.03001">
        <ele>910.94</ele>
        <time>2026-05-02T21:34:42Z</time>
      </trkpt>
      <trkpt lat="34.22089" lon="-118.03005">
        <ele>912.5</ele>
        <time>2026-05-02T21:34:46Z</time>
      </trkpt>
      <trkpt lat="34.22089" lon="-118.03009">
        <ele>914.06</ele>
        <time>2026-05-02T21:34:50Z</time>
      </trkpt>
      <trkpt lat="34.22088" lon="-118.03013">
        <ele>915.7</ele>
        <time>2026-05-02T21:34:54Z</time>
      </trkpt>
      <trkpt lat="34.22088" lon="-118.03018">
        <ele>917.32</ele>
        <time>2026-05-02T21:34:58Z</time>
      </trkpt>
      <trkpt lat="34.22088" lon="-118.03022">
        <ele>918.24</ele>
        <time>2026-05-02T21:35:02Z</time>
      </trkpt>
      <trkpt lat="34.22087" lon="-118.03026">
        <ele>919.43</ele>
        <time>2026-05-02T21:35:06Z</time>
      </trkpt>
      <trkpt lat="34.22086" lon="-118.03031">
        <ele>920.48</ele>
        <time>2026-05-02T21:35:10Z</time>
      </trkpt>
      <trkpt lat="34.22086" lon="-118.03035">
        <ele>920.92</ele>
        <time>2026-05-02T21:35:14Z</time>
      </trkpt>
      <trkpt lat="34.22085" lon="-118.03039">
        <ele>921.85</ele>
        <time>2026-05-02T21:35:18Z</time>
      </trkpt>
      <trkpt lat="34.22084" lon="-118.03043">
        <ele>923.03</ele>
        <time>2026-05-02T21:35:22Z</time>
      </trkpt>
      <trkpt lat="34.22084" lon="-118.03047">
        <ele>923.79</ele>
        <time>2026-05-02T21:35:26Z</time>
      </trkpt>
      <trkpt lat="34.22084" lon="-118.03051">
        <ele>924.26</ele>
        <time>2026-05-02T21:35:30Z</time>
      </trkpt>
      <trkpt lat="34.22084" lon="-118.03055">
        <ele>924.72</ele>
        <time>2026-05-02T21:35:34Z</time>
      </trkpt>
      <trkpt lat="34.22084" lon="-118.03059">
        <ele>925.16</ele>
        <time>2026-05-02T21:35:38Z</time>
      </trkpt>
      <trkpt lat="34.22084" lon="-118.03063">
        <ele>925.59</ele>
        <time>2026-05-02T21:35:42Z</time>
      </trkpt>
      <trkpt lat="34.22083" lon="-118.03067">
        <ele>926.57</ele>
        <time>2026-05-02T21:35:46Z</time>
      </trkpt>
      <trkpt lat="34.22083" lon="-118.03071">
        <ele>927.42</ele>
        <time>2026-05-02T21:35:50Z</time>
      </trkpt>
      <trkpt lat="34.22083" lon="-118.03075">
        <ele>928.27</ele>
        <time>2026-05-02T21:35:54Z</time>
      </trkpt>
      <trkpt lat="34.22083" lon="-118.0308">
        <ele>929.35</ele>
        <time>2026-05-02T21:35:59Z</time>
      </trkpt>
      <trkpt lat="34.22082" lon="-118.03085">
        <ele>930.8</ele>
        <time>2026-05-02T21:36:04Z</time>
      </trkpt>
      <trkpt lat="34.22081" lon="-118.03089">
        <ele>932.19</ele>
        <time>2026-05-02T21:36:08Z</time>
      </trkpt>
      <trkpt lat="34.22082" lon="-118.03093">
        <ele>933.31</ele>
        <time>2026-05-02T21:36:13Z</time>
      </trkpt>
      <trkpt lat="34.22082" lon="-118.03098">
        <ele>935.4</ele>
        <time>2026-05-02T21:36:18Z</time>
      </trkpt>
      <trkpt lat="34.22083" lon="-118.03103">
        <ele>937.49</ele>
        <time>2026-05-02T21:36:23Z</time>
      </trkpt>
      <trkpt lat="34.22083" lon="-118.03106">
        <ele>938.78</ele>
        <time>2026-05-02T21:36:27Z</time>
      </trkpt>
      <trkpt lat="34.22085" lon="-118.0311">
        <ele>939.98</ele>
        <time>2026-05-02T21:36:31Z</time>
      </trkpt>
      <trkpt lat="34.22088" lon="-118.03112">
        <ele>939.73</ele>
        <time>2026-05-02T21:36:33Z</time>
      </trkpt>
      <trkpt lat="34.22092" lon="-118.03114">
        <ele>939.11</ele>
        <time>2026-05-02T21:36:36Z</time>
      </trkpt>
      <trkpt lat="34.22094" lon="-118.03117">
        <ele>939.15</ele>
        <time>2026-05-02T21:36:39Z</time>
      </trkpt>
      <trkpt lat="34.22096" lon="-118.03121">
        <ele>939.25</ele>
        <time>2026-05-02T21:36:43Z</time>
      </trkpt>
      <trkpt lat="34.22098" lon="-118.03124">
        <ele>938.7</ele>
        <time>2026-05-02T21:36:47Z</time>
      </trkpt>
      <trkpt lat="34.221" lon="-118.03128">
        <ele>938.48</ele>
        <time>2026-05-02T21:36:51Z</time>
      </trkpt>
      <trkpt lat="34.22102" lon="-118.03132">
        <ele>938.42</ele>
        <time>2026-05-02T21:36:55Z</time>
      </trkpt>
      <trkpt lat="34.22103" lon="-118.03135">
        <ele>938.42</ele>
        <time>2026-05-02T21:36:59Z</time>
      </trkpt>
      <trkpt lat="34.22105" lon="-118.03139">
        <ele>937.99</ele>
        <time>2026-05-02T21:37:03Z</time>
      </trkpt>
      <trkpt lat="34.22107" lon="-118.03142">
        <ele>937.49</ele>
        <time>2026-05-02T21:37:07Z</time>
      </trkpt>
      <trkpt lat="34.22109" lon="-118.03146">
        <ele>937.08</ele>
        <time>2026-05-02T21:37:11Z</time>
      </trkpt>
      <trkpt lat="34.22112" lon="-118.03146">
        <ele>934.96</ele>
        <time>2026-05-02T21:37:20Z</time>
      </trkpt>
      <trkpt lat="34.22113" lon="-118.03146">
        <ele>934.31</ele>
        <time>2026-05-02T21:37:29Z</time>
      </trkpt>
      <trkpt lat="34.2211" lon="-118.03145">
        <ele>936.12</ele>
        <time>2026-05-02T21:37:59Z</time>
      </trkpt>
      <trkpt lat="34.22112" lon="-118.03143">
        <ele>934.31</ele>
        <time>2026-05-02T21:40:27Z</time>
      </trkpt>
      <trkpt lat="34.22112" lon="-118.03141">
        <ele>933.88</ele>
        <time>2026-05-02T21:41:05Z</time>
      </trkpt>
      <trkpt lat="34.22112" lon="-118.03141">
        <ele>933.88</ele>
        <time>2026-05-02T21:41:10Z</time>
      </trkpt>
      <trkpt lat="34.2211" lon="-118.03141">
        <ele>935.2</ele>
        <time>2026-05-02T21:43:56Z</time>
      </trkpt>
      <trkpt lat="34.22112" lon="-118.03138">
        <ele>933.23</ele>
        <time>2026-05-02T21:47:12Z</time>
      </trkpt>
      <trkpt lat="34.22118" lon="-118.0314">
        <ele>929.78</ele>
        <time>2026-05-02T21:59:05Z</time>
      </trkpt>
    </trkseg>
  </trk>
</gpx>
