<?xml version="1.0"?>
<gpx xmlns="http://www.topografix.com/GPX/1/1" xmlns:xsi="http://www.w3.org/2001/XMLSchema-instance" version="1.1" creator="AllTrails.com" xsi:schemaLocation="http://www.topografix.com/GPX/1/1 http://www.topografix.com/GPX/1/1/gpx.xsd">
  <metadata>
    <name><![CDATA[Morning hike at Sturtevant Falls Trail]]></name>
    <desc><![CDATA[]]></desc>
    <link href="http://www.alltrails.com">
      <text>AllTrails, LLC</text>
    </link>
    <bounds minlat="34.19408" minlon="-118.02264" maxlat="34.21188" maxlon="-118.0176"/>
  </metadata>
  <trk>
    <name><![CDATA[Morning hike at Sturtevant Falls Trail]]></name>
    <src>AllTrails</src>
    <trkseg>
      <trkpt lat="34.19522" lon="-118.02232">
        <ele>652.38</ele>
        <time>2025-10-18T16:17:30Z</time>
      </trkpt>
      <trkpt lat="34.19524" lon="-118.02234">
        <ele>652.52</ele>
        <time>2025-10-18T16:17:33Z</time>
      </trkpt>
      <trkpt lat="34.19527" lon="-118.02236">
        <ele>652.59</ele>
        <time>2025-10-18T16:17:37Z</time>
      </trkpt>
      <trkpt lat="34.1953" lon="-118.02239">
        <ele>653.2</ele>
        <time>2025-10-18T16:17:41Z</time>
      </trkpt>
      <trkpt lat="34.19534" lon="-118.02242">
        <ele>653.6</ele>
        <time>2025-10-18T16:17:45Z</time>
      </trkpt>
      <trkpt lat="34.19538" lon="-118.02243">
        <ele>653.41</ele>
        <time>2025-10-18T16:17:49Z</time>
      </trkpt>
      <trkpt lat="34.19541" lon="-118.02243">
        <ele>653.16</ele>
        <time>2025-10-18T16:17:52Z</time>
      </trkpt>
      <trkpt lat="34.19545" lon="-118.02243">
        <ele>652.84</ele>
        <time>2025-10-18T16:17:55Z</time>
      </trkpt>
      <trkpt lat="34.19548" lon="-118.02243">
        <ele>652.87</ele>
        <time>2025-10-18T16:17:58Z</time>
      </trkpt>
      <trkpt lat="34.19551" lon="-118.0224">
        <ele>652.31</ele>
        <time>2025-10-18T16:18:01Z</time>
      </trkpt>
      <trkpt lat="34.19554" lon="-118.02238">
        <ele>651.99</ele>
        <time>2025-10-18T16:18:03Z</time>
      </trkpt>
      <trkpt lat="34.19556" lon="-118.02236">
        <ele>651.49</ele>
        <time>2025-10-18T16:18:05Z</time>
      </trkpt>
      <trkpt lat="34.19559" lon="-118.02234">
        <ele>651.09</ele>
        <time>2025-10-18T16:18:08Z</time>
      </trkpt>
      <trkpt lat="34.19562" lon="-118.02231">
        <ele>650.54</ele>
        <time>2025-10-18T16:18:11Z</time>
      </trkpt>
      <trkpt lat="34.19565" lon="-118.02228">
        <ele>649.88</ele>
        <time>2025-10-18T16:18:14Z</time>
      </trkpt>
      <trkpt lat="34.19568" lon="-118.02225">
        <ele>649.14</ele>
        <time>2025-10-18T16:18:17Z</time>
      </trkpt>
      <trkpt lat="34.1957" lon="-118.02222">
        <ele>648.45</ele>
        <time>2025-10-18T16:18:20Z</time>
      </trkpt>
      <trkpt lat="34.19573" lon="-118.0222">
        <ele>647.9</ele>
        <time>2025-10-18T16:18:23Z</time>
      </trkpt>
      <trkpt lat="34.19576" lon="-118.02219">
        <ele>647.46</ele>
        <time>2025-10-18T16:18:26Z</time>
      </trkpt>
      <trkpt lat="34.19579" lon="-118.0222">
        <ele>647.78</ele>
        <time>2025-10-18T16:18:29Z</time>
      </trkpt>
      <trkpt lat="34.19582" lon="-118.02222">
        <ele>648.86</ele>
        <time>2025-10-18T16:18:32Z</time>
      </trkpt>
      <trkpt lat="34.19585" lon="-118.02223">
        <ele>649.0</ele>
        <time>2025-10-18T16:18:35Z</time>
      </trkpt>
      <trkpt lat="34.19588" lon="-118.02224">
        <ele>648.98</ele>
        <time>2025-10-18T16:18:38Z</time>
      </trkpt>
      <trkpt lat="34.19592" lon="-118.02224">
        <ele>648.63</ele>
        <time>2025-10-18T16:18:41Z</time>
      </trkpt>
      <trkpt lat="34.19595" lon="-118.02223">
        <ele>647.97</ele>
        <time>2025-10-18T16:18:44Z</time>
      </trkpt>
      <trkpt lat="34.19598" lon="-118.02222">
        <ele>647.24</ele>
        <time>2025-10-18T16:18:47Z</time>
      </trkpt>
      <trkpt lat="34.19601" lon="-118.02221">
        <ele>646.06</ele>
        <time>2025-10-18T16:18:49Z</time>
      </trkpt>
      <trkpt lat="34.19604" lon="-118.0222">
        <ele>644.61</ele>
        <time>2025-10-18T16:18:51Z</time>
      </trkpt>
      <trkpt lat="34.19607" lon="-118.02218">
        <ele>642.7</ele>
        <time>2025-10-18T16:18:54Z</time>
      </trkpt>
      <trkpt lat="34.19611" lon="-118.02215">
        <ele>640.88</ele>
        <time>2025-10-18T16:18:57Z</time>
      </trkpt>
      <trkpt lat="34.19614" lon="-118.02213">
        <ele>640.33</ele>
        <time>2025-10-18T16:19:00Z</time>
      </trkpt>
      <trkpt lat="34.19617" lon="-118.02211">
        <ele>639.71</ele>
        <time>2025-10-18T16:19:03Z</time>
      </trkpt>
      <trkpt lat="34.1962" lon="-118.02209">
        <ele>639.23</ele>
        <time>2025-10-18T16:19:06Z</time>
      </trkpt>
      <trkpt lat="34.19624" lon="-118.02207">
        <ele>639.07</ele>
        <time>2025-10-18T16:19:09Z</time>
      </trkpt>
      <trkpt lat="34.19627" lon="-118.02205">
        <ele>638.89</ele>
        <time>2025-10-18T16:19:12Z</time>
      </trkpt>
      <trkpt lat="34.19631" lon="-118.02203">
        <ele>638.86</ele>
        <time>2025-10-18T16:19:15Z</time>
      </trkpt>
      <trkpt lat="34.19634" lon="-118.022">
        <ele>638.06</ele>
        <time>2025-10-18T16:19:18Z</time>
      </trkpt>
      <trkpt lat="34.19637" lon="-118.02198">
        <ele>637.82</ele>
        <time>2025-10-18T16:19:21Z</time>
      </trkpt>
      <trkpt lat="34.19641" lon="-118.02196">
        <ele>637.73</ele>
        <time>2025-10-18T16:19:24Z</time>
      </trkpt>
      <trkpt lat="34.19644" lon="-118.02194">
        <ele>637.24</ele>
        <time>2025-10-18T16:19:27Z</time>
      </trkpt>
      <trkpt lat="34.19647" lon="-118.02191">
        <ele>635.6</ele>
        <time>2025-10-18T16:19:30Z</time>
      </trkpt>
      <trkpt lat="34.19651" lon="-118.02189">
        <ele>634.65</ele>
        <time>2025-10-18T16:19:33Z</time>
      </trkpt>
      <trkpt lat="34.19654" lon="-118.02187">
        <ele>633.68</ele>
        <time>2025-10-18T16:19:36Z</time>
      </trkpt>
      <trkpt lat="34.19658" lon="-118.02186">
        <ele>633.43</ele>
        <time>2025-10-18T16:19:39Z</time>
      </trkpt>
      <trkpt lat="34.19661" lon="-118.02185">
        <ele>632.84</ele>
        <time>2025-10-18T16:19:42Z</time>
      </trkpt>
      <trkpt lat="34.19665" lon="-118.02187">
        <ele>633.82</ele>
        <time>2025-10-18T16:19:45Z</time>
      </trkpt>
      <trkpt lat="34.19668" lon="-118.02189">
        <ele>634.07</ele>
        <time>2025-10-18T16:19:47Z</time>
      </trkpt>
      <trkpt lat="34.1967" lon="-118.0219">
        <ele>633.64</ele>
        <time>2025-10-18T16:19:49Z</time>
      </trkpt>
      <trkpt lat="34.19673" lon="-118.02191">
        <ele>632.78</ele>
        <time>2025-10-18T16:19:51Z</time>
      </trkpt>
      <trkpt lat="34.19677" lon="-118.02193">
        <ele>632.14</ele>
        <time>2025-10-18T16:19:54Z</time>
      </trkpt>
      <trkpt lat="34.1968" lon="-118.02193">
        <ele>631.5</ele>
        <time>2025-10-18T16:19:57Z</time>
      </trkpt>
      <trkpt lat="34.19684" lon="-118.02194">
        <ele>631.06</ele>
        <time>2025-10-18T16:20:00Z</time>
      </trkpt>
      <trkpt lat="34.19688" lon="-118.02196">
        <ele>630.86</ele>
        <time>2025-10-18T16:20:03Z</time>
      </trkpt>
      <trkpt lat="34.19691" lon="-118.02197">
        <ele>630.65</ele>
        <time>2025-10-18T16:20:06Z</time>
      </trkpt>
      <trkpt lat="34.19695" lon="-118.02198">
        <ele>630.32</ele>
        <time>2025-10-18T16:20:09Z</time>
      </trkpt>
      <trkpt lat="34.19698" lon="-118.02196">
        <ele>629.78</ele>
        <time>2025-10-18T16:20:12Z</time>
      </trkpt>
      <trkpt lat="34.19701" lon="-118.02195">
        <ele>629.35</ele>
        <time>2025-10-18T16:20:14Z</time>
      </trkpt>
      <trkpt lat="34.19704" lon="-118.02193">
        <ele>628.78</ele>
        <time>2025-10-18T16:20:17Z</time>
      </trkpt>
      <trkpt lat="34.19707" lon="-118.02191">
        <ele>628.05</ele>
        <time>2025-10-18T16:20:20Z</time>
      </trkpt>
      <trkpt lat="34.19705" lon="-118.02189">
        <ele>628.21</ele>
        <time>2025-10-18T16:20:25Z</time>
      </trkpt>
      <trkpt lat="34.19706" lon="-118.02185">
        <ele>627.74</ele>
        <time>2025-10-18T16:20:30Z</time>
      </trkpt>
      <trkpt lat="34.19708" lon="-118.02183">
        <ele>627.41</ele>
        <time>2025-10-18T16:20:35Z</time>
      </trkpt>
      <trkpt lat="34.19711" lon="-118.02181">
        <ele>627.12</ele>
        <time>2025-10-18T16:20:38Z</time>
      </trkpt>
      <trkpt lat="34.19713" lon="-118.02178">
        <ele>626.97</ele>
        <time>2025-10-18T16:20:42Z</time>
      </trkpt>
      <trkpt lat="34.19714" lon="-118.02174">
        <ele>625.73</ele>
        <time>2025-10-18T16:20:46Z</time>
      </trkpt>
      <trkpt lat="34.19714" lon="-118.02171">
        <ele>625.16</ele>
        <time>2025-10-18T16:20:50Z</time>
      </trkpt>
      <trkpt lat="34.19712" lon="-118.02167">
        <ele>625.07</ele>
        <time>2025-10-18T16:20:54Z</time>
      </trkpt>
      <trkpt lat="34.1971" lon="-118.02165">
        <ele>624.52</ele>
        <time>2025-10-18T16:20:57Z</time>
      </trkpt>
      <trkpt lat="34.19707" lon="-118.02163">
        <ele>624.07</ele>
        <time>2025-10-18T16:21:00Z</time>
      </trkpt>
      <trkpt lat="34.19704" lon="-118.02161">
        <ele>623.76</ele>
        <time>2025-10-18T16:21:03Z</time>
      </trkpt>
      <trkpt lat="34.19701" lon="-118.02159">
        <ele>622.76</ele>
        <time>2025-10-18T16:21:06Z</time>
      </trkpt>
      <trkpt lat="34.19698" lon="-118.02158">
        <ele>621.9</ele>
        <time>2025-10-18T16:21:09Z</time>
      </trkpt>
      <trkpt lat="34.19695" lon="-118.02157">
        <ele>621.03</ele>
        <time>2025-10-18T16:21:12Z</time>
      </trkpt>
      <trkpt lat="34.19692" lon="-118.02157">
        <ele>620.38</ele>
        <time>2025-10-18T16:21:14Z</time>
      </trkpt>
      <trkpt lat="34.19686" lon="-118.02156">
        <ele>618.87</ele>
        <time>2025-10-18T16:21:16Z</time>
      </trkpt>
      <trkpt lat="34.19681" lon="-118.02155">
        <ele>617.46</ele>
        <time>2025-10-18T16:21:18Z</time>
      </trkpt>
      <trkpt lat="34.19677" lon="-118.02155">
        <ele>616.48</ele>
        <time>2025-10-18T16:21:20Z</time>
      </trkpt>
      <trkpt lat="34.19673" lon="-118.02154">
        <ele>614.63</ele>
        <time>2025-10-18T16:21:23Z</time>
      </trkpt>
      <trkpt lat="34.1967" lon="-118.02152">
        <ele>612.69</ele>
        <time>2025-10-18T16:21:26Z</time>
      </trkpt>
      <trkpt lat="34.19668" lon="-118.0215">
        <ele>611.18</ele>
        <time>2025-10-18T16:21:31Z</time>
      </trkpt>
      <trkpt lat="34.1967" lon="-118.02148">
        <ele>611.38</ele>
        <time>2025-10-18T16:21:35Z</time>
      </trkpt>
      <trkpt lat="34.19673" lon="-118.02147">
        <ele>612.37</ele>
        <time>2025-10-18T16:21:37Z</time>
      </trkpt>
      <trkpt lat="34.19676" lon="-118.02145">
        <ele>613.34</ele>
        <time>2025-10-18T16:21:40Z</time>
      </trkpt>
      <trkpt lat="34.19678" lon="-118.02142">
        <ele>613.34</ele>
        <time>2025-10-18T16:21:44Z</time>
      </trkpt>
      <trkpt lat="34.1968" lon="-118.0214">
        <ele>613.56</ele>
        <time>2025-10-18T16:21:47Z</time>
      </trkpt>
      <trkpt lat="34.19682" lon="-118.02137">
        <ele>613.49</ele>
        <time>2025-10-18T16:21:50Z</time>
      </trkpt>
      <trkpt lat="34.19685" lon="-118.02135">
        <ele>614.09</ele>
        <time>2025-10-18T16:21:53Z</time>
      </trkpt>
      <trkpt lat="34.19687" lon="-118.02132">
        <ele>613.71</ele>
        <time>2025-10-18T16:21:55Z</time>
      </trkpt>
      <trkpt lat="34.19689" lon="-118.02128">
        <ele>612.6</ele>
        <time>2025-10-18T16:21:57Z</time>
      </trkpt>
      <trkpt lat="34.19692" lon="-118.02126">
        <ele>612.06</ele>
        <time>2025-10-18T16:22:00Z</time>
      </trkpt>
      <trkpt lat="34.19695" lon="-118.02126">
        <ele>612.43</ele>
        <time>2025-10-18T16:22:03Z</time>
      </trkpt>
      <trkpt lat="34.19699" lon="-118.02126">
        <ele>612.43</ele>
        <time>2025-10-18T16:22:06Z</time>
      </trkpt>
      <trkpt lat="34.19703" lon="-118.02126">
        <ele>612.43</ele>
        <time>2025-10-18T16:22:09Z</time>
      </trkpt>
      <trkpt lat="34.19706" lon="-118.02126">
        <ele>612.33</ele>
        <time>2025-10-18T16:22:12Z</time>
      </trkpt>
      <trkpt lat="34.1971" lon="-118.02127">
        <ele>612.67</ele>
        <time>2025-10-18T16:22:15Z</time>
      </trkpt>
      <trkpt lat="34.19713" lon="-118.02128">
        <ele>613.11</ele>
        <time>2025-10-18T16:22:18Z</time>
      </trkpt>
      <trkpt lat="34.19717" lon="-118.02129">
        <ele>612.73</ele>
        <time>2025-10-18T16:22:21Z</time>
      </trkpt>
      <trkpt lat="34.19719" lon="-118.02131">
        <ele>613.09</ele>
        <time>2025-10-18T16:22:23Z</time>
      </trkpt>
      <trkpt lat="34.19722" lon="-118.02133">
        <ele>613.13</ele>
        <time>2025-10-18T16:22:25Z</time>
      </trkpt>
      <trkpt lat="34.19724" lon="-118.02135">
        <ele>613.0</ele>
        <time>2025-10-18T16:22:27Z</time>
      </trkpt>
      <trkpt lat="34.19726" lon="-118.02137">
        <ele>613.0</ele>
        <time>2025-10-18T16:22:29Z</time>
      </trkpt>
      <trkpt lat="34.19728" lon="-118.02139">
        <ele>613.13</ele>
        <time>2025-10-18T16:22:31Z</time>
      </trkpt>
      <trkpt lat="34.19731" lon="-118.02141">
        <ele>612.17</ele>
        <time>2025-10-18T16:22:34Z</time>
      </trkpt>
      <trkpt lat="34.19734" lon="-118.02144">
        <ele>610.25</ele>
        <time>2025-10-18T16:22:37Z</time>
      </trkpt>
      <trkpt lat="34.19737" lon="-118.02146">
        <ele>608.29</ele>
        <time>2025-10-18T16:22:40Z</time>
      </trkpt>
      <trkpt lat="34.1974" lon="-118.02149">
        <ele>606.38</ele>
        <time>2025-10-18T16:22:43Z</time>
      </trkpt>
      <trkpt lat="34.1974" lon="-118.02153">
        <ele>605.91</ele>
        <time>2025-10-18T16:22:46Z</time>
      </trkpt>
      <trkpt lat="34.1974" lon="-118.02156">
        <ele>605.56</ele>
        <time>2025-10-18T16:22:49Z</time>
      </trkpt>
      <trkpt lat="34.1974" lon="-118.02159">
        <ele>605.37</ele>
        <time>2025-10-18T16:22:52Z</time>
      </trkpt>
      <trkpt lat="34.19741" lon="-118.02163">
        <ele>604.87</ele>
        <time>2025-10-18T16:22:55Z</time>
      </trkpt>
      <trkpt lat="34.19741" lon="-118.02167">
        <ele>604.89</ele>
        <time>2025-10-18T16:22:58Z</time>
      </trkpt>
      <trkpt lat="34.19741" lon="-118.02171">
        <ele>604.9</ele>
        <time>2025-10-18T16:23:00Z</time>
      </trkpt>
      <trkpt lat="34.19741" lon="-118.02174">
        <ele>604.91</ele>
        <time>2025-10-18T16:23:02Z</time>
      </trkpt>
      <trkpt lat="34.19742" lon="-118.02179">
        <ele>604.59</ele>
        <time>2025-10-18T16:23:05Z</time>
      </trkpt>
      <trkpt lat="34.19742" lon="-118.02183">
        <ele>604.59</ele>
        <time>2025-10-18T16:23:08Z</time>
      </trkpt>
      <trkpt lat="34.19742" lon="-118.02187">
        <ele>604.57</ele>
        <time>2025-10-18T16:23:11Z</time>
      </trkpt>
      <trkpt lat="34.19742" lon="-118.02192">
        <ele>604.49</ele>
        <time>2025-10-18T16:23:14Z</time>
      </trkpt>
      <trkpt lat="34.19742" lon="-118.02196">
        <ele>604.46</ele>
        <time>2025-10-18T16:23:17Z</time>
      </trkpt>
      <trkpt lat="34.19742" lon="-118.022">
        <ele>604.46</ele>
        <time>2025-10-18T16:23:20Z</time>
      </trkpt>
      <trkpt lat="34.19742" lon="-118.02204">
        <ele>604.45</ele>
        <time>2025-10-18T16:23:23Z</time>
      </trkpt>
      <trkpt lat="34.19742" lon="-118.02208">
        <ele>604.39</ele>
        <time>2025-10-18T16:23:26Z</time>
      </trkpt>
      <trkpt lat="34.19743" lon="-118.02212">
        <ele>603.81</ele>
        <time>2025-10-18T16:23:29Z</time>
      </trkpt>
      <trkpt lat="34.19743" lon="-118.02217">
        <ele>603.34</ele>
        <time>2025-10-18T16:23:32Z</time>
      </trkpt>
      <trkpt lat="34.19743" lon="-118.02221">
        <ele>602.91</ele>
        <time>2025-10-18T16:23:35Z</time>
      </trkpt>
      <trkpt lat="34.19744" lon="-118.02226">
        <ele>601.02</ele>
        <time>2025-10-18T16:23:38Z</time>
      </trkpt>
      <trkpt lat="34.19744" lon="-118.0223">
        <ele>599.72</ele>
        <time>2025-10-18T16:23:41Z</time>
      </trkpt>
      <trkpt lat="34.19745" lon="-118.02234">
        <ele>597.88</ele>
        <time>2025-10-18T16:23:44Z</time>
      </trkpt>
      <trkpt lat="34.19745" lon="-118.02239">
        <ele>596.26</ele>
        <time>2025-10-18T16:23:47Z</time>
      </trkpt>
      <trkpt lat="34.19746" lon="-118.02243">
        <ele>594.71</ele>
        <time>2025-10-18T16:23:50Z</time>
      </trkpt>
      <trkpt lat="34.19747" lon="-118.02246">
        <ele>593.68</ele>
        <time>2025-10-18T16:23:52Z</time>
      </trkpt>
      <trkpt lat="34.19748" lon="-118.0225">
        <ele>592.65</ele>
        <time>2025-10-18T16:23:55Z</time>
      </trkpt>
      <trkpt lat="34.1975" lon="-118.02255">
        <ele>591.46</ele>
        <time>2025-10-18T16:23:58Z</time>
      </trkpt>
      <trkpt lat="34.19751" lon="-118.02259">
        <ele>590.69</ele>
        <time>2025-10-18T16:24:01Z</time>
      </trkpt>
      <trkpt lat="34.19754" lon="-118.02261">
        <ele>589.79</ele>
        <time>2025-10-18T16:24:05Z</time>
      </trkpt>
      <trkpt lat="34.19757" lon="-118.02261">
        <ele>588.87</ele>
        <time>2025-10-18T16:24:08Z</time>
      </trkpt>
      <trkpt lat="34.1976" lon="-118.0226">
        <ele>588.09</ele>
        <time>2025-10-18T16:24:11Z</time>
      </trkpt>
      <trkpt lat="34.19763" lon="-118.02259">
        <ele>587.93</ele>
        <time>2025-10-18T16:24:14Z</time>
      </trkpt>
      <trkpt lat="34.19767" lon="-118.02257">
        <ele>587.31</ele>
        <time>2025-10-18T16:24:17Z</time>
      </trkpt>
      <trkpt lat="34.1977" lon="-118.02255">
        <ele>587.01</ele>
        <time>2025-10-18T16:24:20Z</time>
      </trkpt>
      <trkpt lat="34.19773" lon="-118.02254">
        <ele>587.54</ele>
        <time>2025-10-18T16:24:23Z</time>
      </trkpt>
      <trkpt lat="34.19776" lon="-118.02252">
        <ele>587.9</ele>
        <time>2025-10-18T16:24:26Z</time>
      </trkpt>
      <trkpt lat="34.19779" lon="-118.02249">
        <ele>587.55</ele>
        <time>2025-10-18T16:24:29Z</time>
      </trkpt>
      <trkpt lat="34.19781" lon="-118.02246">
        <ele>586.12</ele>
        <time>2025-10-18T16:24:32Z</time>
      </trkpt>
      <trkpt lat="34.19784" lon="-118.02243">
        <ele>585.58</ele>
        <time>2025-10-18T16:24:35Z</time>
      </trkpt>
      <trkpt lat="34.19786" lon="-118.02241">
        <ele>585.56</ele>
        <time>2025-10-18T16:24:38Z</time>
      </trkpt>
      <trkpt lat="34.19789" lon="-118.02238">
        <ele>585.05</ele>
        <time>2025-10-18T16:24:41Z</time>
      </trkpt>
      <trkpt lat="34.19792" lon="-118.02235">
        <ele>584.88</ele>
        <time>2025-10-18T16:24:44Z</time>
      </trkpt>
      <trkpt lat="34.19794" lon="-118.02232">
        <ele>584.72</ele>
        <time>2025-10-18T16:24:47Z</time>
      </trkpt>
      <trkpt lat="34.19797" lon="-118.02228">
        <ele>584.06</ele>
        <time>2025-10-18T16:24:50Z</time>
      </trkpt>
      <trkpt lat="34.198" lon="-118.02225">
        <ele>583.84</ele>
        <time>2025-10-18T16:24:53Z</time>
      </trkpt>
      <trkpt lat="34.19803" lon="-118.02222">
        <ele>584.2</ele>
        <time>2025-10-18T16:24:56Z</time>
      </trkpt>
      <trkpt lat="34.19806" lon="-118.02219">
        <ele>584.39</ele>
        <time>2025-10-18T16:24:59Z</time>
      </trkpt>
      <trkpt lat="34.19808" lon="-118.02216">
        <ele>583.52</ele>
        <time>2025-10-18T16:25:02Z</time>
      </trkpt>
      <trkpt lat="34.19811" lon="-118.02213">
        <ele>583.37</ele>
        <time>2025-10-18T16:25:05Z</time>
      </trkpt>
      <trkpt lat="34.19814" lon="-118.0221">
        <ele>582.09</ele>
        <time>2025-10-18T16:25:08Z</time>
      </trkpt>
      <trkpt lat="34.19816" lon="-118.02207">
        <ele>580.0</ele>
        <time>2025-10-18T16:25:11Z</time>
      </trkpt>
      <trkpt lat="34.19818" lon="-118.02204">
        <ele>578.23</ele>
        <time>2025-10-18T16:25:13Z</time>
      </trkpt>
      <trkpt lat="34.1982" lon="-118.02201">
        <ele>577.68</ele>
        <time>2025-10-18T16:25:15Z</time>
      </trkpt>
      <trkpt lat="34.19822" lon="-118.02198">
        <ele>577.34</ele>
        <time>2025-10-18T16:25:17Z</time>
      </trkpt>
      <trkpt lat="34.19823" lon="-118.02195">
        <ele>576.72</ele>
        <time>2025-10-18T16:25:19Z</time>
      </trkpt>
      <trkpt lat="34.19825" lon="-118.02192">
        <ele>576.8</ele>
        <time>2025-10-18T16:25:21Z</time>
      </trkpt>
      <trkpt lat="34.19827" lon="-118.02189">
        <ele>576.96</ele>
        <time>2025-10-18T16:25:23Z</time>
      </trkpt>
      <trkpt lat="34.19828" lon="-118.02187">
        <ele>577.0</ele>
        <time>2025-10-18T16:25:25Z</time>
      </trkpt>
      <trkpt lat="34.19831" lon="-118.02183">
        <ele>577.7</ele>
        <time>2025-10-18T16:25:28Z</time>
      </trkpt>
      <trkpt lat="34.19833" lon="-118.02181">
        <ele>578.39</ele>
        <time>2025-10-18T16:25:31Z</time>
      </trkpt>
      <trkpt lat="34.19836" lon="-118.02178">
        <ele>579.09</ele>
        <time>2025-10-18T16:25:34Z</time>
      </trkpt>
      <trkpt lat="34.19838" lon="-118.02175">
        <ele>579.46</ele>
        <time>2025-10-18T16:25:38Z</time>
      </trkpt>
      <trkpt lat="34.19838" lon="-118.02171">
        <ele>579.25</ele>
        <time>2025-10-18T16:25:41Z</time>
      </trkpt>
      <trkpt lat="34.19838" lon="-118.02166">
        <ele>578.94</ele>
        <time>2025-10-18T16:25:44Z</time>
      </trkpt>
      <trkpt lat="34.19838" lon="-118.02163">
        <ele>578.62</ele>
        <time>2025-10-18T16:25:46Z</time>
      </trkpt>
      <trkpt lat="34.19838" lon="-118.02159">
        <ele>578.19</ele>
        <time>2025-10-18T16:25:48Z</time>
      </trkpt>
      <trkpt lat="34.19839" lon="-118.02156">
        <ele>578.39</ele>
        <time>2025-10-18T16:25:50Z</time>
      </trkpt>
      <trkpt lat="34.19839" lon="-118.02151">
        <ele>578.18</ele>
        <time>2025-10-18T16:25:53Z</time>
      </trkpt>
      <trkpt lat="34.19839" lon="-118.02147">
        <ele>577.94</ele>
        <time>2025-10-18T16:25:56Z</time>
      </trkpt>
      <trkpt lat="34.1984" lon="-118.02143">
        <ele>578.04</ele>
        <time>2025-10-18T16:25:59Z</time>
      </trkpt>
      <trkpt lat="34.1984" lon="-118.02138">
        <ele>577.53</ele>
        <time>2025-10-18T16:26:02Z</time>
      </trkpt>
      <trkpt lat="34.1984" lon="-118.02134">
        <ele>577.22</ele>
        <time>2025-10-18T16:26:05Z</time>
      </trkpt>
      <trkpt lat="34.19839" lon="-118.0213">
        <ele>576.47</ele>
        <time>2025-10-18T16:26:08Z</time>
      </trkpt>
      <trkpt lat="34.19837" lon="-118.02126">
        <ele>575.35</ele>
        <time>2025-10-18T16:26:11Z</time>
      </trkpt>
      <trkpt lat="34.19836" lon="-118.02122">
        <ele>574.57</ele>
        <time>2025-10-18T16:26:14Z</time>
      </trkpt>
      <trkpt lat="34.19835" lon="-118.02118">
        <ele>573.85</ele>
        <time>2025-10-18T16:26:17Z</time>
      </trkpt>
      <trkpt lat="34.19834" lon="-118.02113">
        <ele>573.3</ele>
        <time>2025-10-18T16:26:20Z</time>
      </trkpt>
      <trkpt lat="34.19834" lon="-118.02109">
        <ele>572.64</ele>
        <time>2025-10-18T16:26:23Z</time>
      </trkpt>
      <trkpt lat="34.19834" lon="-118.02105">
        <ele>571.4</ele>
        <time>2025-10-18T16:26:26Z</time>
      </trkpt>
      <trkpt lat="34.19836" lon="-118.02101">
        <ele>571.11</ele>
        <time>2025-10-18T16:26:29Z</time>
      </trkpt>
      <trkpt lat="34.19838" lon="-118.02097">
        <ele>569.62</ele>
        <time>2025-10-18T16:26:32Z</time>
      </trkpt>
      <trkpt lat="34.1984" lon="-118.02095">
        <ele>569.67</ele>
        <time>2025-10-18T16:26:35Z</time>
      </trkpt>
      <trkpt lat="34.19843" lon="-118.02094">
        <ele>571.07</ele>
        <time>2025-10-18T16:26:38Z</time>
      </trkpt>
      <trkpt lat="34.19846" lon="-118.02093">
        <ele>571.7</ele>
        <time>2025-10-18T16:26:41Z</time>
      </trkpt>
      <trkpt lat="34.1985" lon="-118.02092">
        <ele>572.6</ele>
        <time>2025-10-18T16:26:44Z</time>
      </trkpt>
      <trkpt lat="34.19854" lon="-118.0209">
        <ele>571.67</ele>
        <time>2025-10-18T16:26:47Z</time>
      </trkpt>
      <trkpt lat="34.19856" lon="-118.02089">
        <ele>571.03</ele>
        <time>2025-10-18T16:26:49Z</time>
      </trkpt>
      <trkpt lat="34.19859" lon="-118.02086">
        <ele>569.24</ele>
        <time>2025-10-18T16:26:52Z</time>
      </trkpt>
      <trkpt lat="34.19861" lon="-118.02084">
        <ele>568.4</ele>
        <time>2025-10-18T16:26:55Z</time>
      </trkpt>
      <trkpt lat="34.19864" lon="-118.02081">
        <ele>566.16</ele>
        <time>2025-10-18T16:26:58Z</time>
      </trkpt>
      <trkpt lat="34.19866" lon="-118.02079">
        <ele>564.94</ele>
        <time>2025-10-18T16:27:01Z</time>
      </trkpt>
      <trkpt lat="34.19869" lon="-118.02076">
        <ele>563.63</ele>
        <time>2025-10-18T16:27:04Z</time>
      </trkpt>
      <trkpt lat="34.19872" lon="-118.02074">
        <ele>563.31</ele>
        <time>2025-10-18T16:27:07Z</time>
      </trkpt>
      <trkpt lat="34.19875" lon="-118.02071">
        <ele>562.67</ele>
        <time>2025-10-18T16:27:10Z</time>
      </trkpt>
      <trkpt lat="34.19878" lon="-118.02069">
        <ele>562.81</ele>
        <time>2025-10-18T16:27:13Z</time>
      </trkpt>
      <trkpt lat="34.19881" lon="-118.02066">
        <ele>562.68</ele>
        <time>2025-10-18T16:27:16Z</time>
      </trkpt>
      <trkpt lat="34.19884" lon="-118.02064">
        <ele>562.63</ele>
        <time>2025-10-18T16:27:19Z</time>
      </trkpt>
      <trkpt lat="34.19887" lon="-118.02062">
        <ele>562.8</ele>
        <time>2025-10-18T16:27:22Z</time>
      </trkpt>
      <trkpt lat="34.1989" lon="-118.0206">
        <ele>563.32</ele>
        <time>2025-10-18T16:27:25Z</time>
      </trkpt>
      <trkpt lat="34.19893" lon="-118.02058">
        <ele>563.86</ele>
        <time>2025-10-18T16:27:28Z</time>
      </trkpt>
      <trkpt lat="34.19896" lon="-118.02055">
        <ele>564.2</ele>
        <time>2025-10-18T16:27:31Z</time>
      </trkpt>
      <trkpt lat="34.19899" lon="-118.02052">
        <ele>565.04</ele>
        <time>2025-10-18T16:27:34Z</time>
      </trkpt>
      <trkpt lat="34.19901" lon="-118.0205">
        <ele>565.76</ele>
        <time>2025-10-18T16:27:37Z</time>
      </trkpt>
      <trkpt lat="34.19904" lon="-118.02047">
        <ele>566.65</ele>
        <time>2025-10-18T16:27:40Z</time>
      </trkpt>
      <trkpt lat="34.19906" lon="-118.02044">
        <ele>567.11</ele>
        <time>2025-10-18T16:27:43Z</time>
      </trkpt>
      <trkpt lat="34.19908" lon="-118.02039">
        <ele>567.48</ele>
        <time>2025-10-18T16:27:46Z</time>
      </trkpt>
      <trkpt lat="34.19908" lon="-118.02034">
        <ele>566.93</ele>
        <time>2025-10-18T16:27:48Z</time>
      </trkpt>
      <trkpt lat="34.19907" lon="-118.02029">
        <ele>565.91</ele>
        <time>2025-10-18T16:27:50Z</time>
      </trkpt>
      <trkpt lat="34.19907" lon="-118.02026">
        <ele>565.58</ele>
        <time>2025-10-18T16:27:52Z</time>
      </trkpt>
      <trkpt lat="34.19908" lon="-118.02023">
        <ele>565.71</ele>
        <time>2025-10-18T16:27:55Z</time>
      </trkpt>
      <trkpt lat="34.19909" lon="-118.02019">
        <ele>565.58</ele>
        <time>2025-10-18T16:27:58Z</time>
      </trkpt>
      <trkpt lat="34.19909" lon="-118.02014">
        <ele>564.46</ele>
        <time>2025-10-18T16:28:01Z</time>
      </trkpt>
      <trkpt lat="34.1991" lon="-118.0201">
        <ele>563.74</ele>
        <time>2025-10-18T16:28:04Z</time>
      </trkpt>
      <trkpt lat="34.1991" lon="-118.02006">
        <ele>562.05</ele>
        <time>2025-10-18T16:28:07Z</time>
      </trkpt>
      <trkpt lat="34.1991" lon="-118.02003">
        <ele>560.67</ele>
        <time>2025-10-18T16:28:10Z</time>
      </trkpt>
      <trkpt lat="34.19911" lon="-118.01999">
        <ele>558.87</ele>
        <time>2025-10-18T16:28:13Z</time>
      </trkpt>
      <trkpt lat="34.19911" lon="-118.01995">
        <ele>556.78</ele>
        <time>2025-10-18T16:28:16Z</time>
      </trkpt>
      <trkpt lat="34.19911" lon="-118.01991">
        <ele>554.69</ele>
        <time>2025-10-18T16:28:19Z</time>
      </trkpt>
      <trkpt lat="34.19911" lon="-118.01987">
        <ele>552.94</ele>
        <time>2025-10-18T16:28:22Z</time>
      </trkpt>
      <trkpt lat="34.19911" lon="-118.01983">
        <ele>551.21</ele>
        <time>2025-10-18T16:28:25Z</time>
      </trkpt>
      <trkpt lat="34.19912" lon="-118.01979">
        <ele>550.31</ele>
        <time>2025-10-18T16:28:28Z</time>
      </trkpt>
      <trkpt lat="34.19912" lon="-118.01976">
        <ele>549.5</ele>
        <time>2025-10-18T16:28:31Z</time>
      </trkpt>
      <trkpt lat="34.19915" lon="-118.01973">
        <ele>550.28</ele>
        <time>2025-10-18T16:28:34Z</time>
      </trkpt>
      <trkpt lat="34.19917" lon="-118.01969">
        <ele>549.34</ele>
        <time>2025-10-18T16:28:37Z</time>
      </trkpt>
      <trkpt lat="34.1992" lon="-118.01966">
        <ele>548.6</ele>
        <time>2025-10-18T16:28:40Z</time>
      </trkpt>
      <trkpt lat="34.19923" lon="-118.01966">
        <ele>549.47</ele>
        <time>2025-10-18T16:28:43Z</time>
      </trkpt>
      <trkpt lat="34.19926" lon="-118.01967">
        <ele>550.76</ele>
        <time>2025-10-18T16:28:46Z</time>
      </trkpt>
      <trkpt lat="34.19929" lon="-118.01967">
        <ele>551.26</ele>
        <time>2025-10-18T16:28:49Z</time>
      </trkpt>
      <trkpt lat="34.19932" lon="-118.01967">
        <ele>551.77</ele>
        <time>2025-10-18T16:28:52Z</time>
      </trkpt>
      <trkpt lat="34.19935" lon="-118.01966">
        <ele>551.95</ele>
        <time>2025-10-18T16:28:55Z</time>
      </trkpt>
      <trkpt lat="34.19939" lon="-118.01966">
        <ele>551.71</ele>
        <time>2025-10-18T16:28:58Z</time>
      </trkpt>
      <trkpt lat="34.19942" lon="-118.01966">
        <ele>551.49</ele>
        <time>2025-10-18T16:29:01Z</time>
      </trkpt>
      <trkpt lat="34.19945" lon="-118.01966">
        <ele>551.19</ele>
        <time>2025-10-18T16:29:04Z</time>
      </trkpt>
      <trkpt lat="34.19948" lon="-118.01967">
        <ele>551.09</ele>
        <time>2025-10-18T16:29:07Z</time>
      </trkpt>
      <trkpt lat="34.19952" lon="-118.01968">
        <ele>551.06</ele>
        <time>2025-10-18T16:29:10Z</time>
      </trkpt>
      <trkpt lat="34.19955" lon="-118.01971">
        <ele>552.52</ele>
        <time>2025-10-18T16:29:13Z</time>
      </trkpt>
      <trkpt lat="34.19957" lon="-118.01973">
        <ele>552.89</ele>
        <time>2025-10-18T16:29:15Z</time>
      </trkpt>
      <trkpt lat="34.19959" lon="-118.01976">
        <ele>553.4</ele>
        <time>2025-10-18T16:29:17Z</time>
      </trkpt>
      <trkpt lat="34.19962" lon="-118.01978">
        <ele>553.41</ele>
        <time>2025-10-18T16:29:19Z</time>
      </trkpt>
      <trkpt lat="34.19965" lon="-118.0198">
        <ele>553.5</ele>
        <time>2025-10-18T16:29:22Z</time>
      </trkpt>
      <trkpt lat="34.19968" lon="-118.01982">
        <ele>553.67</ele>
        <time>2025-10-18T16:29:25Z</time>
      </trkpt>
      <trkpt lat="34.19972" lon="-118.01984">
        <ele>553.44</ele>
        <time>2025-10-18T16:29:28Z</time>
      </trkpt>
      <trkpt lat="34.19975" lon="-118.01986">
        <ele>553.09</ele>
        <time>2025-10-18T16:29:31Z</time>
      </trkpt>
      <trkpt lat="34.19979" lon="-118.01987">
        <ele>551.76</ele>
        <time>2025-10-18T16:29:34Z</time>
      </trkpt>
      <trkpt lat="34.19982" lon="-118.01988">
        <ele>550.98</ele>
        <time>2025-10-18T16:29:37Z</time>
      </trkpt>
      <trkpt lat="34.19985" lon="-118.0199">
        <ele>550.97</ele>
        <time>2025-10-18T16:29:40Z</time>
      </trkpt>
      <trkpt lat="34.19989" lon="-118.01992">
        <ele>550.43</ele>
        <time>2025-10-18T16:29:43Z</time>
      </trkpt>
      <trkpt lat="34.19992" lon="-118.01993">
        <ele>549.57</ele>
        <time>2025-10-18T16:29:46Z</time>
      </trkpt>
      <trkpt lat="34.19995" lon="-118.01995">
        <ele>549.21</ele>
        <time>2025-10-18T16:29:49Z</time>
      </trkpt>
      <trkpt lat="34.19999" lon="-118.01996">
        <ele>547.89</ele>
        <time>2025-10-18T16:29:52Z</time>
      </trkpt>
      <trkpt lat="34.20002" lon="-118.01998">
        <ele>547.84</ele>
        <time>2025-10-18T16:29:55Z</time>
      </trkpt>
      <trkpt lat="34.20005" lon="-118.01999">
        <ele>547.19</ele>
        <time>2025-10-18T16:29:58Z</time>
      </trkpt>
      <trkpt lat="34.20009" lon="-118.02001">
        <ele>546.54</ele>
        <time>2025-10-18T16:30:01Z</time>
      </trkpt>
      <trkpt lat="34.20012" lon="-118.02003">
        <ele>545.72</ele>
        <time>2025-10-18T16:30:04Z</time>
      </trkpt>
      <trkpt lat="34.20015" lon="-118.02004">
        <ele>544.36</ele>
        <time>2025-10-18T16:30:07Z</time>
      </trkpt>
      <trkpt lat="34.20018" lon="-118.02006">
        <ele>543.26</ele>
        <time>2025-10-18T16:30:10Z</time>
      </trkpt>
      <trkpt lat="34.20021" lon="-118.02007">
        <ele>542.33</ele>
        <time>2025-10-18T16:30:13Z</time>
      </trkpt>
      <trkpt lat="34.20024" lon="-118.02009">
        <ele>541.58</ele>
        <time>2025-10-18T16:30:16Z</time>
      </trkpt>
      <trkpt lat="34.20027" lon="-118.0201">
        <ele>540.42</ele>
        <time>2025-10-18T16:30:19Z</time>
      </trkpt>
      <trkpt lat="34.2003" lon="-118.02012">
        <ele>540.3</ele>
        <time>2025-10-18T16:30:22Z</time>
      </trkpt>
      <trkpt lat="34.20031" lon="-118.02015">
        <ele>540.62</ele>
        <time>2025-10-18T16:30:30Z</time>
      </trkpt>
      <trkpt lat="34.20034" lon="-118.02012">
        <ele>540.3</ele>
        <time>2025-10-18T16:30:40Z</time>
      </trkpt>
      <trkpt lat="34.20037" lon="-118.02014">
        <ele>540.51</ele>
        <time>2025-10-18T16:30:47Z</time>
      </trkpt>
      <trkpt lat="34.20039" lon="-118.02011">
        <ele>540.82</ele>
        <time>2025-10-18T16:30:53Z</time>
      </trkpt>
      <trkpt lat="34.20041" lon="-118.02009">
        <ele>541.26</ele>
        <time>2025-10-18T16:30:57Z</time>
      </trkpt>
      <trkpt lat="34.20044" lon="-118.02005">
        <ele>541.8</ele>
        <time>2025-10-18T16:31:01Z</time>
      </trkpt>
      <trkpt lat="34.20045" lon="-118.02001">
        <ele>541.69</ele>
        <time>2025-10-18T16:31:03Z</time>
      </trkpt>
      <trkpt lat="34.20046" lon="-118.01997">
        <ele>541.27</ele>
        <time>2025-10-18T16:31:06Z</time>
      </trkpt>
      <trkpt lat="34.20048" lon="-118.01993">
        <ele>541.18</ele>
        <time>2025-10-18T16:31:09Z</time>
      </trkpt>
      <trkpt lat="34.20049" lon="-118.01989">
        <ele>540.98</ele>
        <time>2025-10-18T16:31:13Z</time>
      </trkpt>
      <trkpt lat="34.20049" lon="-118.01985">
        <ele>540.55</ele>
        <time>2025-10-18T16:31:16Z</time>
      </trkpt>
      <trkpt lat="34.20047" lon="-118.01981">
        <ele>539.3</ele>
        <time>2025-10-18T16:31:19Z</time>
      </trkpt>
      <trkpt lat="34.20046" lon="-118.01977">
        <ele>538.94</ele>
        <time>2025-10-18T16:31:22Z</time>
      </trkpt>
      <trkpt lat="34.20045" lon="-118.01973">
        <ele>538.72</ele>
        <time>2025-10-18T16:31:25Z</time>
      </trkpt>
      <trkpt lat="34.20044" lon="-118.01969">
        <ele>538.5</ele>
        <time>2025-10-18T16:31:28Z</time>
      </trkpt>
      <trkpt lat="34.20044" lon="-118.01965">
        <ele>538.5</ele>
        <time>2025-10-18T16:31:32Z</time>
      </trkpt>
      <trkpt lat="34.20044" lon="-118.0196">
        <ele>538.18</ele>
        <time>2025-10-18T16:31:36Z</time>
      </trkpt>
      <trkpt lat="34.20044" lon="-118.01956">
        <ele>537.75</ele>
        <time>2025-10-18T16:31:40Z</time>
      </trkpt>
      <trkpt lat="34.20044" lon="-118.01951">
        <ele>537.5</ele>
        <time>2025-10-18T16:31:44Z</time>
      </trkpt>
      <trkpt lat="34.20045" lon="-118.01947">
        <ele>537.72</ele>
        <time>2025-10-18T16:31:47Z</time>
      </trkpt>
      <trkpt lat="34.20046" lon="-118.01943">
        <ele>537.78</ele>
        <time>2025-10-18T16:31:50Z</time>
      </trkpt>
      <trkpt lat="34.20047" lon="-118.01939">
        <ele>537.68</ele>
        <time>2025-10-18T16:31:53Z</time>
      </trkpt>
      <trkpt lat="34.20049" lon="-118.01935">
        <ele>538.16</ele>
        <time>2025-10-18T16:31:56Z</time>
      </trkpt>
      <trkpt lat="34.20052" lon="-118.01932">
        <ele>539.25</ele>
        <time>2025-10-18T16:31:59Z</time>
      </trkpt>
      <trkpt lat="34.20055" lon="-118.01928">
        <ele>540.03</ele>
        <time>2025-10-18T16:32:02Z</time>
      </trkpt>
      <trkpt lat="34.20057" lon="-118.01924">
        <ele>540.62</ele>
        <time>2025-10-18T16:32:05Z</time>
      </trkpt>
      <trkpt lat="34.20058" lon="-118.0192">
        <ele>541.06</ele>
        <time>2025-10-18T16:32:08Z</time>
      </trkpt>
      <trkpt lat="34.20059" lon="-118.01916">
        <ele>541.42</ele>
        <time>2025-10-18T16:32:11Z</time>
      </trkpt>
      <trkpt lat="34.2006" lon="-118.01912">
        <ele>541.42</ele>
        <time>2025-10-18T16:32:14Z</time>
      </trkpt>
      <trkpt lat="34.20062" lon="-118.01908">
        <ele>541.85</ele>
        <time>2025-10-18T16:32:17Z</time>
      </trkpt>
      <trkpt lat="34.20063" lon="-118.01904">
        <ele>542.29</ele>
        <time>2025-10-18T16:32:20Z</time>
      </trkpt>
      <trkpt lat="34.20064" lon="-118.019">
        <ele>542.72</ele>
        <time>2025-10-18T16:32:23Z</time>
      </trkpt>
      <trkpt lat="34.20064" lon="-118.01897">
        <ele>542.61</ele>
        <time>2025-10-18T16:32:26Z</time>
      </trkpt>
      <trkpt lat="34.20065" lon="-118.01893">
        <ele>542.51</ele>
        <time>2025-10-18T16:32:29Z</time>
      </trkpt>
      <trkpt lat="34.20066" lon="-118.01889">
        <ele>542.4</ele>
        <time>2025-10-18T16:32:32Z</time>
      </trkpt>
      <trkpt lat="34.20067" lon="-118.01884">
        <ele>542.18</ele>
        <time>2025-10-18T16:32:35Z</time>
      </trkpt>
      <trkpt lat="34.20067" lon="-118.0188">
        <ele>541.75</ele>
        <time>2025-10-18T16:32:38Z</time>
      </trkpt>
      <trkpt lat="34.20069" lon="-118.01876">
        <ele>541.79</ele>
        <time>2025-10-18T16:32:41Z</time>
      </trkpt>
      <trkpt lat="34.2007" lon="-118.01872">
        <ele>541.39</ele>
        <time>2025-10-18T16:32:44Z</time>
      </trkpt>
      <trkpt lat="34.20071" lon="-118.01868">
        <ele>541.33</ele>
        <time>2025-10-18T16:32:47Z</time>
      </trkpt>
      <trkpt lat="34.20073" lon="-118.01864">
        <ele>541.32</ele>
        <time>2025-10-18T16:32:50Z</time>
      </trkpt>
      <trkpt lat="34.20076" lon="-118.01862">
        <ele>541.51</ele>
        <time>2025-10-18T16:32:57Z</time>
      </trkpt>
      <trkpt lat="34.20079" lon="-118.0186">
        <ele>542.06</ele>
        <time>2025-10-18T16:33:02Z</time>
      </trkpt>
      <trkpt lat="34.20081" lon="-118.01856">
        <ele>542.22</ele>
        <time>2025-10-18T16:33:05Z</time>
      </trkpt>
      <trkpt lat="34.20082" lon="-118.01853">
        <ele>542.09</ele>
        <time>2025-10-18T16:33:08Z</time>
      </trkpt>
      <trkpt lat="34.20085" lon="-118.0185">
        <ele>542.32</ele>
        <time>2025-10-18T16:33:11Z</time>
      </trkpt>
      <trkpt lat="34.20088" lon="-118.01847">
        <ele>542.74</ele>
        <time>2025-10-18T16:33:13Z</time>
      </trkpt>
      <trkpt lat="34.20091" lon="-118.01845">
        <ele>543.04</ele>
        <time>2025-10-18T16:33:15Z</time>
      </trkpt>
      <trkpt lat="34.20094" lon="-118.01842">
        <ele>543.15</ele>
        <time>2025-10-18T16:33:18Z</time>
      </trkpt>
      <trkpt lat="34.20097" lon="-118.01839">
        <ele>543.48</ele>
        <time>2025-10-18T16:33:21Z</time>
      </trkpt>
      <trkpt lat="34.201" lon="-118.01837">
        <ele>543.8</ele>
        <time>2025-10-18T16:33:24Z</time>
      </trkpt>
      <trkpt lat="34.20104" lon="-118.01837">
        <ele>544.09</ele>
        <time>2025-10-18T16:33:27Z</time>
      </trkpt>
      <trkpt lat="34.20107" lon="-118.0184">
        <ele>544.4</ele>
        <time>2025-10-18T16:33:30Z</time>
      </trkpt>
      <trkpt lat="34.20111" lon="-118.01842">
        <ele>544.92</ele>
        <time>2025-10-18T16:33:33Z</time>
      </trkpt>
      <trkpt lat="34.20115" lon="-118.01846">
        <ele>545.37</ele>
        <time>2025-10-18T16:33:36Z</time>
      </trkpt>
      <trkpt lat="34.20118" lon="-118.01849">
        <ele>545.69</ele>
        <time>2025-10-18T16:33:39Z</time>
      </trkpt>
      <trkpt lat="34.20121" lon="-118.01853">
        <ele>546.19</ele>
        <time>2025-10-18T16:33:42Z</time>
      </trkpt>
      <trkpt lat="34.20124" lon="-118.01856">
        <ele>546.84</ele>
        <time>2025-10-18T16:33:45Z</time>
      </trkpt>
      <trkpt lat="34.20126" lon="-118.0186">
        <ele>547.49</ele>
        <time>2025-10-18T16:33:48Z</time>
      </trkpt>
      <trkpt lat="34.20129" lon="-118.01863">
        <ele>548.34</ele>
        <time>2025-10-18T16:33:51Z</time>
      </trkpt>
      <trkpt lat="34.20132" lon="-118.01866">
        <ele>549.45</ele>
        <time>2025-10-18T16:33:54Z</time>
      </trkpt>
      <trkpt lat="34.20135" lon="-118.01867">
        <ele>550.22</ele>
        <time>2025-10-18T16:33:57Z</time>
      </trkpt>
      <trkpt lat="34.20139" lon="-118.01868">
        <ele>551.27</ele>
        <time>2025-10-18T16:34:01Z</time>
      </trkpt>
      <trkpt lat="34.20142" lon="-118.01863">
        <ele>550.62</ele>
        <time>2025-10-18T16:34:04Z</time>
      </trkpt>
      <trkpt lat="34.20144" lon="-118.01859">
        <ele>550.18</ele>
        <time>2025-10-18T16:34:06Z</time>
      </trkpt>
      <trkpt lat="34.20146" lon="-118.01855">
        <ele>549.63</ele>
        <time>2025-10-18T16:34:08Z</time>
      </trkpt>
      <trkpt lat="34.20148" lon="-118.01851">
        <ele>548.89</ele>
        <time>2025-10-18T16:34:11Z</time>
      </trkpt>
      <trkpt lat="34.20151" lon="-118.01849">
        <ele>549.52</ele>
        <time>2025-10-18T16:34:15Z</time>
      </trkpt>
      <trkpt lat="34.20155" lon="-118.01851">
        <ele>551.06</ele>
        <time>2025-10-18T16:34:21Z</time>
      </trkpt>
      <trkpt lat="34.20149" lon="-118.01852">
        <ele>549.32</ele>
        <time>2025-10-18T16:34:25Z</time>
      </trkpt>
      <trkpt lat="34.20151" lon="-118.01849">
        <ele>549.52</ele>
        <time>2025-10-18T16:34:37Z</time>
      </trkpt>
      <trkpt lat="34.20154" lon="-118.01846">
        <ele>549.86</ele>
        <time>2025-10-18T16:34:41Z</time>
      </trkpt>
      <trkpt lat="34.20157" lon="-118.01843">
        <ele>550.0</ele>
        <time>2025-10-18T16:34:45Z</time>
      </trkpt>
      <trkpt lat="34.2016" lon="-118.01841">
        <ele>549.94</ele>
        <time>2025-10-18T16:34:48Z</time>
      </trkpt>
      <trkpt lat="34.20163" lon="-118.01839">
        <ele>549.83</ele>
        <time>2025-10-18T16:34:51Z</time>
      </trkpt>
      <trkpt lat="34.20166" lon="-118.01836">
        <ele>549.5</ele>
        <time>2025-10-18T16:34:54Z</time>
      </trkpt>
      <trkpt lat="34.20169" lon="-118.01834">
        <ele>549.41</ele>
        <time>2025-10-18T16:34:57Z</time>
      </trkpt>
      <trkpt lat="34.20172" lon="-118.01833">
        <ele>549.54</ele>
        <time>2025-10-18T16:35:00Z</time>
      </trkpt>
      <trkpt lat="34.20176" lon="-118.01835">
        <ele>550.55</ele>
        <time>2025-10-18T16:35:02Z</time>
      </trkpt>
      <trkpt lat="34.2018" lon="-118.01838">
        <ele>551.73</ele>
        <time>2025-10-18T16:35:04Z</time>
      </trkpt>
      <trkpt lat="34.20184" lon="-118.01842">
        <ele>552.86</ele>
        <time>2025-10-18T16:35:06Z</time>
      </trkpt>
      <trkpt lat="34.20186" lon="-118.01845">
        <ele>554.02</ele>
        <time>2025-10-18T16:35:08Z</time>
      </trkpt>
      <trkpt lat="34.20189" lon="-118.01848">
        <ele>555.1</ele>
        <time>2025-10-18T16:35:11Z</time>
      </trkpt>
      <trkpt lat="34.20192" lon="-118.0185">
        <ele>555.61</ele>
        <time>2025-10-18T16:35:14Z</time>
      </trkpt>
      <trkpt lat="34.20195" lon="-118.01853">
        <ele>556.42</ele>
        <time>2025-10-18T16:35:17Z</time>
      </trkpt>
      <trkpt lat="34.20197" lon="-118.01856">
        <ele>557.27</ele>
        <time>2025-10-18T16:35:20Z</time>
      </trkpt>
      <trkpt lat="34.20199" lon="-118.0186">
        <ele>558.16</ele>
        <time>2025-10-18T16:35:24Z</time>
      </trkpt>
      <trkpt lat="34.20199" lon="-118.01864">
        <ele>559.31</ele>
        <time>2025-10-18T16:35:28Z</time>
      </trkpt>
      <trkpt lat="34.20201" lon="-118.01868">
        <ele>559.58</ele>
        <time>2025-10-18T16:35:32Z</time>
      </trkpt>
      <trkpt lat="34.20203" lon="-118.01872">
        <ele>559.89</ele>
        <time>2025-10-18T16:35:36Z</time>
      </trkpt>
      <trkpt lat="34.20206" lon="-118.01876">
        <ele>560.18</ele>
        <time>2025-10-18T16:35:40Z</time>
      </trkpt>
      <trkpt lat="34.20208" lon="-118.01879">
        <ele>560.44</ele>
        <time>2025-10-18T16:35:43Z</time>
      </trkpt>
      <trkpt lat="34.2021" lon="-118.01882">
        <ele>560.8</ele>
        <time>2025-10-18T16:35:46Z</time>
      </trkpt>
      <trkpt lat="34.20214" lon="-118.01884">
        <ele>559.78</ele>
        <time>2025-10-18T16:35:50Z</time>
      </trkpt>
      <trkpt lat="34.20217" lon="-118.01881">
        <ele>558.8</ele>
        <time>2025-10-18T16:35:53Z</time>
      </trkpt>
      <trkpt lat="34.2022" lon="-118.01877">
        <ele>557.67</ele>
        <time>2025-10-18T16:35:56Z</time>
      </trkpt>
      <trkpt lat="34.20223" lon="-118.01875">
        <ele>557.0</ele>
        <time>2025-10-18T16:35:59Z</time>
      </trkpt>
      <trkpt lat="34.20227" lon="-118.01874">
        <ele>556.78</ele>
        <time>2025-10-18T16:36:01Z</time>
      </trkpt>
      <trkpt lat="34.20231" lon="-118.01873">
        <ele>556.57</ele>
        <time>2025-10-18T16:36:03Z</time>
      </trkpt>
      <trkpt lat="34.20235" lon="-118.01872">
        <ele>556.35</ele>
        <time>2025-10-18T16:36:06Z</time>
      </trkpt>
      <trkpt lat="34.20239" lon="-118.0187">
        <ele>555.96</ele>
        <time>2025-10-18T16:36:09Z</time>
      </trkpt>
      <trkpt lat="34.20243" lon="-118.01869">
        <ele>556.1</ele>
        <time>2025-10-18T16:36:12Z</time>
      </trkpt>
      <trkpt lat="34.20247" lon="-118.01867">
        <ele>556.31</ele>
        <time>2025-10-18T16:36:15Z</time>
      </trkpt>
      <trkpt lat="34.2025" lon="-118.01866">
        <ele>556.53</ele>
        <time>2025-10-18T16:36:18Z</time>
      </trkpt>
      <trkpt lat="34.20254" lon="-118.01864">
        <ele>556.61</ele>
        <time>2025-10-18T16:36:22Z</time>
      </trkpt>
      <trkpt lat="34.20257" lon="-118.01863">
        <ele>556.81</ele>
        <time>2025-10-18T16:36:26Z</time>
      </trkpt>
      <trkpt lat="34.2026" lon="-118.01862">
        <ele>557.08</ele>
        <time>2025-10-18T16:36:30Z</time>
      </trkpt>
      <trkpt lat="34.20264" lon="-118.01861">
        <ele>557.53</ele>
        <time>2025-10-18T16:36:34Z</time>
      </trkpt>
      <trkpt lat="34.20268" lon="-118.0186">
        <ele>558.07</ele>
        <time>2025-10-18T16:36:38Z</time>
      </trkpt>
      <trkpt lat="34.20272" lon="-118.01859">
        <ele>558.23</ele>
        <time>2025-10-18T16:36:42Z</time>
      </trkpt>
      <trkpt lat="34.20275" lon="-118.01863">
        <ele>558.29</ele>
        <time>2025-10-18T16:36:45Z</time>
      </trkpt>
      <trkpt lat="34.20277" lon="-118.01866">
        <ele>558.97</ele>
        <time>2025-10-18T16:36:47Z</time>
      </trkpt>
      <trkpt lat="34.2028" lon="-118.0187">
        <ele>560.64</ele>
        <time>2025-10-18T16:36:50Z</time>
      </trkpt>
      <trkpt lat="34.20284" lon="-118.0187">
        <ele>561.94</ele>
        <time>2025-10-18T16:36:53Z</time>
      </trkpt>
      <trkpt lat="34.20288" lon="-118.0187">
        <ele>563.02</ele>
        <time>2025-10-18T16:36:57Z</time>
      </trkpt>
      <trkpt lat="34.20291" lon="-118.01871">
        <ele>563.73</ele>
        <time>2025-10-18T16:37:00Z</time>
      </trkpt>
      <trkpt lat="34.20295" lon="-118.01871">
        <ele>564.19</ele>
        <time>2025-10-18T16:37:04Z</time>
      </trkpt>
      <trkpt lat="34.20299" lon="-118.01872">
        <ele>565.12</ele>
        <time>2025-10-18T16:37:07Z</time>
      </trkpt>
      <trkpt lat="34.20302" lon="-118.01872">
        <ele>565.39</ele>
        <time>2025-10-18T16:37:10Z</time>
      </trkpt>
      <trkpt lat="34.20305" lon="-118.01872">
        <ele>565.65</ele>
        <time>2025-10-18T16:37:13Z</time>
      </trkpt>
      <trkpt lat="34.20309" lon="-118.01872">
        <ele>565.7</ele>
        <time>2025-10-18T16:37:16Z</time>
      </trkpt>
      <trkpt lat="34.20312" lon="-118.01872">
        <ele>565.7</ele>
        <time>2025-10-18T16:37:19Z</time>
      </trkpt>
      <trkpt lat="34.20316" lon="-118.01872">
        <ele>565.58</ele>
        <time>2025-10-18T16:37:23Z</time>
      </trkpt>
      <trkpt lat="34.2032" lon="-118.01873">
        <ele>565.58</ele>
        <time>2025-10-18T16:37:27Z</time>
      </trkpt>
      <trkpt lat="34.20324" lon="-118.01874">
        <ele>565.58</ele>
        <time>2025-10-18T16:37:31Z</time>
      </trkpt>
      <trkpt lat="34.20327" lon="-118.01875">
        <ele>565.84</ele>
        <time>2025-10-18T16:37:34Z</time>
      </trkpt>
      <trkpt lat="34.2033" lon="-118.01876">
        <ele>566.04</ele>
        <time>2025-10-18T16:37:37Z</time>
      </trkpt>
      <trkpt lat="34.20334" lon="-118.01878">
        <ele>566.41</ele>
        <time>2025-10-18T16:37:41Z</time>
      </trkpt>
      <trkpt lat="34.20338" lon="-118.01879">
        <ele>566.33</ele>
        <time>2025-10-18T16:37:45Z</time>
      </trkpt>
      <trkpt lat="34.20342" lon="-118.01881">
        <ele>566.66</ele>
        <time>2025-10-18T16:37:49Z</time>
      </trkpt>
      <trkpt lat="34.20345" lon="-118.01882">
        <ele>566.96</ele>
        <time>2025-10-18T16:37:52Z</time>
      </trkpt>
      <trkpt lat="34.20349" lon="-118.01884">
        <ele>567.56</ele>
        <time>2025-10-18T16:37:56Z</time>
      </trkpt>
      <trkpt lat="34.20353" lon="-118.01885">
        <ele>567.62</ele>
        <time>2025-10-18T16:38:00Z</time>
      </trkpt>
      <trkpt lat="34.20357" lon="-118.01886">
        <ele>567.51</ele>
        <time>2025-10-18T16:38:04Z</time>
      </trkpt>
      <trkpt lat="34.20361" lon="-118.01887">
        <ele>567.4</ele>
        <time>2025-10-18T16:38:08Z</time>
      </trkpt>
      <trkpt lat="34.20364" lon="-118.01888">
        <ele>567.43</ele>
        <time>2025-10-18T16:38:12Z</time>
      </trkpt>
      <trkpt lat="34.20367" lon="-118.0189">
        <ele>567.65</ele>
        <time>2025-10-18T16:38:16Z</time>
      </trkpt>
      <trkpt lat="34.20369" lon="-118.01894">
        <ele>568.33</ele>
        <time>2025-10-18T16:38:21Z</time>
      </trkpt>
      <trkpt lat="34.20371" lon="-118.01898">
        <ele>568.97</ele>
        <time>2025-10-18T16:38:24Z</time>
      </trkpt>
      <trkpt lat="34.20374" lon="-118.01901">
        <ele>569.8</ele>
        <time>2025-10-18T16:38:27Z</time>
      </trkpt>
      <trkpt lat="34.20378" lon="-118.01903">
        <ele>570.14</ele>
        <time>2025-10-18T16:38:31Z</time>
      </trkpt>
      <trkpt lat="34.20381" lon="-118.01904">
        <ele>570.12</ele>
        <time>2025-10-18T16:38:35Z</time>
      </trkpt>
      <trkpt lat="34.20385" lon="-118.01906">
        <ele>570.12</ele>
        <time>2025-10-18T16:38:39Z</time>
      </trkpt>
      <trkpt lat="34.20388" lon="-118.01908">
        <ele>570.22</ele>
        <time>2025-10-18T16:38:42Z</time>
      </trkpt>
      <trkpt lat="34.20391" lon="-118.0191">
        <ele>570.33</ele>
        <time>2025-10-18T16:38:45Z</time>
      </trkpt>
      <trkpt lat="34.20395" lon="-118.01911">
        <ele>570.12</ele>
        <time>2025-10-18T16:38:49Z</time>
      </trkpt>
      <trkpt lat="34.20398" lon="-118.01913">
        <ele>570.22</ele>
        <time>2025-10-18T16:38:53Z</time>
      </trkpt>
      <trkpt lat="34.20402" lon="-118.01915">
        <ele>570.64</ele>
        <time>2025-10-18T16:38:57Z</time>
      </trkpt>
      <trkpt lat="34.20405" lon="-118.01916">
        <ele>570.86</ele>
        <time>2025-10-18T16:39:00Z</time>
      </trkpt>
      <trkpt lat="34.20409" lon="-118.01917">
        <ele>571.07</ele>
        <time>2025-10-18T16:39:04Z</time>
      </trkpt>
      <trkpt lat="34.20412" lon="-118.01915">
        <ele>570.64</ele>
        <time>2025-10-18T16:39:07Z</time>
      </trkpt>
      <trkpt lat="34.20415" lon="-118.01913">
        <ele>570.21</ele>
        <time>2025-10-18T16:39:10Z</time>
      </trkpt>
      <trkpt lat="34.20419" lon="-118.01914">
        <ele>570.5</ele>
        <time>2025-10-18T16:39:14Z</time>
      </trkpt>
      <trkpt lat="34.20422" lon="-118.01915">
        <ele>570.74</ele>
        <time>2025-10-18T16:39:18Z</time>
      </trkpt>
      <trkpt lat="34.20426" lon="-118.01914">
        <ele>570.71</ele>
        <time>2025-10-18T16:39:22Z</time>
      </trkpt>
      <trkpt lat="34.2043" lon="-118.01914">
        <ele>570.84</ele>
        <time>2025-10-18T16:39:26Z</time>
      </trkpt>
      <trkpt lat="34.20434" lon="-118.01912">
        <ele>570.94</ele>
        <time>2025-10-18T16:39:30Z</time>
      </trkpt>
      <trkpt lat="34.20437" lon="-118.0191">
        <ele>571.05</ele>
        <time>2025-10-18T16:39:34Z</time>
      </trkpt>
      <trkpt lat="34.20441" lon="-118.01908">
        <ele>571.04</ele>
        <time>2025-10-18T16:39:38Z</time>
      </trkpt>
      <trkpt lat="34.20443" lon="-118.01905">
        <ele>570.96</ele>
        <time>2025-10-18T16:39:41Z</time>
      </trkpt>
      <trkpt lat="34.20446" lon="-118.01901">
        <ele>571.22</ele>
        <time>2025-10-18T16:39:44Z</time>
      </trkpt>
      <trkpt lat="34.20448" lon="-118.01896">
        <ele>571.15</ele>
        <time>2025-10-18T16:39:47Z</time>
      </trkpt>
      <trkpt lat="34.20446" lon="-118.01891">
        <ele>570.4</ele>
        <time>2025-10-18T16:39:51Z</time>
      </trkpt>
      <trkpt lat="34.20444" lon="-118.01888">
        <ele>569.95</ele>
        <time>2025-10-18T16:39:54Z</time>
      </trkpt>
      <trkpt lat="34.20445" lon="-118.01882">
        <ele>570.06</ele>
        <time>2025-10-18T16:39:58Z</time>
      </trkpt>
      <trkpt lat="34.20446" lon="-118.01879">
        <ele>570.16</ele>
        <time>2025-10-18T16:40:01Z</time>
      </trkpt>
      <trkpt lat="34.20447" lon="-118.01875">
        <ele>570.14</ele>
        <time>2025-10-18T16:40:04Z</time>
      </trkpt>
      <trkpt lat="34.20449" lon="-118.01871">
        <ele>570.03</ele>
        <time>2025-10-18T16:40:07Z</time>
      </trkpt>
      <trkpt lat="34.2045" lon="-118.01868">
        <ele>570.0</ele>
        <time>2025-10-18T16:40:10Z</time>
      </trkpt>
      <trkpt lat="34.20452" lon="-118.01864">
        <ele>570.0</ele>
        <time>2025-10-18T16:40:13Z</time>
      </trkpt>
      <trkpt lat="34.20454" lon="-118.0186">
        <ele>570.15</ele>
        <time>2025-10-18T16:40:16Z</time>
      </trkpt>
      <trkpt lat="34.20456" lon="-118.01857">
        <ele>570.58</ele>
        <time>2025-10-18T16:40:19Z</time>
      </trkpt>
      <trkpt lat="34.20458" lon="-118.01854">
        <ele>570.88</ele>
        <time>2025-10-18T16:40:22Z</time>
      </trkpt>
      <trkpt lat="34.2046" lon="-118.01851">
        <ele>571.03</ele>
        <time>2025-10-18T16:40:25Z</time>
      </trkpt>
      <trkpt lat="34.20463" lon="-118.01849">
        <ele>571.0</ele>
        <time>2025-10-18T16:40:27Z</time>
      </trkpt>
      <trkpt lat="34.20467" lon="-118.01847">
        <ele>571.44</ele>
        <time>2025-10-18T16:40:29Z</time>
      </trkpt>
      <trkpt lat="34.20471" lon="-118.01846">
        <ele>571.87</ele>
        <time>2025-10-18T16:40:31Z</time>
      </trkpt>
      <trkpt lat="34.20475" lon="-118.01843">
        <ele>572.31</ele>
        <time>2025-10-18T16:40:34Z</time>
      </trkpt>
      <trkpt lat="34.20478" lon="-118.01841">
        <ele>572.62</ele>
        <time>2025-10-18T16:40:37Z</time>
      </trkpt>
      <trkpt lat="34.20478" lon="-118.01836">
        <ele>572.62</ele>
        <time>2025-10-18T16:40:42Z</time>
      </trkpt>
      <trkpt lat="34.20478" lon="-118.01832">
        <ele>572.62</ele>
        <time>2025-10-18T16:40:46Z</time>
      </trkpt>
      <trkpt lat="34.20478" lon="-118.01828">
        <ele>572.62</ele>
        <time>2025-10-18T16:40:50Z</time>
      </trkpt>
      <trkpt lat="34.20479" lon="-118.01823">
        <ele>572.73</ele>
        <time>2025-10-18T16:40:54Z</time>
      </trkpt>
      <trkpt lat="34.20482" lon="-118.01819">
        <ele>573.06</ele>
        <time>2025-10-18T16:40:58Z</time>
      </trkpt>
      <trkpt lat="34.20484" lon="-118.01814">
        <ele>573.27</ele>
        <time>2025-10-18T16:41:02Z</time>
      </trkpt>
      <trkpt lat="34.20486" lon="-118.0181">
        <ele>573.49</ele>
        <time>2025-10-18T16:41:06Z</time>
      </trkpt>
      <trkpt lat="34.20488" lon="-118.01807">
        <ele>573.7</ele>
        <time>2025-10-18T16:41:09Z</time>
      </trkpt>
      <trkpt lat="34.20491" lon="-118.01804">
        <ele>573.86</ele>
        <time>2025-10-18T16:41:13Z</time>
      </trkpt>
      <trkpt lat="34.20494" lon="-118.01806">
        <ele>574.37</ele>
        <time>2025-10-18T16:41:17Z</time>
      </trkpt>
      <trkpt lat="34.20497" lon="-118.01809">
        <ele>574.93</ele>
        <time>2025-10-18T16:41:20Z</time>
      </trkpt>
      <trkpt lat="34.20501" lon="-118.01812">
        <ele>575.77</ele>
        <time>2025-10-18T16:41:24Z</time>
      </trkpt>
      <trkpt lat="34.20504" lon="-118.01814">
        <ele>576.31</ele>
        <time>2025-10-18T16:41:27Z</time>
      </trkpt>
      <trkpt lat="34.20506" lon="-118.01816">
        <ele>576.86</ele>
        <time>2025-10-18T16:41:30Z</time>
      </trkpt>
      <trkpt lat="34.20509" lon="-118.01819">
        <ele>577.86</ele>
        <time>2025-10-18T16:41:33Z</time>
      </trkpt>
      <trkpt lat="34.20512" lon="-118.01821">
        <ele>578.53</ele>
        <time>2025-10-18T16:41:36Z</time>
      </trkpt>
      <trkpt lat="34.20516" lon="-118.01823">
        <ele>579.41</ele>
        <time>2025-10-18T16:41:39Z</time>
      </trkpt>
      <trkpt lat="34.20519" lon="-118.01824">
        <ele>579.98</ele>
        <time>2025-10-18T16:41:41Z</time>
      </trkpt>
      <trkpt lat="34.20523" lon="-118.01826">
        <ele>580.62</ele>
        <time>2025-10-18T16:41:44Z</time>
      </trkpt>
      <trkpt lat="34.20526" lon="-118.01829">
        <ele>581.6</ele>
        <time>2025-10-18T16:41:47Z</time>
      </trkpt>
      <trkpt lat="34.20528" lon="-118.01832">
        <ele>582.55</ele>
        <time>2025-10-18T16:41:51Z</time>
      </trkpt>
      <trkpt lat="34.20531" lon="-118.01834">
        <ele>582.84</ele>
        <time>2025-10-18T16:41:55Z</time>
      </trkpt>
      <trkpt lat="34.20534" lon="-118.01837">
        <ele>583.25</ele>
        <time>2025-10-18T16:41:59Z</time>
      </trkpt>
      <trkpt lat="34.20538" lon="-118.01839">
        <ele>583.22</ele>
        <time>2025-10-18T16:42:03Z</time>
      </trkpt>
      <trkpt lat="34.2054" lon="-118.01841">
        <ele>583.66</ele>
        <time>2025-10-18T16:42:07Z</time>
      </trkpt>
      <trkpt lat="34.20543" lon="-118.01843">
        <ele>584.15</ele>
        <time>2025-10-18T16:42:11Z</time>
      </trkpt>
      <trkpt lat="34.20546" lon="-118.01846">
        <ele>585.12</ele>
        <time>2025-10-18T16:42:15Z</time>
      </trkpt>
      <trkpt lat="34.20548" lon="-118.01849">
        <ele>585.95</ele>
        <time>2025-10-18T16:42:19Z</time>
      </trkpt>
      <trkpt lat="34.20551" lon="-118.01852">
        <ele>586.56</ele>
        <time>2025-10-18T16:42:23Z</time>
      </trkpt>
      <trkpt lat="34.20554" lon="-118.01854">
        <ele>586.94</ele>
        <time>2025-10-18T16:42:27Z</time>
      </trkpt>
      <trkpt lat="34.20557" lon="-118.01857">
        <ele>587.43</ele>
        <time>2025-10-18T16:42:31Z</time>
      </trkpt>
      <trkpt lat="34.2056" lon="-118.01859">
        <ele>587.47</ele>
        <time>2025-10-18T16:42:35Z</time>
      </trkpt>
      <trkpt lat="34.20563" lon="-118.01862">
        <ele>587.78</ele>
        <time>2025-10-18T16:42:39Z</time>
      </trkpt>
      <trkpt lat="34.20566" lon="-118.01864">
        <ele>588.04</ele>
        <time>2025-10-18T16:42:43Z</time>
      </trkpt>
      <trkpt lat="34.20569" lon="-118.01866">
        <ele>588.18</ele>
        <time>2025-10-18T16:42:47Z</time>
      </trkpt>
      <trkpt lat="34.20573" lon="-118.01869">
        <ele>588.02</ele>
        <time>2025-10-18T16:42:51Z</time>
      </trkpt>
      <trkpt lat="34.20576" lon="-118.01872">
        <ele>588.11</ele>
        <time>2025-10-18T16:42:55Z</time>
      </trkpt>
      <trkpt lat="34.20578" lon="-118.01875">
        <ele>588.65</ele>
        <time>2025-10-18T16:42:59Z</time>
      </trkpt>
      <trkpt lat="34.20581" lon="-118.01878">
        <ele>588.98</ele>
        <time>2025-10-18T16:43:03Z</time>
      </trkpt>
      <trkpt lat="34.20583" lon="-118.01881">
        <ele>589.37</ele>
        <time>2025-10-18T16:43:07Z</time>
      </trkpt>
      <trkpt lat="34.20586" lon="-118.01885">
        <ele>589.75</ele>
        <time>2025-10-18T16:43:11Z</time>
      </trkpt>
      <trkpt lat="34.20588" lon="-118.01888">
        <ele>590.26</ele>
        <time>2025-10-18T16:43:15Z</time>
      </trkpt>
      <trkpt lat="34.20591" lon="-118.01891">
        <ele>590.67</ele>
        <time>2025-10-18T16:43:19Z</time>
      </trkpt>
      <trkpt lat="34.20593" lon="-118.01894">
        <ele>591.04</ele>
        <time>2025-10-18T16:43:23Z</time>
      </trkpt>
      <trkpt lat="34.20596" lon="-118.01895">
        <ele>590.83</ele>
        <time>2025-10-18T16:43:27Z</time>
      </trkpt>
      <trkpt lat="34.20599" lon="-118.01891">
        <ele>589.23</ele>
        <time>2025-10-18T16:43:30Z</time>
      </trkpt>
      <trkpt lat="34.20601" lon="-118.01887">
        <ele>587.76</ele>
        <time>2025-10-18T16:43:33Z</time>
      </trkpt>
      <trkpt lat="34.20604" lon="-118.01883">
        <ele>586.96</ele>
        <time>2025-10-18T16:43:36Z</time>
      </trkpt>
      <trkpt lat="34.20606" lon="-118.0188">
        <ele>586.53</ele>
        <time>2025-10-18T16:43:39Z</time>
      </trkpt>
      <trkpt lat="34.20609" lon="-118.01878">
        <ele>586.6</ele>
        <time>2025-10-18T16:43:43Z</time>
      </trkpt>
      <trkpt lat="34.20612" lon="-118.01879">
        <ele>587.11</ele>
        <time>2025-10-18T16:43:48Z</time>
      </trkpt>
      <trkpt lat="34.20616" lon="-118.01881">
        <ele>588.35</ele>
        <time>2025-10-18T16:43:53Z</time>
      </trkpt>
      <trkpt lat="34.2062" lon="-118.0188">
        <ele>589.0</ele>
        <time>2025-10-18T16:43:58Z</time>
      </trkpt>
      <trkpt lat="34.20623" lon="-118.01878">
        <ele>588.81</ele>
        <time>2025-10-18T16:44:02Z</time>
      </trkpt>
      <trkpt lat="34.20626" lon="-118.01876">
        <ele>588.67</ele>
        <time>2025-10-18T16:44:06Z</time>
      </trkpt>
      <trkpt lat="34.2063" lon="-118.01874">
        <ele>588.84</ele>
        <time>2025-10-18T16:44:10Z</time>
      </trkpt>
      <trkpt lat="34.20633" lon="-118.01872">
        <ele>588.78</ele>
        <time>2025-10-18T16:44:14Z</time>
      </trkpt>
      <trkpt lat="34.20636" lon="-118.01871">
        <ele>588.87</ele>
        <time>2025-10-18T16:44:18Z</time>
      </trkpt>
      <trkpt lat="34.2064" lon="-118.01869">
        <ele>588.94</ele>
        <time>2025-10-18T16:44:22Z</time>
      </trkpt>
      <trkpt lat="34.20643" lon="-118.01867">
        <ele>589.16</ele>
        <time>2025-10-18T16:44:26Z</time>
      </trkpt>
      <trkpt lat="34.20646" lon="-118.01863">
        <ele>588.94</ele>
        <time>2025-10-18T16:44:30Z</time>
      </trkpt>
      <trkpt lat="34.20646" lon="-118.01857">
        <ele>587.75</ele>
        <time>2025-10-18T16:44:32Z</time>
      </trkpt>
      <trkpt lat="34.20645" lon="-118.01853">
        <ele>586.87</ele>
        <time>2025-10-18T16:44:34Z</time>
      </trkpt>
      <trkpt lat="34.20645" lon="-118.01848">
        <ele>586.52</ele>
        <time>2025-10-18T16:44:37Z</time>
      </trkpt>
      <trkpt lat="34.20648" lon="-118.01845">
        <ele>586.97</ele>
        <time>2025-10-18T16:44:41Z</time>
      </trkpt>
      <trkpt lat="34.20651" lon="-118.01843">
        <ele>587.94</ele>
        <time>2025-10-18T16:44:44Z</time>
      </trkpt>
      <trkpt lat="34.20653" lon="-118.0184">
        <ele>588.29</ele>
        <time>2025-10-18T16:44:47Z</time>
      </trkpt>
      <trkpt lat="34.20655" lon="-118.01837">
        <ele>588.62</ele>
        <time>2025-10-18T16:44:50Z</time>
      </trkpt>
      <trkpt lat="34.20657" lon="-118.01833">
        <ele>588.87</ele>
        <time>2025-10-18T16:44:53Z</time>
      </trkpt>
      <trkpt lat="34.20659" lon="-118.0183">
        <ele>589.63</ele>
        <time>2025-10-18T16:44:56Z</time>
      </trkpt>
      <trkpt lat="34.20661" lon="-118.01826">
        <ele>590.24</ele>
        <time>2025-10-18T16:45:00Z</time>
      </trkpt>
      <trkpt lat="34.20664" lon="-118.01822">
        <ele>590.98</ele>
        <time>2025-10-18T16:45:04Z</time>
      </trkpt>
      <trkpt lat="34.20666" lon="-118.01818">
        <ele>591.18</ele>
        <time>2025-10-18T16:45:08Z</time>
      </trkpt>
      <trkpt lat="34.20669" lon="-118.01815">
        <ele>591.53</ele>
        <time>2025-10-18T16:45:12Z</time>
      </trkpt>
      <trkpt lat="34.20672" lon="-118.01811">
        <ele>591.74</ele>
        <time>2025-10-18T16:45:16Z</time>
      </trkpt>
      <trkpt lat="34.20675" lon="-118.01808">
        <ele>592.06</ele>
        <time>2025-10-18T16:45:20Z</time>
      </trkpt>
      <trkpt lat="34.20678" lon="-118.01807">
        <ele>592.64</ele>
        <time>2025-10-18T16:45:24Z</time>
      </trkpt>
      <trkpt lat="34.20681" lon="-118.01809">
        <ele>593.67</ele>
        <time>2025-10-18T16:45:28Z</time>
      </trkpt>
      <trkpt lat="34.20685" lon="-118.01811">
        <ele>595.12</ele>
        <time>2025-10-18T16:45:32Z</time>
      </trkpt>
      <trkpt lat="34.20688" lon="-118.01811">
        <ele>595.84</ele>
        <time>2025-10-18T16:45:36Z</time>
      </trkpt>
      <trkpt lat="34.20692" lon="-118.0181">
        <ele>596.4</ele>
        <time>2025-10-18T16:45:40Z</time>
      </trkpt>
      <trkpt lat="34.20697" lon="-118.01811">
        <ele>597.51</ele>
        <time>2025-10-18T16:45:43Z</time>
      </trkpt>
      <trkpt lat="34.20701" lon="-118.01811">
        <ele>597.77</ele>
        <time>2025-10-18T16:45:45Z</time>
      </trkpt>
      <trkpt lat="34.20706" lon="-118.01811">
        <ele>598.09</ele>
        <time>2025-10-18T16:45:48Z</time>
      </trkpt>
      <trkpt lat="34.2071" lon="-118.01813">
        <ele>599.57</ele>
        <time>2025-10-18T16:45:51Z</time>
      </trkpt>
      <trkpt lat="34.20713" lon="-118.01814">
        <ele>600.47</ele>
        <time>2025-10-18T16:45:54Z</time>
      </trkpt>
      <trkpt lat="34.20717" lon="-118.01814">
        <ele>600.51</ele>
        <time>2025-10-18T16:45:58Z</time>
      </trkpt>
      <trkpt lat="34.20721" lon="-118.01815">
        <ele>601.08</ele>
        <time>2025-10-18T16:46:02Z</time>
      </trkpt>
      <trkpt lat="34.20725" lon="-118.01816">
        <ele>601.77</ele>
        <time>2025-10-18T16:46:06Z</time>
      </trkpt>
      <trkpt lat="34.20729" lon="-118.01816">
        <ele>602.15</ele>
        <time>2025-10-18T16:46:10Z</time>
      </trkpt>
      <trkpt lat="34.20732" lon="-118.01817">
        <ele>602.76</ele>
        <time>2025-10-18T16:46:14Z</time>
      </trkpt>
      <trkpt lat="34.20736" lon="-118.01814">
        <ele>602.09</ele>
        <time>2025-10-18T16:46:18Z</time>
      </trkpt>
      <trkpt lat="34.20738" lon="-118.01811">
        <ele>600.93</ele>
        <time>2025-10-18T16:46:21Z</time>
      </trkpt>
      <trkpt lat="34.20742" lon="-118.01808">
        <ele>600.33</ele>
        <time>2025-10-18T16:46:25Z</time>
      </trkpt>
      <trkpt lat="34.20745" lon="-118.01808">
        <ele>600.98</ele>
        <time>2025-10-18T16:46:29Z</time>
      </trkpt>
      <trkpt lat="34.20749" lon="-118.01807">
        <ele>601.41</ele>
        <time>2025-10-18T16:46:33Z</time>
      </trkpt>
      <trkpt lat="34.20752" lon="-118.01806">
        <ele>601.83</ele>
        <time>2025-10-18T16:46:37Z</time>
      </trkpt>
      <trkpt lat="34.20755" lon="-118.01804">
        <ele>602.12</ele>
        <time>2025-10-18T16:46:41Z</time>
      </trkpt>
      <trkpt lat="34.20759" lon="-118.01801">
        <ele>602.44</ele>
        <time>2025-10-18T16:46:45Z</time>
      </trkpt>
      <trkpt lat="34.20762" lon="-118.01798">
        <ele>602.44</ele>
        <time>2025-10-18T16:46:49Z</time>
      </trkpt>
      <trkpt lat="34.20764" lon="-118.01794">
        <ele>601.92</ele>
        <time>2025-10-18T16:46:53Z</time>
      </trkpt>
      <trkpt lat="34.20762" lon="-118.0179">
        <ele>600.05</ele>
        <time>2025-10-18T16:46:57Z</time>
      </trkpt>
      <trkpt lat="34.20762" lon="-118.01785">
        <ele>598.68</ele>
        <time>2025-10-18T16:47:01Z</time>
      </trkpt>
      <trkpt lat="34.20763" lon="-118.01781">
        <ele>598.05</ele>
        <time>2025-10-18T16:47:06Z</time>
      </trkpt>
      <trkpt lat="34.20765" lon="-118.01777">
        <ele>597.76</ele>
        <time>2025-10-18T16:47:34Z</time>
      </trkpt>
      <trkpt lat="34.20766" lon="-118.01774">
        <ele>597.59</ele>
        <time>2025-10-18T16:47:38Z</time>
      </trkpt>
      <trkpt lat="34.20771" lon="-118.01771">
        <ele>598.14</ele>
        <time>2025-10-18T16:47:41Z</time>
      </trkpt>
      <trkpt lat="34.20774" lon="-118.0177">
        <ele>598.6</ele>
        <time>2025-10-18T16:47:43Z</time>
      </trkpt>
      <trkpt lat="34.20778" lon="-118.01768">
        <ele>598.93</ele>
        <time>2025-10-18T16:47:45Z</time>
      </trkpt>
      <trkpt lat="34.20782" lon="-118.01766">
        <ele>599.24</ele>
        <time>2025-10-18T16:47:48Z</time>
      </trkpt>
      <trkpt lat="34.20785" lon="-118.01763">
        <ele>598.9</ele>
        <time>2025-10-18T16:47:51Z</time>
      </trkpt>
      <trkpt lat="34.20789" lon="-118.01762">
        <ele>599.1</ele>
        <time>2025-10-18T16:47:54Z</time>
      </trkpt>
      <trkpt lat="34.20792" lon="-118.01761">
        <ele>599.1</ele>
        <time>2025-10-18T16:47:57Z</time>
      </trkpt>
      <trkpt lat="34.20795" lon="-118.0176">
        <ele>599.1</ele>
        <time>2025-10-18T16:48:00Z</time>
      </trkpt>
      <trkpt lat="34.20798" lon="-118.0176">
        <ele>599.42</ele>
        <time>2025-10-18T16:48:03Z</time>
      </trkpt>
      <trkpt lat="34.20802" lon="-118.01763">
        <ele>600.83</ele>
        <time>2025-10-18T16:48:06Z</time>
      </trkpt>
      <trkpt lat="34.20804" lon="-118.01766">
        <ele>602.02</ele>
        <time>2025-10-18T16:48:09Z</time>
      </trkpt>
      <trkpt lat="34.20807" lon="-118.01769">
        <ele>603.36</ele>
        <time>2025-10-18T16:48:12Z</time>
      </trkpt>
      <trkpt lat="34.2081" lon="-118.01771">
        <ele>604.55</ele>
        <time>2025-10-18T16:48:15Z</time>
      </trkpt>
      <trkpt lat="34.20813" lon="-118.01774">
        <ele>606.17</ele>
        <time>2025-10-18T16:48:18Z</time>
      </trkpt>
      <trkpt lat="34.20816" lon="-118.01776">
        <ele>607.26</ele>
        <time>2025-10-18T16:48:21Z</time>
      </trkpt>
      <trkpt lat="34.20819" lon="-118.01778">
        <ele>608.07</ele>
        <time>2025-10-18T16:48:24Z</time>
      </trkpt>
      <trkpt lat="34.20822" lon="-118.01779">
        <ele>608.4</ele>
        <time>2025-10-18T16:48:27Z</time>
      </trkpt>
      <trkpt lat="34.20826" lon="-118.01781">
        <ele>608.84</ele>
        <time>2025-10-18T16:48:31Z</time>
      </trkpt>
      <trkpt lat="34.2083" lon="-118.01783">
        <ele>609.05</ele>
        <time>2025-10-18T16:48:35Z</time>
      </trkpt>
      <trkpt lat="34.20834" lon="-118.01784">
        <ele>609.02</ele>
        <time>2025-10-18T16:48:39Z</time>
      </trkpt>
      <trkpt lat="34.20838" lon="-118.01785">
        <ele>609.34</ele>
        <time>2025-10-18T16:48:43Z</time>
      </trkpt>
      <trkpt lat="34.20842" lon="-118.01786">
        <ele>609.66</ele>
        <time>2025-10-18T16:48:47Z</time>
      </trkpt>
      <trkpt lat="34.20846" lon="-118.01787">
        <ele>609.62</ele>
        <time>2025-10-18T16:48:51Z</time>
      </trkpt>
      <trkpt lat="34.20849" lon="-118.01789">
        <ele>609.73</ele>
        <time>2025-10-18T16:48:55Z</time>
      </trkpt>
      <trkpt lat="34.20853" lon="-118.0179">
        <ele>609.52</ele>
        <time>2025-10-18T16:48:59Z</time>
      </trkpt>
      <trkpt lat="34.20856" lon="-118.01792">
        <ele>609.62</ele>
        <time>2025-10-18T16:49:03Z</time>
      </trkpt>
      <trkpt lat="34.20859" lon="-118.0179">
        <ele>608.87</ele>
        <time>2025-10-18T16:49:07Z</time>
      </trkpt>
      <trkpt lat="34.20863" lon="-118.01789">
        <ele>608.22</ele>
        <time>2025-10-18T16:49:11Z</time>
      </trkpt>
      <trkpt lat="34.20866" lon="-118.01792">
        <ele>608.54</ele>
        <time>2025-10-18T16:49:18Z</time>
      </trkpt>
      <trkpt lat="34.20869" lon="-118.01795">
        <ele>608.87</ele>
        <time>2025-10-18T16:49:22Z</time>
      </trkpt>
      <trkpt lat="34.20873" lon="-118.01797">
        <ele>609.21</ele>
        <time>2025-10-18T16:49:26Z</time>
      </trkpt>
      <trkpt lat="34.20876" lon="-118.01799">
        <ele>609.7</ele>
        <time>2025-10-18T16:49:29Z</time>
      </trkpt>
      <trkpt lat="34.20879" lon="-118.01801">
        <ele>610.05</ele>
        <time>2025-10-18T16:49:32Z</time>
      </trkpt>
      <trkpt lat="34.20882" lon="-118.01804">
        <ele>610.41</ele>
        <time>2025-10-18T16:49:36Z</time>
      </trkpt>
      <trkpt lat="34.20883" lon="-118.01807">
        <ele>611.1</ele>
        <time>2025-10-18T16:49:39Z</time>
      </trkpt>
      <trkpt lat="34.20885" lon="-118.01812">
        <ele>612.51</ele>
        <time>2025-10-18T16:49:42Z</time>
      </trkpt>
      <trkpt lat="34.20888" lon="-118.01815">
        <ele>613.16</ele>
        <time>2025-10-18T16:49:45Z</time>
      </trkpt>
      <trkpt lat="34.20891" lon="-118.01817">
        <ele>613.65</ele>
        <time>2025-10-18T16:49:49Z</time>
      </trkpt>
      <trkpt lat="34.20895" lon="-118.01818">
        <ele>613.8</ele>
        <time>2025-10-18T16:49:53Z</time>
      </trkpt>
      <trkpt lat="34.20898" lon="-118.01821">
        <ele>614.35</ele>
        <time>2025-10-18T16:49:57Z</time>
      </trkpt>
      <trkpt lat="34.20901" lon="-118.01823">
        <ele>614.46</ele>
        <time>2025-10-18T16:50:00Z</time>
      </trkpt>
      <trkpt lat="34.20904" lon="-118.01826">
        <ele>614.78</ele>
        <time>2025-10-18T16:50:04Z</time>
      </trkpt>
      <trkpt lat="34.20907" lon="-118.01827">
        <ele>614.68</ele>
        <time>2025-10-18T16:50:09Z</time>
      </trkpt>
      <trkpt lat="34.2091" lon="-118.01824">
        <ele>613.7</ele>
        <time>2025-10-18T16:50:13Z</time>
      </trkpt>
      <trkpt lat="34.20914" lon="-118.01824">
        <ele>613.27</ele>
        <time>2025-10-18T16:50:18Z</time>
      </trkpt>
      <trkpt lat="34.20918" lon="-118.01826">
        <ele>613.27</ele>
        <time>2025-10-18T16:50:22Z</time>
      </trkpt>
      <trkpt lat="34.20921" lon="-118.01828">
        <ele>613.38</ele>
        <time>2025-10-18T16:50:26Z</time>
      </trkpt>
      <trkpt lat="34.20925" lon="-118.01829">
        <ele>613.16</ele>
        <time>2025-10-18T16:50:30Z</time>
      </trkpt>
      <trkpt lat="34.20929" lon="-118.01827">
        <ele>612.63</ele>
        <time>2025-10-18T16:50:34Z</time>
      </trkpt>
      <trkpt lat="34.20932" lon="-118.01825">
        <ele>612.2</ele>
        <time>2025-10-18T16:50:38Z</time>
      </trkpt>
      <trkpt lat="34.20934" lon="-118.01821">
        <ele>611.96</ele>
        <time>2025-10-18T16:50:41Z</time>
      </trkpt>
      <trkpt lat="34.20937" lon="-118.01817">
        <ele>612.35</ele>
        <time>2025-10-18T16:50:44Z</time>
      </trkpt>
      <trkpt lat="34.20939" lon="-118.01813">
        <ele>613.07</ele>
        <time>2025-10-18T16:50:47Z</time>
      </trkpt>
      <trkpt lat="34.20942" lon="-118.0181">
        <ele>614.62</ele>
        <time>2025-10-18T16:50:50Z</time>
      </trkpt>
      <trkpt lat="34.20945" lon="-118.01807">
        <ele>616.7</ele>
        <time>2025-10-18T16:50:54Z</time>
      </trkpt>
      <trkpt lat="34.20947" lon="-118.01804">
        <ele>618.67</ele>
        <time>2025-10-18T16:50:58Z</time>
      </trkpt>
      <trkpt lat="34.20945" lon="-118.01808">
        <ele>616.37</ele>
        <time>2025-10-18T16:51:07Z</time>
      </trkpt>
      <trkpt lat="34.20944" lon="-118.01804">
        <ele>617.59</ele>
        <time>2025-10-18T16:51:21Z</time>
      </trkpt>
      <trkpt lat="34.20946" lon="-118.018">
        <ele>620.5</ele>
        <time>2025-10-18T16:51:25Z</time>
      </trkpt>
      <trkpt lat="34.20949" lon="-118.01799">
        <ele>622.02</ele>
        <time>2025-10-18T16:51:30Z</time>
      </trkpt>
      <trkpt lat="34.20954" lon="-118.018">
        <ele>623.05</ele>
        <time>2025-10-18T16:51:34Z</time>
      </trkpt>
      <trkpt lat="34.20957" lon="-118.01802">
        <ele>622.41</ele>
        <time>2025-10-18T16:51:36Z</time>
      </trkpt>
      <trkpt lat="34.2096" lon="-118.01804">
        <ele>621.63</ele>
        <time>2025-10-18T16:51:38Z</time>
      </trkpt>
      <trkpt lat="34.20964" lon="-118.01806">
        <ele>620.81</ele>
        <time>2025-10-18T16:51:41Z</time>
      </trkpt>
      <trkpt lat="34.20967" lon="-118.01807">
        <ele>620.44</ele>
        <time>2025-10-18T16:51:44Z</time>
      </trkpt>
      <trkpt lat="34.20971" lon="-118.01808">
        <ele>620.17</ele>
        <time>2025-10-18T16:51:48Z</time>
      </trkpt>
      <trkpt lat="34.20974" lon="-118.01808">
        <ele>620.4</ele>
        <time>2025-10-18T16:51:52Z</time>
      </trkpt>
      <trkpt lat="34.20978" lon="-118.01807">
        <ele>621.16</ele>
        <time>2025-10-18T16:51:56Z</time>
      </trkpt>
      <trkpt lat="34.20981" lon="-118.01806">
        <ele>621.8</ele>
        <time>2025-10-18T16:52:00Z</time>
      </trkpt>
      <trkpt lat="34.20984" lon="-118.01806">
        <ele>621.86</ele>
        <time>2025-10-18T16:52:05Z</time>
      </trkpt>
      <trkpt lat="34.20988" lon="-118.01806">
        <ele>621.86</ele>
        <time>2025-10-18T16:52:10Z</time>
      </trkpt>
      <trkpt lat="34.20991" lon="-118.01805">
        <ele>622.39</ele>
        <time>2025-10-18T16:52:14Z</time>
      </trkpt>
      <trkpt lat="34.20994" lon="-118.01804">
        <ele>622.76</ele>
        <time>2025-10-18T16:52:18Z</time>
      </trkpt>
      <trkpt lat="34.20998" lon="-118.01803">
        <ele>622.93</ele>
        <time>2025-10-18T16:52:22Z</time>
      </trkpt>
      <trkpt lat="34.21001" lon="-118.01803">
        <ele>622.63</ele>
        <time>2025-10-18T16:52:26Z</time>
      </trkpt>
      <trkpt lat="34.21005" lon="-118.01801">
        <ele>623.69</ele>
        <time>2025-10-18T16:52:30Z</time>
      </trkpt>
      <trkpt lat="34.21009" lon="-118.01799">
        <ele>624.56</ele>
        <time>2025-10-18T16:52:34Z</time>
      </trkpt>
      <trkpt lat="34.21012" lon="-118.01797">
        <ele>624.8</ele>
        <time>2025-10-18T16:52:38Z</time>
      </trkpt>
      <trkpt lat="34.21015" lon="-118.01796">
        <ele>624.45</ele>
        <time>2025-10-18T16:52:42Z</time>
      </trkpt>
      <trkpt lat="34.21019" lon="-118.01794">
        <ele>625.39</ele>
        <time>2025-10-18T16:52:46Z</time>
      </trkpt>
      <trkpt lat="34.21022" lon="-118.01793">
        <ele>625.78</ele>
        <time>2025-10-18T16:52:50Z</time>
      </trkpt>
      <trkpt lat="34.21026" lon="-118.01792">
        <ele>625.71</ele>
        <time>2025-10-18T16:52:54Z</time>
      </trkpt>
      <trkpt lat="34.2103" lon="-118.0179">
        <ele>626.43</ele>
        <time>2025-10-18T16:52:58Z</time>
      </trkpt>
      <trkpt lat="34.21033" lon="-118.01788">
        <ele>627.26</ele>
        <time>2025-10-18T16:53:02Z</time>
      </trkpt>
      <trkpt lat="34.21037" lon="-118.01787">
        <ele>627.03</ele>
        <time>2025-10-18T16:53:06Z</time>
      </trkpt>
      <trkpt lat="34.21041" lon="-118.01786">
        <ele>627.89</ele>
        <time>2025-10-18T16:53:10Z</time>
      </trkpt>
      <trkpt lat="34.21046" lon="-118.01785">
        <ele>628.64</ele>
        <time>2025-10-18T16:53:14Z</time>
      </trkpt>
      <trkpt lat="34.2105" lon="-118.01784">
        <ele>629.38</ele>
        <time>2025-10-18T16:53:18Z</time>
      </trkpt>
      <trkpt lat="34.21054" lon="-118.01783">
        <ele>630.14</ele>
        <time>2025-10-18T16:53:22Z</time>
      </trkpt>
      <trkpt lat="34.21057" lon="-118.01782">
        <ele>630.7</ele>
        <time>2025-10-18T16:53:26Z</time>
      </trkpt>
      <trkpt lat="34.21061" lon="-118.01781">
        <ele>631.16</ele>
        <time>2025-10-18T16:53:30Z</time>
      </trkpt>
      <trkpt lat="34.21065" lon="-118.0178">
        <ele>631.52</ele>
        <time>2025-10-18T16:53:34Z</time>
      </trkpt>
      <trkpt lat="34.21069" lon="-118.01779">
        <ele>631.74</ele>
        <time>2025-10-18T16:53:38Z</time>
      </trkpt>
      <trkpt lat="34.21073" lon="-118.01778">
        <ele>631.95</ele>
        <time>2025-10-18T16:53:43Z</time>
      </trkpt>
      <trkpt lat="34.21077" lon="-118.01777">
        <ele>632.25</ele>
        <time>2025-10-18T16:53:47Z</time>
      </trkpt>
      <trkpt lat="34.2108" lon="-118.01776">
        <ele>632.58</ele>
        <time>2025-10-18T16:53:51Z</time>
      </trkpt>
      <trkpt lat="34.21084" lon="-118.01776">
        <ele>632.58</ele>
        <time>2025-10-18T16:53:55Z</time>
      </trkpt>
      <trkpt lat="34.21087" lon="-118.01778">
        <ele>631.96</ele>
        <time>2025-10-18T16:53:58Z</time>
      </trkpt>
      <trkpt lat="34.21091" lon="-118.01778">
        <ele>631.97</ele>
        <time>2025-10-18T16:54:02Z</time>
      </trkpt>
      <trkpt lat="34.21094" lon="-118.01779">
        <ele>632.0</ele>
        <time>2025-10-18T16:54:06Z</time>
      </trkpt>
      <trkpt lat="34.21098" lon="-118.01782">
        <ele>631.86</ele>
        <time>2025-10-18T16:54:10Z</time>
      </trkpt>
      <trkpt lat="34.21101" lon="-118.01784">
        <ele>631.63</ele>
        <time>2025-10-18T16:54:14Z</time>
      </trkpt>
      <trkpt lat="34.21105" lon="-118.01784">
        <ele>631.88</ele>
        <time>2025-10-18T16:54:18Z</time>
      </trkpt>
      <trkpt lat="34.21108" lon="-118.01785">
        <ele>631.96</ele>
        <time>2025-10-18T16:54:22Z</time>
      </trkpt>
      <trkpt lat="34.21112" lon="-118.01785">
        <ele>632.34</ele>
        <time>2025-10-18T16:54:26Z</time>
      </trkpt>
      <trkpt lat="34.21116" lon="-118.01785">
        <ele>632.86</ele>
        <time>2025-10-18T16:54:30Z</time>
      </trkpt>
      <trkpt lat="34.21119" lon="-118.01785">
        <ele>633.26</ele>
        <time>2025-10-18T16:54:34Z</time>
      </trkpt>
      <trkpt lat="34.21122" lon="-118.01787">
        <ele>633.36</ele>
        <time>2025-10-18T16:54:39Z</time>
      </trkpt>
      <trkpt lat="34.21126" lon="-118.0179">
        <ele>633.7</ele>
        <time>2025-10-18T16:54:45Z</time>
      </trkpt>
      <trkpt lat="34.21129" lon="-118.01792">
        <ele>633.83</ele>
        <time>2025-10-18T16:54:48Z</time>
      </trkpt>
      <trkpt lat="34.21131" lon="-118.01796">
        <ele>633.37</ele>
        <time>2025-10-18T16:54:51Z</time>
      </trkpt>
      <trkpt lat="34.21133" lon="-118.01801">
        <ele>632.71</ele>
        <time>2025-10-18T16:54:54Z</time>
      </trkpt>
      <trkpt lat="34.21136" lon="-118.01804">
        <ele>632.71</ele>
        <time>2025-10-18T16:54:57Z</time>
      </trkpt>
      <trkpt lat="34.21138" lon="-118.01807">
        <ele>632.51</ele>
        <time>2025-10-18T16:55:01Z</time>
      </trkpt>
      <trkpt lat="34.21141" lon="-118.01809">
        <ele>632.71</ele>
        <time>2025-10-18T16:55:06Z</time>
      </trkpt>
      <trkpt lat="34.21144" lon="-118.01813">
        <ele>632.5</ele>
        <time>2025-10-18T16:55:11Z</time>
      </trkpt>
      <trkpt lat="34.21146" lon="-118.01816">
        <ele>632.31</ele>
        <time>2025-10-18T16:55:15Z</time>
      </trkpt>
      <trkpt lat="34.21148" lon="-118.0182">
        <ele>631.86</ele>
        <time>2025-10-18T16:55:19Z</time>
      </trkpt>
      <trkpt lat="34.21151" lon="-118.01822">
        <ele>632.0</ele>
        <time>2025-10-18T16:55:23Z</time>
      </trkpt>
      <trkpt lat="34.21153" lon="-118.01825">
        <ele>632.1</ele>
        <time>2025-10-18T16:55:27Z</time>
      </trkpt>
      <trkpt lat="34.21156" lon="-118.01828">
        <ele>633.06</ele>
        <time>2025-10-18T16:55:32Z</time>
      </trkpt>
      <trkpt lat="34.21159" lon="-118.01831">
        <ele>634.39</ele>
        <time>2025-10-18T16:55:37Z</time>
      </trkpt>
      <trkpt lat="34.21158" lon="-118.01834">
        <ele>634.26</ele>
        <time>2025-10-18T16:55:43Z</time>
      </trkpt>
      <trkpt lat="34.21157" lon="-118.01838">
        <ele>633.85</ele>
        <time>2025-10-18T16:55:50Z</time>
      </trkpt>
      <trkpt lat="34.21154" lon="-118.0184">
        <ele>632.63</ele>
        <time>2025-10-18T16:55:54Z</time>
      </trkpt>
      <trkpt lat="34.21152" lon="-118.01841">
        <ele>631.76</ele>
        <time>2025-10-18T16:56:36Z</time>
      </trkpt>
      <trkpt lat="34.21152" lon="-118.01846">
        <ele>631.36</ele>
        <time>2025-10-18T16:56:39Z</time>
      </trkpt>
      <trkpt lat="34.21152" lon="-118.01851">
        <ele>630.91</ele>
        <time>2025-10-18T16:56:42Z</time>
      </trkpt>
      <trkpt lat="34.21152" lon="-118.01855">
        <ele>631.68</ele>
        <time>2025-10-18T16:56:46Z</time>
      </trkpt>
      <trkpt lat="34.21156" lon="-118.01858">
        <ele>631.64</ele>
        <time>2025-10-18T16:56:49Z</time>
      </trkpt>
      <trkpt lat="34.21158" lon="-118.01861">
        <ele>631.27</ele>
        <time>2025-10-18T16:56:53Z</time>
      </trkpt>
      <trkpt lat="34.21159" lon="-118.01866">
        <ele>632.29</ele>
        <time>2025-10-18T16:56:57Z</time>
      </trkpt>
      <trkpt lat="34.21159" lon="-118.0187">
        <ele>632.78</ele>
        <time>2025-10-18T16:57:02Z</time>
      </trkpt>
      <trkpt lat="34.2116" lon="-118.01873">
        <ele>633.74</ele>
        <time>2025-10-18T16:57:07Z</time>
      </trkpt>
      <trkpt lat="34.21159" lon="-118.01877">
        <ele>635.79</ele>
        <time>2025-10-18T16:57:12Z</time>
      </trkpt>
      <trkpt lat="34.21161" lon="-118.01881">
        <ele>636.15</ele>
        <time>2025-10-18T16:57:17Z</time>
      </trkpt>
      <trkpt lat="34.21163" lon="-118.01884">
        <ele>635.69</ele>
        <time>2025-10-18T16:57:20Z</time>
      </trkpt>
      <trkpt lat="34.21166" lon="-118.01887">
        <ele>634.14</ele>
        <time>2025-10-18T16:57:23Z</time>
      </trkpt>
      <trkpt lat="34.21169" lon="-118.0189">
        <ele>633.93</ele>
        <time>2025-10-18T16:57:26Z</time>
      </trkpt>
      <trkpt lat="34.2117" lon="-118.01894">
        <ele>634.35</ele>
        <time>2025-10-18T16:57:30Z</time>
      </trkpt>
      <trkpt lat="34.2117" lon="-118.01898">
        <ele>634.9</ele>
        <time>2025-10-18T16:57:34Z</time>
      </trkpt>
      <trkpt lat="34.2117" lon="-118.01902">
        <ele>635.45</ele>
        <time>2025-10-18T16:57:39Z</time>
      </trkpt>
      <trkpt lat="34.21166" lon="-118.01903">
        <ele>637.77</ele>
        <time>2025-10-18T16:57:53Z</time>
      </trkpt>
      <trkpt lat="34.21165" lon="-118.01907">
        <ele>639.71</ele>
        <time>2025-10-18T16:58:06Z</time>
      </trkpt>
      <trkpt lat="34.21168" lon="-118.01909">
        <ele>637.6</ele>
        <time>2025-10-18T16:58:18Z</time>
      </trkpt>
      <trkpt lat="34.21171" lon="-118.01909">
        <ele>635.92</ele>
        <time>2025-10-18T16:58:28Z</time>
      </trkpt>
      <trkpt lat="34.21175" lon="-118.01909">
        <ele>633.69</ele>
        <time>2025-10-18T16:58:44Z</time>
      </trkpt>
      <trkpt lat="34.21178" lon="-118.01909">
        <ele>633.4</ele>
        <time>2025-10-18T16:58:54Z</time>
      </trkpt>
      <trkpt lat="34.21181" lon="-118.01911">
        <ele>633.94</ele>
        <time>2025-10-18T16:59:02Z</time>
      </trkpt>
      <trkpt lat="34.21182" lon="-118.01916">
        <ele>634.58</ele>
        <time>2025-10-18T16:59:06Z</time>
      </trkpt>
      <trkpt lat="34.21183" lon="-118.01921">
        <ele>635.7</ele>
        <time>2025-10-18T16:59:08Z</time>
      </trkpt>
      <trkpt lat="34.21184" lon="-118.01926">
        <ele>636.9</ele>
        <time>2025-10-18T16:59:10Z</time>
      </trkpt>
      <trkpt lat="34.21185" lon="-118.01931">
        <ele>639.16</ele>
        <time>2025-10-18T16:59:13Z</time>
      </trkpt>
      <trkpt lat="34.21186" lon="-118.01935">
        <ele>641.45</ele>
        <time>2025-10-18T16:59:17Z</time>
      </trkpt>
      <trkpt lat="34.21187" lon="-118.01939">
        <ele>643.33</ele>
        <time>2025-10-18T16:59:23Z</time>
      </trkpt>
      <trkpt lat="34.21188" lon="-118.01943">
        <ele>645.1</ele>
        <time>2025-10-18T16:59:30Z</time>
      </trkpt>
      <trkpt lat="34.21183" lon="-118.01946">
        <ele>643.8</ele>
        <time>2025-10-18T16:59:34Z</time>
      </trkpt>
      <trkpt lat="34.2118" lon="-118.01947">
        <ele>643.15</ele>
        <time>2025-10-18T16:59:36Z</time>
      </trkpt>
      <trkpt lat="34.21177" lon="-118.0195">
        <ele>643.15</ele>
        <time>2025-10-18T16:59:40Z</time>
      </trkpt>
      <trkpt lat="34.21177" lon="-118.01954">
        <ele>644.49</ele>
        <time>2025-10-18T16:59:44Z</time>
      </trkpt>
      <trkpt lat="34.21175" lon="-118.01958">
        <ele>645.76</ele>
        <time>2025-10-18T16:59:49Z</time>
      </trkpt>
      <trkpt lat="34.21172" lon="-118.0196">
        <ele>646.14</ele>
        <time>2025-10-18T16:59:52Z</time>
      </trkpt>
      <trkpt lat="34.21168" lon="-118.01962">
        <ele>646.05</ele>
        <time>2025-10-18T16:59:56Z</time>
      </trkpt>
      <trkpt lat="34.21164" lon="-118.01959">
        <ele>647.74</ele>
        <time>2025-10-18T16:59:59Z</time>
      </trkpt>
      <trkpt lat="34.21162" lon="-118.01956">
        <ele>649.03</ele>
        <time>2025-10-18T17:00:03Z</time>
      </trkpt>
      <trkpt lat="34.21158" lon="-118.01955">
        <ele>652.7</ele>
        <time>2025-10-18T17:00:10Z</time>
      </trkpt>
      <trkpt lat="34.21154" lon="-118.01954">
        <ele>657.12</ele>
        <time>2025-10-18T17:00:15Z</time>
      </trkpt>
      <trkpt lat="34.21151" lon="-118.01952">
        <ele>660.06</ele>
        <time>2025-10-18T17:00:21Z</time>
      </trkpt>
      <trkpt lat="34.21149" lon="-118.01948">
        <ele>661.14</ele>
        <time>2025-10-18T17:00:26Z</time>
      </trkpt>
      <trkpt lat="34.21149" lon="-118.01944">
        <ele>659.89</ele>
        <time>2025-10-18T17:00:29Z</time>
      </trkpt>
      <trkpt lat="34.21153" lon="-118.01941">
        <ele>654.49</ele>
        <time>2025-10-18T17:00:31Z</time>
      </trkpt>
      <trkpt lat="34.21155" lon="-118.01938">
        <ele>651.47</ele>
        <time>2025-10-18T17:00:33Z</time>
      </trkpt>
      <trkpt lat="34.21159" lon="-118.01935">
        <ele>646.96</ele>
        <time>2025-10-18T17:00:35Z</time>
      </trkpt>
      <trkpt lat="34.21162" lon="-118.01933">
        <ele>644.91</ele>
        <time>2025-10-18T17:00:37Z</time>
      </trkpt>
      <trkpt lat="34.21165" lon="-118.0193">
        <ele>642.62</ele>
        <time>2025-10-18T17:00:39Z</time>
      </trkpt>
      <trkpt lat="34.21169" lon="-118.01928">
        <ele>640.08</ele>
        <time>2025-10-18T17:00:42Z</time>
      </trkpt>
      <trkpt lat="34.21172" lon="-118.01926">
        <ele>638.14</ele>
        <time>2025-10-18T17:00:47Z</time>
      </trkpt>
      <trkpt lat="34.21168" lon="-118.01925">
        <ele>640.17</ele>
        <time>2025-10-18T17:00:53Z</time>
      </trkpt>
      <trkpt lat="34.21165" lon="-118.01924">
        <ele>642.13</ele>
        <time>2025-10-18T17:00:57Z</time>
      </trkpt>
      <trkpt lat="34.21162" lon="-118.01922">
        <ele>644.53</ele>
        <time>2025-10-18T17:01:11Z</time>
      </trkpt>
      <trkpt lat="34.21164" lon="-118.01923">
        <ele>642.88</ele>
        <time>2025-10-18T17:01:58Z</time>
      </trkpt>
      <trkpt lat="34.21166" lon="-118.0192">
        <ele>640.96</ele>
        <time>2025-10-18T17:02:22Z</time>
      </trkpt>
      <trkpt lat="34.21166" lon="-118.01916">
        <ele>640.51</ele>
        <time>2025-10-18T17:02:23Z</time>
      </trkpt>
      <trkpt lat="34.21166" lon="-118.01911">
        <ele>639.47</ele>
        <time>2025-10-18T17:02:25Z</time>
      </trkpt>
      <trkpt lat="34.21168" lon="-118.01916">
        <ele>639.0</ele>
        <time>2025-10-18T17:02:41Z</time>
      </trkpt>
      <trkpt lat="34.21168" lon="-118.01921">
        <ele>639.67</ele>
        <time>2025-10-18T17:02:44Z</time>
      </trkpt>
      <trkpt lat="34.21169" lon="-118.01924">
        <ele>639.48</ele>
        <time>2025-10-18T17:02:56Z</time>
      </trkpt>
      <trkpt lat="34.2117" lon="-118.01921">
        <ele>638.48</ele>
        <time>2025-10-18T17:03:13Z</time>
      </trkpt>
      <trkpt lat="34.21168" lon="-118.01919">
        <ele>639.42</ele>
        <time>2025-10-18T17:03:50Z</time>
      </trkpt>
      <trkpt lat="34.21164" lon="-118.01918">
        <ele>642.65</ele>
        <time>2025-10-18T17:03:56Z</time>
      </trkpt>
      <trkpt lat="34.21161" lon="-118.01918">
        <ele>645.48</ele>
        <time>2025-10-18T17:04:04Z</time>
      </trkpt>
      <trkpt lat="34.21161" lon="-118.01922">
        <ele>645.38</ele>
        <time>2025-10-18T17:04:10Z</time>
      </trkpt>
      <trkpt lat="34.21165" lon="-118.01925">
        <ele>642.2</ele>
        <time>2025-10-18T17:04:20Z</time>
      </trkpt>
      <trkpt lat="34.21168" lon="-118.01926">
        <ele>640.29</ele>
        <time>2025-10-18T17:04:25Z</time>
      </trkpt>
      <trkpt lat="34.21171" lon="-118.01925">
        <ele>638.51</ele>
        <time>2025-10-18T17:04:45Z</time>
      </trkpt>
      <trkpt lat="34.21174" lon="-118.01922">
        <ele>636.28</ele>
        <time>2025-10-18T17:04:54Z</time>
      </trkpt>
      <trkpt lat="34.21176" lon="-118.0192">
        <ele>634.73</ele>
        <time>2025-10-18T17:05:26Z</time>
      </trkpt>
      <trkpt lat="34.21179" lon="-118.01919">
        <ele>634.84</ele>
        <time>2025-10-18T17:05:42Z</time>
      </trkpt>
      <trkpt lat="34.21177" lon="-118.01922">
        <ele>635.27</ele>
        <time>2025-10-18T17:05:46Z</time>
      </trkpt>
      <trkpt lat="34.21173" lon="-118.01924">
        <ele>637.23</ele>
        <time>2025-10-18T17:05:48Z</time>
      </trkpt>
      <trkpt lat="34.21171" lon="-118.01927">
        <ele>638.88</ele>
        <time>2025-10-18T17:05:52Z</time>
      </trkpt>
      <trkpt lat="34.21171" lon="-118.01923">
        <ele>638.2</ele>
        <time>2025-10-18T17:05:59Z</time>
      </trkpt>
      <trkpt lat="34.21168" lon="-118.01923">
        <ele>639.92</ele>
        <time>2025-10-18T17:06:44Z</time>
      </trkpt>
      <trkpt lat="34.21168" lon="-118.01927">
        <ele>640.43</ele>
        <time>2025-10-18T17:07:12Z</time>
      </trkpt>
      <trkpt lat="34.21171" lon="-118.0193">
        <ele>639.51</ele>
        <time>2025-10-18T17:07:18Z</time>
      </trkpt>
      <trkpt lat="34.21169" lon="-118.01926">
        <ele>639.75</ele>
        <time>2025-10-18T17:07:25Z</time>
      </trkpt>
      <trkpt lat="34.21172" lon="-118.01926">
        <ele>638.14</ele>
        <time>2025-10-18T17:07:38Z</time>
      </trkpt>
      <trkpt lat="34.21169" lon="-118.01927">
        <ele>639.91</ele>
        <time>2025-10-18T17:07:46Z</time>
      </trkpt>
      <trkpt lat="34.21166" lon="-118.01928">
        <ele>641.71</ele>
        <time>2025-10-18T17:07:52Z</time>
      </trkpt>
      <trkpt lat="34.21169" lon="-118.01928">
        <ele>640.08</ele>
        <time>2025-10-18T17:08:25Z</time>
      </trkpt>
      <trkpt lat="34.21172" lon="-118.01928">
        <ele>638.6</ele>
        <time>2025-10-18T17:08:34Z</time>
      </trkpt>
      <trkpt lat="34.21176" lon="-118.01928">
        <ele>636.68</ele>
        <time>2025-10-18T17:08:42Z</time>
      </trkpt>
      <trkpt lat="34.21179" lon="-118.01927">
        <ele>636.72</ele>
        <time>2025-10-18T17:08:50Z</time>
      </trkpt>
      <trkpt lat="34.21175" lon="-118.01925">
        <ele>636.31</ele>
        <time>2025-10-18T17:09:02Z</time>
      </trkpt>
      <trkpt lat="34.2117" lon="-118.01925">
        <ele>639.06</ele>
        <time>2025-10-18T17:09:04Z</time>
      </trkpt>
      <trkpt lat="34.21169" lon="-118.01921">
        <ele>639.07</ele>
        <time>2025-10-18T17:09:50Z</time>
      </trkpt>
      <trkpt lat="34.21168" lon="-118.01917">
        <ele>639.18</ele>
        <time>2025-10-18T17:09:56Z</time>
      </trkpt>
      <trkpt lat="34.21168" lon="-118.01922">
        <ele>639.79</ele>
        <time>2025-10-18T17:10:08Z</time>
      </trkpt>
      <trkpt lat="34.21169" lon="-118.01926">
        <ele>639.75</ele>
        <time>2025-10-18T17:10:13Z</time>
      </trkpt>
      <trkpt lat="34.21172" lon="-118.01928">
        <ele>638.6</ele>
        <time>2025-10-18T17:10:24Z</time>
      </trkpt>
      <trkpt lat="34.21176" lon="-118.01928">
        <ele>636.68</ele>
        <time>2025-10-18T17:10:27Z</time>
      </trkpt>
      <trkpt lat="34.2118" lon="-118.01927">
        <ele>636.84</ele>
        <time>2025-10-18T17:10:37Z</time>
      </trkpt>
      <trkpt lat="34.21183" lon="-118.01926">
        <ele>636.79</ele>
        <time>2025-10-18T17:10:40Z</time>
      </trkpt>
      <trkpt lat="34.21187" lon="-118.01926">
        <ele>638.6</ele>
        <time>2025-10-18T17:10:46Z</time>
      </trkpt>
      <trkpt lat="34.2118" lon="-118.01926">
        <ele>636.47</ele>
        <time>2025-10-18T17:11:00Z</time>
      </trkpt>
      <trkpt lat="34.21174" lon="-118.01927">
        <ele>637.34</ele>
        <time>2025-10-18T17:11:01Z</time>
      </trkpt>
      <trkpt lat="34.21166" lon="-118.01927">
        <ele>641.61</ele>
        <time>2025-10-18T17:11:03Z</time>
      </trkpt>
      <trkpt lat="34.2117" lon="-118.01929">
        <ele>639.77</ele>
        <time>2025-10-18T17:11:10Z</time>
      </trkpt>
      <trkpt lat="34.21173" lon="-118.01929">
        <ele>638.37</ele>
        <time>2025-10-18T17:11:12Z</time>
      </trkpt>
      <trkpt lat="34.21176" lon="-118.01929">
        <ele>637.01</ele>
        <time>2025-10-18T17:11:16Z</time>
      </trkpt>
      <trkpt lat="34.21171" lon="-118.01928">
        <ele>639.09</ele>
        <time>2025-10-18T17:11:57Z</time>
      </trkpt>
      <trkpt lat="34.21167" lon="-118.01928">
        <ele>641.06</ele>
        <time>2025-10-18T17:12:00Z</time>
      </trkpt>
      <trkpt lat="34.21164" lon="-118.01928">
        <ele>643.18</ele>
        <time>2025-10-18T17:12:19Z</time>
      </trkpt>
      <trkpt lat="34.21165" lon="-118.01925">
        <ele>642.2</ele>
        <time>2025-10-18T17:13:31Z</time>
      </trkpt>
      <trkpt lat="34.21168" lon="-118.01924">
        <ele>640.04</ele>
        <time>2025-10-18T17:14:53Z</time>
      </trkpt>
      <trkpt lat="34.21171" lon="-118.01924">
        <ele>638.35</ele>
        <time>2025-10-18T17:15:04Z</time>
      </trkpt>
      <trkpt lat="34.21174" lon="-118.01925">
        <ele>636.86</ele>
        <time>2025-10-18T17:15:20Z</time>
      </trkpt>
      <trkpt lat="34.21178" lon="-118.01924">
        <ele>635.81</ele>
        <time>2025-10-18T17:15:40Z</time>
      </trkpt>
      <trkpt lat="34.21173" lon="-118.01924">
        <ele>637.23</ele>
        <time>2025-10-18T17:15:46Z</time>
      </trkpt>
      <trkpt lat="34.21168" lon="-118.01924">
        <ele>640.04</ele>
        <time>2025-10-18T17:15:47Z</time>
      </trkpt>
      <trkpt lat="34.21163" lon="-118.01924">
        <ele>643.73</ele>
        <time>2025-10-18T17:15:49Z</time>
      </trkpt>
      <trkpt lat="34.21166" lon="-118.01926">
        <ele>641.51</ele>
        <time>2025-10-18T17:17:04Z</time>
      </trkpt>
      <trkpt lat="34.21169" lon="-118.01926">
        <ele>639.75</ele>
        <time>2025-10-18T17:17:55Z</time>
      </trkpt>
      <trkpt lat="34.21172" lon="-118.01925">
        <ele>637.96</ele>
        <time>2025-10-18T17:18:30Z</time>
      </trkpt>
      <trkpt lat="34.21169" lon="-118.01925">
        <ele>639.61</ele>
        <time>2025-10-18T17:18:51Z</time>
      </trkpt>
      <trkpt lat="34.21172" lon="-118.01926">
        <ele>638.14</ele>
        <time>2025-10-18T17:19:54Z</time>
      </trkpt>
      <trkpt lat="34.21175" lon="-118.01926">
        <ele>636.52</ele>
        <time>2025-10-18T17:20:30Z</time>
      </trkpt>
      <trkpt lat="34.21172" lon="-118.01926">
        <ele>638.14</ele>
        <time>2025-10-18T17:21:36Z</time>
      </trkpt>
      <trkpt lat="34.21169" lon="-118.01926">
        <ele>639.75</ele>
        <time>2025-10-18T17:21:40Z</time>
      </trkpt>
      <trkpt lat="34.21165" lon="-118.01927">
        <ele>642.36</ele>
        <time>2025-10-18T17:21:45Z</time>
      </trkpt>
      <trkpt lat="34.21162" lon="-118.01927">
        <ele>644.59</ele>
        <time>2025-10-18T17:21:50Z</time>
      </trkpt>
      <trkpt lat="34.21166" lon="-118.01927">
        <ele>641.61</ele>
        <time>2025-10-18T17:22:15Z</time>
      </trkpt>
      <trkpt lat="34.21169" lon="-118.01927">
        <ele>639.91</ele>
        <time>2025-10-18T17:22:26Z</time>
      </trkpt>
      <trkpt lat="34.21172" lon="-118.01927">
        <ele>638.37</ele>
        <time>2025-10-18T17:22:41Z</time>
      </trkpt>
      <trkpt lat="34.21175" lon="-118.01928">
        <ele>637.13</ele>
        <time>2025-10-18T17:23:44Z</time>
      </trkpt>
      <trkpt lat="34.21171" lon="-118.01928">
        <ele>639.09</ele>
        <time>2025-10-18T17:24:32Z</time>
      </trkpt>
      <trkpt lat="34.21167" lon="-118.01928">
        <ele>641.06</ele>
        <time>2025-10-18T17:24:39Z</time>
      </trkpt>
      <trkpt lat="34.2117" lon="-118.01928">
        <ele>639.59</ele>
        <time>2025-10-18T17:25:21Z</time>
      </trkpt>
      <trkpt lat="34.21174" lon="-118.01928">
        <ele>637.62</ele>
        <time>2025-10-18T17:25:40Z</time>
      </trkpt>
      <trkpt lat="34.21179" lon="-118.01928">
        <ele>637.08</ele>
        <time>2025-10-18T17:25:50Z</time>
      </trkpt>
      <trkpt lat="34.21184" lon="-118.01928">
        <ele>637.74</ele>
        <time>2025-10-18T17:25:53Z</time>
      </trkpt>
      <trkpt lat="34.21187" lon="-118.01928">
        <ele>639.38</ele>
        <time>2025-10-18T17:26:06Z</time>
      </trkpt>
      <trkpt lat="34.21187" lon="-118.01923">
        <ele>637.87</ele>
        <time>2025-10-18T17:26:20Z</time>
      </trkpt>
      <trkpt lat="34.21187" lon="-118.01919">
        <ele>636.93</ele>
        <time>2025-10-18T17:26:23Z</time>
      </trkpt>
      <trkpt lat="34.21187" lon="-118.01924">
        <ele>638.11</ele>
        <time>2025-10-18T17:26:49Z</time>
      </trkpt>
      <trkpt lat="34.21187" lon="-118.01929">
        <ele>639.77</ele>
        <time>2025-10-18T17:26:51Z</time>
      </trkpt>
      <trkpt lat="34.21183" lon="-118.01929">
        <ele>638.01</ele>
        <time>2025-10-18T17:26:57Z</time>
      </trkpt>
      <trkpt lat="34.2118" lon="-118.01927">
        <ele>636.84</ele>
        <time>2025-10-18T17:27:56Z</time>
      </trkpt>
      <trkpt lat="34.21175" lon="-118.01927">
        <ele>636.82</ele>
        <time>2025-10-18T17:27:58Z</time>
      </trkpt>
      <trkpt lat="34.2117" lon="-118.01927">
        <ele>639.4</ele>
        <time>2025-10-18T17:28:00Z</time>
      </trkpt>
      <trkpt lat="34.21167" lon="-118.01924">
        <ele>640.6</ele>
        <time>2025-10-18T17:28:37Z</time>
      </trkpt>
      <trkpt lat="34.21164" lon="-118.01921">
        <ele>642.79</ele>
        <time>2025-10-18T17:28:38Z</time>
      </trkpt>
      <trkpt lat="34.2116" lon="-118.01917">
        <ele>646.46</ele>
        <time>2025-10-18T17:28:40Z</time>
      </trkpt>
      <trkpt lat="34.21162" lon="-118.01922">
        <ele>644.53</ele>
        <time>2025-10-18T17:28:45Z</time>
      </trkpt>
      <trkpt lat="34.21164" lon="-118.01925">
        <ele>642.97</ele>
        <time>2025-10-18T17:28:47Z</time>
      </trkpt>
      <trkpt lat="34.21167" lon="-118.01925">
        <ele>640.72</ele>
        <time>2025-10-18T17:29:36Z</time>
      </trkpt>
      <trkpt lat="34.21171" lon="-118.01925">
        <ele>638.51</ele>
        <time>2025-10-18T17:29:54Z</time>
      </trkpt>
      <trkpt lat="34.21168" lon="-118.01928">
        <ele>640.57</ele>
        <time>2025-10-18T17:30:38Z</time>
      </trkpt>
      <trkpt lat="34.21172" lon="-118.01928">
        <ele>638.6</ele>
        <time>2025-10-18T17:31:02Z</time>
      </trkpt>
      <trkpt lat="34.21175" lon="-118.01925">
        <ele>636.31</ele>
        <time>2025-10-18T17:31:14Z</time>
      </trkpt>
      <trkpt lat="34.21175" lon="-118.0192">
        <ele>635.28</ele>
        <time>2025-10-18T17:31:16Z</time>
      </trkpt>
      <trkpt lat="34.21174" lon="-118.01916">
        <ele>635.16</ele>
        <time>2025-10-18T17:31:24Z</time>
      </trkpt>
      <trkpt lat="34.21169" lon="-118.0192">
        <ele>638.94</ele>
        <time>2025-10-18T17:31:27Z</time>
      </trkpt>
      <trkpt lat="34.21167" lon="-118.01923">
        <ele>640.49</ele>
        <time>2025-10-18T17:31:31Z</time>
      </trkpt>
      <trkpt lat="34.21166" lon="-118.01929">
        <ele>641.81</ele>
        <time>2025-10-18T17:31:35Z</time>
      </trkpt>
      <trkpt lat="34.21167" lon="-118.01933">
        <ele>641.64</ele>
        <time>2025-10-18T17:31:38Z</time>
      </trkpt>
      <trkpt lat="34.2117" lon="-118.01937">
        <ele>641.19</ele>
        <time>2025-10-18T17:31:43Z</time>
      </trkpt>
      <trkpt lat="34.21172" lon="-118.01939">
        <ele>640.92</ele>
        <time>2025-10-18T17:31:51Z</time>
      </trkpt>
      <trkpt lat="34.2117" lon="-118.01936">
        <ele>641.04</ele>
        <time>2025-10-18T17:32:28Z</time>
      </trkpt>
      <trkpt lat="34.21166" lon="-118.01935">
        <ele>642.41</ele>
        <time>2025-10-18T17:32:45Z</time>
      </trkpt>
      <trkpt lat="34.21168" lon="-118.01932">
        <ele>641.12</ele>
        <time>2025-10-18T17:33:21Z</time>
      </trkpt>
      <trkpt lat="34.21166" lon="-118.01929">
        <ele>641.81</ele>
        <time>2025-10-18T17:34:02Z</time>
      </trkpt>
      <trkpt lat="34.21165" lon="-118.01923">
        <ele>642.06</ele>
        <time>2025-10-18T17:34:18Z</time>
      </trkpt>
      <trkpt lat="34.21165" lon="-118.01919">
        <ele>641.78</ele>
        <time>2025-10-18T17:34:22Z</time>
      </trkpt>
      <trkpt lat="34.21163" lon="-118.01923">
        <ele>643.71</ele>
        <time>2025-10-18T17:34:38Z</time>
      </trkpt>
      <trkpt lat="34.21162" lon="-118.01926">
        <ele>644.53</ele>
        <time>2025-10-18T17:35:06Z</time>
      </trkpt>
      <trkpt lat="34.21162" lon="-118.01922">
        <ele>644.53</ele>
        <time>2025-10-18T17:36:14Z</time>
      </trkpt>
      <trkpt lat="34.21164" lon="-118.01919">
        <ele>642.7</ele>
        <time>2025-10-18T17:36:33Z</time>
      </trkpt>
      <trkpt lat="34.21164" lon="-118.01924">
        <ele>642.93</ele>
        <time>2025-10-18T17:36:50Z</time>
      </trkpt>
      <trkpt lat="34.21164" lon="-118.01928">
        <ele>643.18</ele>
        <time>2025-10-18T17:36:52Z</time>
      </trkpt>
      <trkpt lat="34.21164" lon="-118.01932">
        <ele>643.48</ele>
        <time>2025-10-18T17:36:56Z</time>
      </trkpt>
      <trkpt lat="34.21167" lon="-118.01929">
        <ele>641.18</ele>
        <time>2025-10-18T17:37:28Z</time>
      </trkpt>
      <trkpt lat="34.21165" lon="-118.01924">
        <ele>642.13</ele>
        <time>2025-10-18T17:38:10Z</time>
      </trkpt>
      <trkpt lat="34.21162" lon="-118.0192">
        <ele>644.53</ele>
        <time>2025-10-18T17:38:12Z</time>
      </trkpt>
      <trkpt lat="34.21161" lon="-118.01924">
        <ele>645.33</ele>
        <time>2025-10-18T17:38:17Z</time>
      </trkpt>
      <trkpt lat="34.21164" lon="-118.01926">
        <ele>643.02</ele>
        <time>2025-10-18T17:38:26Z</time>
      </trkpt>
      <trkpt lat="34.21163" lon="-118.01931">
        <ele>644.1</ele>
        <time>2025-10-18T17:39:00Z</time>
      </trkpt>
      <trkpt lat="34.21164" lon="-118.01925">
        <ele>642.97</ele>
        <time>2025-10-18T17:39:08Z</time>
      </trkpt>
      <trkpt lat="34.21164" lon="-118.01921">
        <ele>642.79</ele>
        <time>2025-10-18T17:39:09Z</time>
      </trkpt>
      <trkpt lat="34.21167" lon="-118.01919">
        <ele>640.05</ele>
        <time>2025-10-18T17:39:44Z</time>
      </trkpt>
      <trkpt lat="34.21169" lon="-118.01916">
        <ele>638.36</ele>
        <time>2025-10-18T17:40:22Z</time>
      </trkpt>
      <trkpt lat="34.21165" lon="-118.0192">
        <ele>641.85</ele>
        <time>2025-10-18T17:41:01Z</time>
      </trkpt>
      <trkpt lat="34.21163" lon="-118.01923">
        <ele>643.71</ele>
        <time>2025-10-18T17:41:05Z</time>
      </trkpt>
      <trkpt lat="34.2116" lon="-118.0192">
        <ele>646.32</ele>
        <time>2025-10-18T17:41:13Z</time>
      </trkpt>
      <trkpt lat="34.2116" lon="-118.01924">
        <ele>646.13</ele>
        <time>2025-10-18T17:41:37Z</time>
      </trkpt>
      <trkpt lat="34.21164" lon="-118.01924">
        <ele>642.93</ele>
        <time>2025-10-18T17:42:33Z</time>
      </trkpt>
      <trkpt lat="34.21167" lon="-118.01924">
        <ele>640.6</ele>
        <time>2025-10-18T17:42:38Z</time>
      </trkpt>
      <trkpt lat="34.2117" lon="-118.01927">
        <ele>639.4</ele>
        <time>2025-10-18T17:42:50Z</time>
      </trkpt>
      <trkpt lat="34.21167" lon="-118.01929">
        <ele>641.18</ele>
        <time>2025-10-18T17:43:01Z</time>
      </trkpt>
      <trkpt lat="34.21164" lon="-118.01932">
        <ele>643.48</ele>
        <time>2025-10-18T17:43:08Z</time>
      </trkpt>
      <trkpt lat="34.21162" lon="-118.01924">
        <ele>644.53</ele>
        <time>2025-10-18T17:43:21Z</time>
      </trkpt>
      <trkpt lat="34.21162" lon="-118.01918">
        <ele>644.53</ele>
        <time>2025-10-18T17:43:24Z</time>
      </trkpt>
      <trkpt lat="34.21159" lon="-118.01913">
        <ele>646.99</ele>
        <time>2025-10-18T17:43:34Z</time>
      </trkpt>
      <trkpt lat="34.21158" lon="-118.01917">
        <ele>648.39</ele>
        <time>2025-10-18T17:43:51Z</time>
      </trkpt>
      <trkpt lat="34.21157" lon="-118.0192">
        <ele>649.12</ele>
        <time>2025-10-18T17:43:59Z</time>
      </trkpt>
      <trkpt lat="34.21154" lon="-118.01926">
        <ele>652.05</ele>
        <time>2025-10-18T17:45:26Z</time>
      </trkpt>
      <trkpt lat="34.21157" lon="-118.01929">
        <ele>648.48</ele>
        <time>2025-10-18T17:45:34Z</time>
      </trkpt>
      <trkpt lat="34.21161" lon="-118.0193">
        <ele>645.45</ele>
        <time>2025-10-18T17:45:36Z</time>
      </trkpt>
      <trkpt lat="34.21165" lon="-118.01932">
        <ele>642.8</ele>
        <time>2025-10-18T17:45:39Z</time>
      </trkpt>
      <trkpt lat="34.21166" lon="-118.01936">
        <ele>642.53</ele>
        <time>2025-10-18T17:45:45Z</time>
      </trkpt>
      <trkpt lat="34.21167" lon="-118.0194">
        <ele>642.43</ele>
        <time>2025-10-18T17:45:54Z</time>
      </trkpt>
      <trkpt lat="34.21167" lon="-118.01944">
        <ele>642.88</ele>
        <time>2025-10-18T17:46:05Z</time>
      </trkpt>
      <trkpt lat="34.21169" lon="-118.01947">
        <ele>642.91</ele>
        <time>2025-10-18T17:46:15Z</time>
      </trkpt>
      <trkpt lat="34.21172" lon="-118.01948">
        <ele>642.67</ele>
        <time>2025-10-18T17:46:21Z</time>
      </trkpt>
      <trkpt lat="34.21176" lon="-118.01947">
        <ele>641.85</ele>
        <time>2025-10-18T17:46:27Z</time>
      </trkpt>
      <trkpt lat="34.21176" lon="-118.01941">
        <ele>640.28</ele>
        <time>2025-10-18T17:46:29Z</time>
      </trkpt>
      <trkpt lat="34.21177" lon="-118.01936">
        <ele>639.42</ele>
        <time>2025-10-18T17:46:30Z</time>
      </trkpt>
      <trkpt lat="34.21178" lon="-118.0193">
        <ele>637.64</ele>
        <time>2025-10-18T17:46:32Z</time>
      </trkpt>
      <trkpt lat="34.2118" lon="-118.01927">
        <ele>636.84</ele>
        <time>2025-10-18T17:46:36Z</time>
      </trkpt>
      <trkpt lat="34.21181" lon="-118.01923">
        <ele>635.92</ele>
        <time>2025-10-18T17:46:42Z</time>
      </trkpt>
      <trkpt lat="34.21182" lon="-118.01919">
        <ele>635.16</ele>
        <time>2025-10-18T17:46:47Z</time>
      </trkpt>
      <trkpt lat="34.21184" lon="-118.01916">
        <ele>634.8</ele>
        <time>2025-10-18T17:46:54Z</time>
      </trkpt>
      <trkpt lat="34.21182" lon="-118.01912">
        <ele>634.15</ele>
        <time>2025-10-18T17:47:07Z</time>
      </trkpt>
      <trkpt lat="34.21179" lon="-118.01911">
        <ele>633.72</ele>
        <time>2025-10-18T17:47:09Z</time>
      </trkpt>
      <trkpt lat="34.21175" lon="-118.01909">
        <ele>633.69</ele>
        <time>2025-10-18T17:47:13Z</time>
      </trkpt>
      <trkpt lat="34.21174" lon="-118.01913">
        <ele>634.77</ele>
        <time>2025-10-18T17:47:32Z</time>
      </trkpt>
      <trkpt lat="34.2117" lon="-118.0191">
        <ele>636.66</ele>
        <time>2025-10-18T17:47:54Z</time>
      </trkpt>
      <trkpt lat="34.21167" lon="-118.01906">
        <ele>637.53</ele>
        <time>2025-10-18T17:47:57Z</time>
      </trkpt>
      <trkpt lat="34.21166" lon="-118.01902">
        <ele>637.55</ele>
        <time>2025-10-18T17:48:03Z</time>
      </trkpt>
      <trkpt lat="34.21165" lon="-118.01897">
        <ele>637.51</ele>
        <time>2025-10-18T17:48:07Z</time>
      </trkpt>
      <trkpt lat="34.21163" lon="-118.01893">
        <ele>638.41</ele>
        <time>2025-10-18T17:48:10Z</time>
      </trkpt>
      <trkpt lat="34.21162" lon="-118.01888">
        <ele>637.74</ele>
        <time>2025-10-18T17:48:13Z</time>
      </trkpt>
      <trkpt lat="34.21161" lon="-118.01883">
        <ele>636.85</ele>
        <time>2025-10-18T17:48:16Z</time>
      </trkpt>
      <trkpt lat="34.21159" lon="-118.01879">
        <ele>636.69</ele>
        <time>2025-10-18T17:48:19Z</time>
      </trkpt>
      <trkpt lat="34.21156" lon="-118.01875">
        <ele>637.02</ele>
        <time>2025-10-18T17:48:22Z</time>
      </trkpt>
      <trkpt lat="34.21155" lon="-118.01872">
        <ele>636.31</ele>
        <time>2025-10-18T17:48:25Z</time>
      </trkpt>
      <trkpt lat="34.21153" lon="-118.01868">
        <ele>636.16</ele>
        <time>2025-10-18T17:48:28Z</time>
      </trkpt>
      <trkpt lat="34.21151" lon="-118.01864">
        <ele>635.47</ele>
        <time>2025-10-18T17:48:31Z</time>
      </trkpt>
      <trkpt lat="34.2115" lon="-118.0186">
        <ele>633.74</ele>
        <time>2025-10-18T17:48:35Z</time>
      </trkpt>
      <trkpt lat="34.21151" lon="-118.01856">
        <ele>632.03</ele>
        <time>2025-10-18T17:48:38Z</time>
      </trkpt>
      <trkpt lat="34.21152" lon="-118.01851">
        <ele>630.91</ele>
        <time>2025-10-18T17:48:42Z</time>
      </trkpt>
      <trkpt lat="34.21151" lon="-118.01847">
        <ele>630.94</ele>
        <time>2025-10-18T17:48:46Z</time>
      </trkpt>
      <trkpt lat="34.2115" lon="-118.01842">
        <ele>630.85</ele>
        <time>2025-10-18T17:48:50Z</time>
      </trkpt>
      <trkpt lat="34.21149" lon="-118.01837">
        <ele>630.92</ele>
        <time>2025-10-18T17:48:54Z</time>
      </trkpt>
      <trkpt lat="34.21151" lon="-118.01834">
        <ele>631.87</ele>
        <time>2025-10-18T17:48:57Z</time>
      </trkpt>
      <trkpt lat="34.21153" lon="-118.01829">
        <ele>632.33</ele>
        <time>2025-10-18T17:49:01Z</time>
      </trkpt>
      <trkpt lat="34.21151" lon="-118.01827">
        <ele>631.71</ele>
        <time>2025-10-18T17:49:15Z</time>
      </trkpt>
      <trkpt lat="34.21148" lon="-118.01824">
        <ele>631.0</ele>
        <time>2025-10-18T17:49:18Z</time>
      </trkpt>
      <trkpt lat="34.21146" lon="-118.0182">
        <ele>631.55</ele>
        <time>2025-10-18T17:49:20Z</time>
      </trkpt>
      <trkpt lat="34.21144" lon="-118.01816">
        <ele>631.91</ele>
        <time>2025-10-18T17:49:23Z</time>
      </trkpt>
      <trkpt lat="34.21141" lon="-118.01813">
        <ele>631.85</ele>
        <time>2025-10-18T17:49:27Z</time>
      </trkpt>
      <trkpt lat="34.21139" lon="-118.0181">
        <ele>632.06</ele>
        <time>2025-10-18T17:49:31Z</time>
      </trkpt>
      <trkpt lat="34.21136" lon="-118.01807">
        <ele>632.11</ele>
        <time>2025-10-18T17:49:34Z</time>
      </trkpt>
      <trkpt lat="34.21133" lon="-118.01803">
        <ele>632.28</ele>
        <time>2025-10-18T17:49:38Z</time>
      </trkpt>
      <trkpt lat="34.21131" lon="-118.01801">
        <ele>632.28</ele>
        <time>2025-10-18T17:49:41Z</time>
      </trkpt>
      <trkpt lat="34.21128" lon="-118.01799">
        <ele>632.24</ele>
        <time>2025-10-18T17:49:44Z</time>
      </trkpt>
      <trkpt lat="34.21125" lon="-118.01796">
        <ele>632.55</ele>
        <time>2025-10-18T17:49:47Z</time>
      </trkpt>
      <trkpt lat="34.21122" lon="-118.01793">
        <ele>632.59</ele>
        <time>2025-10-18T17:49:51Z</time>
      </trkpt>
      <trkpt lat="34.21119" lon="-118.01789">
        <ele>632.61</ele>
        <time>2025-10-18T17:49:55Z</time>
      </trkpt>
      <trkpt lat="34.21117" lon="-118.01786">
        <ele>632.82</ele>
        <time>2025-10-18T17:49:58Z</time>
      </trkpt>
      <trkpt lat="34.21115" lon="-118.01782">
        <ele>633.19</ele>
        <time>2025-10-18T17:50:02Z</time>
      </trkpt>
      <trkpt lat="34.21112" lon="-118.01785">
        <ele>632.34</ele>
        <time>2025-10-18T17:50:06Z</time>
      </trkpt>
      <trkpt lat="34.21108" lon="-118.01787">
        <ele>631.67</ele>
        <time>2025-10-18T17:50:10Z</time>
      </trkpt>
      <trkpt lat="34.21105" lon="-118.01788">
        <ele>631.2</ele>
        <time>2025-10-18T17:50:14Z</time>
      </trkpt>
      <trkpt lat="34.21101" lon="-118.01789">
        <ele>630.77</ele>
        <time>2025-10-18T17:50:18Z</time>
      </trkpt>
      <trkpt lat="34.21097" lon="-118.01787">
        <ele>631.01</ele>
        <time>2025-10-18T17:50:22Z</time>
      </trkpt>
      <trkpt lat="34.21095" lon="-118.01783">
        <ele>631.55</ele>
        <time>2025-10-18T17:50:25Z</time>
      </trkpt>
      <trkpt lat="34.21092" lon="-118.01781">
        <ele>631.63</ele>
        <time>2025-10-18T17:50:28Z</time>
      </trkpt>
      <trkpt lat="34.21088" lon="-118.01781">
        <ele>631.48</ele>
        <time>2025-10-18T17:50:32Z</time>
      </trkpt>
      <trkpt lat="34.21084" lon="-118.01781">
        <ele>631.33</ele>
        <time>2025-10-18T17:50:36Z</time>
      </trkpt>
      <trkpt lat="34.2108" lon="-118.01781">
        <ele>631.3</ele>
        <time>2025-10-18T17:50:40Z</time>
      </trkpt>
      <trkpt lat="34.21076" lon="-118.01782">
        <ele>631.09</ele>
        <time>2025-10-18T17:50:44Z</time>
      </trkpt>
      <trkpt lat="34.21073" lon="-118.01783">
        <ele>630.87</ele>
        <time>2025-10-18T17:50:47Z</time>
      </trkpt>
      <trkpt lat="34.21069" lon="-118.01784">
        <ele>630.66</ele>
        <time>2025-10-18T17:50:50Z</time>
      </trkpt>
      <trkpt lat="34.21066" lon="-118.01785">
        <ele>630.44</ele>
        <time>2025-10-18T17:50:53Z</time>
      </trkpt>
      <trkpt lat="34.21063" lon="-118.01785">
        <ele>630.29</ele>
        <time>2025-10-18T17:50:56Z</time>
      </trkpt>
      <trkpt lat="34.21059" lon="-118.01786">
        <ele>629.67</ele>
        <time>2025-10-18T17:50:59Z</time>
      </trkpt>
      <trkpt lat="34.21056" lon="-118.01787">
        <ele>629.06</ele>
        <time>2025-10-18T17:51:02Z</time>
      </trkpt>
      <trkpt lat="34.21052" lon="-118.01788">
        <ele>628.26</ele>
        <time>2025-10-18T17:51:05Z</time>
      </trkpt>
      <trkpt lat="34.21047" lon="-118.01789">
        <ele>627.24</ele>
        <time>2025-10-18T17:51:07Z</time>
      </trkpt>
      <trkpt lat="34.21042" lon="-118.01789">
        <ele>626.59</ele>
        <time>2025-10-18T17:51:09Z</time>
      </trkpt>
      <trkpt lat="34.21038" lon="-118.0179">
        <ele>625.54</ele>
        <time>2025-10-18T17:51:11Z</time>
      </trkpt>
      <trkpt lat="34.21034" lon="-118.0179">
        <ele>625.85</ele>
        <time>2025-10-18T17:51:15Z</time>
      </trkpt>
      <trkpt lat="34.21031" lon="-118.01791">
        <ele>625.61</ele>
        <time>2025-10-18T17:51:19Z</time>
      </trkpt>
      <trkpt lat="34.21028" lon="-118.01792">
        <ele>625.23</ele>
        <time>2025-10-18T17:51:23Z</time>
      </trkpt>
      <trkpt lat="34.21024" lon="-118.01794">
        <ele>624.45</ele>
        <time>2025-10-18T17:51:27Z</time>
      </trkpt>
      <trkpt lat="34.21021" lon="-118.01796">
        <ele>623.03</ele>
        <time>2025-10-18T17:51:31Z</time>
      </trkpt>
      <trkpt lat="34.21018" lon="-118.01797">
        <ele>623.0</ele>
        <time>2025-10-18T17:51:35Z</time>
      </trkpt>
      <trkpt lat="34.21014" lon="-118.01799">
        <ele>623.45</ele>
        <time>2025-10-18T17:51:40Z</time>
      </trkpt>
      <trkpt lat="34.21012" lon="-118.01801">
        <ele>623.02</ele>
        <time>2025-10-18T17:51:44Z</time>
      </trkpt>
      <trkpt lat="34.21008" lon="-118.01802">
        <ele>622.97</ele>
        <time>2025-10-18T17:51:48Z</time>
      </trkpt>
      <trkpt lat="34.21005" lon="-118.01804">
        <ele>621.92</ele>
        <time>2025-10-18T17:51:52Z</time>
      </trkpt>
      <trkpt lat="34.21001" lon="-118.01805">
        <ele>621.35</ele>
        <time>2025-10-18T17:51:56Z</time>
      </trkpt>
      <trkpt lat="34.20998" lon="-118.01806">
        <ele>621.11</ele>
        <time>2025-10-18T17:52:00Z</time>
      </trkpt>
      <trkpt lat="34.20994" lon="-118.01807">
        <ele>621.23</ele>
        <time>2025-10-18T17:52:04Z</time>
      </trkpt>
      <trkpt lat="34.2099" lon="-118.01808">
        <ele>621.21</ele>
        <time>2025-10-18T17:52:08Z</time>
      </trkpt>
      <trkpt lat="34.20986" lon="-118.01809">
        <ele>620.88</ele>
        <time>2025-10-18T17:52:12Z</time>
      </trkpt>
      <trkpt lat="34.20982" lon="-118.0181">
        <ele>620.56</ele>
        <time>2025-10-18T17:52:16Z</time>
      </trkpt>
      <trkpt lat="34.20978" lon="-118.01811">
        <ele>619.86</ele>
        <time>2025-10-18T17:52:20Z</time>
      </trkpt>
      <trkpt lat="34.20975" lon="-118.01812">
        <ele>619.21</ele>
        <time>2025-10-18T17:52:23Z</time>
      </trkpt>
      <trkpt lat="34.20972" lon="-118.01813">
        <ele>618.57</ele>
        <time>2025-10-18T17:52:26Z</time>
      </trkpt>
      <trkpt lat="34.20968" lon="-118.01814">
        <ele>617.85</ele>
        <time>2025-10-18T17:52:29Z</time>
      </trkpt>
      <trkpt lat="34.20964" lon="-118.01812">
        <ele>618.29</ele>
        <time>2025-10-18T17:52:33Z</time>
      </trkpt>
      <trkpt lat="34.20961" lon="-118.01809">
        <ele>619.3</ele>
        <time>2025-10-18T17:52:36Z</time>
      </trkpt>
      <trkpt lat="34.20958" lon="-118.01807">
        <ele>619.84</ele>
        <time>2025-10-18T17:52:39Z</time>
      </trkpt>
      <trkpt lat="34.20955" lon="-118.01805">
        <ele>620.45</ele>
        <time>2025-10-18T17:52:42Z</time>
      </trkpt>
      <trkpt lat="34.20951" lon="-118.01804">
        <ele>619.96</ele>
        <time>2025-10-18T17:52:45Z</time>
      </trkpt>
      <trkpt lat="34.20948" lon="-118.01804">
        <ele>618.99</ele>
        <time>2025-10-18T17:52:48Z</time>
      </trkpt>
      <trkpt lat="34.20945" lon="-118.01807">
        <ele>616.7</ele>
        <time>2025-10-18T17:52:51Z</time>
      </trkpt>
      <trkpt lat="34.20942" lon="-118.0181">
        <ele>614.62</ele>
        <time>2025-10-18T17:52:54Z</time>
      </trkpt>
      <trkpt lat="34.2094" lon="-118.01813">
        <ele>613.35</ele>
        <time>2025-10-18T17:52:57Z</time>
      </trkpt>
      <trkpt lat="34.20937" lon="-118.01816">
        <ele>612.37</ele>
        <time>2025-10-18T17:53:00Z</time>
      </trkpt>
      <trkpt lat="34.20934" lon="-118.01819">
        <ele>611.93</ele>
        <time>2025-10-18T17:53:03Z</time>
      </trkpt>
      <trkpt lat="34.20932" lon="-118.01822">
        <ele>611.92</ele>
        <time>2025-10-18T17:53:06Z</time>
      </trkpt>
      <trkpt lat="34.20929" lon="-118.01824">
        <ele>611.99</ele>
        <time>2025-10-18T17:53:09Z</time>
      </trkpt>
      <trkpt lat="34.20927" lon="-118.01827">
        <ele>612.63</ele>
        <time>2025-10-18T17:53:12Z</time>
      </trkpt>
      <trkpt lat="34.20929" lon="-118.01831">
        <ele>613.5</ele>
        <time>2025-10-18T17:53:17Z</time>
      </trkpt>
      <trkpt lat="34.20932" lon="-118.01831">
        <ele>613.5</ele>
        <time>2025-10-18T17:53:29Z</time>
      </trkpt>
      <trkpt lat="34.20928" lon="-118.01831">
        <ele>613.5</ele>
        <time>2025-10-18T17:53:33Z</time>
      </trkpt>
      <trkpt lat="34.20923" lon="-118.01831">
        <ele>613.81</ele>
        <time>2025-10-18T17:53:35Z</time>
      </trkpt>
      <trkpt lat="34.20918" lon="-118.01831">
        <ele>614.35</ele>
        <time>2025-10-18T17:53:37Z</time>
      </trkpt>
      <trkpt lat="34.20915" lon="-118.0183">
        <ele>614.46</ele>
        <time>2025-10-18T17:53:39Z</time>
      </trkpt>
      <trkpt lat="34.20911" lon="-118.0183">
        <ele>614.89</ele>
        <time>2025-10-18T17:53:41Z</time>
      </trkpt>
      <trkpt lat="34.20908" lon="-118.01829">
        <ele>615.0</ele>
        <time>2025-10-18T17:53:44Z</time>
      </trkpt>
      <trkpt lat="34.20904" lon="-118.01828">
        <ele>615.22</ele>
        <time>2025-10-18T17:53:48Z</time>
      </trkpt>
      <trkpt lat="34.209" lon="-118.01828">
        <ele>615.65</ele>
        <time>2025-10-18T17:53:53Z</time>
      </trkpt>
      <trkpt lat="34.20896" lon="-118.01827">
        <ele>615.94</ele>
        <time>2025-10-18T17:53:57Z</time>
      </trkpt>
      <trkpt lat="34.20893" lon="-118.01825">
        <ele>615.81</ele>
        <time>2025-10-18T17:54:02Z</time>
      </trkpt>
      <trkpt lat="34.20897" lon="-118.01825">
        <ele>615.34</ele>
        <time>2025-10-18T17:54:05Z</time>
      </trkpt>
      <trkpt lat="34.20901" lon="-118.01824">
        <ele>614.68</ele>
        <time>2025-10-18T17:54:08Z</time>
      </trkpt>
      <trkpt lat="34.20897" lon="-118.01823">
        <ele>614.88</ele>
        <time>2025-10-18T17:54:35Z</time>
      </trkpt>
      <trkpt lat="34.20892" lon="-118.01822">
        <ele>615.07</ele>
        <time>2025-10-18T17:54:39Z</time>
      </trkpt>
      <trkpt lat="34.20888" lon="-118.01821">
        <ele>615.16</ele>
        <time>2025-10-18T17:54:41Z</time>
      </trkpt>
      <trkpt lat="34.20884" lon="-118.01821">
        <ele>615.88</ele>
        <time>2025-10-18T17:54:43Z</time>
      </trkpt>
      <trkpt lat="34.2088" lon="-118.01819">
        <ele>615.75</ele>
        <time>2025-10-18T17:54:46Z</time>
      </trkpt>
      <trkpt lat="34.20877" lon="-118.01818">
        <ele>615.94</ele>
        <time>2025-10-18T17:54:49Z</time>
      </trkpt>
      <trkpt lat="34.20876" lon="-118.01814">
        <ele>614.49</ele>
        <time>2025-10-18T17:54:51Z</time>
      </trkpt>
      <trkpt lat="34.20875" lon="-118.01809">
        <ele>612.8</ele>
        <time>2025-10-18T17:54:53Z</time>
      </trkpt>
      <trkpt lat="34.20875" lon="-118.01805">
        <ele>611.35</ele>
        <time>2025-10-18T17:54:55Z</time>
      </trkpt>
      <trkpt lat="34.20874" lon="-118.01801">
        <ele>610.32</ele>
        <time>2025-10-18T17:54:58Z</time>
      </trkpt>
      <trkpt lat="34.20871" lon="-118.01798">
        <ele>609.54</ele>
        <time>2025-10-18T17:55:03Z</time>
      </trkpt>
      <trkpt lat="34.20867" lon="-118.01797">
        <ele>609.59</ele>
        <time>2025-10-18T17:55:08Z</time>
      </trkpt>
      <trkpt lat="34.20864" lon="-118.01795">
        <ele>609.41</ele>
        <time>2025-10-18T17:55:12Z</time>
      </trkpt>
      <trkpt lat="34.20861" lon="-118.01794">
        <ele>609.52</ele>
        <time>2025-10-18T17:55:15Z</time>
      </trkpt>
      <trkpt lat="34.20857" lon="-118.01793">
        <ele>609.73</ele>
        <time>2025-10-18T17:55:18Z</time>
      </trkpt>
      <trkpt lat="34.20854" lon="-118.01791">
        <ele>609.62</ele>
        <time>2025-10-18T17:55:21Z</time>
      </trkpt>
      <trkpt lat="34.20851" lon="-118.0179">
        <ele>609.73</ele>
        <time>2025-10-18T17:55:24Z</time>
      </trkpt>
      <trkpt lat="34.20848" lon="-118.01789">
        <ele>609.84</ele>
        <time>2025-10-18T17:55:27Z</time>
      </trkpt>
      <trkpt lat="34.20844" lon="-118.01788">
        <ele>610.06</ele>
        <time>2025-10-18T17:55:31Z</time>
      </trkpt>
      <trkpt lat="34.2084" lon="-118.01787">
        <ele>609.99</ele>
        <time>2025-10-18T17:55:36Z</time>
      </trkpt>
      <trkpt lat="34.20837" lon="-118.01786">
        <ele>609.66</ele>
        <time>2025-10-18T17:55:41Z</time>
      </trkpt>
      <trkpt lat="34.20833" lon="-118.01784">
        <ele>609.05</ele>
        <time>2025-10-18T17:55:46Z</time>
      </trkpt>
      <trkpt lat="34.2083" lon="-118.01782">
        <ele>608.73</ele>
        <time>2025-10-18T17:55:50Z</time>
      </trkpt>
      <trkpt lat="34.20827" lon="-118.01781">
        <ele>608.73</ele>
        <time>2025-10-18T17:55:54Z</time>
      </trkpt>
      <trkpt lat="34.20823" lon="-118.01779">
        <ele>608.4</ele>
        <time>2025-10-18T17:55:58Z</time>
      </trkpt>
      <trkpt lat="34.20819" lon="-118.01778">
        <ele>608.07</ele>
        <time>2025-10-18T17:56:02Z</time>
      </trkpt>
      <trkpt lat="34.20815" lon="-118.01777">
        <ele>607.67</ele>
        <time>2025-10-18T17:56:06Z</time>
      </trkpt>
      <trkpt lat="34.20811" lon="-118.01775">
        <ele>606.39</ele>
        <time>2025-10-18T17:56:10Z</time>
      </trkpt>
      <trkpt lat="34.20808" lon="-118.01774">
        <ele>605.63</ele>
        <time>2025-10-18T17:56:14Z</time>
      </trkpt>
      <trkpt lat="34.20804" lon="-118.01771">
        <ele>603.9</ele>
        <time>2025-10-18T17:56:18Z</time>
      </trkpt>
      <trkpt lat="34.20807" lon="-118.01768">
        <ele>602.99</ele>
        <time>2025-10-18T17:56:25Z</time>
      </trkpt>
      <trkpt lat="34.2081" lon="-118.01767">
        <ele>602.99</ele>
        <time>2025-10-18T17:56:29Z</time>
      </trkpt>
      <trkpt lat="34.20807" lon="-118.01764">
        <ele>601.69</ele>
        <time>2025-10-18T17:56:35Z</time>
      </trkpt>
      <trkpt lat="34.20802" lon="-118.01763">
        <ele>600.83</ele>
        <time>2025-10-18T17:56:38Z</time>
      </trkpt>
      <trkpt lat="34.20798" lon="-118.01763">
        <ele>600.4</ele>
        <time>2025-10-18T17:56:40Z</time>
      </trkpt>
      <trkpt lat="34.20794" lon="-118.01762">
        <ele>599.64</ele>
        <time>2025-10-18T17:56:42Z</time>
      </trkpt>
      <trkpt lat="34.2079" lon="-118.01761">
        <ele>598.88</ele>
        <time>2025-10-18T17:56:45Z</time>
      </trkpt>
      <trkpt lat="34.20786" lon="-118.01762">
        <ele>598.74</ele>
        <time>2025-10-18T17:56:48Z</time>
      </trkpt>
      <trkpt lat="34.20783" lon="-118.01765">
        <ele>599.15</ele>
        <time>2025-10-18T17:56:51Z</time>
      </trkpt>
      <trkpt lat="34.2078" lon="-118.01767">
        <ele>599.11</ele>
        <time>2025-10-18T17:56:54Z</time>
      </trkpt>
      <trkpt lat="34.20776" lon="-118.01769">
        <ele>598.76</ele>
        <time>2025-10-18T17:56:58Z</time>
      </trkpt>
      <trkpt lat="34.20773" lon="-118.01769">
        <ele>598.1</ele>
        <time>2025-10-18T17:57:01Z</time>
      </trkpt>
      <trkpt lat="34.20769" lon="-118.01771">
        <ele>597.65</ele>
        <time>2025-10-18T17:57:04Z</time>
      </trkpt>
      <trkpt lat="34.20767" lon="-118.01773">
        <ele>597.65</ele>
        <time>2025-10-18T17:57:07Z</time>
      </trkpt>
      <trkpt lat="34.20765" lon="-118.01776">
        <ele>597.62</ele>
        <time>2025-10-18T17:57:10Z</time>
      </trkpt>
      <trkpt lat="34.20763" lon="-118.0178">
        <ele>597.79</ele>
        <time>2025-10-18T17:57:14Z</time>
      </trkpt>
      <trkpt lat="34.20761" lon="-118.01785">
        <ele>598.27</ele>
        <time>2025-10-18T17:57:18Z</time>
      </trkpt>
      <trkpt lat="34.2076" lon="-118.01789">
        <ele>598.94</ele>
        <time>2025-10-18T17:57:22Z</time>
      </trkpt>
      <trkpt lat="34.20758" lon="-118.01794">
        <ele>599.88</ele>
        <time>2025-10-18T17:57:26Z</time>
      </trkpt>
      <trkpt lat="34.20757" lon="-118.01797">
        <ele>600.5</ele>
        <time>2025-10-18T17:57:29Z</time>
      </trkpt>
      <trkpt lat="34.20755" lon="-118.01801">
        <ele>601.14</ele>
        <time>2025-10-18T17:57:32Z</time>
      </trkpt>
      <trkpt lat="34.20754" lon="-118.01804">
        <ele>601.79</ele>
        <time>2025-10-18T17:57:35Z</time>
      </trkpt>
      <trkpt lat="34.20751" lon="-118.01808">
        <ele>602.35</ele>
        <time>2025-10-18T17:57:39Z</time>
      </trkpt>
      <trkpt lat="34.20749" lon="-118.01812">
        <ele>603.57</ele>
        <time>2025-10-18T17:57:43Z</time>
      </trkpt>
      <trkpt lat="34.20746" lon="-118.01815">
        <ele>604.2</ele>
        <time>2025-10-18T17:57:47Z</time>
      </trkpt>
      <trkpt lat="34.20743" lon="-118.01815">
        <ele>603.55</ele>
        <time>2025-10-18T17:57:52Z</time>
      </trkpt>
      <trkpt lat="34.20739" lon="-118.01814">
        <ele>602.44</ele>
        <time>2025-10-18T17:57:56Z</time>
      </trkpt>
      <trkpt lat="34.20736" lon="-118.01815">
        <ele>602.55</ele>
        <time>2025-10-18T17:58:00Z</time>
      </trkpt>
      <trkpt lat="34.20733" lon="-118.01818">
        <ele>603.2</ele>
        <time>2025-10-18T17:58:04Z</time>
      </trkpt>
      <trkpt lat="34.20729" lon="-118.01819">
        <ele>603.21</ele>
        <time>2025-10-18T17:58:08Z</time>
      </trkpt>
      <trkpt lat="34.20726" lon="-118.01819">
        <ele>603.03</ele>
        <time>2025-10-18T17:58:12Z</time>
      </trkpt>
      <trkpt lat="34.20722" lon="-118.01819">
        <ele>602.81</ele>
        <time>2025-10-18T17:58:15Z</time>
      </trkpt>
      <trkpt lat="34.20718" lon="-118.01819">
        <ele>602.81</ele>
        <time>2025-10-18T17:58:18Z</time>
      </trkpt>
      <trkpt lat="34.20714" lon="-118.01818">
        <ele>602.38</ele>
        <time>2025-10-18T17:58:21Z</time>
      </trkpt>
      <trkpt lat="34.2071" lon="-118.01818">
        <ele>602.06</ele>
        <time>2025-10-18T17:58:24Z</time>
      </trkpt>
      <trkpt lat="34.20706" lon="-118.01818">
        <ele>601.62</ele>
        <time>2025-10-18T17:58:28Z</time>
      </trkpt>
      <trkpt lat="34.20703" lon="-118.01817">
        <ele>600.85</ele>
        <time>2025-10-18T17:58:31Z</time>
      </trkpt>
      <trkpt lat="34.20699" lon="-118.01817">
        <ele>600.32</ele>
        <time>2025-10-18T17:58:34Z</time>
      </trkpt>
      <trkpt lat="34.20696" lon="-118.01816">
        <ele>599.57</ele>
        <time>2025-10-18T17:58:37Z</time>
      </trkpt>
      <trkpt lat="34.20692" lon="-118.01816">
        <ele>598.56</ele>
        <time>2025-10-18T17:58:40Z</time>
      </trkpt>
      <trkpt lat="34.20689" lon="-118.01815">
        <ele>597.28</ele>
        <time>2025-10-18T17:58:43Z</time>
      </trkpt>
      <trkpt lat="34.20685" lon="-118.01814">
        <ele>595.77</ele>
        <time>2025-10-18T17:58:47Z</time>
      </trkpt>
      <trkpt lat="34.20682" lon="-118.01814">
        <ele>594.82</ele>
        <time>2025-10-18T17:58:50Z</time>
      </trkpt>
      <trkpt lat="34.20678" lon="-118.01814">
        <ele>593.56</ele>
        <time>2025-10-18T17:58:53Z</time>
      </trkpt>
      <trkpt lat="34.20674" lon="-118.01814">
        <ele>592.5</ele>
        <time>2025-10-18T17:58:57Z</time>
      </trkpt>
      <trkpt lat="34.2067" lon="-118.01814">
        <ele>591.63</ele>
        <time>2025-10-18T17:59:01Z</time>
      </trkpt>
      <trkpt lat="34.20667" lon="-118.01815">
        <ele>591.09</ele>
        <time>2025-10-18T17:59:05Z</time>
      </trkpt>
      <trkpt lat="34.20667" lon="-118.0182">
        <ele>591.65</ele>
        <time>2025-10-18T17:59:08Z</time>
      </trkpt>
      <trkpt lat="34.20668" lon="-118.01824">
        <ele>592.42</ele>
        <time>2025-10-18T17:59:11Z</time>
      </trkpt>
      <trkpt lat="34.20668" lon="-118.01828">
        <ele>592.86</ele>
        <time>2025-10-18T17:59:14Z</time>
      </trkpt>
      <trkpt lat="34.20666" lon="-118.01833">
        <ele>592.68</ele>
        <time>2025-10-18T17:59:18Z</time>
      </trkpt>
      <trkpt lat="34.20664" lon="-118.01837">
        <ele>592.24</ele>
        <time>2025-10-18T17:59:22Z</time>
      </trkpt>
      <trkpt lat="34.20662" lon="-118.0184">
        <ele>591.7</ele>
        <time>2025-10-18T17:59:27Z</time>
      </trkpt>
      <trkpt lat="34.20659" lon="-118.01844">
        <ele>590.84</ele>
        <time>2025-10-18T17:59:31Z</time>
      </trkpt>
      <trkpt lat="34.20657" lon="-118.01848">
        <ele>590.43</ele>
        <time>2025-10-18T17:59:35Z</time>
      </trkpt>
      <trkpt lat="34.20654" lon="-118.01852">
        <ele>589.55</ele>
        <time>2025-10-18T17:59:39Z</time>
      </trkpt>
      <trkpt lat="34.20651" lon="-118.01855">
        <ele>588.81</ele>
        <time>2025-10-18T17:59:43Z</time>
      </trkpt>
      <trkpt lat="34.20649" lon="-118.01859">
        <ele>588.84</ele>
        <time>2025-10-18T17:59:47Z</time>
      </trkpt>
      <trkpt lat="34.20647" lon="-118.01863">
        <ele>589.16</ele>
        <time>2025-10-18T17:59:51Z</time>
      </trkpt>
      <trkpt lat="34.20645" lon="-118.01867">
        <ele>589.59</ele>
        <time>2025-10-18T17:59:55Z</time>
      </trkpt>
      <trkpt lat="34.20644" lon="-118.01871">
        <ele>590.31</ele>
        <time>2025-10-18T17:59:59Z</time>
      </trkpt>
      <trkpt lat="34.20641" lon="-118.01874">
        <ele>590.63</ele>
        <time>2025-10-18T18:00:03Z</time>
      </trkpt>
      <trkpt lat="34.20636" lon="-118.01873">
        <ele>589.45</ele>
        <time>2025-10-18T18:00:06Z</time>
      </trkpt>
      <trkpt lat="34.20633" lon="-118.01875">
        <ele>589.55</ele>
        <time>2025-10-18T18:00:09Z</time>
      </trkpt>
      <trkpt lat="34.20629" lon="-118.01877">
        <ele>589.34</ele>
        <time>2025-10-18T18:00:12Z</time>
      </trkpt>
      <trkpt lat="34.20626" lon="-118.01879">
        <ele>589.45</ele>
        <time>2025-10-18T18:00:15Z</time>
      </trkpt>
      <trkpt lat="34.20623" lon="-118.01882">
        <ele>589.87</ele>
        <time>2025-10-18T18:00:19Z</time>
      </trkpt>
      <trkpt lat="34.2062" lon="-118.01884">
        <ele>589.86</ele>
        <time>2025-10-18T18:00:23Z</time>
      </trkpt>
      <trkpt lat="34.20617" lon="-118.01885">
        <ele>589.43</ele>
        <time>2025-10-18T18:00:26Z</time>
      </trkpt>
      <trkpt lat="34.20613" lon="-118.01886">
        <ele>588.78</ele>
        <time>2025-10-18T18:00:29Z</time>
      </trkpt>
      <trkpt lat="34.2061" lon="-118.01887">
        <ele>588.47</ele>
        <time>2025-10-18T18:00:32Z</time>
      </trkpt>
      <trkpt lat="34.20607" lon="-118.01888">
        <ele>588.36</ele>
        <time>2025-10-18T18:00:35Z</time>
      </trkpt>
      <trkpt lat="34.20604" lon="-118.01889">
        <ele>588.27</ele>
        <time>2025-10-18T18:00:38Z</time>
      </trkpt>
      <trkpt lat="34.206" lon="-118.01891">
        <ele>589.04</ele>
        <time>2025-10-18T18:00:42Z</time>
      </trkpt>
      <trkpt lat="34.20598" lon="-118.01894">
        <ele>590.26</ele>
        <time>2025-10-18T18:00:46Z</time>
      </trkpt>
      <trkpt lat="34.20595" lon="-118.01897">
        <ele>591.46</ele>
        <time>2025-10-18T18:00:50Z</time>
      </trkpt>
      <trkpt lat="34.20592" lon="-118.019">
        <ele>592.72</ele>
        <time>2025-10-18T18:00:54Z</time>
      </trkpt>
      <trkpt lat="34.20589" lon="-118.01902">
        <ele>593.86</ele>
        <time>2025-10-18T18:00:58Z</time>
      </trkpt>
      <trkpt lat="34.20585" lon="-118.01901">
        <ele>594.31</ele>
        <time>2025-10-18T18:01:02Z</time>
      </trkpt>
      <trkpt lat="34.20582" lon="-118.01898">
        <ele>594.24</ele>
        <time>2025-10-18T18:01:05Z</time>
      </trkpt>
      <trkpt lat="34.20579" lon="-118.01894">
        <ele>593.8</ele>
        <time>2025-10-18T18:01:08Z</time>
      </trkpt>
      <trkpt lat="34.20577" lon="-118.0189">
        <ele>593.33</ele>
        <time>2025-10-18T18:01:12Z</time>
      </trkpt>
      <trkpt lat="34.20578" lon="-118.01886">
        <ele>591.92</ele>
        <time>2025-10-18T18:01:16Z</time>
      </trkpt>
      <trkpt lat="34.20577" lon="-118.01882">
        <ele>591.06</ele>
        <time>2025-10-18T18:01:20Z</time>
      </trkpt>
      <trkpt lat="34.20575" lon="-118.01878">
        <ele>590.27</ele>
        <time>2025-10-18T18:01:24Z</time>
      </trkpt>
      <trkpt lat="34.20573" lon="-118.01875">
        <ele>589.85</ele>
        <time>2025-10-18T18:01:28Z</time>
      </trkpt>
      <trkpt lat="34.2057" lon="-118.01871">
        <ele>589.52</ele>
        <time>2025-10-18T18:01:32Z</time>
      </trkpt>
      <trkpt lat="34.20567" lon="-118.01868">
        <ele>589.39</ele>
        <time>2025-10-18T18:01:36Z</time>
      </trkpt>
      <trkpt lat="34.20564" lon="-118.01865">
        <ele>588.86</ele>
        <time>2025-10-18T18:01:40Z</time>
      </trkpt>
      <trkpt lat="34.20561" lon="-118.01863">
        <ele>588.64</ele>
        <time>2025-10-18T18:01:45Z</time>
      </trkpt>
      <trkpt lat="34.20558" lon="-118.01861">
        <ele>588.44</ele>
        <time>2025-10-18T18:01:49Z</time>
      </trkpt>
      <trkpt lat="34.20555" lon="-118.01858">
        <ele>588.13</ele>
        <time>2025-10-18T18:01:54Z</time>
      </trkpt>
      <trkpt lat="34.20552" lon="-118.01856">
        <ele>588.07</ele>
        <time>2025-10-18T18:01:58Z</time>
      </trkpt>
      <trkpt lat="34.20549" lon="-118.01854">
        <ele>587.73</ele>
        <time>2025-10-18T18:02:02Z</time>
      </trkpt>
      <trkpt lat="34.20546" lon="-118.01851">
        <ele>586.75</ele>
        <time>2025-10-18T18:02:06Z</time>
      </trkpt>
      <trkpt lat="34.20543" lon="-118.01848">
        <ele>585.96</ele>
        <time>2025-10-18T18:02:10Z</time>
      </trkpt>
      <trkpt lat="34.2054" lon="-118.01845">
        <ele>584.96</ele>
        <time>2025-10-18T18:02:14Z</time>
      </trkpt>
      <trkpt lat="34.20536" lon="-118.01841">
        <ele>583.86</ele>
        <time>2025-10-18T18:02:18Z</time>
      </trkpt>
      <trkpt lat="34.20534" lon="-118.01839">
        <ele>583.75</ele>
        <time>2025-10-18T18:02:21Z</time>
      </trkpt>
      <trkpt lat="34.20531" lon="-118.01836">
        <ele>583.42</ele>
        <time>2025-10-18T18:02:25Z</time>
      </trkpt>
      <trkpt lat="34.20527" lon="-118.01833">
        <ele>582.89</ele>
        <time>2025-10-18T18:02:29Z</time>
      </trkpt>
      <trkpt lat="34.20524" lon="-118.0183">
        <ele>581.92</ele>
        <time>2025-10-18T18:02:33Z</time>
      </trkpt>
      <trkpt lat="34.20521" lon="-118.01827">
        <ele>580.95</ele>
        <time>2025-10-18T18:02:37Z</time>
      </trkpt>
      <trkpt lat="34.20518" lon="-118.01824">
        <ele>579.92</ele>
        <time>2025-10-18T18:02:41Z</time>
      </trkpt>
      <trkpt lat="34.20515" lon="-118.01821">
        <ele>578.75</ele>
        <time>2025-10-18T18:02:45Z</time>
      </trkpt>
      <trkpt lat="34.20513" lon="-118.01818">
        <ele>577.83</ele>
        <time>2025-10-18T18:02:49Z</time>
      </trkpt>
      <trkpt lat="34.2051" lon="-118.01815">
        <ele>577.04</ele>
        <time>2025-10-18T18:02:53Z</time>
      </trkpt>
      <trkpt lat="34.20506" lon="-118.01812">
        <ele>576.15</ele>
        <time>2025-10-18T18:02:57Z</time>
      </trkpt>
      <trkpt lat="34.20503" lon="-118.01809">
        <ele>575.49</ele>
        <time>2025-10-18T18:03:01Z</time>
      </trkpt>
      <trkpt lat="34.205" lon="-118.01807">
        <ele>575.16</ele>
        <time>2025-10-18T18:03:05Z</time>
      </trkpt>
      <trkpt lat="34.20497" lon="-118.01804">
        <ele>574.62</ele>
        <time>2025-10-18T18:03:09Z</time>
      </trkpt>
      <trkpt lat="34.20493" lon="-118.01804">
        <ele>574.12</ele>
        <time>2025-10-18T18:03:13Z</time>
      </trkpt>
      <trkpt lat="34.20491" lon="-118.01809">
        <ele>574.04</ele>
        <time>2025-10-18T18:03:15Z</time>
      </trkpt>
      <trkpt lat="34.2049" lon="-118.01813">
        <ele>573.92</ele>
        <time>2025-10-18T18:03:17Z</time>
      </trkpt>
      <trkpt lat="34.20487" lon="-118.01816">
        <ele>573.6</ele>
        <time>2025-10-18T18:03:19Z</time>
      </trkpt>
      <trkpt lat="34.20484" lon="-118.01818">
        <ele>573.27</ele>
        <time>2025-10-18T18:03:22Z</time>
      </trkpt>
      <trkpt lat="34.20481" lon="-118.01821">
        <ele>572.95</ele>
        <time>2025-10-18T18:03:26Z</time>
      </trkpt>
      <trkpt lat="34.2048" lon="-118.01825">
        <ele>572.84</ele>
        <time>2025-10-18T18:03:29Z</time>
      </trkpt>
      <trkpt lat="34.20479" lon="-118.01829">
        <ele>572.73</ele>
        <time>2025-10-18T18:03:32Z</time>
      </trkpt>
      <trkpt lat="34.20479" lon="-118.01834">
        <ele>572.73</ele>
        <time>2025-10-18T18:03:35Z</time>
      </trkpt>
      <trkpt lat="34.20478" lon="-118.01838">
        <ele>572.62</ele>
        <time>2025-10-18T18:03:38Z</time>
      </trkpt>
      <trkpt lat="34.20478" lon="-118.01843">
        <ele>572.65</ele>
        <time>2025-10-18T18:03:41Z</time>
      </trkpt>
      <trkpt lat="34.20477" lon="-118.01847">
        <ele>572.76</ele>
        <time>2025-10-18T18:03:44Z</time>
      </trkpt>
      <trkpt lat="34.20475" lon="-118.0185">
        <ele>572.54</ele>
        <time>2025-10-18T18:03:47Z</time>
      </trkpt>
      <trkpt lat="34.20473" lon="-118.01854">
        <ele>572.19</ele>
        <time>2025-10-18T18:03:50Z</time>
      </trkpt>
      <trkpt lat="34.20471" lon="-118.01857">
        <ele>571.87</ele>
        <time>2025-10-18T18:03:53Z</time>
      </trkpt>
      <trkpt lat="34.20469" lon="-118.0186">
        <ele>571.65</ele>
        <time>2025-10-18T18:03:56Z</time>
      </trkpt>
      <trkpt lat="34.20465" lon="-118.0186">
        <ele>571.22</ele>
        <time>2025-10-18T18:04:00Z</time>
      </trkpt>
      <trkpt lat="34.20461" lon="-118.0186">
        <ele>570.81</ele>
        <time>2025-10-18T18:04:03Z</time>
      </trkpt>
      <trkpt lat="34.20457" lon="-118.01861">
        <ele>570.36</ele>
        <time>2025-10-18T18:04:06Z</time>
      </trkpt>
      <trkpt lat="34.20456" lon="-118.01864">
        <ele>570.25</ele>
        <time>2025-10-18T18:04:10Z</time>
      </trkpt>
      <trkpt lat="34.20455" lon="-118.01869">
        <ele>570.14</ele>
        <time>2025-10-18T18:04:14Z</time>
      </trkpt>
      <trkpt lat="34.20452" lon="-118.01873">
        <ele>570.23</ele>
        <time>2025-10-18T18:04:18Z</time>
      </trkpt>
      <trkpt lat="34.20451" lon="-118.01877">
        <ele>570.51</ele>
        <time>2025-10-18T18:04:21Z</time>
      </trkpt>
      <trkpt lat="34.20449" lon="-118.01881">
        <ele>570.49</ele>
        <time>2025-10-18T18:04:25Z</time>
      </trkpt>
      <trkpt lat="34.20448" lon="-118.01885">
        <ele>570.38</ele>
        <time>2025-10-18T18:04:28Z</time>
      </trkpt>
      <trkpt lat="34.20447" lon="-118.01889">
        <ele>570.29</ele>
        <time>2025-10-18T18:04:31Z</time>
      </trkpt>
      <trkpt lat="34.20446" lon="-118.01892">
        <ele>570.5</ele>
        <time>2025-10-18T18:04:34Z</time>
      </trkpt>
      <trkpt lat="34.20444" lon="-118.01896">
        <ele>570.72</ele>
        <time>2025-10-18T18:04:37Z</time>
      </trkpt>
      <trkpt lat="34.20443" lon="-118.01901">
        <ele>570.89</ele>
        <time>2025-10-18T18:04:41Z</time>
      </trkpt>
      <trkpt lat="34.20442" lon="-118.01906">
        <ele>570.96</ele>
        <time>2025-10-18T18:04:45Z</time>
      </trkpt>
      <trkpt lat="34.20441" lon="-118.0191">
        <ele>571.18</ele>
        <time>2025-10-18T18:04:49Z</time>
      </trkpt>
      <trkpt lat="34.20439" lon="-118.01914">
        <ele>571.29</ele>
        <time>2025-10-18T18:04:52Z</time>
      </trkpt>
      <trkpt lat="34.20437" lon="-118.01918">
        <ele>571.37</ele>
        <time>2025-10-18T18:04:56Z</time>
      </trkpt>
      <trkpt lat="34.20433" lon="-118.01918">
        <ele>571.14</ele>
        <time>2025-10-18T18:04:59Z</time>
      </trkpt>
      <trkpt lat="34.20429" lon="-118.01918">
        <ele>571.14</ele>
        <time>2025-10-18T18:05:02Z</time>
      </trkpt>
      <trkpt lat="34.20425" lon="-118.01918">
        <ele>571.14</ele>
        <time>2025-10-18T18:05:05Z</time>
      </trkpt>
      <trkpt lat="34.20422" lon="-118.01919">
        <ele>571.25</ele>
        <time>2025-10-18T18:05:08Z</time>
      </trkpt>
      <trkpt lat="34.20418" lon="-118.01919">
        <ele>571.25</ele>
        <time>2025-10-18T18:05:11Z</time>
      </trkpt>
      <trkpt lat="34.20414" lon="-118.01919">
        <ele>571.32</ele>
        <time>2025-10-18T18:05:14Z</time>
      </trkpt>
      <trkpt lat="34.20411" lon="-118.01918">
        <ele>571.23</ele>
        <time>2025-10-18T18:05:17Z</time>
      </trkpt>
      <trkpt lat="34.20407" lon="-118.01918">
        <ele>571.29</ele>
        <time>2025-10-18T18:05:20Z</time>
      </trkpt>
      <trkpt lat="34.20404" lon="-118.01918">
        <ele>571.34</ele>
        <time>2025-10-18T18:05:23Z</time>
      </trkpt>
      <trkpt lat="34.204" lon="-118.01919">
        <ele>571.71</ele>
        <time>2025-10-18T18:05:26Z</time>
      </trkpt>
      <trkpt lat="34.20397" lon="-118.01918">
        <ele>571.54</ele>
        <time>2025-10-18T18:05:29Z</time>
      </trkpt>
      <trkpt lat="34.20394" lon="-118.01914">
        <ele>570.87</ele>
        <time>2025-10-18T18:05:32Z</time>
      </trkpt>
      <trkpt lat="34.20391" lon="-118.01912">
        <ele>570.76</ele>
        <time>2025-10-18T18:05:35Z</time>
      </trkpt>
      <trkpt lat="34.20387" lon="-118.01911">
        <ele>570.98</ele>
        <time>2025-10-18T18:05:39Z</time>
      </trkpt>
      <trkpt lat="34.20384" lon="-118.01909">
        <ele>570.87</ele>
        <time>2025-10-18T18:05:43Z</time>
      </trkpt>
      <trkpt lat="34.20381" lon="-118.01907">
        <ele>570.76</ele>
        <time>2025-10-18T18:05:47Z</time>
      </trkpt>
      <trkpt lat="34.20377" lon="-118.01906">
        <ele>570.94</ele>
        <time>2025-10-18T18:05:51Z</time>
      </trkpt>
      <trkpt lat="34.20373" lon="-118.01905">
        <ele>571.01</ele>
        <time>2025-10-18T18:05:55Z</time>
      </trkpt>
      <trkpt lat="34.20369" lon="-118.01903">
        <ele>570.87</ele>
        <time>2025-10-18T18:05:59Z</time>
      </trkpt>
      <trkpt lat="34.20365" lon="-118.01903">
        <ele>571.73</ele>
        <time>2025-10-18T18:06:03Z</time>
      </trkpt>
      <trkpt lat="34.20361" lon="-118.01902">
        <ele>572.28</ele>
        <time>2025-10-18T18:06:07Z</time>
      </trkpt>
      <trkpt lat="34.20358" lon="-118.019">
        <ele>572.34</ele>
        <time>2025-10-18T18:06:10Z</time>
      </trkpt>
      <trkpt lat="34.20355" lon="-118.01896">
        <ele>571.47</ele>
        <time>2025-10-18T18:06:13Z</time>
      </trkpt>
      <trkpt lat="34.20352" lon="-118.01892">
        <ele>570.32</ele>
        <time>2025-10-18T18:06:16Z</time>
      </trkpt>
      <trkpt lat="34.20349" lon="-118.01889">
        <ele>569.36</ele>
        <time>2025-10-18T18:06:19Z</time>
      </trkpt>
      <trkpt lat="34.20346" lon="-118.01887">
        <ele>568.89</ele>
        <time>2025-10-18T18:06:23Z</time>
      </trkpt>
      <trkpt lat="34.20342" lon="-118.01887">
        <ele>569.25</ele>
        <time>2025-10-18T18:06:27Z</time>
      </trkpt>
      <trkpt lat="34.20338" lon="-118.01886">
        <ele>569.25</ele>
        <time>2025-10-18T18:06:31Z</time>
      </trkpt>
      <trkpt lat="34.20334" lon="-118.01885">
        <ele>569.25</ele>
        <time>2025-10-18T18:06:35Z</time>
      </trkpt>
      <trkpt lat="34.20331" lon="-118.01884">
        <ele>569.26</ele>
        <time>2025-10-18T18:06:39Z</time>
      </trkpt>
      <trkpt lat="34.20327" lon="-118.01883">
        <ele>569.39</ele>
        <time>2025-10-18T18:06:43Z</time>
      </trkpt>
      <trkpt lat="34.20323" lon="-118.01881">
        <ele>568.86</ele>
        <time>2025-10-18T18:06:47Z</time>
      </trkpt>
      <trkpt lat="34.20319" lon="-118.0188">
        <ele>568.75</ele>
        <time>2025-10-18T18:06:51Z</time>
      </trkpt>
      <trkpt lat="34.20316" lon="-118.01879">
        <ele>568.6</ele>
        <time>2025-10-18T18:06:55Z</time>
      </trkpt>
      <trkpt lat="34.20312" lon="-118.01877">
        <ele>567.86</ele>
        <time>2025-10-18T18:06:59Z</time>
      </trkpt>
      <trkpt lat="34.20308" lon="-118.01875">
        <ele>567.0</ele>
        <time>2025-10-18T18:07:03Z</time>
      </trkpt>
      <trkpt lat="34.20304" lon="-118.01874">
        <ele>566.47</ele>
        <time>2025-10-18T18:07:07Z</time>
      </trkpt>
      <trkpt lat="34.20301" lon="-118.01872">
        <ele>565.3</ele>
        <time>2025-10-18T18:07:11Z</time>
      </trkpt>
      <trkpt lat="34.20297" lon="-118.01872">
        <ele>564.94</ele>
        <time>2025-10-18T18:07:15Z</time>
      </trkpt>
      <trkpt lat="34.20293" lon="-118.01871">
        <ele>563.96</ele>
        <time>2025-10-18T18:07:19Z</time>
      </trkpt>
      <trkpt lat="34.20289" lon="-118.0187">
        <ele>563.12</ele>
        <time>2025-10-18T18:07:23Z</time>
      </trkpt>
      <trkpt lat="34.20285" lon="-118.0187">
        <ele>562.26</ele>
        <time>2025-10-18T18:07:27Z</time>
      </trkpt>
      <trkpt lat="34.20281" lon="-118.01869">
        <ele>560.75</ele>
        <time>2025-10-18T18:07:31Z</time>
      </trkpt>
      <trkpt lat="34.20277" lon="-118.01868">
        <ele>559.36</ele>
        <time>2025-10-18T18:07:35Z</time>
      </trkpt>
      <trkpt lat="34.20273" lon="-118.01867">
        <ele>558.62</ele>
        <time>2025-10-18T18:07:39Z</time>
      </trkpt>
      <trkpt lat="34.20269" lon="-118.01866">
        <ele>558.05</ele>
        <time>2025-10-18T18:07:43Z</time>
      </trkpt>
      <trkpt lat="34.20265" lon="-118.01865">
        <ele>557.62</ele>
        <time>2025-10-18T18:07:47Z</time>
      </trkpt>
      <trkpt lat="34.20261" lon="-118.01865">
        <ele>557.19</ele>
        <time>2025-10-18T18:07:51Z</time>
      </trkpt>
      <trkpt lat="34.20257" lon="-118.01864">
        <ele>556.83</ele>
        <time>2025-10-18T18:07:55Z</time>
      </trkpt>
      <trkpt lat="34.20252" lon="-118.01864">
        <ele>556.46</ele>
        <time>2025-10-18T18:07:59Z</time>
      </trkpt>
      <trkpt lat="34.20248" lon="-118.01864">
        <ele>556.1</ele>
        <time>2025-10-18T18:08:03Z</time>
      </trkpt>
      <trkpt lat="34.20245" lon="-118.01866">
        <ele>555.99</ele>
        <time>2025-10-18T18:08:06Z</time>
      </trkpt>
      <trkpt lat="34.20243" lon="-118.0187">
        <ele>556.2</ele>
        <time>2025-10-18T18:08:08Z</time>
      </trkpt>
      <trkpt lat="34.20241" lon="-118.01875">
        <ele>557.01</ele>
        <time>2025-10-18T18:08:10Z</time>
      </trkpt>
      <trkpt lat="34.20239" lon="-118.01878">
        <ele>557.65</ele>
        <time>2025-10-18T18:08:12Z</time>
      </trkpt>
      <trkpt lat="34.20236" lon="-118.01881">
        <ele>558.15</ele>
        <time>2025-10-18T18:08:15Z</time>
      </trkpt>
      <trkpt lat="34.20233" lon="-118.01883">
        <ele>558.36</ele>
        <time>2025-10-18T18:08:18Z</time>
      </trkpt>
      <trkpt lat="34.20229" lon="-118.01883">
        <ele>558.36</ele>
        <time>2025-10-18T18:08:22Z</time>
      </trkpt>
      <trkpt lat="34.20226" lon="-118.01882">
        <ele>558.26</ele>
        <time>2025-10-18T18:08:25Z</time>
      </trkpt>
      <trkpt lat="34.20221" lon="-118.01881">
        <ele>558.3</ele>
        <time>2025-10-18T18:08:29Z</time>
      </trkpt>
      <trkpt lat="34.20218" lon="-118.01881">
        <ele>558.67</ele>
        <time>2025-10-18T18:08:32Z</time>
      </trkpt>
      <trkpt lat="34.20215" lon="-118.01881">
        <ele>559.04</ele>
        <time>2025-10-18T18:08:35Z</time>
      </trkpt>
      <trkpt lat="34.20212" lon="-118.01881">
        <ele>559.67</ele>
        <time>2025-10-18T18:08:38Z</time>
      </trkpt>
      <trkpt lat="34.20208" lon="-118.0188">
        <ele>560.77</ele>
        <time>2025-10-18T18:08:41Z</time>
      </trkpt>
      <trkpt lat="34.20205" lon="-118.01878">
        <ele>561.08</ele>
        <time>2025-10-18T18:08:44Z</time>
      </trkpt>
      <trkpt lat="34.20202" lon="-118.01875">
        <ele>561.6</ele>
        <time>2025-10-18T18:08:47Z</time>
      </trkpt>
      <trkpt lat="34.20199" lon="-118.0187">
        <ele>560.93</ele>
        <time>2025-10-18T18:08:50Z</time>
      </trkpt>
      <trkpt lat="34.20197" lon="-118.01866">
        <ele>560.61</ele>
        <time>2025-10-18T18:08:52Z</time>
      </trkpt>
      <trkpt lat="34.20195" lon="-118.01863">
        <ele>560.42</ele>
        <time>2025-10-18T18:08:54Z</time>
      </trkpt>
      <trkpt lat="34.20192" lon="-118.01859">
        <ele>559.56</ele>
        <time>2025-10-18T18:08:57Z</time>
      </trkpt>
      <trkpt lat="34.20191" lon="-118.01855">
        <ele>557.86</ele>
        <time>2025-10-18T18:09:00Z</time>
      </trkpt>
      <trkpt lat="34.20191" lon="-118.01851">
        <ele>556.06</ele>
        <time>2025-10-18T18:09:04Z</time>
      </trkpt>
      <trkpt lat="34.20189" lon="-118.01847">
        <ele>554.71</ele>
        <time>2025-10-18T18:09:08Z</time>
      </trkpt>
      <trkpt lat="34.20186" lon="-118.01844">
        <ele>553.59</ele>
        <time>2025-10-18T18:09:12Z</time>
      </trkpt>
      <trkpt lat="34.20183" lon="-118.0184">
        <ele>552.37</ele>
        <time>2025-10-18T18:09:16Z</time>
      </trkpt>
      <trkpt lat="34.2018" lon="-118.01837">
        <ele>551.45</ele>
        <time>2025-10-18T18:09:20Z</time>
      </trkpt>
      <trkpt lat="34.20178" lon="-118.01834">
        <ele>550.42</ele>
        <time>2025-10-18T18:09:24Z</time>
      </trkpt>
      <trkpt lat="34.20174" lon="-118.01834">
        <ele>549.99</ele>
        <time>2025-10-18T18:09:29Z</time>
      </trkpt>
      <trkpt lat="34.20171" lon="-118.01837">
        <ele>550.45</ele>
        <time>2025-10-18T18:09:33Z</time>
      </trkpt>
      <trkpt lat="34.20168" lon="-118.01839">
        <ele>550.46</ele>
        <time>2025-10-18T18:09:37Z</time>
      </trkpt>
      <trkpt lat="34.20164" lon="-118.01841">
        <ele>550.37</ele>
        <time>2025-10-18T18:09:42Z</time>
      </trkpt>
      <trkpt lat="34.20161" lon="-118.01844">
        <ele>550.75</ele>
        <time>2025-10-18T18:09:46Z</time>
      </trkpt>
      <trkpt lat="34.20158" lon="-118.01848">
        <ele>551.27</ele>
        <time>2025-10-18T18:09:50Z</time>
      </trkpt>
      <trkpt lat="34.20155" lon="-118.01851">
        <ele>551.06</ele>
        <time>2025-10-18T18:09:54Z</time>
      </trkpt>
      <trkpt lat="34.20153" lon="-118.01854">
        <ele>551.15</ele>
        <time>2025-10-18T18:09:57Z</time>
      </trkpt>
      <trkpt lat="34.20151" lon="-118.01857">
        <ele>551.42</ele>
        <time>2025-10-18T18:10:00Z</time>
      </trkpt>
      <trkpt lat="34.20149" lon="-118.0186">
        <ele>551.84</ele>
        <time>2025-10-18T18:10:03Z</time>
      </trkpt>
      <trkpt lat="34.20145" lon="-118.01863">
        <ele>551.59</ele>
        <time>2025-10-18T18:10:07Z</time>
      </trkpt>
      <trkpt lat="34.20142" lon="-118.01866">
        <ele>551.59</ele>
        <time>2025-10-18T18:10:11Z</time>
      </trkpt>
      <trkpt lat="34.20138" lon="-118.01869">
        <ele>551.38</ele>
        <time>2025-10-18T18:10:15Z</time>
      </trkpt>
      <trkpt lat="34.20135" lon="-118.0187">
        <ele>551.06</ele>
        <time>2025-10-18T18:10:17Z</time>
      </trkpt>
      <trkpt lat="34.20132" lon="-118.01871">
        <ele>550.9</ele>
        <time>2025-10-18T18:10:19Z</time>
      </trkpt>
      <trkpt lat="34.20128" lon="-118.01872">
        <ele>550.91</ele>
        <time>2025-10-18T18:10:22Z</time>
      </trkpt>
      <trkpt lat="34.20123" lon="-118.01872">
        <ele>550.47</ele>
        <time>2025-10-18T18:10:25Z</time>
      </trkpt>
      <trkpt lat="34.20122" lon="-118.01868">
        <ele>548.66</ele>
        <time>2025-10-18T18:10:27Z</time>
      </trkpt>
      <trkpt lat="34.2012" lon="-118.01864">
        <ele>547.62</ele>
        <time>2025-10-18T18:10:29Z</time>
      </trkpt>
      <trkpt lat="34.20118" lon="-118.01859">
        <ele>546.77</ele>
        <time>2025-10-18T18:10:32Z</time>
      </trkpt>
      <trkpt lat="34.20116" lon="-118.01855">
        <ele>546.34</ele>
        <time>2025-10-18T18:10:35Z</time>
      </trkpt>
      <trkpt lat="34.20114" lon="-118.01852">
        <ele>546.02</ele>
        <time>2025-10-18T18:10:38Z</time>
      </trkpt>
      <trkpt lat="34.20111" lon="-118.01847">
        <ele>545.46</ele>
        <time>2025-10-18T18:10:42Z</time>
      </trkpt>
      <trkpt lat="34.20109" lon="-118.01844">
        <ele>544.92</ele>
        <time>2025-10-18T18:10:46Z</time>
      </trkpt>
      <trkpt lat="34.20107" lon="-118.0184">
        <ele>544.4</ele>
        <time>2025-10-18T18:10:50Z</time>
      </trkpt>
      <trkpt lat="34.20103" lon="-118.01841">
        <ele>544.1</ele>
        <time>2025-10-18T18:10:55Z</time>
      </trkpt>
      <trkpt lat="34.201" lon="-118.01842">
        <ele>543.8</ele>
        <time>2025-10-18T18:10:59Z</time>
      </trkpt>
      <trkpt lat="34.20096" lon="-118.01844">
        <ele>543.52</ele>
        <time>2025-10-18T18:11:03Z</time>
      </trkpt>
      <trkpt lat="34.20093" lon="-118.01847">
        <ele>543.52</ele>
        <time>2025-10-18T18:11:07Z</time>
      </trkpt>
      <trkpt lat="34.2009" lon="-118.0185">
        <ele>543.3</ele>
        <time>2025-10-18T18:11:11Z</time>
      </trkpt>
      <trkpt lat="34.20087" lon="-118.01853">
        <ele>542.92</ele>
        <time>2025-10-18T18:11:14Z</time>
      </trkpt>
      <trkpt lat="34.20085" lon="-118.01856">
        <ele>542.81</ele>
        <time>2025-10-18T18:11:17Z</time>
      </trkpt>
      <trkpt lat="34.20082" lon="-118.01858">
        <ele>542.47</ele>
        <time>2025-10-18T18:11:20Z</time>
      </trkpt>
      <trkpt lat="34.2008" lon="-118.01861">
        <ele>542.28</ele>
        <time>2025-10-18T18:11:23Z</time>
      </trkpt>
      <trkpt lat="34.20077" lon="-118.01863">
        <ele>541.84</ele>
        <time>2025-10-18T18:11:26Z</time>
      </trkpt>
      <trkpt lat="34.20075" lon="-118.01866">
        <ele>541.73</ele>
        <time>2025-10-18T18:11:29Z</time>
      </trkpt>
      <trkpt lat="34.20072" lon="-118.01869">
        <ele>541.5</ele>
        <time>2025-10-18T18:11:32Z</time>
      </trkpt>
      <trkpt lat="34.2007" lon="-118.01872">
        <ele>541.39</ele>
        <time>2025-10-18T18:11:35Z</time>
      </trkpt>
      <trkpt lat="34.20068" lon="-118.01875">
        <ele>541.36</ele>
        <time>2025-10-18T18:11:38Z</time>
      </trkpt>
      <trkpt lat="34.20066" lon="-118.0188">
        <ele>541.42</ele>
        <time>2025-10-18T18:11:42Z</time>
      </trkpt>
      <trkpt lat="34.20069" lon="-118.01883">
        <ele>542.72</ele>
        <time>2025-10-18T18:11:45Z</time>
      </trkpt>
      <trkpt lat="34.2007" lon="-118.01888">
        <ele>543.58</ele>
        <time>2025-10-18T18:11:48Z</time>
      </trkpt>
      <trkpt lat="34.2007" lon="-118.01892">
        <ele>544.2</ele>
        <time>2025-10-18T18:11:50Z</time>
      </trkpt>
      <trkpt lat="34.2007" lon="-118.01897">
        <ele>545.05</ele>
        <time>2025-10-18T18:11:52Z</time>
      </trkpt>
      <trkpt lat="34.20069" lon="-118.01901">
        <ele>544.95</ele>
        <time>2025-10-18T18:11:54Z</time>
      </trkpt>
      <trkpt lat="34.20068" lon="-118.01905">
        <ele>544.63</ele>
        <time>2025-10-18T18:11:57Z</time>
      </trkpt>
      <trkpt lat="34.20067" lon="-118.0191">
        <ele>544.46</ele>
        <time>2025-10-18T18:12:00Z</time>
      </trkpt>
      <trkpt lat="34.20065" lon="-118.01914">
        <ele>543.81</ele>
        <time>2025-10-18T18:12:03Z</time>
      </trkpt>
      <trkpt lat="34.20064" lon="-118.01917">
        <ele>543.65</ele>
        <time>2025-10-18T18:12:06Z</time>
      </trkpt>
      <trkpt lat="34.20063" lon="-118.01921">
        <ele>543.22</ele>
        <time>2025-10-18T18:12:09Z</time>
      </trkpt>
      <trkpt lat="34.20061" lon="-118.01925">
        <ele>542.35</ele>
        <time>2025-10-18T18:12:12Z</time>
      </trkpt>
      <trkpt lat="34.20059" lon="-118.01929">
        <ele>541.82</ele>
        <time>2025-10-18T18:12:16Z</time>
      </trkpt>
      <trkpt lat="34.20058" lon="-118.01933">
        <ele>541.82</ele>
        <time>2025-10-18T18:12:19Z</time>
      </trkpt>
      <trkpt lat="34.20056" lon="-118.01938">
        <ele>541.19</ele>
        <time>2025-10-18T18:12:23Z</time>
      </trkpt>
      <trkpt lat="34.20054" lon="-118.01941">
        <ele>540.43</ele>
        <time>2025-10-18T18:12:26Z</time>
      </trkpt>
      <trkpt lat="34.20053" lon="-118.01945">
        <ele>540.22</ele>
        <time>2025-10-18T18:12:29Z</time>
      </trkpt>
      <trkpt lat="34.20052" lon="-118.01949">
        <ele>540.15</ele>
        <time>2025-10-18T18:12:32Z</time>
      </trkpt>
      <trkpt lat="34.20051" lon="-118.01953">
        <ele>539.99</ele>
        <time>2025-10-18T18:12:35Z</time>
      </trkpt>
      <trkpt lat="34.2005" lon="-118.01957">
        <ele>539.81</ele>
        <time>2025-10-18T18:12:38Z</time>
      </trkpt>
      <trkpt lat="34.20049" lon="-118.01961">
        <ele>539.73</ele>
        <time>2025-10-18T18:12:41Z</time>
      </trkpt>
      <trkpt lat="34.20048" lon="-118.01966">
        <ele>539.55</ele>
        <time>2025-10-18T18:12:44Z</time>
      </trkpt>
      <trkpt lat="34.20047" lon="-118.0197">
        <ele>539.23</ele>
        <time>2025-10-18T18:12:47Z</time>
      </trkpt>
      <trkpt lat="34.20046" lon="-118.01975">
        <ele>538.94</ele>
        <time>2025-10-18T18:12:51Z</time>
      </trkpt>
      <trkpt lat="34.20046" lon="-118.0198">
        <ele>538.94</ele>
        <time>2025-10-18T18:12:55Z</time>
      </trkpt>
      <trkpt lat="34.20046" lon="-118.01985">
        <ele>539.32</ele>
        <time>2025-10-18T18:12:59Z</time>
      </trkpt>
      <trkpt lat="34.20045" lon="-118.01989">
        <ele>539.53</ele>
        <time>2025-10-18T18:13:03Z</time>
      </trkpt>
      <trkpt lat="34.20045" lon="-118.01994">
        <ele>540.37</ele>
        <time>2025-10-18T18:13:07Z</time>
      </trkpt>
      <trkpt lat="34.20048" lon="-118.01998">
        <ele>542.16</ele>
        <time>2025-10-18T18:13:10Z</time>
      </trkpt>
      <trkpt lat="34.20051" lon="-118.02002">
        <ele>543.74</ele>
        <time>2025-10-18T18:13:13Z</time>
      </trkpt>
      <trkpt lat="34.2005" lon="-118.02006">
        <ele>543.85</ele>
        <time>2025-10-18T18:13:16Z</time>
      </trkpt>
      <trkpt lat="34.20047" lon="-118.02008">
        <ele>543.09</ele>
        <time>2025-10-18T18:13:18Z</time>
      </trkpt>
      <trkpt lat="34.20044" lon="-118.02011">
        <ele>542.44</ele>
        <time>2025-10-18T18:13:20Z</time>
      </trkpt>
      <trkpt lat="34.20042" lon="-118.02015">
        <ele>542.23</ele>
        <time>2025-10-18T18:13:23Z</time>
      </trkpt>
      <trkpt lat="34.20041" lon="-118.02018">
        <ele>542.23</ele>
        <time>2025-10-18T18:13:26Z</time>
      </trkpt>
      <trkpt lat="34.20038" lon="-118.02022">
        <ele>541.73</ele>
        <time>2025-10-18T18:13:29Z</time>
      </trkpt>
      <trkpt lat="34.20035" lon="-118.02023">
        <ele>541.48</ele>
        <time>2025-10-18T18:13:33Z</time>
      </trkpt>
      <trkpt lat="34.20032" lon="-118.02018">
        <ele>540.94</ele>
        <time>2025-10-18T18:13:35Z</time>
      </trkpt>
      <trkpt lat="34.20031" lon="-118.02015">
        <ele>540.62</ele>
        <time>2025-10-18T18:13:37Z</time>
      </trkpt>
      <trkpt lat="34.20027" lon="-118.02013">
        <ele>540.74</ele>
        <time>2025-10-18T18:13:41Z</time>
      </trkpt>
      <trkpt lat="34.20023" lon="-118.02013">
        <ele>542.47</ele>
        <time>2025-10-18T18:13:45Z</time>
      </trkpt>
      <trkpt lat="34.20019" lon="-118.02011">
        <ele>543.98</ele>
        <time>2025-10-18T18:13:49Z</time>
      </trkpt>
      <trkpt lat="34.20016" lon="-118.02009">
        <ele>545.54</ele>
        <time>2025-10-18T18:13:52Z</time>
      </trkpt>
      <trkpt lat="34.20013" lon="-118.02007">
        <ele>546.7</ele>
        <time>2025-10-18T18:13:55Z</time>
      </trkpt>
      <trkpt lat="34.20009" lon="-118.02005">
        <ele>548.27</ele>
        <time>2025-10-18T18:13:59Z</time>
      </trkpt>
      <trkpt lat="34.20006" lon="-118.02003">
        <ele>548.7</ele>
        <time>2025-10-18T18:14:02Z</time>
      </trkpt>
      <trkpt lat="34.20003" lon="-118.02002">
        <ele>549.57</ele>
        <time>2025-10-18T18:14:05Z</time>
      </trkpt>
      <trkpt lat="34.19999" lon="-118.02">
        <ele>550.43</ele>
        <time>2025-10-18T18:14:08Z</time>
      </trkpt>
      <trkpt lat="34.19996" lon="-118.01998">
        <ele>550.53</ele>
        <time>2025-10-18T18:14:11Z</time>
      </trkpt>
      <trkpt lat="34.19993" lon="-118.01996">
        <ele>550.76</ele>
        <time>2025-10-18T18:14:14Z</time>
      </trkpt>
      <trkpt lat="34.19989" lon="-118.01995">
        <ele>552.05</ele>
        <time>2025-10-18T18:14:17Z</time>
      </trkpt>
      <trkpt lat="34.19986" lon="-118.01993">
        <ele>552.27</ele>
        <time>2025-10-18T18:14:20Z</time>
      </trkpt>
      <trkpt lat="34.19983" lon="-118.01991">
        <ele>552.48</ele>
        <time>2025-10-18T18:14:23Z</time>
      </trkpt>
      <trkpt lat="34.19979" lon="-118.01989">
        <ele>552.99</ele>
        <time>2025-10-18T18:14:26Z</time>
      </trkpt>
      <trkpt lat="34.19976" lon="-118.01987">
        <ele>553.18</ele>
        <time>2025-10-18T18:14:29Z</time>
      </trkpt>
      <trkpt lat="34.19972" lon="-118.01985">
        <ele>553.98</ele>
        <time>2025-10-18T18:14:32Z</time>
      </trkpt>
      <trkpt lat="34.19969" lon="-118.01984">
        <ele>554.5</ele>
        <time>2025-10-18T18:14:35Z</time>
      </trkpt>
      <trkpt lat="34.19965" lon="-118.01982">
        <ele>554.66</ele>
        <time>2025-10-18T18:14:38Z</time>
      </trkpt>
      <trkpt lat="34.19961" lon="-118.0198">
        <ele>554.69</ele>
        <time>2025-10-18T18:14:41Z</time>
      </trkpt>
      <trkpt lat="34.19958" lon="-118.01978">
        <ele>554.6</ele>
        <time>2025-10-18T18:14:44Z</time>
      </trkpt>
      <trkpt lat="34.19954" lon="-118.01976">
        <ele>555.12</ele>
        <time>2025-10-18T18:14:47Z</time>
      </trkpt>
      <trkpt lat="34.19951" lon="-118.01974">
        <ele>554.58</ele>
        <time>2025-10-18T18:14:50Z</time>
      </trkpt>
      <trkpt lat="34.19947" lon="-118.01972">
        <ele>553.88</ele>
        <time>2025-10-18T18:14:53Z</time>
      </trkpt>
      <trkpt lat="34.19944" lon="-118.0197">
        <ele>553.05</ele>
        <time>2025-10-18T18:14:56Z</time>
      </trkpt>
      <trkpt lat="34.19941" lon="-118.01968">
        <ele>552.35</ele>
        <time>2025-10-18T18:14:59Z</time>
      </trkpt>
      <trkpt lat="34.19938" lon="-118.01966">
        <ele>551.78</ele>
        <time>2025-10-18T18:15:02Z</time>
      </trkpt>
      <trkpt lat="34.19934" lon="-118.01966">
        <ele>551.77</ele>
        <time>2025-10-18T18:15:05Z</time>
      </trkpt>
      <trkpt lat="34.19931" lon="-118.01968">
        <ele>551.97</ele>
        <time>2025-10-18T18:15:08Z</time>
      </trkpt>
      <trkpt lat="34.19929" lon="-118.01971">
        <ele>552.85</ele>
        <time>2025-10-18T18:15:10Z</time>
      </trkpt>
      <trkpt lat="34.19926" lon="-118.01973">
        <ele>553.26</ele>
        <time>2025-10-18T18:15:13Z</time>
      </trkpt>
      <trkpt lat="34.19923" lon="-118.01974">
        <ele>552.88</ele>
        <time>2025-10-18T18:15:16Z</time>
      </trkpt>
      <trkpt lat="34.19919" lon="-118.01976">
        <ele>552.42</ele>
        <time>2025-10-18T18:15:19Z</time>
      </trkpt>
      <trkpt lat="34.19917" lon="-118.01978">
        <ele>552.34</ele>
        <time>2025-10-18T18:15:22Z</time>
      </trkpt>
      <trkpt lat="34.19916" lon="-118.01981">
        <ele>552.6</ele>
        <time>2025-10-18T18:15:26Z</time>
      </trkpt>
      <trkpt lat="34.19915" lon="-118.01985">
        <ele>553.8</ele>
        <time>2025-10-18T18:15:29Z</time>
      </trkpt>
      <trkpt lat="34.19914" lon="-118.01989">
        <ele>555.1</ele>
        <time>2025-10-18T18:15:32Z</time>
      </trkpt>
      <trkpt lat="34.19913" lon="-118.01994">
        <ele>556.89</ele>
        <time>2025-10-18T18:15:34Z</time>
      </trkpt>
      <trkpt lat="34.19913" lon="-118.01997">
        <ele>558.25</ele>
        <time>2025-10-18T18:15:36Z</time>
      </trkpt>
      <trkpt lat="34.19913" lon="-118.02001">
        <ele>560.1</ele>
        <time>2025-10-18T18:15:39Z</time>
      </trkpt>
      <trkpt lat="34.19913" lon="-118.02005">
        <ele>562.09</ele>
        <time>2025-10-18T18:15:42Z</time>
      </trkpt>
      <trkpt lat="34.19912" lon="-118.02009">
        <ele>563.87</ele>
        <time>2025-10-18T18:15:45Z</time>
      </trkpt>
      <trkpt lat="34.19912" lon="-118.02013">
        <ele>565.0</ele>
        <time>2025-10-18T18:15:48Z</time>
      </trkpt>
      <trkpt lat="34.19913" lon="-118.02017">
        <ele>566.38</ele>
        <time>2025-10-18T18:15:51Z</time>
      </trkpt>
      <trkpt lat="34.19913" lon="-118.02021">
        <ele>567.24</ele>
        <time>2025-10-18T18:15:54Z</time>
      </trkpt>
      <trkpt lat="34.19913" lon="-118.02025">
        <ele>567.93</ele>
        <time>2025-10-18T18:15:57Z</time>
      </trkpt>
      <trkpt lat="34.19913" lon="-118.02029">
        <ele>568.55</ele>
        <time>2025-10-18T18:16:00Z</time>
      </trkpt>
      <trkpt lat="34.19912" lon="-118.02033">
        <ele>568.55</ele>
        <time>2025-10-18T18:16:03Z</time>
      </trkpt>
      <trkpt lat="34.19911" lon="-118.02037">
        <ele>568.55</ele>
        <time>2025-10-18T18:16:06Z</time>
      </trkpt>
      <trkpt lat="34.19909" lon="-118.0204">
        <ele>568.06</ele>
        <time>2025-10-18T18:16:08Z</time>
      </trkpt>
      <trkpt lat="34.19907" lon="-118.02043">
        <ele>567.45</ele>
        <time>2025-10-18T18:16:10Z</time>
      </trkpt>
      <trkpt lat="34.19906" lon="-118.02045">
        <ele>567.23</ele>
        <time>2025-10-18T18:16:12Z</time>
      </trkpt>
      <trkpt lat="34.19904" lon="-118.02048">
        <ele>566.83</ele>
        <time>2025-10-18T18:16:14Z</time>
      </trkpt>
      <trkpt lat="34.19902" lon="-118.02052">
        <ele>566.54</ele>
        <time>2025-10-18T18:16:17Z</time>
      </trkpt>
      <trkpt lat="34.199" lon="-118.02055">
        <ele>565.93</ele>
        <time>2025-10-18T18:16:20Z</time>
      </trkpt>
      <trkpt lat="34.19897" lon="-118.02058">
        <ele>565.16</ele>
        <time>2025-10-18T18:16:24Z</time>
      </trkpt>
      <trkpt lat="34.19895" lon="-118.02061">
        <ele>565.16</ele>
        <time>2025-10-18T18:16:28Z</time>
      </trkpt>
      <trkpt lat="34.19892" lon="-118.02063">
        <ele>564.62</ele>
        <time>2025-10-18T18:16:31Z</time>
      </trkpt>
      <trkpt lat="34.19889" lon="-118.02065">
        <ele>564.1</ele>
        <time>2025-10-18T18:16:34Z</time>
      </trkpt>
      <trkpt lat="34.19887" lon="-118.02067">
        <ele>564.3</ele>
        <time>2025-10-18T18:16:36Z</time>
      </trkpt>
      <trkpt lat="34.19884" lon="-118.02069">
        <ele>564.3</ele>
        <time>2025-10-18T18:16:38Z</time>
      </trkpt>
      <trkpt lat="34.19881" lon="-118.02071">
        <ele>564.3</ele>
        <time>2025-10-18T18:16:41Z</time>
      </trkpt>
      <trkpt lat="34.19878" lon="-118.02073">
        <ele>564.26</ele>
        <time>2025-10-18T18:16:44Z</time>
      </trkpt>
      <trkpt lat="34.19874" lon="-118.02075">
        <ele>564.14</ele>
        <time>2025-10-18T18:16:47Z</time>
      </trkpt>
      <trkpt lat="34.19871" lon="-118.02077">
        <ele>564.38</ele>
        <time>2025-10-18T18:16:50Z</time>
      </trkpt>
      <trkpt lat="34.19868" lon="-118.02079">
        <ele>565.02</ele>
        <time>2025-10-18T18:16:53Z</time>
      </trkpt>
      <trkpt lat="34.19865" lon="-118.02081">
        <ele>566.13</ele>
        <time>2025-10-18T18:16:56Z</time>
      </trkpt>
      <trkpt lat="34.19862" lon="-118.02083">
        <ele>567.66</ele>
        <time>2025-10-18T18:16:59Z</time>
      </trkpt>
      <trkpt lat="34.19859" lon="-118.02086">
        <ele>569.24</ele>
        <time>2025-10-18T18:17:02Z</time>
      </trkpt>
      <trkpt lat="34.19856" lon="-118.02088">
        <ele>570.2</ele>
        <time>2025-10-18T18:17:05Z</time>
      </trkpt>
      <trkpt lat="34.19853" lon="-118.02091">
        <ele>572.52</ele>
        <time>2025-10-18T18:17:08Z</time>
      </trkpt>
      <trkpt lat="34.1985" lon="-118.02093">
        <ele>573.39</ele>
        <time>2025-10-18T18:17:11Z</time>
      </trkpt>
      <trkpt lat="34.19848" lon="-118.02095">
        <ele>573.59</ele>
        <time>2025-10-18T18:17:14Z</time>
      </trkpt>
      <trkpt lat="34.19845" lon="-118.02098">
        <ele>574.24</ele>
        <time>2025-10-18T18:17:17Z</time>
      </trkpt>
      <trkpt lat="34.19842" lon="-118.021">
        <ele>574.4</ele>
        <time>2025-10-18T18:17:20Z</time>
      </trkpt>
      <trkpt lat="34.19839" lon="-118.02102">
        <ele>573.7</ele>
        <time>2025-10-18T18:17:23Z</time>
      </trkpt>
      <trkpt lat="34.19835" lon="-118.02104">
        <ele>571.69</ele>
        <time>2025-10-18T18:17:26Z</time>
      </trkpt>
      <trkpt lat="34.19832" lon="-118.02102">
        <ele>567.74</ele>
        <time>2025-10-18T18:17:29Z</time>
      </trkpt>
      <trkpt lat="34.1983" lon="-118.021">
        <ele>562.84</ele>
        <time>2025-10-18T18:17:32Z</time>
      </trkpt>
      <trkpt lat="34.19832" lon="-118.02097">
        <ele>564.03</ele>
        <time>2025-10-18T18:17:39Z</time>
      </trkpt>
      <trkpt lat="34.19833" lon="-118.02103">
        <ele>569.8</ele>
        <time>2025-10-18T18:18:14Z</time>
      </trkpt>
      <trkpt lat="34.19834" lon="-118.0211">
        <ele>572.95</ele>
        <time>2025-10-18T18:18:17Z</time>
      </trkpt>
      <trkpt lat="34.19835" lon="-118.02116">
        <ele>573.82</ele>
        <time>2025-10-18T18:18:20Z</time>
      </trkpt>
      <trkpt lat="34.19835" lon="-118.02121">
        <ele>573.96</ele>
        <time>2025-10-18T18:18:23Z</time>
      </trkpt>
      <trkpt lat="34.19836" lon="-118.02126">
        <ele>574.87</ele>
        <time>2025-10-18T18:18:26Z</time>
      </trkpt>
      <trkpt lat="34.19837" lon="-118.0213">
        <ele>575.6</ele>
        <time>2025-10-18T18:18:29Z</time>
      </trkpt>
      <trkpt lat="34.19838" lon="-118.02134">
        <ele>576.25</ele>
        <time>2025-10-18T18:18:32Z</time>
      </trkpt>
      <trkpt lat="34.19839" lon="-118.02138">
        <ele>577.0</ele>
        <time>2025-10-18T18:18:35Z</time>
      </trkpt>
      <trkpt lat="34.1984" lon="-118.02142">
        <ele>577.94</ele>
        <time>2025-10-18T18:18:38Z</time>
      </trkpt>
      <trkpt lat="34.19841" lon="-118.02146">
        <ele>578.91</ele>
        <time>2025-10-18T18:18:41Z</time>
      </trkpt>
      <trkpt lat="34.19842" lon="-118.0215">
        <ele>579.69</ele>
        <time>2025-10-18T18:18:44Z</time>
      </trkpt>
      <trkpt lat="34.19843" lon="-118.02154">
        <ele>580.28</ele>
        <time>2025-10-18T18:18:47Z</time>
      </trkpt>
      <trkpt lat="34.19843" lon="-118.02158">
        <ele>580.37</ele>
        <time>2025-10-18T18:18:50Z</time>
      </trkpt>
      <trkpt lat="34.19842" lon="-118.02162">
        <ele>580.24</ele>
        <time>2025-10-18T18:18:53Z</time>
      </trkpt>
      <trkpt lat="34.19842" lon="-118.02166">
        <ele>580.67</ele>
        <time>2025-10-18T18:18:56Z</time>
      </trkpt>
      <trkpt lat="34.19841" lon="-118.0217">
        <ele>580.37</ele>
        <time>2025-10-18T18:18:59Z</time>
      </trkpt>
      <trkpt lat="34.1984" lon="-118.02175">
        <ele>580.13</ele>
        <time>2025-10-18T18:19:02Z</time>
      </trkpt>
      <trkpt lat="34.19839" lon="-118.02179">
        <ele>580.17</ele>
        <time>2025-10-18T18:19:05Z</time>
      </trkpt>
      <trkpt lat="34.19837" lon="-118.02183">
        <ele>579.95</ele>
        <time>2025-10-18T18:19:08Z</time>
      </trkpt>
      <trkpt lat="34.19835" lon="-118.02186">
        <ele>579.64</ele>
        <time>2025-10-18T18:19:10Z</time>
      </trkpt>
      <trkpt lat="34.19833" lon="-118.02188">
        <ele>579.17</ele>
        <time>2025-10-18T18:19:12Z</time>
      </trkpt>
      <trkpt lat="34.1983" lon="-118.02191">
        <ele>578.41</ele>
        <time>2025-10-18T18:19:15Z</time>
      </trkpt>
      <trkpt lat="34.19827" lon="-118.02194">
        <ele>577.87</ele>
        <time>2025-10-18T18:19:18Z</time>
      </trkpt>
      <trkpt lat="34.19824" lon="-118.02197">
        <ele>577.8</ele>
        <time>2025-10-18T18:19:21Z</time>
      </trkpt>
      <trkpt lat="34.19822" lon="-118.022">
        <ele>578.04</ele>
        <time>2025-10-18T18:19:24Z</time>
      </trkpt>
      <trkpt lat="34.1982" lon="-118.02204">
        <ele>578.85</ele>
        <time>2025-10-18T18:19:27Z</time>
      </trkpt>
      <trkpt lat="34.19818" lon="-118.02207">
        <ele>580.27</ele>
        <time>2025-10-18T18:19:30Z</time>
      </trkpt>
      <trkpt lat="34.19815" lon="-118.0221">
        <ele>582.43</ele>
        <time>2025-10-18T18:19:33Z</time>
      </trkpt>
      <trkpt lat="34.19813" lon="-118.02213">
        <ele>584.23</ele>
        <time>2025-10-18T18:19:36Z</time>
      </trkpt>
      <trkpt lat="34.1981" lon="-118.02216">
        <ele>584.25</ele>
        <time>2025-10-18T18:19:39Z</time>
      </trkpt>
      <trkpt lat="34.19808" lon="-118.02219">
        <ele>584.97</ele>
        <time>2025-10-18T18:19:42Z</time>
      </trkpt>
      <trkpt lat="34.19806" lon="-118.02222">
        <ele>585.98</ele>
        <time>2025-10-18T18:19:45Z</time>
      </trkpt>
      <trkpt lat="34.19803" lon="-118.02225">
        <ele>585.49</ele>
        <time>2025-10-18T18:19:48Z</time>
      </trkpt>
      <trkpt lat="34.19801" lon="-118.02228">
        <ele>585.84</ele>
        <time>2025-10-18T18:19:51Z</time>
      </trkpt>
      <trkpt lat="34.19799" lon="-118.02231">
        <ele>586.61</ele>
        <time>2025-10-18T18:19:54Z</time>
      </trkpt>
      <trkpt lat="34.19796" lon="-118.02234">
        <ele>586.65</ele>
        <time>2025-10-18T18:19:57Z</time>
      </trkpt>
      <trkpt lat="34.19794" lon="-118.02237">
        <ele>586.74</ele>
        <time>2025-10-18T18:20:00Z</time>
      </trkpt>
      <trkpt lat="34.19791" lon="-118.0224">
        <ele>586.91</ele>
        <time>2025-10-18T18:20:03Z</time>
      </trkpt>
      <trkpt lat="34.19788" lon="-118.02243">
        <ele>587.24</ele>
        <time>2025-10-18T18:20:06Z</time>
      </trkpt>
      <trkpt lat="34.19786" lon="-118.02245">
        <ele>587.43</ele>
        <time>2025-10-18T18:20:09Z</time>
      </trkpt>
      <trkpt lat="34.19783" lon="-118.02247">
        <ele>587.41</ele>
        <time>2025-10-18T18:20:12Z</time>
      </trkpt>
      <trkpt lat="34.1978" lon="-118.02249">
        <ele>587.8</ele>
        <time>2025-10-18T18:20:15Z</time>
      </trkpt>
      <trkpt lat="34.19778" lon="-118.02252">
        <ele>588.48</ele>
        <time>2025-10-18T18:20:18Z</time>
      </trkpt>
      <trkpt lat="34.19775" lon="-118.02255">
        <ele>588.34</ele>
        <time>2025-10-18T18:20:21Z</time>
      </trkpt>
      <trkpt lat="34.19772" lon="-118.02258">
        <ele>588.4</ele>
        <time>2025-10-18T18:20:24Z</time>
      </trkpt>
      <trkpt lat="34.1977" lon="-118.0226">
        <ele>588.56</ele>
        <time>2025-10-18T18:20:27Z</time>
      </trkpt>
      <trkpt lat="34.19766" lon="-118.02262">
        <ele>588.73</ele>
        <time>2025-10-18T18:20:30Z</time>
      </trkpt>
      <trkpt lat="34.19763" lon="-118.02263">
        <ele>588.73</ele>
        <time>2025-10-18T18:20:32Z</time>
      </trkpt>
      <trkpt lat="34.19759" lon="-118.02263">
        <ele>588.48</ele>
        <time>2025-10-18T18:20:35Z</time>
      </trkpt>
      <trkpt lat="34.19756" lon="-118.02264">
        <ele>589.39</ele>
        <time>2025-10-18T18:20:38Z</time>
      </trkpt>
      <trkpt lat="34.19752" lon="-118.02263">
        <ele>590.44</ele>
        <time>2025-10-18T18:20:41Z</time>
      </trkpt>
      <trkpt lat="34.19749" lon="-118.02263">
        <ele>591.43</ele>
        <time>2025-10-18T18:20:44Z</time>
      </trkpt>
      <trkpt lat="34.19752" lon="-118.02263">
        <ele>590.44</ele>
        <time>2025-10-18T18:20:51Z</time>
      </trkpt>
      <trkpt lat="34.19755" lon="-118.02262">
        <ele>589.54</ele>
        <time>2025-10-18T18:20:58Z</time>
      </trkpt>
      <trkpt lat="34.19752" lon="-118.0226">
        <ele>590.37</ele>
        <time>2025-10-18T18:21:29Z</time>
      </trkpt>
      <trkpt lat="34.19748" lon="-118.02258">
        <ele>591.97</ele>
        <time>2025-10-18T18:21:35Z</time>
      </trkpt>
      <trkpt lat="34.19745" lon="-118.02255">
        <ele>593.37</ele>
        <time>2025-10-18T18:21:37Z</time>
      </trkpt>
      <trkpt lat="34.19741" lon="-118.02252">
        <ele>594.91</ele>
        <time>2025-10-18T18:21:39Z</time>
      </trkpt>
      <trkpt lat="34.19739" lon="-118.02248">
        <ele>597.11</ele>
        <time>2025-10-18T18:21:41Z</time>
      </trkpt>
      <trkpt lat="34.19737" lon="-118.02244">
        <ele>599.91</ele>
        <time>2025-10-18T18:21:43Z</time>
      </trkpt>
      <trkpt lat="34.19736" lon="-118.02241">
        <ele>601.51</ele>
        <time>2025-10-18T18:21:45Z</time>
      </trkpt>
      <trkpt lat="34.19735" lon="-118.02236">
        <ele>603.56</ele>
        <time>2025-10-18T18:21:48Z</time>
      </trkpt>
      <trkpt lat="34.19735" lon="-118.02233">
        <ele>604.33</ele>
        <time>2025-10-18T18:21:51Z</time>
      </trkpt>
      <trkpt lat="34.19735" lon="-118.02229">
        <ele>605.19</ele>
        <time>2025-10-18T18:21:54Z</time>
      </trkpt>
      <trkpt lat="34.19735" lon="-118.02225">
        <ele>605.95</ele>
        <time>2025-10-18T18:21:57Z</time>
      </trkpt>
      <trkpt lat="34.19735" lon="-118.02221">
        <ele>606.61</ele>
        <time>2025-10-18T18:22:01Z</time>
      </trkpt>
      <trkpt lat="34.19735" lon="-118.02216">
        <ele>607.15</ele>
        <time>2025-10-18T18:22:05Z</time>
      </trkpt>
      <trkpt lat="34.19734" lon="-118.02213">
        <ele>607.91</ele>
        <time>2025-10-18T18:22:09Z</time>
      </trkpt>
      <trkpt lat="34.19734" lon="-118.02209">
        <ele>607.91</ele>
        <time>2025-10-18T18:22:12Z</time>
      </trkpt>
      <trkpt lat="34.19735" lon="-118.02205">
        <ele>607.48</ele>
        <time>2025-10-18T18:22:15Z</time>
      </trkpt>
      <trkpt lat="34.19736" lon="-118.02201">
        <ele>606.9</ele>
        <time>2025-10-18T18:22:18Z</time>
      </trkpt>
      <trkpt lat="34.19737" lon="-118.02197">
        <ele>606.32</ele>
        <time>2025-10-18T18:22:21Z</time>
      </trkpt>
      <trkpt lat="34.19736" lon="-118.02193">
        <ele>606.54</ele>
        <time>2025-10-18T18:22:24Z</time>
      </trkpt>
      <trkpt lat="34.19737" lon="-118.02189">
        <ele>606.21</ele>
        <time>2025-10-18T18:22:27Z</time>
      </trkpt>
      <trkpt lat="34.19737" lon="-118.02185">
        <ele>606.21</ele>
        <time>2025-10-18T18:22:30Z</time>
      </trkpt>
      <trkpt lat="34.19737" lon="-118.02181">
        <ele>606.21</ele>
        <time>2025-10-18T18:22:33Z</time>
      </trkpt>
      <trkpt lat="34.19737" lon="-118.02177">
        <ele>606.21</ele>
        <time>2025-10-18T18:22:36Z</time>
      </trkpt>
      <trkpt lat="34.19737" lon="-118.02173">
        <ele>606.21</ele>
        <time>2025-10-18T18:22:39Z</time>
      </trkpt>
      <trkpt lat="34.19737" lon="-118.0217">
        <ele>606.21</ele>
        <time>2025-10-18T18:22:42Z</time>
      </trkpt>
      <trkpt lat="34.19737" lon="-118.02166">
        <ele>606.27</ele>
        <time>2025-10-18T18:22:45Z</time>
      </trkpt>
      <trkpt lat="34.19737" lon="-118.02162">
        <ele>606.62</ele>
        <time>2025-10-18T18:22:48Z</time>
      </trkpt>
      <trkpt lat="34.19737" lon="-118.02158">
        <ele>606.97</ele>
        <time>2025-10-18T18:22:51Z</time>
      </trkpt>
      <trkpt lat="34.19736" lon="-118.02154">
        <ele>608.12</ele>
        <time>2025-10-18T18:22:54Z</time>
      </trkpt>
      <trkpt lat="34.19736" lon="-118.0215">
        <ele>608.77</ele>
        <time>2025-10-18T18:22:57Z</time>
      </trkpt>
      <trkpt lat="34.19735" lon="-118.02147">
        <ele>609.67</ele>
        <time>2025-10-18T18:23:00Z</time>
      </trkpt>
      <trkpt lat="34.19733" lon="-118.02143">
        <ele>610.92</ele>
        <time>2025-10-18T18:23:03Z</time>
      </trkpt>
      <trkpt lat="34.19732" lon="-118.0214">
        <ele>611.61</ele>
        <time>2025-10-18T18:23:06Z</time>
      </trkpt>
      <trkpt lat="34.19728" lon="-118.02138">
        <ele>612.72</ele>
        <time>2025-10-18T18:23:09Z</time>
      </trkpt>
      <trkpt lat="34.19725" lon="-118.02137">
        <ele>613.37</ele>
        <time>2025-10-18T18:23:11Z</time>
      </trkpt>
      <trkpt lat="34.19722" lon="-118.02137">
        <ele>614.42</ele>
        <time>2025-10-18T18:23:13Z</time>
      </trkpt>
      <trkpt lat="34.19719" lon="-118.02135">
        <ele>614.23</ele>
        <time>2025-10-18T18:23:16Z</time>
      </trkpt>
      <trkpt lat="34.19717" lon="-118.02133">
        <ele>614.01</ele>
        <time>2025-10-18T18:23:19Z</time>
      </trkpt>
      <trkpt lat="34.19714" lon="-118.02132">
        <ele>614.32</ele>
        <time>2025-10-18T18:23:22Z</time>
      </trkpt>
      <trkpt lat="34.19711" lon="-118.0213">
        <ele>614.09</ele>
        <time>2025-10-18T18:23:25Z</time>
      </trkpt>
      <trkpt lat="34.19709" lon="-118.02129">
        <ele>613.69</ele>
        <time>2025-10-18T18:23:28Z</time>
      </trkpt>
      <trkpt lat="34.19705" lon="-118.02128">
        <ele>613.27</ele>
        <time>2025-10-18T18:23:32Z</time>
      </trkpt>
      <trkpt lat="34.19702" lon="-118.02127">
        <ele>612.86</ele>
        <time>2025-10-18T18:23:35Z</time>
      </trkpt>
      <trkpt lat="34.19699" lon="-118.02127">
        <ele>612.86</ele>
        <time>2025-10-18T18:23:39Z</time>
      </trkpt>
      <trkpt lat="34.19696" lon="-118.02129">
        <ele>613.73</ele>
        <time>2025-10-18T18:23:42Z</time>
      </trkpt>
      <trkpt lat="34.19693" lon="-118.0213">
        <ele>613.92</ele>
        <time>2025-10-18T18:23:45Z</time>
      </trkpt>
      <trkpt lat="34.1969" lon="-118.02131">
        <ele>613.82</ele>
        <time>2025-10-18T18:23:48Z</time>
      </trkpt>
      <trkpt lat="34.19687" lon="-118.02133">
        <ele>613.92</ele>
        <time>2025-10-18T18:23:51Z</time>
      </trkpt>
      <trkpt lat="34.19684" lon="-118.02135">
        <ele>613.72</ele>
        <time>2025-10-18T18:23:54Z</time>
      </trkpt>
      <trkpt lat="34.19681" lon="-118.02137">
        <ele>613.14</ele>
        <time>2025-10-18T18:23:57Z</time>
      </trkpt>
      <trkpt lat="34.19679" lon="-118.0214">
        <ele>613.24</ele>
        <time>2025-10-18T18:24:00Z</time>
      </trkpt>
      <trkpt lat="34.19679" lon="-118.02145">
        <ele>614.32</ele>
        <time>2025-10-18T18:24:03Z</time>
      </trkpt>
      <trkpt lat="34.19679" lon="-118.02149">
        <ele>615.24</ele>
        <time>2025-10-18T18:24:06Z</time>
      </trkpt>
      <trkpt lat="34.1968" lon="-118.02153">
        <ele>616.66</ele>
        <time>2025-10-18T18:24:10Z</time>
      </trkpt>
      <trkpt lat="34.19682" lon="-118.02156">
        <ele>617.96</ele>
        <time>2025-10-18T18:24:15Z</time>
      </trkpt>
      <trkpt lat="34.19684" lon="-118.02158">
        <ele>618.88</ele>
        <time>2025-10-18T18:24:20Z</time>
      </trkpt>
      <trkpt lat="34.19687" lon="-118.0216">
        <ele>619.95</ele>
        <time>2025-10-18T18:24:23Z</time>
      </trkpt>
      <trkpt lat="34.1969" lon="-118.02161">
        <ele>620.82</ele>
        <time>2025-10-18T18:24:26Z</time>
      </trkpt>
      <trkpt lat="34.19693" lon="-118.02162">
        <ele>621.68</ele>
        <time>2025-10-18T18:24:29Z</time>
      </trkpt>
      <trkpt lat="34.19696" lon="-118.02161">
        <ele>622.11</ele>
        <time>2025-10-18T18:24:32Z</time>
      </trkpt>
      <trkpt lat="34.19699" lon="-118.02159">
        <ele>622.33</ele>
        <time>2025-10-18T18:24:35Z</time>
      </trkpt>
      <trkpt lat="34.19702" lon="-118.02158">
        <ele>622.76</ele>
        <time>2025-10-18T18:24:38Z</time>
      </trkpt>
      <trkpt lat="34.19706" lon="-118.02159">
        <ele>623.14</ele>
        <time>2025-10-18T18:24:41Z</time>
      </trkpt>
      <trkpt lat="34.19709" lon="-118.02161">
        <ele>623.43</ele>
        <time>2025-10-18T18:24:44Z</time>
      </trkpt>
      <trkpt lat="34.19712" lon="-118.02163">
        <ele>623.85</ele>
        <time>2025-10-18T18:24:47Z</time>
      </trkpt>
      <trkpt lat="34.19713" lon="-118.02167">
        <ele>625.05</ele>
        <time>2025-10-18T18:24:49Z</time>
      </trkpt>
      <trkpt lat="34.19715" lon="-118.0217">
        <ele>624.24</ele>
        <time>2025-10-18T18:24:51Z</time>
      </trkpt>
      <trkpt lat="34.19716" lon="-118.02174">
        <ele>624.1</ele>
        <time>2025-10-18T18:24:54Z</time>
      </trkpt>
      <trkpt lat="34.19716" lon="-118.02178">
        <ele>624.38</ele>
        <time>2025-10-18T18:24:57Z</time>
      </trkpt>
      <trkpt lat="34.19715" lon="-118.02182">
        <ele>625.24</ele>
        <time>2025-10-18T18:25:00Z</time>
      </trkpt>
      <trkpt lat="34.19714" lon="-118.02185">
        <ele>626.1</ele>
        <time>2025-10-18T18:25:03Z</time>
      </trkpt>
      <trkpt lat="34.19711" lon="-118.02188">
        <ele>627.28</ele>
        <time>2025-10-18T18:25:06Z</time>
      </trkpt>
      <trkpt lat="34.1971" lon="-118.02192">
        <ele>627.56</ele>
        <time>2025-10-18T18:25:10Z</time>
      </trkpt>
      <trkpt lat="34.19704" lon="-118.02192">
        <ele>628.68</ele>
        <time>2025-10-18T18:26:27Z</time>
      </trkpt>
      <trkpt lat="34.19699" lon="-118.02195">
        <ele>629.57</ele>
        <time>2025-10-18T18:26:36Z</time>
      </trkpt>
      <trkpt lat="34.19694" lon="-118.02196">
        <ele>630.22</ele>
        <time>2025-10-18T18:26:42Z</time>
      </trkpt>
      <trkpt lat="34.1969" lon="-118.02196">
        <ele>630.65</ele>
        <time>2025-10-18T18:26:43Z</time>
      </trkpt>
      <trkpt lat="34.19685" lon="-118.02196">
        <ele>631.21</ele>
        <time>2025-10-18T18:26:44Z</time>
      </trkpt>
      <trkpt lat="34.1968" lon="-118.02196">
        <ele>632.29</ele>
        <time>2025-10-18T18:26:45Z</time>
      </trkpt>
      <trkpt lat="34.19674" lon="-118.02196">
        <ele>633.97</ele>
        <time>2025-10-18T18:26:47Z</time>
      </trkpt>
      <trkpt lat="34.1967" lon="-118.02196">
        <ele>635.62</ele>
        <time>2025-10-18T18:26:50Z</time>
      </trkpt>
      <trkpt lat="34.19667" lon="-118.02193">
        <ele>636.23</ele>
        <time>2025-10-18T18:26:53Z</time>
      </trkpt>
      <trkpt lat="34.19667" lon="-118.02189">
        <ele>634.5</ele>
        <time>2025-10-18T18:26:57Z</time>
      </trkpt>
      <trkpt lat="34.19663" lon="-118.02189">
        <ele>634.81</ele>
        <time>2025-10-18T18:27:02Z</time>
      </trkpt>
      <trkpt lat="34.1966" lon="-118.02188">
        <ele>634.43</ele>
        <time>2025-10-18T18:27:06Z</time>
      </trkpt>
      <trkpt lat="34.19656" lon="-118.02188">
        <ele>634.41</ele>
        <time>2025-10-18T18:27:10Z</time>
      </trkpt>
      <trkpt lat="34.19652" lon="-118.02188">
        <ele>634.11</ele>
        <time>2025-10-18T18:27:14Z</time>
      </trkpt>
      <trkpt lat="34.19649" lon="-118.02189">
        <ele>634.53</ele>
        <time>2025-10-18T18:27:17Z</time>
      </trkpt>
      <trkpt lat="34.19646" lon="-118.0219">
        <ele>634.78</ele>
        <time>2025-10-18T18:27:21Z</time>
      </trkpt>
      <trkpt lat="34.19643" lon="-118.02192">
        <ele>635.71</ele>
        <time>2025-10-18T18:27:24Z</time>
      </trkpt>
      <trkpt lat="34.19642" lon="-118.02195">
        <ele>637.52</ele>
        <time>2025-10-18T18:27:26Z</time>
      </trkpt>
      <trkpt lat="34.1964" lon="-118.02198">
        <ele>638.27</ele>
        <time>2025-10-18T18:27:28Z</time>
      </trkpt>
      <trkpt lat="34.19637" lon="-118.02201">
        <ele>638.86</ele>
        <time>2025-10-18T18:27:31Z</time>
      </trkpt>
      <trkpt lat="34.19633" lon="-118.02203">
        <ele>639.09</ele>
        <time>2025-10-18T18:27:35Z</time>
      </trkpt>
      <trkpt lat="34.1963" lon="-118.02205">
        <ele>639.46</ele>
        <time>2025-10-18T18:27:39Z</time>
      </trkpt>
      <trkpt lat="34.19627" lon="-118.02207">
        <ele>639.6</ele>
        <time>2025-10-18T18:27:42Z</time>
      </trkpt>
      <trkpt lat="34.19624" lon="-118.02209">
        <ele>639.85</ele>
        <time>2025-10-18T18:27:46Z</time>
      </trkpt>
      <trkpt lat="34.19621" lon="-118.02211">
        <ele>640.23</ele>
        <time>2025-10-18T18:27:49Z</time>
      </trkpt>
      <trkpt lat="34.19619" lon="-118.02212">
        <ele>640.42</ele>
        <time>2025-10-18T18:27:52Z</time>
      </trkpt>
      <trkpt lat="34.19616" lon="-118.02214">
        <ele>640.92</ele>
        <time>2025-10-18T18:27:55Z</time>
      </trkpt>
      <trkpt lat="34.19613" lon="-118.02214">
        <ele>640.63</ele>
        <time>2025-10-18T18:27:59Z</time>
      </trkpt>
      <trkpt lat="34.19609" lon="-118.02214">
        <ele>640.32</ele>
        <time>2025-10-18T18:28:03Z</time>
      </trkpt>
      <trkpt lat="34.19607" lon="-118.02216">
        <ele>641.45</ele>
        <time>2025-10-18T18:28:06Z</time>
      </trkpt>
      <trkpt lat="34.19604" lon="-118.02218">
        <ele>643.08</ele>
        <time>2025-10-18T18:28:09Z</time>
      </trkpt>
      <trkpt lat="34.19602" lon="-118.0222">
        <ele>645.05</ele>
        <time>2025-10-18T18:28:12Z</time>
      </trkpt>
      <trkpt lat="34.19599" lon="-118.02222">
        <ele>647.13</ele>
        <time>2025-10-18T18:28:15Z</time>
      </trkpt>
      <trkpt lat="34.19596" lon="-118.02223">
        <ele>647.85</ele>
        <time>2025-10-18T18:28:18Z</time>
      </trkpt>
      <trkpt lat="34.19594" lon="-118.02225">
        <ele>648.7</ele>
        <time>2025-10-18T18:28:21Z</time>
      </trkpt>
      <trkpt lat="34.19591" lon="-118.02226">
        <ele>649.33</ele>
        <time>2025-10-18T18:28:24Z</time>
      </trkpt>
      <trkpt lat="34.19587" lon="-118.02227">
        <ele>649.84</ele>
        <time>2025-10-18T18:28:27Z</time>
      </trkpt>
      <trkpt lat="34.19584" lon="-118.02225">
        <ele>649.55</ele>
        <time>2025-10-18T18:28:29Z</time>
      </trkpt>
      <trkpt lat="34.1958" lon="-118.02223">
        <ele>649.17</ele>
        <time>2025-10-18T18:28:32Z</time>
      </trkpt>
      <trkpt lat="34.19577" lon="-118.02222">
        <ele>648.89</ele>
        <time>2025-10-18T18:28:35Z</time>
      </trkpt>
      <trkpt lat="34.19574" lon="-118.02221">
        <ele>648.46</ele>
        <time>2025-10-18T18:28:38Z</time>
      </trkpt>
      <trkpt lat="34.19571" lon="-118.02222">
        <ele>648.56</ele>
        <time>2025-10-18T18:28:42Z</time>
      </trkpt>
      <trkpt lat="34.19568" lon="-118.02224">
        <ele>648.85</ele>
        <time>2025-10-18T18:28:45Z</time>
      </trkpt>
      <trkpt lat="34.19566" lon="-118.02228">
        <ele>649.92</ele>
        <time>2025-10-18T18:28:48Z</time>
      </trkpt>
      <trkpt lat="34.19563" lon="-118.02231">
        <ele>650.65</ele>
        <time>2025-10-18T18:28:51Z</time>
      </trkpt>
      <trkpt lat="34.19561" lon="-118.02235">
        <ele>651.5</ele>
        <time>2025-10-18T18:28:54Z</time>
      </trkpt>
      <trkpt lat="34.19558" lon="-118.02238">
        <ele>652.19</ele>
        <time>2025-10-18T18:28:57Z</time>
      </trkpt>
      <trkpt lat="34.19556" lon="-118.02242">
        <ele>653.27</ele>
        <time>2025-10-18T18:29:00Z</time>
      </trkpt>
      <trkpt lat="34.19553" lon="-118.02244">
        <ele>653.53</ele>
        <time>2025-10-18T18:29:04Z</time>
      </trkpt>
      <trkpt lat="34.19549" lon="-118.02245">
        <ele>653.54</ele>
        <time>2025-10-18T18:29:08Z</time>
      </trkpt>
      <trkpt lat="34.19546" lon="-118.02245">
        <ele>653.4</ele>
        <time>2025-10-18T18:29:12Z</time>
      </trkpt>
      <trkpt lat="34.19542" lon="-118.02246">
        <ele>653.9</ele>
        <time>2025-10-18T18:29:16Z</time>
      </trkpt>
      <trkpt lat="34.19539" lon="-118.02246">
        <ele>654.04</ele>
        <time>2025-10-18T18:29:19Z</time>
      </trkpt>
      <trkpt lat="34.19536" lon="-118.02246">
        <ele>654.25</ele>
        <time>2025-10-18T18:29:22Z</time>
      </trkpt>
      <trkpt lat="34.19533" lon="-118.02245">
        <ele>654.36</ele>
        <time>2025-10-18T18:29:25Z</time>
      </trkpt>
      <trkpt lat="34.1953" lon="-118.02242">
        <ele>654.03</ele>
        <time>2025-10-18T18:29:27Z</time>
      </trkpt>
      <trkpt lat="34.19527" lon="-118.02238">
        <ele>653.22</ele>
        <time>2025-10-18T18:29:30Z</time>
      </trkpt>
      <trkpt lat="34.19525" lon="-118.02235">
        <ele>652.63</ele>
        <time>2025-10-18T18:29:32Z</time>
      </trkpt>
      <trkpt lat="34.19522" lon="-118.02231">
        <ele>652.18</ele>
        <time>2025-10-18T18:29:35Z</time>
      </trkpt>
      <trkpt lat="34.19519" lon="-118.02228">
        <ele>652.5</ele>
        <time>2025-10-18T18:29:38Z</time>
      </trkpt>
      <trkpt lat="34.19517" lon="-118.02224">
        <ele>652.68</ele>
        <time>2025-10-18T18:29:41Z</time>
      </trkpt>
      <trkpt lat="34.19514" lon="-118.02221">
        <ele>653.2</ele>
        <time>2025-10-18T18:29:44Z</time>
      </trkpt>
      <trkpt lat="34.19512" lon="-118.02218">
        <ele>653.2</ele>
        <time>2025-10-18T18:29:46Z</time>
      </trkpt>
      <trkpt lat="34.1951" lon="-118.02214">
        <ele>652.98</ele>
        <time>2025-10-18T18:29:49Z</time>
      </trkpt>
      <trkpt lat="34.1951" lon="-118.0221">
        <ele>652.09</ele>
        <time>2025-10-18T18:29:53Z</time>
      </trkpt>
      <trkpt lat="34.19508" lon="-118.02207">
        <ele>652.12</ele>
        <time>2025-10-18T18:29:56Z</time>
      </trkpt>
      <trkpt lat="34.19505" lon="-118.02204">
        <ele>652.44</ele>
        <time>2025-10-18T18:29:59Z</time>
      </trkpt>
      <trkpt lat="34.19502" lon="-118.022">
        <ele>652.15</ele>
        <time>2025-10-18T18:30:02Z</time>
      </trkpt>
      <trkpt lat="34.19499" lon="-118.02197">
        <ele>652.15</ele>
        <time>2025-10-18T18:30:05Z</time>
      </trkpt>
      <trkpt lat="34.19496" lon="-118.02194">
        <ele>652.15</ele>
        <time>2025-10-18T18:30:08Z</time>
      </trkpt>
      <trkpt lat="34.19494" lon="-118.02191">
        <ele>651.83</ele>
        <time>2025-10-18T18:30:11Z</time>
      </trkpt>
      <trkpt lat="34.19492" lon="-118.02188">
        <ele>651.5</ele>
        <time>2025-10-18T18:30:14Z</time>
      </trkpt>
      <trkpt lat="34.19489" lon="-118.02186">
        <ele>651.47</ele>
        <time>2025-10-18T18:30:17Z</time>
      </trkpt>
      <trkpt lat="34.19486" lon="-118.02183">
        <ele>650.22</ele>
        <time>2025-10-18T18:30:20Z</time>
      </trkpt>
      <trkpt lat="34.19483" lon="-118.02181">
        <ele>649.5</ele>
        <time>2025-10-18T18:30:23Z</time>
      </trkpt>
      <trkpt lat="34.1948" lon="-118.02179">
        <ele>649.09</ele>
        <time>2025-10-18T18:30:26Z</time>
      </trkpt>
      <trkpt lat="34.19477" lon="-118.02178">
        <ele>649.46</ele>
        <time>2025-10-18T18:30:29Z</time>
      </trkpt>
      <trkpt lat="34.19474" lon="-118.02177">
        <ele>649.91</ele>
        <time>2025-10-18T18:30:32Z</time>
      </trkpt>
      <trkpt lat="34.1947" lon="-118.02175">
        <ele>649.8</ele>
        <time>2025-10-18T18:30:35Z</time>
      </trkpt>
      <trkpt lat="34.19467" lon="-118.02174">
        <ele>649.79</ele>
        <time>2025-10-18T18:30:38Z</time>
      </trkpt>
      <trkpt lat="34.19464" lon="-118.02172">
        <ele>649.18</ele>
        <time>2025-10-18T18:30:41Z</time>
      </trkpt>
      <trkpt lat="34.19461" lon="-118.02171">
        <ele>649.46</ele>
        <time>2025-10-18T18:30:44Z</time>
      </trkpt>
      <trkpt lat="34.19458" lon="-118.02169">
        <ele>649.39</ele>
        <time>2025-10-18T18:30:47Z</time>
      </trkpt>
      <trkpt lat="34.19454" lon="-118.02168">
        <ele>650.46</ele>
        <time>2025-10-18T18:30:51Z</time>
      </trkpt>
      <trkpt lat="34.19451" lon="-118.02167">
        <ele>650.73</ele>
        <time>2025-10-18T18:30:54Z</time>
      </trkpt>
      <trkpt lat="34.19447" lon="-118.02166">
        <ele>651.1</ele>
        <time>2025-10-18T18:30:58Z</time>
      </trkpt>
      <trkpt lat="34.19442" lon="-118.02164">
        <ele>651.3</ele>
        <time>2025-10-18T18:31:02Z</time>
      </trkpt>
      <trkpt lat="34.19439" lon="-118.02163">
        <ele>651.36</ele>
        <time>2025-10-18T18:31:05Z</time>
      </trkpt>
      <trkpt lat="34.19435" lon="-118.02162">
        <ele>651.48</ele>
        <time>2025-10-18T18:31:08Z</time>
      </trkpt>
      <trkpt lat="34.19431" lon="-118.02161">
        <ele>650.84</ele>
        <time>2025-10-18T18:31:10Z</time>
      </trkpt>
      <trkpt lat="34.19425" lon="-118.02161">
        <ele>650.93</ele>
        <time>2025-10-18T18:31:12Z</time>
      </trkpt>
      <trkpt lat="34.1942" lon="-118.0216">
        <ele>651.14</ele>
        <time>2025-10-18T18:31:14Z</time>
      </trkpt>
      <trkpt lat="34.19416" lon="-118.02159">
        <ele>651.42</ele>
        <time>2025-10-18T18:31:17Z</time>
      </trkpt>
      <trkpt lat="34.19413" lon="-118.02156">
        <ele>652.23</ele>
        <time>2025-10-18T18:31:21Z</time>
      </trkpt>
      <trkpt lat="34.19411" lon="-118.02152">
        <ele>652.07</ele>
        <time>2025-10-18T18:31:25Z</time>
      </trkpt>
      <trkpt lat="34.1941" lon="-118.02148">
        <ele>650.7</ele>
        <time>2025-10-18T18:31:28Z</time>
      </trkpt>
      <trkpt lat="34.1941" lon="-118.02142">
        <ele>648.18</ele>
        <time>2025-10-18T18:31:30Z</time>
      </trkpt>
      <trkpt lat="34.19409" lon="-118.02137">
        <ele>646.74</ele>
        <time>2025-10-18T18:31:32Z</time>
      </trkpt>
      <trkpt lat="34.19408" lon="-118.02133">
        <ele>645.88</ele>
        <time>2025-10-18T18:31:34Z</time>
      </trkpt>
      <trkpt lat="34.19408" lon="-118.02128">
        <ele>644.47</ele>
        <time>2025-10-18T18:31:37Z</time>
      </trkpt>
      <trkpt lat="34.19409" lon="-118.02125">
        <ele>643.57</ele>
        <time>2025-10-18T18:31:39Z</time>
      </trkpt>
      <trkpt lat="34.1941" lon="-118.02122">
        <ele>642.74</ele>
        <time>2025-10-18T18:31:41Z</time>
      </trkpt>
      <trkpt lat="34.19412" lon="-118.02118">
        <ele>641.5</ele>
        <time>2025-10-18T18:31:44Z</time>
      </trkpt>
      <trkpt lat="34.19412" lon="-118.02114">
        <ele>640.63</ele>
        <time>2025-10-18T18:31:47Z</time>
      </trkpt>
      <trkpt lat="34.19412" lon="-118.02111">
        <ele>639.98</ele>
        <time>2025-10-18T18:31:50Z</time>
      </trkpt>
      <trkpt lat="34.19414" lon="-118.02112">
        <ele>639.77</ele>
        <time>2025-10-18T18:32:02Z</time>
      </trkpt>
      <trkpt lat="34.19414" lon="-118.02116">
        <ele>640.63</ele>
        <time>2025-10-18T18:32:50Z</time>
      </trkpt>
    </trkseg>
  </trk>
</gpx>
