<?xml version="1.0"?>
<gpx xmlns="http://www.topografix.com/GPX/1/1" xmlns:xsi="http://www.w3.org/2001/XMLSchema-instance" version="1.1" creator="AllTrails.com" xsi:schemaLocation="http://www.topografix.com/GPX/1/1 http://www.topografix.com/GPX/1/1/gpx.xsd">
  <metadata>
    <name><![CDATA[Evening hike at Tee Pee Trail]]></name>
    <desc><![CDATA[]]></desc>
    <link href="http://www.alltrails.com">
      <text>AllTrails, LLC</text>
    </link>
    <bounds minlat="34.2308" minlon="-118.19778" maxlat="34.23508" maxlon="-118.18381"/>
  </metadata>
  <trk>
    <name><![CDATA[Evening hike at Tee Pee Trail]]></name>
    <src>AllTrails</src>
    <trkseg>
      <trkpt lat="34.23382" lon="-118.18381">
        <ele>689.37</ele>
        <time>2026-06-13T22:41:53Z</time>
      </trkpt>
      <trkpt lat="34.23381" lon="-118.18382">
        <ele>689.37</ele>
        <time>2026-06-13T22:42:21Z</time>
      </trkpt>
      <trkpt lat="34.23383" lon="-118.18383">
        <ele>689.6</ele>
        <time>2026-06-13T22:42:32Z</time>
      </trkpt>
      <trkpt lat="34.23384" lon="-118.18386">
        <ele>689.84</ele>
        <time>2026-06-13T22:43:36Z</time>
      </trkpt>
      <trkpt lat="34.23387" lon="-118.18386">
        <ele>689.94</ele>
        <time>2026-06-13T22:43:44Z</time>
      </trkpt>
      <trkpt lat="34.23391" lon="-118.18386">
        <ele>690.23</ele>
        <time>2026-06-13T22:43:46Z</time>
      </trkpt>
      <trkpt lat="34.23395" lon="-118.18385">
        <ele>690.66</ele>
        <time>2026-06-13T22:43:48Z</time>
      </trkpt>
      <trkpt lat="34.23398" lon="-118.18385">
        <ele>690.98</ele>
        <time>2026-06-13T22:43:50Z</time>
      </trkpt>
      <trkpt lat="34.23401" lon="-118.18388">
        <ele>691.28</ele>
        <time>2026-06-13T22:43:53Z</time>
      </trkpt>
      <trkpt lat="34.23403" lon="-118.18394">
        <ele>692.08</ele>
        <time>2026-06-13T22:43:55Z</time>
      </trkpt>
      <trkpt lat="34.23403" lon="-118.18399">
        <ele>692.52</ele>
        <time>2026-06-13T22:43:57Z</time>
      </trkpt>
      <trkpt lat="34.23403" lon="-118.18403">
        <ele>692.52</ele>
        <time>2026-06-13T22:43:59Z</time>
      </trkpt>
      <trkpt lat="34.23403" lon="-118.18406">
        <ele>692.52</ele>
        <time>2026-06-13T22:44:01Z</time>
      </trkpt>
      <trkpt lat="34.23403" lon="-118.18409">
        <ele>692.7</ele>
        <time>2026-06-13T22:44:03Z</time>
      </trkpt>
      <trkpt lat="34.23404" lon="-118.18414">
        <ele>693.34</ele>
        <time>2026-06-13T22:44:06Z</time>
      </trkpt>
      <trkpt lat="34.23404" lon="-118.18418">
        <ele>693.63</ele>
        <time>2026-06-13T22:44:08Z</time>
      </trkpt>
      <trkpt lat="34.23405" lon="-118.18422">
        <ele>693.74</ele>
        <time>2026-06-13T22:44:10Z</time>
      </trkpt>
      <trkpt lat="34.23406" lon="-118.18425">
        <ele>693.85</ele>
        <time>2026-06-13T22:44:12Z</time>
      </trkpt>
      <trkpt lat="34.23407" lon="-118.18429">
        <ele>694.27</ele>
        <time>2026-06-13T22:44:14Z</time>
      </trkpt>
      <trkpt lat="34.23408" lon="-118.18432">
        <ele>694.81</ele>
        <time>2026-06-13T22:44:16Z</time>
      </trkpt>
      <trkpt lat="34.23408" lon="-118.18436">
        <ele>695.04</ele>
        <time>2026-06-13T22:44:18Z</time>
      </trkpt>
      <trkpt lat="34.23409" lon="-118.18441">
        <ele>694.72</ele>
        <time>2026-06-13T22:44:21Z</time>
      </trkpt>
      <trkpt lat="34.23409" lon="-118.18445">
        <ele>694.34</ele>
        <time>2026-06-13T22:44:24Z</time>
      </trkpt>
      <trkpt lat="34.2341" lon="-118.1845">
        <ele>694.56</ele>
        <time>2026-06-13T22:44:27Z</time>
      </trkpt>
      <trkpt lat="34.2341" lon="-118.18455">
        <ele>694.56</ele>
        <time>2026-06-13T22:44:30Z</time>
      </trkpt>
      <trkpt lat="34.2341" lon="-118.18459">
        <ele>694.56</ele>
        <time>2026-06-13T22:44:33Z</time>
      </trkpt>
      <trkpt lat="34.23411" lon="-118.18464">
        <ele>694.84</ele>
        <time>2026-06-13T22:44:36Z</time>
      </trkpt>
      <trkpt lat="34.23411" lon="-118.18468">
        <ele>695.11</ele>
        <time>2026-06-13T22:44:39Z</time>
      </trkpt>
      <trkpt lat="34.23412" lon="-118.18473">
        <ele>695.5</ele>
        <time>2026-06-13T22:44:42Z</time>
      </trkpt>
      <trkpt lat="34.23413" lon="-118.18477">
        <ele>695.6</ele>
        <time>2026-06-13T22:44:45Z</time>
      </trkpt>
      <trkpt lat="34.23414" lon="-118.18482">
        <ele>695.75</ele>
        <time>2026-06-13T22:44:48Z</time>
      </trkpt>
      <trkpt lat="34.23415" lon="-118.18486">
        <ele>696.22</ele>
        <time>2026-06-13T22:44:51Z</time>
      </trkpt>
      <trkpt lat="34.23416" lon="-118.18491">
        <ele>696.91</ele>
        <time>2026-06-13T22:44:54Z</time>
      </trkpt>
      <trkpt lat="34.23416" lon="-118.18495">
        <ele>697.78</ele>
        <time>2026-06-13T22:44:57Z</time>
      </trkpt>
      <trkpt lat="34.23415" lon="-118.185">
        <ele>698.64</ele>
        <time>2026-06-13T22:45:00Z</time>
      </trkpt>
      <trkpt lat="34.23414" lon="-118.18503">
        <ele>699.4</ele>
        <time>2026-06-13T22:45:02Z</time>
      </trkpt>
      <trkpt lat="34.23412" lon="-118.18507">
        <ele>700.26</ele>
        <time>2026-06-13T22:45:05Z</time>
      </trkpt>
      <trkpt lat="34.23411" lon="-118.1851">
        <ele>701.02</ele>
        <time>2026-06-13T22:45:08Z</time>
      </trkpt>
      <trkpt lat="34.23409" lon="-118.18512">
        <ele>701.23</ele>
        <time>2026-06-13T22:45:15Z</time>
      </trkpt>
      <trkpt lat="34.23406" lon="-118.18514">
        <ele>701.31</ele>
        <time>2026-06-13T22:45:19Z</time>
      </trkpt>
      <trkpt lat="34.23404" lon="-118.18516">
        <ele>701.55</ele>
        <time>2026-06-13T22:45:21Z</time>
      </trkpt>
      <trkpt lat="34.23401" lon="-118.18518">
        <ele>701.49</ele>
        <time>2026-06-13T22:45:23Z</time>
      </trkpt>
      <trkpt lat="34.23399" lon="-118.18521">
        <ele>701.74</ele>
        <time>2026-06-13T22:45:25Z</time>
      </trkpt>
      <trkpt lat="34.23397" lon="-118.18524">
        <ele>701.99</ele>
        <time>2026-06-13T22:45:28Z</time>
      </trkpt>
      <trkpt lat="34.23397" lon="-118.18527">
        <ele>702.59</ele>
        <time>2026-06-13T22:45:31Z</time>
      </trkpt>
      <trkpt lat="34.23397" lon="-118.18531">
        <ele>703.1</ele>
        <time>2026-06-13T22:45:34Z</time>
      </trkpt>
      <trkpt lat="34.23397" lon="-118.18535">
        <ele>703.53</ele>
        <time>2026-06-13T22:45:37Z</time>
      </trkpt>
      <trkpt lat="34.23397" lon="-118.18539">
        <ele>703.96</ele>
        <time>2026-06-13T22:45:40Z</time>
      </trkpt>
      <trkpt lat="34.23398" lon="-118.18543">
        <ele>704.61</ele>
        <time>2026-06-13T22:45:43Z</time>
      </trkpt>
      <trkpt lat="34.23399" lon="-118.18546">
        <ele>705.15</ele>
        <time>2026-06-13T22:45:46Z</time>
      </trkpt>
      <trkpt lat="34.234" lon="-118.1855">
        <ele>705.4</ele>
        <time>2026-06-13T22:45:49Z</time>
      </trkpt>
      <trkpt lat="34.23401" lon="-118.18554">
        <ele>705.62</ele>
        <time>2026-06-13T22:45:52Z</time>
      </trkpt>
      <trkpt lat="34.23402" lon="-118.18558">
        <ele>705.94</ele>
        <time>2026-06-13T22:45:55Z</time>
      </trkpt>
      <trkpt lat="34.23402" lon="-118.18561">
        <ele>706.08</ele>
        <time>2026-06-13T22:45:58Z</time>
      </trkpt>
      <trkpt lat="34.23403" lon="-118.18565">
        <ele>706.59</ele>
        <time>2026-06-13T22:46:01Z</time>
      </trkpt>
      <trkpt lat="34.23403" lon="-118.18569">
        <ele>707.02</ele>
        <time>2026-06-13T22:46:04Z</time>
      </trkpt>
      <trkpt lat="34.23404" lon="-118.18572">
        <ele>707.67</ele>
        <time>2026-06-13T22:46:07Z</time>
      </trkpt>
      <trkpt lat="34.23404" lon="-118.18575">
        <ele>707.9</ele>
        <time>2026-06-13T22:46:10Z</time>
      </trkpt>
      <trkpt lat="34.23405" lon="-118.18579">
        <ele>708.22</ele>
        <time>2026-06-13T22:46:13Z</time>
      </trkpt>
      <trkpt lat="34.23405" lon="-118.18582">
        <ele>708.22</ele>
        <time>2026-06-13T22:46:16Z</time>
      </trkpt>
      <trkpt lat="34.23406" lon="-118.18586">
        <ele>708.83</ele>
        <time>2026-06-13T22:46:19Z</time>
      </trkpt>
      <trkpt lat="34.23406" lon="-118.18589">
        <ele>709.16</ele>
        <time>2026-06-13T22:46:22Z</time>
      </trkpt>
      <trkpt lat="34.23407" lon="-118.18593">
        <ele>709.91</ele>
        <time>2026-06-13T22:46:25Z</time>
      </trkpt>
      <trkpt lat="34.23408" lon="-118.18596">
        <ele>710.73</ele>
        <time>2026-06-13T22:46:28Z</time>
      </trkpt>
      <trkpt lat="34.23408" lon="-118.18599">
        <ele>711.03</ele>
        <time>2026-06-13T22:46:31Z</time>
      </trkpt>
      <trkpt lat="34.23409" lon="-118.18603">
        <ele>711.96</ele>
        <time>2026-06-13T22:46:34Z</time>
      </trkpt>
      <trkpt lat="34.2341" lon="-118.18607">
        <ele>712.8</ele>
        <time>2026-06-13T22:46:37Z</time>
      </trkpt>
      <trkpt lat="34.23411" lon="-118.1861">
        <ele>713.48</ele>
        <time>2026-06-13T22:46:40Z</time>
      </trkpt>
      <trkpt lat="34.23411" lon="-118.18614">
        <ele>713.74</ele>
        <time>2026-06-13T22:46:43Z</time>
      </trkpt>
      <trkpt lat="34.23412" lon="-118.18618">
        <ele>714.36</ele>
        <time>2026-06-13T22:46:46Z</time>
      </trkpt>
      <trkpt lat="34.23412" lon="-118.18622">
        <ele>714.66</ele>
        <time>2026-06-13T22:46:49Z</time>
      </trkpt>
      <trkpt lat="34.23413" lon="-118.18625">
        <ele>715.31</ele>
        <time>2026-06-13T22:46:52Z</time>
      </trkpt>
      <trkpt lat="34.23412" lon="-118.18629">
        <ele>715.42</ele>
        <time>2026-06-13T22:46:55Z</time>
      </trkpt>
      <trkpt lat="34.23411" lon="-118.18633">
        <ele>715.75</ele>
        <time>2026-06-13T22:46:58Z</time>
      </trkpt>
      <trkpt lat="34.2341" lon="-118.18636">
        <ele>716.02</ele>
        <time>2026-06-13T22:47:01Z</time>
      </trkpt>
      <trkpt lat="34.2341" lon="-118.1864">
        <ele>716.68</ele>
        <time>2026-06-13T22:47:04Z</time>
      </trkpt>
      <trkpt lat="34.2341" lon="-118.18643">
        <ele>717.0</ele>
        <time>2026-06-13T22:47:07Z</time>
      </trkpt>
      <trkpt lat="34.2341" lon="-118.18647">
        <ele>717.44</ele>
        <time>2026-06-13T22:47:10Z</time>
      </trkpt>
      <trkpt lat="34.2341" lon="-118.1865">
        <ele>717.82</ele>
        <time>2026-06-13T22:47:13Z</time>
      </trkpt>
      <trkpt lat="34.23411" lon="-118.18654">
        <ele>718.65</ele>
        <time>2026-06-13T22:47:16Z</time>
      </trkpt>
      <trkpt lat="34.23411" lon="-118.18658">
        <ele>719.2</ele>
        <time>2026-06-13T22:47:19Z</time>
      </trkpt>
      <trkpt lat="34.23412" lon="-118.18661">
        <ele>719.68</ele>
        <time>2026-06-13T22:47:22Z</time>
      </trkpt>
      <trkpt lat="34.23413" lon="-118.18665">
        <ele>720.14</ele>
        <time>2026-06-13T22:47:25Z</time>
      </trkpt>
      <trkpt lat="34.23415" lon="-118.18668">
        <ele>720.81</ele>
        <time>2026-06-13T22:47:28Z</time>
      </trkpt>
      <trkpt lat="34.23417" lon="-118.18672">
        <ele>721.75</ele>
        <time>2026-06-13T22:47:31Z</time>
      </trkpt>
      <trkpt lat="34.23419" lon="-118.18674">
        <ele>722.9</ele>
        <time>2026-06-13T22:47:33Z</time>
      </trkpt>
      <trkpt lat="34.23422" lon="-118.18677">
        <ele>724.4</ele>
        <time>2026-06-13T22:47:36Z</time>
      </trkpt>
      <trkpt lat="34.23424" lon="-118.18681">
        <ele>725.4</ele>
        <time>2026-06-13T22:47:39Z</time>
      </trkpt>
      <trkpt lat="34.23427" lon="-118.18684">
        <ele>726.36</ele>
        <time>2026-06-13T22:47:42Z</time>
      </trkpt>
      <trkpt lat="34.23429" lon="-118.18687">
        <ele>726.93</ele>
        <time>2026-06-13T22:47:45Z</time>
      </trkpt>
      <trkpt lat="34.2343" lon="-118.18691">
        <ele>727.04</ele>
        <time>2026-06-13T22:47:48Z</time>
      </trkpt>
      <trkpt lat="34.23432" lon="-118.18694">
        <ele>727.34</ele>
        <time>2026-06-13T22:47:51Z</time>
      </trkpt>
      <trkpt lat="34.23433" lon="-118.18698">
        <ele>727.53</ele>
        <time>2026-06-13T22:47:54Z</time>
      </trkpt>
      <trkpt lat="34.23434" lon="-118.18701">
        <ele>727.74</ele>
        <time>2026-06-13T22:47:57Z</time>
      </trkpt>
      <trkpt lat="34.23432" lon="-118.18705">
        <ele>727.36</ele>
        <time>2026-06-13T22:48:00Z</time>
      </trkpt>
      <trkpt lat="34.2343" lon="-118.18709">
        <ele>727.2</ele>
        <time>2026-06-13T22:48:03Z</time>
      </trkpt>
      <trkpt lat="34.23428" lon="-118.18711">
        <ele>727.06</ele>
        <time>2026-06-13T22:48:05Z</time>
      </trkpt>
      <trkpt lat="34.23426" lon="-118.18713">
        <ele>727.02</ele>
        <time>2026-06-13T22:48:07Z</time>
      </trkpt>
      <trkpt lat="34.23424" lon="-118.18715">
        <ele>727.86</ele>
        <time>2026-06-13T22:48:09Z</time>
      </trkpt>
      <trkpt lat="34.23421" lon="-118.18714">
        <ele>728.29</ele>
        <time>2026-06-13T22:48:11Z</time>
      </trkpt>
      <trkpt lat="34.23418" lon="-118.18713">
        <ele>728.72</ele>
        <time>2026-06-13T22:48:13Z</time>
      </trkpt>
      <trkpt lat="34.23415" lon="-118.1871">
        <ele>728.84</ele>
        <time>2026-06-13T22:48:15Z</time>
      </trkpt>
      <trkpt lat="34.23412" lon="-118.18706">
        <ele>728.63</ele>
        <time>2026-06-13T22:48:17Z</time>
      </trkpt>
      <trkpt lat="34.2341" lon="-118.18703">
        <ele>728.21</ele>
        <time>2026-06-13T22:48:19Z</time>
      </trkpt>
      <trkpt lat="34.23408" lon="-118.18701">
        <ele>728.0</ele>
        <time>2026-06-13T22:48:21Z</time>
      </trkpt>
      <trkpt lat="34.23406" lon="-118.18698">
        <ele>727.46</ele>
        <time>2026-06-13T22:48:23Z</time>
      </trkpt>
      <trkpt lat="34.23404" lon="-118.18695">
        <ele>726.92</ele>
        <time>2026-06-13T22:48:25Z</time>
      </trkpt>
      <trkpt lat="34.23402" lon="-118.18692">
        <ele>726.38</ele>
        <time>2026-06-13T22:48:27Z</time>
      </trkpt>
      <trkpt lat="34.234" lon="-118.1869">
        <ele>726.16</ele>
        <time>2026-06-13T22:48:29Z</time>
      </trkpt>
      <trkpt lat="34.23397" lon="-118.18687">
        <ele>725.84</ele>
        <time>2026-06-13T22:48:32Z</time>
      </trkpt>
      <trkpt lat="34.23394" lon="-118.18684">
        <ele>725.64</ele>
        <time>2026-06-13T22:48:35Z</time>
      </trkpt>
      <trkpt lat="34.23392" lon="-118.18681">
        <ele>725.42</ele>
        <time>2026-06-13T22:48:38Z</time>
      </trkpt>
      <trkpt lat="34.23389" lon="-118.18678">
        <ele>725.42</ele>
        <time>2026-06-13T22:48:41Z</time>
      </trkpt>
      <trkpt lat="34.23386" lon="-118.18676">
        <ele>725.95</ele>
        <time>2026-06-13T22:48:44Z</time>
      </trkpt>
      <trkpt lat="34.23383" lon="-118.18674">
        <ele>726.49</ele>
        <time>2026-06-13T22:48:47Z</time>
      </trkpt>
      <trkpt lat="34.2338" lon="-118.18672">
        <ele>727.03</ele>
        <time>2026-06-13T22:48:50Z</time>
      </trkpt>
      <trkpt lat="34.23378" lon="-118.1867">
        <ele>727.01</ele>
        <time>2026-06-13T22:48:53Z</time>
      </trkpt>
      <trkpt lat="34.23375" lon="-118.18668">
        <ele>727.22</ele>
        <time>2026-06-13T22:48:56Z</time>
      </trkpt>
      <trkpt lat="34.23374" lon="-118.18664">
        <ele>726.82</ele>
        <time>2026-06-13T22:49:00Z</time>
      </trkpt>
      <trkpt lat="34.23372" lon="-118.18661">
        <ele>726.93</ele>
        <time>2026-06-13T22:49:04Z</time>
      </trkpt>
      <trkpt lat="34.2337" lon="-118.18658">
        <ele>727.14</ele>
        <time>2026-06-13T22:49:08Z</time>
      </trkpt>
      <trkpt lat="34.23368" lon="-118.18654">
        <ele>726.78</ele>
        <time>2026-06-13T22:49:12Z</time>
      </trkpt>
      <trkpt lat="34.23366" lon="-118.18652">
        <ele>726.78</ele>
        <time>2026-06-13T22:49:15Z</time>
      </trkpt>
      <trkpt lat="34.23364" lon="-118.1865">
        <ele>726.78</ele>
        <time>2026-06-13T22:49:19Z</time>
      </trkpt>
      <trkpt lat="34.23361" lon="-118.18651">
        <ele>727.64</ele>
        <time>2026-06-13T22:49:23Z</time>
      </trkpt>
      <trkpt lat="34.23359" lon="-118.18653">
        <ele>728.38</ele>
        <time>2026-06-13T22:49:27Z</time>
      </trkpt>
      <trkpt lat="34.23357" lon="-118.18656">
        <ele>729.21</ele>
        <time>2026-06-13T22:49:31Z</time>
      </trkpt>
      <trkpt lat="34.23357" lon="-118.1866">
        <ele>730.1</ele>
        <time>2026-06-13T22:49:35Z</time>
      </trkpt>
      <trkpt lat="34.2336" lon="-118.18664">
        <ele>730.09</ele>
        <time>2026-06-13T22:49:38Z</time>
      </trkpt>
      <trkpt lat="34.23364" lon="-118.18668">
        <ele>729.62</ele>
        <time>2026-06-13T22:49:40Z</time>
      </trkpt>
      <trkpt lat="34.23367" lon="-118.1867">
        <ele>729.22</ele>
        <time>2026-06-13T22:49:42Z</time>
      </trkpt>
      <trkpt lat="34.23369" lon="-118.18674">
        <ele>729.21</ele>
        <time>2026-06-13T22:49:45Z</time>
      </trkpt>
      <trkpt lat="34.23372" lon="-118.18676">
        <ele>728.84</ele>
        <time>2026-06-13T22:49:48Z</time>
      </trkpt>
      <trkpt lat="34.23374" lon="-118.18679">
        <ele>729.14</ele>
        <time>2026-06-13T22:49:51Z</time>
      </trkpt>
      <trkpt lat="34.23376" lon="-118.1868">
        <ele>729.0</ele>
        <time>2026-06-13T22:49:54Z</time>
      </trkpt>
      <trkpt lat="34.23377" lon="-118.18684">
        <ele>729.4</ele>
        <time>2026-06-13T22:49:59Z</time>
      </trkpt>
      <trkpt lat="34.23379" lon="-118.18686">
        <ele>729.25</ele>
        <time>2026-06-13T22:50:02Z</time>
      </trkpt>
      <trkpt lat="34.23382" lon="-118.18688">
        <ele>728.95</ele>
        <time>2026-06-13T22:50:05Z</time>
      </trkpt>
      <trkpt lat="34.23384" lon="-118.1869">
        <ele>729.07</ele>
        <time>2026-06-13T22:50:08Z</time>
      </trkpt>
      <trkpt lat="34.23386" lon="-118.18692">
        <ele>729.37</ele>
        <time>2026-06-13T22:50:11Z</time>
      </trkpt>
      <trkpt lat="34.23389" lon="-118.18695">
        <ele>730.1</ele>
        <time>2026-06-13T22:50:14Z</time>
      </trkpt>
      <trkpt lat="34.23391" lon="-118.18697">
        <ele>730.16</ele>
        <time>2026-06-13T22:50:17Z</time>
      </trkpt>
      <trkpt lat="34.23393" lon="-118.187">
        <ele>730.58</ele>
        <time>2026-06-13T22:50:20Z</time>
      </trkpt>
      <trkpt lat="34.23396" lon="-118.18702">
        <ele>730.72</ele>
        <time>2026-06-13T22:50:23Z</time>
      </trkpt>
      <trkpt lat="34.23398" lon="-118.18706">
        <ele>731.76</ele>
        <time>2026-06-13T22:50:26Z</time>
      </trkpt>
      <trkpt lat="34.23399" lon="-118.18711">
        <ele>733.18</ele>
        <time>2026-06-13T22:50:29Z</time>
      </trkpt>
      <trkpt lat="34.234" lon="-118.18715">
        <ele>733.86</ele>
        <time>2026-06-13T22:50:32Z</time>
      </trkpt>
      <trkpt lat="34.23402" lon="-118.18719">
        <ele>734.09</ele>
        <time>2026-06-13T22:50:35Z</time>
      </trkpt>
      <trkpt lat="34.23402" lon="-118.18723">
        <ele>734.63</ele>
        <time>2026-06-13T22:50:38Z</time>
      </trkpt>
      <trkpt lat="34.234" lon="-118.18727">
        <ele>735.21</ele>
        <time>2026-06-13T22:50:41Z</time>
      </trkpt>
      <trkpt lat="34.23398" lon="-118.18729">
        <ele>735.78</ele>
        <time>2026-06-13T22:50:43Z</time>
      </trkpt>
      <trkpt lat="34.23396" lon="-118.18732">
        <ele>736.64</ele>
        <time>2026-06-13T22:50:45Z</time>
      </trkpt>
      <trkpt lat="34.23394" lon="-118.18734">
        <ele>737.07</ele>
        <time>2026-06-13T22:50:47Z</time>
      </trkpt>
      <trkpt lat="34.2339" lon="-118.18736">
        <ele>738.15</ele>
        <time>2026-06-13T22:50:50Z</time>
      </trkpt>
      <trkpt lat="34.23387" lon="-118.18738">
        <ele>738.91</ele>
        <time>2026-06-13T22:50:53Z</time>
      </trkpt>
      <trkpt lat="34.23384" lon="-118.1874">
        <ele>739.66</ele>
        <time>2026-06-13T22:50:56Z</time>
      </trkpt>
      <trkpt lat="34.2338" lon="-118.18741">
        <ele>740.88</ele>
        <time>2026-06-13T22:50:59Z</time>
      </trkpt>
      <trkpt lat="34.23378" lon="-118.18743">
        <ele>741.62</ele>
        <time>2026-06-13T22:51:02Z</time>
      </trkpt>
      <trkpt lat="34.23375" lon="-118.18746">
        <ele>742.43</ele>
        <time>2026-06-13T22:51:05Z</time>
      </trkpt>
      <trkpt lat="34.23373" lon="-118.18749">
        <ele>742.59</ele>
        <time>2026-06-13T22:51:08Z</time>
      </trkpt>
      <trkpt lat="34.23371" lon="-118.18752">
        <ele>742.88</ele>
        <time>2026-06-13T22:51:11Z</time>
      </trkpt>
      <trkpt lat="34.2337" lon="-118.18755">
        <ele>743.2</ele>
        <time>2026-06-13T22:51:14Z</time>
      </trkpt>
      <trkpt lat="34.23372" lon="-118.18759">
        <ele>742.82</ele>
        <time>2026-06-13T22:51:18Z</time>
      </trkpt>
      <trkpt lat="34.23375" lon="-118.18761">
        <ele>742.88</ele>
        <time>2026-06-13T22:51:20Z</time>
      </trkpt>
      <trkpt lat="34.23377" lon="-118.18763">
        <ele>742.92</ele>
        <time>2026-06-13T22:51:23Z</time>
      </trkpt>
      <trkpt lat="34.23379" lon="-118.18767">
        <ele>743.02</ele>
        <time>2026-06-13T22:51:27Z</time>
      </trkpt>
      <trkpt lat="34.23381" lon="-118.1877">
        <ele>743.31</ele>
        <time>2026-06-13T22:51:31Z</time>
      </trkpt>
      <trkpt lat="34.23383" lon="-118.18773">
        <ele>743.91</ele>
        <time>2026-06-13T22:51:34Z</time>
      </trkpt>
      <trkpt lat="34.23385" lon="-118.18775">
        <ele>744.11</ele>
        <time>2026-06-13T22:51:37Z</time>
      </trkpt>
      <trkpt lat="34.23388" lon="-118.18778">
        <ele>744.24</ele>
        <time>2026-06-13T22:51:40Z</time>
      </trkpt>
      <trkpt lat="34.2339" lon="-118.1878">
        <ele>744.72</ele>
        <time>2026-06-13T22:51:43Z</time>
      </trkpt>
      <trkpt lat="34.23393" lon="-118.18783">
        <ele>746.02</ele>
        <time>2026-06-13T22:51:46Z</time>
      </trkpt>
      <trkpt lat="34.23395" lon="-118.18786">
        <ele>747.1</ele>
        <time>2026-06-13T22:51:49Z</time>
      </trkpt>
      <trkpt lat="34.23397" lon="-118.1879">
        <ele>748.15</ele>
        <time>2026-06-13T22:51:52Z</time>
      </trkpt>
      <trkpt lat="34.23399" lon="-118.18793">
        <ele>749.01</ele>
        <time>2026-06-13T22:51:54Z</time>
      </trkpt>
      <trkpt lat="34.234" lon="-118.18796">
        <ele>749.77</ele>
        <time>2026-06-13T22:51:56Z</time>
      </trkpt>
      <trkpt lat="34.23401" lon="-118.18799">
        <ele>750.52</ele>
        <time>2026-06-13T22:51:58Z</time>
      </trkpt>
      <trkpt lat="34.234" lon="-118.18803">
        <ele>750.52</ele>
        <time>2026-06-13T22:52:01Z</time>
      </trkpt>
      <trkpt lat="34.23398" lon="-118.18806">
        <ele>750.06</ele>
        <time>2026-06-13T22:52:03Z</time>
      </trkpt>
      <trkpt lat="34.23396" lon="-118.18808">
        <ele>750.56</ele>
        <time>2026-06-13T22:52:05Z</time>
      </trkpt>
      <trkpt lat="34.23393" lon="-118.1881">
        <ele>751.3</ele>
        <time>2026-06-13T22:52:07Z</time>
      </trkpt>
      <trkpt lat="34.2339" lon="-118.1881">
        <ele>751.78</ele>
        <time>2026-06-13T22:52:09Z</time>
      </trkpt>
      <trkpt lat="34.23387" lon="-118.18809">
        <ele>753.2</ele>
        <time>2026-06-13T22:52:11Z</time>
      </trkpt>
      <trkpt lat="34.23385" lon="-118.18806">
        <ele>753.68</ele>
        <time>2026-06-13T22:52:13Z</time>
      </trkpt>
      <trkpt lat="34.23382" lon="-118.18803">
        <ele>754.3</ele>
        <time>2026-06-13T22:52:15Z</time>
      </trkpt>
      <trkpt lat="34.23379" lon="-118.18799">
        <ele>753.87</ele>
        <time>2026-06-13T22:52:17Z</time>
      </trkpt>
      <trkpt lat="34.23377" lon="-118.18797">
        <ele>754.08</ele>
        <time>2026-06-13T22:52:19Z</time>
      </trkpt>
      <trkpt lat="34.23375" lon="-118.18795">
        <ele>754.51</ele>
        <time>2026-06-13T22:52:21Z</time>
      </trkpt>
      <trkpt lat="34.23372" lon="-118.18792">
        <ele>755.17</ele>
        <time>2026-06-13T22:52:23Z</time>
      </trkpt>
      <trkpt lat="34.2337" lon="-118.18789">
        <ele>755.01</ele>
        <time>2026-06-13T22:52:26Z</time>
      </trkpt>
      <trkpt lat="34.23367" lon="-118.18786">
        <ele>755.05</ele>
        <time>2026-06-13T22:52:29Z</time>
      </trkpt>
      <trkpt lat="34.23364" lon="-118.18784">
        <ele>755.67</ele>
        <time>2026-06-13T22:52:32Z</time>
      </trkpt>
      <trkpt lat="34.23362" lon="-118.18782">
        <ele>755.93</ele>
        <time>2026-06-13T22:52:35Z</time>
      </trkpt>
      <trkpt lat="34.23359" lon="-118.18779">
        <ele>756.08</ele>
        <time>2026-06-13T22:52:38Z</time>
      </trkpt>
      <trkpt lat="34.23356" lon="-118.18778">
        <ele>756.73</ele>
        <time>2026-06-13T22:52:42Z</time>
      </trkpt>
      <trkpt lat="34.23354" lon="-118.18779">
        <ele>757.7</ele>
        <time>2026-06-13T22:52:45Z</time>
      </trkpt>
      <trkpt lat="34.23351" lon="-118.18781">
        <ele>759.29</ele>
        <time>2026-06-13T22:52:49Z</time>
      </trkpt>
      <trkpt lat="34.23348" lon="-118.18782">
        <ele>760.43</ele>
        <time>2026-06-13T22:52:52Z</time>
      </trkpt>
      <trkpt lat="34.23346" lon="-118.18783">
        <ele>761.23</ele>
        <time>2026-06-13T22:52:55Z</time>
      </trkpt>
      <trkpt lat="34.23343" lon="-118.18784">
        <ele>762.24</ele>
        <time>2026-06-13T22:52:58Z</time>
      </trkpt>
      <trkpt lat="34.2334" lon="-118.18786">
        <ele>763.12</ele>
        <time>2026-06-13T22:53:01Z</time>
      </trkpt>
      <trkpt lat="34.23337" lon="-118.18787">
        <ele>763.6</ele>
        <time>2026-06-13T22:53:04Z</time>
      </trkpt>
      <trkpt lat="34.23334" lon="-118.18788">
        <ele>764.04</ele>
        <time>2026-06-13T22:53:07Z</time>
      </trkpt>
      <trkpt lat="34.23332" lon="-118.18789">
        <ele>764.44</ele>
        <time>2026-06-13T22:53:10Z</time>
      </trkpt>
      <trkpt lat="34.23329" lon="-118.18787">
        <ele>764.94</ele>
        <time>2026-06-13T22:53:13Z</time>
      </trkpt>
      <trkpt lat="34.23327" lon="-118.18784">
        <ele>765.37</ele>
        <time>2026-06-13T22:53:15Z</time>
      </trkpt>
      <trkpt lat="34.23325" lon="-118.1878">
        <ele>765.8</ele>
        <time>2026-06-13T22:53:17Z</time>
      </trkpt>
      <trkpt lat="34.23326" lon="-118.18777">
        <ele>765.67</ele>
        <time>2026-06-13T22:53:19Z</time>
      </trkpt>
      <trkpt lat="34.23329" lon="-118.18774">
        <ele>765.34</ele>
        <time>2026-06-13T22:53:21Z</time>
      </trkpt>
      <trkpt lat="34.23331" lon="-118.1877">
        <ele>765.34</ele>
        <time>2026-06-13T22:53:23Z</time>
      </trkpt>
      <trkpt lat="34.23332" lon="-118.18767">
        <ele>765.34</ele>
        <time>2026-06-13T22:53:25Z</time>
      </trkpt>
      <trkpt lat="34.23333" lon="-118.18762">
        <ele>765.12</ele>
        <time>2026-06-13T22:53:28Z</time>
      </trkpt>
      <trkpt lat="34.23334" lon="-118.18758">
        <ele>764.85</ele>
        <time>2026-06-13T22:53:31Z</time>
      </trkpt>
      <trkpt lat="34.23335" lon="-118.18754">
        <ele>764.85</ele>
        <time>2026-06-13T22:53:34Z</time>
      </trkpt>
      <trkpt lat="34.23337" lon="-118.1875">
        <ele>764.42</ele>
        <time>2026-06-13T22:53:37Z</time>
      </trkpt>
      <trkpt lat="34.23338" lon="-118.18746">
        <ele>764.63</ele>
        <time>2026-06-13T22:53:40Z</time>
      </trkpt>
      <trkpt lat="34.2334" lon="-118.18742">
        <ele>764.61</ele>
        <time>2026-06-13T22:53:43Z</time>
      </trkpt>
      <trkpt lat="34.23342" lon="-118.18739">
        <ele>764.39</ele>
        <time>2026-06-13T22:53:46Z</time>
      </trkpt>
      <trkpt lat="34.23344" lon="-118.18737">
        <ele>763.95</ele>
        <time>2026-06-13T22:53:49Z</time>
      </trkpt>
      <trkpt lat="34.23346" lon="-118.18734">
        <ele>763.62</ele>
        <time>2026-06-13T22:53:52Z</time>
      </trkpt>
      <trkpt lat="34.23347" lon="-118.18731">
        <ele>763.6</ele>
        <time>2026-06-13T22:53:55Z</time>
      </trkpt>
      <trkpt lat="34.23349" lon="-118.18727">
        <ele>763.07</ele>
        <time>2026-06-13T22:53:58Z</time>
      </trkpt>
      <trkpt lat="34.2335" lon="-118.18723">
        <ele>762.78</ele>
        <time>2026-06-13T22:54:01Z</time>
      </trkpt>
      <trkpt lat="34.2335" lon="-118.1872">
        <ele>762.75</ele>
        <time>2026-06-13T22:54:04Z</time>
      </trkpt>
      <trkpt lat="34.23348" lon="-118.18717">
        <ele>763.43</ele>
        <time>2026-06-13T22:54:06Z</time>
      </trkpt>
      <trkpt lat="34.23346" lon="-118.18715">
        <ele>764.04</ele>
        <time>2026-06-13T22:54:08Z</time>
      </trkpt>
      <trkpt lat="34.23343" lon="-118.18711">
        <ele>764.66</ele>
        <time>2026-06-13T22:54:11Z</time>
      </trkpt>
      <trkpt lat="34.23341" lon="-118.18708">
        <ele>765.15</ele>
        <time>2026-06-13T22:54:14Z</time>
      </trkpt>
      <trkpt lat="34.23338" lon="-118.18704">
        <ele>766.02</ele>
        <time>2026-06-13T22:54:17Z</time>
      </trkpt>
      <trkpt lat="34.23336" lon="-118.18701">
        <ele>766.26</ele>
        <time>2026-06-13T22:54:20Z</time>
      </trkpt>
      <trkpt lat="34.23333" lon="-118.18698">
        <ele>766.91</ele>
        <time>2026-06-13T22:54:23Z</time>
      </trkpt>
      <trkpt lat="34.23331" lon="-118.18696">
        <ele>767.34</ele>
        <time>2026-06-13T22:54:26Z</time>
      </trkpt>
      <trkpt lat="34.23328" lon="-118.18693">
        <ele>768.08</ele>
        <time>2026-06-13T22:54:29Z</time>
      </trkpt>
      <trkpt lat="34.23326" lon="-118.1869">
        <ele>768.59</ele>
        <time>2026-06-13T22:54:32Z</time>
      </trkpt>
      <trkpt lat="34.23323" lon="-118.18688">
        <ele>769.65</ele>
        <time>2026-06-13T22:54:35Z</time>
      </trkpt>
      <trkpt lat="34.2332" lon="-118.18686">
        <ele>770.41</ele>
        <time>2026-06-13T22:54:38Z</time>
      </trkpt>
      <trkpt lat="34.23317" lon="-118.18687">
        <ele>771.49</ele>
        <time>2026-06-13T22:54:41Z</time>
      </trkpt>
      <trkpt lat="34.23314" lon="-118.18688">
        <ele>772.51</ele>
        <time>2026-06-13T22:54:44Z</time>
      </trkpt>
      <trkpt lat="34.23311" lon="-118.18689">
        <ele>773.41</ele>
        <time>2026-06-13T22:54:47Z</time>
      </trkpt>
      <trkpt lat="34.23308" lon="-118.18688">
        <ele>774.0</ele>
        <time>2026-06-13T22:54:49Z</time>
      </trkpt>
      <trkpt lat="34.23305" lon="-118.18689">
        <ele>774.88</ele>
        <time>2026-06-13T22:54:51Z</time>
      </trkpt>
      <trkpt lat="34.23302" lon="-118.18689">
        <ele>775.21</ele>
        <time>2026-06-13T22:54:53Z</time>
      </trkpt>
      <trkpt lat="34.23298" lon="-118.18689">
        <ele>775.64</ele>
        <time>2026-06-13T22:54:56Z</time>
      </trkpt>
      <trkpt lat="34.23294" lon="-118.18688">
        <ele>775.61</ele>
        <time>2026-06-13T22:54:59Z</time>
      </trkpt>
      <trkpt lat="34.23291" lon="-118.18688">
        <ele>775.61</ele>
        <time>2026-06-13T22:55:01Z</time>
      </trkpt>
      <trkpt lat="34.23287" lon="-118.18688">
        <ele>775.61</ele>
        <time>2026-06-13T22:55:04Z</time>
      </trkpt>
      <trkpt lat="34.23284" lon="-118.18686">
        <ele>775.2</ele>
        <time>2026-06-13T22:55:07Z</time>
      </trkpt>
      <trkpt lat="34.23281" lon="-118.18684">
        <ele>774.62</ele>
        <time>2026-06-13T22:55:09Z</time>
      </trkpt>
      <trkpt lat="34.23278" lon="-118.18683">
        <ele>774.29</ele>
        <time>2026-06-13T22:55:11Z</time>
      </trkpt>
      <trkpt lat="34.23275" lon="-118.18682">
        <ele>773.97</ele>
        <time>2026-06-13T22:55:13Z</time>
      </trkpt>
      <trkpt lat="34.23273" lon="-118.18682">
        <ele>773.97</ele>
        <time>2026-06-13T22:55:15Z</time>
      </trkpt>
      <trkpt lat="34.2327" lon="-118.18682">
        <ele>773.97</ele>
        <time>2026-06-13T22:55:17Z</time>
      </trkpt>
      <trkpt lat="34.23266" lon="-118.18682">
        <ele>773.97</ele>
        <time>2026-06-13T22:55:20Z</time>
      </trkpt>
      <trkpt lat="34.23263" lon="-118.18682">
        <ele>773.97</ele>
        <time>2026-06-13T22:55:23Z</time>
      </trkpt>
      <trkpt lat="34.2326" lon="-118.18682">
        <ele>773.97</ele>
        <time>2026-06-13T22:55:26Z</time>
      </trkpt>
      <trkpt lat="34.23257" lon="-118.18682">
        <ele>774.13</ele>
        <time>2026-06-13T22:55:30Z</time>
      </trkpt>
      <trkpt lat="34.23254" lon="-118.18683">
        <ele>774.73</ele>
        <time>2026-06-13T22:55:33Z</time>
      </trkpt>
      <trkpt lat="34.2325" lon="-118.18683">
        <ele>775.06</ele>
        <time>2026-06-13T22:55:36Z</time>
      </trkpt>
      <trkpt lat="34.23247" lon="-118.18684">
        <ele>775.53</ele>
        <time>2026-06-13T22:55:39Z</time>
      </trkpt>
      <trkpt lat="34.23243" lon="-118.18684">
        <ele>775.58</ele>
        <time>2026-06-13T22:55:42Z</time>
      </trkpt>
      <trkpt lat="34.2324" lon="-118.18684">
        <ele>775.73</ele>
        <time>2026-06-13T22:55:45Z</time>
      </trkpt>
      <trkpt lat="34.23237" lon="-118.18685">
        <ele>776.37</ele>
        <time>2026-06-13T22:55:48Z</time>
      </trkpt>
      <trkpt lat="34.23233" lon="-118.18685">
        <ele>776.83</ele>
        <time>2026-06-13T22:55:51Z</time>
      </trkpt>
      <trkpt lat="34.23231" lon="-118.18686">
        <ele>777.36</ele>
        <time>2026-06-13T22:55:54Z</time>
      </trkpt>
      <trkpt lat="34.23227" lon="-118.18687">
        <ele>778.37</ele>
        <time>2026-06-13T22:55:57Z</time>
      </trkpt>
      <trkpt lat="34.23224" lon="-118.18687">
        <ele>778.89</ele>
        <time>2026-06-13T22:56:00Z</time>
      </trkpt>
      <trkpt lat="34.23221" lon="-118.18686">
        <ele>779.36</ele>
        <time>2026-06-13T22:56:03Z</time>
      </trkpt>
      <trkpt lat="34.23218" lon="-118.18684">
        <ele>779.91</ele>
        <time>2026-06-13T22:56:05Z</time>
      </trkpt>
      <trkpt lat="34.23216" lon="-118.18681">
        <ele>780.34</ele>
        <time>2026-06-13T22:56:07Z</time>
      </trkpt>
      <trkpt lat="34.23215" lon="-118.18678">
        <ele>780.56</ele>
        <time>2026-06-13T22:56:09Z</time>
      </trkpt>
      <trkpt lat="34.23217" lon="-118.18675">
        <ele>780.28</ele>
        <time>2026-06-13T22:56:11Z</time>
      </trkpt>
      <trkpt lat="34.23218" lon="-118.18671">
        <ele>780.69</ele>
        <time>2026-06-13T22:56:13Z</time>
      </trkpt>
      <trkpt lat="34.2322" lon="-118.18668">
        <ele>780.54</ele>
        <time>2026-06-13T22:56:15Z</time>
      </trkpt>
      <trkpt lat="34.23221" lon="-118.18665">
        <ele>780.6</ele>
        <time>2026-06-13T22:56:17Z</time>
      </trkpt>
      <trkpt lat="34.23223" lon="-118.18661">
        <ele>780.28</ele>
        <time>2026-06-13T22:56:20Z</time>
      </trkpt>
      <trkpt lat="34.23224" lon="-118.18657">
        <ele>780.32</ele>
        <time>2026-06-13T22:56:23Z</time>
      </trkpt>
      <trkpt lat="34.23225" lon="-118.18653">
        <ele>780.75</ele>
        <time>2026-06-13T22:56:26Z</time>
      </trkpt>
      <trkpt lat="34.23227" lon="-118.18649">
        <ele>780.75</ele>
        <time>2026-06-13T22:56:29Z</time>
      </trkpt>
      <trkpt lat="34.23228" lon="-118.18646">
        <ele>780.88</ele>
        <time>2026-06-13T22:56:32Z</time>
      </trkpt>
      <trkpt lat="34.23231" lon="-118.18642">
        <ele>780.5</ele>
        <time>2026-06-13T22:56:35Z</time>
      </trkpt>
      <trkpt lat="34.23233" lon="-118.18639">
        <ele>780.32</ele>
        <time>2026-06-13T22:56:38Z</time>
      </trkpt>
      <trkpt lat="34.23235" lon="-118.18635">
        <ele>780.06</ele>
        <time>2026-06-13T22:56:41Z</time>
      </trkpt>
      <trkpt lat="34.23236" lon="-118.18631">
        <ele>780.32</ele>
        <time>2026-06-13T22:56:44Z</time>
      </trkpt>
      <trkpt lat="34.23239" lon="-118.18631">
        <ele>779.3</ele>
        <time>2026-06-13T22:56:50Z</time>
      </trkpt>
      <trkpt lat="34.23236" lon="-118.18632">
        <ele>780.16</ele>
        <time>2026-06-13T22:57:01Z</time>
      </trkpt>
      <trkpt lat="34.23239" lon="-118.18631">
        <ele>779.3</ele>
        <time>2026-06-13T22:57:24Z</time>
      </trkpt>
      <trkpt lat="34.2324" lon="-118.18627">
        <ele>779.55</ele>
        <time>2026-06-13T22:57:27Z</time>
      </trkpt>
      <trkpt lat="34.2324" lon="-118.18623">
        <ele>780.01</ele>
        <time>2026-06-13T22:57:30Z</time>
      </trkpt>
      <trkpt lat="34.2324" lon="-118.18619">
        <ele>780.47</ele>
        <time>2026-06-13T22:57:33Z</time>
      </trkpt>
      <trkpt lat="34.2324" lon="-118.18615">
        <ele>780.9</ele>
        <time>2026-06-13T22:57:36Z</time>
      </trkpt>
      <trkpt lat="34.23239" lon="-118.18612">
        <ele>781.66</ele>
        <time>2026-06-13T22:57:40Z</time>
      </trkpt>
      <trkpt lat="34.23236" lon="-118.1861">
        <ele>783.05</ele>
        <time>2026-06-13T22:57:44Z</time>
      </trkpt>
      <trkpt lat="34.23233" lon="-118.1861">
        <ele>784.34</ele>
        <time>2026-06-13T22:57:47Z</time>
      </trkpt>
      <trkpt lat="34.23231" lon="-118.18611">
        <ele>785.16</ele>
        <time>2026-06-13T22:57:50Z</time>
      </trkpt>
      <trkpt lat="34.23229" lon="-118.18614">
        <ele>785.58</ele>
        <time>2026-06-13T22:57:54Z</time>
      </trkpt>
      <trkpt lat="34.23228" lon="-118.18617">
        <ele>785.73</ele>
        <time>2026-06-13T22:57:57Z</time>
      </trkpt>
      <trkpt lat="34.23227" lon="-118.18621">
        <ele>785.8</ele>
        <time>2026-06-13T22:58:00Z</time>
      </trkpt>
      <trkpt lat="34.23226" lon="-118.18625">
        <ele>785.37</ele>
        <time>2026-06-13T22:58:03Z</time>
      </trkpt>
      <trkpt lat="34.23225" lon="-118.18629">
        <ele>784.94</ele>
        <time>2026-06-13T22:58:05Z</time>
      </trkpt>
      <trkpt lat="34.23224" lon="-118.18632">
        <ele>784.77</ele>
        <time>2026-06-13T22:58:08Z</time>
      </trkpt>
      <trkpt lat="34.23223" lon="-118.18636">
        <ele>784.35</ele>
        <time>2026-06-13T22:58:11Z</time>
      </trkpt>
      <trkpt lat="34.23221" lon="-118.18639">
        <ele>784.65</ele>
        <time>2026-06-13T22:58:14Z</time>
      </trkpt>
      <trkpt lat="34.2322" lon="-118.18643">
        <ele>784.65</ele>
        <time>2026-06-13T22:58:17Z</time>
      </trkpt>
      <trkpt lat="34.23218" lon="-118.18647">
        <ele>785.0</ele>
        <time>2026-06-13T22:58:20Z</time>
      </trkpt>
      <trkpt lat="34.23216" lon="-118.1865">
        <ele>785.29</ele>
        <time>2026-06-13T22:58:23Z</time>
      </trkpt>
      <trkpt lat="34.23214" lon="-118.18654">
        <ele>785.29</ele>
        <time>2026-06-13T22:58:26Z</time>
      </trkpt>
      <trkpt lat="34.23212" lon="-118.18657">
        <ele>785.51</ele>
        <time>2026-06-13T22:58:29Z</time>
      </trkpt>
      <trkpt lat="34.2321" lon="-118.1866">
        <ele>785.72</ele>
        <time>2026-06-13T22:58:32Z</time>
      </trkpt>
      <trkpt lat="34.23209" lon="-118.18664">
        <ele>785.29</ele>
        <time>2026-06-13T22:58:35Z</time>
      </trkpt>
      <trkpt lat="34.23207" lon="-118.18667">
        <ele>785.53</ele>
        <time>2026-06-13T22:58:38Z</time>
      </trkpt>
      <trkpt lat="34.23206" lon="-118.1867">
        <ele>785.56</ele>
        <time>2026-06-13T22:58:41Z</time>
      </trkpt>
      <trkpt lat="34.23204" lon="-118.18673">
        <ele>786.17</ele>
        <time>2026-06-13T22:58:44Z</time>
      </trkpt>
      <trkpt lat="34.23203" lon="-118.18676">
        <ele>786.39</ele>
        <time>2026-06-13T22:58:47Z</time>
      </trkpt>
      <trkpt lat="34.23201" lon="-118.18678">
        <ele>787.62</ele>
        <time>2026-06-13T22:58:51Z</time>
      </trkpt>
      <trkpt lat="34.23199" lon="-118.1868">
        <ele>788.76</ele>
        <time>2026-06-13T22:58:55Z</time>
      </trkpt>
      <trkpt lat="34.23197" lon="-118.18683">
        <ele>789.83</ele>
        <time>2026-06-13T22:58:58Z</time>
      </trkpt>
      <trkpt lat="34.23196" lon="-118.18686">
        <ele>790.5</ele>
        <time>2026-06-13T22:59:01Z</time>
      </trkpt>
      <trkpt lat="34.23196" lon="-118.18689">
        <ele>791.15</ele>
        <time>2026-06-13T22:59:04Z</time>
      </trkpt>
      <trkpt lat="34.23198" lon="-118.18692">
        <ele>790.94</ele>
        <time>2026-06-13T22:59:07Z</time>
      </trkpt>
      <trkpt lat="34.23199" lon="-118.18696">
        <ele>791.7</ele>
        <time>2026-06-13T22:59:10Z</time>
      </trkpt>
      <trkpt lat="34.232" lon="-118.18699">
        <ele>792.57</ele>
        <time>2026-06-13T22:59:13Z</time>
      </trkpt>
      <trkpt lat="34.232" lon="-118.18703">
        <ele>794.3</ele>
        <time>2026-06-13T22:59:16Z</time>
      </trkpt>
      <trkpt lat="34.232" lon="-118.18707">
        <ele>796.02</ele>
        <time>2026-06-13T22:59:19Z</time>
      </trkpt>
      <trkpt lat="34.23201" lon="-118.18712">
        <ele>797.75</ele>
        <time>2026-06-13T22:59:22Z</time>
      </trkpt>
      <trkpt lat="34.23202" lon="-118.18715">
        <ele>798.4</ele>
        <time>2026-06-13T22:59:25Z</time>
      </trkpt>
      <trkpt lat="34.23203" lon="-118.18719">
        <ele>799.26</ele>
        <time>2026-06-13T22:59:28Z</time>
      </trkpt>
      <trkpt lat="34.23204" lon="-118.18722">
        <ele>799.86</ele>
        <time>2026-06-13T22:59:31Z</time>
      </trkpt>
      <trkpt lat="34.23206" lon="-118.18725">
        <ele>800.18</ele>
        <time>2026-06-13T22:59:34Z</time>
      </trkpt>
      <trkpt lat="34.23207" lon="-118.18728">
        <ele>800.76</ele>
        <time>2026-06-13T22:59:37Z</time>
      </trkpt>
      <trkpt lat="34.23209" lon="-118.18731">
        <ele>801.29</ele>
        <time>2026-06-13T22:59:41Z</time>
      </trkpt>
      <trkpt lat="34.23212" lon="-118.18733">
        <ele>801.56</ele>
        <time>2026-06-13T22:59:45Z</time>
      </trkpt>
      <trkpt lat="34.23214" lon="-118.1873">
        <ele>800.52</ele>
        <time>2026-06-13T22:59:47Z</time>
      </trkpt>
      <trkpt lat="34.23217" lon="-118.18726">
        <ele>799.22</ele>
        <time>2026-06-13T22:59:49Z</time>
      </trkpt>
      <trkpt lat="34.2322" lon="-118.18723">
        <ele>798.25</ele>
        <time>2026-06-13T22:59:51Z</time>
      </trkpt>
      <trkpt lat="34.23222" lon="-118.18722">
        <ele>797.9</ele>
        <time>2026-06-13T22:59:53Z</time>
      </trkpt>
      <trkpt lat="34.23226" lon="-118.18721">
        <ele>797.53</ele>
        <time>2026-06-13T22:59:56Z</time>
      </trkpt>
      <trkpt lat="34.23229" lon="-118.18723">
        <ele>798.25</ele>
        <time>2026-06-13T22:59:59Z</time>
      </trkpt>
      <trkpt lat="34.23232" lon="-118.18724">
        <ele>798.57</ele>
        <time>2026-06-13T23:00:02Z</time>
      </trkpt>
      <trkpt lat="34.23235" lon="-118.18726">
        <ele>799.07</ele>
        <time>2026-06-13T23:00:05Z</time>
      </trkpt>
      <trkpt lat="34.23238" lon="-118.18728">
        <ele>799.43</ele>
        <time>2026-06-13T23:00:08Z</time>
      </trkpt>
      <trkpt lat="34.23241" lon="-118.18731">
        <ele>799.87</ele>
        <time>2026-06-13T23:00:11Z</time>
      </trkpt>
      <trkpt lat="34.23244" lon="-118.18733">
        <ele>800.14</ele>
        <time>2026-06-13T23:00:14Z</time>
      </trkpt>
      <trkpt lat="34.23247" lon="-118.18736">
        <ele>800.79</ele>
        <time>2026-06-13T23:00:17Z</time>
      </trkpt>
      <trkpt lat="34.23249" lon="-118.18738">
        <ele>801.22</ele>
        <time>2026-06-13T23:00:20Z</time>
      </trkpt>
      <trkpt lat="34.23252" lon="-118.18741">
        <ele>801.41</ele>
        <time>2026-06-13T23:00:23Z</time>
      </trkpt>
      <trkpt lat="34.23254" lon="-118.18744">
        <ele>801.56</ele>
        <time>2026-06-13T23:00:27Z</time>
      </trkpt>
      <trkpt lat="34.23255" lon="-118.18747">
        <ele>802.1</ele>
        <time>2026-06-13T23:00:30Z</time>
      </trkpt>
      <trkpt lat="34.23257" lon="-118.18749">
        <ele>802.19</ele>
        <time>2026-06-13T23:00:33Z</time>
      </trkpt>
      <trkpt lat="34.23259" lon="-118.18752">
        <ele>802.49</ele>
        <time>2026-06-13T23:00:36Z</time>
      </trkpt>
      <trkpt lat="34.23261" lon="-118.18756">
        <ele>802.92</ele>
        <time>2026-06-13T23:00:39Z</time>
      </trkpt>
      <trkpt lat="34.23261" lon="-118.18759">
        <ele>803.57</ele>
        <time>2026-06-13T23:00:41Z</time>
      </trkpt>
      <trkpt lat="34.23262" lon="-118.18763">
        <ele>804.1</ele>
        <time>2026-06-13T23:00:43Z</time>
      </trkpt>
      <trkpt lat="34.23262" lon="-118.18766">
        <ele>804.65</ele>
        <time>2026-06-13T23:00:45Z</time>
      </trkpt>
      <trkpt lat="34.23262" lon="-118.1877">
        <ele>805.38</ele>
        <time>2026-06-13T23:00:48Z</time>
      </trkpt>
      <trkpt lat="34.23262" lon="-118.18774">
        <ele>806.12</ele>
        <time>2026-06-13T23:00:51Z</time>
      </trkpt>
      <trkpt lat="34.23263" lon="-118.18777">
        <ele>806.25</ele>
        <time>2026-06-13T23:00:54Z</time>
      </trkpt>
      <trkpt lat="34.23263" lon="-118.1878">
        <ele>806.53</ele>
        <time>2026-06-13T23:00:57Z</time>
      </trkpt>
      <trkpt lat="34.23263" lon="-118.18784">
        <ele>806.78</ele>
        <time>2026-06-13T23:01:00Z</time>
      </trkpt>
      <trkpt lat="34.23263" lon="-118.18788">
        <ele>806.98</ele>
        <time>2026-06-13T23:01:03Z</time>
      </trkpt>
      <trkpt lat="34.23263" lon="-118.18791">
        <ele>806.98</ele>
        <time>2026-06-13T23:01:06Z</time>
      </trkpt>
      <trkpt lat="34.23262" lon="-118.18795">
        <ele>807.52</ele>
        <time>2026-06-13T23:01:09Z</time>
      </trkpt>
      <trkpt lat="34.23262" lon="-118.18799">
        <ele>807.73</ele>
        <time>2026-06-13T23:01:12Z</time>
      </trkpt>
      <trkpt lat="34.23261" lon="-118.18803">
        <ele>808.65</ele>
        <time>2026-06-13T23:01:15Z</time>
      </trkpt>
      <trkpt lat="34.2326" lon="-118.18807">
        <ele>809.36</ele>
        <time>2026-06-13T23:01:18Z</time>
      </trkpt>
      <trkpt lat="34.23259" lon="-118.18811">
        <ele>809.55</ele>
        <time>2026-06-13T23:01:21Z</time>
      </trkpt>
      <trkpt lat="34.23258" lon="-118.18815">
        <ele>809.66</ele>
        <time>2026-06-13T23:01:24Z</time>
      </trkpt>
      <trkpt lat="34.23258" lon="-118.18819">
        <ele>809.23</ele>
        <time>2026-06-13T23:01:27Z</time>
      </trkpt>
      <trkpt lat="34.23257" lon="-118.18823">
        <ele>809.34</ele>
        <time>2026-06-13T23:01:30Z</time>
      </trkpt>
      <trkpt lat="34.23256" lon="-118.18826">
        <ele>809.55</ele>
        <time>2026-06-13T23:01:33Z</time>
      </trkpt>
      <trkpt lat="34.23256" lon="-118.1883">
        <ele>809.12</ele>
        <time>2026-06-13T23:01:36Z</time>
      </trkpt>
      <trkpt lat="34.23255" lon="-118.18834">
        <ele>809.23</ele>
        <time>2026-06-13T23:01:40Z</time>
      </trkpt>
      <trkpt lat="34.23254" lon="-118.18837">
        <ele>809.44</ele>
        <time>2026-06-13T23:01:45Z</time>
      </trkpt>
      <trkpt lat="34.23253" lon="-118.18841">
        <ele>809.55</ele>
        <time>2026-06-13T23:01:51Z</time>
      </trkpt>
      <trkpt lat="34.23252" lon="-118.18844">
        <ele>809.77</ele>
        <time>2026-06-13T23:01:54Z</time>
      </trkpt>
      <trkpt lat="34.23252" lon="-118.18848">
        <ele>809.34</ele>
        <time>2026-06-13T23:01:57Z</time>
      </trkpt>
      <trkpt lat="34.23251" lon="-118.18851">
        <ele>809.55</ele>
        <time>2026-06-13T23:02:00Z</time>
      </trkpt>
      <trkpt lat="34.23249" lon="-118.18854">
        <ele>810.31</ele>
        <time>2026-06-13T23:02:03Z</time>
      </trkpt>
      <trkpt lat="34.23248" lon="-118.18858">
        <ele>810.42</ele>
        <time>2026-06-13T23:02:06Z</time>
      </trkpt>
      <trkpt lat="34.23247" lon="-118.18861">
        <ele>810.63</ele>
        <time>2026-06-13T23:02:09Z</time>
      </trkpt>
      <trkpt lat="34.23246" lon="-118.18864">
        <ele>810.85</ele>
        <time>2026-06-13T23:02:12Z</time>
      </trkpt>
      <trkpt lat="34.23245" lon="-118.18868">
        <ele>810.96</ele>
        <time>2026-06-13T23:02:15Z</time>
      </trkpt>
      <trkpt lat="34.23244" lon="-118.18871">
        <ele>811.24</ele>
        <time>2026-06-13T23:02:18Z</time>
      </trkpt>
      <trkpt lat="34.23244" lon="-118.18875">
        <ele>811.24</ele>
        <time>2026-06-13T23:02:21Z</time>
      </trkpt>
      <trkpt lat="34.23243" lon="-118.18878">
        <ele>811.78</ele>
        <time>2026-06-13T23:02:24Z</time>
      </trkpt>
      <trkpt lat="34.23242" lon="-118.18881">
        <ele>812.32</ele>
        <time>2026-06-13T23:02:27Z</time>
      </trkpt>
      <trkpt lat="34.23241" lon="-118.18885">
        <ele>812.86</ele>
        <time>2026-06-13T23:02:30Z</time>
      </trkpt>
      <trkpt lat="34.23241" lon="-118.18888">
        <ele>812.86</ele>
        <time>2026-06-13T23:02:33Z</time>
      </trkpt>
      <trkpt lat="34.23241" lon="-118.18892">
        <ele>813.21</ele>
        <time>2026-06-13T23:02:36Z</time>
      </trkpt>
      <trkpt lat="34.23241" lon="-118.18896">
        <ele>813.65</ele>
        <time>2026-06-13T23:02:39Z</time>
      </trkpt>
      <trkpt lat="34.23241" lon="-118.18899">
        <ele>813.98</ele>
        <time>2026-06-13T23:02:42Z</time>
      </trkpt>
      <trkpt lat="34.23242" lon="-118.18903">
        <ele>814.05</ele>
        <time>2026-06-13T23:02:45Z</time>
      </trkpt>
      <trkpt lat="34.23244" lon="-118.18906">
        <ele>813.74</ele>
        <time>2026-06-13T23:02:48Z</time>
      </trkpt>
      <trkpt lat="34.23246" lon="-118.18908">
        <ele>813.39</ele>
        <time>2026-06-13T23:02:50Z</time>
      </trkpt>
      <trkpt lat="34.23248" lon="-118.1891">
        <ele>812.99</ele>
        <time>2026-06-13T23:02:52Z</time>
      </trkpt>
      <trkpt lat="34.2325" lon="-118.18914">
        <ele>812.71</ele>
        <time>2026-06-13T23:02:55Z</time>
      </trkpt>
      <trkpt lat="34.23251" lon="-118.18917">
        <ele>812.74</ele>
        <time>2026-06-13T23:02:58Z</time>
      </trkpt>
      <trkpt lat="34.23253" lon="-118.1892">
        <ele>812.63</ele>
        <time>2026-06-13T23:03:01Z</time>
      </trkpt>
      <trkpt lat="34.23254" lon="-118.18923">
        <ele>812.78</ele>
        <time>2026-06-13T23:03:04Z</time>
      </trkpt>
      <trkpt lat="34.23254" lon="-118.18927">
        <ele>813.62</ele>
        <time>2026-06-13T23:03:07Z</time>
      </trkpt>
      <trkpt lat="34.23255" lon="-118.18931">
        <ele>814.48</ele>
        <time>2026-06-13T23:03:11Z</time>
      </trkpt>
      <trkpt lat="34.23257" lon="-118.18934">
        <ele>814.59</ele>
        <time>2026-06-13T23:03:14Z</time>
      </trkpt>
      <trkpt lat="34.23258" lon="-118.18937">
        <ele>815.24</ele>
        <time>2026-06-13T23:03:17Z</time>
      </trkpt>
      <trkpt lat="34.23259" lon="-118.1894">
        <ele>815.73</ele>
        <time>2026-06-13T23:03:20Z</time>
      </trkpt>
      <trkpt lat="34.23261" lon="-118.18943">
        <ele>815.94</ele>
        <time>2026-06-13T23:03:23Z</time>
      </trkpt>
      <trkpt lat="34.23264" lon="-118.18944">
        <ele>815.3</ele>
        <time>2026-06-13T23:03:27Z</time>
      </trkpt>
      <trkpt lat="34.23267" lon="-118.18946">
        <ele>815.41</ele>
        <time>2026-06-13T23:03:30Z</time>
      </trkpt>
      <trkpt lat="34.2327" lon="-118.18948">
        <ele>815.34</ele>
        <time>2026-06-13T23:03:33Z</time>
      </trkpt>
      <trkpt lat="34.23273" lon="-118.1895">
        <ele>815.35</ele>
        <time>2026-06-13T23:03:36Z</time>
      </trkpt>
      <trkpt lat="34.23275" lon="-118.18953">
        <ele>816.47</ele>
        <time>2026-06-13T23:03:39Z</time>
      </trkpt>
      <trkpt lat="34.23276" lon="-118.18955">
        <ele>817.44</ele>
        <time>2026-06-13T23:03:42Z</time>
      </trkpt>
      <trkpt lat="34.23278" lon="-118.18958">
        <ele>818.74</ele>
        <time>2026-06-13T23:03:45Z</time>
      </trkpt>
      <trkpt lat="34.23279" lon="-118.18961">
        <ele>820.46</ele>
        <time>2026-06-13T23:03:48Z</time>
      </trkpt>
      <trkpt lat="34.23281" lon="-118.18965">
        <ele>822.26</ele>
        <time>2026-06-13T23:03:51Z</time>
      </trkpt>
      <trkpt lat="34.23282" lon="-118.18969">
        <ele>823.99</ele>
        <time>2026-06-13T23:03:55Z</time>
      </trkpt>
      <trkpt lat="34.23282" lon="-118.18972">
        <ele>825.44</ele>
        <time>2026-06-13T23:03:59Z</time>
      </trkpt>
      <trkpt lat="34.23284" lon="-118.18976">
        <ele>827.23</ele>
        <time>2026-06-13T23:04:03Z</time>
      </trkpt>
      <trkpt lat="34.23287" lon="-118.18978">
        <ele>827.5</ele>
        <time>2026-06-13T23:04:06Z</time>
      </trkpt>
      <trkpt lat="34.2329" lon="-118.18977">
        <ele>827.22</ele>
        <time>2026-06-13T23:04:09Z</time>
      </trkpt>
      <trkpt lat="34.23292" lon="-118.18975">
        <ele>826.58</ele>
        <time>2026-06-13T23:04:11Z</time>
      </trkpt>
      <trkpt lat="34.23295" lon="-118.18973">
        <ele>826.12</ele>
        <time>2026-06-13T23:04:14Z</time>
      </trkpt>
      <trkpt lat="34.23298" lon="-118.1897">
        <ele>825.21</ele>
        <time>2026-06-13T23:04:17Z</time>
      </trkpt>
      <trkpt lat="34.233" lon="-118.18966">
        <ele>823.71</ele>
        <time>2026-06-13T23:04:20Z</time>
      </trkpt>
      <trkpt lat="34.23301" lon="-118.18962">
        <ele>822.21</ele>
        <time>2026-06-13T23:04:23Z</time>
      </trkpt>
      <trkpt lat="34.23302" lon="-118.18959">
        <ele>821.66</ele>
        <time>2026-06-13T23:04:26Z</time>
      </trkpt>
      <trkpt lat="34.23303" lon="-118.18956">
        <ele>821.25</ele>
        <time>2026-06-13T23:04:29Z</time>
      </trkpt>
      <trkpt lat="34.23304" lon="-118.18952">
        <ele>820.85</ele>
        <time>2026-06-13T23:04:32Z</time>
      </trkpt>
      <trkpt lat="34.23306" lon="-118.18949">
        <ele>821.64</ele>
        <time>2026-06-13T23:04:35Z</time>
      </trkpt>
      <trkpt lat="34.23307" lon="-118.18947">
        <ele>821.74</ele>
        <time>2026-06-13T23:04:38Z</time>
      </trkpt>
      <trkpt lat="34.23309" lon="-118.18944">
        <ele>822.04</ele>
        <time>2026-06-13T23:04:41Z</time>
      </trkpt>
      <trkpt lat="34.23311" lon="-118.18941">
        <ele>822.24</ele>
        <time>2026-06-13T23:04:45Z</time>
      </trkpt>
      <trkpt lat="34.23312" lon="-118.18938">
        <ele>822.18</ele>
        <time>2026-06-13T23:04:48Z</time>
      </trkpt>
      <trkpt lat="34.23314" lon="-118.18935">
        <ele>822.64</ele>
        <time>2026-06-13T23:04:51Z</time>
      </trkpt>
      <trkpt lat="34.23315" lon="-118.18932">
        <ele>823.05</ele>
        <time>2026-06-13T23:04:54Z</time>
      </trkpt>
      <trkpt lat="34.23317" lon="-118.18929">
        <ele>823.55</ele>
        <time>2026-06-13T23:04:57Z</time>
      </trkpt>
      <trkpt lat="34.23319" lon="-118.18926">
        <ele>823.91</ele>
        <time>2026-06-13T23:05:00Z</time>
      </trkpt>
      <trkpt lat="34.23321" lon="-118.18923">
        <ele>824.02</ele>
        <time>2026-06-13T23:05:03Z</time>
      </trkpt>
      <trkpt lat="34.23324" lon="-118.18921">
        <ele>824.45</ele>
        <time>2026-06-13T23:05:05Z</time>
      </trkpt>
      <trkpt lat="34.23326" lon="-118.18919">
        <ele>824.04</ele>
        <time>2026-06-13T23:05:07Z</time>
      </trkpt>
      <trkpt lat="34.23329" lon="-118.18918">
        <ele>823.61</ele>
        <time>2026-06-13T23:05:10Z</time>
      </trkpt>
      <trkpt lat="34.23332" lon="-118.18921">
        <ele>823.61</ele>
        <time>2026-06-13T23:05:12Z</time>
      </trkpt>
      <trkpt lat="34.23334" lon="-118.18924">
        <ele>823.65</ele>
        <time>2026-06-13T23:05:14Z</time>
      </trkpt>
      <trkpt lat="34.23336" lon="-118.18925">
        <ele>823.32</ele>
        <time>2026-06-13T23:05:16Z</time>
      </trkpt>
      <trkpt lat="34.23338" lon="-118.18929">
        <ele>823.49</ele>
        <time>2026-06-13T23:05:19Z</time>
      </trkpt>
      <trkpt lat="34.23339" lon="-118.18933">
        <ele>824.01</ele>
        <time>2026-06-13T23:05:22Z</time>
      </trkpt>
      <trkpt lat="34.23337" lon="-118.18938">
        <ele>825.52</ele>
        <time>2026-06-13T23:05:25Z</time>
      </trkpt>
      <trkpt lat="34.23336" lon="-118.1894">
        <ele>826.27</ele>
        <time>2026-06-13T23:05:27Z</time>
      </trkpt>
      <trkpt lat="34.23334" lon="-118.18943">
        <ele>827.46</ele>
        <time>2026-06-13T23:05:29Z</time>
      </trkpt>
      <trkpt lat="34.23332" lon="-118.18945">
        <ele>827.77</ele>
        <time>2026-06-13T23:05:31Z</time>
      </trkpt>
      <trkpt lat="34.23329" lon="-118.18947">
        <ele>827.34</ele>
        <time>2026-06-13T23:05:34Z</time>
      </trkpt>
      <trkpt lat="34.23326" lon="-118.18948">
        <ele>826.8</ele>
        <time>2026-06-13T23:05:37Z</time>
      </trkpt>
      <trkpt lat="34.23324" lon="-118.1895">
        <ele>826.58</ele>
        <time>2026-06-13T23:05:40Z</time>
      </trkpt>
      <trkpt lat="34.23321" lon="-118.18953">
        <ele>826.26</ele>
        <time>2026-06-13T23:05:43Z</time>
      </trkpt>
      <trkpt lat="34.23319" lon="-118.18956">
        <ele>826.4</ele>
        <time>2026-06-13T23:05:46Z</time>
      </trkpt>
      <trkpt lat="34.23317" lon="-118.18958">
        <ele>826.4</ele>
        <time>2026-06-13T23:05:49Z</time>
      </trkpt>
      <trkpt lat="34.23316" lon="-118.18961">
        <ele>826.83</ele>
        <time>2026-06-13T23:05:52Z</time>
      </trkpt>
      <trkpt lat="34.23314" lon="-118.18965">
        <ele>827.42</ele>
        <time>2026-06-13T23:05:55Z</time>
      </trkpt>
      <trkpt lat="34.23313" lon="-118.18968">
        <ele>828.15</ele>
        <time>2026-06-13T23:05:58Z</time>
      </trkpt>
      <trkpt lat="34.23311" lon="-118.18971">
        <ele>828.73</ele>
        <time>2026-06-13T23:06:01Z</time>
      </trkpt>
      <trkpt lat="34.2331" lon="-118.18975">
        <ele>830.0</ele>
        <time>2026-06-13T23:06:04Z</time>
      </trkpt>
      <trkpt lat="34.23309" lon="-118.18978">
        <ele>830.85</ele>
        <time>2026-06-13T23:06:07Z</time>
      </trkpt>
      <trkpt lat="34.23308" lon="-118.18982">
        <ele>832.03</ele>
        <time>2026-06-13T23:06:10Z</time>
      </trkpt>
      <trkpt lat="34.23306" lon="-118.18985">
        <ele>832.68</ele>
        <time>2026-06-13T23:06:13Z</time>
      </trkpt>
      <trkpt lat="34.23305" lon="-118.18989">
        <ele>834.13</ele>
        <time>2026-06-13T23:06:16Z</time>
      </trkpt>
      <trkpt lat="34.23304" lon="-118.18992">
        <ele>835.21</ele>
        <time>2026-06-13T23:06:19Z</time>
      </trkpt>
      <trkpt lat="34.23303" lon="-118.18995">
        <ele>836.29</ele>
        <time>2026-06-13T23:06:22Z</time>
      </trkpt>
      <trkpt lat="34.23301" lon="-118.18999">
        <ele>837.58</ele>
        <time>2026-06-13T23:06:25Z</time>
      </trkpt>
      <trkpt lat="34.233" lon="-118.19002">
        <ele>838.45</ele>
        <time>2026-06-13T23:06:28Z</time>
      </trkpt>
      <trkpt lat="34.23298" lon="-118.19005">
        <ele>838.99</ele>
        <time>2026-06-13T23:06:31Z</time>
      </trkpt>
      <trkpt lat="34.23296" lon="-118.19008">
        <ele>839.68</ele>
        <time>2026-06-13T23:06:34Z</time>
      </trkpt>
      <trkpt lat="34.23294" lon="-118.1901">
        <ele>840.94</ele>
        <time>2026-06-13T23:06:36Z</time>
      </trkpt>
      <trkpt lat="34.23291" lon="-118.1901">
        <ele>841.97</ele>
        <time>2026-06-13T23:06:38Z</time>
      </trkpt>
      <trkpt lat="34.23287" lon="-118.19009">
        <ele>842.91</ele>
        <time>2026-06-13T23:06:41Z</time>
      </trkpt>
      <trkpt lat="34.23284" lon="-118.19007">
        <ele>843.91</ele>
        <time>2026-06-13T23:06:43Z</time>
      </trkpt>
      <trkpt lat="34.23281" lon="-118.19005">
        <ele>844.77</ele>
        <time>2026-06-13T23:06:45Z</time>
      </trkpt>
      <trkpt lat="34.23278" lon="-118.19002">
        <ele>844.95</ele>
        <time>2026-06-13T23:06:47Z</time>
      </trkpt>
      <trkpt lat="34.23276" lon="-118.19">
        <ele>844.96</ele>
        <time>2026-06-13T23:06:49Z</time>
      </trkpt>
      <trkpt lat="34.23274" lon="-118.18998">
        <ele>844.74</ele>
        <time>2026-06-13T23:06:51Z</time>
      </trkpt>
      <trkpt lat="34.23271" lon="-118.18995">
        <ele>844.42</ele>
        <time>2026-06-13T23:06:54Z</time>
      </trkpt>
      <trkpt lat="34.2327" lon="-118.18992">
        <ele>843.02</ele>
        <time>2026-06-13T23:06:57Z</time>
      </trkpt>
      <trkpt lat="34.2327" lon="-118.18988">
        <ele>840.42</ele>
        <time>2026-06-13T23:07:02Z</time>
      </trkpt>
      <trkpt lat="34.23267" lon="-118.18986">
        <ele>840.75</ele>
        <time>2026-06-13T23:07:06Z</time>
      </trkpt>
      <trkpt lat="34.23265" lon="-118.18983">
        <ele>839.88</ele>
        <time>2026-06-13T23:07:10Z</time>
      </trkpt>
      <trkpt lat="34.23262" lon="-118.1898">
        <ele>839.56</ele>
        <time>2026-06-13T23:07:13Z</time>
      </trkpt>
      <trkpt lat="34.23259" lon="-118.18978">
        <ele>839.83</ele>
        <time>2026-06-13T23:07:16Z</time>
      </trkpt>
      <trkpt lat="34.23256" lon="-118.18976">
        <ele>839.5</ele>
        <time>2026-06-13T23:07:19Z</time>
      </trkpt>
      <trkpt lat="34.23253" lon="-118.18974">
        <ele>839.18</ele>
        <time>2026-06-13T23:07:22Z</time>
      </trkpt>
      <trkpt lat="34.23251" lon="-118.18971">
        <ele>838.25</ele>
        <time>2026-06-13T23:07:25Z</time>
      </trkpt>
      <trkpt lat="34.23248" lon="-118.18969">
        <ele>838.96</ele>
        <time>2026-06-13T23:07:28Z</time>
      </trkpt>
      <trkpt lat="34.23245" lon="-118.18967">
        <ele>839.7</ele>
        <time>2026-06-13T23:07:31Z</time>
      </trkpt>
      <trkpt lat="34.23242" lon="-118.18964">
        <ele>839.89</ele>
        <time>2026-06-13T23:07:34Z</time>
      </trkpt>
      <trkpt lat="34.2324" lon="-118.18962">
        <ele>840.15</ele>
        <time>2026-06-13T23:07:37Z</time>
      </trkpt>
      <trkpt lat="34.23238" lon="-118.18959">
        <ele>840.24</ele>
        <time>2026-06-13T23:07:40Z</time>
      </trkpt>
      <trkpt lat="34.23235" lon="-118.18956">
        <ele>840.53</ele>
        <time>2026-06-13T23:07:43Z</time>
      </trkpt>
      <trkpt lat="34.23233" lon="-118.18954">
        <ele>840.49</ele>
        <time>2026-06-13T23:07:46Z</time>
      </trkpt>
      <trkpt lat="34.23231" lon="-118.18951">
        <ele>840.41</ele>
        <time>2026-06-13T23:07:49Z</time>
      </trkpt>
      <trkpt lat="34.23229" lon="-118.18948">
        <ele>840.43</ele>
        <time>2026-06-13T23:07:52Z</time>
      </trkpt>
      <trkpt lat="34.23226" lon="-118.18946">
        <ele>841.07</ele>
        <time>2026-06-13T23:07:55Z</time>
      </trkpt>
      <trkpt lat="34.23224" lon="-118.18943">
        <ele>840.61</ele>
        <time>2026-06-13T23:07:58Z</time>
      </trkpt>
      <trkpt lat="34.23221" lon="-118.1894">
        <ele>840.61</ele>
        <time>2026-06-13T23:08:01Z</time>
      </trkpt>
      <trkpt lat="34.23219" lon="-118.18937">
        <ele>839.96</ele>
        <time>2026-06-13T23:08:04Z</time>
      </trkpt>
      <trkpt lat="34.23217" lon="-118.18934">
        <ele>839.31</ele>
        <time>2026-06-13T23:08:07Z</time>
      </trkpt>
      <trkpt lat="34.23215" lon="-118.18931">
        <ele>838.98</ele>
        <time>2026-06-13T23:08:10Z</time>
      </trkpt>
      <trkpt lat="34.23213" lon="-118.18928">
        <ele>838.66</ele>
        <time>2026-06-13T23:08:12Z</time>
      </trkpt>
      <trkpt lat="34.23212" lon="-118.18924">
        <ele>837.9</ele>
        <time>2026-06-13T23:08:14Z</time>
      </trkpt>
      <trkpt lat="34.23209" lon="-118.18921">
        <ele>838.22</ele>
        <time>2026-06-13T23:08:17Z</time>
      </trkpt>
      <trkpt lat="34.23207" lon="-118.18917">
        <ele>838.0</ele>
        <time>2026-06-13T23:08:20Z</time>
      </trkpt>
      <trkpt lat="34.23205" lon="-118.18913">
        <ele>838.13</ele>
        <time>2026-06-13T23:08:23Z</time>
      </trkpt>
      <trkpt lat="34.23203" lon="-118.1891">
        <ele>838.63</ele>
        <time>2026-06-13T23:08:26Z</time>
      </trkpt>
      <trkpt lat="34.23201" lon="-118.18906">
        <ele>839.12</ele>
        <time>2026-06-13T23:08:29Z</time>
      </trkpt>
      <trkpt lat="34.23203" lon="-118.18901">
        <ele>838.25</ele>
        <time>2026-06-13T23:08:32Z</time>
      </trkpt>
      <trkpt lat="34.23203" lon="-118.18898">
        <ele>838.21</ele>
        <time>2026-06-13T23:08:35Z</time>
      </trkpt>
      <trkpt lat="34.23202" lon="-118.18893">
        <ele>838.1</ele>
        <time>2026-06-13T23:08:38Z</time>
      </trkpt>
      <trkpt lat="34.23201" lon="-118.18889">
        <ele>838.18</ele>
        <time>2026-06-13T23:08:41Z</time>
      </trkpt>
      <trkpt lat="34.23201" lon="-118.18885">
        <ele>838.29</ele>
        <time>2026-06-13T23:08:44Z</time>
      </trkpt>
      <trkpt lat="34.23201" lon="-118.18881">
        <ele>838.42</ele>
        <time>2026-06-13T23:08:47Z</time>
      </trkpt>
      <trkpt lat="34.232" lon="-118.18877">
        <ele>839.4</ele>
        <time>2026-06-13T23:08:50Z</time>
      </trkpt>
      <trkpt lat="34.232" lon="-118.18872">
        <ele>840.15</ele>
        <time>2026-06-13T23:08:53Z</time>
      </trkpt>
      <trkpt lat="34.232" lon="-118.18869">
        <ele>840.61</ele>
        <time>2026-06-13T23:08:56Z</time>
      </trkpt>
      <trkpt lat="34.232" lon="-118.18864">
        <ele>841.36</ele>
        <time>2026-06-13T23:08:59Z</time>
      </trkpt>
      <trkpt lat="34.23201" lon="-118.1886">
        <ele>841.23</ele>
        <time>2026-06-13T23:09:02Z</time>
      </trkpt>
      <trkpt lat="34.23201" lon="-118.18856">
        <ele>841.92</ele>
        <time>2026-06-13T23:09:05Z</time>
      </trkpt>
      <trkpt lat="34.23202" lon="-118.18852">
        <ele>841.63</ele>
        <time>2026-06-13T23:09:08Z</time>
      </trkpt>
      <trkpt lat="34.23203" lon="-118.18849">
        <ele>840.71</ele>
        <time>2026-06-13T23:09:10Z</time>
      </trkpt>
      <trkpt lat="34.23204" lon="-118.18847">
        <ele>839.86</ele>
        <time>2026-06-13T23:09:12Z</time>
      </trkpt>
      <trkpt lat="34.23205" lon="-118.18843">
        <ele>839.43</ele>
        <time>2026-06-13T23:09:15Z</time>
      </trkpt>
      <trkpt lat="34.23206" lon="-118.18838">
        <ele>839.5</ele>
        <time>2026-06-13T23:09:18Z</time>
      </trkpt>
      <trkpt lat="34.23206" lon="-118.18834">
        <ele>839.94</ele>
        <time>2026-06-13T23:09:21Z</time>
      </trkpt>
      <trkpt lat="34.23206" lon="-118.1883">
        <ele>840.28</ele>
        <time>2026-06-13T23:09:24Z</time>
      </trkpt>
      <trkpt lat="34.23206" lon="-118.18826">
        <ele>840.6</ele>
        <time>2026-06-13T23:09:27Z</time>
      </trkpt>
      <trkpt lat="34.23206" lon="-118.18822">
        <ele>840.98</ele>
        <time>2026-06-13T23:09:30Z</time>
      </trkpt>
      <trkpt lat="34.23205" lon="-118.18818">
        <ele>841.96</ele>
        <time>2026-06-13T23:09:33Z</time>
      </trkpt>
      <trkpt lat="34.23204" lon="-118.18815">
        <ele>842.82</ele>
        <time>2026-06-13T23:09:36Z</time>
      </trkpt>
      <trkpt lat="34.23203" lon="-118.18811">
        <ele>843.35</ele>
        <time>2026-06-13T23:09:39Z</time>
      </trkpt>
      <trkpt lat="34.232" lon="-118.18811">
        <ele>844.84</ele>
        <time>2026-06-13T23:09:41Z</time>
      </trkpt>
      <trkpt lat="34.23196" lon="-118.18812">
        <ele>846.91</ele>
        <time>2026-06-13T23:09:43Z</time>
      </trkpt>
      <trkpt lat="34.23193" lon="-118.18813">
        <ele>848.37</ele>
        <time>2026-06-13T23:09:45Z</time>
      </trkpt>
      <trkpt lat="34.2319" lon="-118.18813">
        <ele>849.54</ele>
        <time>2026-06-13T23:09:48Z</time>
      </trkpt>
      <trkpt lat="34.23187" lon="-118.18813">
        <ele>850.7</ele>
        <time>2026-06-13T23:09:51Z</time>
      </trkpt>
      <trkpt lat="34.23183" lon="-118.18813">
        <ele>851.88</ele>
        <time>2026-06-13T23:09:54Z</time>
      </trkpt>
      <trkpt lat="34.2318" lon="-118.18812">
        <ele>852.21</ele>
        <time>2026-06-13T23:09:57Z</time>
      </trkpt>
      <trkpt lat="34.23177" lon="-118.18812">
        <ele>852.86</ele>
        <time>2026-06-13T23:10:00Z</time>
      </trkpt>
      <trkpt lat="34.23174" lon="-118.18811">
        <ele>853.42</ele>
        <time>2026-06-13T23:10:03Z</time>
      </trkpt>
      <trkpt lat="34.23172" lon="-118.18809">
        <ele>853.28</ele>
        <time>2026-06-13T23:10:05Z</time>
      </trkpt>
      <trkpt lat="34.2317" lon="-118.18805">
        <ele>852.14</ele>
        <time>2026-06-13T23:10:07Z</time>
      </trkpt>
      <trkpt lat="34.23168" lon="-118.18802">
        <ele>851.89</ele>
        <time>2026-06-13T23:10:09Z</time>
      </trkpt>
      <trkpt lat="34.23166" lon="-118.18799">
        <ele>851.86</ele>
        <time>2026-06-13T23:10:11Z</time>
      </trkpt>
      <trkpt lat="34.23164" lon="-118.18796">
        <ele>851.8</ele>
        <time>2026-06-13T23:10:13Z</time>
      </trkpt>
      <trkpt lat="34.23162" lon="-118.18792">
        <ele>851.58</ele>
        <time>2026-06-13T23:10:16Z</time>
      </trkpt>
      <trkpt lat="34.23161" lon="-118.18789">
        <ele>851.26</ele>
        <time>2026-06-13T23:10:19Z</time>
      </trkpt>
      <trkpt lat="34.23159" lon="-118.18786">
        <ele>851.24</ele>
        <time>2026-06-13T23:10:22Z</time>
      </trkpt>
      <trkpt lat="34.23157" lon="-118.18783">
        <ele>851.28</ele>
        <time>2026-06-13T23:10:25Z</time>
      </trkpt>
      <trkpt lat="34.23155" lon="-118.1878">
        <ele>851.32</ele>
        <time>2026-06-13T23:10:28Z</time>
      </trkpt>
      <trkpt lat="34.23153" lon="-118.18777">
        <ele>851.18</ele>
        <time>2026-06-13T23:10:31Z</time>
      </trkpt>
      <trkpt lat="34.23151" lon="-118.18773">
        <ele>850.53</ele>
        <time>2026-06-13T23:10:34Z</time>
      </trkpt>
      <trkpt lat="34.23149" lon="-118.1877">
        <ele>850.2</ele>
        <time>2026-06-13T23:10:37Z</time>
      </trkpt>
      <trkpt lat="34.23147" lon="-118.18767">
        <ele>849.92</ele>
        <time>2026-06-13T23:10:40Z</time>
      </trkpt>
      <trkpt lat="34.23145" lon="-118.18764">
        <ele>849.7</ele>
        <time>2026-06-13T23:10:43Z</time>
      </trkpt>
      <trkpt lat="34.23143" lon="-118.1876">
        <ele>849.27</ele>
        <time>2026-06-13T23:10:46Z</time>
      </trkpt>
      <trkpt lat="34.23141" lon="-118.18757">
        <ele>849.0</ele>
        <time>2026-06-13T23:10:49Z</time>
      </trkpt>
      <trkpt lat="34.23138" lon="-118.18754">
        <ele>849.06</ele>
        <time>2026-06-13T23:10:52Z</time>
      </trkpt>
      <trkpt lat="34.23136" lon="-118.18751">
        <ele>848.84</ele>
        <time>2026-06-13T23:10:55Z</time>
      </trkpt>
      <trkpt lat="34.23133" lon="-118.18748">
        <ele>848.98</ele>
        <time>2026-06-13T23:10:58Z</time>
      </trkpt>
      <trkpt lat="34.23131" lon="-118.18745">
        <ele>849.08</ele>
        <time>2026-06-13T23:11:01Z</time>
      </trkpt>
      <trkpt lat="34.23129" lon="-118.18742">
        <ele>849.34</ele>
        <time>2026-06-13T23:11:04Z</time>
      </trkpt>
      <trkpt lat="34.23126" lon="-118.18739">
        <ele>849.8</ele>
        <time>2026-06-13T23:11:07Z</time>
      </trkpt>
      <trkpt lat="34.23125" lon="-118.18736">
        <ele>849.48</ele>
        <time>2026-06-13T23:11:10Z</time>
      </trkpt>
      <trkpt lat="34.23123" lon="-118.18733">
        <ele>849.48</ele>
        <time>2026-06-13T23:11:13Z</time>
      </trkpt>
      <trkpt lat="34.23122" lon="-118.1873">
        <ele>849.28</ele>
        <time>2026-06-13T23:11:16Z</time>
      </trkpt>
      <trkpt lat="34.23121" lon="-118.18726">
        <ele>849.16</ele>
        <time>2026-06-13T23:11:19Z</time>
      </trkpt>
      <trkpt lat="34.23119" lon="-118.18723">
        <ele>849.68</ele>
        <time>2026-06-13T23:11:22Z</time>
      </trkpt>
      <trkpt lat="34.23118" lon="-118.18719">
        <ele>849.77</ele>
        <time>2026-06-13T23:11:25Z</time>
      </trkpt>
      <trkpt lat="34.23117" lon="-118.18715">
        <ele>849.96</ele>
        <time>2026-06-13T23:11:27Z</time>
      </trkpt>
      <trkpt lat="34.23116" lon="-118.18711">
        <ele>850.26</ele>
        <time>2026-06-13T23:11:29Z</time>
      </trkpt>
      <trkpt lat="34.23115" lon="-118.18707">
        <ele>850.53</ele>
        <time>2026-06-13T23:11:32Z</time>
      </trkpt>
      <trkpt lat="34.23114" lon="-118.18703">
        <ele>850.73</ele>
        <time>2026-06-13T23:11:35Z</time>
      </trkpt>
      <trkpt lat="34.23114" lon="-118.18699">
        <ele>850.59</ele>
        <time>2026-06-13T23:11:38Z</time>
      </trkpt>
      <trkpt lat="34.23113" lon="-118.18695">
        <ele>850.99</ele>
        <time>2026-06-13T23:11:41Z</time>
      </trkpt>
      <trkpt lat="34.23113" lon="-118.18691">
        <ele>850.61</ele>
        <time>2026-06-13T23:11:44Z</time>
      </trkpt>
      <trkpt lat="34.23112" lon="-118.18687">
        <ele>850.72</ele>
        <time>2026-06-13T23:11:47Z</time>
      </trkpt>
      <trkpt lat="34.23111" lon="-118.18683">
        <ele>851.06</ele>
        <time>2026-06-13T23:11:50Z</time>
      </trkpt>
      <trkpt lat="34.23112" lon="-118.18679">
        <ele>850.52</ele>
        <time>2026-06-13T23:11:53Z</time>
      </trkpt>
      <trkpt lat="34.23112" lon="-118.18675">
        <ele>850.51</ele>
        <time>2026-06-13T23:11:56Z</time>
      </trkpt>
      <trkpt lat="34.23112" lon="-118.18671">
        <ele>850.47</ele>
        <time>2026-06-13T23:11:59Z</time>
      </trkpt>
      <trkpt lat="34.23112" lon="-118.18667">
        <ele>850.43</ele>
        <time>2026-06-13T23:12:02Z</time>
      </trkpt>
      <trkpt lat="34.23111" lon="-118.18663">
        <ele>851.06</ele>
        <time>2026-06-13T23:12:05Z</time>
      </trkpt>
      <trkpt lat="34.23111" lon="-118.18659">
        <ele>851.05</ele>
        <time>2026-06-13T23:12:08Z</time>
      </trkpt>
      <trkpt lat="34.23111" lon="-118.18655">
        <ele>851.05</ele>
        <time>2026-06-13T23:12:11Z</time>
      </trkpt>
      <trkpt lat="34.23111" lon="-118.18651">
        <ele>851.05</ele>
        <time>2026-06-13T23:12:14Z</time>
      </trkpt>
      <trkpt lat="34.23111" lon="-118.18647">
        <ele>851.17</ele>
        <time>2026-06-13T23:12:17Z</time>
      </trkpt>
      <trkpt lat="34.23111" lon="-118.18643">
        <ele>851.6</ele>
        <time>2026-06-13T23:12:20Z</time>
      </trkpt>
      <trkpt lat="34.23111" lon="-118.18639">
        <ele>852.04</ele>
        <time>2026-06-13T23:12:23Z</time>
      </trkpt>
      <trkpt lat="34.23111" lon="-118.18635">
        <ele>852.89</ele>
        <time>2026-06-13T23:12:26Z</time>
      </trkpt>
      <trkpt lat="34.23111" lon="-118.18631">
        <ele>853.75</ele>
        <time>2026-06-13T23:12:29Z</time>
      </trkpt>
      <trkpt lat="34.23111" lon="-118.18628">
        <ele>854.4</ele>
        <time>2026-06-13T23:12:32Z</time>
      </trkpt>
      <trkpt lat="34.23111" lon="-118.18624">
        <ele>855.26</ele>
        <time>2026-06-13T23:12:35Z</time>
      </trkpt>
      <trkpt lat="34.23111" lon="-118.1862">
        <ele>856.08</ele>
        <time>2026-06-13T23:12:39Z</time>
      </trkpt>
      <trkpt lat="34.23111" lon="-118.18616">
        <ele>856.51</ele>
        <time>2026-06-13T23:12:42Z</time>
      </trkpt>
      <trkpt lat="34.23112" lon="-118.18613">
        <ele>856.47</ele>
        <time>2026-06-13T23:12:45Z</time>
      </trkpt>
      <trkpt lat="34.23112" lon="-118.18609">
        <ele>857.17</ele>
        <time>2026-06-13T23:12:48Z</time>
      </trkpt>
      <trkpt lat="34.23112" lon="-118.18606">
        <ele>857.82</ele>
        <time>2026-06-13T23:12:51Z</time>
      </trkpt>
      <trkpt lat="34.23112" lon="-118.18602">
        <ele>858.68</ele>
        <time>2026-06-13T23:12:54Z</time>
      </trkpt>
      <trkpt lat="34.23112" lon="-118.18599">
        <ele>859.02</ele>
        <time>2026-06-13T23:12:57Z</time>
      </trkpt>
      <trkpt lat="34.23112" lon="-118.18595">
        <ele>859.45</ele>
        <time>2026-06-13T23:13:00Z</time>
      </trkpt>
      <trkpt lat="34.23112" lon="-118.18591">
        <ele>859.71</ele>
        <time>2026-06-13T23:13:03Z</time>
      </trkpt>
      <trkpt lat="34.23112" lon="-118.18587">
        <ele>859.71</ele>
        <time>2026-06-13T23:13:06Z</time>
      </trkpt>
      <trkpt lat="34.23112" lon="-118.18583">
        <ele>859.71</ele>
        <time>2026-06-13T23:13:09Z</time>
      </trkpt>
      <trkpt lat="34.23112" lon="-118.18579">
        <ele>859.71</ele>
        <time>2026-06-13T23:13:12Z</time>
      </trkpt>
      <trkpt lat="34.23112" lon="-118.18575">
        <ele>859.71</ele>
        <time>2026-06-13T23:13:15Z</time>
      </trkpt>
      <trkpt lat="34.23111" lon="-118.18572">
        <ele>860.04</ele>
        <time>2026-06-13T23:13:18Z</time>
      </trkpt>
      <trkpt lat="34.23111" lon="-118.18568">
        <ele>860.04</ele>
        <time>2026-06-13T23:13:21Z</time>
      </trkpt>
      <trkpt lat="34.23111" lon="-118.18564">
        <ele>860.03</ele>
        <time>2026-06-13T23:13:24Z</time>
      </trkpt>
      <trkpt lat="34.23109" lon="-118.18562">
        <ele>860.61</ele>
        <time>2026-06-13T23:13:27Z</time>
      </trkpt>
      <trkpt lat="34.23106" lon="-118.1856">
        <ele>861.37</ele>
        <time>2026-06-13T23:13:30Z</time>
      </trkpt>
      <trkpt lat="34.23103" lon="-118.18559">
        <ele>862.08</ele>
        <time>2026-06-13T23:13:33Z</time>
      </trkpt>
      <trkpt lat="34.23099" lon="-118.1856">
        <ele>861.7</ele>
        <time>2026-06-13T23:13:37Z</time>
      </trkpt>
      <trkpt lat="34.23096" lon="-118.1856">
        <ele>860.89</ele>
        <time>2026-06-13T23:13:40Z</time>
      </trkpt>
      <trkpt lat="34.23093" lon="-118.18559">
        <ele>859.86</ele>
        <time>2026-06-13T23:13:44Z</time>
      </trkpt>
      <trkpt lat="34.23091" lon="-118.18556">
        <ele>857.9</ele>
        <time>2026-06-13T23:13:51Z</time>
      </trkpt>
      <trkpt lat="34.23092" lon="-118.18554">
        <ele>858.04</ele>
        <time>2026-06-13T23:15:03Z</time>
      </trkpt>
      <trkpt lat="34.23093" lon="-118.1856">
        <ele>860.07</ele>
        <time>2026-06-13T23:23:20Z</time>
      </trkpt>
      <trkpt lat="34.23093" lon="-118.18566">
        <ele>861.21</ele>
        <time>2026-06-13T23:23:24Z</time>
      </trkpt>
      <trkpt lat="34.23093" lon="-118.18571">
        <ele>861.73</ele>
        <time>2026-06-13T23:23:27Z</time>
      </trkpt>
      <trkpt lat="34.23093" lon="-118.18576">
        <ele>862.23</ele>
        <time>2026-06-13T23:23:30Z</time>
      </trkpt>
      <trkpt lat="34.23094" lon="-118.1858">
        <ele>862.6</ele>
        <time>2026-06-13T23:23:33Z</time>
      </trkpt>
      <trkpt lat="34.23096" lon="-118.18584">
        <ele>862.63</ele>
        <time>2026-06-13T23:23:36Z</time>
      </trkpt>
      <trkpt lat="34.23099" lon="-118.18586">
        <ele>862.31</ele>
        <time>2026-06-13T23:23:38Z</time>
      </trkpt>
      <trkpt lat="34.23101" lon="-118.18589">
        <ele>862.09</ele>
        <time>2026-06-13T23:23:40Z</time>
      </trkpt>
      <trkpt lat="34.23103" lon="-118.18593">
        <ele>861.71</ele>
        <time>2026-06-13T23:23:43Z</time>
      </trkpt>
      <trkpt lat="34.23103" lon="-118.18597">
        <ele>861.28</ele>
        <time>2026-06-13T23:23:46Z</time>
      </trkpt>
      <trkpt lat="34.23103" lon="-118.18601">
        <ele>860.84</ele>
        <time>2026-06-13T23:23:49Z</time>
      </trkpt>
      <trkpt lat="34.23103" lon="-118.18604">
        <ele>860.49</ele>
        <time>2026-06-13T23:23:52Z</time>
      </trkpt>
      <trkpt lat="34.23103" lon="-118.18608">
        <ele>860.01</ele>
        <time>2026-06-13T23:23:55Z</time>
      </trkpt>
      <trkpt lat="34.23101" lon="-118.18612">
        <ele>860.1</ele>
        <time>2026-06-13T23:23:58Z</time>
      </trkpt>
      <trkpt lat="34.231" lon="-118.18616">
        <ele>859.98</ele>
        <time>2026-06-13T23:24:01Z</time>
      </trkpt>
      <trkpt lat="34.23098" lon="-118.1862">
        <ele>860.27</ele>
        <time>2026-06-13T23:24:04Z</time>
      </trkpt>
      <trkpt lat="34.23097" lon="-118.18623">
        <ele>860.29</ele>
        <time>2026-06-13T23:24:07Z</time>
      </trkpt>
      <trkpt lat="34.23096" lon="-118.18627">
        <ele>860.18</ele>
        <time>2026-06-13T23:24:10Z</time>
      </trkpt>
      <trkpt lat="34.23095" lon="-118.18631">
        <ele>860.14</ele>
        <time>2026-06-13T23:24:13Z</time>
      </trkpt>
      <trkpt lat="34.23094" lon="-118.18635">
        <ele>860.37</ele>
        <time>2026-06-13T23:24:16Z</time>
      </trkpt>
      <trkpt lat="34.23093" lon="-118.18639">
        <ele>860.77</ele>
        <time>2026-06-13T23:24:19Z</time>
      </trkpt>
      <trkpt lat="34.23092" lon="-118.18643">
        <ele>860.81</ele>
        <time>2026-06-13T23:24:22Z</time>
      </trkpt>
      <trkpt lat="34.23091" lon="-118.18646">
        <ele>860.92</ele>
        <time>2026-06-13T23:24:25Z</time>
      </trkpt>
      <trkpt lat="34.23089" lon="-118.1865">
        <ele>861.55</ele>
        <time>2026-06-13T23:24:28Z</time>
      </trkpt>
      <trkpt lat="34.23089" lon="-118.18654">
        <ele>861.55</ele>
        <time>2026-06-13T23:24:31Z</time>
      </trkpt>
      <trkpt lat="34.23088" lon="-118.18658">
        <ele>861.98</ele>
        <time>2026-06-13T23:24:34Z</time>
      </trkpt>
      <trkpt lat="34.23087" lon="-118.18661">
        <ele>862.42</ele>
        <time>2026-06-13T23:24:37Z</time>
      </trkpt>
      <trkpt lat="34.23086" lon="-118.18665">
        <ele>862.85</ele>
        <time>2026-06-13T23:24:41Z</time>
      </trkpt>
      <trkpt lat="34.23086" lon="-118.18662">
        <ele>862.85</ele>
        <time>2026-06-13T23:24:44Z</time>
      </trkpt>
      <trkpt lat="34.23085" lon="-118.18665">
        <ele>863.28</ele>
        <time>2026-06-13T23:24:58Z</time>
      </trkpt>
      <trkpt lat="34.23084" lon="-118.18669">
        <ele>863.71</ele>
        <time>2026-06-13T23:25:02Z</time>
      </trkpt>
      <trkpt lat="34.23084" lon="-118.18673">
        <ele>863.71</ele>
        <time>2026-06-13T23:25:05Z</time>
      </trkpt>
      <trkpt lat="34.23084" lon="-118.18676">
        <ele>863.7</ele>
        <time>2026-06-13T23:25:08Z</time>
      </trkpt>
      <trkpt lat="34.23083" lon="-118.18679">
        <ele>863.79</ele>
        <time>2026-06-13T23:25:11Z</time>
      </trkpt>
      <trkpt lat="34.23083" lon="-118.18683">
        <ele>863.37</ele>
        <time>2026-06-13T23:25:14Z</time>
      </trkpt>
      <trkpt lat="34.23082" lon="-118.18686">
        <ele>863.65</ele>
        <time>2026-06-13T23:25:17Z</time>
      </trkpt>
      <trkpt lat="34.23082" lon="-118.1869">
        <ele>864.02</ele>
        <time>2026-06-13T23:25:20Z</time>
      </trkpt>
      <trkpt lat="34.23082" lon="-118.18694">
        <ele>864.39</ele>
        <time>2026-06-13T23:25:23Z</time>
      </trkpt>
      <trkpt lat="34.23082" lon="-118.18697">
        <ele>864.71</ele>
        <time>2026-06-13T23:25:26Z</time>
      </trkpt>
      <trkpt lat="34.23081" lon="-118.18701">
        <ele>865.46</ele>
        <time>2026-06-13T23:25:29Z</time>
      </trkpt>
      <trkpt lat="34.23081" lon="-118.18704">
        <ele>865.82</ele>
        <time>2026-06-13T23:25:32Z</time>
      </trkpt>
      <trkpt lat="34.23081" lon="-118.18708">
        <ele>866.68</ele>
        <time>2026-06-13T23:25:35Z</time>
      </trkpt>
      <trkpt lat="34.23081" lon="-118.18711">
        <ele>867.33</ele>
        <time>2026-06-13T23:25:38Z</time>
      </trkpt>
      <trkpt lat="34.23082" lon="-118.18715">
        <ele>867.9</ele>
        <time>2026-06-13T23:25:41Z</time>
      </trkpt>
      <trkpt lat="34.23084" lon="-118.18717">
        <ele>867.58</ele>
        <time>2026-06-13T23:25:43Z</time>
      </trkpt>
      <trkpt lat="34.23086" lon="-118.1872">
        <ele>867.37</ele>
        <time>2026-06-13T23:25:45Z</time>
      </trkpt>
      <trkpt lat="34.23087" lon="-118.18724">
        <ele>867.8</ele>
        <time>2026-06-13T23:25:48Z</time>
      </trkpt>
      <trkpt lat="34.23087" lon="-118.18727">
        <ele>868.45</ele>
        <time>2026-06-13T23:25:51Z</time>
      </trkpt>
      <trkpt lat="34.23087" lon="-118.18731">
        <ele>869.31</ele>
        <time>2026-06-13T23:25:54Z</time>
      </trkpt>
      <trkpt lat="34.23088" lon="-118.18735">
        <ele>869.74</ele>
        <time>2026-06-13T23:25:56Z</time>
      </trkpt>
      <trkpt lat="34.23088" lon="-118.18738">
        <ele>870.39</ele>
        <time>2026-06-13T23:25:58Z</time>
      </trkpt>
      <trkpt lat="34.23088" lon="-118.18742">
        <ele>871.19</ele>
        <time>2026-06-13T23:26:01Z</time>
      </trkpt>
      <trkpt lat="34.23089" lon="-118.18746">
        <ele>871.34</ele>
        <time>2026-06-13T23:26:04Z</time>
      </trkpt>
      <trkpt lat="34.23089" lon="-118.1875">
        <ele>871.94</ele>
        <time>2026-06-13T23:26:07Z</time>
      </trkpt>
      <trkpt lat="34.23089" lon="-118.18754">
        <ele>872.64</ele>
        <time>2026-06-13T23:26:10Z</time>
      </trkpt>
      <trkpt lat="34.23089" lon="-118.18757">
        <ele>873.16</ele>
        <time>2026-06-13T23:26:13Z</time>
      </trkpt>
      <trkpt lat="34.2309" lon="-118.18761">
        <ele>873.44</ele>
        <time>2026-06-13T23:26:16Z</time>
      </trkpt>
      <trkpt lat="34.2309" lon="-118.18765">
        <ele>874.19</ele>
        <time>2026-06-13T23:26:19Z</time>
      </trkpt>
      <trkpt lat="34.23091" lon="-118.18768">
        <ele>874.41</ele>
        <time>2026-06-13T23:26:22Z</time>
      </trkpt>
      <trkpt lat="34.23092" lon="-118.18771">
        <ele>874.73</ele>
        <time>2026-06-13T23:26:25Z</time>
      </trkpt>
      <trkpt lat="34.23093" lon="-118.18775">
        <ele>875.22</ele>
        <time>2026-06-13T23:26:28Z</time>
      </trkpt>
      <trkpt lat="34.23094" lon="-118.18778">
        <ele>875.42</ele>
        <time>2026-06-13T23:26:31Z</time>
      </trkpt>
      <trkpt lat="34.23096" lon="-118.18782">
        <ele>875.32</ele>
        <time>2026-06-13T23:26:34Z</time>
      </trkpt>
      <trkpt lat="34.23097" lon="-118.18785">
        <ele>875.62</ele>
        <time>2026-06-13T23:26:37Z</time>
      </trkpt>
      <trkpt lat="34.23098" lon="-118.18788">
        <ele>876.04</ele>
        <time>2026-06-13T23:26:40Z</time>
      </trkpt>
      <trkpt lat="34.231" lon="-118.18791">
        <ele>876.26</ele>
        <time>2026-06-13T23:26:43Z</time>
      </trkpt>
      <trkpt lat="34.23101" lon="-118.18794">
        <ele>876.69</ele>
        <time>2026-06-13T23:26:46Z</time>
      </trkpt>
      <trkpt lat="34.23103" lon="-118.18797">
        <ele>876.9</ele>
        <time>2026-06-13T23:26:49Z</time>
      </trkpt>
      <trkpt lat="34.23105" lon="-118.188">
        <ele>877.12</ele>
        <time>2026-06-13T23:26:52Z</time>
      </trkpt>
      <trkpt lat="34.23107" lon="-118.18803">
        <ele>877.34</ele>
        <time>2026-06-13T23:26:55Z</time>
      </trkpt>
      <trkpt lat="34.2311" lon="-118.18805">
        <ele>877.12</ele>
        <time>2026-06-13T23:26:57Z</time>
      </trkpt>
      <trkpt lat="34.23114" lon="-118.18807">
        <ele>877.26</ele>
        <time>2026-06-13T23:26:59Z</time>
      </trkpt>
      <trkpt lat="34.23116" lon="-118.18808">
        <ele>877.39</ele>
        <time>2026-06-13T23:27:01Z</time>
      </trkpt>
      <trkpt lat="34.23118" lon="-118.18811">
        <ele>878.17</ele>
        <time>2026-06-13T23:27:04Z</time>
      </trkpt>
      <trkpt lat="34.23121" lon="-118.18814">
        <ele>878.6</ele>
        <time>2026-06-13T23:27:07Z</time>
      </trkpt>
      <trkpt lat="34.23123" lon="-118.18816">
        <ele>878.94</ele>
        <time>2026-06-13T23:27:10Z</time>
      </trkpt>
      <trkpt lat="34.23124" lon="-118.18819">
        <ele>880.02</ele>
        <time>2026-06-13T23:27:13Z</time>
      </trkpt>
      <trkpt lat="34.23127" lon="-118.18822">
        <ele>880.67</ele>
        <time>2026-06-13T23:27:16Z</time>
      </trkpt>
      <trkpt lat="34.23129" lon="-118.18824">
        <ele>881.1</ele>
        <time>2026-06-13T23:27:19Z</time>
      </trkpt>
      <trkpt lat="34.23131" lon="-118.18827">
        <ele>881.55</ele>
        <time>2026-06-13T23:27:22Z</time>
      </trkpt>
      <trkpt lat="34.23133" lon="-118.18829">
        <ele>881.7</ele>
        <time>2026-06-13T23:27:25Z</time>
      </trkpt>
      <trkpt lat="34.23135" lon="-118.18832">
        <ele>882.32</ele>
        <time>2026-06-13T23:27:28Z</time>
      </trkpt>
      <trkpt lat="34.23137" lon="-118.18835">
        <ele>882.8</ele>
        <time>2026-06-13T23:27:31Z</time>
      </trkpt>
      <trkpt lat="34.23139" lon="-118.18838">
        <ele>882.97</ele>
        <time>2026-06-13T23:27:34Z</time>
      </trkpt>
      <trkpt lat="34.23141" lon="-118.1884">
        <ele>882.76</ele>
        <time>2026-06-13T23:27:37Z</time>
      </trkpt>
      <trkpt lat="34.23143" lon="-118.18843">
        <ele>882.71</ele>
        <time>2026-06-13T23:27:40Z</time>
      </trkpt>
      <trkpt lat="34.23143" lon="-118.18847">
        <ele>883.14</ele>
        <time>2026-06-13T23:27:44Z</time>
      </trkpt>
      <trkpt lat="34.23143" lon="-118.18851">
        <ele>883.58</ele>
        <time>2026-06-13T23:27:48Z</time>
      </trkpt>
      <trkpt lat="34.23143" lon="-118.18855">
        <ele>883.86</ele>
        <time>2026-06-13T23:27:52Z</time>
      </trkpt>
      <trkpt lat="34.23143" lon="-118.18859">
        <ele>884.1</ele>
        <time>2026-06-13T23:27:56Z</time>
      </trkpt>
      <trkpt lat="34.23143" lon="-118.18862">
        <ele>884.22</ele>
        <time>2026-06-13T23:27:59Z</time>
      </trkpt>
      <trkpt lat="34.23142" lon="-118.18866">
        <ele>884.66</ele>
        <time>2026-06-13T23:28:02Z</time>
      </trkpt>
      <trkpt lat="34.23142" lon="-118.18871">
        <ele>884.66</ele>
        <time>2026-06-13T23:28:05Z</time>
      </trkpt>
      <trkpt lat="34.23141" lon="-118.18876">
        <ele>885.09</ele>
        <time>2026-06-13T23:28:07Z</time>
      </trkpt>
      <trkpt lat="34.23141" lon="-118.1888">
        <ele>885.12</ele>
        <time>2026-06-13T23:28:09Z</time>
      </trkpt>
      <trkpt lat="34.2314" lon="-118.18883">
        <ele>885.84</ele>
        <time>2026-06-13T23:28:11Z</time>
      </trkpt>
      <trkpt lat="34.2314" lon="-118.18887">
        <ele>886.22</ele>
        <time>2026-06-13T23:28:14Z</time>
      </trkpt>
      <trkpt lat="34.23139" lon="-118.18891">
        <ele>886.94</ele>
        <time>2026-06-13T23:28:17Z</time>
      </trkpt>
      <trkpt lat="34.23139" lon="-118.18895">
        <ele>886.94</ele>
        <time>2026-06-13T23:28:20Z</time>
      </trkpt>
      <trkpt lat="34.23139" lon="-118.18899">
        <ele>887.12</ele>
        <time>2026-06-13T23:28:23Z</time>
      </trkpt>
      <trkpt lat="34.23138" lon="-118.18903">
        <ele>888.38</ele>
        <time>2026-06-13T23:28:26Z</time>
      </trkpt>
      <trkpt lat="34.23138" lon="-118.18907">
        <ele>889.2</ele>
        <time>2026-06-13T23:28:29Z</time>
      </trkpt>
      <trkpt lat="34.23138" lon="-118.18911">
        <ele>889.71</ele>
        <time>2026-06-13T23:28:32Z</time>
      </trkpt>
      <trkpt lat="34.23138" lon="-118.18915">
        <ele>890.19</ele>
        <time>2026-06-13T23:28:35Z</time>
      </trkpt>
      <trkpt lat="34.23138" lon="-118.18918">
        <ele>890.66</ele>
        <time>2026-06-13T23:28:38Z</time>
      </trkpt>
      <trkpt lat="34.23138" lon="-118.18922">
        <ele>891.48</ele>
        <time>2026-06-13T23:28:41Z</time>
      </trkpt>
      <trkpt lat="34.23138" lon="-118.18926">
        <ele>892.3</ele>
        <time>2026-06-13T23:28:44Z</time>
      </trkpt>
      <trkpt lat="34.23138" lon="-118.1893">
        <ele>893.17</ele>
        <time>2026-06-13T23:28:47Z</time>
      </trkpt>
      <trkpt lat="34.23138" lon="-118.18934">
        <ele>894.03</ele>
        <time>2026-06-13T23:28:50Z</time>
      </trkpt>
      <trkpt lat="34.23138" lon="-118.18938">
        <ele>894.59</ele>
        <time>2026-06-13T23:28:53Z</time>
      </trkpt>
      <trkpt lat="34.23138" lon="-118.18941">
        <ele>894.92</ele>
        <time>2026-06-13T23:28:56Z</time>
      </trkpt>
      <trkpt lat="34.23138" lon="-118.18945">
        <ele>895.35</ele>
        <time>2026-06-13T23:28:59Z</time>
      </trkpt>
      <trkpt lat="34.23138" lon="-118.18949">
        <ele>895.83</ele>
        <time>2026-06-13T23:29:02Z</time>
      </trkpt>
      <trkpt lat="34.23138" lon="-118.18953">
        <ele>896.3</ele>
        <time>2026-06-13T23:29:05Z</time>
      </trkpt>
      <trkpt lat="34.23138" lon="-118.18957">
        <ele>897.1</ele>
        <time>2026-06-13T23:29:08Z</time>
      </trkpt>
      <trkpt lat="34.23138" lon="-118.18961">
        <ele>897.96</ele>
        <time>2026-06-13T23:29:11Z</time>
      </trkpt>
      <trkpt lat="34.23139" lon="-118.18965">
        <ele>898.39</ele>
        <time>2026-06-13T23:29:14Z</time>
      </trkpt>
      <trkpt lat="34.23142" lon="-118.18968">
        <ele>897.74</ele>
        <time>2026-06-13T23:29:17Z</time>
      </trkpt>
      <trkpt lat="34.23144" lon="-118.18971">
        <ele>897.53</ele>
        <time>2026-06-13T23:29:19Z</time>
      </trkpt>
      <trkpt lat="34.23146" lon="-118.18974">
        <ele>897.31</ele>
        <time>2026-06-13T23:29:22Z</time>
      </trkpt>
      <trkpt lat="34.23147" lon="-118.18978">
        <ele>897.74</ele>
        <time>2026-06-13T23:29:25Z</time>
      </trkpt>
      <trkpt lat="34.23149" lon="-118.18982">
        <ele>897.74</ele>
        <time>2026-06-13T23:29:28Z</time>
      </trkpt>
      <trkpt lat="34.2315" lon="-118.18985">
        <ele>897.96</ele>
        <time>2026-06-13T23:29:31Z</time>
      </trkpt>
      <trkpt lat="34.23152" lon="-118.18989">
        <ele>897.96</ele>
        <time>2026-06-13T23:29:34Z</time>
      </trkpt>
      <trkpt lat="34.23153" lon="-118.18992">
        <ele>898.25</ele>
        <time>2026-06-13T23:29:37Z</time>
      </trkpt>
      <trkpt lat="34.23155" lon="-118.18995">
        <ele>898.3</ele>
        <time>2026-06-13T23:29:40Z</time>
      </trkpt>
      <trkpt lat="34.23156" lon="-118.18999">
        <ele>899.15</ele>
        <time>2026-06-13T23:29:43Z</time>
      </trkpt>
      <trkpt lat="34.23158" lon="-118.19002">
        <ele>899.46</ele>
        <time>2026-06-13T23:29:46Z</time>
      </trkpt>
      <trkpt lat="34.2316" lon="-118.19005">
        <ele>899.78</ele>
        <time>2026-06-13T23:29:49Z</time>
      </trkpt>
      <trkpt lat="34.23162" lon="-118.19009">
        <ele>900.43</ele>
        <time>2026-06-13T23:29:52Z</time>
      </trkpt>
      <trkpt lat="34.23164" lon="-118.19012">
        <ele>900.63</ele>
        <time>2026-06-13T23:29:55Z</time>
      </trkpt>
      <trkpt lat="34.23167" lon="-118.19013">
        <ele>899.7</ele>
        <time>2026-06-13T23:29:59Z</time>
      </trkpt>
      <trkpt lat="34.2317" lon="-118.19013">
        <ele>898.73</ele>
        <time>2026-06-13T23:30:03Z</time>
      </trkpt>
      <trkpt lat="34.23173" lon="-118.19014">
        <ele>897.97</ele>
        <time>2026-06-13T23:30:07Z</time>
      </trkpt>
      <trkpt lat="34.23175" lon="-118.19018">
        <ele>898.19</ele>
        <time>2026-06-13T23:30:10Z</time>
      </trkpt>
      <trkpt lat="34.23177" lon="-118.19021">
        <ele>898.07</ele>
        <time>2026-06-13T23:30:12Z</time>
      </trkpt>
      <trkpt lat="34.23178" lon="-118.19023">
        <ele>898.07</ele>
        <time>2026-06-13T23:30:14Z</time>
      </trkpt>
      <trkpt lat="34.2318" lon="-118.19027">
        <ele>898.07</ele>
        <time>2026-06-13T23:30:17Z</time>
      </trkpt>
      <trkpt lat="34.23182" lon="-118.19031">
        <ele>898.07</ele>
        <time>2026-06-13T23:30:20Z</time>
      </trkpt>
      <trkpt lat="34.23184" lon="-118.19035">
        <ele>898.07</ele>
        <time>2026-06-13T23:30:23Z</time>
      </trkpt>
      <trkpt lat="34.23186" lon="-118.19039">
        <ele>898.02</ele>
        <time>2026-06-13T23:30:26Z</time>
      </trkpt>
      <trkpt lat="34.23187" lon="-118.19043">
        <ele>898.56</ele>
        <time>2026-06-13T23:30:29Z</time>
      </trkpt>
      <trkpt lat="34.23189" lon="-118.19047">
        <ele>899.08</ele>
        <time>2026-06-13T23:30:32Z</time>
      </trkpt>
      <trkpt lat="34.23188" lon="-118.1905">
        <ele>900.84</ele>
        <time>2026-06-13T23:30:35Z</time>
      </trkpt>
      <trkpt lat="34.23189" lon="-118.19054">
        <ele>902.24</ele>
        <time>2026-06-13T23:30:38Z</time>
      </trkpt>
      <trkpt lat="34.2319" lon="-118.19057">
        <ele>903.56</ele>
        <time>2026-06-13T23:30:41Z</time>
      </trkpt>
      <trkpt lat="34.23192" lon="-118.19061">
        <ele>905.31</ele>
        <time>2026-06-13T23:30:44Z</time>
      </trkpt>
      <trkpt lat="34.23194" lon="-118.19064">
        <ele>905.84</ele>
        <time>2026-06-13T23:30:47Z</time>
      </trkpt>
      <trkpt lat="34.23197" lon="-118.19066">
        <ele>906.09</ele>
        <time>2026-06-13T23:30:50Z</time>
      </trkpt>
      <trkpt lat="34.232" lon="-118.19068">
        <ele>906.33</ele>
        <time>2026-06-13T23:30:53Z</time>
      </trkpt>
      <trkpt lat="34.23203" lon="-118.19068">
        <ele>905.03</ele>
        <time>2026-06-13T23:30:56Z</time>
      </trkpt>
      <trkpt lat="34.23206" lon="-118.19069">
        <ele>904.65</ele>
        <time>2026-06-13T23:30:59Z</time>
      </trkpt>
      <trkpt lat="34.23209" lon="-118.19072">
        <ele>905.29</ele>
        <time>2026-06-13T23:31:02Z</time>
      </trkpt>
      <trkpt lat="34.23211" lon="-118.19075">
        <ele>905.96</ele>
        <time>2026-06-13T23:31:05Z</time>
      </trkpt>
      <trkpt lat="34.23213" lon="-118.19079">
        <ele>906.58</ele>
        <time>2026-06-13T23:31:08Z</time>
      </trkpt>
      <trkpt lat="34.23215" lon="-118.19082">
        <ele>906.72</ele>
        <time>2026-06-13T23:31:11Z</time>
      </trkpt>
      <trkpt lat="34.23216" lon="-118.19087">
        <ele>907.35</ele>
        <time>2026-06-13T23:31:14Z</time>
      </trkpt>
      <trkpt lat="34.23215" lon="-118.1909">
        <ele>908.4</ele>
        <time>2026-06-13T23:31:16Z</time>
      </trkpt>
      <trkpt lat="34.23215" lon="-118.19094">
        <ele>909.09</ele>
        <time>2026-06-13T23:31:18Z</time>
      </trkpt>
      <trkpt lat="34.23215" lon="-118.19098">
        <ele>909.61</ele>
        <time>2026-06-13T23:31:21Z</time>
      </trkpt>
      <trkpt lat="34.23215" lon="-118.19103">
        <ele>910.24</ele>
        <time>2026-06-13T23:31:24Z</time>
      </trkpt>
      <trkpt lat="34.23216" lon="-118.19107">
        <ele>910.24</ele>
        <time>2026-06-13T23:31:27Z</time>
      </trkpt>
      <trkpt lat="34.23217" lon="-118.19111">
        <ele>910.24</ele>
        <time>2026-06-13T23:31:30Z</time>
      </trkpt>
      <trkpt lat="34.23218" lon="-118.19116">
        <ele>910.88</ele>
        <time>2026-06-13T23:31:33Z</time>
      </trkpt>
      <trkpt lat="34.23219" lon="-118.1912">
        <ele>911.31</ele>
        <time>2026-06-13T23:31:36Z</time>
      </trkpt>
      <trkpt lat="34.23221" lon="-118.19123">
        <ele>911.1</ele>
        <time>2026-06-13T23:31:39Z</time>
      </trkpt>
      <trkpt lat="34.23222" lon="-118.19127">
        <ele>911.53</ele>
        <time>2026-06-13T23:31:42Z</time>
      </trkpt>
      <trkpt lat="34.23224" lon="-118.1913">
        <ele>911.54</ele>
        <time>2026-06-13T23:31:45Z</time>
      </trkpt>
      <trkpt lat="34.23227" lon="-118.19132">
        <ele>911.09</ele>
        <time>2026-06-13T23:31:47Z</time>
      </trkpt>
      <trkpt lat="34.2323" lon="-118.19134">
        <ele>910.5</ele>
        <time>2026-06-13T23:31:49Z</time>
      </trkpt>
      <trkpt lat="34.23233" lon="-118.19136">
        <ele>909.88</ele>
        <time>2026-06-13T23:31:51Z</time>
      </trkpt>
      <trkpt lat="34.23235" lon="-118.19138">
        <ele>909.67</ele>
        <time>2026-06-13T23:31:53Z</time>
      </trkpt>
      <trkpt lat="34.23237" lon="-118.1914">
        <ele>909.5</ele>
        <time>2026-06-13T23:31:55Z</time>
      </trkpt>
      <trkpt lat="34.2324" lon="-118.19143">
        <ele>909.16</ele>
        <time>2026-06-13T23:31:58Z</time>
      </trkpt>
      <trkpt lat="34.23243" lon="-118.19146">
        <ele>908.8</ele>
        <time>2026-06-13T23:32:01Z</time>
      </trkpt>
      <trkpt lat="34.23245" lon="-118.19149">
        <ele>908.85</ele>
        <time>2026-06-13T23:32:04Z</time>
      </trkpt>
      <trkpt lat="34.23247" lon="-118.19152">
        <ele>908.94</ele>
        <time>2026-06-13T23:32:07Z</time>
      </trkpt>
      <trkpt lat="34.2325" lon="-118.19156">
        <ele>908.7</ele>
        <time>2026-06-13T23:32:10Z</time>
      </trkpt>
      <trkpt lat="34.2325" lon="-118.19159">
        <ele>909.17</ele>
        <time>2026-06-13T23:32:13Z</time>
      </trkpt>
      <trkpt lat="34.23251" lon="-118.19163">
        <ele>909.28</ele>
        <time>2026-06-13T23:32:16Z</time>
      </trkpt>
      <trkpt lat="34.23252" lon="-118.19166">
        <ele>909.28</ele>
        <time>2026-06-13T23:32:19Z</time>
      </trkpt>
      <trkpt lat="34.23253" lon="-118.1917">
        <ele>909.63</ele>
        <time>2026-06-13T23:32:22Z</time>
      </trkpt>
      <trkpt lat="34.23253" lon="-118.19174">
        <ele>910.36</ele>
        <time>2026-06-13T23:32:25Z</time>
      </trkpt>
      <trkpt lat="34.23253" lon="-118.19177">
        <ele>910.82</ele>
        <time>2026-06-13T23:32:28Z</time>
      </trkpt>
      <trkpt lat="34.23253" lon="-118.19181">
        <ele>911.25</ele>
        <time>2026-06-13T23:32:31Z</time>
      </trkpt>
      <trkpt lat="34.23252" lon="-118.19185">
        <ele>912.12</ele>
        <time>2026-06-13T23:32:34Z</time>
      </trkpt>
      <trkpt lat="34.23251" lon="-118.19189">
        <ele>912.94</ele>
        <time>2026-06-13T23:32:37Z</time>
      </trkpt>
      <trkpt lat="34.23249" lon="-118.19192">
        <ele>914.17</ele>
        <time>2026-06-13T23:32:40Z</time>
      </trkpt>
      <trkpt lat="34.23249" lon="-118.19196">
        <ele>914.6</ele>
        <time>2026-06-13T23:32:43Z</time>
      </trkpt>
      <trkpt lat="34.23248" lon="-118.192">
        <ele>915.46</ele>
        <time>2026-06-13T23:32:46Z</time>
      </trkpt>
      <trkpt lat="34.23248" lon="-118.19204">
        <ele>915.92</ele>
        <time>2026-06-13T23:32:49Z</time>
      </trkpt>
      <trkpt lat="34.23247" lon="-118.19208">
        <ele>917.07</ele>
        <time>2026-06-13T23:32:52Z</time>
      </trkpt>
      <trkpt lat="34.23247" lon="-118.19212">
        <ele>917.8</ele>
        <time>2026-06-13T23:32:55Z</time>
      </trkpt>
      <trkpt lat="34.23247" lon="-118.19216">
        <ele>918.3</ele>
        <time>2026-06-13T23:32:58Z</time>
      </trkpt>
      <trkpt lat="34.23246" lon="-118.1922">
        <ele>919.06</ele>
        <time>2026-06-13T23:33:01Z</time>
      </trkpt>
      <trkpt lat="34.23246" lon="-118.19224">
        <ele>919.41</ele>
        <time>2026-06-13T23:33:04Z</time>
      </trkpt>
      <trkpt lat="34.23245" lon="-118.19229">
        <ele>919.96</ele>
        <time>2026-06-13T23:33:07Z</time>
      </trkpt>
      <trkpt lat="34.23245" lon="-118.19233">
        <ele>920.24</ele>
        <time>2026-06-13T23:33:10Z</time>
      </trkpt>
      <trkpt lat="34.23245" lon="-118.19237">
        <ele>920.68</ele>
        <time>2026-06-13T23:33:13Z</time>
      </trkpt>
      <trkpt lat="34.23244" lon="-118.19241">
        <ele>921.3</ele>
        <time>2026-06-13T23:33:16Z</time>
      </trkpt>
      <trkpt lat="34.23244" lon="-118.19245">
        <ele>921.3</ele>
        <time>2026-06-13T23:33:19Z</time>
      </trkpt>
      <trkpt lat="34.23245" lon="-118.19249">
        <ele>921.08</ele>
        <time>2026-06-13T23:33:22Z</time>
      </trkpt>
      <trkpt lat="34.23247" lon="-118.19253">
        <ele>920.66</ele>
        <time>2026-06-13T23:33:25Z</time>
      </trkpt>
      <trkpt lat="34.23249" lon="-118.19256">
        <ele>920.65</ele>
        <time>2026-06-13T23:33:27Z</time>
      </trkpt>
      <trkpt lat="34.2325" lon="-118.1926">
        <ele>921.0</ele>
        <time>2026-06-13T23:33:30Z</time>
      </trkpt>
      <trkpt lat="34.23251" lon="-118.19264">
        <ele>920.95</ele>
        <time>2026-06-13T23:33:33Z</time>
      </trkpt>
      <trkpt lat="34.23252" lon="-118.19268">
        <ele>920.99</ele>
        <time>2026-06-13T23:33:36Z</time>
      </trkpt>
      <trkpt lat="34.23253" lon="-118.19272">
        <ele>920.87</ele>
        <time>2026-06-13T23:33:38Z</time>
      </trkpt>
      <trkpt lat="34.23254" lon="-118.19275">
        <ele>920.9</ele>
        <time>2026-06-13T23:33:40Z</time>
      </trkpt>
      <trkpt lat="34.23256" lon="-118.19278">
        <ele>921.26</ele>
        <time>2026-06-13T23:33:43Z</time>
      </trkpt>
      <trkpt lat="34.23257" lon="-118.19281">
        <ele>920.99</ele>
        <time>2026-06-13T23:33:46Z</time>
      </trkpt>
      <trkpt lat="34.23259" lon="-118.19284">
        <ele>921.23</ele>
        <time>2026-06-13T23:33:49Z</time>
      </trkpt>
      <trkpt lat="34.23261" lon="-118.19287">
        <ele>921.19</ele>
        <time>2026-06-13T23:33:52Z</time>
      </trkpt>
      <trkpt lat="34.23262" lon="-118.1929">
        <ele>920.62</ele>
        <time>2026-06-13T23:33:55Z</time>
      </trkpt>
      <trkpt lat="34.23264" lon="-118.19292">
        <ele>920.73</ele>
        <time>2026-06-13T23:33:58Z</time>
      </trkpt>
      <trkpt lat="34.23266" lon="-118.19295">
        <ele>921.03</ele>
        <time>2026-06-13T23:34:01Z</time>
      </trkpt>
      <trkpt lat="34.23268" lon="-118.19297">
        <ele>921.77</ele>
        <time>2026-06-13T23:34:04Z</time>
      </trkpt>
      <trkpt lat="34.2327" lon="-118.193">
        <ele>922.06</ele>
        <time>2026-06-13T23:34:07Z</time>
      </trkpt>
      <trkpt lat="34.23273" lon="-118.19303">
        <ele>922.35</ele>
        <time>2026-06-13T23:34:10Z</time>
      </trkpt>
      <trkpt lat="34.23275" lon="-118.19305">
        <ele>922.66</ele>
        <time>2026-06-13T23:34:13Z</time>
      </trkpt>
      <trkpt lat="34.23278" lon="-118.19308">
        <ele>923.5</ele>
        <time>2026-06-13T23:34:16Z</time>
      </trkpt>
      <trkpt lat="34.2328" lon="-118.1931">
        <ele>923.72</ele>
        <time>2026-06-13T23:34:19Z</time>
      </trkpt>
      <trkpt lat="34.23283" lon="-118.19312">
        <ele>923.83</ele>
        <time>2026-06-13T23:34:22Z</time>
      </trkpt>
      <trkpt lat="34.23285" lon="-118.19315">
        <ele>924.26</ele>
        <time>2026-06-13T23:34:25Z</time>
      </trkpt>
      <trkpt lat="34.23287" lon="-118.19317">
        <ele>924.48</ele>
        <time>2026-06-13T23:34:28Z</time>
      </trkpt>
      <trkpt lat="34.2329" lon="-118.1932">
        <ele>924.8</ele>
        <time>2026-06-13T23:34:31Z</time>
      </trkpt>
      <trkpt lat="34.23292" lon="-118.19322">
        <ele>925.02</ele>
        <time>2026-06-13T23:34:34Z</time>
      </trkpt>
      <trkpt lat="34.23294" lon="-118.19325">
        <ele>925.45</ele>
        <time>2026-06-13T23:34:37Z</time>
      </trkpt>
      <trkpt lat="34.23296" lon="-118.19327">
        <ele>925.66</ele>
        <time>2026-06-13T23:34:40Z</time>
      </trkpt>
      <trkpt lat="34.23299" lon="-118.1933">
        <ele>926.17</ele>
        <time>2026-06-13T23:34:43Z</time>
      </trkpt>
      <trkpt lat="34.23301" lon="-118.19333">
        <ele>926.91</ele>
        <time>2026-06-13T23:34:46Z</time>
      </trkpt>
      <trkpt lat="34.23303" lon="-118.19335">
        <ele>927.9</ele>
        <time>2026-06-13T23:34:49Z</time>
      </trkpt>
      <trkpt lat="34.23305" lon="-118.19338">
        <ele>929.52</ele>
        <time>2026-06-13T23:34:52Z</time>
      </trkpt>
      <trkpt lat="34.23307" lon="-118.19341">
        <ele>931.01</ele>
        <time>2026-06-13T23:34:55Z</time>
      </trkpt>
      <trkpt lat="34.2331" lon="-118.19343">
        <ele>931.7</ele>
        <time>2026-06-13T23:34:58Z</time>
      </trkpt>
      <trkpt lat="34.23312" lon="-118.19346">
        <ele>932.78</ele>
        <time>2026-06-13T23:35:01Z</time>
      </trkpt>
      <trkpt lat="34.23314" lon="-118.19348">
        <ele>933.42</ele>
        <time>2026-06-13T23:35:04Z</time>
      </trkpt>
      <trkpt lat="34.23317" lon="-118.19351">
        <ele>934.42</ele>
        <time>2026-06-13T23:35:07Z</time>
      </trkpt>
      <trkpt lat="34.2332" lon="-118.19352">
        <ele>934.5</ele>
        <time>2026-06-13T23:35:10Z</time>
      </trkpt>
      <trkpt lat="34.23323" lon="-118.19351">
        <ele>933.83</ele>
        <time>2026-06-13T23:35:12Z</time>
      </trkpt>
      <trkpt lat="34.23326" lon="-118.19351">
        <ele>933.72</ele>
        <time>2026-06-13T23:35:14Z</time>
      </trkpt>
      <trkpt lat="34.2333" lon="-118.19351">
        <ele>933.72</ele>
        <time>2026-06-13T23:35:17Z</time>
      </trkpt>
      <trkpt lat="34.23333" lon="-118.19351">
        <ele>933.72</ele>
        <time>2026-06-13T23:35:20Z</time>
      </trkpt>
      <trkpt lat="34.23336" lon="-118.19352">
        <ele>933.76</ele>
        <time>2026-06-13T23:35:23Z</time>
      </trkpt>
      <trkpt lat="34.23339" lon="-118.19353">
        <ele>933.68</ele>
        <time>2026-06-13T23:35:26Z</time>
      </trkpt>
      <trkpt lat="34.23342" lon="-118.19354">
        <ele>933.54</ele>
        <time>2026-06-13T23:35:29Z</time>
      </trkpt>
      <trkpt lat="34.23345" lon="-118.19355">
        <ele>932.9</ele>
        <time>2026-06-13T23:35:32Z</time>
      </trkpt>
      <trkpt lat="34.23348" lon="-118.19357">
        <ele>932.36</ele>
        <time>2026-06-13T23:35:35Z</time>
      </trkpt>
      <trkpt lat="34.2335" lon="-118.1936">
        <ele>932.36</ele>
        <time>2026-06-13T23:35:38Z</time>
      </trkpt>
      <trkpt lat="34.23352" lon="-118.19363">
        <ele>932.34</ele>
        <time>2026-06-13T23:35:40Z</time>
      </trkpt>
      <trkpt lat="34.23353" lon="-118.19367">
        <ele>932.78</ele>
        <time>2026-06-13T23:35:43Z</time>
      </trkpt>
      <trkpt lat="34.23355" lon="-118.19371">
        <ele>932.78</ele>
        <time>2026-06-13T23:35:46Z</time>
      </trkpt>
      <trkpt lat="34.23356" lon="-118.19374">
        <ele>932.99</ele>
        <time>2026-06-13T23:35:49Z</time>
      </trkpt>
      <trkpt lat="34.23357" lon="-118.19378">
        <ele>933.42</ele>
        <time>2026-06-13T23:35:52Z</time>
      </trkpt>
      <trkpt lat="34.23359" lon="-118.19382">
        <ele>933.37</ele>
        <time>2026-06-13T23:35:55Z</time>
      </trkpt>
      <trkpt lat="34.2336" lon="-118.19385">
        <ele>933.57</ele>
        <time>2026-06-13T23:35:58Z</time>
      </trkpt>
      <trkpt lat="34.23361" lon="-118.19389">
        <ele>934.06</ele>
        <time>2026-06-13T23:36:01Z</time>
      </trkpt>
      <trkpt lat="34.23362" lon="-118.19392">
        <ele>934.22</ele>
        <time>2026-06-13T23:36:04Z</time>
      </trkpt>
      <trkpt lat="34.23363" lon="-118.19396">
        <ele>934.67</ele>
        <time>2026-06-13T23:36:07Z</time>
      </trkpt>
      <trkpt lat="34.23365" lon="-118.19399">
        <ele>934.6</ele>
        <time>2026-06-13T23:36:10Z</time>
      </trkpt>
      <trkpt lat="34.23366" lon="-118.19403">
        <ele>935.46</ele>
        <time>2026-06-13T23:36:13Z</time>
      </trkpt>
      <trkpt lat="34.23367" lon="-118.19407">
        <ele>936.32</ele>
        <time>2026-06-13T23:36:16Z</time>
      </trkpt>
      <trkpt lat="34.23369" lon="-118.1941">
        <ele>936.75</ele>
        <time>2026-06-13T23:36:19Z</time>
      </trkpt>
      <trkpt lat="34.2337" lon="-118.19414">
        <ele>938.04</ele>
        <time>2026-06-13T23:36:22Z</time>
      </trkpt>
      <trkpt lat="34.23372" lon="-118.19417">
        <ele>938.27</ele>
        <time>2026-06-13T23:36:25Z</time>
      </trkpt>
      <trkpt lat="34.23374" lon="-118.19421">
        <ele>939.1</ele>
        <time>2026-06-13T23:36:28Z</time>
      </trkpt>
      <trkpt lat="34.23375" lon="-118.19424">
        <ele>940.06</ele>
        <time>2026-06-13T23:36:31Z</time>
      </trkpt>
      <trkpt lat="34.23376" lon="-118.19428">
        <ele>941.24</ele>
        <time>2026-06-13T23:36:34Z</time>
      </trkpt>
      <trkpt lat="34.23378" lon="-118.19431">
        <ele>941.35</ele>
        <time>2026-06-13T23:36:37Z</time>
      </trkpt>
      <trkpt lat="34.23379" lon="-118.19435">
        <ele>942.21</ele>
        <time>2026-06-13T23:36:40Z</time>
      </trkpt>
      <trkpt lat="34.23381" lon="-118.19438">
        <ele>942.02</ele>
        <time>2026-06-13T23:36:43Z</time>
      </trkpt>
      <trkpt lat="34.23381" lon="-118.19442">
        <ele>942.88</ele>
        <time>2026-06-13T23:36:46Z</time>
      </trkpt>
      <trkpt lat="34.23381" lon="-118.19445">
        <ele>943.48</ele>
        <time>2026-06-13T23:36:49Z</time>
      </trkpt>
      <trkpt lat="34.23382" lon="-118.19449">
        <ele>943.59</ele>
        <time>2026-06-13T23:36:52Z</time>
      </trkpt>
      <trkpt lat="34.23383" lon="-118.19452">
        <ele>943.66</ele>
        <time>2026-06-13T23:36:55Z</time>
      </trkpt>
      <trkpt lat="34.23385" lon="-118.19456">
        <ele>943.76</ele>
        <time>2026-06-13T23:36:58Z</time>
      </trkpt>
      <trkpt lat="34.23386" lon="-118.19459">
        <ele>944.08</ele>
        <time>2026-06-13T23:37:01Z</time>
      </trkpt>
      <trkpt lat="34.23387" lon="-118.19463">
        <ele>944.62</ele>
        <time>2026-06-13T23:37:04Z</time>
      </trkpt>
      <trkpt lat="34.23388" lon="-118.19466">
        <ele>944.62</ele>
        <time>2026-06-13T23:37:07Z</time>
      </trkpt>
      <trkpt lat="34.23388" lon="-118.1947">
        <ele>945.05</ele>
        <time>2026-06-13T23:37:10Z</time>
      </trkpt>
      <trkpt lat="34.23389" lon="-118.19473">
        <ele>945.01</ele>
        <time>2026-06-13T23:37:13Z</time>
      </trkpt>
      <trkpt lat="34.2339" lon="-118.19477">
        <ele>945.12</ele>
        <time>2026-06-13T23:37:16Z</time>
      </trkpt>
      <trkpt lat="34.23391" lon="-118.1948">
        <ele>945.23</ele>
        <time>2026-06-13T23:37:19Z</time>
      </trkpt>
      <trkpt lat="34.23392" lon="-118.19484">
        <ele>945.34</ele>
        <time>2026-06-13T23:37:22Z</time>
      </trkpt>
      <trkpt lat="34.23393" lon="-118.19487">
        <ele>945.44</ele>
        <time>2026-06-13T23:37:25Z</time>
      </trkpt>
      <trkpt lat="34.23394" lon="-118.19491">
        <ele>945.56</ele>
        <time>2026-06-13T23:37:28Z</time>
      </trkpt>
      <trkpt lat="34.23395" lon="-118.19494">
        <ele>945.78</ele>
        <time>2026-06-13T23:37:31Z</time>
      </trkpt>
      <trkpt lat="34.23396" lon="-118.19498">
        <ele>945.95</ele>
        <time>2026-06-13T23:37:34Z</time>
      </trkpt>
      <trkpt lat="34.23397" lon="-118.19501">
        <ele>946.03</ele>
        <time>2026-06-13T23:37:37Z</time>
      </trkpt>
      <trkpt lat="34.23398" lon="-118.19505">
        <ele>946.02</ele>
        <time>2026-06-13T23:37:40Z</time>
      </trkpt>
      <trkpt lat="34.23399" lon="-118.19508">
        <ele>946.09</ele>
        <time>2026-06-13T23:37:43Z</time>
      </trkpt>
      <trkpt lat="34.234" lon="-118.19512">
        <ele>946.73</ele>
        <time>2026-06-13T23:37:47Z</time>
      </trkpt>
      <trkpt lat="34.23401" lon="-118.19516">
        <ele>947.54</ele>
        <time>2026-06-13T23:37:51Z</time>
      </trkpt>
      <trkpt lat="34.23401" lon="-118.19512">
        <ele>946.81</ele>
        <time>2026-06-13T23:37:54Z</time>
      </trkpt>
      <trkpt lat="34.23401" lon="-118.19507">
        <ele>946.31</ele>
        <time>2026-06-13T23:37:56Z</time>
      </trkpt>
      <trkpt lat="34.23402" lon="-118.19503">
        <ele>946.42</ele>
        <time>2026-06-13T23:37:59Z</time>
      </trkpt>
      <trkpt lat="34.23399" lon="-118.19501">
        <ele>946.09</ele>
        <time>2026-06-13T23:38:15Z</time>
      </trkpt>
      <trkpt lat="34.23396" lon="-118.19499">
        <ele>945.97</ele>
        <time>2026-06-13T23:38:20Z</time>
      </trkpt>
      <trkpt lat="34.23399" lon="-118.19505">
        <ele>946.09</ele>
        <time>2026-06-13T23:38:34Z</time>
      </trkpt>
      <trkpt lat="34.23401" lon="-118.19512">
        <ele>946.81</ele>
        <time>2026-06-13T23:38:37Z</time>
      </trkpt>
      <trkpt lat="34.23404" lon="-118.19516">
        <ele>947.63</ele>
        <time>2026-06-13T23:38:41Z</time>
      </trkpt>
      <trkpt lat="34.23408" lon="-118.19518">
        <ele>947.95</ele>
        <time>2026-06-13T23:38:44Z</time>
      </trkpt>
      <trkpt lat="34.23412" lon="-118.19519">
        <ele>948.1</ele>
        <time>2026-06-13T23:38:46Z</time>
      </trkpt>
      <trkpt lat="34.23416" lon="-118.1952">
        <ele>948.32</ele>
        <time>2026-06-13T23:38:48Z</time>
      </trkpt>
      <trkpt lat="34.23421" lon="-118.1952">
        <ele>949.57</ele>
        <time>2026-06-13T23:38:51Z</time>
      </trkpt>
      <trkpt lat="34.23425" lon="-118.19517">
        <ele>951.01</ele>
        <time>2026-06-13T23:38:54Z</time>
      </trkpt>
      <trkpt lat="34.23427" lon="-118.19514">
        <ele>952.62</ele>
        <time>2026-06-13T23:38:56Z</time>
      </trkpt>
      <trkpt lat="34.23428" lon="-118.1951">
        <ele>953.98</ele>
        <time>2026-06-13T23:38:58Z</time>
      </trkpt>
      <trkpt lat="34.2343" lon="-118.19507">
        <ele>955.55</ele>
        <time>2026-06-13T23:39:00Z</time>
      </trkpt>
      <trkpt lat="34.2343" lon="-118.19503">
        <ele>956.17</ele>
        <time>2026-06-13T23:39:02Z</time>
      </trkpt>
      <trkpt lat="34.2343" lon="-118.19499">
        <ele>956.75</ele>
        <time>2026-06-13T23:39:04Z</time>
      </trkpt>
      <trkpt lat="34.2343" lon="-118.19496">
        <ele>957.07</ele>
        <time>2026-06-13T23:39:06Z</time>
      </trkpt>
      <trkpt lat="34.23429" lon="-118.19493">
        <ele>956.75</ele>
        <time>2026-06-13T23:39:08Z</time>
      </trkpt>
      <trkpt lat="34.23428" lon="-118.19488">
        <ele>956.87</ele>
        <time>2026-06-13T23:39:11Z</time>
      </trkpt>
      <trkpt lat="34.23427" lon="-118.19484">
        <ele>957.07</ele>
        <time>2026-06-13T23:39:14Z</time>
      </trkpt>
      <trkpt lat="34.23426" lon="-118.1948">
        <ele>957.2</ele>
        <time>2026-06-13T23:39:17Z</time>
      </trkpt>
      <trkpt lat="34.23426" lon="-118.19476">
        <ele>957.63</ele>
        <time>2026-06-13T23:39:20Z</time>
      </trkpt>
      <trkpt lat="34.23425" lon="-118.19472">
        <ele>957.5</ele>
        <time>2026-06-13T23:39:23Z</time>
      </trkpt>
      <trkpt lat="34.23425" lon="-118.19468">
        <ele>957.55</ele>
        <time>2026-06-13T23:39:26Z</time>
      </trkpt>
      <trkpt lat="34.23424" lon="-118.19464">
        <ele>957.14</ele>
        <time>2026-06-13T23:39:29Z</time>
      </trkpt>
      <trkpt lat="34.23423" lon="-118.19459">
        <ele>957.16</ele>
        <time>2026-06-13T23:39:32Z</time>
      </trkpt>
      <trkpt lat="34.23423" lon="-118.19455">
        <ele>957.6</ele>
        <time>2026-06-13T23:39:35Z</time>
      </trkpt>
      <trkpt lat="34.23422" lon="-118.19451">
        <ele>957.3</ele>
        <time>2026-06-13T23:39:38Z</time>
      </trkpt>
      <trkpt lat="34.23422" lon="-118.19448">
        <ele>957.3</ele>
        <time>2026-06-13T23:39:41Z</time>
      </trkpt>
      <trkpt lat="34.23421" lon="-118.19444">
        <ele>956.87</ele>
        <time>2026-06-13T23:39:44Z</time>
      </trkpt>
      <trkpt lat="34.23421" lon="-118.19439">
        <ele>956.87</ele>
        <time>2026-06-13T23:39:47Z</time>
      </trkpt>
      <trkpt lat="34.23422" lon="-118.19435">
        <ele>957.3</ele>
        <time>2026-06-13T23:39:50Z</time>
      </trkpt>
      <trkpt lat="34.23424" lon="-118.19431">
        <ele>958.17</ele>
        <time>2026-06-13T23:39:53Z</time>
      </trkpt>
      <trkpt lat="34.23425" lon="-118.19427">
        <ele>958.6</ele>
        <time>2026-06-13T23:39:56Z</time>
      </trkpt>
      <trkpt lat="34.23425" lon="-118.19423">
        <ele>958.32</ele>
        <time>2026-06-13T23:39:59Z</time>
      </trkpt>
      <trkpt lat="34.23426" lon="-118.19419">
        <ele>958.29</ele>
        <time>2026-06-13T23:40:02Z</time>
      </trkpt>
      <trkpt lat="34.23427" lon="-118.19414">
        <ele>958.26</ele>
        <time>2026-06-13T23:40:05Z</time>
      </trkpt>
      <trkpt lat="34.23427" lon="-118.1941">
        <ele>957.78</ele>
        <time>2026-06-13T23:40:08Z</time>
      </trkpt>
      <trkpt lat="34.23427" lon="-118.19406">
        <ele>957.45</ele>
        <time>2026-06-13T23:40:11Z</time>
      </trkpt>
      <trkpt lat="34.23428" lon="-118.19401">
        <ele>957.74</ele>
        <time>2026-06-13T23:40:14Z</time>
      </trkpt>
      <trkpt lat="34.23428" lon="-118.19397">
        <ele>957.67</ele>
        <time>2026-06-13T23:40:17Z</time>
      </trkpt>
      <trkpt lat="34.23429" lon="-118.19393">
        <ele>958.0</ele>
        <time>2026-06-13T23:40:20Z</time>
      </trkpt>
      <trkpt lat="34.23429" lon="-118.19388">
        <ele>957.93</ele>
        <time>2026-06-13T23:40:23Z</time>
      </trkpt>
      <trkpt lat="34.23429" lon="-118.19384">
        <ele>957.64</ele>
        <time>2026-06-13T23:40:26Z</time>
      </trkpt>
      <trkpt lat="34.23429" lon="-118.19379">
        <ele>957.33</ele>
        <time>2026-06-13T23:40:29Z</time>
      </trkpt>
      <trkpt lat="34.23429" lon="-118.19376">
        <ele>957.33</ele>
        <time>2026-06-13T23:40:31Z</time>
      </trkpt>
      <trkpt lat="34.23429" lon="-118.19371">
        <ele>957.33</ele>
        <time>2026-06-13T23:40:34Z</time>
      </trkpt>
      <trkpt lat="34.2343" lon="-118.19367">
        <ele>957.4</ele>
        <time>2026-06-13T23:40:37Z</time>
      </trkpt>
      <trkpt lat="34.2343" lon="-118.19362">
        <ele>956.86</ele>
        <time>2026-06-13T23:40:40Z</time>
      </trkpt>
      <trkpt lat="34.23431" lon="-118.19358">
        <ele>956.67</ele>
        <time>2026-06-13T23:40:43Z</time>
      </trkpt>
      <trkpt lat="34.23433" lon="-118.19355">
        <ele>956.89</ele>
        <time>2026-06-13T23:40:45Z</time>
      </trkpt>
      <trkpt lat="34.23434" lon="-118.19352">
        <ele>956.65</ele>
        <time>2026-06-13T23:40:47Z</time>
      </trkpt>
      <trkpt lat="34.23436" lon="-118.1935">
        <ele>956.85</ele>
        <time>2026-06-13T23:40:49Z</time>
      </trkpt>
      <trkpt lat="34.23439" lon="-118.19348">
        <ele>957.23</ele>
        <time>2026-06-13T23:40:52Z</time>
      </trkpt>
      <trkpt lat="34.23443" lon="-118.19347">
        <ele>958.04</ele>
        <time>2026-06-13T23:40:55Z</time>
      </trkpt>
      <trkpt lat="34.23445" lon="-118.19345">
        <ele>958.04</ele>
        <time>2026-06-13T23:40:58Z</time>
      </trkpt>
      <trkpt lat="34.23448" lon="-118.19342">
        <ele>958.38</ele>
        <time>2026-06-13T23:41:01Z</time>
      </trkpt>
      <trkpt lat="34.2345" lon="-118.19339">
        <ele>958.39</ele>
        <time>2026-06-13T23:41:04Z</time>
      </trkpt>
      <trkpt lat="34.23453" lon="-118.19336">
        <ele>958.61</ele>
        <time>2026-06-13T23:41:07Z</time>
      </trkpt>
      <trkpt lat="34.23455" lon="-118.19333">
        <ele>958.66</ele>
        <time>2026-06-13T23:41:10Z</time>
      </trkpt>
      <trkpt lat="34.23457" lon="-118.19329">
        <ele>959.15</ele>
        <time>2026-06-13T23:41:13Z</time>
      </trkpt>
      <trkpt lat="34.23459" lon="-118.19326">
        <ele>959.61</ele>
        <time>2026-06-13T23:41:16Z</time>
      </trkpt>
      <trkpt lat="34.2346" lon="-118.19322">
        <ele>959.65</ele>
        <time>2026-06-13T23:41:19Z</time>
      </trkpt>
      <trkpt lat="34.2346" lon="-118.19318">
        <ele>959.51</ele>
        <time>2026-06-13T23:41:21Z</time>
      </trkpt>
      <trkpt lat="34.23459" lon="-118.19313">
        <ele>958.75</ele>
        <time>2026-06-13T23:41:23Z</time>
      </trkpt>
      <trkpt lat="34.23459" lon="-118.19309">
        <ele>958.5</ele>
        <time>2026-06-13T23:41:25Z</time>
      </trkpt>
      <trkpt lat="34.23459" lon="-118.19306">
        <ele>958.32</ele>
        <time>2026-06-13T23:41:27Z</time>
      </trkpt>
      <trkpt lat="34.2346" lon="-118.19303">
        <ele>958.53</ele>
        <time>2026-06-13T23:41:29Z</time>
      </trkpt>
      <trkpt lat="34.2346" lon="-118.19298">
        <ele>958.17</ele>
        <time>2026-06-13T23:41:32Z</time>
      </trkpt>
      <trkpt lat="34.23462" lon="-118.19295">
        <ele>958.55</ele>
        <time>2026-06-13T23:41:36Z</time>
      </trkpt>
      <trkpt lat="34.23464" lon="-118.19291">
        <ele>958.94</ele>
        <time>2026-06-13T23:41:40Z</time>
      </trkpt>
      <trkpt lat="34.23465" lon="-118.19288">
        <ele>959.18</ele>
        <time>2026-06-13T23:41:43Z</time>
      </trkpt>
      <trkpt lat="34.23467" lon="-118.19285">
        <ele>959.96</ele>
        <time>2026-06-13T23:41:46Z</time>
      </trkpt>
      <trkpt lat="34.2347" lon="-118.19283">
        <ele>961.36</ele>
        <time>2026-06-13T23:41:49Z</time>
      </trkpt>
      <trkpt lat="34.23473" lon="-118.19281">
        <ele>962.68</ele>
        <time>2026-06-13T23:41:51Z</time>
      </trkpt>
      <trkpt lat="34.23476" lon="-118.19279">
        <ele>963.76</ele>
        <time>2026-06-13T23:41:53Z</time>
      </trkpt>
      <trkpt lat="34.23478" lon="-118.19278">
        <ele>964.52</ele>
        <time>2026-06-13T23:41:55Z</time>
      </trkpt>
      <trkpt lat="34.23481" lon="-118.19276">
        <ele>965.58</ele>
        <time>2026-06-13T23:41:58Z</time>
      </trkpt>
      <trkpt lat="34.23485" lon="-118.19275">
        <ele>966.84</ele>
        <time>2026-06-13T23:42:01Z</time>
      </trkpt>
      <trkpt lat="34.23488" lon="-118.19275">
        <ele>967.81</ele>
        <time>2026-06-13T23:42:04Z</time>
      </trkpt>
      <trkpt lat="34.23492" lon="-118.19274">
        <ele>968.46</ele>
        <time>2026-06-13T23:42:07Z</time>
      </trkpt>
      <trkpt lat="34.23495" lon="-118.19275">
        <ele>968.24</ele>
        <time>2026-06-13T23:42:10Z</time>
      </trkpt>
      <trkpt lat="34.23499" lon="-118.19277">
        <ele>968.02</ele>
        <time>2026-06-13T23:42:13Z</time>
      </trkpt>
      <trkpt lat="34.23501" lon="-118.19279">
        <ele>967.69</ele>
        <time>2026-06-13T23:42:15Z</time>
      </trkpt>
      <trkpt lat="34.23503" lon="-118.19282">
        <ele>967.18</ele>
        <time>2026-06-13T23:42:17Z</time>
      </trkpt>
      <trkpt lat="34.23504" lon="-118.19286">
        <ele>967.09</ele>
        <time>2026-06-13T23:42:20Z</time>
      </trkpt>
      <trkpt lat="34.23504" lon="-118.1929">
        <ele>967.32</ele>
        <time>2026-06-13T23:42:23Z</time>
      </trkpt>
      <trkpt lat="34.23505" lon="-118.19294">
        <ele>967.27</ele>
        <time>2026-06-13T23:42:26Z</time>
      </trkpt>
      <trkpt lat="34.23505" lon="-118.19298">
        <ele>967.48</ele>
        <time>2026-06-13T23:42:29Z</time>
      </trkpt>
      <trkpt lat="34.23505" lon="-118.19303">
        <ele>967.77</ele>
        <time>2026-06-13T23:42:32Z</time>
      </trkpt>
      <trkpt lat="34.23505" lon="-118.19307">
        <ele>967.99</ele>
        <time>2026-06-13T23:42:35Z</time>
      </trkpt>
      <trkpt lat="34.23504" lon="-118.19311">
        <ele>968.47</ele>
        <time>2026-06-13T23:42:38Z</time>
      </trkpt>
      <trkpt lat="34.23504" lon="-118.19315">
        <ele>968.7</ele>
        <time>2026-06-13T23:42:41Z</time>
      </trkpt>
      <trkpt lat="34.23503" lon="-118.19319">
        <ele>969.03</ele>
        <time>2026-06-13T23:42:44Z</time>
      </trkpt>
      <trkpt lat="34.23503" lon="-118.19323">
        <ele>969.03</ele>
        <time>2026-06-13T23:42:47Z</time>
      </trkpt>
      <trkpt lat="34.23502" lon="-118.19327">
        <ele>969.6</ele>
        <time>2026-06-13T23:42:50Z</time>
      </trkpt>
      <trkpt lat="34.23502" lon="-118.19331">
        <ele>969.94</ele>
        <time>2026-06-13T23:42:53Z</time>
      </trkpt>
      <trkpt lat="34.235" lon="-118.19335">
        <ele>971.0</ele>
        <time>2026-06-13T23:42:56Z</time>
      </trkpt>
      <trkpt lat="34.23498" lon="-118.19339">
        <ele>971.78</ele>
        <time>2026-06-13T23:42:59Z</time>
      </trkpt>
      <trkpt lat="34.23496" lon="-118.19343">
        <ele>972.7</ele>
        <time>2026-06-13T23:43:02Z</time>
      </trkpt>
      <trkpt lat="34.23495" lon="-118.19347">
        <ele>972.94</ele>
        <time>2026-06-13T23:43:05Z</time>
      </trkpt>
      <trkpt lat="34.23493" lon="-118.19351">
        <ele>973.8</ele>
        <time>2026-06-13T23:43:08Z</time>
      </trkpt>
      <trkpt lat="34.23492" lon="-118.19355">
        <ele>974.32</ele>
        <time>2026-06-13T23:43:11Z</time>
      </trkpt>
      <trkpt lat="34.23491" lon="-118.19358">
        <ele>974.86</ele>
        <time>2026-06-13T23:43:14Z</time>
      </trkpt>
      <trkpt lat="34.2349" lon="-118.19362">
        <ele>975.32</ele>
        <time>2026-06-13T23:43:17Z</time>
      </trkpt>
      <trkpt lat="34.23488" lon="-118.19366">
        <ele>976.18</ele>
        <time>2026-06-13T23:43:20Z</time>
      </trkpt>
      <trkpt lat="34.23487" lon="-118.1937">
        <ele>976.62</ele>
        <time>2026-06-13T23:43:23Z</time>
      </trkpt>
      <trkpt lat="34.23487" lon="-118.19373">
        <ele>976.9</ele>
        <time>2026-06-13T23:43:26Z</time>
      </trkpt>
      <trkpt lat="34.23486" lon="-118.19377">
        <ele>977.76</ele>
        <time>2026-06-13T23:43:29Z</time>
      </trkpt>
      <trkpt lat="34.23486" lon="-118.19381">
        <ele>978.2</ele>
        <time>2026-06-13T23:43:32Z</time>
      </trkpt>
      <trkpt lat="34.23485" lon="-118.19385">
        <ele>979.06</ele>
        <time>2026-06-13T23:43:35Z</time>
      </trkpt>
      <trkpt lat="34.23485" lon="-118.19389">
        <ele>979.49</ele>
        <time>2026-06-13T23:43:38Z</time>
      </trkpt>
      <trkpt lat="34.23484" lon="-118.19394">
        <ele>980.46</ele>
        <time>2026-06-13T23:43:41Z</time>
      </trkpt>
      <trkpt lat="34.23484" lon="-118.19398">
        <ele>980.9</ele>
        <time>2026-06-13T23:43:44Z</time>
      </trkpt>
      <trkpt lat="34.23483" lon="-118.19402">
        <ele>981.69</ele>
        <time>2026-06-13T23:43:47Z</time>
      </trkpt>
      <trkpt lat="34.23483" lon="-118.19406">
        <ele>982.05</ele>
        <time>2026-06-13T23:43:50Z</time>
      </trkpt>
      <trkpt lat="34.23482" lon="-118.1941">
        <ele>982.72</ele>
        <time>2026-06-13T23:43:53Z</time>
      </trkpt>
      <trkpt lat="34.23482" lon="-118.19414">
        <ele>982.72</ele>
        <time>2026-06-13T23:43:56Z</time>
      </trkpt>
      <trkpt lat="34.23481" lon="-118.19418">
        <ele>982.77</ele>
        <time>2026-06-13T23:43:59Z</time>
      </trkpt>
      <trkpt lat="34.23481" lon="-118.19422">
        <ele>981.93</ele>
        <time>2026-06-13T23:44:02Z</time>
      </trkpt>
      <trkpt lat="34.2348" lon="-118.19426">
        <ele>981.31</ele>
        <time>2026-06-13T23:44:05Z</time>
      </trkpt>
      <trkpt lat="34.23479" lon="-118.1943">
        <ele>980.77</ele>
        <time>2026-06-13T23:44:08Z</time>
      </trkpt>
      <trkpt lat="34.23477" lon="-118.19432">
        <ele>980.97</ele>
        <time>2026-06-13T23:44:10Z</time>
      </trkpt>
      <trkpt lat="34.23475" lon="-118.19435">
        <ele>981.13</ele>
        <time>2026-06-13T23:44:12Z</time>
      </trkpt>
      <trkpt lat="34.23473" lon="-118.19438">
        <ele>981.42</ele>
        <time>2026-06-13T23:44:14Z</time>
      </trkpt>
      <trkpt lat="34.23471" lon="-118.19442">
        <ele>981.4</ele>
        <time>2026-06-13T23:44:17Z</time>
      </trkpt>
      <trkpt lat="34.23469" lon="-118.19445">
        <ele>981.35</ele>
        <time>2026-06-13T23:44:20Z</time>
      </trkpt>
      <trkpt lat="34.23467" lon="-118.19449">
        <ele>981.56</ele>
        <time>2026-06-13T23:44:23Z</time>
      </trkpt>
      <trkpt lat="34.23465" lon="-118.19453">
        <ele>981.78</ele>
        <time>2026-06-13T23:44:26Z</time>
      </trkpt>
      <trkpt lat="34.23464" lon="-118.19457">
        <ele>981.93</ele>
        <time>2026-06-13T23:44:29Z</time>
      </trkpt>
      <trkpt lat="34.23463" lon="-118.19461">
        <ele>982.0</ele>
        <time>2026-06-13T23:44:32Z</time>
      </trkpt>
      <trkpt lat="34.23462" lon="-118.19466">
        <ele>981.55</ele>
        <time>2026-06-13T23:44:35Z</time>
      </trkpt>
      <trkpt lat="34.23463" lon="-118.1947">
        <ele>982.01</ele>
        <time>2026-06-13T23:44:38Z</time>
      </trkpt>
      <trkpt lat="34.23465" lon="-118.19473">
        <ele>982.52</ele>
        <time>2026-06-13T23:44:40Z</time>
      </trkpt>
      <trkpt lat="34.23468" lon="-118.19476">
        <ele>983.5</ele>
        <time>2026-06-13T23:44:42Z</time>
      </trkpt>
      <trkpt lat="34.23471" lon="-118.19478">
        <ele>984.36</ele>
        <time>2026-06-13T23:44:44Z</time>
      </trkpt>
      <trkpt lat="34.23472" lon="-118.19481">
        <ele>984.9</ele>
        <time>2026-06-13T23:44:46Z</time>
      </trkpt>
      <trkpt lat="34.23474" lon="-118.19483">
        <ele>984.94</ele>
        <time>2026-06-13T23:44:48Z</time>
      </trkpt>
      <trkpt lat="34.23476" lon="-118.19486">
        <ele>985.16</ele>
        <time>2026-06-13T23:44:50Z</time>
      </trkpt>
      <trkpt lat="34.23478" lon="-118.19488">
        <ele>985.16</ele>
        <time>2026-06-13T23:44:52Z</time>
      </trkpt>
      <trkpt lat="34.2348" lon="-118.19491">
        <ele>985.38</ele>
        <time>2026-06-13T23:44:54Z</time>
      </trkpt>
      <trkpt lat="34.23482" lon="-118.19494">
        <ele>985.59</ele>
        <time>2026-06-13T23:44:57Z</time>
      </trkpt>
      <trkpt lat="34.23485" lon="-118.19494">
        <ele>984.94</ele>
        <time>2026-06-13T23:45:01Z</time>
      </trkpt>
      <trkpt lat="34.23487" lon="-118.19495">
        <ele>984.73</ele>
        <time>2026-06-13T23:45:05Z</time>
      </trkpt>
      <trkpt lat="34.23489" lon="-118.19498">
        <ele>984.94</ele>
        <time>2026-06-13T23:45:08Z</time>
      </trkpt>
      <trkpt lat="34.2349" lon="-118.19502">
        <ele>985.39</ele>
        <time>2026-06-13T23:45:11Z</time>
      </trkpt>
      <trkpt lat="34.23491" lon="-118.19505">
        <ele>985.46</ele>
        <time>2026-06-13T23:45:14Z</time>
      </trkpt>
      <trkpt lat="34.23492" lon="-118.19509">
        <ele>985.56</ele>
        <time>2026-06-13T23:45:17Z</time>
      </trkpt>
      <trkpt lat="34.23494" lon="-118.19514">
        <ele>985.46</ele>
        <time>2026-06-13T23:45:20Z</time>
      </trkpt>
      <trkpt lat="34.23495" lon="-118.19517">
        <ele>985.46</ele>
        <time>2026-06-13T23:45:23Z</time>
      </trkpt>
      <trkpt lat="34.23496" lon="-118.19521">
        <ele>985.56</ele>
        <time>2026-06-13T23:45:26Z</time>
      </trkpt>
      <trkpt lat="34.23497" lon="-118.19525">
        <ele>985.67</ele>
        <time>2026-06-13T23:45:29Z</time>
      </trkpt>
      <trkpt lat="34.23497" lon="-118.19529">
        <ele>985.97</ele>
        <time>2026-06-13T23:45:32Z</time>
      </trkpt>
      <trkpt lat="34.23497" lon="-118.19532">
        <ele>985.97</ele>
        <time>2026-06-13T23:45:35Z</time>
      </trkpt>
      <trkpt lat="34.23495" lon="-118.19535">
        <ele>986.62</ele>
        <time>2026-06-13T23:45:37Z</time>
      </trkpt>
      <trkpt lat="34.23493" lon="-118.19538">
        <ele>987.35</ele>
        <time>2026-06-13T23:45:39Z</time>
      </trkpt>
      <trkpt lat="34.23491" lon="-118.19542">
        <ele>988.44</ele>
        <time>2026-06-13T23:45:42Z</time>
      </trkpt>
      <trkpt lat="34.23489" lon="-118.19546">
        <ele>989.53</ele>
        <time>2026-06-13T23:45:45Z</time>
      </trkpt>
      <trkpt lat="34.23488" lon="-118.1955">
        <ele>990.17</ele>
        <time>2026-06-13T23:45:48Z</time>
      </trkpt>
      <trkpt lat="34.23487" lon="-118.19554">
        <ele>990.71</ele>
        <time>2026-06-13T23:45:51Z</time>
      </trkpt>
      <trkpt lat="34.23486" lon="-118.19558">
        <ele>990.9</ele>
        <time>2026-06-13T23:45:54Z</time>
      </trkpt>
      <trkpt lat="34.23484" lon="-118.19562">
        <ele>991.27</ele>
        <time>2026-06-13T23:45:57Z</time>
      </trkpt>
      <trkpt lat="34.23483" lon="-118.19566">
        <ele>991.4</ele>
        <time>2026-06-13T23:46:00Z</time>
      </trkpt>
      <trkpt lat="34.23482" lon="-118.1957">
        <ele>991.3</ele>
        <time>2026-06-13T23:46:03Z</time>
      </trkpt>
      <trkpt lat="34.2348" lon="-118.19574">
        <ele>991.17</ele>
        <time>2026-06-13T23:46:06Z</time>
      </trkpt>
      <trkpt lat="34.23479" lon="-118.19578">
        <ele>991.27</ele>
        <time>2026-06-13T23:46:09Z</time>
      </trkpt>
      <trkpt lat="34.23478" lon="-118.19582">
        <ele>991.38</ele>
        <time>2026-06-13T23:46:12Z</time>
      </trkpt>
      <trkpt lat="34.23477" lon="-118.19586">
        <ele>991.48</ele>
        <time>2026-06-13T23:46:15Z</time>
      </trkpt>
      <trkpt lat="34.23476" lon="-118.1959">
        <ele>991.59</ele>
        <time>2026-06-13T23:46:18Z</time>
      </trkpt>
      <trkpt lat="34.23475" lon="-118.19594">
        <ele>991.7</ele>
        <time>2026-06-13T23:46:21Z</time>
      </trkpt>
      <trkpt lat="34.23474" lon="-118.19598">
        <ele>991.81</ele>
        <time>2026-06-13T23:46:24Z</time>
      </trkpt>
      <trkpt lat="34.23473" lon="-118.19601">
        <ele>991.92</ele>
        <time>2026-06-13T23:46:27Z</time>
      </trkpt>
      <trkpt lat="34.23469" lon="-118.196">
        <ele>991.65</ele>
        <time>2026-06-13T23:46:31Z</time>
      </trkpt>
      <trkpt lat="34.23467" lon="-118.19603">
        <ele>991.54</ele>
        <time>2026-06-13T23:46:36Z</time>
      </trkpt>
      <trkpt lat="34.23466" lon="-118.19607">
        <ele>991.69</ele>
        <time>2026-06-13T23:46:40Z</time>
      </trkpt>
      <trkpt lat="34.23465" lon="-118.1961">
        <ele>991.61</ele>
        <time>2026-06-13T23:46:43Z</time>
      </trkpt>
      <trkpt lat="34.23463" lon="-118.19614">
        <ele>991.32</ele>
        <time>2026-06-13T23:46:46Z</time>
      </trkpt>
      <trkpt lat="34.23461" lon="-118.19617">
        <ele>991.0</ele>
        <time>2026-06-13T23:46:49Z</time>
      </trkpt>
      <trkpt lat="34.23458" lon="-118.19621">
        <ele>990.49</ele>
        <time>2026-06-13T23:46:52Z</time>
      </trkpt>
      <trkpt lat="34.23455" lon="-118.19623">
        <ele>989.74</ele>
        <time>2026-06-13T23:46:54Z</time>
      </trkpt>
      <trkpt lat="34.23453" lon="-118.19625">
        <ele>989.31</ele>
        <time>2026-06-13T23:46:56Z</time>
      </trkpt>
      <trkpt lat="34.2345" lon="-118.19627">
        <ele>988.63</ele>
        <time>2026-06-13T23:46:58Z</time>
      </trkpt>
      <trkpt lat="34.23447" lon="-118.19629">
        <ele>987.81</ele>
        <time>2026-06-13T23:47:00Z</time>
      </trkpt>
      <trkpt lat="34.23444" lon="-118.19629">
        <ele>986.95</ele>
        <time>2026-06-13T23:47:03Z</time>
      </trkpt>
      <trkpt lat="34.2344" lon="-118.19628">
        <ele>986.44</ele>
        <time>2026-06-13T23:47:06Z</time>
      </trkpt>
      <trkpt lat="34.23437" lon="-118.19629">
        <ele>986.14</ele>
        <time>2026-06-13T23:47:09Z</time>
      </trkpt>
      <trkpt lat="34.23433" lon="-118.1963">
        <ele>985.76</ele>
        <time>2026-06-13T23:47:12Z</time>
      </trkpt>
      <trkpt lat="34.2343" lon="-118.19631">
        <ele>985.44</ele>
        <time>2026-06-13T23:47:15Z</time>
      </trkpt>
      <trkpt lat="34.23427" lon="-118.19632">
        <ele>985.12</ele>
        <time>2026-06-13T23:47:18Z</time>
      </trkpt>
      <trkpt lat="34.23423" lon="-118.19634">
        <ele>984.83</ele>
        <time>2026-06-13T23:47:21Z</time>
      </trkpt>
      <trkpt lat="34.2342" lon="-118.19635">
        <ele>984.73</ele>
        <time>2026-06-13T23:47:24Z</time>
      </trkpt>
      <trkpt lat="34.23416" lon="-118.19637">
        <ele>984.72</ele>
        <time>2026-06-13T23:47:27Z</time>
      </trkpt>
      <trkpt lat="34.23413" lon="-118.19638">
        <ele>984.51</ele>
        <time>2026-06-13T23:47:30Z</time>
      </trkpt>
      <trkpt lat="34.23409" lon="-118.19639">
        <ele>984.18</ele>
        <time>2026-06-13T23:47:33Z</time>
      </trkpt>
      <trkpt lat="34.23406" lon="-118.19641">
        <ele>984.35</ele>
        <time>2026-06-13T23:47:36Z</time>
      </trkpt>
      <trkpt lat="34.23403" lon="-118.19643">
        <ele>984.71</ele>
        <time>2026-06-13T23:47:39Z</time>
      </trkpt>
      <trkpt lat="34.234" lon="-118.19646">
        <ele>984.95</ele>
        <time>2026-06-13T23:47:42Z</time>
      </trkpt>
      <trkpt lat="34.23397" lon="-118.19648">
        <ele>985.12</ele>
        <time>2026-06-13T23:47:45Z</time>
      </trkpt>
      <trkpt lat="34.23395" lon="-118.19651">
        <ele>985.24</ele>
        <time>2026-06-13T23:47:47Z</time>
      </trkpt>
      <trkpt lat="34.23393" lon="-118.19655">
        <ele>985.14</ele>
        <time>2026-06-13T23:47:49Z</time>
      </trkpt>
      <trkpt lat="34.23391" lon="-118.19658">
        <ele>985.0</ele>
        <time>2026-06-13T23:47:51Z</time>
      </trkpt>
      <trkpt lat="34.23389" lon="-118.19661">
        <ele>985.0</ele>
        <time>2026-06-13T23:47:53Z</time>
      </trkpt>
      <trkpt lat="34.23388" lon="-118.19664">
        <ele>985.03</ele>
        <time>2026-06-13T23:47:55Z</time>
      </trkpt>
      <trkpt lat="34.23388" lon="-118.19668">
        <ele>984.87</ele>
        <time>2026-06-13T23:47:58Z</time>
      </trkpt>
      <trkpt lat="34.23388" lon="-118.19672">
        <ele>984.48</ele>
        <time>2026-06-13T23:48:01Z</time>
      </trkpt>
      <trkpt lat="34.23386" lon="-118.19675">
        <ele>984.38</ele>
        <time>2026-06-13T23:48:04Z</time>
      </trkpt>
      <trkpt lat="34.23384" lon="-118.19679">
        <ele>984.35</ele>
        <time>2026-06-13T23:48:07Z</time>
      </trkpt>
      <trkpt lat="34.23382" lon="-118.19682">
        <ele>984.26</ele>
        <time>2026-06-13T23:48:10Z</time>
      </trkpt>
      <trkpt lat="34.23379" lon="-118.19685">
        <ele>984.02</ele>
        <time>2026-06-13T23:48:13Z</time>
      </trkpt>
      <trkpt lat="34.23377" lon="-118.19689">
        <ele>983.71</ele>
        <time>2026-06-13T23:48:16Z</time>
      </trkpt>
      <trkpt lat="34.23374" lon="-118.19692">
        <ele>983.71</ele>
        <time>2026-06-13T23:48:19Z</time>
      </trkpt>
      <trkpt lat="34.23371" lon="-118.19695">
        <ele>983.88</ele>
        <time>2026-06-13T23:48:22Z</time>
      </trkpt>
      <trkpt lat="34.23369" lon="-118.19698">
        <ele>983.67</ele>
        <time>2026-06-13T23:48:25Z</time>
      </trkpt>
      <trkpt lat="34.23366" lon="-118.19701">
        <ele>983.63</ele>
        <time>2026-06-13T23:48:28Z</time>
      </trkpt>
      <trkpt lat="34.23362" lon="-118.19703">
        <ele>983.91</ele>
        <time>2026-06-13T23:48:31Z</time>
      </trkpt>
      <trkpt lat="34.23359" lon="-118.19704">
        <ele>984.22</ele>
        <time>2026-06-13T23:48:33Z</time>
      </trkpt>
      <trkpt lat="34.23357" lon="-118.19705">
        <ele>984.38</ele>
        <time>2026-06-13T23:48:35Z</time>
      </trkpt>
      <trkpt lat="34.23353" lon="-118.19707">
        <ele>984.56</ele>
        <time>2026-06-13T23:48:38Z</time>
      </trkpt>
      <trkpt lat="34.2335" lon="-118.1971">
        <ele>984.46</ele>
        <time>2026-06-13T23:48:41Z</time>
      </trkpt>
      <trkpt lat="34.23347" lon="-118.19713">
        <ele>984.52</ele>
        <time>2026-06-13T23:48:44Z</time>
      </trkpt>
      <trkpt lat="34.23345" lon="-118.19716">
        <ele>984.74</ele>
        <time>2026-06-13T23:48:47Z</time>
      </trkpt>
      <trkpt lat="34.23343" lon="-118.19719">
        <ele>984.96</ele>
        <time>2026-06-13T23:48:50Z</time>
      </trkpt>
      <trkpt lat="34.2334" lon="-118.19722">
        <ele>985.28</ele>
        <time>2026-06-13T23:48:53Z</time>
      </trkpt>
      <trkpt lat="34.23338" lon="-118.19725">
        <ele>985.5</ele>
        <time>2026-06-13T23:48:56Z</time>
      </trkpt>
      <trkpt lat="34.23336" lon="-118.19728">
        <ele>985.71</ele>
        <time>2026-06-13T23:48:59Z</time>
      </trkpt>
      <trkpt lat="34.23333" lon="-118.19731">
        <ele>986.04</ele>
        <time>2026-06-13T23:49:02Z</time>
      </trkpt>
      <trkpt lat="34.23331" lon="-118.19734">
        <ele>986.25</ele>
        <time>2026-06-13T23:49:05Z</time>
      </trkpt>
      <trkpt lat="34.23328" lon="-118.19737">
        <ele>986.58</ele>
        <time>2026-06-13T23:49:08Z</time>
      </trkpt>
      <trkpt lat="34.23325" lon="-118.19739">
        <ele>986.9</ele>
        <time>2026-06-13T23:49:11Z</time>
      </trkpt>
      <trkpt lat="34.23323" lon="-118.19742">
        <ele>987.25</ele>
        <time>2026-06-13T23:49:14Z</time>
      </trkpt>
      <trkpt lat="34.2332" lon="-118.19744">
        <ele>987.79</ele>
        <time>2026-06-13T23:49:17Z</time>
      </trkpt>
      <trkpt lat="34.23317" lon="-118.19747">
        <ele>988.44</ele>
        <time>2026-06-13T23:49:20Z</time>
      </trkpt>
      <trkpt lat="34.23314" lon="-118.19749">
        <ele>988.9</ele>
        <time>2026-06-13T23:49:23Z</time>
      </trkpt>
      <trkpt lat="34.23312" lon="-118.19752">
        <ele>989.07</ele>
        <time>2026-06-13T23:49:26Z</time>
      </trkpt>
      <trkpt lat="34.23309" lon="-118.19755">
        <ele>989.34</ele>
        <time>2026-06-13T23:49:29Z</time>
      </trkpt>
      <trkpt lat="34.23307" lon="-118.19757">
        <ele>989.64</ele>
        <time>2026-06-13T23:49:32Z</time>
      </trkpt>
      <trkpt lat="34.23305" lon="-118.1976">
        <ele>990.14</ele>
        <time>2026-06-13T23:49:35Z</time>
      </trkpt>
      <trkpt lat="34.23302" lon="-118.19762">
        <ele>990.57</ele>
        <time>2026-06-13T23:49:38Z</time>
      </trkpt>
      <trkpt lat="34.233" lon="-118.19764">
        <ele>990.8</ele>
        <time>2026-06-13T23:49:41Z</time>
      </trkpt>
      <trkpt lat="34.23297" lon="-118.19766">
        <ele>990.98</ele>
        <time>2026-06-13T23:49:44Z</time>
      </trkpt>
      <trkpt lat="34.23295" lon="-118.19769">
        <ele>991.04</ele>
        <time>2026-06-13T23:49:47Z</time>
      </trkpt>
      <trkpt lat="34.23293" lon="-118.19771">
        <ele>991.17</ele>
        <time>2026-06-13T23:49:50Z</time>
      </trkpt>
      <trkpt lat="34.23291" lon="-118.19774">
        <ele>991.25</ele>
        <time>2026-06-13T23:49:53Z</time>
      </trkpt>
      <trkpt lat="34.23289" lon="-118.19776">
        <ele>991.17</ele>
        <time>2026-06-13T23:49:56Z</time>
      </trkpt>
      <trkpt lat="34.23286" lon="-118.19778">
        <ele>990.86</ele>
        <time>2026-06-13T23:49:59Z</time>
      </trkpt>
      <trkpt lat="34.23283" lon="-118.19777">
        <ele>990.6</ele>
        <time>2026-06-13T23:50:03Z</time>
      </trkpt>
      <trkpt lat="34.23281" lon="-118.19774">
        <ele>990.61</ele>
        <time>2026-06-13T23:50:06Z</time>
      </trkpt>
      <trkpt lat="34.23278" lon="-118.19772">
        <ele>990.63</ele>
        <time>2026-06-13T23:50:09Z</time>
      </trkpt>
      <trkpt lat="34.23276" lon="-118.1977">
        <ele>990.43</ele>
        <time>2026-06-13T23:50:12Z</time>
      </trkpt>
      <trkpt lat="34.23273" lon="-118.19767">
        <ele>990.14</ele>
        <time>2026-06-13T23:50:15Z</time>
      </trkpt>
      <trkpt lat="34.23271" lon="-118.19765">
        <ele>990.09</ele>
        <time>2026-06-13T23:50:18Z</time>
      </trkpt>
      <trkpt lat="34.23268" lon="-118.19762">
        <ele>990.28</ele>
        <time>2026-06-13T23:50:21Z</time>
      </trkpt>
      <trkpt lat="34.23266" lon="-118.19759">
        <ele>990.49</ele>
        <time>2026-06-13T23:50:24Z</time>
      </trkpt>
      <trkpt lat="34.23264" lon="-118.19756">
        <ele>990.55</ele>
        <time>2026-06-13T23:50:27Z</time>
      </trkpt>
      <trkpt lat="34.23263" lon="-118.19753">
        <ele>990.89</ele>
        <time>2026-06-13T23:50:30Z</time>
      </trkpt>
      <trkpt lat="34.23266" lon="-118.1975">
        <ele>991.73</ele>
        <time>2026-06-13T23:50:33Z</time>
      </trkpt>
      <trkpt lat="34.23269" lon="-118.19748">
        <ele>992.42</ele>
        <time>2026-06-13T23:50:35Z</time>
      </trkpt>
      <trkpt lat="34.2327" lon="-118.19745">
        <ele>992.99</ele>
        <time>2026-06-13T23:50:38Z</time>
      </trkpt>
      <trkpt lat="34.23271" lon="-118.19741">
        <ele>993.68</ele>
        <time>2026-06-13T23:50:42Z</time>
      </trkpt>
      <trkpt lat="34.23273" lon="-118.19738">
        <ele>993.81</ele>
        <time>2026-06-13T23:50:47Z</time>
      </trkpt>
      <trkpt lat="34.23274" lon="-118.19742">
        <ele>993.22</ele>
        <time>2026-06-13T23:50:56Z</time>
      </trkpt>
      <trkpt lat="34.23276" lon="-118.19737">
        <ele>993.6</ele>
        <time>2026-06-13T23:56:07Z</time>
      </trkpt>
      <trkpt lat="34.23281" lon="-118.19735">
        <ele>993.06</ele>
        <time>2026-06-13T23:56:48Z</time>
      </trkpt>
      <trkpt lat="34.23288" lon="-118.19731">
        <ele>991.74</ele>
        <time>2026-06-13T23:58:23Z</time>
      </trkpt>
      <trkpt lat="34.23281" lon="-118.19734">
        <ele>993.13</ele>
        <time>2026-06-14T00:22:11Z</time>
      </trkpt>
      <trkpt lat="34.23275" lon="-118.1974">
        <ele>993.38</ele>
        <time>2026-06-14T00:22:13Z</time>
      </trkpt>
      <trkpt lat="34.2327" lon="-118.19746">
        <ele>992.79</ele>
        <time>2026-06-14T00:22:16Z</time>
      </trkpt>
      <trkpt lat="34.23268" lon="-118.19752">
        <ele>991.72</ele>
        <time>2026-06-14T00:22:20Z</time>
      </trkpt>
      <trkpt lat="34.23268" lon="-118.19758">
        <ele>991.03</ele>
        <time>2026-06-14T00:22:24Z</time>
      </trkpt>
      <trkpt lat="34.23269" lon="-118.19764">
        <ele>990.03</ele>
        <time>2026-06-14T00:22:28Z</time>
      </trkpt>
      <trkpt lat="34.2327" lon="-118.19769">
        <ele>989.22</ele>
        <time>2026-06-14T00:22:32Z</time>
      </trkpt>
      <trkpt lat="34.23272" lon="-118.19773">
        <ele>988.97</ele>
        <time>2026-06-14T00:22:36Z</time>
      </trkpt>
      <trkpt lat="34.23275" lon="-118.19776">
        <ele>989.35</ele>
        <time>2026-06-14T00:22:39Z</time>
      </trkpt>
      <trkpt lat="34.23282" lon="-118.19777">
        <ele>990.5</ele>
        <time>2026-06-14T00:22:41Z</time>
      </trkpt>
      <trkpt lat="34.23285" lon="-118.19776">
        <ele>990.82</ele>
        <time>2026-06-14T00:22:42Z</time>
      </trkpt>
      <trkpt lat="34.23289" lon="-118.19775">
        <ele>991.15</ele>
        <time>2026-06-14T00:22:44Z</time>
      </trkpt>
      <trkpt lat="34.23287" lon="-118.19772">
        <ele>991.0</ele>
        <time>2026-06-14T00:22:53Z</time>
      </trkpt>
      <trkpt lat="34.23284" lon="-118.19772">
        <ele>990.88</ele>
        <time>2026-06-14T00:22:58Z</time>
      </trkpt>
      <trkpt lat="34.23287" lon="-118.19771">
        <ele>991.0</ele>
        <time>2026-06-14T00:23:18Z</time>
      </trkpt>
      <trkpt lat="34.23291" lon="-118.1977">
        <ele>991.07</ele>
        <time>2026-06-14T00:23:20Z</time>
      </trkpt>
      <trkpt lat="34.23294" lon="-118.19768">
        <ele>991.0</ele>
        <time>2026-06-14T00:23:22Z</time>
      </trkpt>
      <trkpt lat="34.23297" lon="-118.19764">
        <ele>990.96</ele>
        <time>2026-06-14T00:23:24Z</time>
      </trkpt>
      <trkpt lat="34.23299" lon="-118.19762">
        <ele>990.79</ele>
        <time>2026-06-14T00:23:26Z</time>
      </trkpt>
      <trkpt lat="34.23301" lon="-118.19759">
        <ele>990.48</ele>
        <time>2026-06-14T00:23:28Z</time>
      </trkpt>
      <trkpt lat="34.23303" lon="-118.19756">
        <ele>990.02</ele>
        <time>2026-06-14T00:23:30Z</time>
      </trkpt>
      <trkpt lat="34.23305" lon="-118.19753">
        <ele>989.42</ele>
        <time>2026-06-14T00:23:32Z</time>
      </trkpt>
      <trkpt lat="34.23307" lon="-118.19751">
        <ele>989.09</ele>
        <time>2026-06-14T00:23:34Z</time>
      </trkpt>
      <trkpt lat="34.23309" lon="-118.19748">
        <ele>988.92</ele>
        <time>2026-06-14T00:23:36Z</time>
      </trkpt>
      <trkpt lat="34.23311" lon="-118.19745">
        <ele>988.68</ele>
        <time>2026-06-14T00:23:39Z</time>
      </trkpt>
      <trkpt lat="34.23314" lon="-118.19742">
        <ele>988.21</ele>
        <time>2026-06-14T00:23:42Z</time>
      </trkpt>
      <trkpt lat="34.23317" lon="-118.19739">
        <ele>987.76</ele>
        <time>2026-06-14T00:23:45Z</time>
      </trkpt>
      <trkpt lat="34.2332" lon="-118.19736">
        <ele>987.44</ele>
        <time>2026-06-14T00:23:48Z</time>
      </trkpt>
      <trkpt lat="34.23323" lon="-118.19733">
        <ele>987.12</ele>
        <time>2026-06-14T00:23:51Z</time>
      </trkpt>
      <trkpt lat="34.23326" lon="-118.1973">
        <ele>986.79</ele>
        <time>2026-06-14T00:23:54Z</time>
      </trkpt>
      <trkpt lat="34.23329" lon="-118.19728">
        <ele>986.47</ele>
        <time>2026-06-14T00:23:57Z</time>
      </trkpt>
      <trkpt lat="34.23332" lon="-118.19725">
        <ele>986.14</ele>
        <time>2026-06-14T00:24:00Z</time>
      </trkpt>
      <trkpt lat="34.23335" lon="-118.19722">
        <ele>985.82</ele>
        <time>2026-06-14T00:24:03Z</time>
      </trkpt>
      <trkpt lat="34.23338" lon="-118.19719">
        <ele>985.5</ele>
        <time>2026-06-14T00:24:06Z</time>
      </trkpt>
      <trkpt lat="34.23341" lon="-118.19716">
        <ele>985.17</ele>
        <time>2026-06-14T00:24:09Z</time>
      </trkpt>
      <trkpt lat="34.23344" lon="-118.19713">
        <ele>984.85</ele>
        <time>2026-06-14T00:24:12Z</time>
      </trkpt>
      <trkpt lat="34.23347" lon="-118.1971">
        <ele>984.68</ele>
        <time>2026-06-14T00:24:15Z</time>
      </trkpt>
      <trkpt lat="34.23349" lon="-118.19707">
        <ele>984.75</ele>
        <time>2026-06-14T00:24:18Z</time>
      </trkpt>
      <trkpt lat="34.23352" lon="-118.19704">
        <ele>984.95</ele>
        <time>2026-06-14T00:24:21Z</time>
      </trkpt>
      <trkpt lat="34.23355" lon="-118.19702">
        <ele>984.66</ele>
        <time>2026-06-14T00:24:24Z</time>
      </trkpt>
      <trkpt lat="34.23358" lon="-118.19699">
        <ele>984.34</ele>
        <time>2026-06-14T00:24:27Z</time>
      </trkpt>
      <trkpt lat="34.23361" lon="-118.19696">
        <ele>984.01</ele>
        <time>2026-06-14T00:24:30Z</time>
      </trkpt>
      <trkpt lat="34.23364" lon="-118.19693">
        <ele>984.11</ele>
        <time>2026-06-14T00:24:33Z</time>
      </trkpt>
      <trkpt lat="34.23367" lon="-118.19691">
        <ele>984.14</ele>
        <time>2026-06-14T00:24:36Z</time>
      </trkpt>
      <trkpt lat="34.2337" lon="-118.19688">
        <ele>984.03</ele>
        <time>2026-06-14T00:24:39Z</time>
      </trkpt>
      <trkpt lat="34.23373" lon="-118.19685">
        <ele>984.02</ele>
        <time>2026-06-14T00:24:42Z</time>
      </trkpt>
      <trkpt lat="34.23376" lon="-118.19682">
        <ele>984.34</ele>
        <time>2026-06-14T00:24:45Z</time>
      </trkpt>
      <trkpt lat="34.23379" lon="-118.19679">
        <ele>984.67</ele>
        <time>2026-06-14T00:24:48Z</time>
      </trkpt>
      <trkpt lat="34.23382" lon="-118.19677">
        <ele>984.66</ele>
        <time>2026-06-14T00:24:51Z</time>
      </trkpt>
      <trkpt lat="34.23385" lon="-118.19674">
        <ele>984.54</ele>
        <time>2026-06-14T00:24:54Z</time>
      </trkpt>
      <trkpt lat="34.23388" lon="-118.19671">
        <ele>984.58</ele>
        <time>2026-06-14T00:24:57Z</time>
      </trkpt>
      <trkpt lat="34.2339" lon="-118.19668">
        <ele>984.86</ele>
        <time>2026-06-14T00:25:00Z</time>
      </trkpt>
      <trkpt lat="34.23392" lon="-118.19664">
        <ele>985.0</ele>
        <time>2026-06-14T00:25:03Z</time>
      </trkpt>
      <trkpt lat="34.23393" lon="-118.19661">
        <ele>985.0</ele>
        <time>2026-06-14T00:25:06Z</time>
      </trkpt>
      <trkpt lat="34.23395" lon="-118.19658">
        <ele>985.0</ele>
        <time>2026-06-14T00:25:09Z</time>
      </trkpt>
      <trkpt lat="34.23397" lon="-118.19655">
        <ele>985.03</ele>
        <time>2026-06-14T00:25:12Z</time>
      </trkpt>
      <trkpt lat="34.23398" lon="-118.19652">
        <ele>985.01</ele>
        <time>2026-06-14T00:25:15Z</time>
      </trkpt>
      <trkpt lat="34.234" lon="-118.19649">
        <ele>985.0</ele>
        <time>2026-06-14T00:25:18Z</time>
      </trkpt>
      <trkpt lat="34.23402" lon="-118.19646">
        <ele>984.9</ele>
        <time>2026-06-14T00:25:21Z</time>
      </trkpt>
      <trkpt lat="34.23405" lon="-118.19643">
        <ele>984.59</ele>
        <time>2026-06-14T00:25:24Z</time>
      </trkpt>
      <trkpt lat="34.23407" lon="-118.19639">
        <ele>984.06</ele>
        <time>2026-06-14T00:25:27Z</time>
      </trkpt>
      <trkpt lat="34.23411" lon="-118.19637">
        <ele>984.18</ele>
        <time>2026-06-14T00:25:30Z</time>
      </trkpt>
      <trkpt lat="34.23414" lon="-118.19636">
        <ele>984.4</ele>
        <time>2026-06-14T00:25:32Z</time>
      </trkpt>
      <trkpt lat="34.23417" lon="-118.19635">
        <ele>984.6</ele>
        <time>2026-06-14T00:25:34Z</time>
      </trkpt>
      <trkpt lat="34.2342" lon="-118.19634">
        <ele>984.66</ele>
        <time>2026-06-14T00:25:37Z</time>
      </trkpt>
      <trkpt lat="34.23424" lon="-118.19634">
        <ele>984.89</ele>
        <time>2026-06-14T00:25:40Z</time>
      </trkpt>
      <trkpt lat="34.23427" lon="-118.19632">
        <ele>985.12</ele>
        <time>2026-06-14T00:25:43Z</time>
      </trkpt>
      <trkpt lat="34.23431" lon="-118.19631">
        <ele>985.55</ele>
        <time>2026-06-14T00:25:46Z</time>
      </trkpt>
      <trkpt lat="34.23434" lon="-118.1963">
        <ele>985.87</ele>
        <time>2026-06-14T00:25:49Z</time>
      </trkpt>
      <trkpt lat="34.23437" lon="-118.19629">
        <ele>986.14</ele>
        <time>2026-06-14T00:25:52Z</time>
      </trkpt>
      <trkpt lat="34.23441" lon="-118.19627">
        <ele>986.52</ele>
        <time>2026-06-14T00:25:55Z</time>
      </trkpt>
      <trkpt lat="34.23444" lon="-118.19626">
        <ele>986.93</ele>
        <time>2026-06-14T00:25:58Z</time>
      </trkpt>
      <trkpt lat="34.23447" lon="-118.19625">
        <ele>987.69</ele>
        <time>2026-06-14T00:26:01Z</time>
      </trkpt>
      <trkpt lat="34.2345" lon="-118.19623">
        <ele>988.37</ele>
        <time>2026-06-14T00:26:04Z</time>
      </trkpt>
      <trkpt lat="34.23453" lon="-118.19622">
        <ele>989.01</ele>
        <time>2026-06-14T00:26:07Z</time>
      </trkpt>
      <trkpt lat="34.23456" lon="-118.1962">
        <ele>989.7</ele>
        <time>2026-06-14T00:26:10Z</time>
      </trkpt>
      <trkpt lat="34.23459" lon="-118.19618">
        <ele>990.46</ele>
        <time>2026-06-14T00:26:14Z</time>
      </trkpt>
      <trkpt lat="34.2346" lon="-118.19616">
        <ele>990.57</ele>
        <time>2026-06-14T00:26:19Z</time>
      </trkpt>
      <trkpt lat="34.23462" lon="-118.19613">
        <ele>990.89</ele>
        <time>2026-06-14T00:26:23Z</time>
      </trkpt>
      <trkpt lat="34.23465" lon="-118.1961">
        <ele>991.61</ele>
        <time>2026-06-14T00:26:27Z</time>
      </trkpt>
      <trkpt lat="34.23467" lon="-118.19607">
        <ele>991.92</ele>
        <time>2026-06-14T00:26:30Z</time>
      </trkpt>
      <trkpt lat="34.23468" lon="-118.19604">
        <ele>991.8</ele>
        <time>2026-06-14T00:26:33Z</time>
      </trkpt>
      <trkpt lat="34.2347" lon="-118.196">
        <ele>991.76</ele>
        <time>2026-06-14T00:26:37Z</time>
      </trkpt>
      <trkpt lat="34.23471" lon="-118.19597">
        <ele>991.87</ele>
        <time>2026-06-14T00:26:41Z</time>
      </trkpt>
      <trkpt lat="34.23473" lon="-118.19595">
        <ele>991.92</ele>
        <time>2026-06-14T00:26:45Z</time>
      </trkpt>
      <trkpt lat="34.23476" lon="-118.19594">
        <ele>991.59</ele>
        <time>2026-06-14T00:26:49Z</time>
      </trkpt>
      <trkpt lat="34.23478" lon="-118.19591">
        <ele>991.38</ele>
        <time>2026-06-14T00:26:53Z</time>
      </trkpt>
      <trkpt lat="34.2348" lon="-118.19587">
        <ele>991.16</ele>
        <time>2026-06-14T00:26:57Z</time>
      </trkpt>
      <trkpt lat="34.23481" lon="-118.19584">
        <ele>991.05</ele>
        <time>2026-06-14T00:27:01Z</time>
      </trkpt>
      <trkpt lat="34.23482" lon="-118.1958">
        <ele>990.85</ele>
        <time>2026-06-14T00:27:04Z</time>
      </trkpt>
      <trkpt lat="34.23481" lon="-118.19576">
        <ele>991.05</ele>
        <time>2026-06-14T00:27:07Z</time>
      </trkpt>
      <trkpt lat="34.23481" lon="-118.19572">
        <ele>991.28</ele>
        <time>2026-06-14T00:27:09Z</time>
      </trkpt>
      <trkpt lat="34.2348" lon="-118.19568">
        <ele>991.82</ele>
        <time>2026-06-14T00:27:12Z</time>
      </trkpt>
      <trkpt lat="34.23481" lon="-118.19565">
        <ele>992.03</ele>
        <time>2026-06-14T00:27:15Z</time>
      </trkpt>
      <trkpt lat="34.23481" lon="-118.19561">
        <ele>992.03</ele>
        <time>2026-06-14T00:27:18Z</time>
      </trkpt>
      <trkpt lat="34.23482" lon="-118.19557">
        <ele>991.88</ele>
        <time>2026-06-14T00:27:21Z</time>
      </trkpt>
      <trkpt lat="34.23483" lon="-118.19554">
        <ele>991.64</ele>
        <time>2026-06-14T00:27:24Z</time>
      </trkpt>
      <trkpt lat="34.23484" lon="-118.19551">
        <ele>991.32</ele>
        <time>2026-06-14T00:27:27Z</time>
      </trkpt>
      <trkpt lat="34.23485" lon="-118.19548">
        <ele>990.93</ele>
        <time>2026-06-14T00:27:30Z</time>
      </trkpt>
      <trkpt lat="34.23486" lon="-118.19545">
        <ele>990.4</ele>
        <time>2026-06-14T00:27:33Z</time>
      </trkpt>
      <trkpt lat="34.23488" lon="-118.19541">
        <ele>989.32</ele>
        <time>2026-06-14T00:27:37Z</time>
      </trkpt>
      <trkpt lat="34.23489" lon="-118.19538">
        <ele>988.67</ele>
        <time>2026-06-14T00:27:40Z</time>
      </trkpt>
      <trkpt lat="34.2349" lon="-118.19535">
        <ele>988.24</ele>
        <time>2026-06-14T00:27:43Z</time>
      </trkpt>
      <trkpt lat="34.23491" lon="-118.19532">
        <ele>987.92</ele>
        <time>2026-06-14T00:27:46Z</time>
      </trkpt>
      <trkpt lat="34.23492" lon="-118.19529">
        <ele>987.59</ele>
        <time>2026-06-14T00:27:49Z</time>
      </trkpt>
      <trkpt lat="34.23492" lon="-118.19525">
        <ele>987.29</ele>
        <time>2026-06-14T00:27:52Z</time>
      </trkpt>
      <trkpt lat="34.23493" lon="-118.19521">
        <ele>986.54</ele>
        <time>2026-06-14T00:27:56Z</time>
      </trkpt>
      <trkpt lat="34.23493" lon="-118.19517">
        <ele>986.1</ele>
        <time>2026-06-14T00:28:00Z</time>
      </trkpt>
      <trkpt lat="34.23493" lon="-118.19513">
        <ele>985.67</ele>
        <time>2026-06-14T00:28:04Z</time>
      </trkpt>
      <trkpt lat="34.23493" lon="-118.19509">
        <ele>985.24</ele>
        <time>2026-06-14T00:28:08Z</time>
      </trkpt>
      <trkpt lat="34.2349" lon="-118.19507">
        <ele>985.98</ele>
        <time>2026-06-14T00:28:10Z</time>
      </trkpt>
      <trkpt lat="34.23488" lon="-118.19506">
        <ele>986.43</ele>
        <time>2026-06-14T00:28:12Z</time>
      </trkpt>
      <trkpt lat="34.23486" lon="-118.19503">
        <ele>986.51</ele>
        <time>2026-06-14T00:28:15Z</time>
      </trkpt>
      <trkpt lat="34.23484" lon="-118.195">
        <ele>986.46</ele>
        <time>2026-06-14T00:28:18Z</time>
      </trkpt>
      <trkpt lat="34.23483" lon="-118.19497">
        <ele>986.02</ele>
        <time>2026-06-14T00:28:21Z</time>
      </trkpt>
      <trkpt lat="34.23481" lon="-118.19493">
        <ele>985.59</ele>
        <time>2026-06-14T00:28:25Z</time>
      </trkpt>
      <trkpt lat="34.23479" lon="-118.19491">
        <ele>985.59</ele>
        <time>2026-06-14T00:28:28Z</time>
      </trkpt>
      <trkpt lat="34.23478" lon="-118.19488">
        <ele>985.16</ele>
        <time>2026-06-14T00:28:31Z</time>
      </trkpt>
      <trkpt lat="34.23476" lon="-118.19486">
        <ele>985.16</ele>
        <time>2026-06-14T00:28:34Z</time>
      </trkpt>
      <trkpt lat="34.23474" lon="-118.19483">
        <ele>984.94</ele>
        <time>2026-06-14T00:28:37Z</time>
      </trkpt>
      <trkpt lat="34.23472" lon="-118.1948">
        <ele>984.79</ele>
        <time>2026-06-14T00:28:41Z</time>
      </trkpt>
      <trkpt lat="34.23468" lon="-118.1948">
        <ele>983.93</ele>
        <time>2026-06-14T00:28:46Z</time>
      </trkpt>
      <trkpt lat="34.23466" lon="-118.19477">
        <ele>983.17</ele>
        <time>2026-06-14T00:28:50Z</time>
      </trkpt>
      <trkpt lat="34.23464" lon="-118.19474">
        <ele>982.42</ele>
        <time>2026-06-14T00:28:53Z</time>
      </trkpt>
      <trkpt lat="34.23462" lon="-118.19472">
        <ele>981.48</ele>
        <time>2026-06-14T00:28:56Z</time>
      </trkpt>
      <trkpt lat="34.2346" lon="-118.19468">
        <ele>980.55</ele>
        <time>2026-06-14T00:28:59Z</time>
      </trkpt>
      <trkpt lat="34.2346" lon="-118.19463">
        <ele>980.72</ele>
        <time>2026-06-14T00:29:02Z</time>
      </trkpt>
      <trkpt lat="34.23461" lon="-118.19459">
        <ele>981.15</ele>
        <time>2026-06-14T00:29:04Z</time>
      </trkpt>
      <trkpt lat="34.23462" lon="-118.19456">
        <ele>981.58</ele>
        <time>2026-06-14T00:29:06Z</time>
      </trkpt>
      <trkpt lat="34.23463" lon="-118.19453">
        <ele>982.0</ele>
        <time>2026-06-14T00:29:08Z</time>
      </trkpt>
      <trkpt lat="34.23465" lon="-118.19449">
        <ele>981.78</ele>
        <time>2026-06-14T00:29:11Z</time>
      </trkpt>
      <trkpt lat="34.23466" lon="-118.19446">
        <ele>981.67</ele>
        <time>2026-06-14T00:29:14Z</time>
      </trkpt>
      <trkpt lat="34.23468" lon="-118.19443">
        <ele>981.61</ele>
        <time>2026-06-14T00:29:17Z</time>
      </trkpt>
      <trkpt lat="34.2347" lon="-118.1944">
        <ele>981.72</ele>
        <time>2026-06-14T00:29:20Z</time>
      </trkpt>
      <trkpt lat="34.23471" lon="-118.19437">
        <ele>981.94</ele>
        <time>2026-06-14T00:29:23Z</time>
      </trkpt>
      <trkpt lat="34.23473" lon="-118.19434">
        <ele>981.89</ele>
        <time>2026-06-14T00:29:26Z</time>
      </trkpt>
      <trkpt lat="34.23475" lon="-118.1943">
        <ele>981.83</ele>
        <time>2026-06-14T00:29:29Z</time>
      </trkpt>
      <trkpt lat="34.23477" lon="-118.19427">
        <ele>981.79</ele>
        <time>2026-06-14T00:29:32Z</time>
      </trkpt>
      <trkpt lat="34.23478" lon="-118.19424">
        <ele>982.09</ele>
        <time>2026-06-14T00:29:35Z</time>
      </trkpt>
      <trkpt lat="34.2348" lon="-118.19421">
        <ele>982.3</ele>
        <time>2026-06-14T00:29:38Z</time>
      </trkpt>
      <trkpt lat="34.23481" lon="-118.19418">
        <ele>982.77</ele>
        <time>2026-06-14T00:29:41Z</time>
      </trkpt>
      <trkpt lat="34.23482" lon="-118.19415">
        <ele>982.72</ele>
        <time>2026-06-14T00:29:44Z</time>
      </trkpt>
      <trkpt lat="34.23483" lon="-118.19412">
        <ele>982.18</ele>
        <time>2026-06-14T00:29:47Z</time>
      </trkpt>
      <trkpt lat="34.23484" lon="-118.19409">
        <ele>981.64</ele>
        <time>2026-06-14T00:29:50Z</time>
      </trkpt>
      <trkpt lat="34.23483" lon="-118.19405">
        <ele>981.96</ele>
        <time>2026-06-14T00:29:53Z</time>
      </trkpt>
      <trkpt lat="34.23483" lon="-118.19402">
        <ele>981.69</ele>
        <time>2026-06-14T00:29:56Z</time>
      </trkpt>
      <trkpt lat="34.23483" lon="-118.19399">
        <ele>981.42</ele>
        <time>2026-06-14T00:29:59Z</time>
      </trkpt>
      <trkpt lat="34.23482" lon="-118.19395">
        <ele>981.44</ele>
        <time>2026-06-14T00:30:02Z</time>
      </trkpt>
      <trkpt lat="34.23482" lon="-118.19392">
        <ele>981.11</ele>
        <time>2026-06-14T00:30:05Z</time>
      </trkpt>
      <trkpt lat="34.23482" lon="-118.19388">
        <ele>980.68</ele>
        <time>2026-06-14T00:30:08Z</time>
      </trkpt>
      <trkpt lat="34.23483" lon="-118.19384">
        <ele>979.82</ele>
        <time>2026-06-14T00:30:11Z</time>
      </trkpt>
      <trkpt lat="34.23483" lon="-118.19381">
        <ele>979.49</ele>
        <time>2026-06-14T00:30:14Z</time>
      </trkpt>
      <trkpt lat="34.23483" lon="-118.19377">
        <ele>979.06</ele>
        <time>2026-06-14T00:30:17Z</time>
      </trkpt>
      <trkpt lat="34.23484" lon="-118.19374">
        <ele>978.3</ele>
        <time>2026-06-14T00:30:20Z</time>
      </trkpt>
      <trkpt lat="34.23485" lon="-118.1937">
        <ele>977.48</ele>
        <time>2026-06-14T00:30:23Z</time>
      </trkpt>
      <trkpt lat="34.23485" lon="-118.19367">
        <ele>977.48</ele>
        <time>2026-06-14T00:30:26Z</time>
      </trkpt>
      <trkpt lat="34.23487" lon="-118.19363">
        <ele>976.62</ele>
        <time>2026-06-14T00:30:29Z</time>
      </trkpt>
      <trkpt lat="34.23489" lon="-118.1936">
        <ele>975.73</ele>
        <time>2026-06-14T00:30:32Z</time>
      </trkpt>
      <trkpt lat="34.23491" lon="-118.19356">
        <ele>974.86</ele>
        <time>2026-06-14T00:30:35Z</time>
      </trkpt>
      <trkpt lat="34.23492" lon="-118.19352">
        <ele>974.32</ele>
        <time>2026-06-14T00:30:38Z</time>
      </trkpt>
      <trkpt lat="34.23494" lon="-118.19349">
        <ele>973.35</ele>
        <time>2026-06-14T00:30:41Z</time>
      </trkpt>
      <trkpt lat="34.23495" lon="-118.19344">
        <ele>973.09</ele>
        <time>2026-06-14T00:30:44Z</time>
      </trkpt>
      <trkpt lat="34.23497" lon="-118.1934">
        <ele>972.21</ele>
        <time>2026-06-14T00:30:47Z</time>
      </trkpt>
      <trkpt lat="34.23498" lon="-118.19336">
        <ele>971.71</ele>
        <time>2026-06-14T00:30:50Z</time>
      </trkpt>
      <trkpt lat="34.23499" lon="-118.19333">
        <ele>971.29</ele>
        <time>2026-06-14T00:30:52Z</time>
      </trkpt>
      <trkpt lat="34.235" lon="-118.19328">
        <ele>970.42</ele>
        <time>2026-06-14T00:30:54Z</time>
      </trkpt>
      <trkpt lat="34.23501" lon="-118.19323">
        <ele>969.68</ele>
        <time>2026-06-14T00:30:56Z</time>
      </trkpt>
      <trkpt lat="34.23502" lon="-118.19318">
        <ele>969.35</ele>
        <time>2026-06-14T00:30:58Z</time>
      </trkpt>
      <trkpt lat="34.23503" lon="-118.19314">
        <ele>968.97</ele>
        <time>2026-06-14T00:31:00Z</time>
      </trkpt>
      <trkpt lat="34.23504" lon="-118.1931">
        <ele>968.41</ele>
        <time>2026-06-14T00:31:03Z</time>
      </trkpt>
      <trkpt lat="34.23504" lon="-118.19306">
        <ele>968.16</ele>
        <time>2026-06-14T00:31:06Z</time>
      </trkpt>
      <trkpt lat="34.23505" lon="-118.19301">
        <ele>967.65</ele>
        <time>2026-06-14T00:31:09Z</time>
      </trkpt>
      <trkpt lat="34.23506" lon="-118.19297">
        <ele>967.11</ele>
        <time>2026-06-14T00:31:12Z</time>
      </trkpt>
      <trkpt lat="34.23507" lon="-118.19293">
        <ele>966.65</ele>
        <time>2026-06-14T00:31:15Z</time>
      </trkpt>
      <trkpt lat="34.23508" lon="-118.19289">
        <ele>966.3</ele>
        <time>2026-06-14T00:31:18Z</time>
      </trkpt>
      <trkpt lat="34.23506" lon="-118.19284">
        <ele>966.49</ele>
        <time>2026-06-14T00:31:21Z</time>
      </trkpt>
      <trkpt lat="34.23504" lon="-118.19282">
        <ele>966.9</ele>
        <time>2026-06-14T00:31:23Z</time>
      </trkpt>
      <trkpt lat="34.23501" lon="-118.19279">
        <ele>967.69</ele>
        <time>2026-06-14T00:31:25Z</time>
      </trkpt>
      <trkpt lat="34.23499" lon="-118.19276">
        <ele>967.92</ele>
        <time>2026-06-14T00:31:27Z</time>
      </trkpt>
      <trkpt lat="34.23497" lon="-118.19274">
        <ele>967.92</ele>
        <time>2026-06-14T00:31:29Z</time>
      </trkpt>
      <trkpt lat="34.23494" lon="-118.19273">
        <ele>968.13</ele>
        <time>2026-06-14T00:31:32Z</time>
      </trkpt>
      <trkpt lat="34.2349" lon="-118.19275">
        <ele>968.46</ele>
        <time>2026-06-14T00:31:35Z</time>
      </trkpt>
      <trkpt lat="34.23487" lon="-118.19277">
        <ele>967.7</ele>
        <time>2026-06-14T00:31:38Z</time>
      </trkpt>
      <trkpt lat="34.23484" lon="-118.19279">
        <ele>966.91</ele>
        <time>2026-06-14T00:31:40Z</time>
      </trkpt>
      <trkpt lat="34.23482" lon="-118.19281">
        <ele>966.5</ele>
        <time>2026-06-14T00:31:42Z</time>
      </trkpt>
      <trkpt lat="34.23478" lon="-118.19282">
        <ele>964.95</ele>
        <time>2026-06-14T00:31:45Z</time>
      </trkpt>
      <trkpt lat="34.23475" lon="-118.19284">
        <ele>963.87</ele>
        <time>2026-06-14T00:31:48Z</time>
      </trkpt>
      <trkpt lat="34.23472" lon="-118.19285">
        <ele>962.66</ele>
        <time>2026-06-14T00:31:51Z</time>
      </trkpt>
      <trkpt lat="34.23469" lon="-118.19286">
        <ele>961.15</ele>
        <time>2026-06-14T00:31:54Z</time>
      </trkpt>
      <trkpt lat="34.23466" lon="-118.19289">
        <ele>959.78</ele>
        <time>2026-06-14T00:31:57Z</time>
      </trkpt>
      <trkpt lat="34.23464" lon="-118.19292">
        <ele>959.04</ele>
        <time>2026-06-14T00:32:00Z</time>
      </trkpt>
      <trkpt lat="34.23463" lon="-118.19295">
        <ele>958.88</ele>
        <time>2026-06-14T00:32:03Z</time>
      </trkpt>
      <trkpt lat="34.23461" lon="-118.19298">
        <ele>958.51</ele>
        <time>2026-06-14T00:32:06Z</time>
      </trkpt>
      <trkpt lat="34.2346" lon="-118.19302">
        <ele>958.46</ele>
        <time>2026-06-14T00:32:09Z</time>
      </trkpt>
      <trkpt lat="34.23461" lon="-118.19305">
        <ele>959.1</ele>
        <time>2026-06-14T00:32:12Z</time>
      </trkpt>
      <trkpt lat="34.23463" lon="-118.19308">
        <ele>960.28</ele>
        <time>2026-06-14T00:32:14Z</time>
      </trkpt>
      <trkpt lat="34.23464" lon="-118.19311">
        <ele>961.04</ele>
        <time>2026-06-14T00:32:17Z</time>
      </trkpt>
      <trkpt lat="34.23465" lon="-118.19315">
        <ele>961.89</ele>
        <time>2026-06-14T00:32:20Z</time>
      </trkpt>
      <trkpt lat="34.23464" lon="-118.19319">
        <ele>961.55</ele>
        <time>2026-06-14T00:32:23Z</time>
      </trkpt>
      <trkpt lat="34.23463" lon="-118.19322">
        <ele>961.02</ele>
        <time>2026-06-14T00:32:26Z</time>
      </trkpt>
      <trkpt lat="34.23462" lon="-118.19327">
        <ele>961.18</ele>
        <time>2026-06-14T00:32:28Z</time>
      </trkpt>
      <trkpt lat="34.23461" lon="-118.1933">
        <ele>961.3</ele>
        <time>2026-06-14T00:32:30Z</time>
      </trkpt>
      <trkpt lat="34.2346" lon="-118.19334">
        <ele>961.66</ele>
        <time>2026-06-14T00:32:33Z</time>
      </trkpt>
      <trkpt lat="34.23458" lon="-118.19338">
        <ele>962.07</ele>
        <time>2026-06-14T00:32:36Z</time>
      </trkpt>
      <trkpt lat="34.23455" lon="-118.1934">
        <ele>960.96</ele>
        <time>2026-06-14T00:32:39Z</time>
      </trkpt>
      <trkpt lat="34.23453" lon="-118.19342">
        <ele>960.51</ele>
        <time>2026-06-14T00:32:42Z</time>
      </trkpt>
      <trkpt lat="34.2345" lon="-118.19344">
        <ele>959.95</ele>
        <time>2026-06-14T00:32:45Z</time>
      </trkpt>
      <trkpt lat="34.23447" lon="-118.19346">
        <ele>959.31</ele>
        <time>2026-06-14T00:32:48Z</time>
      </trkpt>
      <trkpt lat="34.23444" lon="-118.19348">
        <ele>958.63</ele>
        <time>2026-06-14T00:32:51Z</time>
      </trkpt>
      <trkpt lat="34.23442" lon="-118.19351">
        <ele>958.96</ele>
        <time>2026-06-14T00:32:54Z</time>
      </trkpt>
      <trkpt lat="34.23439" lon="-118.19354">
        <ele>958.89</ele>
        <time>2026-06-14T00:32:57Z</time>
      </trkpt>
      <trkpt lat="34.23437" lon="-118.19358">
        <ele>959.18</ele>
        <time>2026-06-14T00:33:00Z</time>
      </trkpt>
      <trkpt lat="34.23435" lon="-118.19361">
        <ele>958.9</ele>
        <time>2026-06-14T00:33:03Z</time>
      </trkpt>
      <trkpt lat="34.23433" lon="-118.19365">
        <ele>958.48</ele>
        <time>2026-06-14T00:33:06Z</time>
      </trkpt>
      <trkpt lat="34.23432" lon="-118.19368">
        <ele>958.37</ele>
        <time>2026-06-14T00:33:09Z</time>
      </trkpt>
      <trkpt lat="34.2343" lon="-118.19372">
        <ele>957.76</ele>
        <time>2026-06-14T00:33:12Z</time>
      </trkpt>
      <trkpt lat="34.23429" lon="-118.19376">
        <ele>957.33</ele>
        <time>2026-06-14T00:33:15Z</time>
      </trkpt>
      <trkpt lat="34.23428" lon="-118.1938">
        <ele>956.93</ele>
        <time>2026-06-14T00:33:18Z</time>
      </trkpt>
      <trkpt lat="34.23428" lon="-118.19384">
        <ele>957.26</ele>
        <time>2026-06-14T00:33:21Z</time>
      </trkpt>
      <trkpt lat="34.23427" lon="-118.19388">
        <ele>957.26</ele>
        <time>2026-06-14T00:33:24Z</time>
      </trkpt>
      <trkpt lat="34.23427" lon="-118.19392">
        <ele>957.35</ele>
        <time>2026-06-14T00:33:27Z</time>
      </trkpt>
      <trkpt lat="34.23427" lon="-118.19395">
        <ele>957.35</ele>
        <time>2026-06-14T00:33:30Z</time>
      </trkpt>
      <trkpt lat="34.23426" lon="-118.194">
        <ele>957.03</ele>
        <time>2026-06-14T00:33:33Z</time>
      </trkpt>
      <trkpt lat="34.23426" lon="-118.19404">
        <ele>957.03</ele>
        <time>2026-06-14T00:33:36Z</time>
      </trkpt>
      <trkpt lat="34.23426" lon="-118.19408">
        <ele>957.1</ele>
        <time>2026-06-14T00:33:39Z</time>
      </trkpt>
      <trkpt lat="34.23426" lon="-118.19412">
        <ele>957.53</ele>
        <time>2026-06-14T00:33:42Z</time>
      </trkpt>
      <trkpt lat="34.23425" lon="-118.19416">
        <ele>957.63</ele>
        <time>2026-06-14T00:33:45Z</time>
      </trkpt>
      <trkpt lat="34.23425" lon="-118.1942">
        <ele>958.02</ele>
        <time>2026-06-14T00:33:48Z</time>
      </trkpt>
      <trkpt lat="34.23425" lon="-118.19425">
        <ele>958.51</ele>
        <time>2026-06-14T00:33:51Z</time>
      </trkpt>
      <trkpt lat="34.23424" lon="-118.19429">
        <ele>958.17</ele>
        <time>2026-06-14T00:33:54Z</time>
      </trkpt>
      <trkpt lat="34.23424" lon="-118.19433">
        <ele>958.17</ele>
        <time>2026-06-14T00:33:57Z</time>
      </trkpt>
      <trkpt lat="34.23424" lon="-118.19437">
        <ele>958.17</ele>
        <time>2026-06-14T00:34:00Z</time>
      </trkpt>
      <trkpt lat="34.23424" lon="-118.19441">
        <ele>958.17</ele>
        <time>2026-06-14T00:34:03Z</time>
      </trkpt>
      <trkpt lat="34.23423" lon="-118.19445">
        <ele>957.74</ele>
        <time>2026-06-14T00:34:06Z</time>
      </trkpt>
      <trkpt lat="34.23423" lon="-118.19449">
        <ele>957.74</ele>
        <time>2026-06-14T00:34:09Z</time>
      </trkpt>
      <trkpt lat="34.23423" lon="-118.19453">
        <ele>957.74</ele>
        <time>2026-06-14T00:34:12Z</time>
      </trkpt>
      <trkpt lat="34.23422" lon="-118.19457">
        <ele>956.95</ele>
        <time>2026-06-14T00:34:15Z</time>
      </trkpt>
      <trkpt lat="34.23422" lon="-118.19461">
        <ele>956.52</ele>
        <time>2026-06-14T00:34:18Z</time>
      </trkpt>
      <trkpt lat="34.23422" lon="-118.19466">
        <ele>956.16</ele>
        <time>2026-06-14T00:34:21Z</time>
      </trkpt>
      <trkpt lat="34.23423" lon="-118.19469">
        <ele>956.53</ele>
        <time>2026-06-14T00:34:23Z</time>
      </trkpt>
      <trkpt lat="34.23425" lon="-118.19473">
        <ele>957.42</ele>
        <time>2026-06-14T00:34:25Z</time>
      </trkpt>
      <trkpt lat="34.23428" lon="-118.19477">
        <ele>958.6</ele>
        <time>2026-06-14T00:34:27Z</time>
      </trkpt>
      <trkpt lat="34.23429" lon="-118.19481">
        <ele>958.71</ele>
        <time>2026-06-14T00:34:29Z</time>
      </trkpt>
      <trkpt lat="34.2343" lon="-118.19484">
        <ele>958.78</ele>
        <time>2026-06-14T00:34:31Z</time>
      </trkpt>
      <trkpt lat="34.23431" lon="-118.19488">
        <ele>958.72</ele>
        <time>2026-06-14T00:34:34Z</time>
      </trkpt>
      <trkpt lat="34.23432" lon="-118.19492">
        <ele>958.8</ele>
        <time>2026-06-14T00:34:37Z</time>
      </trkpt>
      <trkpt lat="34.23433" lon="-118.19496">
        <ele>959.02</ele>
        <time>2026-06-14T00:34:40Z</time>
      </trkpt>
      <trkpt lat="34.23433" lon="-118.195">
        <ele>958.58</ele>
        <time>2026-06-14T00:34:43Z</time>
      </trkpt>
      <trkpt lat="34.23433" lon="-118.19504">
        <ele>957.82</ele>
        <time>2026-06-14T00:34:46Z</time>
      </trkpt>
      <trkpt lat="34.23432" lon="-118.19508">
        <ele>956.51</ele>
        <time>2026-06-14T00:34:49Z</time>
      </trkpt>
      <trkpt lat="34.23431" lon="-118.19512">
        <ele>955.31</ele>
        <time>2026-06-14T00:34:52Z</time>
      </trkpt>
      <trkpt lat="34.23428" lon="-118.19515">
        <ele>953.02</ele>
        <time>2026-06-14T00:34:55Z</time>
      </trkpt>
      <trkpt lat="34.23425" lon="-118.19518">
        <ele>950.81</ele>
        <time>2026-06-14T00:34:58Z</time>
      </trkpt>
      <trkpt lat="34.23422" lon="-118.19519">
        <ele>949.77</ele>
        <time>2026-06-14T00:35:00Z</time>
      </trkpt>
      <trkpt lat="34.23419" lon="-118.19519">
        <ele>948.83</ele>
        <time>2026-06-14T00:35:02Z</time>
      </trkpt>
      <trkpt lat="34.23415" lon="-118.1952">
        <ele>948.32</ele>
        <time>2026-06-14T00:35:04Z</time>
      </trkpt>
      <trkpt lat="34.23413" lon="-118.1952">
        <ele>948.32</ele>
        <time>2026-06-14T00:35:06Z</time>
      </trkpt>
      <trkpt lat="34.23409" lon="-118.19519">
        <ele>948.1</ele>
        <time>2026-06-14T00:35:09Z</time>
      </trkpt>
      <trkpt lat="34.23405" lon="-118.19518">
        <ele>947.93</ele>
        <time>2026-06-14T00:35:12Z</time>
      </trkpt>
      <trkpt lat="34.23402" lon="-118.19516">
        <ele>947.57</ele>
        <time>2026-06-14T00:35:15Z</time>
      </trkpt>
      <trkpt lat="34.23399" lon="-118.19514">
        <ele>947.07</ele>
        <time>2026-06-14T00:35:18Z</time>
      </trkpt>
      <trkpt lat="34.23396" lon="-118.1951">
        <ele>946.66</ele>
        <time>2026-06-14T00:35:21Z</time>
      </trkpt>
      <trkpt lat="34.23394" lon="-118.19507">
        <ele>946.68</ele>
        <time>2026-06-14T00:35:23Z</time>
      </trkpt>
      <trkpt lat="34.23392" lon="-118.19503">
        <ele>946.43</ele>
        <time>2026-06-14T00:35:25Z</time>
      </trkpt>
      <trkpt lat="34.23396" lon="-118.19503">
        <ele>946.15</ele>
        <time>2026-06-14T00:35:39Z</time>
      </trkpt>
      <trkpt lat="34.23402" lon="-118.19503">
        <ele>946.42</ele>
        <time>2026-06-14T00:36:14Z</time>
      </trkpt>
      <trkpt lat="34.23399" lon="-118.19495">
        <ele>946.14</ele>
        <time>2026-06-14T00:36:42Z</time>
      </trkpt>
      <trkpt lat="34.23398" lon="-118.19488">
        <ele>945.98</ele>
        <time>2026-06-14T00:36:45Z</time>
      </trkpt>
      <trkpt lat="34.23398" lon="-118.19482">
        <ele>945.98</ele>
        <time>2026-06-14T00:36:48Z</time>
      </trkpt>
      <trkpt lat="34.23395" lon="-118.19477">
        <ele>945.66</ele>
        <time>2026-06-14T00:36:51Z</time>
      </trkpt>
      <trkpt lat="34.2339" lon="-118.19475">
        <ele>945.12</ele>
        <time>2026-06-14T00:36:53Z</time>
      </trkpt>
      <trkpt lat="34.23386" lon="-118.19471">
        <ele>945.8</ele>
        <time>2026-06-14T00:36:56Z</time>
      </trkpt>
      <trkpt lat="34.23383" lon="-118.19467">
        <ele>946.34</ele>
        <time>2026-06-14T00:37:00Z</time>
      </trkpt>
      <trkpt lat="34.23382" lon="-118.19461">
        <ele>945.81</ele>
        <time>2026-06-14T00:37:05Z</time>
      </trkpt>
      <trkpt lat="34.23381" lon="-118.19456">
        <ele>945.05</ele>
        <time>2026-06-14T00:37:09Z</time>
      </trkpt>
      <trkpt lat="34.2338" lon="-118.19451">
        <ele>944.58</ele>
        <time>2026-06-14T00:37:13Z</time>
      </trkpt>
      <trkpt lat="34.23378" lon="-118.19447">
        <ele>945.2</ele>
        <time>2026-06-14T00:37:16Z</time>
      </trkpt>
      <trkpt lat="34.23377" lon="-118.19442">
        <ele>944.82</ele>
        <time>2026-06-14T00:37:19Z</time>
      </trkpt>
      <trkpt lat="34.23376" lon="-118.19437">
        <ele>944.04</ele>
        <time>2026-06-14T00:37:23Z</time>
      </trkpt>
      <trkpt lat="34.23376" lon="-118.19432">
        <ele>942.54</ele>
        <time>2026-06-14T00:37:27Z</time>
      </trkpt>
      <trkpt lat="34.23375" lon="-118.19427">
        <ele>941.35</ele>
        <time>2026-06-14T00:37:31Z</time>
      </trkpt>
      <trkpt lat="34.23374" lon="-118.19423">
        <ele>940.04</ele>
        <time>2026-06-14T00:37:35Z</time>
      </trkpt>
      <trkpt lat="34.23373" lon="-118.19419">
        <ele>938.66</ele>
        <time>2026-06-14T00:37:38Z</time>
      </trkpt>
      <trkpt lat="34.23372" lon="-118.19416">
        <ele>937.83</ele>
        <time>2026-06-14T00:37:41Z</time>
      </trkpt>
      <trkpt lat="34.2337" lon="-118.19412">
        <ele>937.16</ele>
        <time>2026-06-14T00:37:44Z</time>
      </trkpt>
      <trkpt lat="34.23369" lon="-118.19408">
        <ele>935.86</ele>
        <time>2026-06-14T00:37:47Z</time>
      </trkpt>
      <trkpt lat="34.23367" lon="-118.19404">
        <ele>935.35</ele>
        <time>2026-06-14T00:37:50Z</time>
      </trkpt>
      <trkpt lat="34.23364" lon="-118.19401">
        <ele>935.68</ele>
        <time>2026-06-14T00:37:52Z</time>
      </trkpt>
      <trkpt lat="34.23362" lon="-118.19399">
        <ele>935.89</ele>
        <time>2026-06-14T00:37:54Z</time>
      </trkpt>
      <trkpt lat="34.23359" lon="-118.19395">
        <ele>936.15</ele>
        <time>2026-06-14T00:37:57Z</time>
      </trkpt>
      <trkpt lat="34.23357" lon="-118.19391">
        <ele>935.89</ele>
        <time>2026-06-14T00:38:00Z</time>
      </trkpt>
      <trkpt lat="34.23356" lon="-118.19387">
        <ele>935.36</ele>
        <time>2026-06-14T00:38:03Z</time>
      </trkpt>
      <trkpt lat="34.23354" lon="-118.19383">
        <ele>935.52</ele>
        <time>2026-06-14T00:38:06Z</time>
      </trkpt>
      <trkpt lat="34.23353" lon="-118.19379">
        <ele>935.37</ele>
        <time>2026-06-14T00:38:09Z</time>
      </trkpt>
      <trkpt lat="34.23352" lon="-118.19375">
        <ele>934.94</ele>
        <time>2026-06-14T00:38:12Z</time>
      </trkpt>
      <trkpt lat="34.23351" lon="-118.19371">
        <ele>934.42</ele>
        <time>2026-06-14T00:38:15Z</time>
      </trkpt>
      <trkpt lat="34.2335" lon="-118.19367">
        <ele>933.87</ele>
        <time>2026-06-14T00:38:18Z</time>
      </trkpt>
      <trkpt lat="34.23349" lon="-118.19363">
        <ele>933.33</ele>
        <time>2026-06-14T00:38:21Z</time>
      </trkpt>
      <trkpt lat="34.23347" lon="-118.1936">
        <ele>933.33</ele>
        <time>2026-06-14T00:38:24Z</time>
      </trkpt>
      <trkpt lat="34.23345" lon="-118.19356">
        <ele>933.12</ele>
        <time>2026-06-14T00:38:28Z</time>
      </trkpt>
      <trkpt lat="34.23342" lon="-118.19354">
        <ele>933.54</ele>
        <time>2026-06-14T00:38:32Z</time>
      </trkpt>
      <trkpt lat="34.23339" lon="-118.19355">
        <ele>934.2</ele>
        <time>2026-06-14T00:38:36Z</time>
      </trkpt>
      <trkpt lat="34.23334" lon="-118.19354">
        <ele>934.61</ele>
        <time>2026-06-14T00:38:39Z</time>
      </trkpt>
      <trkpt lat="34.2333" lon="-118.19354">
        <ele>934.78</ele>
        <time>2026-06-14T00:38:41Z</time>
      </trkpt>
      <trkpt lat="34.23326" lon="-118.19354">
        <ele>934.88</ele>
        <time>2026-06-14T00:38:43Z</time>
      </trkpt>
      <trkpt lat="34.23323" lon="-118.19354">
        <ele>935.04</ele>
        <time>2026-06-14T00:38:45Z</time>
      </trkpt>
      <trkpt lat="34.23318" lon="-118.19353">
        <ele>935.15</ele>
        <time>2026-06-14T00:38:48Z</time>
      </trkpt>
      <trkpt lat="34.23314" lon="-118.19353">
        <ele>935.58</ele>
        <time>2026-06-14T00:38:51Z</time>
      </trkpt>
      <trkpt lat="34.23311" lon="-118.19351">
        <ele>935.04</ele>
        <time>2026-06-14T00:38:54Z</time>
      </trkpt>
      <trkpt lat="34.23307" lon="-118.1935">
        <ele>935.04</ele>
        <time>2026-06-14T00:38:57Z</time>
      </trkpt>
      <trkpt lat="34.23305" lon="-118.19346">
        <ele>933.52</ele>
        <time>2026-06-14T00:39:01Z</time>
      </trkpt>
      <trkpt lat="34.23305" lon="-118.19342">
        <ele>931.68</ele>
        <time>2026-06-14T00:39:04Z</time>
      </trkpt>
      <trkpt lat="34.23305" lon="-118.19339">
        <ele>930.06</ele>
        <time>2026-06-14T00:39:07Z</time>
      </trkpt>
      <trkpt lat="34.23304" lon="-118.19334">
        <ele>927.36</ele>
        <time>2026-06-14T00:39:11Z</time>
      </trkpt>
      <trkpt lat="34.23302" lon="-118.19331">
        <ele>926.34</ele>
        <time>2026-06-14T00:39:14Z</time>
      </trkpt>
      <trkpt lat="34.233" lon="-118.19328">
        <ele>925.62</ele>
        <time>2026-06-14T00:39:17Z</time>
      </trkpt>
      <trkpt lat="34.23297" lon="-118.19326">
        <ele>925.36</ele>
        <time>2026-06-14T00:39:20Z</time>
      </trkpt>
      <trkpt lat="34.23295" lon="-118.19323">
        <ele>924.91</ele>
        <time>2026-06-14T00:39:23Z</time>
      </trkpt>
      <trkpt lat="34.23293" lon="-118.1932">
        <ele>924.48</ele>
        <time>2026-06-14T00:39:26Z</time>
      </trkpt>
      <trkpt lat="34.2329" lon="-118.19318">
        <ele>924.37</ele>
        <time>2026-06-14T00:39:29Z</time>
      </trkpt>
      <trkpt lat="34.23288" lon="-118.19315">
        <ele>923.94</ele>
        <time>2026-06-14T00:39:32Z</time>
      </trkpt>
      <trkpt lat="34.23286" lon="-118.19312">
        <ele>923.5</ele>
        <time>2026-06-14T00:39:35Z</time>
      </trkpt>
      <trkpt lat="34.23283" lon="-118.1931">
        <ele>923.4</ele>
        <time>2026-06-14T00:39:38Z</time>
      </trkpt>
      <trkpt lat="34.23281" lon="-118.19307">
        <ele>922.96</ele>
        <time>2026-06-14T00:39:41Z</time>
      </trkpt>
      <trkpt lat="34.23279" lon="-118.19304">
        <ele>922.68</ele>
        <time>2026-06-14T00:39:44Z</time>
      </trkpt>
      <trkpt lat="34.23276" lon="-118.19301">
        <ele>922.41</ele>
        <time>2026-06-14T00:39:47Z</time>
      </trkpt>
      <trkpt lat="34.23274" lon="-118.19299">
        <ele>922.17</ele>
        <time>2026-06-14T00:39:50Z</time>
      </trkpt>
      <trkpt lat="34.23272" lon="-118.19297">
        <ele>922.03</ele>
        <time>2026-06-14T00:39:53Z</time>
      </trkpt>
      <trkpt lat="34.23269" lon="-118.19296">
        <ele>922.0</ele>
        <time>2026-06-14T00:39:56Z</time>
      </trkpt>
      <trkpt lat="34.23267" lon="-118.19293">
        <ele>921.52</ele>
        <time>2026-06-14T00:39:59Z</time>
      </trkpt>
      <trkpt lat="34.23264" lon="-118.19291">
        <ele>920.89</ele>
        <time>2026-06-14T00:40:02Z</time>
      </trkpt>
      <trkpt lat="34.23262" lon="-118.19288">
        <ele>921.08</ele>
        <time>2026-06-14T00:40:05Z</time>
      </trkpt>
      <trkpt lat="34.2326" lon="-118.19285">
        <ele>921.26</ele>
        <time>2026-06-14T00:40:08Z</time>
      </trkpt>
      <trkpt lat="34.23257" lon="-118.19282">
        <ele>920.83</ele>
        <time>2026-06-14T00:40:11Z</time>
      </trkpt>
      <trkpt lat="34.23255" lon="-118.19279">
        <ele>920.83</ele>
        <time>2026-06-14T00:40:14Z</time>
      </trkpt>
      <trkpt lat="34.23253" lon="-118.19276">
        <ele>920.72</ele>
        <time>2026-06-14T00:40:17Z</time>
      </trkpt>
      <trkpt lat="34.2325" lon="-118.19273">
        <ele>920.52</ele>
        <time>2026-06-14T00:40:20Z</time>
      </trkpt>
      <trkpt lat="34.23248" lon="-118.19269">
        <ele>920.07</ele>
        <time>2026-06-14T00:40:23Z</time>
      </trkpt>
      <trkpt lat="34.23246" lon="-118.19266">
        <ele>919.62</ele>
        <time>2026-06-14T00:40:26Z</time>
      </trkpt>
      <trkpt lat="34.23244" lon="-118.19262">
        <ele>919.78</ele>
        <time>2026-06-14T00:40:29Z</time>
      </trkpt>
      <trkpt lat="34.23242" lon="-118.19259">
        <ele>920.18</ele>
        <time>2026-06-14T00:40:32Z</time>
      </trkpt>
      <trkpt lat="34.23241" lon="-118.19255">
        <ele>920.91</ele>
        <time>2026-06-14T00:40:35Z</time>
      </trkpt>
      <trkpt lat="34.23241" lon="-118.19251">
        <ele>921.74</ele>
        <time>2026-06-14T00:40:37Z</time>
      </trkpt>
      <trkpt lat="34.23243" lon="-118.19247">
        <ele>921.51</ele>
        <time>2026-06-14T00:40:39Z</time>
      </trkpt>
      <trkpt lat="34.23244" lon="-118.19243">
        <ele>921.3</ele>
        <time>2026-06-14T00:40:41Z</time>
      </trkpt>
      <trkpt lat="34.23245" lon="-118.1924">
        <ele>921.0</ele>
        <time>2026-06-14T00:40:43Z</time>
      </trkpt>
      <trkpt lat="34.23246" lon="-118.19235">
        <ele>920.24</ele>
        <time>2026-06-14T00:40:46Z</time>
      </trkpt>
      <trkpt lat="34.23246" lon="-118.19231">
        <ele>919.83</ele>
        <time>2026-06-14T00:40:49Z</time>
      </trkpt>
      <trkpt lat="34.23247" lon="-118.19227">
        <ele>919.32</ele>
        <time>2026-06-14T00:40:52Z</time>
      </trkpt>
      <trkpt lat="34.23247" lon="-118.19223">
        <ele>919.03</ele>
        <time>2026-06-14T00:40:55Z</time>
      </trkpt>
      <trkpt lat="34.23248" lon="-118.19218">
        <ele>918.19</ele>
        <time>2026-06-14T00:40:58Z</time>
      </trkpt>
      <trkpt lat="34.23248" lon="-118.19214">
        <ele>917.76</ele>
        <time>2026-06-14T00:41:01Z</time>
      </trkpt>
      <trkpt lat="34.23249" lon="-118.19209">
        <ele>916.51</ele>
        <time>2026-06-14T00:41:04Z</time>
      </trkpt>
      <trkpt lat="34.23249" lon="-118.19205">
        <ele>915.7</ele>
        <time>2026-06-14T00:41:07Z</time>
      </trkpt>
      <trkpt lat="34.2325" lon="-118.19201">
        <ele>914.71</ele>
        <time>2026-06-14T00:41:10Z</time>
      </trkpt>
      <trkpt lat="34.23249" lon="-118.19196">
        <ele>914.6</ele>
        <time>2026-06-14T00:41:13Z</time>
      </trkpt>
      <trkpt lat="34.23248" lon="-118.19192">
        <ele>914.6</ele>
        <time>2026-06-14T00:41:16Z</time>
      </trkpt>
      <trkpt lat="34.23247" lon="-118.19187">
        <ele>914.49</ele>
        <time>2026-06-14T00:41:19Z</time>
      </trkpt>
      <trkpt lat="34.23247" lon="-118.19183">
        <ele>913.98</ele>
        <time>2026-06-14T00:41:22Z</time>
      </trkpt>
      <trkpt lat="34.23249" lon="-118.19179">
        <ele>912.69</ele>
        <time>2026-06-14T00:41:25Z</time>
      </trkpt>
      <trkpt lat="34.2325" lon="-118.19174">
        <ele>911.58</ele>
        <time>2026-06-14T00:41:28Z</time>
      </trkpt>
      <trkpt lat="34.23251" lon="-118.1917">
        <ele>910.36</ele>
        <time>2026-06-14T00:41:31Z</time>
      </trkpt>
      <trkpt lat="34.2325" lon="-118.19166">
        <ele>909.93</ele>
        <time>2026-06-14T00:41:34Z</time>
      </trkpt>
      <trkpt lat="34.23249" lon="-118.19162">
        <ele>909.93</ele>
        <time>2026-06-14T00:41:37Z</time>
      </trkpt>
      <trkpt lat="34.23247" lon="-118.19158">
        <ele>910.36</ele>
        <time>2026-06-14T00:41:40Z</time>
      </trkpt>
      <trkpt lat="34.23245" lon="-118.19154">
        <ele>910.23</ele>
        <time>2026-06-14T00:41:43Z</time>
      </trkpt>
      <trkpt lat="34.23243" lon="-118.1915">
        <ele>909.82</ele>
        <time>2026-06-14T00:41:46Z</time>
      </trkpt>
      <trkpt lat="34.23242" lon="-118.19146">
        <ele>909.13</ele>
        <time>2026-06-14T00:41:49Z</time>
      </trkpt>
      <trkpt lat="34.2324" lon="-118.19143">
        <ele>909.16</ele>
        <time>2026-06-14T00:41:52Z</time>
      </trkpt>
      <trkpt lat="34.23237" lon="-118.19141">
        <ele>909.76</ele>
        <time>2026-06-14T00:41:55Z</time>
      </trkpt>
      <trkpt lat="34.23235" lon="-118.19139">
        <ele>909.89</ele>
        <time>2026-06-14T00:41:58Z</time>
      </trkpt>
      <trkpt lat="34.23232" lon="-118.19136">
        <ele>910.21</ele>
        <time>2026-06-14T00:42:01Z</time>
      </trkpt>
      <trkpt lat="34.23229" lon="-118.19134">
        <ele>910.87</ele>
        <time>2026-06-14T00:42:04Z</time>
      </trkpt>
      <trkpt lat="34.23226" lon="-118.19131">
        <ele>911.16</ele>
        <time>2026-06-14T00:42:07Z</time>
      </trkpt>
      <trkpt lat="34.23224" lon="-118.19129">
        <ele>911.29</ele>
        <time>2026-06-14T00:42:10Z</time>
      </trkpt>
      <trkpt lat="34.23222" lon="-118.19126">
        <ele>911.31</ele>
        <time>2026-06-14T00:42:13Z</time>
      </trkpt>
      <trkpt lat="34.23219" lon="-118.19124">
        <ele>912.18</ele>
        <time>2026-06-14T00:42:16Z</time>
      </trkpt>
      <trkpt lat="34.23218" lon="-118.19121">
        <ele>911.96</ele>
        <time>2026-06-14T00:42:19Z</time>
      </trkpt>
      <trkpt lat="34.23216" lon="-118.19119">
        <ele>912.39</ele>
        <time>2026-06-14T00:42:22Z</time>
      </trkpt>
      <trkpt lat="34.23214" lon="-118.19115">
        <ele>912.39</ele>
        <time>2026-06-14T00:42:25Z</time>
      </trkpt>
      <trkpt lat="34.23213" lon="-118.19112">
        <ele>912.18</ele>
        <time>2026-06-14T00:42:28Z</time>
      </trkpt>
      <trkpt lat="34.23213" lon="-118.19106">
        <ele>911.43</ele>
        <time>2026-06-14T00:42:31Z</time>
      </trkpt>
      <trkpt lat="34.23214" lon="-118.19102">
        <ele>910.57</ele>
        <time>2026-06-14T00:42:33Z</time>
      </trkpt>
      <trkpt lat="34.23214" lon="-118.19098">
        <ele>910.09</ele>
        <time>2026-06-14T00:42:35Z</time>
      </trkpt>
      <trkpt lat="34.23213" lon="-118.19094">
        <ele>910.13</ele>
        <time>2026-06-14T00:42:38Z</time>
      </trkpt>
      <trkpt lat="34.23213" lon="-118.19089">
        <ele>909.21</ele>
        <time>2026-06-14T00:42:41Z</time>
      </trkpt>
      <trkpt lat="34.23212" lon="-118.19086">
        <ele>908.99</ele>
        <time>2026-06-14T00:42:44Z</time>
      </trkpt>
      <trkpt lat="34.23212" lon="-118.19081">
        <ele>907.63</ele>
        <time>2026-06-14T00:42:47Z</time>
      </trkpt>
      <trkpt lat="34.23211" lon="-118.19077">
        <ele>906.65</ele>
        <time>2026-06-14T00:42:50Z</time>
      </trkpt>
      <trkpt lat="34.2321" lon="-118.19074">
        <ele>905.93</ele>
        <time>2026-06-14T00:42:53Z</time>
      </trkpt>
      <trkpt lat="34.23209" lon="-118.1907">
        <ele>904.34</ele>
        <time>2026-06-14T00:42:56Z</time>
      </trkpt>
      <trkpt lat="34.23205" lon="-118.19067">
        <ele>903.87</ele>
        <time>2026-06-14T00:42:59Z</time>
      </trkpt>
      <trkpt lat="34.23202" lon="-118.19066">
        <ele>904.26</ele>
        <time>2026-06-14T00:43:01Z</time>
      </trkpt>
      <trkpt lat="34.23199" lon="-118.19065">
        <ele>904.65</ele>
        <time>2026-06-14T00:43:04Z</time>
      </trkpt>
      <trkpt lat="34.23196" lon="-118.19064">
        <ele>904.98</ele>
        <time>2026-06-14T00:43:07Z</time>
      </trkpt>
      <trkpt lat="34.23193" lon="-118.19061">
        <ele>904.58</ele>
        <time>2026-06-14T00:43:10Z</time>
      </trkpt>
      <trkpt lat="34.23191" lon="-118.19059">
        <ele>904.51</ele>
        <time>2026-06-14T00:43:13Z</time>
      </trkpt>
      <trkpt lat="34.23188" lon="-118.19056">
        <ele>903.87</ele>
        <time>2026-06-14T00:43:16Z</time>
      </trkpt>
      <trkpt lat="34.23186" lon="-118.19053">
        <ele>903.23</ele>
        <time>2026-06-14T00:43:19Z</time>
      </trkpt>
      <trkpt lat="34.23185" lon="-118.1905">
        <ele>902.14</ele>
        <time>2026-06-14T00:43:22Z</time>
      </trkpt>
      <trkpt lat="34.23183" lon="-118.19047">
        <ele>901.83</ele>
        <time>2026-06-14T00:43:25Z</time>
      </trkpt>
      <trkpt lat="34.23182" lon="-118.19043">
        <ele>901.11</ele>
        <time>2026-06-14T00:43:28Z</time>
      </trkpt>
      <trkpt lat="34.23181" lon="-118.19039">
        <ele>900.42</ele>
        <time>2026-06-14T00:43:31Z</time>
      </trkpt>
      <trkpt lat="34.23179" lon="-118.19036">
        <ele>900.45</ele>
        <time>2026-06-14T00:43:34Z</time>
      </trkpt>
      <trkpt lat="34.23178" lon="-118.19032">
        <ele>900.02</ele>
        <time>2026-06-14T00:43:37Z</time>
      </trkpt>
      <trkpt lat="34.23177" lon="-118.19028">
        <ele>899.58</ele>
        <time>2026-06-14T00:43:40Z</time>
      </trkpt>
      <trkpt lat="34.23176" lon="-118.19023">
        <ele>898.94</ele>
        <time>2026-06-14T00:43:43Z</time>
      </trkpt>
      <trkpt lat="34.23174" lon="-118.1902">
        <ele>899.01</ele>
        <time>2026-06-14T00:43:46Z</time>
      </trkpt>
      <trkpt lat="34.23171" lon="-118.19016">
        <ele>899.05</ele>
        <time>2026-06-14T00:43:49Z</time>
      </trkpt>
      <trkpt lat="34.23169" lon="-118.19012">
        <ele>898.84</ele>
        <time>2026-06-14T00:43:52Z</time>
      </trkpt>
      <trkpt lat="34.23166" lon="-118.19009">
        <ele>899.13</ele>
        <time>2026-06-14T00:43:55Z</time>
      </trkpt>
      <trkpt lat="34.23163" lon="-118.19007">
        <ele>899.46</ele>
        <time>2026-06-14T00:43:58Z</time>
      </trkpt>
      <trkpt lat="34.23161" lon="-118.19004">
        <ele>899.13</ele>
        <time>2026-06-14T00:44:01Z</time>
      </trkpt>
      <trkpt lat="34.23159" lon="-118.19001">
        <ele>898.81</ele>
        <time>2026-06-14T00:44:04Z</time>
      </trkpt>
      <trkpt lat="34.23157" lon="-118.18999">
        <ele>898.81</ele>
        <time>2026-06-14T00:44:07Z</time>
      </trkpt>
      <trkpt lat="34.23155" lon="-118.18996">
        <ele>898.6</ele>
        <time>2026-06-14T00:44:10Z</time>
      </trkpt>
      <trkpt lat="34.23153" lon="-118.18993">
        <ele>898.52</ele>
        <time>2026-06-14T00:44:13Z</time>
      </trkpt>
      <trkpt lat="34.23151" lon="-118.1899">
        <ele>898.61</ele>
        <time>2026-06-14T00:44:16Z</time>
      </trkpt>
      <trkpt lat="34.23149" lon="-118.18986">
        <ele>898.61</ele>
        <time>2026-06-14T00:44:19Z</time>
      </trkpt>
      <trkpt lat="34.23147" lon="-118.18983">
        <ele>898.84</ele>
        <time>2026-06-14T00:44:22Z</time>
      </trkpt>
      <trkpt lat="34.23145" lon="-118.1898">
        <ele>899.04</ele>
        <time>2026-06-14T00:44:25Z</time>
      </trkpt>
      <trkpt lat="34.23143" lon="-118.18976">
        <ele>899.04</ele>
        <time>2026-06-14T00:44:28Z</time>
      </trkpt>
      <trkpt lat="34.23142" lon="-118.18973">
        <ele>898.82</ele>
        <time>2026-06-14T00:44:31Z</time>
      </trkpt>
      <trkpt lat="34.2314" lon="-118.18969">
        <ele>898.82</ele>
        <time>2026-06-14T00:44:34Z</time>
      </trkpt>
      <trkpt lat="34.2314" lon="-118.18965">
        <ele>897.96</ele>
        <time>2026-06-14T00:44:36Z</time>
      </trkpt>
      <trkpt lat="34.23139" lon="-118.18961">
        <ele>897.53</ele>
        <time>2026-06-14T00:44:38Z</time>
      </trkpt>
      <trkpt lat="34.23139" lon="-118.18957">
        <ele>896.66</ele>
        <time>2026-06-14T00:44:40Z</time>
      </trkpt>
      <trkpt lat="34.23138" lon="-118.18954">
        <ele>896.45</ele>
        <time>2026-06-14T00:44:42Z</time>
      </trkpt>
      <trkpt lat="34.23137" lon="-118.18951">
        <ele>896.46</ele>
        <time>2026-06-14T00:44:44Z</time>
      </trkpt>
      <trkpt lat="34.23136" lon="-118.18947">
        <ele>896.3</ele>
        <time>2026-06-14T00:44:47Z</time>
      </trkpt>
      <trkpt lat="34.23135" lon="-118.18942">
        <ele>896.0</ele>
        <time>2026-06-14T00:44:50Z</time>
      </trkpt>
      <trkpt lat="34.23134" lon="-118.18938">
        <ele>895.89</ele>
        <time>2026-06-14T00:44:53Z</time>
      </trkpt>
      <trkpt lat="34.23134" lon="-118.18934">
        <ele>895.33</ele>
        <time>2026-06-14T00:44:56Z</time>
      </trkpt>
      <trkpt lat="34.23135" lon="-118.1893">
        <ele>894.14</ele>
        <time>2026-06-14T00:44:59Z</time>
      </trkpt>
      <trkpt lat="34.23135" lon="-118.18925">
        <ele>893.1</ele>
        <time>2026-06-14T00:45:02Z</time>
      </trkpt>
      <trkpt lat="34.23135" lon="-118.18921">
        <ele>892.42</ele>
        <time>2026-06-14T00:45:05Z</time>
      </trkpt>
      <trkpt lat="34.23136" lon="-118.18917">
        <ele>891.31</ele>
        <time>2026-06-14T00:45:08Z</time>
      </trkpt>
      <trkpt lat="34.23136" lon="-118.18912">
        <ele>890.59</ele>
        <time>2026-06-14T00:45:11Z</time>
      </trkpt>
      <trkpt lat="34.23135" lon="-118.18908">
        <ele>890.35</ele>
        <time>2026-06-14T00:45:14Z</time>
      </trkpt>
      <trkpt lat="34.23135" lon="-118.18904">
        <ele>889.68</ele>
        <time>2026-06-14T00:45:17Z</time>
      </trkpt>
      <trkpt lat="34.23135" lon="-118.189">
        <ele>889.0</ele>
        <time>2026-06-14T00:45:20Z</time>
      </trkpt>
      <trkpt lat="34.23134" lon="-118.18896">
        <ele>889.11</ele>
        <time>2026-06-14T00:45:23Z</time>
      </trkpt>
      <trkpt lat="34.23134" lon="-118.18892">
        <ele>889.11</ele>
        <time>2026-06-14T00:45:26Z</time>
      </trkpt>
      <trkpt lat="34.23135" lon="-118.18888">
        <ele>888.58</ele>
        <time>2026-06-14T00:45:29Z</time>
      </trkpt>
      <trkpt lat="34.23135" lon="-118.18883">
        <ele>888.04</ele>
        <time>2026-06-14T00:45:32Z</time>
      </trkpt>
      <trkpt lat="34.23135" lon="-118.18879">
        <ele>887.68</ele>
        <time>2026-06-14T00:45:35Z</time>
      </trkpt>
      <trkpt lat="34.23135" lon="-118.18875">
        <ele>887.68</ele>
        <time>2026-06-14T00:45:38Z</time>
      </trkpt>
      <trkpt lat="34.23136" lon="-118.18871">
        <ele>887.25</ele>
        <time>2026-06-14T00:45:41Z</time>
      </trkpt>
      <trkpt lat="34.23138" lon="-118.18868">
        <ele>886.36</ele>
        <time>2026-06-14T00:45:43Z</time>
      </trkpt>
      <trkpt lat="34.2314" lon="-118.18864">
        <ele>885.52</ele>
        <time>2026-06-14T00:45:46Z</time>
      </trkpt>
      <trkpt lat="34.23141" lon="-118.1886">
        <ele>885.0</ele>
        <time>2026-06-14T00:45:49Z</time>
      </trkpt>
      <trkpt lat="34.23142" lon="-118.18855">
        <ele>884.22</ele>
        <time>2026-06-14T00:45:52Z</time>
      </trkpt>
      <trkpt lat="34.23142" lon="-118.18851">
        <ele>883.9</ele>
        <time>2026-06-14T00:45:55Z</time>
      </trkpt>
      <trkpt lat="34.23141" lon="-118.18847">
        <ele>883.79</ele>
        <time>2026-06-14T00:45:58Z</time>
      </trkpt>
      <trkpt lat="34.23141" lon="-118.18843">
        <ele>883.36</ele>
        <time>2026-06-14T00:46:01Z</time>
      </trkpt>
      <trkpt lat="34.2314" lon="-118.18839">
        <ele>882.86</ele>
        <time>2026-06-14T00:46:04Z</time>
      </trkpt>
      <trkpt lat="34.23138" lon="-118.18837">
        <ele>883.02</ele>
        <time>2026-06-14T00:46:07Z</time>
      </trkpt>
      <trkpt lat="34.23136" lon="-118.18834">
        <ele>882.79</ele>
        <time>2026-06-14T00:46:10Z</time>
      </trkpt>
      <trkpt lat="34.23135" lon="-118.18831">
        <ele>881.94</ele>
        <time>2026-06-14T00:46:13Z</time>
      </trkpt>
      <trkpt lat="34.23133" lon="-118.18827">
        <ele>880.97</ele>
        <time>2026-06-14T00:46:16Z</time>
      </trkpt>
      <trkpt lat="34.23131" lon="-118.18824">
        <ele>880.53</ele>
        <time>2026-06-14T00:46:19Z</time>
      </trkpt>
      <trkpt lat="34.23128" lon="-118.18821">
        <ele>880.02</ele>
        <time>2026-06-14T00:46:22Z</time>
      </trkpt>
      <trkpt lat="34.23126" lon="-118.18819">
        <ele>879.59</ele>
        <time>2026-06-14T00:46:25Z</time>
      </trkpt>
      <trkpt lat="34.23123" lon="-118.18816">
        <ele>878.94</ele>
        <time>2026-06-14T00:46:28Z</time>
      </trkpt>
      <trkpt lat="34.23121" lon="-118.18813">
        <ele>878.28</ele>
        <time>2026-06-14T00:46:31Z</time>
      </trkpt>
      <trkpt lat="34.23118" lon="-118.1881">
        <ele>877.82</ele>
        <time>2026-06-14T00:46:34Z</time>
      </trkpt>
      <trkpt lat="34.23115" lon="-118.18807">
        <ele>877.14</ele>
        <time>2026-06-14T00:46:37Z</time>
      </trkpt>
      <trkpt lat="34.23113" lon="-118.18804">
        <ele>876.43</ele>
        <time>2026-06-14T00:46:40Z</time>
      </trkpt>
      <trkpt lat="34.2311" lon="-118.18801">
        <ele>876.26</ele>
        <time>2026-06-14T00:46:43Z</time>
      </trkpt>
      <trkpt lat="34.23108" lon="-118.18798">
        <ele>876.04</ele>
        <time>2026-06-14T00:46:46Z</time>
      </trkpt>
      <trkpt lat="34.23105" lon="-118.18795">
        <ele>875.99</ele>
        <time>2026-06-14T00:46:49Z</time>
      </trkpt>
      <trkpt lat="34.23103" lon="-118.18792">
        <ele>875.77</ele>
        <time>2026-06-14T00:46:52Z</time>
      </trkpt>
      <trkpt lat="34.231" lon="-118.18789">
        <ele>875.82</ele>
        <time>2026-06-14T00:46:55Z</time>
      </trkpt>
      <trkpt lat="34.23098" lon="-118.18786">
        <ele>875.59</ele>
        <time>2026-06-14T00:46:58Z</time>
      </trkpt>
      <trkpt lat="34.23095" lon="-118.18783">
        <ele>875.82</ele>
        <time>2026-06-14T00:47:01Z</time>
      </trkpt>
      <trkpt lat="34.23093" lon="-118.1878">
        <ele>876.09</ele>
        <time>2026-06-14T00:47:04Z</time>
      </trkpt>
      <trkpt lat="34.2309" lon="-118.18776">
        <ele>876.46</ele>
        <time>2026-06-14T00:47:07Z</time>
      </trkpt>
      <trkpt lat="34.23088" lon="-118.18773">
        <ele>876.46</ele>
        <time>2026-06-14T00:47:10Z</time>
      </trkpt>
      <trkpt lat="34.23085" lon="-118.1877">
        <ele>876.78</ele>
        <time>2026-06-14T00:47:13Z</time>
      </trkpt>
      <trkpt lat="34.23083" lon="-118.18767">
        <ele>876.94</ele>
        <time>2026-06-14T00:47:16Z</time>
      </trkpt>
      <trkpt lat="34.23081" lon="-118.18763">
        <ele>877.16</ele>
        <time>2026-06-14T00:47:19Z</time>
      </trkpt>
      <trkpt lat="34.23081" lon="-118.18758">
        <ele>876.62</ele>
        <time>2026-06-14T00:47:22Z</time>
      </trkpt>
      <trkpt lat="34.23083" lon="-118.18754">
        <ele>875.54</ele>
        <time>2026-06-14T00:47:24Z</time>
      </trkpt>
      <trkpt lat="34.23084" lon="-118.1875">
        <ele>874.64</ele>
        <time>2026-06-14T00:47:26Z</time>
      </trkpt>
      <trkpt lat="34.23084" lon="-118.18746">
        <ele>873.81</ele>
        <time>2026-06-14T00:47:29Z</time>
      </trkpt>
      <trkpt lat="34.23083" lon="-118.18741">
        <ele>873.2</ele>
        <time>2026-06-14T00:47:32Z</time>
      </trkpt>
      <trkpt lat="34.23083" lon="-118.18737">
        <ele>872.34</ele>
        <time>2026-06-14T00:47:35Z</time>
      </trkpt>
      <trkpt lat="34.23083" lon="-118.18733">
        <ele>871.47</ele>
        <time>2026-06-14T00:47:38Z</time>
      </trkpt>
      <trkpt lat="34.23083" lon="-118.18729">
        <ele>870.61</ele>
        <time>2026-06-14T00:47:41Z</time>
      </trkpt>
      <trkpt lat="34.23083" lon="-118.18725">
        <ele>869.74</ele>
        <time>2026-06-14T00:47:44Z</time>
      </trkpt>
      <trkpt lat="34.23083" lon="-118.18721">
        <ele>868.88</ele>
        <time>2026-06-14T00:47:47Z</time>
      </trkpt>
      <trkpt lat="34.23083" lon="-118.18717">
        <ele>868.0</ele>
        <time>2026-06-14T00:47:50Z</time>
      </trkpt>
      <trkpt lat="34.23082" lon="-118.18713">
        <ele>867.44</ele>
        <time>2026-06-14T00:47:53Z</time>
      </trkpt>
      <trkpt lat="34.23082" lon="-118.18709">
        <ele>866.58</ele>
        <time>2026-06-14T00:47:56Z</time>
      </trkpt>
      <trkpt lat="34.23081" lon="-118.18705">
        <ele>866.04</ele>
        <time>2026-06-14T00:47:59Z</time>
      </trkpt>
      <trkpt lat="34.23081" lon="-118.18701">
        <ele>865.46</ele>
        <time>2026-06-14T00:48:02Z</time>
      </trkpt>
      <trkpt lat="34.2308" lon="-118.18697">
        <ele>865.36</ele>
        <time>2026-06-14T00:48:05Z</time>
      </trkpt>
      <trkpt lat="34.2308" lon="-118.18692">
        <ele>864.91</ele>
        <time>2026-06-14T00:48:08Z</time>
      </trkpt>
      <trkpt lat="34.2308" lon="-118.18688">
        <ele>864.63</ele>
        <time>2026-06-14T00:48:11Z</time>
      </trkpt>
      <trkpt lat="34.2308" lon="-118.18684">
        <ele>864.52</ele>
        <time>2026-06-14T00:48:14Z</time>
      </trkpt>
      <trkpt lat="34.2308" lon="-118.1868">
        <ele>864.8</ele>
        <time>2026-06-14T00:48:17Z</time>
      </trkpt>
      <trkpt lat="34.23082" lon="-118.18677">
        <ele>864.33</ele>
        <time>2026-06-14T00:48:19Z</time>
      </trkpt>
      <trkpt lat="34.23083" lon="-118.18673">
        <ele>864.11</ele>
        <time>2026-06-14T00:48:22Z</time>
      </trkpt>
      <trkpt lat="34.23084" lon="-118.18669">
        <ele>863.71</ele>
        <time>2026-06-14T00:48:25Z</time>
      </trkpt>
      <trkpt lat="34.23085" lon="-118.18665">
        <ele>863.28</ele>
        <time>2026-06-14T00:48:28Z</time>
      </trkpt>
      <trkpt lat="34.23086" lon="-118.18661">
        <ele>862.85</ele>
        <time>2026-06-14T00:48:31Z</time>
      </trkpt>
      <trkpt lat="34.23086" lon="-118.18657">
        <ele>862.85</ele>
        <time>2026-06-14T00:48:34Z</time>
      </trkpt>
      <trkpt lat="34.23086" lon="-118.18653">
        <ele>862.85</ele>
        <time>2026-06-14T00:48:37Z</time>
      </trkpt>
      <trkpt lat="34.23086" lon="-118.18649">
        <ele>862.85</ele>
        <time>2026-06-14T00:48:40Z</time>
      </trkpt>
      <trkpt lat="34.23087" lon="-118.18645">
        <ele>862.76</ele>
        <time>2026-06-14T00:48:43Z</time>
      </trkpt>
      <trkpt lat="34.23089" lon="-118.18641">
        <ele>862.32</ele>
        <time>2026-06-14T00:48:46Z</time>
      </trkpt>
      <trkpt lat="34.23091" lon="-118.18637">
        <ele>861.69</ele>
        <time>2026-06-14T00:48:49Z</time>
      </trkpt>
      <trkpt lat="34.23093" lon="-118.18633">
        <ele>860.84</ele>
        <time>2026-06-14T00:48:52Z</time>
      </trkpt>
      <trkpt lat="34.23094" lon="-118.1863">
        <ele>860.53</ele>
        <time>2026-06-14T00:48:55Z</time>
      </trkpt>
      <trkpt lat="34.23094" lon="-118.18626">
        <ele>860.94</ele>
        <time>2026-06-14T00:48:58Z</time>
      </trkpt>
      <trkpt lat="34.23095" lon="-118.18622">
        <ele>861.04</ele>
        <time>2026-06-14T00:49:01Z</time>
      </trkpt>
      <trkpt lat="34.23096" lon="-118.18619">
        <ele>860.95</ele>
        <time>2026-06-14T00:49:06Z</time>
      </trkpt>
      <trkpt lat="34.23098" lon="-118.18616">
        <ele>860.52</ele>
        <time>2026-06-14T00:49:10Z</time>
      </trkpt>
      <trkpt lat="34.23099" lon="-118.18613">
        <ele>860.47</ele>
        <time>2026-06-14T00:49:13Z</time>
      </trkpt>
      <trkpt lat="34.23099" lon="-118.18609">
        <ele>860.77</ele>
        <time>2026-06-14T00:49:16Z</time>
      </trkpt>
      <trkpt lat="34.231" lon="-118.18605">
        <ele>860.93</ele>
        <time>2026-06-14T00:49:19Z</time>
      </trkpt>
      <trkpt lat="34.23101" lon="-118.18601">
        <ele>861.18</ele>
        <time>2026-06-14T00:49:22Z</time>
      </trkpt>
      <trkpt lat="34.23102" lon="-118.18597">
        <ele>861.49</ele>
        <time>2026-06-14T00:49:25Z</time>
      </trkpt>
      <trkpt lat="34.23101" lon="-118.18593">
        <ele>862.05</ele>
        <time>2026-06-14T00:49:28Z</time>
      </trkpt>
      <trkpt lat="34.231" lon="-118.18589">
        <ele>862.2</ele>
        <time>2026-06-14T00:49:31Z</time>
      </trkpt>
      <trkpt lat="34.23099" lon="-118.18585">
        <ele>862.31</ele>
        <time>2026-06-14T00:49:34Z</time>
      </trkpt>
      <trkpt lat="34.23097" lon="-118.18581">
        <ele>862.51</ele>
        <time>2026-06-14T00:49:37Z</time>
      </trkpt>
      <trkpt lat="34.23097" lon="-118.18577">
        <ele>862.49</ele>
        <time>2026-06-14T00:49:40Z</time>
      </trkpt>
      <trkpt lat="34.23096" lon="-118.18573">
        <ele>862.29</ele>
        <time>2026-06-14T00:49:43Z</time>
      </trkpt>
      <trkpt lat="34.23095" lon="-118.18569">
        <ele>861.85</ele>
        <time>2026-06-14T00:49:46Z</time>
      </trkpt>
      <trkpt lat="34.23095" lon="-118.18565">
        <ele>861.53</ele>
        <time>2026-06-14T00:49:49Z</time>
      </trkpt>
      <trkpt lat="34.23096" lon="-118.18561">
        <ele>861.06</ele>
        <time>2026-06-14T00:49:52Z</time>
      </trkpt>
      <trkpt lat="34.23097" lon="-118.18557">
        <ele>860.67</ele>
        <time>2026-06-14T00:49:55Z</time>
      </trkpt>
      <trkpt lat="34.23101" lon="-118.18555">
        <ele>861.6</ele>
        <time>2026-06-14T00:49:57Z</time>
      </trkpt>
      <trkpt lat="34.23105" lon="-118.18555">
        <ele>861.22</ele>
        <time>2026-06-14T00:49:59Z</time>
      </trkpt>
      <trkpt lat="34.23109" lon="-118.18555">
        <ele>860.38</ele>
        <time>2026-06-14T00:50:01Z</time>
      </trkpt>
      <trkpt lat="34.23112" lon="-118.18556">
        <ele>859.71</ele>
        <time>2026-06-14T00:50:04Z</time>
      </trkpt>
      <trkpt lat="34.23115" lon="-118.18558">
        <ele>858.74</ele>
        <time>2026-06-14T00:50:08Z</time>
      </trkpt>
      <trkpt lat="34.23116" lon="-118.18561">
        <ele>858.42</ele>
        <time>2026-06-14T00:50:11Z</time>
      </trkpt>
      <trkpt lat="34.23117" lon="-118.18565">
        <ele>858.09</ele>
        <time>2026-06-14T00:50:14Z</time>
      </trkpt>
      <trkpt lat="34.23117" lon="-118.18569">
        <ele>858.09</ele>
        <time>2026-06-14T00:50:17Z</time>
      </trkpt>
      <trkpt lat="34.23117" lon="-118.18573">
        <ele>858.09</ele>
        <time>2026-06-14T00:50:20Z</time>
      </trkpt>
      <trkpt lat="34.23116" lon="-118.18576">
        <ele>858.42</ele>
        <time>2026-06-14T00:50:23Z</time>
      </trkpt>
      <trkpt lat="34.23116" lon="-118.1858">
        <ele>858.42</ele>
        <time>2026-06-14T00:50:26Z</time>
      </trkpt>
      <trkpt lat="34.23116" lon="-118.18584">
        <ele>858.42</ele>
        <time>2026-06-14T00:50:29Z</time>
      </trkpt>
      <trkpt lat="34.23115" lon="-118.18588">
        <ele>858.74</ele>
        <time>2026-06-14T00:50:32Z</time>
      </trkpt>
      <trkpt lat="34.23115" lon="-118.18592">
        <ele>858.74</ele>
        <time>2026-06-14T00:50:35Z</time>
      </trkpt>
      <trkpt lat="34.23115" lon="-118.18595">
        <ele>858.48</ele>
        <time>2026-06-14T00:50:38Z</time>
      </trkpt>
      <trkpt lat="34.23115" lon="-118.18599">
        <ele>858.05</ele>
        <time>2026-06-14T00:50:41Z</time>
      </trkpt>
      <trkpt lat="34.23115" lon="-118.18603">
        <ele>857.49</ele>
        <time>2026-06-14T00:50:44Z</time>
      </trkpt>
      <trkpt lat="34.23115" lon="-118.18607">
        <ele>856.63</ele>
        <time>2026-06-14T00:50:47Z</time>
      </trkpt>
      <trkpt lat="34.23115" lon="-118.18611">
        <ele>855.76</ele>
        <time>2026-06-14T00:50:50Z</time>
      </trkpt>
      <trkpt lat="34.23115" lon="-118.18615">
        <ele>854.97</ele>
        <time>2026-06-14T00:50:53Z</time>
      </trkpt>
      <trkpt lat="34.23115" lon="-118.18619">
        <ele>854.17</ele>
        <time>2026-06-14T00:50:56Z</time>
      </trkpt>
      <trkpt lat="34.23115" lon="-118.18623">
        <ele>853.33</ele>
        <time>2026-06-14T00:50:59Z</time>
      </trkpt>
      <trkpt lat="34.23115" lon="-118.18626">
        <ele>852.68</ele>
        <time>2026-06-14T00:51:02Z</time>
      </trkpt>
      <trkpt lat="34.23115" lon="-118.1863">
        <ele>851.82</ele>
        <time>2026-06-14T00:51:05Z</time>
      </trkpt>
      <trkpt lat="34.23115" lon="-118.18634">
        <ele>850.96</ele>
        <time>2026-06-14T00:51:08Z</time>
      </trkpt>
      <trkpt lat="34.23114" lon="-118.18638">
        <ele>850.63</ele>
        <time>2026-06-14T00:51:11Z</time>
      </trkpt>
      <trkpt lat="34.23114" lon="-118.18642">
        <ele>850.1</ele>
        <time>2026-06-14T00:51:14Z</time>
      </trkpt>
      <trkpt lat="34.23114" lon="-118.18645">
        <ele>849.78</ele>
        <time>2026-06-14T00:51:17Z</time>
      </trkpt>
      <trkpt lat="34.23114" lon="-118.18649">
        <ele>849.41</ele>
        <time>2026-06-14T00:51:20Z</time>
      </trkpt>
      <trkpt lat="34.23114" lon="-118.18653">
        <ele>849.28</ele>
        <time>2026-06-14T00:51:23Z</time>
      </trkpt>
      <trkpt lat="34.23114" lon="-118.18657">
        <ele>849.14</ele>
        <time>2026-06-14T00:51:26Z</time>
      </trkpt>
      <trkpt lat="34.23114" lon="-118.18661">
        <ele>849.13</ele>
        <time>2026-06-14T00:51:29Z</time>
      </trkpt>
      <trkpt lat="34.23114" lon="-118.18665">
        <ele>849.13</ele>
        <time>2026-06-14T00:51:32Z</time>
      </trkpt>
      <trkpt lat="34.23114" lon="-118.18669">
        <ele>849.21</ele>
        <time>2026-06-14T00:51:35Z</time>
      </trkpt>
      <trkpt lat="34.23115" lon="-118.18673">
        <ele>848.77</ele>
        <time>2026-06-14T00:51:38Z</time>
      </trkpt>
      <trkpt lat="34.23115" lon="-118.18677">
        <ele>848.9</ele>
        <time>2026-06-14T00:51:41Z</time>
      </trkpt>
      <trkpt lat="34.23115" lon="-118.18681">
        <ele>848.9</ele>
        <time>2026-06-14T00:51:44Z</time>
      </trkpt>
      <trkpt lat="34.23115" lon="-118.18684">
        <ele>848.9</ele>
        <time>2026-06-14T00:51:47Z</time>
      </trkpt>
      <trkpt lat="34.23115" lon="-118.18688">
        <ele>849.2</ele>
        <time>2026-06-14T00:51:50Z</time>
      </trkpt>
      <trkpt lat="34.23115" lon="-118.18692">
        <ele>849.64</ele>
        <time>2026-06-14T00:51:53Z</time>
      </trkpt>
      <trkpt lat="34.23116" lon="-118.18696">
        <ele>849.45</ele>
        <time>2026-06-14T00:51:56Z</time>
      </trkpt>
      <trkpt lat="34.23116" lon="-118.187">
        <ele>849.68</ele>
        <time>2026-06-14T00:51:59Z</time>
      </trkpt>
      <trkpt lat="34.23116" lon="-118.18704">
        <ele>849.9</ele>
        <time>2026-06-14T00:52:02Z</time>
      </trkpt>
      <trkpt lat="34.23116" lon="-118.18707">
        <ele>850.06</ele>
        <time>2026-06-14T00:52:05Z</time>
      </trkpt>
      <trkpt lat="34.23117" lon="-118.18711">
        <ele>849.74</ele>
        <time>2026-06-14T00:52:08Z</time>
      </trkpt>
      <trkpt lat="34.23117" lon="-118.18715">
        <ele>849.96</ele>
        <time>2026-06-14T00:52:11Z</time>
      </trkpt>
      <trkpt lat="34.23118" lon="-118.18719">
        <ele>849.77</ele>
        <time>2026-06-14T00:52:14Z</time>
      </trkpt>
      <trkpt lat="34.2312" lon="-118.18722">
        <ele>849.14</ele>
        <time>2026-06-14T00:52:16Z</time>
      </trkpt>
      <trkpt lat="34.23122" lon="-118.18724">
        <ele>848.52</ele>
        <time>2026-06-14T00:52:18Z</time>
      </trkpt>
      <trkpt lat="34.23124" lon="-118.18728">
        <ele>848.3</ele>
        <time>2026-06-14T00:52:21Z</time>
      </trkpt>
      <trkpt lat="34.23125" lon="-118.18732">
        <ele>848.61</ele>
        <time>2026-06-14T00:52:24Z</time>
      </trkpt>
      <trkpt lat="34.23127" lon="-118.18736">
        <ele>848.83</ele>
        <time>2026-06-14T00:52:27Z</time>
      </trkpt>
      <trkpt lat="34.23128" lon="-118.1874">
        <ele>849.37</ele>
        <time>2026-06-14T00:52:30Z</time>
      </trkpt>
      <trkpt lat="34.2313" lon="-118.18743">
        <ele>849.13</ele>
        <time>2026-06-14T00:52:34Z</time>
      </trkpt>
      <trkpt lat="34.23132" lon="-118.18746">
        <ele>848.95</ele>
        <time>2026-06-14T00:52:38Z</time>
      </trkpt>
      <trkpt lat="34.23134" lon="-118.18749">
        <ele>848.9</ele>
        <time>2026-06-14T00:52:41Z</time>
      </trkpt>
      <trkpt lat="34.23136" lon="-118.18752">
        <ele>849.06</ele>
        <time>2026-06-14T00:52:44Z</time>
      </trkpt>
      <trkpt lat="34.23139" lon="-118.18755">
        <ele>849.05</ele>
        <time>2026-06-14T00:52:47Z</time>
      </trkpt>
      <trkpt lat="34.23142" lon="-118.18758">
        <ele>849.01</ele>
        <time>2026-06-14T00:52:50Z</time>
      </trkpt>
      <trkpt lat="34.23145" lon="-118.18761">
        <ele>849.06</ele>
        <time>2026-06-14T00:52:53Z</time>
      </trkpt>
      <trkpt lat="34.23148" lon="-118.18764">
        <ele>849.06</ele>
        <time>2026-06-14T00:52:56Z</time>
      </trkpt>
      <trkpt lat="34.23151" lon="-118.18767">
        <ele>848.75</ele>
        <time>2026-06-14T00:52:59Z</time>
      </trkpt>
      <trkpt lat="34.23154" lon="-118.18771">
        <ele>848.91</ele>
        <time>2026-06-14T00:53:02Z</time>
      </trkpt>
      <trkpt lat="34.23157" lon="-118.18774">
        <ele>848.91</ele>
        <time>2026-06-14T00:53:05Z</time>
      </trkpt>
      <trkpt lat="34.2316" lon="-118.18777">
        <ele>848.65</ele>
        <time>2026-06-14T00:53:08Z</time>
      </trkpt>
      <trkpt lat="34.23162" lon="-118.18781">
        <ele>848.88</ele>
        <time>2026-06-14T00:53:11Z</time>
      </trkpt>
      <trkpt lat="34.23165" lon="-118.18784">
        <ele>848.62</ele>
        <time>2026-06-14T00:53:14Z</time>
      </trkpt>
      <trkpt lat="34.23168" lon="-118.18788">
        <ele>848.65</ele>
        <time>2026-06-14T00:53:17Z</time>
      </trkpt>
      <trkpt lat="34.2317" lon="-118.18791">
        <ele>848.57</ele>
        <time>2026-06-14T00:53:20Z</time>
      </trkpt>
      <trkpt lat="34.23172" lon="-118.18795">
        <ele>848.91</ele>
        <time>2026-06-14T00:53:23Z</time>
      </trkpt>
      <trkpt lat="34.23175" lon="-118.18798">
        <ele>848.83</ele>
        <time>2026-06-14T00:53:26Z</time>
      </trkpt>
      <trkpt lat="34.23176" lon="-118.18801">
        <ele>849.51</ele>
        <time>2026-06-14T00:53:29Z</time>
      </trkpt>
      <trkpt lat="34.23177" lon="-118.18805">
        <ele>850.59</ele>
        <time>2026-06-14T00:53:32Z</time>
      </trkpt>
      <trkpt lat="34.23178" lon="-118.18808">
        <ele>851.34</ele>
        <time>2026-06-14T00:53:36Z</time>
      </trkpt>
      <trkpt lat="34.23181" lon="-118.18809">
        <ele>851.02</ele>
        <time>2026-06-14T00:53:40Z</time>
      </trkpt>
      <trkpt lat="34.23184" lon="-118.18809">
        <ele>850.37</ele>
        <time>2026-06-14T00:53:43Z</time>
      </trkpt>
      <trkpt lat="34.23187" lon="-118.18808">
        <ele>849.3</ele>
        <time>2026-06-14T00:53:45Z</time>
      </trkpt>
      <trkpt lat="34.2319" lon="-118.18808">
        <ele>848.48</ele>
        <time>2026-06-14T00:53:47Z</time>
      </trkpt>
      <trkpt lat="34.23192" lon="-118.18808">
        <ele>847.93</ele>
        <time>2026-06-14T00:53:49Z</time>
      </trkpt>
      <trkpt lat="34.23195" lon="-118.18808">
        <ele>847.01</ele>
        <time>2026-06-14T00:53:51Z</time>
      </trkpt>
      <trkpt lat="34.23198" lon="-118.18809">
        <ele>845.69</ele>
        <time>2026-06-14T00:53:53Z</time>
      </trkpt>
      <trkpt lat="34.23201" lon="-118.18809">
        <ele>844.28</ele>
        <time>2026-06-14T00:53:55Z</time>
      </trkpt>
      <trkpt lat="34.23203" lon="-118.18811">
        <ele>843.35</ele>
        <time>2026-06-14T00:53:57Z</time>
      </trkpt>
      <trkpt lat="34.23206" lon="-118.18813">
        <ele>841.76</ele>
        <time>2026-06-14T00:53:59Z</time>
      </trkpt>
      <trkpt lat="34.23208" lon="-118.18815">
        <ele>840.66</ele>
        <time>2026-06-14T00:54:01Z</time>
      </trkpt>
      <trkpt lat="34.2321" lon="-118.18817">
        <ele>839.36</ele>
        <time>2026-06-14T00:54:03Z</time>
      </trkpt>
      <trkpt lat="34.23212" lon="-118.18821">
        <ele>837.85</ele>
        <time>2026-06-14T00:54:06Z</time>
      </trkpt>
      <trkpt lat="34.23213" lon="-118.18825">
        <ele>836.98</ele>
        <time>2026-06-14T00:54:09Z</time>
      </trkpt>
      <trkpt lat="34.23212" lon="-118.18828">
        <ele>837.48</ele>
        <time>2026-06-14T00:54:14Z</time>
      </trkpt>
      <trkpt lat="34.23211" lon="-118.18832">
        <ele>837.88</ele>
        <time>2026-06-14T00:54:17Z</time>
      </trkpt>
      <trkpt lat="34.2321" lon="-118.18835">
        <ele>838.1</ele>
        <time>2026-06-14T00:54:20Z</time>
      </trkpt>
      <trkpt lat="34.2321" lon="-118.18839">
        <ele>837.67</ele>
        <time>2026-06-14T00:54:25Z</time>
      </trkpt>
      <trkpt lat="34.23209" lon="-118.18843">
        <ele>837.69</ele>
        <time>2026-06-14T00:54:29Z</time>
      </trkpt>
      <trkpt lat="34.23209" lon="-118.18846">
        <ele>837.5</ele>
        <time>2026-06-14T00:54:32Z</time>
      </trkpt>
      <trkpt lat="34.23209" lon="-118.1885">
        <ele>837.25</ele>
        <time>2026-06-14T00:54:35Z</time>
      </trkpt>
      <trkpt lat="34.23209" lon="-118.18853">
        <ele>837.02</ele>
        <time>2026-06-14T00:54:38Z</time>
      </trkpt>
      <trkpt lat="34.23208" lon="-118.18857">
        <ele>837.12</ele>
        <time>2026-06-14T00:54:41Z</time>
      </trkpt>
      <trkpt lat="34.23207" lon="-118.18861">
        <ele>837.23</ele>
        <time>2026-06-14T00:54:44Z</time>
      </trkpt>
      <trkpt lat="34.23207" lon="-118.18865">
        <ele>836.95</ele>
        <time>2026-06-14T00:54:47Z</time>
      </trkpt>
      <trkpt lat="34.23206" lon="-118.18869">
        <ele>837.12</ele>
        <time>2026-06-14T00:54:50Z</time>
      </trkpt>
      <trkpt lat="34.23205" lon="-118.18873">
        <ele>837.16</ele>
        <time>2026-06-14T00:54:53Z</time>
      </trkpt>
      <trkpt lat="34.23204" lon="-118.18877">
        <ele>837.16</ele>
        <time>2026-06-14T00:54:56Z</time>
      </trkpt>
      <trkpt lat="34.23204" lon="-118.18881">
        <ele>836.87</ele>
        <time>2026-06-14T00:54:59Z</time>
      </trkpt>
      <trkpt lat="34.23205" lon="-118.18885">
        <ele>836.36</ele>
        <time>2026-06-14T00:55:02Z</time>
      </trkpt>
      <trkpt lat="34.23205" lon="-118.18889">
        <ele>836.31</ele>
        <time>2026-06-14T00:55:05Z</time>
      </trkpt>
      <trkpt lat="34.23206" lon="-118.18893">
        <ele>836.2</ele>
        <time>2026-06-14T00:55:08Z</time>
      </trkpt>
      <trkpt lat="34.23206" lon="-118.18897">
        <ele>836.64</ele>
        <time>2026-06-14T00:55:11Z</time>
      </trkpt>
      <trkpt lat="34.23207" lon="-118.18901">
        <ele>836.33</ele>
        <time>2026-06-14T00:55:14Z</time>
      </trkpt>
      <trkpt lat="34.23208" lon="-118.18905">
        <ele>836.02</ele>
        <time>2026-06-14T00:55:17Z</time>
      </trkpt>
      <trkpt lat="34.23209" lon="-118.18909">
        <ele>835.98</ele>
        <time>2026-06-14T00:55:20Z</time>
      </trkpt>
      <trkpt lat="34.2321" lon="-118.18912">
        <ele>836.11</ele>
        <time>2026-06-14T00:55:23Z</time>
      </trkpt>
      <trkpt lat="34.23211" lon="-118.18916">
        <ele>836.51</ele>
        <time>2026-06-14T00:55:26Z</time>
      </trkpt>
      <trkpt lat="34.23212" lon="-118.1892">
        <ele>837.03</ele>
        <time>2026-06-14T00:55:29Z</time>
      </trkpt>
      <trkpt lat="34.23213" lon="-118.18924">
        <ele>837.57</ele>
        <time>2026-06-14T00:55:32Z</time>
      </trkpt>
      <trkpt lat="34.23215" lon="-118.18928">
        <ele>838.01</ele>
        <time>2026-06-14T00:55:35Z</time>
      </trkpt>
      <trkpt lat="34.23217" lon="-118.18931">
        <ele>838.34</ele>
        <time>2026-06-14T00:55:38Z</time>
      </trkpt>
      <trkpt lat="34.2322" lon="-118.18933">
        <ele>838.01</ele>
        <time>2026-06-14T00:55:40Z</time>
      </trkpt>
      <trkpt lat="34.23223" lon="-118.18936">
        <ele>838.02</ele>
        <time>2026-06-14T00:55:42Z</time>
      </trkpt>
      <trkpt lat="34.23225" lon="-118.18938">
        <ele>838.02</ele>
        <time>2026-06-14T00:55:44Z</time>
      </trkpt>
      <trkpt lat="34.23227" lon="-118.18941">
        <ele>838.45</ele>
        <time>2026-06-14T00:55:47Z</time>
      </trkpt>
      <trkpt lat="34.23229" lon="-118.18945">
        <ele>839.28</ele>
        <time>2026-06-14T00:55:50Z</time>
      </trkpt>
      <trkpt lat="34.23232" lon="-118.18948">
        <ele>838.89</ele>
        <time>2026-06-14T00:55:53Z</time>
      </trkpt>
      <trkpt lat="34.23234" lon="-118.18951">
        <ele>838.96</ele>
        <time>2026-06-14T00:55:56Z</time>
      </trkpt>
      <trkpt lat="34.23237" lon="-118.18954">
        <ele>838.74</ele>
        <time>2026-06-14T00:55:59Z</time>
      </trkpt>
      <trkpt lat="34.23239" lon="-118.18957">
        <ele>838.95</ele>
        <time>2026-06-14T00:56:02Z</time>
      </trkpt>
      <trkpt lat="34.23241" lon="-118.18961">
        <ele>839.25</ele>
        <time>2026-06-14T00:56:05Z</time>
      </trkpt>
      <trkpt lat="34.23243" lon="-118.18964">
        <ele>839.44</ele>
        <time>2026-06-14T00:56:08Z</time>
      </trkpt>
      <trkpt lat="34.23246" lon="-118.18965">
        <ele>838.48</ele>
        <time>2026-06-14T00:56:12Z</time>
      </trkpt>
      <trkpt lat="34.23249" lon="-118.18966">
        <ele>837.45</ele>
        <time>2026-06-14T00:56:16Z</time>
      </trkpt>
      <trkpt lat="34.23252" lon="-118.18969">
        <ele>837.16</ele>
        <time>2026-06-14T00:56:19Z</time>
      </trkpt>
      <trkpt lat="34.23254" lon="-118.18971">
        <ele>837.19</ele>
        <time>2026-06-14T00:56:22Z</time>
      </trkpt>
      <trkpt lat="34.23256" lon="-118.18974">
        <ele>838.21</ele>
        <time>2026-06-14T00:56:25Z</time>
      </trkpt>
      <trkpt lat="34.23258" lon="-118.18977">
        <ele>839.5</ele>
        <time>2026-06-14T00:56:28Z</time>
      </trkpt>
      <trkpt lat="34.23261" lon="-118.18979">
        <ele>839.45</ele>
        <time>2026-06-14T00:56:31Z</time>
      </trkpt>
      <trkpt lat="34.23263" lon="-118.18982">
        <ele>840.32</ele>
        <time>2026-06-14T00:56:34Z</time>
      </trkpt>
      <trkpt lat="34.23266" lon="-118.18984">
        <ele>839.99</ele>
        <time>2026-06-14T00:56:37Z</time>
      </trkpt>
      <trkpt lat="34.23268" lon="-118.18987">
        <ele>840.86</ele>
        <time>2026-06-14T00:56:40Z</time>
      </trkpt>
      <trkpt lat="34.23271" lon="-118.18989">
        <ele>840.53</ele>
        <time>2026-06-14T00:56:43Z</time>
      </trkpt>
      <trkpt lat="34.23273" lon="-118.18992">
        <ele>841.4</ele>
        <time>2026-06-14T00:56:46Z</time>
      </trkpt>
      <trkpt lat="34.23276" lon="-118.18994">
        <ele>841.07</ele>
        <time>2026-06-14T00:56:49Z</time>
      </trkpt>
      <trkpt lat="34.23278" lon="-118.18997">
        <ele>841.94</ele>
        <time>2026-06-14T00:56:52Z</time>
      </trkpt>
      <trkpt lat="34.2328" lon="-118.19">
        <ele>842.8</ele>
        <time>2026-06-14T00:56:55Z</time>
      </trkpt>
      <trkpt lat="34.23282" lon="-118.19003">
        <ele>843.19</ele>
        <time>2026-06-14T00:56:58Z</time>
      </trkpt>
      <trkpt lat="34.23285" lon="-118.19005">
        <ele>842.38</ele>
        <time>2026-06-14T00:57:01Z</time>
      </trkpt>
      <trkpt lat="34.23287" lon="-118.19007">
        <ele>842.05</ele>
        <time>2026-06-14T00:57:04Z</time>
      </trkpt>
      <trkpt lat="34.2329" lon="-118.19005">
        <ele>840.35</ele>
        <time>2026-06-14T00:57:08Z</time>
      </trkpt>
      <trkpt lat="34.23293" lon="-118.19001">
        <ele>838.07</ele>
        <time>2026-06-14T00:57:11Z</time>
      </trkpt>
      <trkpt lat="34.23295" lon="-118.18997">
        <ele>835.89</ele>
        <time>2026-06-14T00:57:13Z</time>
      </trkpt>
      <trkpt lat="34.23296" lon="-118.18994">
        <ele>834.43</ele>
        <time>2026-06-14T00:57:15Z</time>
      </trkpt>
      <trkpt lat="34.23298" lon="-118.18991">
        <ele>833.48</ele>
        <time>2026-06-14T00:57:17Z</time>
      </trkpt>
      <trkpt lat="34.233" lon="-118.18988">
        <ele>832.62</ele>
        <time>2026-06-14T00:57:20Z</time>
      </trkpt>
      <trkpt lat="34.23303" lon="-118.18984">
        <ele>831.54</ele>
        <time>2026-06-14T00:57:23Z</time>
      </trkpt>
      <trkpt lat="34.23305" lon="-118.18981">
        <ele>830.72</ele>
        <time>2026-06-14T00:57:26Z</time>
      </trkpt>
      <trkpt lat="34.23307" lon="-118.18978">
        <ele>830.28</ele>
        <time>2026-06-14T00:57:29Z</time>
      </trkpt>
      <trkpt lat="34.23309" lon="-118.18975">
        <ele>829.76</ele>
        <time>2026-06-14T00:57:32Z</time>
      </trkpt>
      <trkpt lat="34.2331" lon="-118.18972">
        <ele>828.88</ele>
        <time>2026-06-14T00:57:36Z</time>
      </trkpt>
      <trkpt lat="34.2331" lon="-118.18969">
        <ele>827.74</ele>
        <time>2026-06-14T00:57:40Z</time>
      </trkpt>
      <trkpt lat="34.23311" lon="-118.18966">
        <ele>826.88</ele>
        <time>2026-06-14T00:57:44Z</time>
      </trkpt>
      <trkpt lat="34.23313" lon="-118.18962">
        <ele>826.2</ele>
        <time>2026-06-14T00:57:48Z</time>
      </trkpt>
      <trkpt lat="34.23314" lon="-118.18959">
        <ele>825.88</ele>
        <time>2026-06-14T00:57:51Z</time>
      </trkpt>
      <trkpt lat="34.23316" lon="-118.18956">
        <ele>825.75</ele>
        <time>2026-06-14T00:57:54Z</time>
      </trkpt>
      <trkpt lat="34.23317" lon="-118.18952">
        <ele>825.29</ele>
        <time>2026-06-14T00:57:57Z</time>
      </trkpt>
      <trkpt lat="34.23319" lon="-118.18949">
        <ele>825.4</ele>
        <time>2026-06-14T00:58:00Z</time>
      </trkpt>
      <trkpt lat="34.2332" lon="-118.18946">
        <ele>825.29</ele>
        <time>2026-06-14T00:58:03Z</time>
      </trkpt>
      <trkpt lat="34.23323" lon="-118.18943">
        <ele>825.75</ele>
        <time>2026-06-14T00:58:06Z</time>
      </trkpt>
      <trkpt lat="34.23325" lon="-118.18942">
        <ele>826.12</ele>
        <time>2026-06-14T00:58:08Z</time>
      </trkpt>
      <trkpt lat="34.23328" lon="-118.18942">
        <ele>826.51</ele>
        <time>2026-06-14T00:58:10Z</time>
      </trkpt>
      <trkpt lat="34.23331" lon="-118.18941">
        <ele>826.66</ele>
        <time>2026-06-14T00:58:12Z</time>
      </trkpt>
      <trkpt lat="34.23334" lon="-118.1894">
        <ele>826.49</ele>
        <time>2026-06-14T00:58:14Z</time>
      </trkpt>
      <trkpt lat="34.23336" lon="-118.18939">
        <ele>825.95</ele>
        <time>2026-06-14T00:58:16Z</time>
      </trkpt>
      <trkpt lat="34.23338" lon="-118.18934">
        <ele>824.3</ele>
        <time>2026-06-14T00:58:19Z</time>
      </trkpt>
      <trkpt lat="34.23338" lon="-118.18931">
        <ele>823.82</ele>
        <time>2026-06-14T00:58:21Z</time>
      </trkpt>
      <trkpt lat="34.23337" lon="-118.18927">
        <ele>823.37</ele>
        <time>2026-06-14T00:58:23Z</time>
      </trkpt>
      <trkpt lat="34.23335" lon="-118.18924">
        <ele>823.43</ele>
        <time>2026-06-14T00:58:25Z</time>
      </trkpt>
      <trkpt lat="34.23332" lon="-118.18921">
        <ele>823.61</ele>
        <time>2026-06-14T00:58:28Z</time>
      </trkpt>
      <trkpt lat="34.2333" lon="-118.1892">
        <ele>823.72</ele>
        <time>2026-06-14T00:58:30Z</time>
      </trkpt>
      <trkpt lat="34.23327" lon="-118.18921">
        <ele>824.15</ele>
        <time>2026-06-14T00:58:32Z</time>
      </trkpt>
      <trkpt lat="34.23324" lon="-118.18922">
        <ele>824.56</ele>
        <time>2026-06-14T00:58:34Z</time>
      </trkpt>
      <trkpt lat="34.23321" lon="-118.18924">
        <ele>824.13</ele>
        <time>2026-06-14T00:58:36Z</time>
      </trkpt>
      <trkpt lat="34.23319" lon="-118.18926">
        <ele>823.91</ele>
        <time>2026-06-14T00:58:38Z</time>
      </trkpt>
      <trkpt lat="34.23317" lon="-118.18929">
        <ele>823.55</ele>
        <time>2026-06-14T00:58:40Z</time>
      </trkpt>
      <trkpt lat="34.23315" lon="-118.18932">
        <ele>823.05</ele>
        <time>2026-06-14T00:58:42Z</time>
      </trkpt>
      <trkpt lat="34.23313" lon="-118.18935">
        <ele>822.21</ele>
        <time>2026-06-14T00:58:44Z</time>
      </trkpt>
      <trkpt lat="34.23312" lon="-118.18939">
        <ele>822.32</ele>
        <time>2026-06-14T00:58:47Z</time>
      </trkpt>
      <trkpt lat="34.23312" lon="-118.18942">
        <ele>822.74</ele>
        <time>2026-06-14T00:58:50Z</time>
      </trkpt>
      <trkpt lat="34.23312" lon="-118.18946">
        <ele>823.26</ele>
        <time>2026-06-14T00:58:53Z</time>
      </trkpt>
      <trkpt lat="34.23312" lon="-118.1895">
        <ele>823.69</ele>
        <time>2026-06-14T00:58:56Z</time>
      </trkpt>
      <trkpt lat="34.23311" lon="-118.18954">
        <ele>823.83</ele>
        <time>2026-06-14T00:58:59Z</time>
      </trkpt>
      <trkpt lat="34.2331" lon="-118.18958">
        <ele>824.37</ele>
        <time>2026-06-14T00:59:02Z</time>
      </trkpt>
      <trkpt lat="34.23308" lon="-118.18961">
        <ele>824.37</ele>
        <time>2026-06-14T00:59:05Z</time>
      </trkpt>
      <trkpt lat="34.23306" lon="-118.18965">
        <ele>825.01</ele>
        <time>2026-06-14T00:59:08Z</time>
      </trkpt>
      <trkpt lat="34.23305" lon="-118.18968">
        <ele>826.03</ele>
        <time>2026-06-14T00:59:11Z</time>
      </trkpt>
      <trkpt lat="34.23304" lon="-118.18971">
        <ele>827.11</ele>
        <time>2026-06-14T00:59:14Z</time>
      </trkpt>
      <trkpt lat="34.23303" lon="-118.18975">
        <ele>828.35</ele>
        <time>2026-06-14T00:59:17Z</time>
      </trkpt>
      <trkpt lat="34.23301" lon="-118.18979">
        <ele>829.21</ele>
        <time>2026-06-14T00:59:20Z</time>
      </trkpt>
      <trkpt lat="34.233" lon="-118.18982">
        <ele>830.02</ele>
        <time>2026-06-14T00:59:23Z</time>
      </trkpt>
      <trkpt lat="34.23297" lon="-118.18982">
        <ele>829.38</ele>
        <time>2026-06-14T00:59:25Z</time>
      </trkpt>
      <trkpt lat="34.23294" lon="-118.18981">
        <ele>828.83</ele>
        <time>2026-06-14T00:59:27Z</time>
      </trkpt>
      <trkpt lat="34.2329" lon="-118.18979">
        <ele>828.01</ele>
        <time>2026-06-14T00:59:29Z</time>
      </trkpt>
      <trkpt lat="34.23287" lon="-118.18977">
        <ele>827.07</ele>
        <time>2026-06-14T00:59:31Z</time>
      </trkpt>
      <trkpt lat="34.23285" lon="-118.18976">
        <ele>827.03</ele>
        <time>2026-06-14T00:59:33Z</time>
      </trkpt>
      <trkpt lat="34.23283" lon="-118.18973">
        <ele>825.85</ele>
        <time>2026-06-14T00:59:36Z</time>
      </trkpt>
      <trkpt lat="34.23281" lon="-118.18971">
        <ele>825.08</ele>
        <time>2026-06-14T00:59:39Z</time>
      </trkpt>
      <trkpt lat="34.23279" lon="-118.18968">
        <ele>823.98</ele>
        <time>2026-06-14T00:59:42Z</time>
      </trkpt>
      <trkpt lat="34.23277" lon="-118.18966">
        <ele>823.68</ele>
        <time>2026-06-14T00:59:45Z</time>
      </trkpt>
      <trkpt lat="34.23276" lon="-118.18963">
        <ele>822.78</ele>
        <time>2026-06-14T00:59:48Z</time>
      </trkpt>
      <trkpt lat="34.23274" lon="-118.1896">
        <ele>821.58</ele>
        <time>2026-06-14T00:59:51Z</time>
      </trkpt>
      <trkpt lat="34.23273" lon="-118.18957">
        <ele>819.87</ele>
        <time>2026-06-14T00:59:54Z</time>
      </trkpt>
      <trkpt lat="34.23271" lon="-118.18954">
        <ele>818.41</ele>
        <time>2026-06-14T00:59:57Z</time>
      </trkpt>
      <trkpt lat="34.23269" lon="-118.18951">
        <ele>817.37</ele>
        <time>2026-06-14T01:00:00Z</time>
      </trkpt>
      <trkpt lat="34.23268" lon="-118.18949">
        <ele>816.71</ele>
        <time>2026-06-14T01:00:03Z</time>
      </trkpt>
      <trkpt lat="34.23266" lon="-118.18946">
        <ele>815.79</ele>
        <time>2026-06-14T01:00:06Z</time>
      </trkpt>
      <trkpt lat="34.23264" lon="-118.18943">
        <ele>814.92</ele>
        <time>2026-06-14T01:00:09Z</time>
      </trkpt>
      <trkpt lat="34.23262" lon="-118.18941">
        <ele>814.89</ele>
        <time>2026-06-14T01:00:12Z</time>
      </trkpt>
      <trkpt lat="34.2326" lon="-118.18938">
        <ele>814.62</ele>
        <time>2026-06-14T01:00:15Z</time>
      </trkpt>
      <trkpt lat="34.23258" lon="-118.18936">
        <ele>814.86</ele>
        <time>2026-06-14T01:00:18Z</time>
      </trkpt>
      <trkpt lat="34.23256" lon="-118.18933">
        <ele>814.7</ele>
        <time>2026-06-14T01:00:21Z</time>
      </trkpt>
      <trkpt lat="34.23254" lon="-118.1893">
        <ele>814.59</ele>
        <time>2026-06-14T01:00:24Z</time>
      </trkpt>
      <trkpt lat="34.23252" lon="-118.18927">
        <ele>814.48</ele>
        <time>2026-06-14T01:00:27Z</time>
      </trkpt>
      <trkpt lat="34.23251" lon="-118.18924">
        <ele>814.17</ele>
        <time>2026-06-14T01:00:30Z</time>
      </trkpt>
      <trkpt lat="34.23249" lon="-118.18921">
        <ele>814.47</ele>
        <time>2026-06-14T01:00:33Z</time>
      </trkpt>
      <trkpt lat="34.23247" lon="-118.18918">
        <ele>814.68</ele>
        <time>2026-06-14T01:00:36Z</time>
      </trkpt>
      <trkpt lat="34.23246" lon="-118.18915">
        <ele>814.47</ele>
        <time>2026-06-14T01:00:39Z</time>
      </trkpt>
      <trkpt lat="34.23244" lon="-118.18912">
        <ele>814.76</ele>
        <time>2026-06-14T01:00:42Z</time>
      </trkpt>
      <trkpt lat="34.23243" lon="-118.18908">
        <ele>814.38</ele>
        <time>2026-06-14T01:00:45Z</time>
      </trkpt>
      <trkpt lat="34.23242" lon="-118.18904">
        <ele>814.17</ele>
        <time>2026-06-14T01:00:48Z</time>
      </trkpt>
      <trkpt lat="34.23243" lon="-118.18899">
        <ele>813.14</ele>
        <time>2026-06-14T01:00:50Z</time>
      </trkpt>
      <trkpt lat="34.23244" lon="-118.18894">
        <ele>811.99</ele>
        <time>2026-06-14T01:00:52Z</time>
      </trkpt>
      <trkpt lat="34.23243" lon="-118.1889">
        <ele>811.93</ele>
        <time>2026-06-14T01:00:54Z</time>
      </trkpt>
      <trkpt lat="34.23242" lon="-118.18886">
        <ele>812.32</ele>
        <time>2026-06-14T01:00:56Z</time>
      </trkpt>
      <trkpt lat="34.23242" lon="-118.18883">
        <ele>812.32</ele>
        <time>2026-06-14T01:00:58Z</time>
      </trkpt>
      <trkpt lat="34.23241" lon="-118.18878">
        <ele>812.86</ele>
        <time>2026-06-14T01:01:01Z</time>
      </trkpt>
      <trkpt lat="34.23241" lon="-118.18874">
        <ele>812.86</ele>
        <time>2026-06-14T01:01:04Z</time>
      </trkpt>
      <trkpt lat="34.23241" lon="-118.18869">
        <ele>813.01</ele>
        <time>2026-06-14T01:01:07Z</time>
      </trkpt>
      <trkpt lat="34.23242" lon="-118.18865">
        <ele>812.9</ele>
        <time>2026-06-14T01:01:10Z</time>
      </trkpt>
      <trkpt lat="34.23243" lon="-118.18861">
        <ele>812.79</ele>
        <time>2026-06-14T01:01:13Z</time>
      </trkpt>
      <trkpt lat="34.23244" lon="-118.18857">
        <ele>812.68</ele>
        <time>2026-06-14T01:01:16Z</time>
      </trkpt>
      <trkpt lat="34.23245" lon="-118.18852">
        <ele>812.68</ele>
        <time>2026-06-14T01:01:19Z</time>
      </trkpt>
      <trkpt lat="34.23247" lon="-118.18848">
        <ele>812.04</ele>
        <time>2026-06-14T01:01:22Z</time>
      </trkpt>
      <trkpt lat="34.23248" lon="-118.18844">
        <ele>811.93</ele>
        <time>2026-06-14T01:01:25Z</time>
      </trkpt>
      <trkpt lat="34.23249" lon="-118.18841">
        <ele>811.71</ele>
        <time>2026-06-14T01:01:28Z</time>
      </trkpt>
      <trkpt lat="34.23251" lon="-118.18837">
        <ele>811.06</ele>
        <time>2026-06-14T01:01:32Z</time>
      </trkpt>
      <trkpt lat="34.23253" lon="-118.18834">
        <ele>810.31</ele>
        <time>2026-06-14T01:01:35Z</time>
      </trkpt>
      <trkpt lat="34.23254" lon="-118.1883">
        <ele>810.2</ele>
        <time>2026-06-14T01:01:38Z</time>
      </trkpt>
      <trkpt lat="34.23255" lon="-118.18826">
        <ele>810.09</ele>
        <time>2026-06-14T01:01:41Z</time>
      </trkpt>
      <trkpt lat="34.23255" lon="-118.18822">
        <ele>810.52</ele>
        <time>2026-06-14T01:01:44Z</time>
      </trkpt>
      <trkpt lat="34.23256" lon="-118.18818">
        <ele>810.42</ele>
        <time>2026-06-14T01:01:47Z</time>
      </trkpt>
      <trkpt lat="34.23256" lon="-118.18814">
        <ele>810.85</ele>
        <time>2026-06-14T01:01:50Z</time>
      </trkpt>
      <trkpt lat="34.23256" lon="-118.1881">
        <ele>811.28</ele>
        <time>2026-06-14T01:01:53Z</time>
      </trkpt>
      <trkpt lat="34.23257" lon="-118.18806">
        <ele>811.17</ele>
        <time>2026-06-14T01:01:56Z</time>
      </trkpt>
      <trkpt lat="34.23257" lon="-118.18802">
        <ele>810.93</ele>
        <time>2026-06-14T01:01:59Z</time>
      </trkpt>
      <trkpt lat="34.23257" lon="-118.18799">
        <ele>810.68</ele>
        <time>2026-06-14T01:02:02Z</time>
      </trkpt>
      <trkpt lat="34.23257" lon="-118.18795">
        <ele>810.5</ele>
        <time>2026-06-14T01:02:05Z</time>
      </trkpt>
      <trkpt lat="34.23258" lon="-118.18791">
        <ele>809.89</ele>
        <time>2026-06-14T01:02:08Z</time>
      </trkpt>
      <trkpt lat="34.23258" lon="-118.18786">
        <ele>809.84</ele>
        <time>2026-06-14T01:02:11Z</time>
      </trkpt>
      <trkpt lat="34.23259" lon="-118.18782">
        <ele>808.65</ele>
        <time>2026-06-14T01:02:14Z</time>
      </trkpt>
      <trkpt lat="34.2326" lon="-118.18779">
        <ele>807.8</ele>
        <time>2026-06-14T01:02:17Z</time>
      </trkpt>
      <trkpt lat="34.23261" lon="-118.18776">
        <ele>806.9</ele>
        <time>2026-06-14T01:02:21Z</time>
      </trkpt>
      <trkpt lat="34.23262" lon="-118.18773">
        <ele>805.94</ele>
        <time>2026-06-14T01:02:25Z</time>
      </trkpt>
      <trkpt lat="34.23262" lon="-118.18769">
        <ele>805.2</ele>
        <time>2026-06-14T01:02:29Z</time>
      </trkpt>
      <trkpt lat="34.23263" lon="-118.18765">
        <ele>804.18</ele>
        <time>2026-06-14T01:02:33Z</time>
      </trkpt>
      <trkpt lat="34.23263" lon="-118.18761">
        <ele>803.49</ele>
        <time>2026-06-14T01:02:36Z</time>
      </trkpt>
      <trkpt lat="34.23261" lon="-118.18757">
        <ele>803.14</ele>
        <time>2026-06-14T01:02:39Z</time>
      </trkpt>
      <trkpt lat="34.23258" lon="-118.18755">
        <ele>803.43</ele>
        <time>2026-06-14T01:02:41Z</time>
      </trkpt>
      <trkpt lat="34.23256" lon="-118.18753">
        <ele>803.47</ele>
        <time>2026-06-14T01:02:43Z</time>
      </trkpt>
      <trkpt lat="34.23254" lon="-118.1875">
        <ele>803.14</ele>
        <time>2026-06-14T01:02:46Z</time>
      </trkpt>
      <trkpt lat="34.23251" lon="-118.18746">
        <ele>802.87</ele>
        <time>2026-06-14T01:02:49Z</time>
      </trkpt>
      <trkpt lat="34.23249" lon="-118.18743">
        <ele>802.62</ele>
        <time>2026-06-14T01:02:52Z</time>
      </trkpt>
      <trkpt lat="34.23247" lon="-118.1874">
        <ele>802.08</ele>
        <time>2026-06-14T01:02:55Z</time>
      </trkpt>
      <trkpt lat="34.23245" lon="-118.18737">
        <ele>801.33</ele>
        <time>2026-06-14T01:02:58Z</time>
      </trkpt>
      <trkpt lat="34.23242" lon="-118.18734">
        <ele>800.68</ele>
        <time>2026-06-14T01:03:01Z</time>
      </trkpt>
      <trkpt lat="34.2324" lon="-118.18731">
        <ele>799.97</ele>
        <time>2026-06-14T01:03:04Z</time>
      </trkpt>
      <trkpt lat="34.23237" lon="-118.18728">
        <ele>799.5</ele>
        <time>2026-06-14T01:03:07Z</time>
      </trkpt>
      <trkpt lat="34.23234" lon="-118.18725">
        <ele>798.82</ele>
        <time>2026-06-14T01:03:10Z</time>
      </trkpt>
      <trkpt lat="34.2323" lon="-118.18723">
        <ele>798.25</ele>
        <time>2026-06-14T01:03:13Z</time>
      </trkpt>
      <trkpt lat="34.23226" lon="-118.18723">
        <ele>798.25</ele>
        <time>2026-06-14T01:03:16Z</time>
      </trkpt>
      <trkpt lat="34.23223" lon="-118.18725">
        <ele>798.9</ele>
        <time>2026-06-14T01:03:18Z</time>
      </trkpt>
      <trkpt lat="34.23221" lon="-118.18727">
        <ele>799.55</ele>
        <time>2026-06-14T01:03:20Z</time>
      </trkpt>
      <trkpt lat="34.23218" lon="-118.18729">
        <ele>800.2</ele>
        <time>2026-06-14T01:03:23Z</time>
      </trkpt>
      <trkpt lat="34.23215" lon="-118.18731">
        <ele>800.84</ele>
        <time>2026-06-14T01:03:26Z</time>
      </trkpt>
      <trkpt lat="34.23212" lon="-118.18732">
        <ele>801.26</ele>
        <time>2026-06-14T01:03:29Z</time>
      </trkpt>
      <trkpt lat="34.23209" lon="-118.18733">
        <ele>801.78</ele>
        <time>2026-06-14T01:03:32Z</time>
      </trkpt>
      <trkpt lat="34.23206" lon="-118.18732">
        <ele>801.84</ele>
        <time>2026-06-14T01:03:35Z</time>
      </trkpt>
      <trkpt lat="34.23205" lon="-118.18729">
        <ele>801.29</ele>
        <time>2026-06-14T01:03:37Z</time>
      </trkpt>
      <trkpt lat="34.23203" lon="-118.18725">
        <ele>800.88</ele>
        <time>2026-06-14T01:03:40Z</time>
      </trkpt>
      <trkpt lat="34.23202" lon="-118.18722">
        <ele>800.66</ele>
        <time>2026-06-14T01:03:43Z</time>
      </trkpt>
      <trkpt lat="34.23201" lon="-118.18719">
        <ele>800.12</ele>
        <time>2026-06-14T01:03:46Z</time>
      </trkpt>
      <trkpt lat="34.23201" lon="-118.18715">
        <ele>798.83</ele>
        <time>2026-06-14T01:03:49Z</time>
      </trkpt>
      <trkpt lat="34.23201" lon="-118.18711">
        <ele>797.32</ele>
        <time>2026-06-14T01:03:52Z</time>
      </trkpt>
      <trkpt lat="34.232" lon="-118.18707">
        <ele>796.02</ele>
        <time>2026-06-14T01:03:55Z</time>
      </trkpt>
      <trkpt lat="34.232" lon="-118.18703">
        <ele>794.3</ele>
        <time>2026-06-14T01:03:58Z</time>
      </trkpt>
      <trkpt lat="34.23199" lon="-118.187">
        <ele>793.43</ele>
        <time>2026-06-14T01:04:01Z</time>
      </trkpt>
      <trkpt lat="34.23198" lon="-118.18696">
        <ele>792.14</ele>
        <time>2026-06-14T01:04:04Z</time>
      </trkpt>
      <trkpt lat="34.23197" lon="-118.18691">
        <ele>791.15</ele>
        <time>2026-06-14T01:04:07Z</time>
      </trkpt>
      <trkpt lat="34.23197" lon="-118.18687">
        <ele>790.29</ele>
        <time>2026-06-14T01:04:10Z</time>
      </trkpt>
      <trkpt lat="34.23196" lon="-118.18683">
        <ele>790.29</ele>
        <time>2026-06-14T01:04:13Z</time>
      </trkpt>
      <trkpt lat="34.23196" lon="-118.18678">
        <ele>790.2</ele>
        <time>2026-06-14T01:04:16Z</time>
      </trkpt>
      <trkpt lat="34.23196" lon="-118.18674">
        <ele>790.37</ele>
        <time>2026-06-14T01:04:19Z</time>
      </trkpt>
      <trkpt lat="34.23198" lon="-118.18671">
        <ele>789.61</ele>
        <time>2026-06-14T01:04:21Z</time>
      </trkpt>
      <trkpt lat="34.232" lon="-118.18668">
        <ele>788.86</ele>
        <time>2026-06-14T01:04:23Z</time>
      </trkpt>
      <trkpt lat="34.23201" lon="-118.18666">
        <ele>788.6</ele>
        <time>2026-06-14T01:04:25Z</time>
      </trkpt>
      <trkpt lat="34.23203" lon="-118.18664">
        <ele>787.96</ele>
        <time>2026-06-14T01:04:27Z</time>
      </trkpt>
      <trkpt lat="34.23207" lon="-118.18663">
        <ele>786.37</ele>
        <time>2026-06-14T01:04:30Z</time>
      </trkpt>
      <trkpt lat="34.23209" lon="-118.18661">
        <ele>785.94</ele>
        <time>2026-06-14T01:04:33Z</time>
      </trkpt>
      <trkpt lat="34.23211" lon="-118.18658">
        <ele>785.72</ele>
        <time>2026-06-14T01:04:36Z</time>
      </trkpt>
      <trkpt lat="34.23213" lon="-118.18655">
        <ele>785.5</ele>
        <time>2026-06-14T01:04:39Z</time>
      </trkpt>
      <trkpt lat="34.23215" lon="-118.18652">
        <ele>785.29</ele>
        <time>2026-06-14T01:04:42Z</time>
      </trkpt>
      <trkpt lat="34.23217" lon="-118.18649">
        <ele>785.07</ele>
        <time>2026-06-14T01:04:45Z</time>
      </trkpt>
      <trkpt lat="34.23219" lon="-118.18645">
        <ele>784.85</ele>
        <time>2026-06-14T01:04:48Z</time>
      </trkpt>
      <trkpt lat="34.23221" lon="-118.18641">
        <ele>784.4</ele>
        <time>2026-06-14T01:04:51Z</time>
      </trkpt>
      <trkpt lat="34.23222" lon="-118.18638">
        <ele>784.31</ele>
        <time>2026-06-14T01:04:53Z</time>
      </trkpt>
      <trkpt lat="34.23223" lon="-118.18635">
        <ele>784.55</ele>
        <time>2026-06-14T01:04:56Z</time>
      </trkpt>
      <trkpt lat="34.23224" lon="-118.18631">
        <ele>784.96</ele>
        <time>2026-06-14T01:04:59Z</time>
      </trkpt>
      <trkpt lat="34.23225" lon="-118.18627">
        <ele>785.37</ele>
        <time>2026-06-14T01:05:02Z</time>
      </trkpt>
      <trkpt lat="34.23226" lon="-118.18623">
        <ele>785.8</ele>
        <time>2026-06-14T01:05:05Z</time>
      </trkpt>
      <trkpt lat="34.23227" lon="-118.18619">
        <ele>786.01</ele>
        <time>2026-06-14T01:05:08Z</time>
      </trkpt>
      <trkpt lat="34.23227" lon="-118.18615">
        <ele>786.24</ele>
        <time>2026-06-14T01:05:11Z</time>
      </trkpt>
      <trkpt lat="34.23229" lon="-118.18611">
        <ele>785.81</ele>
        <time>2026-06-14T01:05:14Z</time>
      </trkpt>
      <trkpt lat="34.23231" lon="-118.18608">
        <ele>785.17</ele>
        <time>2026-06-14T01:05:17Z</time>
      </trkpt>
      <trkpt lat="34.23234" lon="-118.18606">
        <ele>783.91</ele>
        <time>2026-06-14T01:05:20Z</time>
      </trkpt>
      <trkpt lat="34.23237" lon="-118.18608">
        <ele>782.62</ele>
        <time>2026-06-14T01:05:23Z</time>
      </trkpt>
      <trkpt lat="34.2324" lon="-118.1861">
        <ele>781.32</ele>
        <time>2026-06-14T01:05:25Z</time>
      </trkpt>
      <trkpt lat="34.23242" lon="-118.18612">
        <ele>780.5</ele>
        <time>2026-06-14T01:05:27Z</time>
      </trkpt>
      <trkpt lat="34.23244" lon="-118.18614">
        <ele>779.63</ele>
        <time>2026-06-14T01:05:29Z</time>
      </trkpt>
      <trkpt lat="34.23246" lon="-118.18617">
        <ele>778.66</ele>
        <time>2026-06-14T01:05:31Z</time>
      </trkpt>
      <trkpt lat="34.23248" lon="-118.18619">
        <ele>777.8</ele>
        <time>2026-06-14T01:05:33Z</time>
      </trkpt>
      <trkpt lat="34.23248" lon="-118.18624">
        <ele>776.95</ele>
        <time>2026-06-14T01:05:36Z</time>
      </trkpt>
      <trkpt lat="34.23248" lon="-118.18628">
        <ele>776.18</ele>
        <time>2026-06-14T01:05:39Z</time>
      </trkpt>
      <trkpt lat="34.23247" lon="-118.18632">
        <ele>775.78</ele>
        <time>2026-06-14T01:05:42Z</time>
      </trkpt>
      <trkpt lat="34.23245" lon="-118.18636">
        <ele>775.78</ele>
        <time>2026-06-14T01:05:45Z</time>
      </trkpt>
      <trkpt lat="34.23244" lon="-118.1864">
        <ele>775.27</ele>
        <time>2026-06-14T01:05:48Z</time>
      </trkpt>
      <trkpt lat="34.23243" lon="-118.18643">
        <ele>774.8</ele>
        <time>2026-06-14T01:05:51Z</time>
      </trkpt>
      <trkpt lat="34.23241" lon="-118.18646">
        <ele>774.61</ele>
        <time>2026-06-14T01:05:54Z</time>
      </trkpt>
      <trkpt lat="34.23239" lon="-118.18649">
        <ele>774.68</ele>
        <time>2026-06-14T01:05:57Z</time>
      </trkpt>
      <trkpt lat="34.23236" lon="-118.18651">
        <ele>775.79</ele>
        <time>2026-06-14T01:05:59Z</time>
      </trkpt>
      <trkpt lat="34.23234" lon="-118.18654">
        <ele>776.2</ele>
        <time>2026-06-14T01:06:01Z</time>
      </trkpt>
      <trkpt lat="34.23231" lon="-118.18657">
        <ele>777.3</ele>
        <time>2026-06-14T01:06:04Z</time>
      </trkpt>
      <trkpt lat="34.23229" lon="-118.1866">
        <ele>777.79</ele>
        <time>2026-06-14T01:06:07Z</time>
      </trkpt>
      <trkpt lat="34.23228" lon="-118.18664">
        <ele>777.79</ele>
        <time>2026-06-14T01:06:10Z</time>
      </trkpt>
      <trkpt lat="34.23226" lon="-118.18667">
        <ele>778.36</ele>
        <time>2026-06-14T01:06:13Z</time>
      </trkpt>
      <trkpt lat="34.23224" lon="-118.18671">
        <ele>778.94</ele>
        <time>2026-06-14T01:06:16Z</time>
      </trkpt>
      <trkpt lat="34.23222" lon="-118.18675">
        <ele>779.15</ele>
        <time>2026-06-14T01:06:19Z</time>
      </trkpt>
      <trkpt lat="34.23222" lon="-118.18679">
        <ele>779.05</ele>
        <time>2026-06-14T01:06:22Z</time>
      </trkpt>
      <trkpt lat="34.23221" lon="-118.18683">
        <ele>779.26</ele>
        <time>2026-06-14T01:06:25Z</time>
      </trkpt>
      <trkpt lat="34.23223" lon="-118.18686">
        <ele>778.93</ele>
        <time>2026-06-14T01:06:27Z</time>
      </trkpt>
      <trkpt lat="34.23225" lon="-118.18687">
        <ele>778.71</ele>
        <time>2026-06-14T01:06:28Z</time>
      </trkpt>
      <trkpt lat="34.23228" lon="-118.18689">
        <ele>778.68</ele>
        <time>2026-06-14T01:06:29Z</time>
      </trkpt>
      <trkpt lat="34.23231" lon="-118.18689">
        <ele>778.3</ele>
        <time>2026-06-14T01:06:30Z</time>
      </trkpt>
      <trkpt lat="34.23236" lon="-118.1869">
        <ele>778.33</ele>
        <time>2026-06-14T01:06:32Z</time>
      </trkpt>
      <trkpt lat="34.23239" lon="-118.1869">
        <ele>778.17</ele>
        <time>2026-06-14T01:06:34Z</time>
      </trkpt>
      <trkpt lat="34.23242" lon="-118.1869">
        <ele>778.08</ele>
        <time>2026-06-14T01:06:36Z</time>
      </trkpt>
      <trkpt lat="34.23245" lon="-118.18689">
        <ele>777.65</ele>
        <time>2026-06-14T01:06:39Z</time>
      </trkpt>
      <trkpt lat="34.23249" lon="-118.18687">
        <ele>776.78</ele>
        <time>2026-06-14T01:06:42Z</time>
      </trkpt>
      <trkpt lat="34.23252" lon="-118.18685">
        <ele>775.71</ele>
        <time>2026-06-14T01:06:45Z</time>
      </trkpt>
      <trkpt lat="34.23255" lon="-118.18684">
        <ele>775.02</ele>
        <time>2026-06-14T01:06:48Z</time>
      </trkpt>
      <trkpt lat="34.23258" lon="-118.18683">
        <ele>774.4</ele>
        <time>2026-06-14T01:06:51Z</time>
      </trkpt>
      <trkpt lat="34.23262" lon="-118.18683">
        <ele>774.29</ele>
        <time>2026-06-14T01:06:54Z</time>
      </trkpt>
      <trkpt lat="34.23265" lon="-118.18683">
        <ele>774.29</ele>
        <time>2026-06-14T01:06:57Z</time>
      </trkpt>
      <trkpt lat="34.23268" lon="-118.18682">
        <ele>773.97</ele>
        <time>2026-06-14T01:07:00Z</time>
      </trkpt>
      <trkpt lat="34.23271" lon="-118.18682">
        <ele>773.97</ele>
        <time>2026-06-14T01:07:03Z</time>
      </trkpt>
      <trkpt lat="34.23274" lon="-118.18681">
        <ele>773.64</ele>
        <time>2026-06-14T01:07:06Z</time>
      </trkpt>
      <trkpt lat="34.23277" lon="-118.18681">
        <ele>773.64</ele>
        <time>2026-06-14T01:07:09Z</time>
      </trkpt>
      <trkpt lat="34.2328" lon="-118.18681">
        <ele>773.64</ele>
        <time>2026-06-14T01:07:14Z</time>
      </trkpt>
      <trkpt lat="34.23283" lon="-118.18682">
        <ele>773.97</ele>
        <time>2026-06-14T01:07:19Z</time>
      </trkpt>
      <trkpt lat="34.23285" lon="-118.18682">
        <ele>773.97</ele>
        <time>2026-06-14T01:07:23Z</time>
      </trkpt>
      <trkpt lat="34.23289" lon="-118.18683">
        <ele>774.29</ele>
        <time>2026-06-14T01:07:27Z</time>
      </trkpt>
      <trkpt lat="34.23292" lon="-118.18684">
        <ele>774.62</ele>
        <time>2026-06-14T01:07:31Z</time>
      </trkpt>
      <trkpt lat="34.23295" lon="-118.18684">
        <ele>774.62</ele>
        <time>2026-06-14T01:07:35Z</time>
      </trkpt>
      <trkpt lat="34.23298" lon="-118.18685">
        <ele>774.76</ele>
        <time>2026-06-14T01:07:38Z</time>
      </trkpt>
      <trkpt lat="34.23301" lon="-118.18685">
        <ele>774.44</ele>
        <time>2026-06-14T01:07:41Z</time>
      </trkpt>
      <trkpt lat="34.23304" lon="-118.18685">
        <ele>774.12</ele>
        <time>2026-06-14T01:07:44Z</time>
      </trkpt>
      <trkpt lat="34.23307" lon="-118.18685">
        <ele>773.65</ele>
        <time>2026-06-14T01:07:47Z</time>
      </trkpt>
      <trkpt lat="34.2331" lon="-118.18685">
        <ele>773.01</ele>
        <time>2026-06-14T01:07:50Z</time>
      </trkpt>
      <trkpt lat="34.23313" lon="-118.18685">
        <ele>772.37</ele>
        <time>2026-06-14T01:07:53Z</time>
      </trkpt>
      <trkpt lat="34.23316" lon="-118.18685">
        <ele>771.59</ele>
        <time>2026-06-14T01:07:56Z</time>
      </trkpt>
      <trkpt lat="34.23319" lon="-118.18685">
        <ele>770.61</ele>
        <time>2026-06-14T01:07:59Z</time>
      </trkpt>
      <trkpt lat="34.23322" lon="-118.18685">
        <ele>769.64</ele>
        <time>2026-06-14T01:08:02Z</time>
      </trkpt>
      <trkpt lat="34.23325" lon="-118.18686">
        <ele>768.6</ele>
        <time>2026-06-14T01:08:05Z</time>
      </trkpt>
      <trkpt lat="34.23327" lon="-118.18689">
        <ele>767.96</ele>
        <time>2026-06-14T01:08:07Z</time>
      </trkpt>
      <trkpt lat="34.23329" lon="-118.18692">
        <ele>767.47</ele>
        <time>2026-06-14T01:08:09Z</time>
      </trkpt>
      <trkpt lat="34.23331" lon="-118.18695">
        <ele>767.13</ele>
        <time>2026-06-14T01:08:11Z</time>
      </trkpt>
      <trkpt lat="34.23334" lon="-118.18698">
        <ele>766.48</ele>
        <time>2026-06-14T01:08:14Z</time>
      </trkpt>
      <trkpt lat="34.23336" lon="-118.187">
        <ele>766.05</ele>
        <time>2026-06-14T01:08:17Z</time>
      </trkpt>
      <trkpt lat="34.23339" lon="-118.18702">
        <ele>765.18</ele>
        <time>2026-06-14T01:08:20Z</time>
      </trkpt>
      <trkpt lat="34.23342" lon="-118.18705">
        <ele>764.4</ele>
        <time>2026-06-14T01:08:23Z</time>
      </trkpt>
      <trkpt lat="34.23345" lon="-118.18708">
        <ele>763.68</ele>
        <time>2026-06-14T01:08:26Z</time>
      </trkpt>
      <trkpt lat="34.23348" lon="-118.18711">
        <ele>763.04</ele>
        <time>2026-06-14T01:08:29Z</time>
      </trkpt>
      <trkpt lat="34.23351" lon="-118.18714">
        <ele>762.29</ele>
        <time>2026-06-14T01:08:32Z</time>
      </trkpt>
      <trkpt lat="34.23353" lon="-118.18716">
        <ele>761.54</ele>
        <time>2026-06-14T01:08:34Z</time>
      </trkpt>
      <trkpt lat="34.23354" lon="-118.18719">
        <ele>761.22</ele>
        <time>2026-06-14T01:08:36Z</time>
      </trkpt>
      <trkpt lat="34.23355" lon="-118.18723">
        <ele>760.92</ele>
        <time>2026-06-14T01:08:38Z</time>
      </trkpt>
      <trkpt lat="34.23356" lon="-118.18726">
        <ele>760.29</ele>
        <time>2026-06-14T01:08:40Z</time>
      </trkpt>
      <trkpt lat="34.23356" lon="-118.18731">
        <ele>759.81</ele>
        <time>2026-06-14T01:08:43Z</time>
      </trkpt>
      <trkpt lat="34.23355" lon="-118.18736">
        <ele>759.48</ele>
        <time>2026-06-14T01:08:46Z</time>
      </trkpt>
      <trkpt lat="34.23354" lon="-118.1874">
        <ele>759.49</ele>
        <time>2026-06-14T01:08:49Z</time>
      </trkpt>
      <trkpt lat="34.23353" lon="-118.18744">
        <ele>758.99</ele>
        <time>2026-06-14T01:08:52Z</time>
      </trkpt>
      <trkpt lat="34.23351" lon="-118.18748">
        <ele>759.0</ele>
        <time>2026-06-14T01:08:55Z</time>
      </trkpt>
      <trkpt lat="34.23348" lon="-118.18749">
        <ele>759.94</ele>
        <time>2026-06-14T01:08:57Z</time>
      </trkpt>
      <trkpt lat="34.23345" lon="-118.18751">
        <ele>760.8</ele>
        <time>2026-06-14T01:08:59Z</time>
      </trkpt>
      <trkpt lat="34.23343" lon="-118.18752">
        <ele>761.59</ele>
        <time>2026-06-14T01:09:01Z</time>
      </trkpt>
      <trkpt lat="34.2334" lon="-118.18754">
        <ele>762.69</ele>
        <time>2026-06-14T01:09:04Z</time>
      </trkpt>
      <trkpt lat="34.23337" lon="-118.18758">
        <ele>763.55</ele>
        <time>2026-06-14T01:09:07Z</time>
      </trkpt>
      <trkpt lat="34.23335" lon="-118.18761">
        <ele>764.25</ele>
        <time>2026-06-14T01:09:10Z</time>
      </trkpt>
      <trkpt lat="34.23334" lon="-118.18764">
        <ele>764.68</ele>
        <time>2026-06-14T01:09:13Z</time>
      </trkpt>
      <trkpt lat="34.23333" lon="-118.18768">
        <ele>765.08</ele>
        <time>2026-06-14T01:09:16Z</time>
      </trkpt>
      <trkpt lat="34.23331" lon="-118.18771">
        <ele>765.24</ele>
        <time>2026-06-14T01:09:19Z</time>
      </trkpt>
      <trkpt lat="34.2333" lon="-118.18774">
        <ele>765.13</ele>
        <time>2026-06-14T01:09:22Z</time>
      </trkpt>
      <trkpt lat="34.23328" lon="-118.18778">
        <ele>765.15</ele>
        <time>2026-06-14T01:09:26Z</time>
      </trkpt>
      <trkpt lat="34.2333" lon="-118.18782">
        <ele>764.72</ele>
        <time>2026-06-14T01:09:29Z</time>
      </trkpt>
      <trkpt lat="34.23333" lon="-118.18785">
        <ele>764.07</ele>
        <time>2026-06-14T01:09:32Z</time>
      </trkpt>
      <trkpt lat="34.23335" lon="-118.18787">
        <ele>763.82</ele>
        <time>2026-06-14T01:09:34Z</time>
      </trkpt>
      <trkpt lat="34.23339" lon="-118.18789">
        <ele>763.73</ele>
        <time>2026-06-14T01:09:36Z</time>
      </trkpt>
      <trkpt lat="34.23343" lon="-118.1879">
        <ele>763.57</ele>
        <time>2026-06-14T01:09:38Z</time>
      </trkpt>
      <trkpt lat="34.23347" lon="-118.1879">
        <ele>762.84</ele>
        <time>2026-06-14T01:09:40Z</time>
      </trkpt>
      <trkpt lat="34.2335" lon="-118.18787">
        <ele>761.39</ele>
        <time>2026-06-14T01:09:42Z</time>
      </trkpt>
      <trkpt lat="34.23353" lon="-118.18785">
        <ele>759.97</ele>
        <time>2026-06-14T01:09:44Z</time>
      </trkpt>
      <trkpt lat="34.23355" lon="-118.18784">
        <ele>759.0</ele>
        <time>2026-06-14T01:09:46Z</time>
      </trkpt>
      <trkpt lat="34.23358" lon="-118.18782">
        <ele>757.38</ele>
        <time>2026-06-14T01:09:48Z</time>
      </trkpt>
      <trkpt lat="34.2336" lon="-118.1878">
        <ele>756.08</ele>
        <time>2026-06-14T01:09:50Z</time>
      </trkpt>
      <trkpt lat="34.23361" lon="-118.18776">
        <ele>754.08</ele>
        <time>2026-06-14T01:09:53Z</time>
      </trkpt>
      <trkpt lat="34.23364" lon="-118.18774">
        <ele>751.53</ele>
        <time>2026-06-14T01:09:56Z</time>
      </trkpt>
      <trkpt lat="34.23367" lon="-118.18776">
        <ele>750.98</ele>
        <time>2026-06-14T01:10:00Z</time>
      </trkpt>
      <trkpt lat="34.2337" lon="-118.18777">
        <ele>749.86</ele>
        <time>2026-06-14T01:10:03Z</time>
      </trkpt>
      <trkpt lat="34.23372" lon="-118.1878">
        <ele>750.21</ele>
        <time>2026-06-14T01:10:06Z</time>
      </trkpt>
      <trkpt lat="34.23374" lon="-118.18782">
        <ele>750.08</ele>
        <time>2026-06-14T01:10:09Z</time>
      </trkpt>
      <trkpt lat="34.23377" lon="-118.18785">
        <ele>749.7</ele>
        <time>2026-06-14T01:10:12Z</time>
      </trkpt>
      <trkpt lat="34.23378" lon="-118.18788">
        <ele>750.21</ele>
        <time>2026-06-14T01:10:15Z</time>
      </trkpt>
      <trkpt lat="34.23379" lon="-118.18792">
        <ele>750.98</ele>
        <time>2026-06-14T01:10:18Z</time>
      </trkpt>
      <trkpt lat="34.23381" lon="-118.18795">
        <ele>751.14</ele>
        <time>2026-06-14T01:10:22Z</time>
      </trkpt>
      <trkpt lat="34.23382" lon="-118.18798">
        <ele>752.01</ele>
        <time>2026-06-14T01:10:25Z</time>
      </trkpt>
      <trkpt lat="34.23384" lon="-118.18801">
        <ele>752.4</ele>
        <time>2026-06-14T01:10:28Z</time>
      </trkpt>
      <trkpt lat="34.23386" lon="-118.18804">
        <ele>752.38</ele>
        <time>2026-06-14T01:10:31Z</time>
      </trkpt>
      <trkpt lat="34.23389" lon="-118.18806">
        <ele>751.08</ele>
        <time>2026-06-14T01:10:34Z</time>
      </trkpt>
      <trkpt lat="34.23393" lon="-118.18806">
        <ele>750.63</ele>
        <time>2026-06-14T01:10:37Z</time>
      </trkpt>
      <trkpt lat="34.23395" lon="-118.18804">
        <ele>750.11</ele>
        <time>2026-06-14T01:10:39Z</time>
      </trkpt>
      <trkpt lat="34.23397" lon="-118.188">
        <ele>749.45</ele>
        <time>2026-06-14T01:10:41Z</time>
      </trkpt>
      <trkpt lat="34.23399" lon="-118.18796">
        <ele>749.34</ele>
        <time>2026-06-14T01:10:43Z</time>
      </trkpt>
      <trkpt lat="34.234" lon="-118.18792">
        <ele>749.34</ele>
        <time>2026-06-14T01:10:45Z</time>
      </trkpt>
      <trkpt lat="34.234" lon="-118.18788">
        <ele>748.9</ele>
        <time>2026-06-14T01:10:47Z</time>
      </trkpt>
      <trkpt lat="34.23398" lon="-118.18785">
        <ele>747.53</ele>
        <time>2026-06-14T01:10:49Z</time>
      </trkpt>
      <trkpt lat="34.23396" lon="-118.18782">
        <ele>746.45</ele>
        <time>2026-06-14T01:10:51Z</time>
      </trkpt>
      <trkpt lat="34.23394" lon="-118.18779">
        <ele>745.37</ele>
        <time>2026-06-14T01:10:53Z</time>
      </trkpt>
      <trkpt lat="34.23391" lon="-118.18777">
        <ele>744.27</ele>
        <time>2026-06-14T01:10:56Z</time>
      </trkpt>
      <trkpt lat="34.23388" lon="-118.18775">
        <ele>743.56</ele>
        <time>2026-06-14T01:10:59Z</time>
      </trkpt>
      <trkpt lat="34.23385" lon="-118.18775">
        <ele>744.11</ele>
        <time>2026-06-14T01:11:02Z</time>
      </trkpt>
      <trkpt lat="34.23382" lon="-118.18775">
        <ele>744.66</ele>
        <time>2026-06-14T01:11:05Z</time>
      </trkpt>
      <trkpt lat="34.23378" lon="-118.18774">
        <ele>745.41</ele>
        <time>2026-06-14T01:11:09Z</time>
      </trkpt>
      <trkpt lat="34.23376" lon="-118.18772">
        <ele>745.45</ele>
        <time>2026-06-14T01:11:13Z</time>
      </trkpt>
      <trkpt lat="34.23374" lon="-118.18769">
        <ele>745.01</ele>
        <time>2026-06-14T01:11:17Z</time>
      </trkpt>
      <trkpt lat="34.23373" lon="-118.18765">
        <ele>744.22</ele>
        <time>2026-06-14T01:11:20Z</time>
      </trkpt>
      <trkpt lat="34.23372" lon="-118.18761">
        <ele>743.32</ele>
        <time>2026-06-14T01:11:23Z</time>
      </trkpt>
      <trkpt lat="34.23371" lon="-118.18756">
        <ele>742.91</ele>
        <time>2026-06-14T01:11:26Z</time>
      </trkpt>
      <trkpt lat="34.23371" lon="-118.18752">
        <ele>742.88</ele>
        <time>2026-06-14T01:11:29Z</time>
      </trkpt>
      <trkpt lat="34.23372" lon="-118.18747">
        <ele>743.18</ele>
        <time>2026-06-14T01:11:32Z</time>
      </trkpt>
      <trkpt lat="34.23373" lon="-118.18743">
        <ele>743.51</ele>
        <time>2026-06-14T01:11:35Z</time>
      </trkpt>
      <trkpt lat="34.23375" lon="-118.18739">
        <ele>743.47</ele>
        <time>2026-06-14T01:11:38Z</time>
      </trkpt>
      <trkpt lat="34.23377" lon="-118.18736">
        <ele>743.08</ele>
        <time>2026-06-14T01:11:41Z</time>
      </trkpt>
      <trkpt lat="34.2338" lon="-118.18735">
        <ele>741.5</ele>
        <time>2026-06-14T01:11:44Z</time>
      </trkpt>
      <trkpt lat="34.23384" lon="-118.18735">
        <ele>740.2</ele>
        <time>2026-06-14T01:11:47Z</time>
      </trkpt>
      <trkpt lat="34.23387" lon="-118.18734">
        <ele>739.34</ele>
        <time>2026-06-14T01:11:50Z</time>
      </trkpt>
      <trkpt lat="34.2339" lon="-118.18733">
        <ele>738.48</ele>
        <time>2026-06-14T01:11:53Z</time>
      </trkpt>
      <trkpt lat="34.23393" lon="-118.18731">
        <ele>737.64</ele>
        <time>2026-06-14T01:11:56Z</time>
      </trkpt>
      <trkpt lat="34.23396" lon="-118.18729">
        <ele>736.49</ele>
        <time>2026-06-14T01:11:59Z</time>
      </trkpt>
      <trkpt lat="34.23399" lon="-118.18727">
        <ele>735.38</ele>
        <time>2026-06-14T01:12:02Z</time>
      </trkpt>
      <trkpt lat="34.23402" lon="-118.18725">
        <ele>734.76</ele>
        <time>2026-06-14T01:12:05Z</time>
      </trkpt>
      <trkpt lat="34.23403" lon="-118.18721">
        <ele>734.27</ele>
        <time>2026-06-14T01:12:08Z</time>
      </trkpt>
      <trkpt lat="34.23403" lon="-118.18718">
        <ele>733.78</ele>
        <time>2026-06-14T01:12:11Z</time>
      </trkpt>
      <trkpt lat="34.23402" lon="-118.18715">
        <ele>733.48</ele>
        <time>2026-06-14T01:12:14Z</time>
      </trkpt>
      <trkpt lat="34.23399" lon="-118.18712">
        <ele>733.5</ele>
        <time>2026-06-14T01:12:17Z</time>
      </trkpt>
      <trkpt lat="34.23396" lon="-118.1871">
        <ele>733.43</ele>
        <time>2026-06-14T01:12:20Z</time>
      </trkpt>
      <trkpt lat="34.23394" lon="-118.18707">
        <ele>732.68</ele>
        <time>2026-06-14T01:12:23Z</time>
      </trkpt>
      <trkpt lat="34.23392" lon="-118.18704">
        <ele>731.78</ele>
        <time>2026-06-14T01:12:26Z</time>
      </trkpt>
      <trkpt lat="34.2339" lon="-118.18701">
        <ele>731.26</ele>
        <time>2026-06-14T01:12:29Z</time>
      </trkpt>
      <trkpt lat="34.23387" lon="-118.18698">
        <ele>731.08</ele>
        <time>2026-06-14T01:12:32Z</time>
      </trkpt>
      <trkpt lat="34.23385" lon="-118.18694">
        <ele>729.9</ele>
        <time>2026-06-14T01:12:35Z</time>
      </trkpt>
      <trkpt lat="34.23382" lon="-118.18691">
        <ele>729.44</ele>
        <time>2026-06-14T01:12:38Z</time>
      </trkpt>
      <trkpt lat="34.2338" lon="-118.18689">
        <ele>729.36</ele>
        <time>2026-06-14T01:12:40Z</time>
      </trkpt>
      <trkpt lat="34.23377" lon="-118.18686">
        <ele>729.78</ele>
        <time>2026-06-14T01:12:43Z</time>
      </trkpt>
      <trkpt lat="34.23375" lon="-118.18683">
        <ele>729.65</ele>
        <time>2026-06-14T01:12:46Z</time>
      </trkpt>
      <trkpt lat="34.23372" lon="-118.1868">
        <ele>729.63</ele>
        <time>2026-06-14T01:12:49Z</time>
      </trkpt>
      <trkpt lat="34.2337" lon="-118.18677">
        <ele>729.38</ele>
        <time>2026-06-14T01:12:52Z</time>
      </trkpt>
      <trkpt lat="34.23367" lon="-118.18674">
        <ele>729.81</ele>
        <time>2026-06-14T01:12:55Z</time>
      </trkpt>
      <trkpt lat="34.23365" lon="-118.18671">
        <ele>729.9</ele>
        <time>2026-06-14T01:12:58Z</time>
      </trkpt>
      <trkpt lat="34.23363" lon="-118.18668">
        <ele>729.85</ele>
        <time>2026-06-14T01:13:01Z</time>
      </trkpt>
      <trkpt lat="34.23361" lon="-118.18665">
        <ele>729.86</ele>
        <time>2026-06-14T01:13:04Z</time>
      </trkpt>
      <trkpt lat="34.23359" lon="-118.18662">
        <ele>730.06</ele>
        <time>2026-06-14T01:13:07Z</time>
      </trkpt>
      <trkpt lat="34.23359" lon="-118.18659">
        <ele>729.52</ele>
        <time>2026-06-14T01:13:10Z</time>
      </trkpt>
      <trkpt lat="34.23358" lon="-118.18655">
        <ele>728.9</ele>
        <time>2026-06-14T01:13:13Z</time>
      </trkpt>
      <trkpt lat="34.23359" lon="-118.18652">
        <ele>728.19</ele>
        <time>2026-06-14T01:13:16Z</time>
      </trkpt>
      <trkpt lat="34.2336" lon="-118.18649">
        <ele>727.41</ele>
        <time>2026-06-14T01:13:19Z</time>
      </trkpt>
      <trkpt lat="34.23363" lon="-118.18646">
        <ele>726.18</ele>
        <time>2026-06-14T01:13:22Z</time>
      </trkpt>
      <trkpt lat="34.23365" lon="-118.18644">
        <ele>725.45</ele>
        <time>2026-06-14T01:13:24Z</time>
      </trkpt>
      <trkpt lat="34.23369" lon="-118.18645">
        <ele>724.91</ele>
        <time>2026-06-14T01:13:27Z</time>
      </trkpt>
      <trkpt lat="34.23371" lon="-118.18648">
        <ele>724.85</ele>
        <time>2026-06-14T01:13:29Z</time>
      </trkpt>
      <trkpt lat="34.23373" lon="-118.18652">
        <ele>725.15</ele>
        <time>2026-06-14T01:13:31Z</time>
      </trkpt>
      <trkpt lat="34.23374" lon="-118.18654">
        <ele>725.23</ele>
        <time>2026-06-14T01:13:33Z</time>
      </trkpt>
      <trkpt lat="34.23376" lon="-118.18658">
        <ele>725.28</ele>
        <time>2026-06-14T01:13:36Z</time>
      </trkpt>
      <trkpt lat="34.23378" lon="-118.18661">
        <ele>725.24</ele>
        <time>2026-06-14T01:13:39Z</time>
      </trkpt>
      <trkpt lat="34.2338" lon="-118.18664">
        <ele>725.32</ele>
        <time>2026-06-14T01:13:42Z</time>
      </trkpt>
      <trkpt lat="34.23381" lon="-118.18667">
        <ele>725.63</ele>
        <time>2026-06-14T01:13:45Z</time>
      </trkpt>
      <trkpt lat="34.23382" lon="-118.1867">
        <ele>725.95</ele>
        <time>2026-06-14T01:13:48Z</time>
      </trkpt>
      <trkpt lat="34.23384" lon="-118.18673">
        <ele>725.95</ele>
        <time>2026-06-14T01:13:51Z</time>
      </trkpt>
      <trkpt lat="34.23386" lon="-118.18676">
        <ele>725.95</ele>
        <time>2026-06-14T01:13:54Z</time>
      </trkpt>
      <trkpt lat="34.23388" lon="-118.18679">
        <ele>725.92</ele>
        <time>2026-06-14T01:13:57Z</time>
      </trkpt>
      <trkpt lat="34.23391" lon="-118.18681">
        <ele>725.64</ele>
        <time>2026-06-14T01:14:00Z</time>
      </trkpt>
      <trkpt lat="34.23393" lon="-118.18683">
        <ele>725.64</ele>
        <time>2026-06-14T01:14:03Z</time>
      </trkpt>
      <trkpt lat="34.23396" lon="-118.18685">
        <ele>725.42</ele>
        <time>2026-06-14T01:14:06Z</time>
      </trkpt>
      <trkpt lat="34.23398" lon="-118.18687">
        <ele>725.62</ele>
        <time>2026-06-14T01:14:09Z</time>
      </trkpt>
      <trkpt lat="34.23401" lon="-118.18689">
        <ele>725.62</ele>
        <time>2026-06-14T01:14:12Z</time>
      </trkpt>
      <trkpt lat="34.23403" lon="-118.18691">
        <ele>725.84</ele>
        <time>2026-06-14T01:14:15Z</time>
      </trkpt>
      <trkpt lat="34.23406" lon="-118.18693">
        <ele>725.84</ele>
        <time>2026-06-14T01:14:18Z</time>
      </trkpt>
      <trkpt lat="34.23408" lon="-118.18695">
        <ele>726.05</ele>
        <time>2026-06-14T01:14:21Z</time>
      </trkpt>
      <trkpt lat="34.23411" lon="-118.18697">
        <ele>726.05</ele>
        <time>2026-06-14T01:14:24Z</time>
      </trkpt>
      <trkpt lat="34.23413" lon="-118.187">
        <ele>726.59</ele>
        <time>2026-06-14T01:14:27Z</time>
      </trkpt>
      <trkpt lat="34.23416" lon="-118.18702">
        <ele>726.59</ele>
        <time>2026-06-14T01:14:30Z</time>
      </trkpt>
      <trkpt lat="34.23419" lon="-118.18705">
        <ele>726.99</ele>
        <time>2026-06-14T01:14:33Z</time>
      </trkpt>
      <trkpt lat="34.23422" lon="-118.18707">
        <ele>726.93</ele>
        <time>2026-06-14T01:14:36Z</time>
      </trkpt>
      <trkpt lat="34.23424" lon="-118.18709">
        <ele>726.9</ele>
        <time>2026-06-14T01:14:39Z</time>
      </trkpt>
      <trkpt lat="34.23427" lon="-118.18711">
        <ele>726.93</ele>
        <time>2026-06-14T01:14:42Z</time>
      </trkpt>
      <trkpt lat="34.2343" lon="-118.18709">
        <ele>727.2</ele>
        <time>2026-06-14T01:14:45Z</time>
      </trkpt>
      <trkpt lat="34.23431" lon="-118.18705">
        <ele>727.16</ele>
        <time>2026-06-14T01:14:46Z</time>
      </trkpt>
      <trkpt lat="34.23432" lon="-118.18702">
        <ele>727.31</ele>
        <time>2026-06-14T01:14:47Z</time>
      </trkpt>
      <trkpt lat="34.23432" lon="-118.18699">
        <ele>727.31</ele>
        <time>2026-06-14T01:14:48Z</time>
      </trkpt>
      <trkpt lat="34.23434" lon="-118.18694">
        <ele>727.79</ele>
        <time>2026-06-14T01:14:50Z</time>
      </trkpt>
      <trkpt lat="34.23435" lon="-118.1869">
        <ele>728.43</ele>
        <time>2026-06-14T01:14:52Z</time>
      </trkpt>
      <trkpt lat="34.23433" lon="-118.18685">
        <ele>728.31</ele>
        <time>2026-06-14T01:14:55Z</time>
      </trkpt>
      <trkpt lat="34.2343" lon="-118.18684">
        <ele>727.38</ele>
        <time>2026-06-14T01:14:56Z</time>
      </trkpt>
      <trkpt lat="34.23426" lon="-118.18682">
        <ele>726.03</ele>
        <time>2026-06-14T01:14:58Z</time>
      </trkpt>
      <trkpt lat="34.23424" lon="-118.18679">
        <ele>725.31</ele>
        <time>2026-06-14T01:15:00Z</time>
      </trkpt>
      <trkpt lat="34.23422" lon="-118.18677">
        <ele>724.4</ele>
        <time>2026-06-14T01:15:03Z</time>
      </trkpt>
      <trkpt lat="34.2342" lon="-118.18674">
        <ele>723.38</ele>
        <time>2026-06-14T01:15:07Z</time>
      </trkpt>
      <trkpt lat="34.23418" lon="-118.18674">
        <ele>722.43</ele>
        <time>2026-06-14T01:15:11Z</time>
      </trkpt>
      <trkpt lat="34.23416" lon="-118.18672">
        <ele>721.47</ele>
        <time>2026-06-14T01:15:15Z</time>
      </trkpt>
      <trkpt lat="34.23415" lon="-118.18669">
        <ele>720.94</ele>
        <time>2026-06-14T01:15:18Z</time>
      </trkpt>
      <trkpt lat="34.23413" lon="-118.18666">
        <ele>720.18</ele>
        <time>2026-06-14T01:15:21Z</time>
      </trkpt>
      <trkpt lat="34.23412" lon="-118.18663">
        <ele>719.79</ele>
        <time>2026-06-14T01:15:24Z</time>
      </trkpt>
      <trkpt lat="34.23411" lon="-118.18659">
        <ele>719.27</ele>
        <time>2026-06-14T01:15:27Z</time>
      </trkpt>
      <trkpt lat="34.2341" lon="-118.18656">
        <ele>718.65</ele>
        <time>2026-06-14T01:15:30Z</time>
      </trkpt>
      <trkpt lat="34.23408" lon="-118.18653">
        <ele>717.69</ele>
        <time>2026-06-14T01:15:33Z</time>
      </trkpt>
      <trkpt lat="34.23407" lon="-118.18648">
        <ele>716.94</ele>
        <time>2026-06-14T01:15:36Z</time>
      </trkpt>
      <trkpt lat="34.23407" lon="-118.18645">
        <ele>716.6</ele>
        <time>2026-06-14T01:15:38Z</time>
      </trkpt>
      <trkpt lat="34.23406" lon="-118.18641">
        <ele>715.96</ele>
        <time>2026-06-14T01:15:41Z</time>
      </trkpt>
      <trkpt lat="34.23406" lon="-118.18638">
        <ele>715.5</ele>
        <time>2026-06-14T01:15:44Z</time>
      </trkpt>
      <trkpt lat="34.23408" lon="-118.18634">
        <ele>715.11</ele>
        <time>2026-06-14T01:15:47Z</time>
      </trkpt>
      <trkpt lat="34.23409" lon="-118.1863">
        <ele>714.59</ele>
        <time>2026-06-14T01:15:50Z</time>
      </trkpt>
      <trkpt lat="34.2341" lon="-118.18626">
        <ele>714.45</ele>
        <time>2026-06-14T01:15:53Z</time>
      </trkpt>
      <trkpt lat="34.23411" lon="-118.18623">
        <ele>714.45</ele>
        <time>2026-06-14T01:15:56Z</time>
      </trkpt>
      <trkpt lat="34.23411" lon="-118.18619">
        <ele>714.07</ele>
        <time>2026-06-14T01:15:59Z</time>
      </trkpt>
      <trkpt lat="34.23411" lon="-118.18615">
        <ele>713.81</ele>
        <time>2026-06-14T01:16:02Z</time>
      </trkpt>
      <trkpt lat="34.23411" lon="-118.18611">
        <ele>713.54</ele>
        <time>2026-06-14T01:16:05Z</time>
      </trkpt>
      <trkpt lat="34.23411" lon="-118.18606">
        <ele>713.21</ele>
        <time>2026-06-14T01:16:08Z</time>
      </trkpt>
      <trkpt lat="34.23411" lon="-118.18602">
        <ele>712.95</ele>
        <time>2026-06-14T01:16:11Z</time>
      </trkpt>
      <trkpt lat="34.2341" lon="-118.18598">
        <ele>712.1</ele>
        <time>2026-06-14T01:16:14Z</time>
      </trkpt>
      <trkpt lat="34.2341" lon="-118.18594">
        <ele>711.79</ele>
        <time>2026-06-14T01:16:17Z</time>
      </trkpt>
      <trkpt lat="34.23407" lon="-118.18591">
        <ele>709.7</ele>
        <time>2026-06-14T01:16:19Z</time>
      </trkpt>
      <trkpt lat="34.23405" lon="-118.18589">
        <ele>708.83</ele>
        <time>2026-06-14T01:16:21Z</time>
      </trkpt>
      <trkpt lat="34.23403" lon="-118.18585">
        <ele>707.75</ele>
        <time>2026-06-14T01:16:24Z</time>
      </trkpt>
      <trkpt lat="34.23402" lon="-118.18581">
        <ele>707.25</ele>
        <time>2026-06-14T01:16:27Z</time>
      </trkpt>
      <trkpt lat="34.23401" lon="-118.18577">
        <ele>706.92</ele>
        <time>2026-06-14T01:16:30Z</time>
      </trkpt>
      <trkpt lat="34.234" lon="-118.18573">
        <ele>706.48</ele>
        <time>2026-06-14T01:16:33Z</time>
      </trkpt>
      <trkpt lat="34.234" lon="-118.18569">
        <ele>706.05</ele>
        <time>2026-06-14T01:16:36Z</time>
      </trkpt>
      <trkpt lat="34.234" lon="-118.18565">
        <ele>705.62</ele>
        <time>2026-06-14T01:16:39Z</time>
      </trkpt>
      <trkpt lat="34.234" lon="-118.18562">
        <ele>705.54</ele>
        <time>2026-06-14T01:16:42Z</time>
      </trkpt>
      <trkpt lat="34.234" lon="-118.18558">
        <ele>705.45</ele>
        <time>2026-06-14T01:16:45Z</time>
      </trkpt>
      <trkpt lat="34.23399" lon="-118.18554">
        <ele>705.18</ele>
        <time>2026-06-14T01:16:48Z</time>
      </trkpt>
      <trkpt lat="34.23399" lon="-118.1855">
        <ele>705.18</ele>
        <time>2026-06-14T01:16:51Z</time>
      </trkpt>
      <trkpt lat="34.23399" lon="-118.18545">
        <ele>705.04</ele>
        <time>2026-06-14T01:16:54Z</time>
      </trkpt>
      <trkpt lat="34.23398" lon="-118.18541">
        <ele>704.4</ele>
        <time>2026-06-14T01:16:57Z</time>
      </trkpt>
      <trkpt lat="34.23397" lon="-118.18537">
        <ele>703.75</ele>
        <time>2026-06-14T01:17:00Z</time>
      </trkpt>
      <trkpt lat="34.23396" lon="-118.18533">
        <ele>703.1</ele>
        <time>2026-06-14T01:17:03Z</time>
      </trkpt>
      <trkpt lat="34.23395" lon="-118.18529">
        <ele>702.45</ele>
        <time>2026-06-14T01:17:06Z</time>
      </trkpt>
      <trkpt lat="34.23394" lon="-118.18526">
        <ele>701.81</ele>
        <time>2026-06-14T01:17:09Z</time>
      </trkpt>
      <trkpt lat="34.23395" lon="-118.18522">
        <ele>701.28</ele>
        <time>2026-06-14T01:17:12Z</time>
      </trkpt>
      <trkpt lat="34.23396" lon="-118.18519">
        <ele>700.86</ele>
        <time>2026-06-14T01:17:14Z</time>
      </trkpt>
      <trkpt lat="34.23399" lon="-118.18516">
        <ele>700.61</ele>
        <time>2026-06-14T01:17:16Z</time>
      </trkpt>
      <trkpt lat="34.23402" lon="-118.18514">
        <ele>700.65</ele>
        <time>2026-06-14T01:17:18Z</time>
      </trkpt>
      <trkpt lat="34.23405" lon="-118.18511">
        <ele>700.26</ele>
        <time>2026-06-14T01:17:20Z</time>
      </trkpt>
      <trkpt lat="34.23407" lon="-118.18509">
        <ele>699.87</ele>
        <time>2026-06-14T01:17:22Z</time>
      </trkpt>
      <trkpt lat="34.2341" lon="-118.18506">
        <ele>699.5</ele>
        <time>2026-06-14T01:17:24Z</time>
      </trkpt>
      <trkpt lat="34.23413" lon="-118.18508">
        <ele>700.8</ele>
        <time>2026-06-14T01:17:27Z</time>
      </trkpt>
      <trkpt lat="34.23415" lon="-118.18512">
        <ele>702.53</ele>
        <time>2026-06-14T01:17:29Z</time>
      </trkpt>
      <trkpt lat="34.23415" lon="-118.18511">
        <ele>702.2</ele>
        <time>2026-06-14T01:17:32Z</time>
      </trkpt>
      <trkpt lat="34.23415" lon="-118.18508">
        <ele>701.23</ele>
        <time>2026-06-14T01:17:34Z</time>
      </trkpt>
      <trkpt lat="34.23414" lon="-118.18504">
        <ele>699.72</ele>
        <time>2026-06-14T01:17:36Z</time>
      </trkpt>
      <trkpt lat="34.23411" lon="-118.185">
        <ele>697.78</ele>
        <time>2026-06-14T01:17:38Z</time>
      </trkpt>
      <trkpt lat="34.2341" lon="-118.18495">
        <ele>696.48</ele>
        <time>2026-06-14T01:17:40Z</time>
      </trkpt>
      <trkpt lat="34.23411" lon="-118.18492">
        <ele>696.05</ele>
        <time>2026-06-14T01:17:42Z</time>
      </trkpt>
      <trkpt lat="34.23413" lon="-118.18489">
        <ele>696.09</ele>
        <time>2026-06-14T01:17:44Z</time>
      </trkpt>
      <trkpt lat="34.23413" lon="-118.18484">
        <ele>695.77</ele>
        <time>2026-06-14T01:17:47Z</time>
      </trkpt>
      <trkpt lat="34.23413" lon="-118.1848">
        <ele>695.6</ele>
        <time>2026-06-14T01:17:50Z</time>
      </trkpt>
      <trkpt lat="34.23412" lon="-118.18476">
        <ele>695.5</ele>
        <time>2026-06-14T01:17:53Z</time>
      </trkpt>
      <trkpt lat="34.2341" lon="-118.18472">
        <ele>695.26</ele>
        <time>2026-06-14T01:17:56Z</time>
      </trkpt>
      <trkpt lat="34.23408" lon="-118.18469">
        <ele>694.74</ele>
        <time>2026-06-14T01:17:59Z</time>
      </trkpt>
      <trkpt lat="34.23406" lon="-118.18465">
        <ele>694.19</ele>
        <time>2026-06-14T01:18:02Z</time>
      </trkpt>
      <trkpt lat="34.23405" lon="-118.18461">
        <ele>694.0</ele>
        <time>2026-06-14T01:18:05Z</time>
      </trkpt>
      <trkpt lat="34.23403" lon="-118.18458">
        <ele>694.0</ele>
        <time>2026-06-14T01:18:08Z</time>
      </trkpt>
      <trkpt lat="34.23402" lon="-118.18454">
        <ele>694.0</ele>
        <time>2026-06-14T01:18:11Z</time>
      </trkpt>
      <trkpt lat="34.23401" lon="-118.1845">
        <ele>694.0</ele>
        <time>2026-06-14T01:18:14Z</time>
      </trkpt>
      <trkpt lat="34.234" lon="-118.18446">
        <ele>694.0</ele>
        <time>2026-06-14T01:18:17Z</time>
      </trkpt>
      <trkpt lat="34.23399" lon="-118.18442">
        <ele>693.78</ele>
        <time>2026-06-14T01:18:20Z</time>
      </trkpt>
      <trkpt lat="34.23398" lon="-118.18437">
        <ele>693.19</ele>
        <time>2026-06-14T01:18:23Z</time>
      </trkpt>
      <trkpt lat="34.23397" lon="-118.18433">
        <ele>692.97</ele>
        <time>2026-06-14T01:18:26Z</time>
      </trkpt>
      <trkpt lat="34.23396" lon="-118.18429">
        <ele>692.85</ele>
        <time>2026-06-14T01:18:29Z</time>
      </trkpt>
      <trkpt lat="34.23396" lon="-118.18425">
        <ele>692.77</ele>
        <time>2026-06-14T01:18:32Z</time>
      </trkpt>
      <trkpt lat="34.23397" lon="-118.18421">
        <ele>692.88</ele>
        <time>2026-06-14T01:18:35Z</time>
      </trkpt>
      <trkpt lat="34.23397" lon="-118.18417">
        <ele>692.88</ele>
        <time>2026-06-14T01:18:38Z</time>
      </trkpt>
      <trkpt lat="34.23397" lon="-118.18412">
        <ele>692.37</ele>
        <time>2026-06-14T01:18:41Z</time>
      </trkpt>
      <trkpt lat="34.23398" lon="-118.18408">
        <ele>692.05</ele>
        <time>2026-06-14T01:18:44Z</time>
      </trkpt>
      <trkpt lat="34.23399" lon="-118.18404">
        <ele>692.09</ele>
        <time>2026-06-14T01:18:47Z</time>
      </trkpt>
      <trkpt lat="34.234" lon="-118.184">
        <ele>692.2</ele>
        <time>2026-06-14T01:18:50Z</time>
      </trkpt>
      <trkpt lat="34.234" lon="-118.18395">
        <ele>691.86</ele>
        <time>2026-06-14T01:18:53Z</time>
      </trkpt>
      <trkpt lat="34.23401" lon="-118.18391">
        <ele>691.54</ele>
        <time>2026-06-14T01:18:56Z</time>
      </trkpt>
      <trkpt lat="34.234" lon="-118.18386">
        <ele>691.14</ele>
        <time>2026-06-14T01:18:59Z</time>
      </trkpt>
      <trkpt lat="34.23398" lon="-118.18384">
        <ele>690.98</ele>
        <time>2026-06-14T01:19:01Z</time>
      </trkpt>
      <trkpt lat="34.23394" lon="-118.18383">
        <ele>690.55</ele>
        <time>2026-06-14T01:19:03Z</time>
      </trkpt>
      <trkpt lat="34.2339" lon="-118.18383">
        <ele>690.12</ele>
        <time>2026-06-14T01:19:05Z</time>
      </trkpt>
      <trkpt lat="34.23387" lon="-118.18383">
        <ele>689.87</ele>
        <time>2026-06-14T01:19:07Z</time>
      </trkpt>
      <trkpt lat="34.23384" lon="-118.18383">
        <ele>689.66</ele>
        <time>2026-06-14T01:19:09Z</time>
      </trkpt>
      <trkpt lat="34.23381" lon="-118.18383">
        <ele>689.46</ele>
        <time>2026-06-14T01:19:12Z</time>
      </trkpt>
      <trkpt lat="34.2338" lon="-118.18386">
        <ele>689.7</ele>
        <time>2026-06-14T01:19:15Z</time>
      </trkpt>
      <trkpt lat="34.23381" lon="-118.1839">
        <ele>690.02</ele>
        <time>2026-06-14T01:19:17Z</time>
      </trkpt>
      <trkpt lat="34.23383" lon="-118.18392">
        <ele>690.12</ele>
        <time>2026-06-14T01:19:20Z</time>
      </trkpt>
      <trkpt lat="34.23386" lon="-118.18393">
        <ele>690.31</ele>
        <time>2026-06-14T01:19:23Z</time>
      </trkpt>
      <trkpt lat="34.23389" lon="-118.18392">
        <ele>690.35</ele>
        <time>2026-06-14T01:19:30Z</time>
      </trkpt>
      <trkpt lat="34.23391" lon="-118.18389">
        <ele>690.24</ele>
        <time>2026-06-14T01:20:06Z</time>
      </trkpt>
      <trkpt lat="34.23383" lon="-118.18389">
        <ele>690.0</ele>
        <time>2026-06-14T01:21:37Z</time>
      </trkpt>
    </trkseg>
  </trk>
</gpx>
