<?xml version="1.0"?>
<gpx xmlns="http://www.topografix.com/GPX/1/1" xmlns:xsi="http://www.w3.org/2001/XMLSchema-instance" version="1.1" creator="AllTrails.com" xsi:schemaLocation="http://www.topografix.com/GPX/1/1 http://www.topografix.com/GPX/1/1/gpx.xsd">
  <metadata>
    <name><![CDATA[Morning hike at Tee Pee Trail]]></name>
    <desc><![CDATA[]]></desc>
    <link href="http://www.alltrails.com">
      <text>AllTrails, LLC</text>
    </link>
    <bounds minlat="34.23079" minlon="-118.19818" maxlat="34.23707" maxlon="-118.18354"/>
  </metadata>
  <trk>
    <name><![CDATA[Morning hike at Tee Pee Trail]]></name>
    <src>AllTrails</src>
    <trkseg>
      <trkpt lat="34.23397" lon="-118.18448">
        <ele>693.88</ele>
        <time>2025-05-17T15:11:00Z</time>
      </trkpt>
      <trkpt lat="34.23398" lon="-118.18453">
        <ele>693.98</ele>
        <time>2025-05-17T15:11:03Z</time>
      </trkpt>
      <trkpt lat="34.23399" lon="-118.18457">
        <ele>694.0</ele>
        <time>2025-05-17T15:11:06Z</time>
      </trkpt>
      <trkpt lat="34.234" lon="-118.18461">
        <ele>694.0</ele>
        <time>2025-05-17T15:11:09Z</time>
      </trkpt>
      <trkpt lat="34.23402" lon="-118.18464">
        <ele>694.05</ele>
        <time>2025-05-17T15:11:12Z</time>
      </trkpt>
      <trkpt lat="34.23404" lon="-118.18468">
        <ele>694.34</ele>
        <time>2025-05-17T15:11:15Z</time>
      </trkpt>
      <trkpt lat="34.23406" lon="-118.18471">
        <ele>694.74</ele>
        <time>2025-05-17T15:11:17Z</time>
      </trkpt>
      <trkpt lat="34.23407" lon="-118.18474">
        <ele>694.96</ele>
        <time>2025-05-17T15:11:19Z</time>
      </trkpt>
      <trkpt lat="34.23409" lon="-118.18478">
        <ele>695.17</ele>
        <time>2025-05-17T15:11:22Z</time>
      </trkpt>
      <trkpt lat="34.2341" lon="-118.18482">
        <ele>695.3</ele>
        <time>2025-05-17T15:11:25Z</time>
      </trkpt>
      <trkpt lat="34.23411" lon="-118.18486">
        <ele>695.58</ele>
        <time>2025-05-17T15:11:28Z</time>
      </trkpt>
      <trkpt lat="34.23411" lon="-118.18489">
        <ele>695.7</ele>
        <time>2025-05-17T15:11:31Z</time>
      </trkpt>
      <trkpt lat="34.23412" lon="-118.18493">
        <ele>696.48</ele>
        <time>2025-05-17T15:11:33Z</time>
      </trkpt>
      <trkpt lat="34.23412" lon="-118.18497">
        <ele>697.34</ele>
        <time>2025-05-17T15:11:36Z</time>
      </trkpt>
      <trkpt lat="34.23412" lon="-118.18501">
        <ele>698.32</ele>
        <time>2025-05-17T15:11:39Z</time>
      </trkpt>
      <trkpt lat="34.23411" lon="-118.18504">
        <ele>699.07</ele>
        <time>2025-05-17T15:11:42Z</time>
      </trkpt>
      <trkpt lat="34.2341" lon="-118.18508">
        <ele>700.15</ele>
        <time>2025-05-17T15:11:45Z</time>
      </trkpt>
      <trkpt lat="34.23408" lon="-118.18512">
        <ele>701.02</ele>
        <time>2025-05-17T15:11:48Z</time>
      </trkpt>
      <trkpt lat="34.23407" lon="-118.18516">
        <ele>702.11</ele>
        <time>2025-05-17T15:11:51Z</time>
      </trkpt>
      <trkpt lat="34.23404" lon="-118.18516">
        <ele>701.55</ele>
        <time>2025-05-17T15:11:56Z</time>
      </trkpt>
      <trkpt lat="34.23402" lon="-118.18515">
        <ele>700.91</ele>
        <time>2025-05-17T15:11:58Z</time>
      </trkpt>
      <trkpt lat="34.23399" lon="-118.18516">
        <ele>700.61</ele>
        <time>2025-05-17T15:12:01Z</time>
      </trkpt>
      <trkpt lat="34.23397" lon="-118.18519">
        <ele>700.97</ele>
        <time>2025-05-17T15:12:04Z</time>
      </trkpt>
      <trkpt lat="34.23395" lon="-118.18523">
        <ele>701.46</ele>
        <time>2025-05-17T15:12:07Z</time>
      </trkpt>
      <trkpt lat="34.23394" lon="-118.18526">
        <ele>701.81</ele>
        <time>2025-05-17T15:12:10Z</time>
      </trkpt>
      <trkpt lat="34.23394" lon="-118.1853">
        <ele>702.34</ele>
        <time>2025-05-17T15:12:12Z</time>
      </trkpt>
      <trkpt lat="34.23394" lon="-118.18534">
        <ele>702.78</ele>
        <time>2025-05-17T15:12:15Z</time>
      </trkpt>
      <trkpt lat="34.23395" lon="-118.18538">
        <ele>703.42</ele>
        <time>2025-05-17T15:12:18Z</time>
      </trkpt>
      <trkpt lat="34.23396" lon="-118.18541">
        <ele>703.96</ele>
        <time>2025-05-17T15:12:22Z</time>
      </trkpt>
      <trkpt lat="34.23397" lon="-118.18545">
        <ele>704.61</ele>
        <time>2025-05-17T15:12:25Z</time>
      </trkpt>
      <trkpt lat="34.23397" lon="-118.18548">
        <ele>704.77</ele>
        <time>2025-05-17T15:12:27Z</time>
      </trkpt>
      <trkpt lat="34.23398" lon="-118.18553">
        <ele>704.98</ele>
        <time>2025-05-17T15:12:30Z</time>
      </trkpt>
      <trkpt lat="34.23398" lon="-118.18556">
        <ele>704.98</ele>
        <time>2025-05-17T15:12:32Z</time>
      </trkpt>
      <trkpt lat="34.23399" lon="-118.1856">
        <ele>705.23</ele>
        <time>2025-05-17T15:12:35Z</time>
      </trkpt>
      <trkpt lat="34.234" lon="-118.18563">
        <ele>705.56</ele>
        <time>2025-05-17T15:12:38Z</time>
      </trkpt>
      <trkpt lat="34.23401" lon="-118.18567">
        <ele>706.16</ele>
        <time>2025-05-17T15:12:41Z</time>
      </trkpt>
      <trkpt lat="34.23403" lon="-118.1857">
        <ele>707.13</ele>
        <time>2025-05-17T15:12:44Z</time>
      </trkpt>
      <trkpt lat="34.23404" lon="-118.18573">
        <ele>707.78</ele>
        <time>2025-05-17T15:12:46Z</time>
      </trkpt>
      <trkpt lat="34.23405" lon="-118.18576">
        <ele>708.22</ele>
        <time>2025-05-17T15:12:49Z</time>
      </trkpt>
      <trkpt lat="34.23406" lon="-118.1858">
        <ele>708.54</ele>
        <time>2025-05-17T15:12:52Z</time>
      </trkpt>
      <trkpt lat="34.23407" lon="-118.18583">
        <ele>708.87</ele>
        <time>2025-05-17T15:12:55Z</time>
      </trkpt>
      <trkpt lat="34.23408" lon="-118.18587">
        <ele>709.82</ele>
        <time>2025-05-17T15:12:59Z</time>
      </trkpt>
      <trkpt lat="34.23408" lon="-118.18591">
        <ele>710.22</ele>
        <time>2025-05-17T15:13:02Z</time>
      </trkpt>
      <trkpt lat="34.23408" lon="-118.18595">
        <ele>710.63</ele>
        <time>2025-05-17T15:13:05Z</time>
      </trkpt>
      <trkpt lat="34.23408" lon="-118.186">
        <ele>711.13</ele>
        <time>2025-05-17T15:13:08Z</time>
      </trkpt>
      <trkpt lat="34.23409" lon="-118.18604">
        <ele>712.05</ele>
        <time>2025-05-17T15:13:12Z</time>
      </trkpt>
      <trkpt lat="34.23409" lon="-118.18607">
        <ele>712.32</ele>
        <time>2025-05-17T15:13:15Z</time>
      </trkpt>
      <trkpt lat="34.2341" lon="-118.18612">
        <ele>713.19</ele>
        <time>2025-05-17T15:13:18Z</time>
      </trkpt>
      <trkpt lat="34.2341" lon="-118.18615">
        <ele>713.42</ele>
        <time>2025-05-17T15:13:20Z</time>
      </trkpt>
      <trkpt lat="34.23409" lon="-118.1862">
        <ele>713.48</ele>
        <time>2025-05-17T15:13:23Z</time>
      </trkpt>
      <trkpt lat="34.23409" lon="-118.18624">
        <ele>713.91</ele>
        <time>2025-05-17T15:13:26Z</time>
      </trkpt>
      <trkpt lat="34.23408" lon="-118.18629">
        <ele>714.12</ele>
        <time>2025-05-17T15:13:29Z</time>
      </trkpt>
      <trkpt lat="34.23407" lon="-118.18632">
        <ele>714.42</ele>
        <time>2025-05-17T15:13:32Z</time>
      </trkpt>
      <trkpt lat="34.23407" lon="-118.18636">
        <ele>715.29</ele>
        <time>2025-05-17T15:13:35Z</time>
      </trkpt>
      <trkpt lat="34.23407" lon="-118.1864">
        <ele>716.04</ele>
        <time>2025-05-17T15:13:38Z</time>
      </trkpt>
      <trkpt lat="34.23407" lon="-118.18644">
        <ele>716.49</ele>
        <time>2025-05-17T15:13:41Z</time>
      </trkpt>
      <trkpt lat="34.23407" lon="-118.18647">
        <ele>716.83</ele>
        <time>2025-05-17T15:13:44Z</time>
      </trkpt>
      <trkpt lat="34.23408" lon="-118.18651">
        <ele>717.46</ele>
        <time>2025-05-17T15:13:47Z</time>
      </trkpt>
      <trkpt lat="34.23409" lon="-118.18655">
        <ele>718.21</ele>
        <time>2025-05-17T15:13:49Z</time>
      </trkpt>
      <trkpt lat="34.2341" lon="-118.18658">
        <ele>718.89</ele>
        <time>2025-05-17T15:13:52Z</time>
      </trkpt>
      <trkpt lat="34.23411" lon="-118.18661">
        <ele>719.4</ele>
        <time>2025-05-17T15:13:54Z</time>
      </trkpt>
      <trkpt lat="34.23412" lon="-118.18665">
        <ele>719.9</ele>
        <time>2025-05-17T15:13:57Z</time>
      </trkpt>
      <trkpt lat="34.23416" lon="-118.18667">
        <ele>720.89</ele>
        <time>2025-05-17T15:14:00Z</time>
      </trkpt>
      <trkpt lat="34.23419" lon="-118.18671">
        <ele>722.74</ele>
        <time>2025-05-17T15:14:03Z</time>
      </trkpt>
      <trkpt lat="34.2342" lon="-118.18674">
        <ele>723.38</ele>
        <time>2025-05-17T15:14:06Z</time>
      </trkpt>
      <trkpt lat="34.2342" lon="-118.18678">
        <ele>723.73</ele>
        <time>2025-05-17T15:14:08Z</time>
      </trkpt>
      <trkpt lat="34.23421" lon="-118.18682">
        <ele>724.57</ele>
        <time>2025-05-17T15:14:11Z</time>
      </trkpt>
      <trkpt lat="34.23423" lon="-118.18684">
        <ele>725.29</ele>
        <time>2025-05-17T15:14:14Z</time>
      </trkpt>
      <trkpt lat="34.23425" lon="-118.18688">
        <ele>725.8</ele>
        <time>2025-05-17T15:14:17Z</time>
      </trkpt>
      <trkpt lat="34.23426" lon="-118.18691">
        <ele>726.02</ele>
        <time>2025-05-17T15:14:19Z</time>
      </trkpt>
      <trkpt lat="34.23429" lon="-118.18694">
        <ele>726.68</ele>
        <time>2025-05-17T15:14:21Z</time>
      </trkpt>
      <trkpt lat="34.23431" lon="-118.18696">
        <ele>727.1</ele>
        <time>2025-05-17T15:14:23Z</time>
      </trkpt>
      <trkpt lat="34.23432" lon="-118.18699">
        <ele>727.31</ele>
        <time>2025-05-17T15:14:26Z</time>
      </trkpt>
      <trkpt lat="34.23431" lon="-118.18703">
        <ele>727.1</ele>
        <time>2025-05-17T15:14:29Z</time>
      </trkpt>
      <trkpt lat="34.23429" lon="-118.18706">
        <ele>726.83</ele>
        <time>2025-05-17T15:14:31Z</time>
      </trkpt>
      <trkpt lat="34.23427" lon="-118.18708">
        <ele>726.64</ele>
        <time>2025-05-17T15:14:33Z</time>
      </trkpt>
      <trkpt lat="34.23424" lon="-118.18711">
        <ele>727.16</ele>
        <time>2025-05-17T15:14:35Z</time>
      </trkpt>
      <trkpt lat="34.2342" lon="-118.18712">
        <ele>728.11</ele>
        <time>2025-05-17T15:14:37Z</time>
      </trkpt>
      <trkpt lat="34.23417" lon="-118.18713">
        <ele>728.94</ele>
        <time>2025-05-17T15:14:39Z</time>
      </trkpt>
      <trkpt lat="34.23414" lon="-118.18713">
        <ele>729.87</ele>
        <time>2025-05-17T15:14:41Z</time>
      </trkpt>
      <trkpt lat="34.23412" lon="-118.1871">
        <ele>729.71</ele>
        <time>2025-05-17T15:14:43Z</time>
      </trkpt>
      <trkpt lat="34.2341" lon="-118.18707">
        <ele>729.41</ele>
        <time>2025-05-17T15:14:45Z</time>
      </trkpt>
      <trkpt lat="34.23409" lon="-118.18705">
        <ele>729.05</ele>
        <time>2025-05-17T15:14:47Z</time>
      </trkpt>
      <trkpt lat="34.23407" lon="-118.18702">
        <ele>728.54</ele>
        <time>2025-05-17T15:14:49Z</time>
      </trkpt>
      <trkpt lat="34.23405" lon="-118.18698">
        <ele>727.67</ele>
        <time>2025-05-17T15:14:51Z</time>
      </trkpt>
      <trkpt lat="34.23404" lon="-118.18695">
        <ele>726.92</ele>
        <time>2025-05-17T15:14:52Z</time>
      </trkpt>
      <trkpt lat="34.23402" lon="-118.18692">
        <ele>726.38</ele>
        <time>2025-05-17T15:14:54Z</time>
      </trkpt>
      <trkpt lat="34.23401" lon="-118.18688">
        <ele>725.3</ele>
        <time>2025-05-17T15:14:56Z</time>
      </trkpt>
      <trkpt lat="34.23398" lon="-118.18685">
        <ele>724.99</ele>
        <time>2025-05-17T15:14:59Z</time>
      </trkpt>
      <trkpt lat="34.23396" lon="-118.18683">
        <ele>724.99</ele>
        <time>2025-05-17T15:15:02Z</time>
      </trkpt>
      <trkpt lat="34.23393" lon="-118.18681">
        <ele>725.21</ele>
        <time>2025-05-17T15:15:06Z</time>
      </trkpt>
      <trkpt lat="34.2339" lon="-118.1868">
        <ele>725.64</ele>
        <time>2025-05-17T15:15:08Z</time>
      </trkpt>
      <trkpt lat="34.23388" lon="-118.18679">
        <ele>725.92</ele>
        <time>2025-05-17T15:15:12Z</time>
      </trkpt>
      <trkpt lat="34.23384" lon="-118.18676">
        <ele>726.6</ele>
        <time>2025-05-17T15:15:15Z</time>
      </trkpt>
      <trkpt lat="34.23381" lon="-118.18673">
        <ele>726.92</ele>
        <time>2025-05-17T15:15:18Z</time>
      </trkpt>
      <trkpt lat="34.23378" lon="-118.18671">
        <ele>727.21</ele>
        <time>2025-05-17T15:15:21Z</time>
      </trkpt>
      <trkpt lat="34.23376" lon="-118.18668">
        <ele>727.02</ele>
        <time>2025-05-17T15:15:24Z</time>
      </trkpt>
      <trkpt lat="34.23374" lon="-118.18666">
        <ele>727.12</ele>
        <time>2025-05-17T15:15:27Z</time>
      </trkpt>
      <trkpt lat="34.23372" lon="-118.18662">
        <ele>727.06</ele>
        <time>2025-05-17T15:15:30Z</time>
      </trkpt>
      <trkpt lat="34.2337" lon="-118.18659">
        <ele>727.25</ele>
        <time>2025-05-17T15:15:32Z</time>
      </trkpt>
      <trkpt lat="34.23369" lon="-118.18655">
        <ele>726.78</ele>
        <time>2025-05-17T15:15:35Z</time>
      </trkpt>
      <trkpt lat="34.23367" lon="-118.18652">
        <ele>726.56</ele>
        <time>2025-05-17T15:15:38Z</time>
      </trkpt>
      <trkpt lat="34.23364" lon="-118.18651">
        <ele>726.99</ele>
        <time>2025-05-17T15:15:41Z</time>
      </trkpt>
      <trkpt lat="34.23361" lon="-118.1865">
        <ele>727.42</ele>
        <time>2025-05-17T15:15:44Z</time>
      </trkpt>
      <trkpt lat="34.23357" lon="-118.18652">
        <ele>728.54</ele>
        <time>2025-05-17T15:15:48Z</time>
      </trkpt>
      <trkpt lat="34.23356" lon="-118.18656">
        <ele>729.33</ele>
        <time>2025-05-17T15:15:51Z</time>
      </trkpt>
      <trkpt lat="34.23356" lon="-118.1866">
        <ele>730.3</ele>
        <time>2025-05-17T15:15:54Z</time>
      </trkpt>
      <trkpt lat="34.23359" lon="-118.18664">
        <ele>730.43</ele>
        <time>2025-05-17T15:15:57Z</time>
      </trkpt>
      <trkpt lat="34.23361" lon="-118.18666">
        <ele>729.97</ele>
        <time>2025-05-17T15:15:59Z</time>
      </trkpt>
      <trkpt lat="34.23363" lon="-118.1867">
        <ele>730.24</ele>
        <time>2025-05-17T15:16:02Z</time>
      </trkpt>
      <trkpt lat="34.23365" lon="-118.18672">
        <ele>730.07</ele>
        <time>2025-05-17T15:16:06Z</time>
      </trkpt>
      <trkpt lat="34.23368" lon="-118.18674">
        <ele>729.51</ele>
        <time>2025-05-17T15:16:08Z</time>
      </trkpt>
      <trkpt lat="34.23371" lon="-118.18676">
        <ele>728.95</ele>
        <time>2025-05-17T15:16:11Z</time>
      </trkpt>
      <trkpt lat="34.23372" lon="-118.18679">
        <ele>729.43</ele>
        <time>2025-05-17T15:16:14Z</time>
      </trkpt>
      <trkpt lat="34.23375" lon="-118.18683">
        <ele>729.65</ele>
        <time>2025-05-17T15:16:17Z</time>
      </trkpt>
      <trkpt lat="34.23377" lon="-118.18685">
        <ele>729.54</ele>
        <time>2025-05-17T15:16:19Z</time>
      </trkpt>
      <trkpt lat="34.23379" lon="-118.18688">
        <ele>729.54</ele>
        <time>2025-05-17T15:16:22Z</time>
      </trkpt>
      <trkpt lat="34.23381" lon="-118.1869">
        <ele>729.38</ele>
        <time>2025-05-17T15:16:27Z</time>
      </trkpt>
      <trkpt lat="34.23379" lon="-118.18692">
        <ele>730.12</ele>
        <time>2025-05-17T15:16:34Z</time>
      </trkpt>
      <trkpt lat="34.23382" lon="-118.18692">
        <ele>729.6</ele>
        <time>2025-05-17T15:16:57Z</time>
      </trkpt>
      <trkpt lat="34.23385" lon="-118.18694">
        <ele>729.9</ele>
        <time>2025-05-17T15:17:00Z</time>
      </trkpt>
      <trkpt lat="34.23387" lon="-118.18697">
        <ele>730.78</ele>
        <time>2025-05-17T15:17:03Z</time>
      </trkpt>
      <trkpt lat="34.23389" lon="-118.18699">
        <ele>730.97</ele>
        <time>2025-05-17T15:17:06Z</time>
      </trkpt>
      <trkpt lat="34.23392" lon="-118.18702">
        <ele>731.23</ele>
        <time>2025-05-17T15:17:09Z</time>
      </trkpt>
      <trkpt lat="34.23393" lon="-118.18705">
        <ele>732.05</ele>
        <time>2025-05-17T15:17:12Z</time>
      </trkpt>
      <trkpt lat="34.23395" lon="-118.18709">
        <ele>733.25</ele>
        <time>2025-05-17T15:17:16Z</time>
      </trkpt>
      <trkpt lat="34.23397" lon="-118.18712">
        <ele>733.92</ele>
        <time>2025-05-17T15:17:19Z</time>
      </trkpt>
      <trkpt lat="34.23399" lon="-118.18715">
        <ele>734.06</ele>
        <time>2025-05-17T15:17:22Z</time>
      </trkpt>
      <trkpt lat="34.23401" lon="-118.18719">
        <ele>734.24</ele>
        <time>2025-05-17T15:17:25Z</time>
      </trkpt>
      <trkpt lat="34.23401" lon="-118.18722">
        <ele>734.66</ele>
        <time>2025-05-17T15:17:27Z</time>
      </trkpt>
      <trkpt lat="34.23401" lon="-118.18726">
        <ele>734.97</ele>
        <time>2025-05-17T15:17:30Z</time>
      </trkpt>
      <trkpt lat="34.23399" lon="-118.1873">
        <ele>735.67</ele>
        <time>2025-05-17T15:17:33Z</time>
      </trkpt>
      <trkpt lat="34.23396" lon="-118.18732">
        <ele>736.64</ele>
        <time>2025-05-17T15:17:35Z</time>
      </trkpt>
      <trkpt lat="34.23393" lon="-118.18733">
        <ele>737.5</ele>
        <time>2025-05-17T15:17:38Z</time>
      </trkpt>
      <trkpt lat="34.2339" lon="-118.18735">
        <ele>738.26</ele>
        <time>2025-05-17T15:17:40Z</time>
      </trkpt>
      <trkpt lat="34.23387" lon="-118.18736">
        <ele>739.12</ele>
        <time>2025-05-17T15:17:42Z</time>
      </trkpt>
      <trkpt lat="34.23384" lon="-118.18737">
        <ele>739.99</ele>
        <time>2025-05-17T15:17:44Z</time>
      </trkpt>
      <trkpt lat="34.2338" lon="-118.18737">
        <ele>741.28</ele>
        <time>2025-05-17T15:17:47Z</time>
      </trkpt>
      <trkpt lat="34.23377" lon="-118.18739">
        <ele>742.48</ele>
        <time>2025-05-17T15:17:50Z</time>
      </trkpt>
      <trkpt lat="34.23374" lon="-118.18742">
        <ele>743.27</ele>
        <time>2025-05-17T15:17:52Z</time>
      </trkpt>
      <trkpt lat="34.23372" lon="-118.18744">
        <ele>743.72</ele>
        <time>2025-05-17T15:17:54Z</time>
      </trkpt>
      <trkpt lat="34.23369" lon="-118.18748">
        <ele>744.42</ele>
        <time>2025-05-17T15:17:57Z</time>
      </trkpt>
      <trkpt lat="34.23366" lon="-118.1875">
        <ele>745.83</ele>
        <time>2025-05-17T15:18:00Z</time>
      </trkpt>
      <trkpt lat="34.23367" lon="-118.18746">
        <ele>746.52</ele>
        <time>2025-05-17T15:18:05Z</time>
      </trkpt>
      <trkpt lat="34.23367" lon="-118.18742">
        <ele>747.86</ele>
        <time>2025-05-17T15:18:10Z</time>
      </trkpt>
      <trkpt lat="34.23366" lon="-118.18746">
        <ele>747.31</ele>
        <time>2025-05-17T15:18:30Z</time>
      </trkpt>
      <trkpt lat="34.23367" lon="-118.18751">
        <ele>745.11</ele>
        <time>2025-05-17T15:18:34Z</time>
      </trkpt>
      <trkpt lat="34.23368" lon="-118.18755">
        <ele>744.26</ele>
        <time>2025-05-17T15:18:37Z</time>
      </trkpt>
      <trkpt lat="34.2337" lon="-118.18761">
        <ele>743.72</ele>
        <time>2025-05-17T15:18:40Z</time>
      </trkpt>
      <trkpt lat="34.23372" lon="-118.18765">
        <ele>744.47</ele>
        <time>2025-05-17T15:18:43Z</time>
      </trkpt>
      <trkpt lat="34.23375" lon="-118.18769">
        <ele>744.68</ele>
        <time>2025-05-17T15:18:45Z</time>
      </trkpt>
      <trkpt lat="34.23378" lon="-118.18771">
        <ele>744.38</ele>
        <time>2025-05-17T15:18:47Z</time>
      </trkpt>
      <trkpt lat="34.2338" lon="-118.18774">
        <ele>744.71</ele>
        <time>2025-05-17T15:18:49Z</time>
      </trkpt>
      <trkpt lat="34.23383" lon="-118.18776">
        <ele>744.77</ele>
        <time>2025-05-17T15:18:52Z</time>
      </trkpt>
      <trkpt lat="34.23386" lon="-118.18779">
        <ele>744.93</ele>
        <time>2025-05-17T15:18:55Z</time>
      </trkpt>
      <trkpt lat="34.23388" lon="-118.18781">
        <ele>744.92</ele>
        <time>2025-05-17T15:18:58Z</time>
      </trkpt>
      <trkpt lat="34.23391" lon="-118.18783">
        <ele>745.58</ele>
        <time>2025-05-17T15:19:02Z</time>
      </trkpt>
      <trkpt lat="34.23394" lon="-118.18785">
        <ele>746.66</ele>
        <time>2025-05-17T15:19:05Z</time>
      </trkpt>
      <trkpt lat="34.23396" lon="-118.18789">
        <ele>747.85</ele>
        <time>2025-05-17T15:19:08Z</time>
      </trkpt>
      <trkpt lat="34.23398" lon="-118.18791">
        <ele>748.41</ele>
        <time>2025-05-17T15:19:10Z</time>
      </trkpt>
      <trkpt lat="34.234" lon="-118.18796">
        <ele>749.77</ele>
        <time>2025-05-17T15:19:13Z</time>
      </trkpt>
      <trkpt lat="34.23399" lon="-118.188">
        <ele>749.77</ele>
        <time>2025-05-17T15:19:16Z</time>
      </trkpt>
      <trkpt lat="34.23398" lon="-118.18804">
        <ele>749.85</ele>
        <time>2025-05-17T15:19:18Z</time>
      </trkpt>
      <trkpt lat="34.23396" lon="-118.18807">
        <ele>750.42</ele>
        <time>2025-05-17T15:19:20Z</time>
      </trkpt>
      <trkpt lat="34.23394" lon="-118.18809">
        <ele>750.99</ele>
        <time>2025-05-17T15:19:22Z</time>
      </trkpt>
      <trkpt lat="34.23391" lon="-118.18811">
        <ele>751.81</ele>
        <time>2025-05-17T15:19:25Z</time>
      </trkpt>
      <trkpt lat="34.23387" lon="-118.1881">
        <ele>753.48</ele>
        <time>2025-05-17T15:19:27Z</time>
      </trkpt>
      <trkpt lat="34.23385" lon="-118.18808">
        <ele>754.38</ele>
        <time>2025-05-17T15:19:29Z</time>
      </trkpt>
      <trkpt lat="34.23382" lon="-118.18806">
        <ele>755.67</ele>
        <time>2025-05-17T15:19:31Z</time>
      </trkpt>
      <trkpt lat="34.2338" lon="-118.18803">
        <ele>755.41</ele>
        <time>2025-05-17T15:19:33Z</time>
      </trkpt>
      <trkpt lat="34.23378" lon="-118.18799">
        <ele>754.52</ele>
        <time>2025-05-17T15:19:35Z</time>
      </trkpt>
      <trkpt lat="34.23376" lon="-118.18796">
        <ele>754.24</ele>
        <time>2025-05-17T15:19:37Z</time>
      </trkpt>
      <trkpt lat="34.23374" lon="-118.18792">
        <ele>753.97</ele>
        <time>2025-05-17T15:19:40Z</time>
      </trkpt>
      <trkpt lat="34.23371" lon="-118.18789">
        <ele>754.49</ele>
        <time>2025-05-17T15:19:43Z</time>
      </trkpt>
      <trkpt lat="34.23369" lon="-118.18786">
        <ele>754.16</ele>
        <time>2025-05-17T15:19:46Z</time>
      </trkpt>
      <trkpt lat="34.23367" lon="-118.18781">
        <ele>753.09</ele>
        <time>2025-05-17T15:19:49Z</time>
      </trkpt>
      <trkpt lat="34.23364" lon="-118.18779">
        <ele>753.88</ele>
        <time>2025-05-17T15:19:53Z</time>
      </trkpt>
      <trkpt lat="34.23361" lon="-118.18778">
        <ele>755.11</ele>
        <time>2025-05-17T15:19:56Z</time>
      </trkpt>
      <trkpt lat="34.23358" lon="-118.18778">
        <ele>756.08</ele>
        <time>2025-05-17T15:19:59Z</time>
      </trkpt>
      <trkpt lat="34.23355" lon="-118.18779">
        <ele>757.38</ele>
        <time>2025-05-17T15:20:02Z</time>
      </trkpt>
      <trkpt lat="34.23351" lon="-118.1878">
        <ele>758.97</ele>
        <time>2025-05-17T15:20:05Z</time>
      </trkpt>
      <trkpt lat="34.23348" lon="-118.18781">
        <ele>760.15</ele>
        <time>2025-05-17T15:20:08Z</time>
      </trkpt>
      <trkpt lat="34.23346" lon="-118.18783">
        <ele>761.23</ele>
        <time>2025-05-17T15:20:10Z</time>
      </trkpt>
      <trkpt lat="34.23343" lon="-118.18786">
        <ele>762.68</ele>
        <time>2025-05-17T15:20:12Z</time>
      </trkpt>
      <trkpt lat="34.23341" lon="-118.18788">
        <ele>763.36</ele>
        <time>2025-05-17T15:20:14Z</time>
      </trkpt>
      <trkpt lat="34.23338" lon="-118.18789">
        <ele>763.81</ele>
        <time>2025-05-17T15:20:16Z</time>
      </trkpt>
      <trkpt lat="34.23336" lon="-118.18791">
        <ele>764.26</ele>
        <time>2025-05-17T15:20:18Z</time>
      </trkpt>
      <trkpt lat="34.23333" lon="-118.18792">
        <ele>764.57</ele>
        <time>2025-05-17T15:20:21Z</time>
      </trkpt>
      <trkpt lat="34.23329" lon="-118.18791">
        <ele>764.96</ele>
        <time>2025-05-17T15:20:25Z</time>
      </trkpt>
      <trkpt lat="34.23327" lon="-118.18788">
        <ele>765.33</ele>
        <time>2025-05-17T15:20:28Z</time>
      </trkpt>
      <trkpt lat="34.23327" lon="-118.18783">
        <ele>765.37</ele>
        <time>2025-05-17T15:20:31Z</time>
      </trkpt>
      <trkpt lat="34.23327" lon="-118.18779">
        <ele>765.37</ele>
        <time>2025-05-17T15:20:34Z</time>
      </trkpt>
      <trkpt lat="34.23329" lon="-118.18774">
        <ele>765.34</ele>
        <time>2025-05-17T15:20:37Z</time>
      </trkpt>
      <trkpt lat="34.23331" lon="-118.18771">
        <ele>765.24</ele>
        <time>2025-05-17T15:20:39Z</time>
      </trkpt>
      <trkpt lat="34.23332" lon="-118.18768">
        <ele>765.3</ele>
        <time>2025-05-17T15:20:41Z</time>
      </trkpt>
      <trkpt lat="34.23334" lon="-118.18765">
        <ele>764.67</ele>
        <time>2025-05-17T15:20:43Z</time>
      </trkpt>
      <trkpt lat="34.23335" lon="-118.18761">
        <ele>764.25</ele>
        <time>2025-05-17T15:20:46Z</time>
      </trkpt>
      <trkpt lat="34.23337" lon="-118.18758">
        <ele>763.55</ele>
        <time>2025-05-17T15:20:49Z</time>
      </trkpt>
      <trkpt lat="34.23338" lon="-118.18755">
        <ele>763.44</ele>
        <time>2025-05-17T15:20:52Z</time>
      </trkpt>
      <trkpt lat="34.23339" lon="-118.18752">
        <ele>763.34</ele>
        <time>2025-05-17T15:20:54Z</time>
      </trkpt>
      <trkpt lat="34.23341" lon="-118.18748">
        <ele>763.08</ele>
        <time>2025-05-17T15:20:57Z</time>
      </trkpt>
      <trkpt lat="34.23344" lon="-118.18745">
        <ele>762.55</ele>
        <time>2025-05-17T15:21:00Z</time>
      </trkpt>
      <trkpt lat="34.23346" lon="-118.18741">
        <ele>762.83</ele>
        <time>2025-05-17T15:21:04Z</time>
      </trkpt>
      <trkpt lat="34.23348" lon="-118.18738">
        <ele>762.54</ele>
        <time>2025-05-17T15:21:07Z</time>
      </trkpt>
      <trkpt lat="34.23349" lon="-118.18734">
        <ele>762.65</ele>
        <time>2025-05-17T15:21:10Z</time>
      </trkpt>
      <trkpt lat="34.23349" lon="-118.1873">
        <ele>762.97</ele>
        <time>2025-05-17T15:21:13Z</time>
      </trkpt>
      <trkpt lat="34.23349" lon="-118.18725">
        <ele>763.14</ele>
        <time>2025-05-17T15:21:16Z</time>
      </trkpt>
      <trkpt lat="34.23348" lon="-118.18721">
        <ele>763.61</ele>
        <time>2025-05-17T15:21:19Z</time>
      </trkpt>
      <trkpt lat="34.23347" lon="-118.18718">
        <ele>763.86</ele>
        <time>2025-05-17T15:21:22Z</time>
      </trkpt>
      <trkpt lat="34.23346" lon="-118.18714">
        <ele>763.97</ele>
        <time>2025-05-17T15:21:25Z</time>
      </trkpt>
      <trkpt lat="34.23343" lon="-118.1871">
        <ele>764.55</ele>
        <time>2025-05-17T15:21:28Z</time>
      </trkpt>
      <trkpt lat="34.23341" lon="-118.18707">
        <ele>765.04</ele>
        <time>2025-05-17T15:21:31Z</time>
      </trkpt>
      <trkpt lat="34.23339" lon="-118.18705">
        <ele>765.69</ele>
        <time>2025-05-17T15:21:33Z</time>
      </trkpt>
      <trkpt lat="34.23336" lon="-118.18702">
        <ele>766.48</ele>
        <time>2025-05-17T15:21:36Z</time>
      </trkpt>
      <trkpt lat="34.23334" lon="-118.18699">
        <ele>766.7</ele>
        <time>2025-05-17T15:21:39Z</time>
      </trkpt>
      <trkpt lat="34.23332" lon="-118.18696">
        <ele>766.91</ele>
        <time>2025-05-17T15:21:42Z</time>
      </trkpt>
      <trkpt lat="34.23329" lon="-118.18694">
        <ele>767.8</ele>
        <time>2025-05-17T15:21:45Z</time>
      </trkpt>
      <trkpt lat="34.23326" lon="-118.18691">
        <ele>768.72</ele>
        <time>2025-05-17T15:21:48Z</time>
      </trkpt>
      <trkpt lat="34.23322" lon="-118.18689">
        <ele>770.08</ele>
        <time>2025-05-17T15:21:51Z</time>
      </trkpt>
      <trkpt lat="34.23319" lon="-118.18688">
        <ele>770.95</ele>
        <time>2025-05-17T15:21:54Z</time>
      </trkpt>
      <trkpt lat="34.23316" lon="-118.18687">
        <ele>771.81</ele>
        <time>2025-05-17T15:21:57Z</time>
      </trkpt>
      <trkpt lat="34.23312" lon="-118.18687">
        <ele>772.86</ele>
        <time>2025-05-17T15:22:00Z</time>
      </trkpt>
      <trkpt lat="34.23309" lon="-118.18687">
        <ele>773.58</ele>
        <time>2025-05-17T15:22:03Z</time>
      </trkpt>
      <trkpt lat="34.23305" lon="-118.18688">
        <ele>774.67</ele>
        <time>2025-05-17T15:22:06Z</time>
      </trkpt>
      <trkpt lat="34.23302" lon="-118.18688">
        <ele>774.99</ele>
        <time>2025-05-17T15:22:09Z</time>
      </trkpt>
      <trkpt lat="34.23298" lon="-118.18688">
        <ele>775.42</ele>
        <time>2025-05-17T15:22:12Z</time>
      </trkpt>
      <trkpt lat="34.23295" lon="-118.18687">
        <ele>775.39</ele>
        <time>2025-05-17T15:22:15Z</time>
      </trkpt>
      <trkpt lat="34.23291" lon="-118.18686">
        <ele>775.18</ele>
        <time>2025-05-17T15:22:18Z</time>
      </trkpt>
      <trkpt lat="34.23287" lon="-118.18686">
        <ele>775.18</ele>
        <time>2025-05-17T15:22:21Z</time>
      </trkpt>
      <trkpt lat="34.23284" lon="-118.18685">
        <ele>774.94</ele>
        <time>2025-05-17T15:22:23Z</time>
      </trkpt>
      <trkpt lat="34.23281" lon="-118.18685">
        <ele>774.94</ele>
        <time>2025-05-17T15:22:25Z</time>
      </trkpt>
      <trkpt lat="34.23278" lon="-118.18684">
        <ele>774.62</ele>
        <time>2025-05-17T15:22:28Z</time>
      </trkpt>
      <trkpt lat="34.23274" lon="-118.18683">
        <ele>774.29</ele>
        <time>2025-05-17T15:22:31Z</time>
      </trkpt>
      <trkpt lat="34.2327" lon="-118.18683">
        <ele>774.29</ele>
        <time>2025-05-17T15:22:34Z</time>
      </trkpt>
      <trkpt lat="34.23267" lon="-118.18683">
        <ele>774.29</ele>
        <time>2025-05-17T15:22:37Z</time>
      </trkpt>
      <trkpt lat="34.23264" lon="-118.18683">
        <ele>774.29</ele>
        <time>2025-05-17T15:22:39Z</time>
      </trkpt>
      <trkpt lat="34.23261" lon="-118.18683">
        <ele>774.29</ele>
        <time>2025-05-17T15:22:41Z</time>
      </trkpt>
      <trkpt lat="34.23257" lon="-118.18683">
        <ele>774.48</ele>
        <time>2025-05-17T15:22:44Z</time>
      </trkpt>
      <trkpt lat="34.23253" lon="-118.18683">
        <ele>774.81</ele>
        <time>2025-05-17T15:22:47Z</time>
      </trkpt>
      <trkpt lat="34.23251" lon="-118.18681">
        <ele>774.13</ele>
        <time>2025-05-17T15:23:04Z</time>
      </trkpt>
      <trkpt lat="34.23248" lon="-118.18682">
        <ele>774.7</ele>
        <time>2025-05-17T15:23:10Z</time>
      </trkpt>
      <trkpt lat="34.23245" lon="-118.18684">
        <ele>775.56</ele>
        <time>2025-05-17T15:23:13Z</time>
      </trkpt>
      <trkpt lat="34.23242" lon="-118.18685">
        <ele>775.94</ele>
        <time>2025-05-17T15:23:16Z</time>
      </trkpt>
      <trkpt lat="34.23239" lon="-118.18686">
        <ele>776.52</ele>
        <time>2025-05-17T15:23:18Z</time>
      </trkpt>
      <trkpt lat="34.23235" lon="-118.18687">
        <ele>777.28</ele>
        <time>2025-05-17T15:23:21Z</time>
      </trkpt>
      <trkpt lat="34.23232" lon="-118.18688">
        <ele>777.87</ele>
        <time>2025-05-17T15:23:23Z</time>
      </trkpt>
      <trkpt lat="34.23229" lon="-118.18688">
        <ele>778.29</ele>
        <time>2025-05-17T15:23:26Z</time>
      </trkpt>
      <trkpt lat="34.23226" lon="-118.18687">
        <ele>778.54</ele>
        <time>2025-05-17T15:23:29Z</time>
      </trkpt>
      <trkpt lat="34.23224" lon="-118.18686">
        <ele>778.74</ele>
        <time>2025-05-17T15:23:31Z</time>
      </trkpt>
      <trkpt lat="34.23221" lon="-118.18684">
        <ele>779.26</ele>
        <time>2025-05-17T15:23:33Z</time>
      </trkpt>
      <trkpt lat="34.23219" lon="-118.18681">
        <ele>779.7</ele>
        <time>2025-05-17T15:23:36Z</time>
      </trkpt>
      <trkpt lat="34.23219" lon="-118.18676">
        <ele>779.7</ele>
        <time>2025-05-17T15:23:39Z</time>
      </trkpt>
      <trkpt lat="34.23219" lon="-118.18672">
        <ele>780.27</ele>
        <time>2025-05-17T15:23:42Z</time>
      </trkpt>
      <trkpt lat="34.23221" lon="-118.18669">
        <ele>780.11</ele>
        <time>2025-05-17T15:23:44Z</time>
      </trkpt>
      <trkpt lat="34.23222" lon="-118.18666">
        <ele>780.15</ele>
        <time>2025-05-17T15:23:46Z</time>
      </trkpt>
      <trkpt lat="34.23224" lon="-118.18663">
        <ele>779.63</ele>
        <time>2025-05-17T15:23:48Z</time>
      </trkpt>
      <trkpt lat="34.23226" lon="-118.18659">
        <ele>779.2</ele>
        <time>2025-05-17T15:23:51Z</time>
      </trkpt>
      <trkpt lat="34.23229" lon="-118.18656">
        <ele>778.38</ele>
        <time>2025-05-17T15:23:54Z</time>
      </trkpt>
      <trkpt lat="34.2323" lon="-118.18652">
        <ele>778.81</ele>
        <time>2025-05-17T15:23:57Z</time>
      </trkpt>
      <trkpt lat="34.23232" lon="-118.18649">
        <ele>778.53</ele>
        <time>2025-05-17T15:24:00Z</time>
      </trkpt>
      <trkpt lat="34.23234" lon="-118.18646">
        <ele>778.17</ele>
        <time>2025-05-17T15:24:03Z</time>
      </trkpt>
      <trkpt lat="34.23236" lon="-118.18643">
        <ele>777.94</ele>
        <time>2025-05-17T15:24:06Z</time>
      </trkpt>
      <trkpt lat="34.23237" lon="-118.1864">
        <ele>778.3</ele>
        <time>2025-05-17T15:24:09Z</time>
      </trkpt>
      <trkpt lat="34.23239" lon="-118.18637">
        <ele>778.12</ele>
        <time>2025-05-17T15:24:12Z</time>
      </trkpt>
      <trkpt lat="34.2324" lon="-118.18633">
        <ele>778.54</ele>
        <time>2025-05-17T15:24:15Z</time>
      </trkpt>
      <trkpt lat="34.2324" lon="-118.18629">
        <ele>779.31</ele>
        <time>2025-05-17T15:24:18Z</time>
      </trkpt>
      <trkpt lat="34.23241" lon="-118.18624">
        <ele>779.51</ele>
        <time>2025-05-17T15:24:21Z</time>
      </trkpt>
      <trkpt lat="34.2324" lon="-118.1862">
        <ele>780.36</ele>
        <time>2025-05-17T15:24:24Z</time>
      </trkpt>
      <trkpt lat="34.23239" lon="-118.18616">
        <ele>781.22</ele>
        <time>2025-05-17T15:24:27Z</time>
      </trkpt>
      <trkpt lat="34.23237" lon="-118.18613">
        <ele>782.41</ele>
        <time>2025-05-17T15:24:30Z</time>
      </trkpt>
      <trkpt lat="34.23234" lon="-118.18611">
        <ele>783.91</ele>
        <time>2025-05-17T15:24:33Z</time>
      </trkpt>
      <trkpt lat="34.23231" lon="-118.18611">
        <ele>785.16</ele>
        <time>2025-05-17T15:24:36Z</time>
      </trkpt>
      <trkpt lat="34.23229" lon="-118.18614">
        <ele>785.58</ele>
        <time>2025-05-17T15:24:39Z</time>
      </trkpt>
      <trkpt lat="34.23227" lon="-118.18618">
        <ele>786.07</ele>
        <time>2025-05-17T15:24:42Z</time>
      </trkpt>
      <trkpt lat="34.23226" lon="-118.18622">
        <ele>786.02</ele>
        <time>2025-05-17T15:24:45Z</time>
      </trkpt>
      <trkpt lat="34.23225" lon="-118.18626">
        <ele>785.58</ele>
        <time>2025-05-17T15:24:48Z</time>
      </trkpt>
      <trkpt lat="34.23224" lon="-118.1863">
        <ele>785.16</ele>
        <time>2025-05-17T15:24:51Z</time>
      </trkpt>
      <trkpt lat="34.23222" lon="-118.18634">
        <ele>785.18</ele>
        <time>2025-05-17T15:24:54Z</time>
      </trkpt>
      <trkpt lat="34.23221" lon="-118.18639">
        <ele>784.65</ele>
        <time>2025-05-17T15:24:57Z</time>
      </trkpt>
      <trkpt lat="34.23219" lon="-118.18642">
        <ele>785.29</ele>
        <time>2025-05-17T15:25:00Z</time>
      </trkpt>
      <trkpt lat="34.23218" lon="-118.18645">
        <ele>785.32</ele>
        <time>2025-05-17T15:25:03Z</time>
      </trkpt>
      <trkpt lat="34.23216" lon="-118.18649">
        <ele>785.5</ele>
        <time>2025-05-17T15:25:06Z</time>
      </trkpt>
      <trkpt lat="34.23214" lon="-118.18652">
        <ele>785.72</ele>
        <time>2025-05-17T15:25:09Z</time>
      </trkpt>
      <trkpt lat="34.23212" lon="-118.18655">
        <ele>785.96</ele>
        <time>2025-05-17T15:25:12Z</time>
      </trkpt>
      <trkpt lat="34.2321" lon="-118.18659">
        <ele>785.94</ele>
        <time>2025-05-17T15:25:15Z</time>
      </trkpt>
      <trkpt lat="34.23208" lon="-118.18662">
        <ele>786.15</ele>
        <time>2025-05-17T15:25:18Z</time>
      </trkpt>
      <trkpt lat="34.23207" lon="-118.18666">
        <ele>785.72</ele>
        <time>2025-05-17T15:25:21Z</time>
      </trkpt>
      <trkpt lat="34.23204" lon="-118.18669">
        <ele>786.61</ele>
        <time>2025-05-17T15:25:24Z</time>
      </trkpt>
      <trkpt lat="34.23202" lon="-118.18673">
        <ele>787.24</ele>
        <time>2025-05-17T15:25:27Z</time>
      </trkpt>
      <trkpt lat="34.23201" lon="-118.18676">
        <ele>787.47</ele>
        <time>2025-05-17T15:25:30Z</time>
      </trkpt>
      <trkpt lat="34.23199" lon="-118.18679">
        <ele>788.7</ele>
        <time>2025-05-17T15:25:33Z</time>
      </trkpt>
      <trkpt lat="34.23198" lon="-118.18683">
        <ele>789.37</ele>
        <time>2025-05-17T15:25:37Z</time>
      </trkpt>
      <trkpt lat="34.23197" lon="-118.18687">
        <ele>790.29</ele>
        <time>2025-05-17T15:25:40Z</time>
      </trkpt>
      <trkpt lat="34.23198" lon="-118.18691">
        <ele>790.72</ele>
        <time>2025-05-17T15:25:43Z</time>
      </trkpt>
      <trkpt lat="34.23198" lon="-118.18695">
        <ele>791.7</ele>
        <time>2025-05-17T15:25:46Z</time>
      </trkpt>
      <trkpt lat="34.23198" lon="-118.18699">
        <ele>793.43</ele>
        <time>2025-05-17T15:25:49Z</time>
      </trkpt>
      <trkpt lat="34.23199" lon="-118.18703">
        <ele>794.73</ele>
        <time>2025-05-17T15:25:52Z</time>
      </trkpt>
      <trkpt lat="34.232" lon="-118.18707">
        <ele>796.02</ele>
        <time>2025-05-17T15:25:55Z</time>
      </trkpt>
      <trkpt lat="34.23202" lon="-118.18711">
        <ele>796.89</ele>
        <time>2025-05-17T15:25:58Z</time>
      </trkpt>
      <trkpt lat="34.23203" lon="-118.18715">
        <ele>797.96</ele>
        <time>2025-05-17T15:26:01Z</time>
      </trkpt>
      <trkpt lat="34.23204" lon="-118.18719">
        <ele>798.88</ele>
        <time>2025-05-17T15:26:05Z</time>
      </trkpt>
      <trkpt lat="34.23205" lon="-118.18723">
        <ele>799.9</ele>
        <time>2025-05-17T15:26:08Z</time>
      </trkpt>
      <trkpt lat="34.23206" lon="-118.18726">
        <ele>800.42</ele>
        <time>2025-05-17T15:26:11Z</time>
      </trkpt>
      <trkpt lat="34.23209" lon="-118.18729">
        <ele>800.74</ele>
        <time>2025-05-17T15:26:15Z</time>
      </trkpt>
      <trkpt lat="34.23212" lon="-118.1873">
        <ele>800.64</ele>
        <time>2025-05-17T15:26:18Z</time>
      </trkpt>
      <trkpt lat="34.23216" lon="-118.18729">
        <ele>800.2</ele>
        <time>2025-05-17T15:26:21Z</time>
      </trkpt>
      <trkpt lat="34.23219" lon="-118.18728">
        <ele>799.87</ele>
        <time>2025-05-17T15:26:24Z</time>
      </trkpt>
      <trkpt lat="34.23222" lon="-118.18727">
        <ele>799.55</ele>
        <time>2025-05-17T15:26:27Z</time>
      </trkpt>
      <trkpt lat="34.23225" lon="-118.18726">
        <ele>799.22</ele>
        <time>2025-05-17T15:26:30Z</time>
      </trkpt>
      <trkpt lat="34.23228" lon="-118.18726">
        <ele>799.22</ele>
        <time>2025-05-17T15:26:33Z</time>
      </trkpt>
      <trkpt lat="34.23232" lon="-118.18726">
        <ele>799.2</ele>
        <time>2025-05-17T15:26:36Z</time>
      </trkpt>
      <trkpt lat="34.23235" lon="-118.18728">
        <ele>799.63</ele>
        <time>2025-05-17T15:26:39Z</time>
      </trkpt>
      <trkpt lat="34.23238" lon="-118.18729">
        <ele>799.68</ele>
        <time>2025-05-17T15:26:42Z</time>
      </trkpt>
      <trkpt lat="34.23241" lon="-118.18731">
        <ele>799.87</ele>
        <time>2025-05-17T15:26:45Z</time>
      </trkpt>
      <trkpt lat="34.23244" lon="-118.18734">
        <ele>800.46</ele>
        <time>2025-05-17T15:26:48Z</time>
      </trkpt>
      <trkpt lat="34.23246" lon="-118.18737">
        <ele>801.22</ele>
        <time>2025-05-17T15:26:51Z</time>
      </trkpt>
      <trkpt lat="34.23248" lon="-118.1874">
        <ele>801.98</ele>
        <time>2025-05-17T15:26:54Z</time>
      </trkpt>
      <trkpt lat="34.23251" lon="-118.18742">
        <ele>801.96</ele>
        <time>2025-05-17T15:26:57Z</time>
      </trkpt>
      <trkpt lat="34.23253" lon="-118.18745">
        <ele>802.1</ele>
        <time>2025-05-17T15:27:00Z</time>
      </trkpt>
      <trkpt lat="34.23255" lon="-118.18748">
        <ele>802.37</ele>
        <time>2025-05-17T15:27:03Z</time>
      </trkpt>
      <trkpt lat="34.23257" lon="-118.18751">
        <ele>802.73</ele>
        <time>2025-05-17T15:27:06Z</time>
      </trkpt>
      <trkpt lat="34.23259" lon="-118.18755">
        <ele>803.15</ele>
        <time>2025-05-17T15:27:09Z</time>
      </trkpt>
      <trkpt lat="34.2326" lon="-118.18759">
        <ele>803.78</ele>
        <time>2025-05-17T15:27:12Z</time>
      </trkpt>
      <trkpt lat="34.23261" lon="-118.18762">
        <ele>804.16</ele>
        <time>2025-05-17T15:27:15Z</time>
      </trkpt>
      <trkpt lat="34.23262" lon="-118.18767">
        <ele>804.83</ele>
        <time>2025-05-17T15:27:18Z</time>
      </trkpt>
      <trkpt lat="34.23262" lon="-118.1877">
        <ele>805.38</ele>
        <time>2025-05-17T15:27:21Z</time>
      </trkpt>
      <trkpt lat="34.23262" lon="-118.18773">
        <ele>805.94</ele>
        <time>2025-05-17T15:28:05Z</time>
      </trkpt>
      <trkpt lat="34.23262" lon="-118.18778">
        <ele>806.83</ele>
        <time>2025-05-17T15:28:09Z</time>
      </trkpt>
      <trkpt lat="34.23262" lon="-118.18783">
        <ele>807.21</ele>
        <time>2025-05-17T15:28:12Z</time>
      </trkpt>
      <trkpt lat="34.23262" lon="-118.18787">
        <ele>807.52</ele>
        <time>2025-05-17T15:28:15Z</time>
      </trkpt>
      <trkpt lat="34.23261" lon="-118.1879">
        <ele>808.06</ele>
        <time>2025-05-17T15:28:17Z</time>
      </trkpt>
      <trkpt lat="34.2326" lon="-118.18795">
        <ele>808.6</ele>
        <time>2025-05-17T15:28:20Z</time>
      </trkpt>
      <trkpt lat="34.2326" lon="-118.18791">
        <ele>808.6</ele>
        <time>2025-05-17T15:28:38Z</time>
      </trkpt>
      <trkpt lat="34.2326" lon="-118.18796">
        <ele>808.6</ele>
        <time>2025-05-17T15:28:44Z</time>
      </trkpt>
      <trkpt lat="34.2326" lon="-118.188">
        <ele>808.97</ele>
        <time>2025-05-17T15:28:46Z</time>
      </trkpt>
      <trkpt lat="34.2326" lon="-118.18804">
        <ele>809.37</ele>
        <time>2025-05-17T15:28:49Z</time>
      </trkpt>
      <trkpt lat="34.23259" lon="-118.18808">
        <ele>809.88</ele>
        <time>2025-05-17T15:28:52Z</time>
      </trkpt>
      <trkpt lat="34.23259" lon="-118.18813">
        <ele>809.34</ele>
        <time>2025-05-17T15:28:55Z</time>
      </trkpt>
      <trkpt lat="34.23258" lon="-118.18816">
        <ele>809.55</ele>
        <time>2025-05-17T15:28:57Z</time>
      </trkpt>
      <trkpt lat="34.23258" lon="-118.1882">
        <ele>809.12</ele>
        <time>2025-05-17T15:29:00Z</time>
      </trkpt>
      <trkpt lat="34.23256" lon="-118.18824">
        <ele>809.77</ele>
        <time>2025-05-17T15:29:03Z</time>
      </trkpt>
      <trkpt lat="34.23256" lon="-118.18827">
        <ele>809.44</ele>
        <time>2025-05-17T15:29:06Z</time>
      </trkpt>
      <trkpt lat="34.23255" lon="-118.18832">
        <ele>809.44</ele>
        <time>2025-05-17T15:29:09Z</time>
      </trkpt>
      <trkpt lat="34.23254" lon="-118.18835">
        <ele>809.66</ele>
        <time>2025-05-17T15:29:12Z</time>
      </trkpt>
      <trkpt lat="34.23254" lon="-118.18838">
        <ele>809.34</ele>
        <time>2025-05-17T15:29:14Z</time>
      </trkpt>
      <trkpt lat="34.23253" lon="-118.18841">
        <ele>809.55</ele>
        <time>2025-05-17T15:29:16Z</time>
      </trkpt>
      <trkpt lat="34.23251" lon="-118.18845">
        <ele>810.2</ele>
        <time>2025-05-17T15:29:20Z</time>
      </trkpt>
      <trkpt lat="34.2325" lon="-118.18849">
        <ele>810.31</ele>
        <time>2025-05-17T15:29:23Z</time>
      </trkpt>
      <trkpt lat="34.23248" lon="-118.18853">
        <ele>810.96</ele>
        <time>2025-05-17T15:29:26Z</time>
      </trkpt>
      <trkpt lat="34.23247" lon="-118.18856">
        <ele>811.17</ele>
        <time>2025-05-17T15:29:28Z</time>
      </trkpt>
      <trkpt lat="34.23246" lon="-118.1886">
        <ele>811.28</ele>
        <time>2025-05-17T15:29:31Z</time>
      </trkpt>
      <trkpt lat="34.23246" lon="-118.18864">
        <ele>810.85</ele>
        <time>2025-05-17T15:29:34Z</time>
      </trkpt>
      <trkpt lat="34.23246" lon="-118.18869">
        <ele>810.31</ele>
        <time>2025-05-17T15:29:37Z</time>
      </trkpt>
      <trkpt lat="34.23245" lon="-118.18872">
        <ele>810.7</ele>
        <time>2025-05-17T15:29:40Z</time>
      </trkpt>
      <trkpt lat="34.23244" lon="-118.18875">
        <ele>811.24</ele>
        <time>2025-05-17T15:29:43Z</time>
      </trkpt>
      <trkpt lat="34.23243" lon="-118.18879">
        <ele>811.78</ele>
        <time>2025-05-17T15:29:46Z</time>
      </trkpt>
      <trkpt lat="34.23243" lon="-118.18883">
        <ele>811.78</ele>
        <time>2025-05-17T15:29:49Z</time>
      </trkpt>
      <trkpt lat="34.23243" lon="-118.18887">
        <ele>811.78</ele>
        <time>2025-05-17T15:29:51Z</time>
      </trkpt>
      <trkpt lat="34.23243" lon="-118.18891">
        <ele>812.06</ele>
        <time>2025-05-17T15:29:54Z</time>
      </trkpt>
      <trkpt lat="34.23244" lon="-118.18896">
        <ele>812.28</ele>
        <time>2025-05-17T15:29:57Z</time>
      </trkpt>
      <trkpt lat="34.23245" lon="-118.189">
        <ele>812.45</ele>
        <time>2025-05-17T15:30:00Z</time>
      </trkpt>
      <trkpt lat="34.23246" lon="-118.18903">
        <ele>812.55</ele>
        <time>2025-05-17T15:30:03Z</time>
      </trkpt>
      <trkpt lat="34.23247" lon="-118.18906">
        <ele>812.72</ele>
        <time>2025-05-17T15:30:06Z</time>
      </trkpt>
      <trkpt lat="34.23248" lon="-118.1891">
        <ele>812.99</ele>
        <time>2025-05-17T15:30:09Z</time>
      </trkpt>
      <trkpt lat="34.23249" lon="-118.18914">
        <ele>813.11</ele>
        <time>2025-05-17T15:30:12Z</time>
      </trkpt>
      <trkpt lat="34.2325" lon="-118.18917">
        <ele>813.07</ele>
        <time>2025-05-17T15:30:15Z</time>
      </trkpt>
      <trkpt lat="34.23251" lon="-118.1892">
        <ele>813.36</ele>
        <time>2025-05-17T15:30:19Z</time>
      </trkpt>
      <trkpt lat="34.23253" lon="-118.18924">
        <ele>813.36</ele>
        <time>2025-05-17T15:30:22Z</time>
      </trkpt>
      <trkpt lat="34.23254" lon="-118.18927">
        <ele>813.62</ele>
        <time>2025-05-17T15:30:25Z</time>
      </trkpt>
      <trkpt lat="34.23256" lon="-118.1893">
        <ele>813.73</ele>
        <time>2025-05-17T15:30:28Z</time>
      </trkpt>
      <trkpt lat="34.23258" lon="-118.18934">
        <ele>814.16</ele>
        <time>2025-05-17T15:30:31Z</time>
      </trkpt>
      <trkpt lat="34.2326" lon="-118.18938">
        <ele>814.62</ele>
        <time>2025-05-17T15:30:34Z</time>
      </trkpt>
      <trkpt lat="34.23261" lon="-118.18941">
        <ele>815.25</ele>
        <time>2025-05-17T15:30:36Z</time>
      </trkpt>
      <trkpt lat="34.23263" lon="-118.18945">
        <ele>816.2</ele>
        <time>2025-05-17T15:30:39Z</time>
      </trkpt>
      <trkpt lat="34.23265" lon="-118.18947">
        <ele>816.83</ele>
        <time>2025-05-17T15:30:42Z</time>
      </trkpt>
      <trkpt lat="34.23267" lon="-118.18949">
        <ele>817.19</ele>
        <time>2025-05-17T15:30:45Z</time>
      </trkpt>
      <trkpt lat="34.2327" lon="-118.18951">
        <ele>817.01</ele>
        <time>2025-05-17T15:30:48Z</time>
      </trkpt>
      <trkpt lat="34.23273" lon="-118.18954">
        <ele>817.76</ele>
        <time>2025-05-17T15:30:51Z</time>
      </trkpt>
      <trkpt lat="34.23274" lon="-118.18956">
        <ele>818.81</ele>
        <time>2025-05-17T15:30:54Z</time>
      </trkpt>
      <trkpt lat="34.23276" lon="-118.18959">
        <ele>820.12</ele>
        <time>2025-05-17T15:30:57Z</time>
      </trkpt>
      <trkpt lat="34.23278" lon="-118.18963">
        <ele>821.97</ele>
        <time>2025-05-17T15:31:00Z</time>
      </trkpt>
      <trkpt lat="34.23279" lon="-118.18967">
        <ele>823.54</ele>
        <time>2025-05-17T15:31:03Z</time>
      </trkpt>
      <trkpt lat="34.23281" lon="-118.18971">
        <ele>825.08</ele>
        <time>2025-05-17T15:31:06Z</time>
      </trkpt>
      <trkpt lat="34.23283" lon="-118.18974">
        <ele>826.37</ele>
        <time>2025-05-17T15:31:09Z</time>
      </trkpt>
      <trkpt lat="34.23285" lon="-118.18976">
        <ele>827.03</ele>
        <time>2025-05-17T15:31:12Z</time>
      </trkpt>
      <trkpt lat="34.23287" lon="-118.18979">
        <ele>827.94</ele>
        <time>2025-05-17T15:31:15Z</time>
      </trkpt>
      <trkpt lat="34.2329" lon="-118.1898">
        <ele>828.41</ele>
        <time>2025-05-17T15:31:18Z</time>
      </trkpt>
      <trkpt lat="34.23294" lon="-118.18979">
        <ele>828.13</ele>
        <time>2025-05-17T15:31:21Z</time>
      </trkpt>
      <trkpt lat="34.23297" lon="-118.18978">
        <ele>828.02</ele>
        <time>2025-05-17T15:31:23Z</time>
      </trkpt>
      <trkpt lat="34.23299" lon="-118.18976">
        <ele>827.81</ele>
        <time>2025-05-17T15:31:25Z</time>
      </trkpt>
      <trkpt lat="34.23301" lon="-118.18972">
        <ele>826.91</ele>
        <time>2025-05-17T15:31:28Z</time>
      </trkpt>
      <trkpt lat="34.23302" lon="-118.18968">
        <ele>825.23</ele>
        <time>2025-05-17T15:31:31Z</time>
      </trkpt>
      <trkpt lat="34.23303" lon="-118.18965">
        <ele>824.11</ele>
        <time>2025-05-17T15:31:34Z</time>
      </trkpt>
      <trkpt lat="34.23304" lon="-118.18961">
        <ele>823.0</ele>
        <time>2025-05-17T15:31:37Z</time>
      </trkpt>
      <trkpt lat="34.23305" lon="-118.18957">
        <ele>822.45</ele>
        <time>2025-05-17T15:31:40Z</time>
      </trkpt>
      <trkpt lat="34.23306" lon="-118.18954">
        <ele>822.21</ele>
        <time>2025-05-17T15:31:43Z</time>
      </trkpt>
      <trkpt lat="34.23308" lon="-118.18951">
        <ele>822.5</ele>
        <time>2025-05-17T15:31:46Z</time>
      </trkpt>
      <trkpt lat="34.2331" lon="-118.18948">
        <ele>822.82</ele>
        <time>2025-05-17T15:31:49Z</time>
      </trkpt>
      <trkpt lat="34.23311" lon="-118.18945">
        <ele>822.82</ele>
        <time>2025-05-17T15:31:52Z</time>
      </trkpt>
      <trkpt lat="34.23312" lon="-118.18941">
        <ele>822.6</ele>
        <time>2025-05-17T15:31:55Z</time>
      </trkpt>
      <trkpt lat="34.23314" lon="-118.18938">
        <ele>822.98</ele>
        <time>2025-05-17T15:31:58Z</time>
      </trkpt>
      <trkpt lat="34.23315" lon="-118.18934">
        <ele>823.06</ele>
        <time>2025-05-17T15:32:01Z</time>
      </trkpt>
      <trkpt lat="34.23316" lon="-118.1893">
        <ele>823.31</ele>
        <time>2025-05-17T15:32:04Z</time>
      </trkpt>
      <trkpt lat="34.23318" lon="-118.18927">
        <ele>823.73</ele>
        <time>2025-05-17T15:32:07Z</time>
      </trkpt>
      <trkpt lat="34.2332" lon="-118.18924">
        <ele>823.91</ele>
        <time>2025-05-17T15:32:10Z</time>
      </trkpt>
      <trkpt lat="34.23323" lon="-118.18922">
        <ele>824.34</ele>
        <time>2025-05-17T15:32:13Z</time>
      </trkpt>
      <trkpt lat="34.23327" lon="-118.18922">
        <ele>824.26</ele>
        <time>2025-05-17T15:32:16Z</time>
      </trkpt>
      <trkpt lat="34.2333" lon="-118.18924">
        <ele>824.15</ele>
        <time>2025-05-17T15:32:19Z</time>
      </trkpt>
      <trkpt lat="34.23333" lon="-118.18926">
        <ele>824.04</ele>
        <time>2025-05-17T15:32:22Z</time>
      </trkpt>
      <trkpt lat="34.23336" lon="-118.18929">
        <ele>823.85</ele>
        <time>2025-05-17T15:32:25Z</time>
      </trkpt>
      <trkpt lat="34.23336" lon="-118.18933">
        <ele>824.41</ele>
        <time>2025-05-17T15:32:28Z</time>
      </trkpt>
      <trkpt lat="34.23336" lon="-118.18938">
        <ele>825.62</ele>
        <time>2025-05-17T15:32:31Z</time>
      </trkpt>
      <trkpt lat="34.23334" lon="-118.18942">
        <ele>827.14</ele>
        <time>2025-05-17T15:32:34Z</time>
      </trkpt>
      <trkpt lat="34.2333" lon="-118.18944">
        <ele>827.19</ele>
        <time>2025-05-17T15:32:37Z</time>
      </trkpt>
      <trkpt lat="34.23327" lon="-118.18946">
        <ele>826.8</ele>
        <time>2025-05-17T15:32:40Z</time>
      </trkpt>
      <trkpt lat="34.23325" lon="-118.18948">
        <ele>826.58</ele>
        <time>2025-05-17T15:32:43Z</time>
      </trkpt>
      <trkpt lat="34.23322" lon="-118.1895">
        <ele>826.15</ele>
        <time>2025-05-17T15:32:45Z</time>
      </trkpt>
      <trkpt lat="34.23319" lon="-118.18953">
        <ele>825.83</ele>
        <time>2025-05-17T15:32:48Z</time>
      </trkpt>
      <trkpt lat="34.23317" lon="-118.18956">
        <ele>825.97</ele>
        <time>2025-05-17T15:32:51Z</time>
      </trkpt>
      <trkpt lat="34.23315" lon="-118.1896">
        <ele>826.4</ele>
        <time>2025-05-17T15:32:54Z</time>
      </trkpt>
      <trkpt lat="34.23314" lon="-118.18964">
        <ele>827.08</ele>
        <time>2025-05-17T15:32:57Z</time>
      </trkpt>
      <trkpt lat="34.23313" lon="-118.18968">
        <ele>828.15</ele>
        <time>2025-05-17T15:33:00Z</time>
      </trkpt>
      <trkpt lat="34.23311" lon="-118.18972">
        <ele>829.09</ele>
        <time>2025-05-17T15:33:03Z</time>
      </trkpt>
      <trkpt lat="34.2331" lon="-118.18976">
        <ele>830.38</ele>
        <time>2025-05-17T15:33:06Z</time>
      </trkpt>
      <trkpt lat="34.23309" lon="-118.1898">
        <ele>831.58</ele>
        <time>2025-05-17T15:33:09Z</time>
      </trkpt>
      <trkpt lat="34.23308" lon="-118.18984">
        <ele>832.95</ele>
        <time>2025-05-17T15:33:12Z</time>
      </trkpt>
      <trkpt lat="34.23307" lon="-118.18988">
        <ele>834.39</ele>
        <time>2025-05-17T15:33:16Z</time>
      </trkpt>
      <trkpt lat="34.23305" lon="-118.18992">
        <ele>835.42</ele>
        <time>2025-05-17T15:33:19Z</time>
      </trkpt>
      <trkpt lat="34.23304" lon="-118.18996">
        <ele>836.94</ele>
        <time>2025-05-17T15:33:22Z</time>
      </trkpt>
      <trkpt lat="34.23303" lon="-118.18999">
        <ele>838.02</ele>
        <time>2025-05-17T15:33:24Z</time>
      </trkpt>
      <trkpt lat="34.23301" lon="-118.19003">
        <ele>838.99</ele>
        <time>2025-05-17T15:33:27Z</time>
      </trkpt>
      <trkpt lat="34.23298" lon="-118.19007">
        <ele>839.64</ele>
        <time>2025-05-17T15:33:29Z</time>
      </trkpt>
      <trkpt lat="34.23296" lon="-118.1901">
        <ele>840.26</ele>
        <time>2025-05-17T15:33:31Z</time>
      </trkpt>
      <trkpt lat="34.23292" lon="-118.19011">
        <ele>841.94</ele>
        <time>2025-05-17T15:33:34Z</time>
      </trkpt>
      <trkpt lat="34.23289" lon="-118.19011">
        <ele>843.04</ele>
        <time>2025-05-17T15:33:37Z</time>
      </trkpt>
      <trkpt lat="34.23286" lon="-118.19009">
        <ele>843.56</ele>
        <time>2025-05-17T15:33:39Z</time>
      </trkpt>
      <trkpt lat="34.23284" lon="-118.19007">
        <ele>843.91</ele>
        <time>2025-05-17T15:33:41Z</time>
      </trkpt>
      <trkpt lat="34.23282" lon="-118.19004">
        <ele>843.68</ele>
        <time>2025-05-17T15:33:43Z</time>
      </trkpt>
      <trkpt lat="34.2328" lon="-118.19002">
        <ele>843.83</ele>
        <time>2025-05-17T15:33:45Z</time>
      </trkpt>
      <trkpt lat="34.23277" lon="-118.19">
        <ele>844.42</ele>
        <time>2025-05-17T15:33:47Z</time>
      </trkpt>
      <trkpt lat="34.23274" lon="-118.18998">
        <ele>844.74</ele>
        <time>2025-05-17T15:33:50Z</time>
      </trkpt>
      <trkpt lat="34.23273" lon="-118.18995">
        <ele>843.34</ele>
        <time>2025-05-17T15:33:53Z</time>
      </trkpt>
      <trkpt lat="34.23271" lon="-118.18992">
        <ele>842.48</ele>
        <time>2025-05-17T15:33:56Z</time>
      </trkpt>
      <trkpt lat="34.23269" lon="-118.18989">
        <ele>841.61</ele>
        <time>2025-05-17T15:33:59Z</time>
      </trkpt>
      <trkpt lat="34.23266" lon="-118.18985">
        <ele>840.64</ele>
        <time>2025-05-17T15:34:02Z</time>
      </trkpt>
      <trkpt lat="34.23264" lon="-118.18983">
        <ele>840.42</ele>
        <time>2025-05-17T15:34:04Z</time>
      </trkpt>
      <trkpt lat="34.23262" lon="-118.1898">
        <ele>839.56</ele>
        <time>2025-05-17T15:34:06Z</time>
      </trkpt>
      <trkpt lat="34.2326" lon="-118.18978">
        <ele>839.34</ele>
        <time>2025-05-17T15:34:08Z</time>
      </trkpt>
      <trkpt lat="34.23258" lon="-118.18976">
        <ele>838.86</ele>
        <time>2025-05-17T15:34:10Z</time>
      </trkpt>
      <trkpt lat="34.23255" lon="-118.18973">
        <ele>837.88</ele>
        <time>2025-05-17T15:34:13Z</time>
      </trkpt>
      <trkpt lat="34.23252" lon="-118.18971">
        <ele>837.9</ele>
        <time>2025-05-17T15:34:16Z</time>
      </trkpt>
      <trkpt lat="34.23249" lon="-118.1897">
        <ele>838.79</ele>
        <time>2025-05-17T15:34:18Z</time>
      </trkpt>
      <trkpt lat="34.23247" lon="-118.18968">
        <ele>839.1</ele>
        <time>2025-05-17T15:34:21Z</time>
      </trkpt>
      <trkpt lat="34.23245" lon="-118.18965">
        <ele>838.94</ele>
        <time>2025-05-17T15:34:24Z</time>
      </trkpt>
      <trkpt lat="34.23243" lon="-118.18962">
        <ele>838.69</ele>
        <time>2025-05-17T15:34:27Z</time>
      </trkpt>
      <trkpt lat="34.23241" lon="-118.18959">
        <ele>838.59</ele>
        <time>2025-05-17T15:34:30Z</time>
      </trkpt>
      <trkpt lat="34.23238" lon="-118.18956">
        <ele>839.07</ele>
        <time>2025-05-17T15:34:33Z</time>
      </trkpt>
      <trkpt lat="34.23236" lon="-118.18953">
        <ele>838.78</ele>
        <time>2025-05-17T15:34:36Z</time>
      </trkpt>
      <trkpt lat="34.23233" lon="-118.1895">
        <ele>839.08</ele>
        <time>2025-05-17T15:34:39Z</time>
      </trkpt>
      <trkpt lat="34.23231" lon="-118.18946">
        <ele>838.73</ele>
        <time>2025-05-17T15:34:42Z</time>
      </trkpt>
      <trkpt lat="34.23228" lon="-118.18943">
        <ele>838.88</ele>
        <time>2025-05-17T15:34:45Z</time>
      </trkpt>
      <trkpt lat="34.23226" lon="-118.1894">
        <ele>838.45</ele>
        <time>2025-05-17T15:34:48Z</time>
      </trkpt>
      <trkpt lat="34.23224" lon="-118.18938">
        <ele>838.45</ele>
        <time>2025-05-17T15:34:50Z</time>
      </trkpt>
      <trkpt lat="34.23221" lon="-118.18934">
        <ele>838.01</ele>
        <time>2025-05-17T15:34:53Z</time>
      </trkpt>
      <trkpt lat="34.2322" lon="-118.18931">
        <ele>837.36</ele>
        <time>2025-05-17T15:34:55Z</time>
      </trkpt>
      <trkpt lat="34.23217" lon="-118.18928">
        <ele>837.36</ele>
        <time>2025-05-17T15:34:58Z</time>
      </trkpt>
      <trkpt lat="34.23215" lon="-118.18925">
        <ele>837.12</ele>
        <time>2025-05-17T15:35:01Z</time>
      </trkpt>
      <trkpt lat="34.23213" lon="-118.18921">
        <ele>836.92</ele>
        <time>2025-05-17T15:35:04Z</time>
      </trkpt>
      <trkpt lat="34.23211" lon="-118.18918">
        <ele>836.92</ele>
        <time>2025-05-17T15:35:06Z</time>
      </trkpt>
      <trkpt lat="34.23209" lon="-118.18915">
        <ele>837.0</ele>
        <time>2025-05-17T15:35:09Z</time>
      </trkpt>
      <trkpt lat="34.23208" lon="-118.18912">
        <ele>836.87</ele>
        <time>2025-05-17T15:35:12Z</time>
      </trkpt>
      <trkpt lat="34.23206" lon="-118.18908">
        <ele>837.09</ele>
        <time>2025-05-17T15:35:15Z</time>
      </trkpt>
      <trkpt lat="34.23205" lon="-118.18904">
        <ele>837.39</ele>
        <time>2025-05-17T15:35:18Z</time>
      </trkpt>
      <trkpt lat="34.23204" lon="-118.18901">
        <ele>837.85</ele>
        <time>2025-05-17T15:35:21Z</time>
      </trkpt>
      <trkpt lat="34.23203" lon="-118.18897">
        <ele>838.11</ele>
        <time>2025-05-17T15:35:24Z</time>
      </trkpt>
      <trkpt lat="34.23203" lon="-118.18893">
        <ele>837.71</ele>
        <time>2025-05-17T15:35:27Z</time>
      </trkpt>
      <trkpt lat="34.23203" lon="-118.18889">
        <ele>837.32</ele>
        <time>2025-05-17T15:35:30Z</time>
      </trkpt>
      <trkpt lat="34.23203" lon="-118.18886">
        <ele>837.33</ele>
        <time>2025-05-17T15:35:32Z</time>
      </trkpt>
      <trkpt lat="34.23203" lon="-118.18882">
        <ele>837.36</ele>
        <time>2025-05-17T15:35:35Z</time>
      </trkpt>
      <trkpt lat="34.23203" lon="-118.18879">
        <ele>837.45</ele>
        <time>2025-05-17T15:35:38Z</time>
      </trkpt>
      <trkpt lat="34.23203" lon="-118.18875">
        <ele>837.92</ele>
        <time>2025-05-17T15:35:41Z</time>
      </trkpt>
      <trkpt lat="34.23203" lon="-118.1887">
        <ele>838.5</ele>
        <time>2025-05-17T15:35:44Z</time>
      </trkpt>
      <trkpt lat="34.23204" lon="-118.18867">
        <ele>838.22</ele>
        <time>2025-05-17T15:35:47Z</time>
      </trkpt>
      <trkpt lat="34.23204" lon="-118.18862">
        <ele>838.75</ele>
        <time>2025-05-17T15:35:50Z</time>
      </trkpt>
      <trkpt lat="34.23205" lon="-118.18859">
        <ele>838.53</ele>
        <time>2025-05-17T15:35:53Z</time>
      </trkpt>
      <trkpt lat="34.23206" lon="-118.18855">
        <ele>838.42</ele>
        <time>2025-05-17T15:35:56Z</time>
      </trkpt>
      <trkpt lat="34.23206" lon="-118.18851">
        <ele>838.78</ele>
        <time>2025-05-17T15:35:58Z</time>
      </trkpt>
      <trkpt lat="34.23206" lon="-118.18846">
        <ele>838.92</ele>
        <time>2025-05-17T15:36:02Z</time>
      </trkpt>
      <trkpt lat="34.23206" lon="-118.18842">
        <ele>839.07</ele>
        <time>2025-05-17T15:36:05Z</time>
      </trkpt>
      <trkpt lat="34.23206" lon="-118.18839">
        <ele>839.4</ele>
        <time>2025-05-17T15:36:08Z</time>
      </trkpt>
      <trkpt lat="34.23206" lon="-118.18834">
        <ele>839.94</ele>
        <time>2025-05-17T15:36:11Z</time>
      </trkpt>
      <trkpt lat="34.23206" lon="-118.1883">
        <ele>840.28</ele>
        <time>2025-05-17T15:36:14Z</time>
      </trkpt>
      <trkpt lat="34.23205" lon="-118.18825">
        <ele>841.21</ele>
        <time>2025-05-17T15:36:17Z</time>
      </trkpt>
      <trkpt lat="34.23205" lon="-118.18822">
        <ele>841.52</ele>
        <time>2025-05-17T15:36:20Z</time>
      </trkpt>
      <trkpt lat="34.23203" lon="-118.18818">
        <ele>843.11</ele>
        <time>2025-05-17T15:36:23Z</time>
      </trkpt>
      <trkpt lat="34.23201" lon="-118.18814">
        <ele>844.43</ele>
        <time>2025-05-17T15:36:26Z</time>
      </trkpt>
      <trkpt lat="34.23198" lon="-118.18812">
        <ele>845.89</ele>
        <time>2025-05-17T15:36:29Z</time>
      </trkpt>
      <trkpt lat="34.23194" lon="-118.18811">
        <ele>847.74</ele>
        <time>2025-05-17T15:36:32Z</time>
      </trkpt>
      <trkpt lat="34.23191" lon="-118.18811">
        <ele>848.77</ele>
        <time>2025-05-17T15:36:35Z</time>
      </trkpt>
      <trkpt lat="34.23187" lon="-118.18811">
        <ele>850.14</ele>
        <time>2025-05-17T15:36:38Z</time>
      </trkpt>
      <trkpt lat="34.23184" lon="-118.1881">
        <ele>850.7</ele>
        <time>2025-05-17T15:36:41Z</time>
      </trkpt>
      <trkpt lat="34.23181" lon="-118.18811">
        <ele>851.67</ele>
        <time>2025-05-17T15:36:44Z</time>
      </trkpt>
      <trkpt lat="34.23177" lon="-118.1881">
        <ele>852.21</ele>
        <time>2025-05-17T15:36:47Z</time>
      </trkpt>
      <trkpt lat="34.23174" lon="-118.18809">
        <ele>852.69</ele>
        <time>2025-05-17T15:36:50Z</time>
      </trkpt>
      <trkpt lat="34.23171" lon="-118.18806">
        <ele>852.26</ele>
        <time>2025-05-17T15:36:53Z</time>
      </trkpt>
      <trkpt lat="34.23169" lon="-118.18803">
        <ele>851.87</ele>
        <time>2025-05-17T15:36:55Z</time>
      </trkpt>
      <trkpt lat="34.23167" lon="-118.188">
        <ele>851.71</ele>
        <time>2025-05-17T15:36:57Z</time>
      </trkpt>
      <trkpt lat="34.23165" lon="-118.18797">
        <ele>851.73</ele>
        <time>2025-05-17T15:36:59Z</time>
      </trkpt>
      <trkpt lat="34.23163" lon="-118.18794">
        <ele>851.69</ele>
        <time>2025-05-17T15:37:02Z</time>
      </trkpt>
      <trkpt lat="34.23161" lon="-118.1879">
        <ele>851.48</ele>
        <time>2025-05-17T15:37:05Z</time>
      </trkpt>
      <trkpt lat="34.23159" lon="-118.18786">
        <ele>851.24</ele>
        <time>2025-05-17T15:37:08Z</time>
      </trkpt>
      <trkpt lat="34.23158" lon="-118.18783">
        <ele>850.91</ele>
        <time>2025-05-17T15:37:10Z</time>
      </trkpt>
      <trkpt lat="34.23155" lon="-118.1878">
        <ele>851.32</ele>
        <time>2025-05-17T15:37:13Z</time>
      </trkpt>
      <trkpt lat="34.23153" lon="-118.18776">
        <ele>850.85</ele>
        <time>2025-05-17T15:37:16Z</time>
      </trkpt>
      <trkpt lat="34.23151" lon="-118.18773">
        <ele>850.53</ele>
        <time>2025-05-17T15:37:19Z</time>
      </trkpt>
      <trkpt lat="34.23149" lon="-118.1877">
        <ele>850.2</ele>
        <time>2025-05-17T15:37:22Z</time>
      </trkpt>
      <trkpt lat="34.23147" lon="-118.18767">
        <ele>849.92</ele>
        <time>2025-05-17T15:37:25Z</time>
      </trkpt>
      <trkpt lat="34.23145" lon="-118.18764">
        <ele>849.7</ele>
        <time>2025-05-17T15:37:28Z</time>
      </trkpt>
      <trkpt lat="34.23142" lon="-118.1876">
        <ele>849.49</ele>
        <time>2025-05-17T15:37:31Z</time>
      </trkpt>
      <trkpt lat="34.2314" lon="-118.18756">
        <ele>849.01</ele>
        <time>2025-05-17T15:37:34Z</time>
      </trkpt>
      <trkpt lat="34.23137" lon="-118.18753">
        <ele>849.06</ele>
        <time>2025-05-17T15:37:37Z</time>
      </trkpt>
      <trkpt lat="34.23134" lon="-118.1875">
        <ele>849.06</ele>
        <time>2025-05-17T15:37:40Z</time>
      </trkpt>
      <trkpt lat="34.23132" lon="-118.18746">
        <ele>848.95</ele>
        <time>2025-05-17T15:37:43Z</time>
      </trkpt>
      <trkpt lat="34.2313" lon="-118.18743">
        <ele>849.13</ele>
        <time>2025-05-17T15:37:46Z</time>
      </trkpt>
      <trkpt lat="34.23128" lon="-118.18739">
        <ele>849.15</ele>
        <time>2025-05-17T15:37:50Z</time>
      </trkpt>
      <trkpt lat="34.23126" lon="-118.18737">
        <ele>849.37</ele>
        <time>2025-05-17T15:37:52Z</time>
      </trkpt>
      <trkpt lat="34.23124" lon="-118.18734">
        <ele>849.37</ele>
        <time>2025-05-17T15:37:55Z</time>
      </trkpt>
      <trkpt lat="34.23122" lon="-118.1873">
        <ele>849.28</ele>
        <time>2025-05-17T15:37:58Z</time>
      </trkpt>
      <trkpt lat="34.23121" lon="-118.18727">
        <ele>849.28</ele>
        <time>2025-05-17T15:38:00Z</time>
      </trkpt>
      <trkpt lat="34.23119" lon="-118.18722">
        <ele>849.57</ele>
        <time>2025-05-17T15:38:03Z</time>
      </trkpt>
      <trkpt lat="34.23118" lon="-118.18717">
        <ele>849.6</ele>
        <time>2025-05-17T15:38:06Z</time>
      </trkpt>
      <trkpt lat="34.23117" lon="-118.18713">
        <ele>849.82</ele>
        <time>2025-05-17T15:38:09Z</time>
      </trkpt>
      <trkpt lat="34.23116" lon="-118.18709">
        <ele>850.16</ele>
        <time>2025-05-17T15:38:13Z</time>
      </trkpt>
      <trkpt lat="34.23115" lon="-118.18706">
        <ele>850.46</ele>
        <time>2025-05-17T15:38:16Z</time>
      </trkpt>
      <trkpt lat="34.23114" lon="-118.18702">
        <ele>850.69</ele>
        <time>2025-05-17T15:38:19Z</time>
      </trkpt>
      <trkpt lat="34.23114" lon="-118.18697">
        <ele>850.53</ele>
        <time>2025-05-17T15:38:23Z</time>
      </trkpt>
      <trkpt lat="34.23114" lon="-118.18693">
        <ele>850.28</ele>
        <time>2025-05-17T15:38:26Z</time>
      </trkpt>
      <trkpt lat="34.23114" lon="-118.18688">
        <ele>849.74</ele>
        <time>2025-05-17T15:38:29Z</time>
      </trkpt>
      <trkpt lat="34.23113" lon="-118.18684">
        <ele>849.98</ele>
        <time>2025-05-17T15:38:32Z</time>
      </trkpt>
      <trkpt lat="34.23113" lon="-118.1868">
        <ele>849.98</ele>
        <time>2025-05-17T15:38:35Z</time>
      </trkpt>
      <trkpt lat="34.23113" lon="-118.18676">
        <ele>849.98</ele>
        <time>2025-05-17T15:38:38Z</time>
      </trkpt>
      <trkpt lat="34.23112" lon="-118.18671">
        <ele>850.47</ele>
        <time>2025-05-17T15:38:41Z</time>
      </trkpt>
      <trkpt lat="34.23112" lon="-118.18668">
        <ele>850.44</ele>
        <time>2025-05-17T15:38:43Z</time>
      </trkpt>
      <trkpt lat="34.23112" lon="-118.18663">
        <ele>850.42</ele>
        <time>2025-05-17T15:38:46Z</time>
      </trkpt>
      <trkpt lat="34.23112" lon="-118.18659">
        <ele>850.42</ele>
        <time>2025-05-17T15:38:49Z</time>
      </trkpt>
      <trkpt lat="34.23112" lon="-118.18655">
        <ele>850.45</ele>
        <time>2025-05-17T15:38:52Z</time>
      </trkpt>
      <trkpt lat="34.23112" lon="-118.18651">
        <ele>850.49</ele>
        <time>2025-05-17T15:38:55Z</time>
      </trkpt>
      <trkpt lat="34.23113" lon="-118.18647">
        <ele>850.1</ele>
        <time>2025-05-17T15:38:58Z</time>
      </trkpt>
      <trkpt lat="34.23113" lon="-118.18644">
        <ele>850.43</ele>
        <time>2025-05-17T15:39:01Z</time>
      </trkpt>
      <trkpt lat="34.23113" lon="-118.1864">
        <ele>850.86</ele>
        <time>2025-05-17T15:39:04Z</time>
      </trkpt>
      <trkpt lat="34.23113" lon="-118.18636">
        <ele>851.6</ele>
        <time>2025-05-17T15:39:07Z</time>
      </trkpt>
      <trkpt lat="34.23113" lon="-118.18632">
        <ele>852.47</ele>
        <time>2025-05-17T15:39:09Z</time>
      </trkpt>
      <trkpt lat="34.23113" lon="-118.18629">
        <ele>853.12</ele>
        <time>2025-05-17T15:39:12Z</time>
      </trkpt>
      <trkpt lat="34.23113" lon="-118.18624">
        <ele>854.2</ele>
        <time>2025-05-17T15:39:15Z</time>
      </trkpt>
      <trkpt lat="34.23113" lon="-118.18619">
        <ele>855.19</ele>
        <time>2025-05-17T15:39:18Z</time>
      </trkpt>
      <trkpt lat="34.23112" lon="-118.18616">
        <ele>856.08</ele>
        <time>2025-05-17T15:39:20Z</time>
      </trkpt>
      <trkpt lat="34.23112" lon="-118.18612">
        <ele>856.6</ele>
        <time>2025-05-17T15:39:23Z</time>
      </trkpt>
      <trkpt lat="34.23112" lon="-118.18609">
        <ele>857.17</ele>
        <time>2025-05-17T15:39:26Z</time>
      </trkpt>
      <trkpt lat="34.23111" lon="-118.18605">
        <ele>858.35</ele>
        <time>2025-05-17T15:39:29Z</time>
      </trkpt>
      <trkpt lat="34.23112" lon="-118.18601">
        <ele>858.8</ele>
        <time>2025-05-17T15:39:32Z</time>
      </trkpt>
      <trkpt lat="34.23112" lon="-118.18597">
        <ele>859.24</ele>
        <time>2025-05-17T15:39:35Z</time>
      </trkpt>
      <trkpt lat="34.23112" lon="-118.18592">
        <ele>859.71</ele>
        <time>2025-05-17T15:39:39Z</time>
      </trkpt>
      <trkpt lat="34.23112" lon="-118.18588">
        <ele>859.71</ele>
        <time>2025-05-17T15:39:42Z</time>
      </trkpt>
      <trkpt lat="34.23112" lon="-118.18584">
        <ele>859.71</ele>
        <time>2025-05-17T15:39:45Z</time>
      </trkpt>
      <trkpt lat="34.23111" lon="-118.1858">
        <ele>860.03</ele>
        <time>2025-05-17T15:39:48Z</time>
      </trkpt>
      <trkpt lat="34.23111" lon="-118.18575">
        <ele>860.03</ele>
        <time>2025-05-17T15:39:51Z</time>
      </trkpt>
      <trkpt lat="34.23111" lon="-118.18572">
        <ele>860.04</ele>
        <time>2025-05-17T15:39:54Z</time>
      </trkpt>
      <trkpt lat="34.2311" lon="-118.18568">
        <ele>860.36</ele>
        <time>2025-05-17T15:39:57Z</time>
      </trkpt>
      <trkpt lat="34.23109" lon="-118.18564">
        <ele>860.66</ele>
        <time>2025-05-17T15:40:00Z</time>
      </trkpt>
      <trkpt lat="34.23106" lon="-118.18561">
        <ele>861.43</ele>
        <time>2025-05-17T15:40:03Z</time>
      </trkpt>
      <trkpt lat="34.23102" lon="-118.1856">
        <ele>862.44</ele>
        <time>2025-05-17T15:40:06Z</time>
      </trkpt>
      <trkpt lat="34.23099" lon="-118.18562">
        <ele>861.99</ele>
        <time>2025-05-17T15:40:09Z</time>
      </trkpt>
      <trkpt lat="34.23096" lon="-118.18565">
        <ele>861.75</ele>
        <time>2025-05-17T15:40:12Z</time>
      </trkpt>
      <trkpt lat="34.23095" lon="-118.18569">
        <ele>861.85</ele>
        <time>2025-05-17T15:40:15Z</time>
      </trkpt>
      <trkpt lat="34.23096" lon="-118.18574">
        <ele>862.36</ele>
        <time>2025-05-17T15:40:18Z</time>
      </trkpt>
      <trkpt lat="34.23097" lon="-118.18577">
        <ele>862.49</ele>
        <time>2025-05-17T15:40:20Z</time>
      </trkpt>
      <trkpt lat="34.23098" lon="-118.18581">
        <ele>862.46</ele>
        <time>2025-05-17T15:40:23Z</time>
      </trkpt>
      <trkpt lat="34.23099" lon="-118.18584">
        <ele>862.31</ele>
        <time>2025-05-17T15:40:26Z</time>
      </trkpt>
      <trkpt lat="34.231" lon="-118.18588">
        <ele>862.2</ele>
        <time>2025-05-17T15:40:29Z</time>
      </trkpt>
      <trkpt lat="34.231" lon="-118.18593">
        <ele>862.16</ele>
        <time>2025-05-17T15:40:32Z</time>
      </trkpt>
      <trkpt lat="34.231" lon="-118.18597">
        <ele>861.72</ele>
        <time>2025-05-17T15:40:35Z</time>
      </trkpt>
      <trkpt lat="34.231" lon="-118.18601">
        <ele>861.29</ele>
        <time>2025-05-17T15:40:38Z</time>
      </trkpt>
      <trkpt lat="34.231" lon="-118.18606">
        <ele>860.84</ele>
        <time>2025-05-17T15:40:41Z</time>
      </trkpt>
      <trkpt lat="34.231" lon="-118.1861">
        <ele>860.5</ele>
        <time>2025-05-17T15:40:44Z</time>
      </trkpt>
      <trkpt lat="34.23099" lon="-118.18614">
        <ele>860.4</ele>
        <time>2025-05-17T15:40:47Z</time>
      </trkpt>
      <trkpt lat="34.23099" lon="-118.18618">
        <ele>860.1</ele>
        <time>2025-05-17T15:40:50Z</time>
      </trkpt>
      <trkpt lat="34.23097" lon="-118.18622">
        <ele>860.4</ele>
        <time>2025-05-17T15:40:53Z</time>
      </trkpt>
      <trkpt lat="34.23096" lon="-118.18626">
        <ele>860.29</ele>
        <time>2025-05-17T15:40:56Z</time>
      </trkpt>
      <trkpt lat="34.23095" lon="-118.18629">
        <ele>860.29</ele>
        <time>2025-05-17T15:40:59Z</time>
      </trkpt>
      <trkpt lat="34.23094" lon="-118.18632">
        <ele>860.47</ele>
        <time>2025-05-17T15:41:02Z</time>
      </trkpt>
      <trkpt lat="34.23093" lon="-118.18636">
        <ele>860.81</ele>
        <time>2025-05-17T15:41:05Z</time>
      </trkpt>
      <trkpt lat="34.23091" lon="-118.18641">
        <ele>861.46</ele>
        <time>2025-05-17T15:41:08Z</time>
      </trkpt>
      <trkpt lat="34.2309" lon="-118.18645">
        <ele>861.46</ele>
        <time>2025-05-17T15:41:11Z</time>
      </trkpt>
      <trkpt lat="34.23089" lon="-118.18649">
        <ele>861.55</ele>
        <time>2025-05-17T15:41:14Z</time>
      </trkpt>
      <trkpt lat="34.23089" lon="-118.18652">
        <ele>861.55</ele>
        <time>2025-05-17T15:41:16Z</time>
      </trkpt>
      <trkpt lat="34.23088" lon="-118.18656">
        <ele>861.98</ele>
        <time>2025-05-17T15:41:19Z</time>
      </trkpt>
      <trkpt lat="34.23088" lon="-118.1866">
        <ele>861.98</ele>
        <time>2025-05-17T15:41:23Z</time>
      </trkpt>
      <trkpt lat="34.23087" lon="-118.18664">
        <ele>862.42</ele>
        <time>2025-05-17T15:41:26Z</time>
      </trkpt>
      <trkpt lat="34.23086" lon="-118.18668">
        <ele>862.85</ele>
        <time>2025-05-17T15:41:29Z</time>
      </trkpt>
      <trkpt lat="34.23086" lon="-118.18673">
        <ele>862.85</ele>
        <time>2025-05-17T15:41:32Z</time>
      </trkpt>
      <trkpt lat="34.23085" lon="-118.18676">
        <ele>863.27</ele>
        <time>2025-05-17T15:41:35Z</time>
      </trkpt>
      <trkpt lat="34.23084" lon="-118.1868">
        <ele>863.3</ele>
        <time>2025-05-17T15:41:38Z</time>
      </trkpt>
      <trkpt lat="34.23083" lon="-118.18684">
        <ele>863.27</ele>
        <time>2025-05-17T15:41:40Z</time>
      </trkpt>
      <trkpt lat="34.23082" lon="-118.18688">
        <ele>863.84</ele>
        <time>2025-05-17T15:41:44Z</time>
      </trkpt>
      <trkpt lat="34.23082" lon="-118.18691">
        <ele>864.11</ele>
        <time>2025-05-17T15:41:47Z</time>
      </trkpt>
      <trkpt lat="34.23083" lon="-118.18695">
        <ele>864.17</ele>
        <time>2025-05-17T15:41:50Z</time>
      </trkpt>
      <trkpt lat="34.23083" lon="-118.18699">
        <ele>864.6</ele>
        <time>2025-05-17T15:41:53Z</time>
      </trkpt>
      <trkpt lat="34.23084" lon="-118.18703">
        <ele>864.64</ele>
        <time>2025-05-17T15:41:57Z</time>
      </trkpt>
      <trkpt lat="34.23084" lon="-118.18707">
        <ele>865.42</ele>
        <time>2025-05-17T15:42:00Z</time>
      </trkpt>
      <trkpt lat="34.23084" lon="-118.18711">
        <ele>866.29</ele>
        <time>2025-05-17T15:42:03Z</time>
      </trkpt>
      <trkpt lat="34.23085" lon="-118.18715">
        <ele>866.72</ele>
        <time>2025-05-17T15:42:06Z</time>
      </trkpt>
      <trkpt lat="34.23085" lon="-118.18719">
        <ele>867.58</ele>
        <time>2025-05-17T15:42:09Z</time>
      </trkpt>
      <trkpt lat="34.23085" lon="-118.18723">
        <ele>868.45</ele>
        <time>2025-05-17T15:42:12Z</time>
      </trkpt>
      <trkpt lat="34.23085" lon="-118.18727">
        <ele>869.31</ele>
        <time>2025-05-17T15:42:19Z</time>
      </trkpt>
      <trkpt lat="34.23086" lon="-118.18731">
        <ele>869.74</ele>
        <time>2025-05-17T15:42:22Z</time>
      </trkpt>
      <trkpt lat="34.23086" lon="-118.18734">
        <ele>870.39</ele>
        <time>2025-05-17T15:42:25Z</time>
      </trkpt>
      <trkpt lat="34.23087" lon="-118.18738">
        <ele>870.82</ele>
        <time>2025-05-17T15:42:28Z</time>
      </trkpt>
      <trkpt lat="34.23087" lon="-118.18742">
        <ele>871.63</ele>
        <time>2025-05-17T15:42:32Z</time>
      </trkpt>
      <trkpt lat="34.23087" lon="-118.18746">
        <ele>872.33</ele>
        <time>2025-05-17T15:42:35Z</time>
      </trkpt>
      <trkpt lat="34.23088" lon="-118.1875">
        <ele>872.48</ele>
        <time>2025-05-17T15:42:38Z</time>
      </trkpt>
      <trkpt lat="34.23089" lon="-118.18754">
        <ele>872.64</ele>
        <time>2025-05-17T15:42:40Z</time>
      </trkpt>
      <trkpt lat="34.2309" lon="-118.18758">
        <ele>872.89</ele>
        <time>2025-05-17T15:42:43Z</time>
      </trkpt>
      <trkpt lat="34.2309" lon="-118.18761">
        <ele>873.44</ele>
        <time>2025-05-17T15:42:46Z</time>
      </trkpt>
      <trkpt lat="34.23091" lon="-118.18766">
        <ele>874.02</ele>
        <time>2025-05-17T15:42:50Z</time>
      </trkpt>
      <trkpt lat="34.23091" lon="-118.1877">
        <ele>874.84</ele>
        <time>2025-05-17T15:42:52Z</time>
      </trkpt>
      <trkpt lat="34.23092" lon="-118.18774">
        <ele>875.38</ele>
        <time>2025-05-17T15:42:54Z</time>
      </trkpt>
      <trkpt lat="34.23093" lon="-118.18778">
        <ele>875.85</ele>
        <time>2025-05-17T15:42:57Z</time>
      </trkpt>
      <trkpt lat="34.23095" lon="-118.18782">
        <ele>875.65</ele>
        <time>2025-05-17T15:43:01Z</time>
      </trkpt>
      <trkpt lat="34.23097" lon="-118.18785">
        <ele>875.62</ele>
        <time>2025-05-17T15:43:04Z</time>
      </trkpt>
      <trkpt lat="34.231" lon="-118.18788">
        <ele>875.61</ele>
        <time>2025-05-17T15:43:07Z</time>
      </trkpt>
      <trkpt lat="34.23102" lon="-118.18791">
        <ele>875.81</ele>
        <time>2025-05-17T15:43:10Z</time>
      </trkpt>
      <trkpt lat="34.23104" lon="-118.18794">
        <ele>875.98</ele>
        <time>2025-05-17T15:43:13Z</time>
      </trkpt>
      <trkpt lat="34.23106" lon="-118.18797">
        <ele>876.26</ele>
        <time>2025-05-17T15:43:16Z</time>
      </trkpt>
      <trkpt lat="34.23107" lon="-118.188">
        <ele>876.69</ele>
        <time>2025-05-17T15:43:20Z</time>
      </trkpt>
      <trkpt lat="34.23109" lon="-118.18802">
        <ele>876.69</ele>
        <time>2025-05-17T15:43:49Z</time>
      </trkpt>
      <trkpt lat="34.23113" lon="-118.18804">
        <ele>876.43</ele>
        <time>2025-05-17T15:44:39Z</time>
      </trkpt>
      <trkpt lat="34.23116" lon="-118.18807">
        <ele>877.01</ele>
        <time>2025-05-17T15:44:43Z</time>
      </trkpt>
      <trkpt lat="34.23119" lon="-118.18811">
        <ele>878.0</ele>
        <time>2025-05-17T15:44:47Z</time>
      </trkpt>
      <trkpt lat="34.23122" lon="-118.18814">
        <ele>878.38</ele>
        <time>2025-05-17T15:44:51Z</time>
      </trkpt>
      <trkpt lat="34.23124" lon="-118.18816">
        <ele>878.73</ele>
        <time>2025-05-17T15:44:54Z</time>
      </trkpt>
      <trkpt lat="34.23126" lon="-118.18818">
        <ele>879.16</ele>
        <time>2025-05-17T15:44:57Z</time>
      </trkpt>
      <trkpt lat="34.23128" lon="-118.18821">
        <ele>880.02</ele>
        <time>2025-05-17T15:45:00Z</time>
      </trkpt>
      <trkpt lat="34.2313" lon="-118.18824">
        <ele>880.85</ele>
        <time>2025-05-17T15:45:03Z</time>
      </trkpt>
      <trkpt lat="34.23132" lon="-118.18827">
        <ele>881.26</ele>
        <time>2025-05-17T15:45:06Z</time>
      </trkpt>
      <trkpt lat="34.23134" lon="-118.1883">
        <ele>881.81</ele>
        <time>2025-05-17T15:45:09Z</time>
      </trkpt>
      <trkpt lat="34.23136" lon="-118.18834">
        <ele>882.79</ele>
        <time>2025-05-17T15:45:12Z</time>
      </trkpt>
      <trkpt lat="34.23138" lon="-118.18837">
        <ele>883.02</ele>
        <time>2025-05-17T15:45:15Z</time>
      </trkpt>
      <trkpt lat="34.2314" lon="-118.18841">
        <ele>883.3</ele>
        <time>2025-05-17T15:45:18Z</time>
      </trkpt>
      <trkpt lat="34.23142" lon="-118.18844">
        <ele>883.14</ele>
        <time>2025-05-17T15:45:21Z</time>
      </trkpt>
      <trkpt lat="34.23143" lon="-118.18847">
        <ele>883.14</ele>
        <time>2025-05-17T15:45:24Z</time>
      </trkpt>
      <trkpt lat="34.23144" lon="-118.18851">
        <ele>883.25</ele>
        <time>2025-05-17T15:45:27Z</time>
      </trkpt>
      <trkpt lat="34.23144" lon="-118.18854">
        <ele>883.45</ele>
        <time>2025-05-17T15:46:09Z</time>
      </trkpt>
      <trkpt lat="34.23144" lon="-118.18858">
        <ele>883.64</ele>
        <time>2025-05-17T15:46:13Z</time>
      </trkpt>
      <trkpt lat="34.23143" lon="-118.18861">
        <ele>884.22</ele>
        <time>2025-05-17T15:46:16Z</time>
      </trkpt>
      <trkpt lat="34.23142" lon="-118.18865">
        <ele>884.66</ele>
        <time>2025-05-17T15:46:19Z</time>
      </trkpt>
      <trkpt lat="34.23142" lon="-118.18869">
        <ele>884.66</ele>
        <time>2025-05-17T15:46:22Z</time>
      </trkpt>
      <trkpt lat="34.23142" lon="-118.18873">
        <ele>884.66</ele>
        <time>2025-05-17T15:46:25Z</time>
      </trkpt>
      <trkpt lat="34.23141" lon="-118.18877">
        <ele>885.09</ele>
        <time>2025-05-17T15:46:28Z</time>
      </trkpt>
      <trkpt lat="34.2314" lon="-118.18882">
        <ele>885.75</ele>
        <time>2025-05-17T15:46:31Z</time>
      </trkpt>
      <trkpt lat="34.23139" lon="-118.18885">
        <ele>886.53</ele>
        <time>2025-05-17T15:46:34Z</time>
      </trkpt>
      <trkpt lat="34.23139" lon="-118.18888">
        <ele>886.85</ele>
        <time>2025-05-17T15:46:37Z</time>
      </trkpt>
      <trkpt lat="34.23139" lon="-118.18893">
        <ele>886.94</ele>
        <time>2025-05-17T15:46:41Z</time>
      </trkpt>
      <trkpt lat="34.23139" lon="-118.18897">
        <ele>886.94</ele>
        <time>2025-05-17T15:46:44Z</time>
      </trkpt>
      <trkpt lat="34.23138" lon="-118.18901">
        <ele>887.97</ele>
        <time>2025-05-17T15:46:47Z</time>
      </trkpt>
      <trkpt lat="34.23138" lon="-118.18905">
        <ele>888.79</ele>
        <time>2025-05-17T15:46:50Z</time>
      </trkpt>
      <trkpt lat="34.23137" lon="-118.18909">
        <ele>889.82</ele>
        <time>2025-05-17T15:46:54Z</time>
      </trkpt>
      <trkpt lat="34.23137" lon="-118.18913">
        <ele>890.34</ele>
        <time>2025-05-17T15:46:58Z</time>
      </trkpt>
      <trkpt lat="34.23138" lon="-118.18917">
        <ele>890.45</ele>
        <time>2025-05-17T15:47:02Z</time>
      </trkpt>
      <trkpt lat="34.23138" lon="-118.18921">
        <ele>891.28</ele>
        <time>2025-05-17T15:47:05Z</time>
      </trkpt>
      <trkpt lat="34.23138" lon="-118.18924">
        <ele>891.89</ele>
        <time>2025-05-17T15:47:08Z</time>
      </trkpt>
      <trkpt lat="34.23139" lon="-118.18928">
        <ele>892.39</ele>
        <time>2025-05-17T15:47:11Z</time>
      </trkpt>
      <trkpt lat="34.23138" lon="-118.18932">
        <ele>893.6</ele>
        <time>2025-05-17T15:47:14Z</time>
      </trkpt>
      <trkpt lat="34.23139" lon="-118.18936">
        <ele>894.03</ele>
        <time>2025-05-17T15:47:17Z</time>
      </trkpt>
      <trkpt lat="34.23139" lon="-118.1894">
        <ele>894.47</ele>
        <time>2025-05-17T15:47:20Z</time>
      </trkpt>
      <trkpt lat="34.23139" lon="-118.18944">
        <ele>894.9</ele>
        <time>2025-05-17T15:47:23Z</time>
      </trkpt>
      <trkpt lat="34.23141" lon="-118.18948">
        <ele>894.47</ele>
        <time>2025-05-17T15:47:26Z</time>
      </trkpt>
      <trkpt lat="34.23141" lon="-118.18952">
        <ele>894.9</ele>
        <time>2025-05-17T15:47:29Z</time>
      </trkpt>
      <trkpt lat="34.23142" lon="-118.18956">
        <ele>895.15</ele>
        <time>2025-05-17T15:47:33Z</time>
      </trkpt>
      <trkpt lat="34.23142" lon="-118.1896">
        <ele>896.02</ele>
        <time>2025-05-17T15:47:36Z</time>
      </trkpt>
      <trkpt lat="34.23143" lon="-118.18964">
        <ele>896.45</ele>
        <time>2025-05-17T15:47:40Z</time>
      </trkpt>
      <trkpt lat="34.23144" lon="-118.18967">
        <ele>896.66</ele>
        <time>2025-05-17T15:47:44Z</time>
      </trkpt>
      <trkpt lat="34.23145" lon="-118.18971">
        <ele>897.1</ele>
        <time>2025-05-17T15:47:47Z</time>
      </trkpt>
      <trkpt lat="34.23146" lon="-118.18975">
        <ele>897.53</ele>
        <time>2025-05-17T15:47:50Z</time>
      </trkpt>
      <trkpt lat="34.23148" lon="-118.18978">
        <ele>897.31</ele>
        <time>2025-05-17T15:47:53Z</time>
      </trkpt>
      <trkpt lat="34.2315" lon="-118.18981">
        <ele>897.09</ele>
        <time>2025-05-17T15:47:56Z</time>
      </trkpt>
      <trkpt lat="34.23151" lon="-118.18984">
        <ele>897.31</ele>
        <time>2025-05-17T15:47:59Z</time>
      </trkpt>
      <trkpt lat="34.23152" lon="-118.18987">
        <ele>897.53</ele>
        <time>2025-05-17T15:48:02Z</time>
      </trkpt>
      <trkpt lat="34.23154" lon="-118.18991">
        <ele>897.55</ele>
        <time>2025-05-17T15:48:05Z</time>
      </trkpt>
      <trkpt lat="34.23156" lon="-118.18995">
        <ele>897.92</ele>
        <time>2025-05-17T15:48:08Z</time>
      </trkpt>
      <trkpt lat="34.23157" lon="-118.18998">
        <ele>898.49</ele>
        <time>2025-05-17T15:48:11Z</time>
      </trkpt>
      <trkpt lat="34.23159" lon="-118.19001">
        <ele>898.81</ele>
        <time>2025-05-17T15:48:14Z</time>
      </trkpt>
      <trkpt lat="34.23161" lon="-118.19004">
        <ele>899.13</ele>
        <time>2025-05-17T15:48:17Z</time>
      </trkpt>
      <trkpt lat="34.23163" lon="-118.19007">
        <ele>899.46</ele>
        <time>2025-05-17T15:48:20Z</time>
      </trkpt>
      <trkpt lat="34.23166" lon="-118.19009">
        <ele>899.13</ele>
        <time>2025-05-17T15:48:23Z</time>
      </trkpt>
      <trkpt lat="34.23169" lon="-118.19012">
        <ele>898.84</ele>
        <time>2025-05-17T15:48:26Z</time>
      </trkpt>
      <trkpt lat="34.23172" lon="-118.19014">
        <ele>898.3</ele>
        <time>2025-05-17T15:48:29Z</time>
      </trkpt>
      <trkpt lat="34.23174" lon="-118.19017">
        <ele>898.3</ele>
        <time>2025-05-17T15:48:32Z</time>
      </trkpt>
      <trkpt lat="34.23176" lon="-118.19021">
        <ele>898.5</ele>
        <time>2025-05-17T15:48:35Z</time>
      </trkpt>
      <trkpt lat="34.23178" lon="-118.19024">
        <ele>898.29</ele>
        <time>2025-05-17T15:48:38Z</time>
      </trkpt>
      <trkpt lat="34.2318" lon="-118.19027">
        <ele>898.07</ele>
        <time>2025-05-17T15:48:41Z</time>
      </trkpt>
      <trkpt lat="34.23181" lon="-118.19031">
        <ele>898.5</ele>
        <time>2025-05-17T15:48:44Z</time>
      </trkpt>
      <trkpt lat="34.23183" lon="-118.19035">
        <ele>898.5</ele>
        <time>2025-05-17T15:48:47Z</time>
      </trkpt>
      <trkpt lat="34.23184" lon="-118.19039">
        <ele>898.99</ele>
        <time>2025-05-17T15:48:50Z</time>
      </trkpt>
      <trkpt lat="34.23185" lon="-118.19043">
        <ele>899.39</ele>
        <time>2025-05-17T15:48:53Z</time>
      </trkpt>
      <trkpt lat="34.23186" lon="-118.19046">
        <ele>899.67</ele>
        <time>2025-05-17T15:48:56Z</time>
      </trkpt>
      <trkpt lat="34.23187" lon="-118.19051">
        <ele>901.75</ele>
        <time>2025-05-17T15:48:59Z</time>
      </trkpt>
      <trkpt lat="34.23188" lon="-118.19054">
        <ele>902.74</ele>
        <time>2025-05-17T15:49:02Z</time>
      </trkpt>
      <trkpt lat="34.2319" lon="-118.19057">
        <ele>903.56</ele>
        <time>2025-05-17T15:49:05Z</time>
      </trkpt>
      <trkpt lat="34.23192" lon="-118.19059">
        <ele>903.85</ele>
        <time>2025-05-17T15:49:08Z</time>
      </trkpt>
      <trkpt lat="34.23195" lon="-118.19062">
        <ele>904.01</ele>
        <time>2025-05-17T15:49:11Z</time>
      </trkpt>
      <trkpt lat="34.23198" lon="-118.19064">
        <ele>904.35</ele>
        <time>2025-05-17T15:49:14Z</time>
      </trkpt>
      <trkpt lat="34.23201" lon="-118.19066">
        <ele>904.63</ele>
        <time>2025-05-17T15:49:17Z</time>
      </trkpt>
      <trkpt lat="34.23204" lon="-118.19067">
        <ele>904.11</ele>
        <time>2025-05-17T15:49:20Z</time>
      </trkpt>
      <trkpt lat="34.23207" lon="-118.1907">
        <ele>904.89</ele>
        <time>2025-05-17T15:49:23Z</time>
      </trkpt>
      <trkpt lat="34.23209" lon="-118.19073">
        <ele>905.77</ele>
        <time>2025-05-17T15:49:26Z</time>
      </trkpt>
      <trkpt lat="34.23211" lon="-118.19076">
        <ele>906.3</ele>
        <time>2025-05-17T15:49:29Z</time>
      </trkpt>
      <trkpt lat="34.23213" lon="-118.1908">
        <ele>906.91</ele>
        <time>2025-05-17T15:49:32Z</time>
      </trkpt>
      <trkpt lat="34.23214" lon="-118.19084">
        <ele>907.69</ele>
        <time>2025-05-17T15:49:35Z</time>
      </trkpt>
      <trkpt lat="34.23214" lon="-118.19088">
        <ele>908.5</ele>
        <time>2025-05-17T15:49:38Z</time>
      </trkpt>
      <trkpt lat="34.23215" lon="-118.19093">
        <ele>908.95</ele>
        <time>2025-05-17T15:49:41Z</time>
      </trkpt>
      <trkpt lat="34.23215" lon="-118.19098">
        <ele>909.61</ele>
        <time>2025-05-17T15:49:44Z</time>
      </trkpt>
      <trkpt lat="34.23216" lon="-118.19101">
        <ele>909.57</ele>
        <time>2025-05-17T15:49:46Z</time>
      </trkpt>
      <trkpt lat="34.23216" lon="-118.19106">
        <ele>910.14</ele>
        <time>2025-05-17T15:49:49Z</time>
      </trkpt>
      <trkpt lat="34.23217" lon="-118.19111">
        <ele>910.24</ele>
        <time>2025-05-17T15:49:52Z</time>
      </trkpt>
      <trkpt lat="34.23218" lon="-118.19115">
        <ele>910.66</ele>
        <time>2025-05-17T15:49:55Z</time>
      </trkpt>
      <trkpt lat="34.23219" lon="-118.19118">
        <ele>910.88</ele>
        <time>2025-05-17T15:49:58Z</time>
      </trkpt>
      <trkpt lat="34.2322" lon="-118.19123">
        <ele>911.53</ele>
        <time>2025-05-17T15:50:02Z</time>
      </trkpt>
      <trkpt lat="34.23222" lon="-118.19126">
        <ele>911.31</ele>
        <time>2025-05-17T15:50:05Z</time>
      </trkpt>
      <trkpt lat="34.23225" lon="-118.19129">
        <ele>910.96</ele>
        <time>2025-05-17T15:50:08Z</time>
      </trkpt>
      <trkpt lat="34.23227" lon="-118.19131">
        <ele>910.82</ele>
        <time>2025-05-17T15:50:11Z</time>
      </trkpt>
      <trkpt lat="34.2323" lon="-118.19133">
        <ele>910.27</ele>
        <time>2025-05-17T15:50:14Z</time>
      </trkpt>
      <trkpt lat="34.23232" lon="-118.19136">
        <ele>910.21</ele>
        <time>2025-05-17T15:50:17Z</time>
      </trkpt>
      <trkpt lat="34.23235" lon="-118.19139">
        <ele>909.89</ele>
        <time>2025-05-17T15:50:20Z</time>
      </trkpt>
      <trkpt lat="34.23237" lon="-118.19141">
        <ele>909.76</ele>
        <time>2025-05-17T15:50:22Z</time>
      </trkpt>
      <trkpt lat="34.2324" lon="-118.19145">
        <ele>909.61</ele>
        <time>2025-05-17T15:50:25Z</time>
      </trkpt>
      <trkpt lat="34.23241" lon="-118.19148">
        <ele>909.88</ele>
        <time>2025-05-17T15:50:28Z</time>
      </trkpt>
      <trkpt lat="34.23243" lon="-118.19151">
        <ele>910.12</ele>
        <time>2025-05-17T15:50:31Z</time>
      </trkpt>
      <trkpt lat="34.23245" lon="-118.19154">
        <ele>910.23</ele>
        <time>2025-05-17T15:50:34Z</time>
      </trkpt>
      <trkpt lat="34.23247" lon="-118.19157">
        <ele>910.19</ele>
        <time>2025-05-17T15:50:37Z</time>
      </trkpt>
      <trkpt lat="34.23249" lon="-118.1916">
        <ele>909.71</ele>
        <time>2025-05-17T15:50:40Z</time>
      </trkpt>
      <trkpt lat="34.2325" lon="-118.19164">
        <ele>909.71</ele>
        <time>2025-05-17T15:50:43Z</time>
      </trkpt>
      <trkpt lat="34.2325" lon="-118.19167">
        <ele>910.07</ele>
        <time>2025-05-17T15:50:45Z</time>
      </trkpt>
      <trkpt lat="34.23251" lon="-118.19171">
        <ele>910.56</ele>
        <time>2025-05-17T15:50:48Z</time>
      </trkpt>
      <trkpt lat="34.23253" lon="-118.19174">
        <ele>910.36</ele>
        <time>2025-05-17T15:50:51Z</time>
      </trkpt>
      <trkpt lat="34.23253" lon="-118.19179">
        <ele>911.04</ele>
        <time>2025-05-17T15:50:54Z</time>
      </trkpt>
      <trkpt lat="34.23253" lon="-118.19183">
        <ele>911.47</ele>
        <time>2025-05-17T15:50:57Z</time>
      </trkpt>
      <trkpt lat="34.23252" lon="-118.19187">
        <ele>912.29</ele>
        <time>2025-05-17T15:51:00Z</time>
      </trkpt>
      <trkpt lat="34.23252" lon="-118.19191">
        <ele>912.63</ele>
        <time>2025-05-17T15:51:02Z</time>
      </trkpt>
      <trkpt lat="34.23251" lon="-118.19194">
        <ele>913.42</ele>
        <time>2025-05-17T15:51:05Z</time>
      </trkpt>
      <trkpt lat="34.2325" lon="-118.19199">
        <ele>914.49</ele>
        <time>2025-05-17T15:51:08Z</time>
      </trkpt>
      <trkpt lat="34.2325" lon="-118.19203">
        <ele>914.92</ele>
        <time>2025-05-17T15:51:11Z</time>
      </trkpt>
      <trkpt lat="34.2325" lon="-118.19207">
        <ele>915.71</ele>
        <time>2025-05-17T15:51:14Z</time>
      </trkpt>
      <trkpt lat="34.2325" lon="-118.19211">
        <ele>916.58</ele>
        <time>2025-05-17T15:51:17Z</time>
      </trkpt>
      <trkpt lat="34.23249" lon="-118.19215">
        <ele>917.54</ele>
        <time>2025-05-17T15:51:20Z</time>
      </trkpt>
      <trkpt lat="34.23249" lon="-118.19219">
        <ele>917.98</ele>
        <time>2025-05-17T15:51:23Z</time>
      </trkpt>
      <trkpt lat="34.23248" lon="-118.19223">
        <ele>918.71</ele>
        <time>2025-05-17T15:51:26Z</time>
      </trkpt>
      <trkpt lat="34.23247" lon="-118.19227">
        <ele>919.32</ele>
        <time>2025-05-17T15:51:30Z</time>
      </trkpt>
      <trkpt lat="34.23247" lon="-118.19231">
        <ele>919.61</ele>
        <time>2025-05-17T15:51:33Z</time>
      </trkpt>
      <trkpt lat="34.23247" lon="-118.19235">
        <ele>920.03</ele>
        <time>2025-05-17T15:51:36Z</time>
      </trkpt>
      <trkpt lat="34.23247" lon="-118.19239">
        <ele>920.46</ele>
        <time>2025-05-17T15:51:39Z</time>
      </trkpt>
      <trkpt lat="34.23247" lon="-118.19243">
        <ele>920.65</ele>
        <time>2025-05-17T15:51:42Z</time>
      </trkpt>
      <trkpt lat="34.23247" lon="-118.19246">
        <ele>920.65</ele>
        <time>2025-05-17T15:51:45Z</time>
      </trkpt>
      <trkpt lat="34.23247" lon="-118.19251">
        <ele>920.65</ele>
        <time>2025-05-17T15:51:48Z</time>
      </trkpt>
      <trkpt lat="34.23248" lon="-118.19255">
        <ele>920.62</ele>
        <time>2025-05-17T15:51:51Z</time>
      </trkpt>
      <trkpt lat="34.23249" lon="-118.19258">
        <ele>920.8</ele>
        <time>2025-05-17T15:51:54Z</time>
      </trkpt>
      <trkpt lat="34.2325" lon="-118.19262">
        <ele>921.0</ele>
        <time>2025-05-17T15:51:57Z</time>
      </trkpt>
      <trkpt lat="34.23251" lon="-118.19265">
        <ele>920.96</ele>
        <time>2025-05-17T15:52:00Z</time>
      </trkpt>
      <trkpt lat="34.23253" lon="-118.19268">
        <ele>920.98</ele>
        <time>2025-05-17T15:52:02Z</time>
      </trkpt>
      <trkpt lat="34.23254" lon="-118.19272">
        <ele>920.95</ele>
        <time>2025-05-17T15:52:05Z</time>
      </trkpt>
      <trkpt lat="34.23255" lon="-118.19275">
        <ele>921.06</ele>
        <time>2025-05-17T15:52:08Z</time>
      </trkpt>
      <trkpt lat="34.23257" lon="-118.19279">
        <ele>921.32</ele>
        <time>2025-05-17T15:52:11Z</time>
      </trkpt>
      <trkpt lat="34.23259" lon="-118.19282">
        <ele>921.46</ele>
        <time>2025-05-17T15:52:14Z</time>
      </trkpt>
      <trkpt lat="34.2326" lon="-118.19285">
        <ele>921.26</ele>
        <time>2025-05-17T15:52:17Z</time>
      </trkpt>
      <trkpt lat="34.23262" lon="-118.19288">
        <ele>921.08</ele>
        <time>2025-05-17T15:52:20Z</time>
      </trkpt>
      <trkpt lat="34.23264" lon="-118.19291">
        <ele>920.89</ele>
        <time>2025-05-17T15:52:23Z</time>
      </trkpt>
      <trkpt lat="34.23266" lon="-118.19294">
        <ele>921.11</ele>
        <time>2025-05-17T15:52:26Z</time>
      </trkpt>
      <trkpt lat="34.23269" lon="-118.19296">
        <ele>922.0</ele>
        <time>2025-05-17T15:52:29Z</time>
      </trkpt>
      <trkpt lat="34.23271" lon="-118.19299">
        <ele>922.08</ele>
        <time>2025-05-17T15:52:32Z</time>
      </trkpt>
      <trkpt lat="34.23273" lon="-118.19302">
        <ele>922.3</ele>
        <time>2025-05-17T15:52:35Z</time>
      </trkpt>
      <trkpt lat="34.23276" lon="-118.19304">
        <ele>922.67</ele>
        <time>2025-05-17T15:52:38Z</time>
      </trkpt>
      <trkpt lat="34.23277" lon="-118.19307">
        <ele>923.21</ele>
        <time>2025-05-17T15:52:41Z</time>
      </trkpt>
      <trkpt lat="34.2328" lon="-118.19309">
        <ele>923.5</ele>
        <time>2025-05-17T15:52:44Z</time>
      </trkpt>
      <trkpt lat="34.23282" lon="-118.19311">
        <ele>923.72</ele>
        <time>2025-05-17T15:52:47Z</time>
      </trkpt>
      <trkpt lat="34.23286" lon="-118.19313">
        <ele>923.72</ele>
        <time>2025-05-17T15:52:50Z</time>
      </trkpt>
      <trkpt lat="34.23288" lon="-118.19316">
        <ele>924.15</ele>
        <time>2025-05-17T15:52:53Z</time>
      </trkpt>
      <trkpt lat="34.2329" lon="-118.19318">
        <ele>924.37</ele>
        <time>2025-05-17T15:52:56Z</time>
      </trkpt>
      <trkpt lat="34.23293" lon="-118.19321">
        <ele>924.69</ele>
        <time>2025-05-17T15:52:59Z</time>
      </trkpt>
      <trkpt lat="34.23295" lon="-118.19323">
        <ele>924.91</ele>
        <time>2025-05-17T15:53:02Z</time>
      </trkpt>
      <trkpt lat="34.23297" lon="-118.19326">
        <ele>925.36</ele>
        <time>2025-05-17T15:53:05Z</time>
      </trkpt>
      <trkpt lat="34.23299" lon="-118.19329">
        <ele>925.93</ele>
        <time>2025-05-17T15:53:08Z</time>
      </trkpt>
      <trkpt lat="34.23301" lon="-118.19332">
        <ele>926.64</ele>
        <time>2025-05-17T15:53:11Z</time>
      </trkpt>
      <trkpt lat="34.23303" lon="-118.19335">
        <ele>927.9</ele>
        <time>2025-05-17T15:53:14Z</time>
      </trkpt>
      <trkpt lat="34.23305" lon="-118.19338">
        <ele>929.52</ele>
        <time>2025-05-17T15:53:17Z</time>
      </trkpt>
      <trkpt lat="34.23307" lon="-118.19341">
        <ele>931.01</ele>
        <time>2025-05-17T15:53:20Z</time>
      </trkpt>
      <trkpt lat="34.2331" lon="-118.19344">
        <ele>932.13</ele>
        <time>2025-05-17T15:53:23Z</time>
      </trkpt>
      <trkpt lat="34.23313" lon="-118.19346">
        <ele>932.67</ele>
        <time>2025-05-17T15:53:26Z</time>
      </trkpt>
      <trkpt lat="34.23316" lon="-118.19348">
        <ele>933.26</ele>
        <time>2025-05-17T15:53:29Z</time>
      </trkpt>
      <trkpt lat="34.2332" lon="-118.19349">
        <ele>933.38</ele>
        <time>2025-05-17T15:53:32Z</time>
      </trkpt>
      <trkpt lat="34.23323" lon="-118.1935">
        <ele>933.49</ele>
        <time>2025-05-17T15:53:35Z</time>
      </trkpt>
      <trkpt lat="34.23326" lon="-118.19351">
        <ele>933.72</ele>
        <time>2025-05-17T15:53:38Z</time>
      </trkpt>
      <trkpt lat="34.2333" lon="-118.19351">
        <ele>933.72</ele>
        <time>2025-05-17T15:53:42Z</time>
      </trkpt>
      <trkpt lat="34.23333" lon="-118.19351">
        <ele>933.72</ele>
        <time>2025-05-17T15:53:45Z</time>
      </trkpt>
      <trkpt lat="34.23336" lon="-118.19352">
        <ele>933.76</ele>
        <time>2025-05-17T15:53:48Z</time>
      </trkpt>
      <trkpt lat="34.23338" lon="-118.19353">
        <ele>933.81</ele>
        <time>2025-05-17T15:53:50Z</time>
      </trkpt>
      <trkpt lat="34.23341" lon="-118.19355">
        <ele>933.91</ele>
        <time>2025-05-17T15:53:52Z</time>
      </trkpt>
      <trkpt lat="34.23343" lon="-118.19357">
        <ele>933.98</ele>
        <time>2025-05-17T15:53:54Z</time>
      </trkpt>
      <trkpt lat="34.23346" lon="-118.19359">
        <ele>933.44</ele>
        <time>2025-05-17T15:53:57Z</time>
      </trkpt>
      <trkpt lat="34.23349" lon="-118.19362">
        <ele>933.12</ele>
        <time>2025-05-17T15:54:00Z</time>
      </trkpt>
      <trkpt lat="34.23351" lon="-118.19365">
        <ele>933.12</ele>
        <time>2025-05-17T15:54:03Z</time>
      </trkpt>
      <trkpt lat="34.23353" lon="-118.19368">
        <ele>932.99</ele>
        <time>2025-05-17T15:54:07Z</time>
      </trkpt>
      <trkpt lat="34.23349" lon="-118.19371">
        <ele>935.08</ele>
        <time>2025-05-17T15:55:41Z</time>
      </trkpt>
      <trkpt lat="34.23352" lon="-118.19375">
        <ele>934.94</ele>
        <time>2025-05-17T15:56:10Z</time>
      </trkpt>
      <trkpt lat="34.23355" lon="-118.19379">
        <ele>934.5</ele>
        <time>2025-05-17T15:56:14Z</time>
      </trkpt>
      <trkpt lat="34.23358" lon="-118.19383">
        <ele>933.95</ele>
        <time>2025-05-17T15:56:18Z</time>
      </trkpt>
      <trkpt lat="34.2336" lon="-118.19387">
        <ele>933.98</ele>
        <time>2025-05-17T15:56:22Z</time>
      </trkpt>
      <trkpt lat="34.23361" lon="-118.19391">
        <ele>934.49</ele>
        <time>2025-05-17T15:56:26Z</time>
      </trkpt>
      <trkpt lat="34.23362" lon="-118.19395">
        <ele>934.9</ele>
        <time>2025-05-17T15:56:30Z</time>
      </trkpt>
      <trkpt lat="34.23364" lon="-118.19399">
        <ele>935.03</ele>
        <time>2025-05-17T15:56:33Z</time>
      </trkpt>
      <trkpt lat="34.23366" lon="-118.19401">
        <ele>934.81</ele>
        <time>2025-05-17T15:56:36Z</time>
      </trkpt>
      <trkpt lat="34.23368" lon="-118.19405">
        <ele>935.24</ele>
        <time>2025-05-17T15:56:39Z</time>
      </trkpt>
      <trkpt lat="34.23368" lon="-118.19408">
        <ele>936.3</ele>
        <time>2025-05-17T15:56:42Z</time>
      </trkpt>
      <trkpt lat="34.2337" lon="-118.19412">
        <ele>937.16</ele>
        <time>2025-05-17T15:56:46Z</time>
      </trkpt>
      <trkpt lat="34.23371" lon="-118.19416">
        <ele>938.37</ele>
        <time>2025-05-17T15:56:50Z</time>
      </trkpt>
      <trkpt lat="34.23372" lon="-118.19419">
        <ele>939.17</ele>
        <time>2025-05-17T15:56:53Z</time>
      </trkpt>
      <trkpt lat="34.23373" lon="-118.19423">
        <ele>940.51</ele>
        <time>2025-05-17T15:56:56Z</time>
      </trkpt>
      <trkpt lat="34.23375" lon="-118.19425">
        <ele>940.55</ele>
        <time>2025-05-17T15:56:59Z</time>
      </trkpt>
      <trkpt lat="34.23377" lon="-118.19428">
        <ele>940.81</ele>
        <time>2025-05-17T15:57:02Z</time>
      </trkpt>
      <trkpt lat="34.23379" lon="-118.19432">
        <ele>941.24</ele>
        <time>2025-05-17T15:57:05Z</time>
      </trkpt>
      <trkpt lat="34.2338" lon="-118.19435">
        <ele>941.78</ele>
        <time>2025-05-17T15:57:08Z</time>
      </trkpt>
      <trkpt lat="34.23382" lon="-118.19439">
        <ele>941.8</ele>
        <time>2025-05-17T15:57:11Z</time>
      </trkpt>
      <trkpt lat="34.23383" lon="-118.19443">
        <ele>942.23</ele>
        <time>2025-05-17T15:57:14Z</time>
      </trkpt>
      <trkpt lat="34.23383" lon="-118.19446">
        <ele>942.77</ele>
        <time>2025-05-17T15:57:16Z</time>
      </trkpt>
      <trkpt lat="34.23384" lon="-118.1945">
        <ele>943.0</ele>
        <time>2025-05-17T15:57:20Z</time>
      </trkpt>
      <trkpt lat="34.23385" lon="-118.19454">
        <ele>943.32</ele>
        <time>2025-05-17T15:57:24Z</time>
      </trkpt>
      <trkpt lat="34.23387" lon="-118.19458">
        <ele>943.54</ele>
        <time>2025-05-17T15:57:27Z</time>
      </trkpt>
      <trkpt lat="34.23387" lon="-118.19462">
        <ele>944.4</ele>
        <time>2025-05-17T15:57:29Z</time>
      </trkpt>
      <trkpt lat="34.23388" lon="-118.19465">
        <ele>944.51</ele>
        <time>2025-05-17T15:57:31Z</time>
      </trkpt>
      <trkpt lat="34.23388" lon="-118.19468">
        <ele>944.83</ele>
        <time>2025-05-17T15:57:33Z</time>
      </trkpt>
      <trkpt lat="34.23389" lon="-118.19472">
        <ele>944.99</ele>
        <time>2025-05-17T15:57:36Z</time>
      </trkpt>
      <trkpt lat="34.2339" lon="-118.19475">
        <ele>945.12</ele>
        <time>2025-05-17T15:57:39Z</time>
      </trkpt>
      <trkpt lat="34.2339" lon="-118.19478">
        <ele>945.12</ele>
        <time>2025-05-17T15:57:42Z</time>
      </trkpt>
      <trkpt lat="34.23391" lon="-118.19481">
        <ele>945.23</ele>
        <time>2025-05-17T15:57:45Z</time>
      </trkpt>
      <trkpt lat="34.23392" lon="-118.19485">
        <ele>945.34</ele>
        <time>2025-05-17T15:57:47Z</time>
      </trkpt>
      <trkpt lat="34.23393" lon="-118.19489">
        <ele>945.44</ele>
        <time>2025-05-17T15:57:50Z</time>
      </trkpt>
      <trkpt lat="34.23395" lon="-118.19492">
        <ele>945.71</ele>
        <time>2025-05-17T15:57:53Z</time>
      </trkpt>
      <trkpt lat="34.23395" lon="-118.19496">
        <ele>945.85</ele>
        <time>2025-05-17T15:57:56Z</time>
      </trkpt>
      <trkpt lat="34.23396" lon="-118.19499">
        <ele>945.97</ele>
        <time>2025-05-17T15:57:59Z</time>
      </trkpt>
      <trkpt lat="34.23397" lon="-118.19503">
        <ele>946.08</ele>
        <time>2025-05-17T15:58:03Z</time>
      </trkpt>
      <trkpt lat="34.23399" lon="-118.19506">
        <ele>946.09</ele>
        <time>2025-05-17T15:58:06Z</time>
      </trkpt>
      <trkpt lat="34.23402" lon="-118.19508">
        <ele>946.42</ele>
        <time>2025-05-17T15:58:09Z</time>
      </trkpt>
      <trkpt lat="34.23403" lon="-118.19511">
        <ele>946.8</ele>
        <time>2025-05-17T15:58:12Z</time>
      </trkpt>
      <trkpt lat="34.23407" lon="-118.19513">
        <ele>947.38</ele>
        <time>2025-05-17T15:58:16Z</time>
      </trkpt>
      <trkpt lat="34.2341" lon="-118.19515">
        <ele>947.83</ele>
        <time>2025-05-17T15:58:19Z</time>
      </trkpt>
      <trkpt lat="34.23413" lon="-118.19516">
        <ele>948.06</ele>
        <time>2025-05-17T15:58:22Z</time>
      </trkpt>
      <trkpt lat="34.23416" lon="-118.19516">
        <ele>948.23</ele>
        <time>2025-05-17T15:58:26Z</time>
      </trkpt>
      <trkpt lat="34.23419" lon="-118.19515">
        <ele>949.23</ele>
        <time>2025-05-17T15:58:29Z</time>
      </trkpt>
      <trkpt lat="34.23422" lon="-118.19514">
        <ele>950.5</ele>
        <time>2025-05-17T15:58:32Z</time>
      </trkpt>
      <trkpt lat="34.23424" lon="-118.19511">
        <ele>951.83</ele>
        <time>2025-05-17T15:58:35Z</time>
      </trkpt>
      <trkpt lat="34.23425" lon="-118.19507">
        <ele>952.84</ele>
        <time>2025-05-17T15:58:38Z</time>
      </trkpt>
      <trkpt lat="34.23426" lon="-118.19503">
        <ele>953.72</ele>
        <time>2025-05-17T15:58:41Z</time>
      </trkpt>
      <trkpt lat="34.23426" lon="-118.19499">
        <ele>954.16</ele>
        <time>2025-05-17T15:58:44Z</time>
      </trkpt>
      <trkpt lat="34.23426" lon="-118.19495">
        <ele>954.59</ele>
        <time>2025-05-17T15:58:47Z</time>
      </trkpt>
      <trkpt lat="34.23426" lon="-118.19491">
        <ele>955.02</ele>
        <time>2025-05-17T15:58:50Z</time>
      </trkpt>
      <trkpt lat="34.23425" lon="-118.19488">
        <ele>955.16</ele>
        <time>2025-05-17T15:58:53Z</time>
      </trkpt>
      <trkpt lat="34.23424" lon="-118.19484">
        <ele>955.47</ele>
        <time>2025-05-17T15:58:56Z</time>
      </trkpt>
      <trkpt lat="34.23423" lon="-118.19481">
        <ele>955.47</ele>
        <time>2025-05-17T15:58:59Z</time>
      </trkpt>
      <trkpt lat="34.23423" lon="-118.19477">
        <ele>955.9</ele>
        <time>2025-05-17T15:59:02Z</time>
      </trkpt>
      <trkpt lat="34.23422" lon="-118.19472">
        <ele>955.89</ele>
        <time>2025-05-17T15:59:05Z</time>
      </trkpt>
      <trkpt lat="34.23422" lon="-118.19469">
        <ele>956.03</ele>
        <time>2025-05-17T15:59:08Z</time>
      </trkpt>
      <trkpt lat="34.23421" lon="-118.19465">
        <ele>955.75</ele>
        <time>2025-05-17T15:59:11Z</time>
      </trkpt>
      <trkpt lat="34.2342" lon="-118.19461">
        <ele>955.65</ele>
        <time>2025-05-17T15:59:14Z</time>
      </trkpt>
      <trkpt lat="34.2342" lon="-118.19457">
        <ele>956.08</ele>
        <time>2025-05-17T15:59:17Z</time>
      </trkpt>
      <trkpt lat="34.2342" lon="-118.19453">
        <ele>956.44</ele>
        <time>2025-05-17T15:59:20Z</time>
      </trkpt>
      <trkpt lat="34.23422" lon="-118.19452">
        <ele>957.3</ele>
        <time>2025-05-17T15:59:29Z</time>
      </trkpt>
      <trkpt lat="34.23423" lon="-118.19448">
        <ele>957.74</ele>
        <time>2025-05-17T15:59:37Z</time>
      </trkpt>
      <trkpt lat="34.23422" lon="-118.19445">
        <ele>957.3</ele>
        <time>2025-05-17T15:59:47Z</time>
      </trkpt>
      <trkpt lat="34.23424" lon="-118.19442">
        <ele>958.17</ele>
        <time>2025-05-17T15:59:58Z</time>
      </trkpt>
      <trkpt lat="34.23424" lon="-118.19439">
        <ele>958.17</ele>
        <time>2025-05-17T16:00:01Z</time>
      </trkpt>
      <trkpt lat="34.23423" lon="-118.19435">
        <ele>957.74</ele>
        <time>2025-05-17T16:00:05Z</time>
      </trkpt>
      <trkpt lat="34.23424" lon="-118.19431">
        <ele>958.17</ele>
        <time>2025-05-17T16:00:08Z</time>
      </trkpt>
      <trkpt lat="34.23424" lon="-118.19427">
        <ele>958.17</ele>
        <time>2025-05-17T16:00:12Z</time>
      </trkpt>
      <trkpt lat="34.23425" lon="-118.19423">
        <ele>958.32</ele>
        <time>2025-05-17T16:00:15Z</time>
      </trkpt>
      <trkpt lat="34.23425" lon="-118.19419">
        <ele>957.93</ele>
        <time>2025-05-17T16:00:17Z</time>
      </trkpt>
      <trkpt lat="34.23425" lon="-118.19416">
        <ele>957.63</ele>
        <time>2025-05-17T16:00:20Z</time>
      </trkpt>
      <trkpt lat="34.23425" lon="-118.19411">
        <ele>957.09</ele>
        <time>2025-05-17T16:00:23Z</time>
      </trkpt>
      <trkpt lat="34.23425" lon="-118.19407">
        <ele>956.7</ele>
        <time>2025-05-17T16:00:26Z</time>
      </trkpt>
      <trkpt lat="34.23426" lon="-118.19403">
        <ele>957.03</ele>
        <time>2025-05-17T16:01:26Z</time>
      </trkpt>
      <trkpt lat="34.23426" lon="-118.19398">
        <ele>957.02</ele>
        <time>2025-05-17T16:01:32Z</time>
      </trkpt>
      <trkpt lat="34.23426" lon="-118.19393">
        <ele>957.02</ele>
        <time>2025-05-17T16:01:36Z</time>
      </trkpt>
      <trkpt lat="34.23427" lon="-118.19389">
        <ele>957.35</ele>
        <time>2025-05-17T16:01:39Z</time>
      </trkpt>
      <trkpt lat="34.23427" lon="-118.19386">
        <ele>957.07</ele>
        <time>2025-05-17T16:01:42Z</time>
      </trkpt>
      <trkpt lat="34.23427" lon="-118.19381">
        <ele>956.59</ele>
        <time>2025-05-17T16:01:46Z</time>
      </trkpt>
      <trkpt lat="34.23427" lon="-118.19377">
        <ele>956.46</ele>
        <time>2025-05-17T16:01:49Z</time>
      </trkpt>
      <trkpt lat="34.23428" lon="-118.19373">
        <ele>956.9</ele>
        <time>2025-05-17T16:01:52Z</time>
      </trkpt>
      <trkpt lat="34.23428" lon="-118.19369">
        <ele>956.75</ele>
        <time>2025-05-17T16:01:55Z</time>
      </trkpt>
      <trkpt lat="34.23429" lon="-118.19365">
        <ele>956.75</ele>
        <time>2025-05-17T16:01:58Z</time>
      </trkpt>
      <trkpt lat="34.2343" lon="-118.19362">
        <ele>956.86</ele>
        <time>2025-05-17T16:02:01Z</time>
      </trkpt>
      <trkpt lat="34.23433" lon="-118.19359">
        <ele>957.65</ele>
        <time>2025-05-17T16:02:05Z</time>
      </trkpt>
      <trkpt lat="34.23435" lon="-118.19356">
        <ele>957.83</ele>
        <time>2025-05-17T16:02:08Z</time>
      </trkpt>
      <trkpt lat="34.23438" lon="-118.19353">
        <ele>958.24</ele>
        <time>2025-05-17T16:02:11Z</time>
      </trkpt>
      <trkpt lat="34.23441" lon="-118.1935">
        <ele>958.36</ele>
        <time>2025-05-17T16:02:14Z</time>
      </trkpt>
      <trkpt lat="34.23443" lon="-118.19347">
        <ele>958.04</ele>
        <time>2025-05-17T16:02:17Z</time>
      </trkpt>
      <trkpt lat="34.23445" lon="-118.19344">
        <ele>957.71</ele>
        <time>2025-05-17T16:02:20Z</time>
      </trkpt>
      <trkpt lat="34.23448" lon="-118.19342">
        <ele>958.38</ele>
        <time>2025-05-17T16:02:23Z</time>
      </trkpt>
      <trkpt lat="34.23451" lon="-118.19339">
        <ele>958.78</ele>
        <time>2025-05-17T16:02:26Z</time>
      </trkpt>
      <trkpt lat="34.23451" lon="-118.19335">
        <ele>957.61</ele>
        <time>2025-05-17T16:02:41Z</time>
      </trkpt>
      <trkpt lat="34.23452" lon="-118.19332">
        <ele>957.25</ele>
        <time>2025-05-17T16:02:49Z</time>
      </trkpt>
      <trkpt lat="34.23455" lon="-118.19329">
        <ele>958.17</ele>
        <time>2025-05-17T16:04:43Z</time>
      </trkpt>
      <trkpt lat="34.23456" lon="-118.19324">
        <ele>957.99</ele>
        <time>2025-05-17T16:04:47Z</time>
      </trkpt>
      <trkpt lat="34.23457" lon="-118.19321">
        <ele>958.21</ele>
        <time>2025-05-17T16:04:50Z</time>
      </trkpt>
      <trkpt lat="34.23458" lon="-118.19317">
        <ele>958.45</ele>
        <time>2025-05-17T16:04:53Z</time>
      </trkpt>
      <trkpt lat="34.23459" lon="-118.19313">
        <ele>958.75</ele>
        <time>2025-05-17T16:04:57Z</time>
      </trkpt>
      <trkpt lat="34.23459" lon="-118.19309">
        <ele>958.5</ele>
        <time>2025-05-17T16:05:00Z</time>
      </trkpt>
      <trkpt lat="34.2346" lon="-118.19305">
        <ele>958.68</ele>
        <time>2025-05-17T16:05:04Z</time>
      </trkpt>
      <trkpt lat="34.23461" lon="-118.19301">
        <ele>958.76</ele>
        <time>2025-05-17T16:05:07Z</time>
      </trkpt>
      <trkpt lat="34.23462" lon="-118.19298">
        <ele>958.85</ele>
        <time>2025-05-17T16:05:10Z</time>
      </trkpt>
      <trkpt lat="34.23463" lon="-118.19294">
        <ele>958.77</ele>
        <time>2025-05-17T16:05:13Z</time>
      </trkpt>
      <trkpt lat="34.23465" lon="-118.19291">
        <ele>959.43</ele>
        <time>2025-05-17T16:05:16Z</time>
      </trkpt>
      <trkpt lat="34.23467" lon="-118.19289">
        <ele>960.3</ele>
        <time>2025-05-17T16:05:19Z</time>
      </trkpt>
      <trkpt lat="34.2347" lon="-118.19286">
        <ele>961.69</ele>
        <time>2025-05-17T16:05:23Z</time>
      </trkpt>
      <trkpt lat="34.23473" lon="-118.19283">
        <ele>962.9</ele>
        <time>2025-05-17T16:05:26Z</time>
      </trkpt>
      <trkpt lat="34.23475" lon="-118.19281">
        <ele>963.55</ele>
        <time>2025-05-17T16:05:29Z</time>
      </trkpt>
      <trkpt lat="34.23478" lon="-118.19279">
        <ele>964.63</ele>
        <time>2025-05-17T16:05:32Z</time>
      </trkpt>
      <trkpt lat="34.23481" lon="-118.19278">
        <ele>965.82</ele>
        <time>2025-05-17T16:05:35Z</time>
      </trkpt>
      <trkpt lat="34.23484" lon="-118.19277">
        <ele>966.73</ele>
        <time>2025-05-17T16:05:38Z</time>
      </trkpt>
      <trkpt lat="34.23487" lon="-118.19277">
        <ele>967.7</ele>
        <time>2025-05-17T16:05:41Z</time>
      </trkpt>
      <trkpt lat="34.23491" lon="-118.19277">
        <ele>968.89</ele>
        <time>2025-05-17T16:05:44Z</time>
      </trkpt>
      <trkpt lat="34.23493" lon="-118.19278">
        <ele>968.76</ele>
        <time>2025-05-17T16:05:46Z</time>
      </trkpt>
      <trkpt lat="34.23497" lon="-118.1928">
        <ele>968.32</ele>
        <time>2025-05-17T16:05:49Z</time>
      </trkpt>
      <trkpt lat="34.23499" lon="-118.19283">
        <ele>968.11</ele>
        <time>2025-05-17T16:05:52Z</time>
      </trkpt>
      <trkpt lat="34.23502" lon="-118.19286">
        <ele>967.54</ele>
        <time>2025-05-17T16:05:55Z</time>
      </trkpt>
      <trkpt lat="34.23503" lon="-118.19289">
        <ele>967.5</ele>
        <time>2025-05-17T16:05:57Z</time>
      </trkpt>
      <trkpt lat="34.23504" lon="-118.19294">
        <ele>967.56</ele>
        <time>2025-05-17T16:06:00Z</time>
      </trkpt>
      <trkpt lat="34.23504" lon="-118.19298">
        <ele>967.78</ele>
        <time>2025-05-17T16:06:03Z</time>
      </trkpt>
      <trkpt lat="34.23505" lon="-118.19303">
        <ele>967.77</ele>
        <time>2025-05-17T16:06:06Z</time>
      </trkpt>
      <trkpt lat="34.23505" lon="-118.19307">
        <ele>967.99</ele>
        <time>2025-05-17T16:06:09Z</time>
      </trkpt>
      <trkpt lat="34.23504" lon="-118.19311">
        <ele>968.47</ele>
        <time>2025-05-17T16:06:12Z</time>
      </trkpt>
      <trkpt lat="34.23503" lon="-118.19315">
        <ele>969.03</ele>
        <time>2025-05-17T16:06:15Z</time>
      </trkpt>
      <trkpt lat="34.23502" lon="-118.1932">
        <ele>969.35</ele>
        <time>2025-05-17T16:06:18Z</time>
      </trkpt>
      <trkpt lat="34.23502" lon="-118.19324">
        <ele>969.35</ele>
        <time>2025-05-17T16:06:21Z</time>
      </trkpt>
      <trkpt lat="34.23501" lon="-118.19328">
        <ele>970.05</ele>
        <time>2025-05-17T16:06:24Z</time>
      </trkpt>
      <trkpt lat="34.23501" lon="-118.19333">
        <ele>970.54</ele>
        <time>2025-05-17T16:06:27Z</time>
      </trkpt>
      <trkpt lat="34.23499" lon="-118.19337">
        <ele>971.37</ele>
        <time>2025-05-17T16:06:30Z</time>
      </trkpt>
      <trkpt lat="34.23498" lon="-118.19341">
        <ele>971.83</ele>
        <time>2025-05-17T16:06:33Z</time>
      </trkpt>
      <trkpt lat="34.23497" lon="-118.19344">
        <ele>972.19</ele>
        <time>2025-05-17T16:06:36Z</time>
      </trkpt>
      <trkpt lat="34.23495" lon="-118.19348">
        <ele>972.89</ele>
        <time>2025-05-17T16:06:39Z</time>
      </trkpt>
      <trkpt lat="34.23494" lon="-118.19352">
        <ele>973.24</ele>
        <time>2025-05-17T16:06:42Z</time>
      </trkpt>
      <trkpt lat="34.23492" lon="-118.19356">
        <ele>974.32</ele>
        <time>2025-05-17T16:06:45Z</time>
      </trkpt>
      <trkpt lat="34.23491" lon="-118.19359">
        <ele>974.86</ele>
        <time>2025-05-17T16:06:48Z</time>
      </trkpt>
      <trkpt lat="34.2349" lon="-118.19362">
        <ele>975.32</ele>
        <time>2025-05-17T16:06:51Z</time>
      </trkpt>
      <trkpt lat="34.23489" lon="-118.19365">
        <ele>975.75</ele>
        <time>2025-05-17T16:06:54Z</time>
      </trkpt>
      <trkpt lat="34.23488" lon="-118.19369">
        <ele>976.18</ele>
        <time>2025-05-17T16:06:57Z</time>
      </trkpt>
      <trkpt lat="34.23487" lon="-118.19374">
        <ele>977.01</ele>
        <time>2025-05-17T16:07:00Z</time>
      </trkpt>
      <trkpt lat="34.23487" lon="-118.19378">
        <ele>977.44</ele>
        <time>2025-05-17T16:07:02Z</time>
      </trkpt>
      <trkpt lat="34.23487" lon="-118.19382">
        <ele>977.87</ele>
        <time>2025-05-17T16:07:05Z</time>
      </trkpt>
      <trkpt lat="34.23487" lon="-118.19385">
        <ele>978.2</ele>
        <time>2025-05-17T16:07:07Z</time>
      </trkpt>
      <trkpt lat="34.23486" lon="-118.1939">
        <ele>979.17</ele>
        <time>2025-05-17T16:07:10Z</time>
      </trkpt>
      <trkpt lat="34.23486" lon="-118.19394">
        <ele>979.6</ele>
        <time>2025-05-17T16:07:13Z</time>
      </trkpt>
      <trkpt lat="34.23486" lon="-118.19397">
        <ele>979.92</ele>
        <time>2025-05-17T16:07:16Z</time>
      </trkpt>
      <trkpt lat="34.23485" lon="-118.19402">
        <ele>980.74</ele>
        <time>2025-05-17T16:07:19Z</time>
      </trkpt>
      <trkpt lat="34.23484" lon="-118.19405">
        <ele>981.45</ele>
        <time>2025-05-17T16:07:22Z</time>
      </trkpt>
      <trkpt lat="34.23483" lon="-118.19409">
        <ele>982.18</ele>
        <time>2025-05-17T16:07:26Z</time>
      </trkpt>
      <trkpt lat="34.23482" lon="-118.19413">
        <ele>982.72</ele>
        <time>2025-05-17T16:07:29Z</time>
      </trkpt>
      <trkpt lat="34.23482" lon="-118.19417">
        <ele>982.65</ele>
        <time>2025-05-17T16:07:32Z</time>
      </trkpt>
      <trkpt lat="34.23481" lon="-118.19421">
        <ele>982.14</ele>
        <time>2025-05-17T16:07:35Z</time>
      </trkpt>
      <trkpt lat="34.23479" lon="-118.19426">
        <ele>981.52</ele>
        <time>2025-05-17T16:07:38Z</time>
      </trkpt>
      <trkpt lat="34.23478" lon="-118.19429">
        <ele>981.21</ele>
        <time>2025-05-17T16:07:40Z</time>
      </trkpt>
      <trkpt lat="34.23476" lon="-118.19432">
        <ele>981.26</ele>
        <time>2025-05-17T16:07:43Z</time>
      </trkpt>
      <trkpt lat="34.23474" lon="-118.19435">
        <ele>981.45</ele>
        <time>2025-05-17T16:07:46Z</time>
      </trkpt>
      <trkpt lat="34.23472" lon="-118.19438">
        <ele>981.72</ele>
        <time>2025-05-17T16:07:48Z</time>
      </trkpt>
      <trkpt lat="34.2347" lon="-118.19441">
        <ele>981.61</ele>
        <time>2025-05-17T16:07:51Z</time>
      </trkpt>
      <trkpt lat="34.23469" lon="-118.19445">
        <ele>981.35</ele>
        <time>2025-05-17T16:07:53Z</time>
      </trkpt>
      <trkpt lat="34.23467" lon="-118.19449">
        <ele>981.56</ele>
        <time>2025-05-17T16:07:56Z</time>
      </trkpt>
      <trkpt lat="34.23466" lon="-118.19453">
        <ele>981.67</ele>
        <time>2025-05-17T16:07:59Z</time>
      </trkpt>
      <trkpt lat="34.23464" lon="-118.19457">
        <ele>981.93</ele>
        <time>2025-05-17T16:08:02Z</time>
      </trkpt>
      <trkpt lat="34.23463" lon="-118.19462">
        <ele>982.0</ele>
        <time>2025-05-17T16:08:05Z</time>
      </trkpt>
      <trkpt lat="34.23464" lon="-118.19466">
        <ele>982.07</ele>
        <time>2025-05-17T16:08:08Z</time>
      </trkpt>
      <trkpt lat="34.23464" lon="-118.1947">
        <ele>982.17</ele>
        <time>2025-05-17T16:08:10Z</time>
      </trkpt>
      <trkpt lat="34.23466" lon="-118.19473">
        <ele>982.74</ele>
        <time>2025-05-17T16:08:13Z</time>
      </trkpt>
      <trkpt lat="34.23467" lon="-118.19477">
        <ele>983.39</ele>
        <time>2025-05-17T16:08:16Z</time>
      </trkpt>
      <trkpt lat="34.23468" lon="-118.19481">
        <ele>984.04</ele>
        <time>2025-05-17T16:08:19Z</time>
      </trkpt>
      <trkpt lat="34.23471" lon="-118.19483">
        <ele>985.04</ele>
        <time>2025-05-17T16:08:22Z</time>
      </trkpt>
      <trkpt lat="34.23473" lon="-118.19486">
        <ele>985.81</ele>
        <time>2025-05-17T16:08:25Z</time>
      </trkpt>
      <trkpt lat="34.23476" lon="-118.19488">
        <ele>985.59</ele>
        <time>2025-05-17T16:08:28Z</time>
      </trkpt>
      <trkpt lat="34.23479" lon="-118.19491">
        <ele>985.59</ele>
        <time>2025-05-17T16:08:31Z</time>
      </trkpt>
      <trkpt lat="34.23481" lon="-118.19494">
        <ele>985.81</ele>
        <time>2025-05-17T16:08:34Z</time>
      </trkpt>
      <trkpt lat="34.23484" lon="-118.19496">
        <ele>985.59</ele>
        <time>2025-05-17T16:08:37Z</time>
      </trkpt>
      <trkpt lat="34.23486" lon="-118.195">
        <ele>986.02</ele>
        <time>2025-05-17T16:08:40Z</time>
      </trkpt>
      <trkpt lat="34.23488" lon="-118.19503">
        <ele>986.01</ele>
        <time>2025-05-17T16:08:43Z</time>
      </trkpt>
      <trkpt lat="34.2349" lon="-118.19507">
        <ele>985.98</ele>
        <time>2025-05-17T16:08:46Z</time>
      </trkpt>
      <trkpt lat="34.23491" lon="-118.19511">
        <ele>986.1</ele>
        <time>2025-05-17T16:08:49Z</time>
      </trkpt>
      <trkpt lat="34.23492" lon="-118.19515">
        <ele>986.21</ele>
        <time>2025-05-17T16:08:52Z</time>
      </trkpt>
      <trkpt lat="34.23494" lon="-118.19519">
        <ele>986.0</ele>
        <time>2025-05-17T16:08:55Z</time>
      </trkpt>
      <trkpt lat="34.23494" lon="-118.19523">
        <ele>986.43</ele>
        <time>2025-05-17T16:08:58Z</time>
      </trkpt>
      <trkpt lat="34.23494" lon="-118.19527">
        <ele>986.86</ele>
        <time>2025-05-17T16:09:03Z</time>
      </trkpt>
      <trkpt lat="34.23493" lon="-118.1953">
        <ele>987.27</ele>
        <time>2025-05-17T16:09:09Z</time>
      </trkpt>
      <trkpt lat="34.23492" lon="-118.19534">
        <ele>987.59</ele>
        <time>2025-05-17T16:09:12Z</time>
      </trkpt>
      <trkpt lat="34.23492" lon="-118.19539">
        <ele>987.78</ele>
        <time>2025-05-17T16:09:15Z</time>
      </trkpt>
      <trkpt lat="34.23491" lon="-118.19543">
        <ele>988.54</ele>
        <time>2025-05-17T16:09:18Z</time>
      </trkpt>
      <trkpt lat="34.2349" lon="-118.19547">
        <ele>989.31</ele>
        <time>2025-05-17T16:09:21Z</time>
      </trkpt>
      <trkpt lat="34.23489" lon="-118.1955">
        <ele>989.89</ele>
        <time>2025-05-17T16:09:24Z</time>
      </trkpt>
      <trkpt lat="34.23488" lon="-118.19554">
        <ele>990.47</ele>
        <time>2025-05-17T16:09:27Z</time>
      </trkpt>
      <trkpt lat="34.23486" lon="-118.19558">
        <ele>990.9</ele>
        <time>2025-05-17T16:09:30Z</time>
      </trkpt>
      <trkpt lat="34.23485" lon="-118.19562">
        <ele>990.98</ele>
        <time>2025-05-17T16:09:32Z</time>
      </trkpt>
      <trkpt lat="34.23484" lon="-118.19565">
        <ele>991.17</ele>
        <time>2025-05-17T16:09:36Z</time>
      </trkpt>
      <trkpt lat="34.23482" lon="-118.1957">
        <ele>991.3</ele>
        <time>2025-05-17T16:09:39Z</time>
      </trkpt>
      <trkpt lat="34.23481" lon="-118.19573">
        <ele>991.17</ele>
        <time>2025-05-17T16:09:42Z</time>
      </trkpt>
      <trkpt lat="34.23479" lon="-118.19578">
        <ele>991.27</ele>
        <time>2025-05-17T16:09:45Z</time>
      </trkpt>
      <trkpt lat="34.23478" lon="-118.19582">
        <ele>991.38</ele>
        <time>2025-05-17T16:09:48Z</time>
      </trkpt>
      <trkpt lat="34.23477" lon="-118.19586">
        <ele>991.48</ele>
        <time>2025-05-17T16:09:51Z</time>
      </trkpt>
      <trkpt lat="34.23477" lon="-118.1959">
        <ele>991.48</ele>
        <time>2025-05-17T16:09:54Z</time>
      </trkpt>
      <trkpt lat="34.23476" lon="-118.19594">
        <ele>991.59</ele>
        <time>2025-05-17T16:09:57Z</time>
      </trkpt>
      <trkpt lat="34.23474" lon="-118.19598">
        <ele>991.81</ele>
        <time>2025-05-17T16:10:01Z</time>
      </trkpt>
      <trkpt lat="34.23474" lon="-118.19602">
        <ele>991.84</ele>
        <time>2025-05-17T16:10:04Z</time>
      </trkpt>
      <trkpt lat="34.23474" lon="-118.19606">
        <ele>992.62</ele>
        <time>2025-05-17T16:10:07Z</time>
      </trkpt>
      <trkpt lat="34.23473" lon="-118.1961">
        <ele>993.6</ele>
        <time>2025-05-17T16:10:10Z</time>
      </trkpt>
      <trkpt lat="34.23473" lon="-118.19614">
        <ele>994.2</ele>
        <time>2025-05-17T16:10:13Z</time>
      </trkpt>
      <trkpt lat="34.23474" lon="-118.19618">
        <ele>994.65</ele>
        <time>2025-05-17T16:10:16Z</time>
      </trkpt>
      <trkpt lat="34.23474" lon="-118.19621">
        <ele>995.08</ele>
        <time>2025-05-17T16:10:19Z</time>
      </trkpt>
      <trkpt lat="34.23475" lon="-118.19626">
        <ele>995.79</ele>
        <time>2025-05-17T16:10:22Z</time>
      </trkpt>
      <trkpt lat="34.23476" lon="-118.19629">
        <ele>996.31</ele>
        <time>2025-05-17T16:10:25Z</time>
      </trkpt>
      <trkpt lat="34.23478" lon="-118.19633">
        <ele>997.35</ele>
        <time>2025-05-17T16:10:28Z</time>
      </trkpt>
      <trkpt lat="34.2348" lon="-118.19635">
        <ele>998.0</ele>
        <time>2025-05-17T16:10:31Z</time>
      </trkpt>
      <trkpt lat="34.23482" lon="-118.19638">
        <ele>998.75</ele>
        <time>2025-05-17T16:10:34Z</time>
      </trkpt>
      <trkpt lat="34.23484" lon="-118.19641">
        <ele>999.25</ele>
        <time>2025-05-17T16:10:37Z</time>
      </trkpt>
      <trkpt lat="34.23486" lon="-118.19644">
        <ele>999.89</ele>
        <time>2025-05-17T16:10:40Z</time>
      </trkpt>
      <trkpt lat="34.23488" lon="-118.19648">
        <ele>1000.96</ele>
        <time>2025-05-17T16:10:43Z</time>
      </trkpt>
      <trkpt lat="34.23491" lon="-118.19651">
        <ele>1001.6</ele>
        <time>2025-05-17T16:10:46Z</time>
      </trkpt>
      <trkpt lat="34.23493" lon="-118.19655">
        <ele>1002.42</ele>
        <time>2025-05-17T16:10:49Z</time>
      </trkpt>
      <trkpt lat="34.23495" lon="-118.19658">
        <ele>1003.13</ele>
        <time>2025-05-17T16:10:52Z</time>
      </trkpt>
      <trkpt lat="34.23497" lon="-118.19661">
        <ele>1003.78</ele>
        <time>2025-05-17T16:10:55Z</time>
      </trkpt>
      <trkpt lat="34.23499" lon="-118.19665">
        <ele>1004.64</ele>
        <time>2025-05-17T16:10:58Z</time>
      </trkpt>
      <trkpt lat="34.23501" lon="-118.19668">
        <ele>1005.04</ele>
        <time>2025-05-17T16:11:01Z</time>
      </trkpt>
      <trkpt lat="34.23503" lon="-118.19671">
        <ele>1005.14</ele>
        <time>2025-05-17T16:11:04Z</time>
      </trkpt>
      <trkpt lat="34.23505" lon="-118.19675">
        <ele>1005.36</ele>
        <time>2025-05-17T16:11:07Z</time>
      </trkpt>
      <trkpt lat="34.23507" lon="-118.19678">
        <ele>1005.69</ele>
        <time>2025-05-17T16:11:10Z</time>
      </trkpt>
      <trkpt lat="34.23508" lon="-118.19682">
        <ele>1006.45</ele>
        <time>2025-05-17T16:11:13Z</time>
      </trkpt>
      <trkpt lat="34.2351" lon="-118.19686">
        <ele>1007.02</ele>
        <time>2025-05-17T16:11:17Z</time>
      </trkpt>
      <trkpt lat="34.23512" lon="-118.19689">
        <ele>1007.23</ele>
        <time>2025-05-17T16:11:20Z</time>
      </trkpt>
      <trkpt lat="34.23513" lon="-118.19694">
        <ele>1008.1</ele>
        <time>2025-05-17T16:11:23Z</time>
      </trkpt>
      <trkpt lat="34.23514" lon="-118.19698">
        <ele>1008.55</ele>
        <time>2025-05-17T16:11:26Z</time>
      </trkpt>
      <trkpt lat="34.23516" lon="-118.19701">
        <ele>1008.44</ele>
        <time>2025-05-17T16:11:29Z</time>
      </trkpt>
      <trkpt lat="34.23518" lon="-118.19705">
        <ele>1008.44</ele>
        <time>2025-05-17T16:11:32Z</time>
      </trkpt>
      <trkpt lat="34.23519" lon="-118.19709">
        <ele>1008.99</ele>
        <time>2025-05-17T16:11:35Z</time>
      </trkpt>
      <trkpt lat="34.2352" lon="-118.19712">
        <ele>1009.31</ele>
        <time>2025-05-17T16:11:38Z</time>
      </trkpt>
      <trkpt lat="34.23522" lon="-118.19716">
        <ele>1009.65</ele>
        <time>2025-05-17T16:11:41Z</time>
      </trkpt>
      <trkpt lat="34.23524" lon="-118.1972">
        <ele>1010.19</ele>
        <time>2025-05-17T16:11:44Z</time>
      </trkpt>
      <trkpt lat="34.23525" lon="-118.19723">
        <ele>1010.74</ele>
        <time>2025-05-17T16:11:46Z</time>
      </trkpt>
      <trkpt lat="34.23528" lon="-118.19726">
        <ele>1010.78</ele>
        <time>2025-05-17T16:11:49Z</time>
      </trkpt>
      <trkpt lat="34.2353" lon="-118.19729">
        <ele>1011.16</ele>
        <time>2025-05-17T16:11:52Z</time>
      </trkpt>
      <trkpt lat="34.23533" lon="-118.19731">
        <ele>1011.3</ele>
        <time>2025-05-17T16:11:55Z</time>
      </trkpt>
      <trkpt lat="34.23535" lon="-118.19734">
        <ele>1011.76</ele>
        <time>2025-05-17T16:11:58Z</time>
      </trkpt>
      <trkpt lat="34.23538" lon="-118.19737">
        <ele>1012.05</ele>
        <time>2025-05-17T16:12:02Z</time>
      </trkpt>
      <trkpt lat="34.2354" lon="-118.1974">
        <ele>1012.49</ele>
        <time>2025-05-17T16:12:05Z</time>
      </trkpt>
      <trkpt lat="34.23541" lon="-118.19743">
        <ele>1013.16</ele>
        <time>2025-05-17T16:12:08Z</time>
      </trkpt>
      <trkpt lat="34.23543" lon="-118.19747">
        <ele>1014.14</ele>
        <time>2025-05-17T16:12:11Z</time>
      </trkpt>
      <trkpt lat="34.23545" lon="-118.1975">
        <ele>1015.0</ele>
        <time>2025-05-17T16:12:14Z</time>
      </trkpt>
      <trkpt lat="34.23547" lon="-118.19754">
        <ele>1015.79</ele>
        <time>2025-05-17T16:12:17Z</time>
      </trkpt>
      <trkpt lat="34.23548" lon="-118.19757">
        <ele>1016.33</ele>
        <time>2025-05-17T16:12:20Z</time>
      </trkpt>
      <trkpt lat="34.2355" lon="-118.1976">
        <ele>1016.76</ele>
        <time>2025-05-17T16:12:23Z</time>
      </trkpt>
      <trkpt lat="34.23551" lon="-118.19764">
        <ele>1017.52</ele>
        <time>2025-05-17T16:12:26Z</time>
      </trkpt>
      <trkpt lat="34.23553" lon="-118.19769">
        <ele>1018.35</ele>
        <time>2025-05-17T16:12:29Z</time>
      </trkpt>
      <trkpt lat="34.23554" lon="-118.19772">
        <ele>1018.79</ele>
        <time>2025-05-17T16:12:32Z</time>
      </trkpt>
      <trkpt lat="34.23556" lon="-118.19776">
        <ele>1019.57</ele>
        <time>2025-05-17T16:12:35Z</time>
      </trkpt>
      <trkpt lat="34.23557" lon="-118.19779">
        <ele>1019.89</ele>
        <time>2025-05-17T16:12:38Z</time>
      </trkpt>
      <trkpt lat="34.2356" lon="-118.19782">
        <ele>1019.96</ele>
        <time>2025-05-17T16:12:41Z</time>
      </trkpt>
      <trkpt lat="34.23563" lon="-118.19784">
        <ele>1020.28</ele>
        <time>2025-05-17T16:12:44Z</time>
      </trkpt>
      <trkpt lat="34.23566" lon="-118.19785">
        <ele>1020.5</ele>
        <time>2025-05-17T16:12:47Z</time>
      </trkpt>
      <trkpt lat="34.23569" lon="-118.19787">
        <ele>1020.99</ele>
        <time>2025-05-17T16:12:49Z</time>
      </trkpt>
      <trkpt lat="34.23572" lon="-118.19788">
        <ele>1021.27</ele>
        <time>2025-05-17T16:12:52Z</time>
      </trkpt>
      <trkpt lat="34.23575" lon="-118.1979">
        <ele>1021.86</ele>
        <time>2025-05-17T16:12:55Z</time>
      </trkpt>
      <trkpt lat="34.23579" lon="-118.19791">
        <ele>1021.75</ele>
        <time>2025-05-17T16:12:58Z</time>
      </trkpt>
      <trkpt lat="34.23582" lon="-118.19792">
        <ele>1021.75</ele>
        <time>2025-05-17T16:13:01Z</time>
      </trkpt>
      <trkpt lat="34.23584" lon="-118.19794">
        <ele>1022.18</ele>
        <time>2025-05-17T16:13:04Z</time>
      </trkpt>
      <trkpt lat="34.23588" lon="-118.19795">
        <ele>1022.08</ele>
        <time>2025-05-17T16:13:07Z</time>
      </trkpt>
      <trkpt lat="34.23591" lon="-118.19796">
        <ele>1022.08</ele>
        <time>2025-05-17T16:13:10Z</time>
      </trkpt>
      <trkpt lat="34.23594" lon="-118.19798">
        <ele>1022.43</ele>
        <time>2025-05-17T16:13:14Z</time>
      </trkpt>
      <trkpt lat="34.23597" lon="-118.19801">
        <ele>1023.29</ele>
        <time>2025-05-17T16:13:17Z</time>
      </trkpt>
      <trkpt lat="34.23601" lon="-118.19803">
        <ele>1023.92</ele>
        <time>2025-05-17T16:13:20Z</time>
      </trkpt>
      <trkpt lat="34.23604" lon="-118.19805">
        <ele>1024.76</ele>
        <time>2025-05-17T16:13:23Z</time>
      </trkpt>
      <trkpt lat="34.23607" lon="-118.19806">
        <ele>1025.1</ele>
        <time>2025-05-17T16:13:26Z</time>
      </trkpt>
      <trkpt lat="34.23609" lon="-118.19808">
        <ele>1025.53</ele>
        <time>2025-05-17T16:13:29Z</time>
      </trkpt>
      <trkpt lat="34.23612" lon="-118.19809">
        <ele>1025.84</ele>
        <time>2025-05-17T16:13:32Z</time>
      </trkpt>
      <trkpt lat="34.23615" lon="-118.19811">
        <ele>1026.6</ele>
        <time>2025-05-17T16:13:35Z</time>
      </trkpt>
      <trkpt lat="34.23619" lon="-118.19813">
        <ele>1027.46</ele>
        <time>2025-05-17T16:13:38Z</time>
      </trkpt>
      <trkpt lat="34.23622" lon="-118.19815">
        <ele>1028.19</ele>
        <time>2025-05-17T16:13:41Z</time>
      </trkpt>
      <trkpt lat="34.23626" lon="-118.19816">
        <ele>1028.66</ele>
        <time>2025-05-17T16:13:44Z</time>
      </trkpt>
      <trkpt lat="34.23629" lon="-118.19817">
        <ele>1028.95</ele>
        <time>2025-05-17T16:13:47Z</time>
      </trkpt>
      <trkpt lat="34.23632" lon="-118.19816">
        <ele>1028.97</ele>
        <time>2025-05-17T16:13:50Z</time>
      </trkpt>
      <trkpt lat="34.23635" lon="-118.19816">
        <ele>1028.93</ele>
        <time>2025-05-17T16:13:52Z</time>
      </trkpt>
      <trkpt lat="34.23638" lon="-118.19814">
        <ele>1028.9</ele>
        <time>2025-05-17T16:13:55Z</time>
      </trkpt>
      <trkpt lat="34.23641" lon="-118.19813">
        <ele>1028.89</ele>
        <time>2025-05-17T16:13:58Z</time>
      </trkpt>
      <trkpt lat="34.23643" lon="-118.19811">
        <ele>1028.95</ele>
        <time>2025-05-17T16:14:01Z</time>
      </trkpt>
      <trkpt lat="34.23646" lon="-118.19809">
        <ele>1029.34</ele>
        <time>2025-05-17T16:14:04Z</time>
      </trkpt>
      <trkpt lat="34.23649" lon="-118.19806">
        <ele>1030.14</ele>
        <time>2025-05-17T16:14:07Z</time>
      </trkpt>
      <trkpt lat="34.23652" lon="-118.19804">
        <ele>1030.43</ele>
        <time>2025-05-17T16:14:10Z</time>
      </trkpt>
      <trkpt lat="34.23655" lon="-118.19802">
        <ele>1030.43</ele>
        <time>2025-05-17T16:14:13Z</time>
      </trkpt>
      <trkpt lat="34.23658" lon="-118.19801">
        <ele>1030.65</ele>
        <time>2025-05-17T16:14:16Z</time>
      </trkpt>
      <trkpt lat="34.23661" lon="-118.198">
        <ele>1030.98</ele>
        <time>2025-05-17T16:14:19Z</time>
      </trkpt>
      <trkpt lat="34.23665" lon="-118.19799">
        <ele>1031.52</ele>
        <time>2025-05-17T16:14:22Z</time>
      </trkpt>
      <trkpt lat="34.23668" lon="-118.19799">
        <ele>1032.02</ele>
        <time>2025-05-17T16:14:25Z</time>
      </trkpt>
      <trkpt lat="34.23671" lon="-118.19798">
        <ele>1032.02</ele>
        <time>2025-05-17T16:14:28Z</time>
      </trkpt>
      <trkpt lat="34.23675" lon="-118.19797">
        <ele>1032.13</ele>
        <time>2025-05-17T16:14:31Z</time>
      </trkpt>
      <trkpt lat="34.23678" lon="-118.19796">
        <ele>1032.1</ele>
        <time>2025-05-17T16:14:34Z</time>
      </trkpt>
      <trkpt lat="34.23682" lon="-118.19795">
        <ele>1032.19</ele>
        <time>2025-05-17T16:14:37Z</time>
      </trkpt>
      <trkpt lat="34.23685" lon="-118.19794">
        <ele>1032.23</ele>
        <time>2025-05-17T16:14:40Z</time>
      </trkpt>
      <trkpt lat="34.23689" lon="-118.19793">
        <ele>1032.49</ele>
        <time>2025-05-17T16:14:43Z</time>
      </trkpt>
      <trkpt lat="34.23692" lon="-118.19792">
        <ele>1032.69</ele>
        <time>2025-05-17T16:14:47Z</time>
      </trkpt>
      <trkpt lat="34.23695" lon="-118.19792">
        <ele>1033.32</ele>
        <time>2025-05-17T16:14:50Z</time>
      </trkpt>
      <trkpt lat="34.23698" lon="-118.1979">
        <ele>1034.04</ele>
        <time>2025-05-17T16:14:53Z</time>
      </trkpt>
      <trkpt lat="34.23701" lon="-118.19788">
        <ele>1034.48</ele>
        <time>2025-05-17T16:14:56Z</time>
      </trkpt>
      <trkpt lat="34.23704" lon="-118.19788">
        <ele>1035.58</ele>
        <time>2025-05-17T16:14:59Z</time>
      </trkpt>
      <trkpt lat="34.23707" lon="-118.19787">
        <ele>1036.76</ele>
        <time>2025-05-17T16:15:02Z</time>
      </trkpt>
      <trkpt lat="34.23701" lon="-118.19791">
        <ele>1035.59</ele>
        <time>2025-05-17T16:18:39Z</time>
      </trkpt>
      <trkpt lat="34.23696" lon="-118.19793">
        <ele>1034.01</ele>
        <time>2025-05-17T16:18:45Z</time>
      </trkpt>
      <trkpt lat="34.23691" lon="-118.19794">
        <ele>1033.04</ele>
        <time>2025-05-17T16:18:51Z</time>
      </trkpt>
      <trkpt lat="34.23687" lon="-118.19796">
        <ele>1033.11</ele>
        <time>2025-05-17T16:18:55Z</time>
      </trkpt>
      <trkpt lat="34.23683" lon="-118.19798">
        <ele>1033.32</ele>
        <time>2025-05-17T16:18:59Z</time>
      </trkpt>
      <trkpt lat="34.23679" lon="-118.19799">
        <ele>1033.21</ele>
        <time>2025-05-17T16:19:03Z</time>
      </trkpt>
      <trkpt lat="34.23676" lon="-118.198">
        <ele>1033.21</ele>
        <time>2025-05-17T16:19:07Z</time>
      </trkpt>
      <trkpt lat="34.23673" lon="-118.19801">
        <ele>1033.21</ele>
        <time>2025-05-17T16:19:11Z</time>
      </trkpt>
      <trkpt lat="34.2367" lon="-118.19801">
        <ele>1032.88</ele>
        <time>2025-05-17T16:19:14Z</time>
      </trkpt>
      <trkpt lat="34.23667" lon="-118.19802">
        <ele>1032.88</ele>
        <time>2025-05-17T16:19:17Z</time>
      </trkpt>
      <trkpt lat="34.23664" lon="-118.19802">
        <ele>1032.27</ele>
        <time>2025-05-17T16:19:20Z</time>
      </trkpt>
      <trkpt lat="34.23661" lon="-118.19803">
        <ele>1031.95</ele>
        <time>2025-05-17T16:19:23Z</time>
      </trkpt>
      <trkpt lat="34.23658" lon="-118.19804">
        <ele>1031.62</ele>
        <time>2025-05-17T16:19:26Z</time>
      </trkpt>
      <trkpt lat="34.23654" lon="-118.19805">
        <ele>1031.11</ele>
        <time>2025-05-17T16:19:30Z</time>
      </trkpt>
      <trkpt lat="34.23652" lon="-118.19807">
        <ele>1030.68</ele>
        <time>2025-05-17T16:19:33Z</time>
      </trkpt>
      <trkpt lat="34.23649" lon="-118.19808">
        <ele>1029.92</ele>
        <time>2025-05-17T16:19:36Z</time>
      </trkpt>
      <trkpt lat="34.23646" lon="-118.1981">
        <ele>1029.28</ele>
        <time>2025-05-17T16:19:39Z</time>
      </trkpt>
      <trkpt lat="34.23643" lon="-118.19812">
        <ele>1028.97</ele>
        <time>2025-05-17T16:19:42Z</time>
      </trkpt>
      <trkpt lat="34.2364" lon="-118.19814">
        <ele>1028.93</ele>
        <time>2025-05-17T16:19:45Z</time>
      </trkpt>
      <trkpt lat="34.23638" lon="-118.19816">
        <ele>1028.88</ele>
        <time>2025-05-17T16:19:48Z</time>
      </trkpt>
      <trkpt lat="34.23635" lon="-118.19817">
        <ele>1028.86</ele>
        <time>2025-05-17T16:19:51Z</time>
      </trkpt>
      <trkpt lat="34.23631" lon="-118.19818">
        <ele>1028.95</ele>
        <time>2025-05-17T16:19:54Z</time>
      </trkpt>
      <trkpt lat="34.23628" lon="-118.19818">
        <ele>1028.88</ele>
        <time>2025-05-17T16:19:57Z</time>
      </trkpt>
      <trkpt lat="34.23625" lon="-118.19817">
        <ele>1028.62</ele>
        <time>2025-05-17T16:20:00Z</time>
      </trkpt>
      <trkpt lat="34.23622" lon="-118.19817">
        <ele>1028.37</ele>
        <time>2025-05-17T16:20:03Z</time>
      </trkpt>
      <trkpt lat="34.23619" lon="-118.19816">
        <ele>1028.0</ele>
        <time>2025-05-17T16:20:06Z</time>
      </trkpt>
      <trkpt lat="34.23616" lon="-118.19814">
        <ele>1027.35</ele>
        <time>2025-05-17T16:20:09Z</time>
      </trkpt>
      <trkpt lat="34.23613" lon="-118.19813">
        <ele>1026.81</ele>
        <time>2025-05-17T16:20:12Z</time>
      </trkpt>
      <trkpt lat="34.2361" lon="-118.19811">
        <ele>1026.18</ele>
        <time>2025-05-17T16:20:15Z</time>
      </trkpt>
      <trkpt lat="34.23607" lon="-118.1981">
        <ele>1025.96</ele>
        <time>2025-05-17T16:20:18Z</time>
      </trkpt>
      <trkpt lat="34.23603" lon="-118.19808">
        <ele>1025.53</ele>
        <time>2025-05-17T16:20:21Z</time>
      </trkpt>
      <trkpt lat="34.23601" lon="-118.19806">
        <ele>1025.1</ele>
        <time>2025-05-17T16:20:24Z</time>
      </trkpt>
      <trkpt lat="34.23598" lon="-118.19804">
        <ele>1024.4</ele>
        <time>2025-05-17T16:20:27Z</time>
      </trkpt>
      <trkpt lat="34.23594" lon="-118.19803">
        <ele>1024.13</ele>
        <time>2025-05-17T16:20:30Z</time>
      </trkpt>
      <trkpt lat="34.23591" lon="-118.19801">
        <ele>1023.7</ele>
        <time>2025-05-17T16:20:33Z</time>
      </trkpt>
      <trkpt lat="34.23588" lon="-118.19799">
        <ele>1023.37</ele>
        <time>2025-05-17T16:20:36Z</time>
      </trkpt>
      <trkpt lat="34.23585" lon="-118.19798">
        <ele>1023.37</ele>
        <time>2025-05-17T16:20:39Z</time>
      </trkpt>
      <trkpt lat="34.23582" lon="-118.19796">
        <ele>1023.05</ele>
        <time>2025-05-17T16:20:42Z</time>
      </trkpt>
      <trkpt lat="34.2358" lon="-118.19794">
        <ele>1022.62</ele>
        <time>2025-05-17T16:20:45Z</time>
      </trkpt>
      <trkpt lat="34.23577" lon="-118.19792">
        <ele>1022.29</ele>
        <time>2025-05-17T16:20:48Z</time>
      </trkpt>
      <trkpt lat="34.23575" lon="-118.1979">
        <ele>1021.86</ele>
        <time>2025-05-17T16:20:51Z</time>
      </trkpt>
      <trkpt lat="34.23571" lon="-118.19788">
        <ele>1021.24</ele>
        <time>2025-05-17T16:20:55Z</time>
      </trkpt>
      <trkpt lat="34.23568" lon="-118.19787">
        <ele>1020.99</ele>
        <time>2025-05-17T16:20:58Z</time>
      </trkpt>
      <trkpt lat="34.23564" lon="-118.19785">
        <ele>1020.51</ele>
        <time>2025-05-17T16:21:01Z</time>
      </trkpt>
      <trkpt lat="34.23561" lon="-118.19784">
        <ele>1020.2</ele>
        <time>2025-05-17T16:21:04Z</time>
      </trkpt>
      <trkpt lat="34.23558" lon="-118.19782">
        <ele>1019.98</ele>
        <time>2025-05-17T16:21:08Z</time>
      </trkpt>
      <trkpt lat="34.23555" lon="-118.1978">
        <ele>1019.9</ele>
        <time>2025-05-17T16:21:11Z</time>
      </trkpt>
      <trkpt lat="34.23552" lon="-118.19776">
        <ele>1019.38</ele>
        <time>2025-05-17T16:21:14Z</time>
      </trkpt>
      <trkpt lat="34.23551" lon="-118.19772">
        <ele>1018.87</ele>
        <time>2025-05-17T16:21:17Z</time>
      </trkpt>
      <trkpt lat="34.23549" lon="-118.19769">
        <ele>1018.74</ele>
        <time>2025-05-17T16:21:20Z</time>
      </trkpt>
      <trkpt lat="34.23548" lon="-118.19765">
        <ele>1018.06</ele>
        <time>2025-05-17T16:21:24Z</time>
      </trkpt>
      <trkpt lat="34.23547" lon="-118.19761">
        <ele>1017.3</ele>
        <time>2025-05-17T16:21:27Z</time>
      </trkpt>
      <trkpt lat="34.23546" lon="-118.19758">
        <ele>1016.76</ele>
        <time>2025-05-17T16:21:30Z</time>
      </trkpt>
      <trkpt lat="34.23544" lon="-118.19755">
        <ele>1016.21</ele>
        <time>2025-05-17T16:21:33Z</time>
      </trkpt>
      <trkpt lat="34.23542" lon="-118.19752">
        <ele>1015.53</ele>
        <time>2025-05-17T16:21:36Z</time>
      </trkpt>
      <trkpt lat="34.23541" lon="-118.19747">
        <ele>1014.21</ele>
        <time>2025-05-17T16:21:39Z</time>
      </trkpt>
      <trkpt lat="34.23539" lon="-118.19744">
        <ele>1013.57</ele>
        <time>2025-05-17T16:21:42Z</time>
      </trkpt>
      <trkpt lat="34.23537" lon="-118.19741">
        <ele>1013.06</ele>
        <time>2025-05-17T16:21:46Z</time>
      </trkpt>
      <trkpt lat="34.23536" lon="-118.19738">
        <ele>1012.52</ele>
        <time>2025-05-17T16:21:49Z</time>
      </trkpt>
      <trkpt lat="34.23533" lon="-118.19734">
        <ele>1011.98</ele>
        <time>2025-05-17T16:21:52Z</time>
      </trkpt>
      <trkpt lat="34.23531" lon="-118.19731">
        <ele>1011.53</ele>
        <time>2025-05-17T16:21:55Z</time>
      </trkpt>
      <trkpt lat="34.23529" lon="-118.19728">
        <ele>1011.07</ele>
        <time>2025-05-17T16:21:58Z</time>
      </trkpt>
      <trkpt lat="34.23526" lon="-118.19726">
        <ele>1011.12</ele>
        <time>2025-05-17T16:22:01Z</time>
      </trkpt>
      <trkpt lat="34.23524" lon="-118.19723">
        <ele>1010.95</ele>
        <time>2025-05-17T16:22:04Z</time>
      </trkpt>
      <trkpt lat="34.23522" lon="-118.19719">
        <ele>1010.42</ele>
        <time>2025-05-17T16:22:07Z</time>
      </trkpt>
      <trkpt lat="34.2352" lon="-118.19717">
        <ele>1010.46</ele>
        <time>2025-05-17T16:22:10Z</time>
      </trkpt>
      <trkpt lat="34.23518" lon="-118.19713">
        <ele>1010.12</ele>
        <time>2025-05-17T16:22:13Z</time>
      </trkpt>
      <trkpt lat="34.23517" lon="-118.19709">
        <ele>1009.54</ele>
        <time>2025-05-17T16:22:16Z</time>
      </trkpt>
      <trkpt lat="34.23516" lon="-118.19706">
        <ele>1009.24</ele>
        <time>2025-05-17T16:22:19Z</time>
      </trkpt>
      <trkpt lat="34.23515" lon="-118.19702">
        <ele>1008.89</ele>
        <time>2025-05-17T16:22:23Z</time>
      </trkpt>
      <trkpt lat="34.23513" lon="-118.19698">
        <ele>1008.8</ele>
        <time>2025-05-17T16:22:26Z</time>
      </trkpt>
      <trkpt lat="34.23511" lon="-118.19694">
        <ele>1008.53</ele>
        <time>2025-05-17T16:22:29Z</time>
      </trkpt>
      <trkpt lat="34.2351" lon="-118.19689">
        <ele>1007.66</ele>
        <time>2025-05-17T16:22:32Z</time>
      </trkpt>
      <trkpt lat="34.23508" lon="-118.19686">
        <ele>1007.31</ele>
        <time>2025-05-17T16:22:35Z</time>
      </trkpt>
      <trkpt lat="34.23506" lon="-118.19683">
        <ele>1006.88</ele>
        <time>2025-05-17T16:22:38Z</time>
      </trkpt>
      <trkpt lat="34.23504" lon="-118.19679">
        <ele>1006.23</ele>
        <time>2025-05-17T16:22:41Z</time>
      </trkpt>
      <trkpt lat="34.23502" lon="-118.19675">
        <ele>1005.68</ele>
        <time>2025-05-17T16:22:44Z</time>
      </trkpt>
      <trkpt lat="34.235" lon="-118.19672">
        <ele>1005.58</ele>
        <time>2025-05-17T16:22:47Z</time>
      </trkpt>
      <trkpt lat="34.23498" lon="-118.19669">
        <ele>1005.25</ele>
        <time>2025-05-17T16:22:51Z</time>
      </trkpt>
      <trkpt lat="34.23497" lon="-118.19666">
        <ele>1004.86</ele>
        <time>2025-05-17T16:22:54Z</time>
      </trkpt>
      <trkpt lat="34.23495" lon="-118.19663">
        <ele>1004.21</ele>
        <time>2025-05-17T16:22:57Z</time>
      </trkpt>
      <trkpt lat="34.23493" lon="-118.1966">
        <ele>1003.56</ele>
        <time>2025-05-17T16:23:00Z</time>
      </trkpt>
      <trkpt lat="34.23491" lon="-118.19656">
        <ele>1002.69</ele>
        <time>2025-05-17T16:23:03Z</time>
      </trkpt>
      <trkpt lat="34.23489" lon="-118.19653">
        <ele>1002.05</ele>
        <time>2025-05-17T16:23:06Z</time>
      </trkpt>
      <trkpt lat="34.23488" lon="-118.1965">
        <ele>1001.4</ele>
        <time>2025-05-17T16:23:09Z</time>
      </trkpt>
      <trkpt lat="34.23485" lon="-118.19647">
        <ele>1000.7</ele>
        <time>2025-05-17T16:23:12Z</time>
      </trkpt>
      <trkpt lat="34.23483" lon="-118.19644">
        <ele>1000.03</ele>
        <time>2025-05-17T16:23:15Z</time>
      </trkpt>
      <trkpt lat="34.23481" lon="-118.19641">
        <ele>999.4</ele>
        <time>2025-05-17T16:23:18Z</time>
      </trkpt>
      <trkpt lat="34.23478" lon="-118.19638">
        <ele>998.43</ele>
        <time>2025-05-17T16:23:21Z</time>
      </trkpt>
      <trkpt lat="34.23476" lon="-118.19636">
        <ele>997.78</ele>
        <time>2025-05-17T16:23:24Z</time>
      </trkpt>
      <trkpt lat="34.23474" lon="-118.19632">
        <ele>996.7</ele>
        <time>2025-05-17T16:23:27Z</time>
      </trkpt>
      <trkpt lat="34.23471" lon="-118.1963">
        <ele>995.81</ele>
        <time>2025-05-17T16:23:30Z</time>
      </trkpt>
      <trkpt lat="34.2347" lon="-118.19626">
        <ele>995.03</ele>
        <time>2025-05-17T16:23:33Z</time>
      </trkpt>
      <trkpt lat="34.2347" lon="-118.19622">
        <ele>994.5</ele>
        <time>2025-05-17T16:23:36Z</time>
      </trkpt>
      <trkpt lat="34.2347" lon="-118.19619">
        <ele>994.13</ele>
        <time>2025-05-17T16:23:39Z</time>
      </trkpt>
      <trkpt lat="34.2347" lon="-118.19615">
        <ele>993.7</ele>
        <time>2025-05-17T16:23:42Z</time>
      </trkpt>
      <trkpt lat="34.2347" lon="-118.19611">
        <ele>993.26</ele>
        <time>2025-05-17T16:23:45Z</time>
      </trkpt>
      <trkpt lat="34.23469" lon="-118.19607">
        <ele>992.38</ele>
        <time>2025-05-17T16:23:49Z</time>
      </trkpt>
      <trkpt lat="34.23466" lon="-118.19607">
        <ele>991.69</ele>
        <time>2025-05-17T16:23:59Z</time>
      </trkpt>
      <trkpt lat="34.23464" lon="-118.1961">
        <ele>991.31</ele>
        <time>2025-05-17T16:24:04Z</time>
      </trkpt>
      <trkpt lat="34.23461" lon="-118.19613">
        <ele>990.57</ele>
        <time>2025-05-17T16:24:08Z</time>
      </trkpt>
      <trkpt lat="34.23459" lon="-118.19616">
        <ele>990.24</ele>
        <time>2025-05-17T16:24:11Z</time>
      </trkpt>
      <trkpt lat="34.23457" lon="-118.19617">
        <ele>989.7</ele>
        <time>2025-05-17T16:24:14Z</time>
      </trkpt>
      <trkpt lat="34.23454" lon="-118.1962">
        <ele>989.06</ele>
        <time>2025-05-17T16:24:18Z</time>
      </trkpt>
      <trkpt lat="34.23451" lon="-118.19622">
        <ele>988.54</ele>
        <time>2025-05-17T16:24:22Z</time>
      </trkpt>
      <trkpt lat="34.23449" lon="-118.19625">
        <ele>988.23</ele>
        <time>2025-05-17T16:24:26Z</time>
      </trkpt>
      <trkpt lat="34.23446" lon="-118.19627">
        <ele>987.46</ele>
        <time>2025-05-17T16:24:30Z</time>
      </trkpt>
      <trkpt lat="34.23443" lon="-118.19628">
        <ele>986.82</ele>
        <time>2025-05-17T16:24:34Z</time>
      </trkpt>
      <trkpt lat="34.2344" lon="-118.19629">
        <ele>986.49</ele>
        <time>2025-05-17T16:24:37Z</time>
      </trkpt>
      <trkpt lat="34.23438" lon="-118.19631">
        <ele>986.35</ele>
        <time>2025-05-17T16:24:40Z</time>
      </trkpt>
      <trkpt lat="34.23434" lon="-118.19632">
        <ele>985.87</ele>
        <time>2025-05-17T16:24:43Z</time>
      </trkpt>
      <trkpt lat="34.2343" lon="-118.19633">
        <ele>985.44</ele>
        <time>2025-05-17T16:24:46Z</time>
      </trkpt>
      <trkpt lat="34.23427" lon="-118.19634">
        <ele>985.12</ele>
        <time>2025-05-17T16:24:49Z</time>
      </trkpt>
      <trkpt lat="34.23424" lon="-118.19636">
        <ele>984.94</ele>
        <time>2025-05-17T16:24:54Z</time>
      </trkpt>
      <trkpt lat="34.2342" lon="-118.19637">
        <ele>984.87</ele>
        <time>2025-05-17T16:24:57Z</time>
      </trkpt>
      <trkpt lat="34.23418" lon="-118.19638">
        <ele>984.92</ele>
        <time>2025-05-17T16:25:00Z</time>
      </trkpt>
      <trkpt lat="34.23415" lon="-118.19639">
        <ele>984.82</ele>
        <time>2025-05-17T16:25:03Z</time>
      </trkpt>
      <trkpt lat="34.23413" lon="-118.19641">
        <ele>984.69</ele>
        <time>2025-05-17T16:25:10Z</time>
      </trkpt>
      <trkpt lat="34.2341" lon="-118.19642">
        <ele>984.52</ele>
        <time>2025-05-17T16:25:17Z</time>
      </trkpt>
      <trkpt lat="34.23407" lon="-118.19643">
        <ele>984.47</ele>
        <time>2025-05-17T16:25:20Z</time>
      </trkpt>
      <trkpt lat="34.23404" lon="-118.19644">
        <ele>984.72</ele>
        <time>2025-05-17T16:25:52Z</time>
      </trkpt>
      <trkpt lat="34.23402" lon="-118.19645">
        <ele>984.86</ele>
        <time>2025-05-17T16:26:33Z</time>
      </trkpt>
      <trkpt lat="34.234" lon="-118.19648">
        <ele>985.0</ele>
        <time>2025-05-17T16:26:38Z</time>
      </trkpt>
      <trkpt lat="34.23398" lon="-118.1965">
        <ele>985.01</ele>
        <time>2025-05-17T16:26:41Z</time>
      </trkpt>
      <trkpt lat="34.23396" lon="-118.19654">
        <ele>985.09</ele>
        <time>2025-05-17T16:26:45Z</time>
      </trkpt>
      <trkpt lat="34.23394" lon="-118.19656">
        <ele>985.07</ele>
        <time>2025-05-17T16:26:48Z</time>
      </trkpt>
      <trkpt lat="34.23392" lon="-118.1966">
        <ele>985.0</ele>
        <time>2025-05-17T16:26:51Z</time>
      </trkpt>
      <trkpt lat="34.2339" lon="-118.19663">
        <ele>985.0</ele>
        <time>2025-05-17T16:26:54Z</time>
      </trkpt>
      <trkpt lat="34.23388" lon="-118.19667">
        <ele>984.97</ele>
        <time>2025-05-17T16:26:57Z</time>
      </trkpt>
      <trkpt lat="34.23386" lon="-118.1967">
        <ele>984.75</ele>
        <time>2025-05-17T16:27:00Z</time>
      </trkpt>
      <trkpt lat="34.23383" lon="-118.19673">
        <ele>984.75</ele>
        <time>2025-05-17T16:27:03Z</time>
      </trkpt>
      <trkpt lat="34.23382" lon="-118.19676">
        <ele>984.74</ele>
        <time>2025-05-17T16:27:05Z</time>
      </trkpt>
      <trkpt lat="34.23379" lon="-118.19679">
        <ele>984.67</ele>
        <time>2025-05-17T16:27:08Z</time>
      </trkpt>
      <trkpt lat="34.23377" lon="-118.19683">
        <ele>984.24</ele>
        <time>2025-05-17T16:27:11Z</time>
      </trkpt>
      <trkpt lat="34.23374" lon="-118.19686">
        <ele>983.97</ele>
        <time>2025-05-17T16:27:14Z</time>
      </trkpt>
      <trkpt lat="34.23371" lon="-118.19688">
        <ele>983.98</ele>
        <time>2025-05-17T16:27:17Z</time>
      </trkpt>
      <trkpt lat="34.23368" lon="-118.19691">
        <ele>984.1</ele>
        <time>2025-05-17T16:27:20Z</time>
      </trkpt>
      <trkpt lat="34.23365" lon="-118.19694">
        <ele>984.03</ele>
        <time>2025-05-17T16:27:23Z</time>
      </trkpt>
      <trkpt lat="34.23362" lon="-118.19697">
        <ele>983.97</ele>
        <time>2025-05-17T16:27:26Z</time>
      </trkpt>
      <trkpt lat="34.23359" lon="-118.19699">
        <ele>984.23</ele>
        <time>2025-05-17T16:27:29Z</time>
      </trkpt>
      <trkpt lat="34.23356" lon="-118.19702">
        <ele>984.55</ele>
        <time>2025-05-17T16:27:32Z</time>
      </trkpt>
      <trkpt lat="34.23353" lon="-118.19705">
        <ele>984.75</ele>
        <time>2025-05-17T16:27:35Z</time>
      </trkpt>
      <trkpt lat="34.2335" lon="-118.19707">
        <ele>984.72</ele>
        <time>2025-05-17T16:27:38Z</time>
      </trkpt>
      <trkpt lat="34.23348" lon="-118.1971">
        <ele>984.6</ele>
        <time>2025-05-17T16:27:41Z</time>
      </trkpt>
      <trkpt lat="34.23345" lon="-118.19714">
        <ele>984.74</ele>
        <time>2025-05-17T16:27:44Z</time>
      </trkpt>
      <trkpt lat="34.23342" lon="-118.19716">
        <ele>985.06</ele>
        <time>2025-05-17T16:27:47Z</time>
      </trkpt>
      <trkpt lat="34.23339" lon="-118.19719">
        <ele>985.39</ele>
        <time>2025-05-17T16:27:50Z</time>
      </trkpt>
      <trkpt lat="34.23337" lon="-118.19723">
        <ele>985.6</ele>
        <time>2025-05-17T16:27:53Z</time>
      </trkpt>
      <trkpt lat="34.23334" lon="-118.19725">
        <ele>985.93</ele>
        <time>2025-05-17T16:27:56Z</time>
      </trkpt>
      <trkpt lat="34.23331" lon="-118.19728">
        <ele>986.25</ele>
        <time>2025-05-17T16:27:59Z</time>
      </trkpt>
      <trkpt lat="34.23329" lon="-118.19731">
        <ele>986.47</ele>
        <time>2025-05-17T16:28:02Z</time>
      </trkpt>
      <trkpt lat="34.23326" lon="-118.19732">
        <ele>986.79</ele>
        <time>2025-05-17T16:28:05Z</time>
      </trkpt>
      <trkpt lat="34.23323" lon="-118.19735">
        <ele>987.12</ele>
        <time>2025-05-17T16:28:08Z</time>
      </trkpt>
      <trkpt lat="34.2332" lon="-118.19738">
        <ele>987.44</ele>
        <time>2025-05-17T16:28:11Z</time>
      </trkpt>
      <trkpt lat="34.23318" lon="-118.19741">
        <ele>987.68</ele>
        <time>2025-05-17T16:28:14Z</time>
      </trkpt>
      <trkpt lat="34.23315" lon="-118.19744">
        <ele>988.33</ele>
        <time>2025-05-17T16:28:17Z</time>
      </trkpt>
      <trkpt lat="34.23313" lon="-118.19746">
        <ele>988.65</ele>
        <time>2025-05-17T16:28:20Z</time>
      </trkpt>
      <trkpt lat="34.2331" lon="-118.19748">
        <ele>988.9</ele>
        <time>2025-05-17T16:28:23Z</time>
      </trkpt>
      <trkpt lat="34.23307" lon="-118.1975">
        <ele>989.0</ele>
        <time>2025-05-17T16:28:26Z</time>
      </trkpt>
      <trkpt lat="34.23305" lon="-118.19752">
        <ele>989.32</ele>
        <time>2025-05-17T16:28:29Z</time>
      </trkpt>
      <trkpt lat="34.23303" lon="-118.19755">
        <ele>989.94</ele>
        <time>2025-05-17T16:28:32Z</time>
      </trkpt>
      <trkpt lat="34.233" lon="-118.19757">
        <ele>990.5</ele>
        <time>2025-05-17T16:28:35Z</time>
      </trkpt>
      <trkpt lat="34.23298" lon="-118.1976">
        <ele>990.83</ele>
        <time>2025-05-17T16:28:38Z</time>
      </trkpt>
      <trkpt lat="34.23296" lon="-118.19762">
        <ele>991.0</ele>
        <time>2025-05-17T16:28:41Z</time>
      </trkpt>
      <trkpt lat="34.23294" lon="-118.19765">
        <ele>991.0</ele>
        <time>2025-05-17T16:28:45Z</time>
      </trkpt>
      <trkpt lat="34.23292" lon="-118.19768">
        <ele>991.0</ele>
        <time>2025-05-17T16:28:48Z</time>
      </trkpt>
      <trkpt lat="34.23289" lon="-118.19771">
        <ele>991.06</ele>
        <time>2025-05-17T16:28:52Z</time>
      </trkpt>
      <trkpt lat="34.23287" lon="-118.19773">
        <ele>991.0</ele>
        <time>2025-05-17T16:28:55Z</time>
      </trkpt>
      <trkpt lat="34.23284" lon="-118.19774">
        <ele>990.81</ele>
        <time>2025-05-17T16:28:58Z</time>
      </trkpt>
      <trkpt lat="34.23282" lon="-118.19776">
        <ele>990.56</ele>
        <time>2025-05-17T16:29:03Z</time>
      </trkpt>
      <trkpt lat="34.23279" lon="-118.19776">
        <ele>990.3</ele>
        <time>2025-05-17T16:29:15Z</time>
      </trkpt>
      <trkpt lat="34.23276" lon="-118.19773">
        <ele>990.04</ele>
        <time>2025-05-17T16:29:19Z</time>
      </trkpt>
      <trkpt lat="34.23273" lon="-118.19772">
        <ele>989.4</ele>
        <time>2025-05-17T16:29:22Z</time>
      </trkpt>
      <trkpt lat="34.23271" lon="-118.1977">
        <ele>989.26</ele>
        <time>2025-05-17T16:29:25Z</time>
      </trkpt>
      <trkpt lat="34.23268" lon="-118.19767">
        <ele>989.17</ele>
        <time>2025-05-17T16:29:29Z</time>
      </trkpt>
      <trkpt lat="34.23266" lon="-118.19765">
        <ele>989.05</ele>
        <time>2025-05-17T16:29:33Z</time>
      </trkpt>
      <trkpt lat="34.23264" lon="-118.19762">
        <ele>989.29</ele>
        <time>2025-05-17T16:29:36Z</time>
      </trkpt>
      <trkpt lat="34.23263" lon="-118.19759">
        <ele>989.85</ele>
        <time>2025-05-17T16:29:52Z</time>
      </trkpt>
      <trkpt lat="34.23262" lon="-118.19756">
        <ele>990.19</ele>
        <time>2025-05-17T16:30:05Z</time>
      </trkpt>
      <trkpt lat="34.23259" lon="-118.19754">
        <ele>990.1</ele>
        <time>2025-05-17T16:30:14Z</time>
      </trkpt>
      <trkpt lat="34.23259" lon="-118.1975">
        <ele>990.97</ele>
        <time>2025-05-17T16:30:32Z</time>
      </trkpt>
      <trkpt lat="34.23262" lon="-118.19748">
        <ele>991.73</ele>
        <time>2025-05-17T16:30:52Z</time>
      </trkpt>
      <trkpt lat="34.23264" lon="-118.19746">
        <ele>992.38</ele>
        <time>2025-05-17T16:30:57Z</time>
      </trkpt>
      <trkpt lat="34.23265" lon="-118.19742">
        <ele>993.35</ele>
        <time>2025-05-17T16:32:02Z</time>
      </trkpt>
      <trkpt lat="34.23264" lon="-118.19738">
        <ele>993.81</ele>
        <time>2025-05-17T16:32:29Z</time>
      </trkpt>
      <trkpt lat="34.23261" lon="-118.1974">
        <ele>993.27</ele>
        <time>2025-05-17T16:32:36Z</time>
      </trkpt>
      <trkpt lat="34.23258" lon="-118.19741">
        <ele>992.68</ele>
        <time>2025-05-17T16:32:41Z</time>
      </trkpt>
      <trkpt lat="34.23255" lon="-118.19741">
        <ele>992.04</ele>
        <time>2025-05-17T16:32:45Z</time>
      </trkpt>
      <trkpt lat="34.23253" lon="-118.19741">
        <ele>991.61</ele>
        <time>2025-05-17T16:32:52Z</time>
      </trkpt>
      <trkpt lat="34.23255" lon="-118.19747">
        <ele>991.04</ele>
        <time>2025-05-17T16:41:06Z</time>
      </trkpt>
      <trkpt lat="34.23259" lon="-118.19752">
        <ele>990.53</ele>
        <time>2025-05-17T16:41:12Z</time>
      </trkpt>
      <trkpt lat="34.23262" lon="-118.19756">
        <ele>990.19</ele>
        <time>2025-05-17T16:41:17Z</time>
      </trkpt>
      <trkpt lat="34.23264" lon="-118.19759">
        <ele>990.07</ele>
        <time>2025-05-17T16:41:21Z</time>
      </trkpt>
      <trkpt lat="34.23267" lon="-118.19763">
        <ele>989.8</ele>
        <time>2025-05-17T16:41:25Z</time>
      </trkpt>
      <trkpt lat="34.23269" lon="-118.19767">
        <ele>989.41</ele>
        <time>2025-05-17T16:41:28Z</time>
      </trkpt>
      <trkpt lat="34.23271" lon="-118.19769">
        <ele>989.45</ele>
        <time>2025-05-17T16:41:30Z</time>
      </trkpt>
      <trkpt lat="34.23273" lon="-118.19772">
        <ele>989.4</ele>
        <time>2025-05-17T16:41:33Z</time>
      </trkpt>
      <trkpt lat="34.23276" lon="-118.19774">
        <ele>989.91</ele>
        <time>2025-05-17T16:41:37Z</time>
      </trkpt>
      <trkpt lat="34.23279" lon="-118.19775">
        <ele>990.39</ele>
        <time>2025-05-17T16:41:40Z</time>
      </trkpt>
      <trkpt lat="34.23282" lon="-118.19774">
        <ele>990.68</ele>
        <time>2025-05-17T16:41:43Z</time>
      </trkpt>
      <trkpt lat="34.23285" lon="-118.19773">
        <ele>990.89</ele>
        <time>2025-05-17T16:41:46Z</time>
      </trkpt>
      <trkpt lat="34.23288" lon="-118.19771">
        <ele>991.03</ele>
        <time>2025-05-17T16:41:49Z</time>
      </trkpt>
      <trkpt lat="34.2329" lon="-118.19769">
        <ele>991.02</ele>
        <time>2025-05-17T16:41:52Z</time>
      </trkpt>
      <trkpt lat="34.23293" lon="-118.19766">
        <ele>991.0</ele>
        <time>2025-05-17T16:41:55Z</time>
      </trkpt>
      <trkpt lat="34.23295" lon="-118.19764">
        <ele>991.0</ele>
        <time>2025-05-17T16:41:58Z</time>
      </trkpt>
      <trkpt lat="34.23298" lon="-118.1976">
        <ele>990.83</ele>
        <time>2025-05-17T16:42:01Z</time>
      </trkpt>
      <trkpt lat="34.233" lon="-118.19757">
        <ele>990.5</ele>
        <time>2025-05-17T16:42:04Z</time>
      </trkpt>
      <trkpt lat="34.23303" lon="-118.19755">
        <ele>989.94</ele>
        <time>2025-05-17T16:42:07Z</time>
      </trkpt>
      <trkpt lat="34.23306" lon="-118.19752">
        <ele>989.21</ele>
        <time>2025-05-17T16:42:10Z</time>
      </trkpt>
      <trkpt lat="34.23308" lon="-118.19748">
        <ele>988.94</ele>
        <time>2025-05-17T16:42:13Z</time>
      </trkpt>
      <trkpt lat="34.23311" lon="-118.19746">
        <ele>988.75</ele>
        <time>2025-05-17T16:42:16Z</time>
      </trkpt>
      <trkpt lat="34.23314" lon="-118.19742">
        <ele>988.21</ele>
        <time>2025-05-17T16:42:19Z</time>
      </trkpt>
      <trkpt lat="34.23317" lon="-118.1974">
        <ele>987.76</ele>
        <time>2025-05-17T16:42:22Z</time>
      </trkpt>
      <trkpt lat="34.2332" lon="-118.19737">
        <ele>987.44</ele>
        <time>2025-05-17T16:42:25Z</time>
      </trkpt>
      <trkpt lat="34.23322" lon="-118.19735">
        <ele>987.22</ele>
        <time>2025-05-17T16:42:28Z</time>
      </trkpt>
      <trkpt lat="34.23325" lon="-118.19733">
        <ele>986.9</ele>
        <time>2025-05-17T16:42:31Z</time>
      </trkpt>
      <trkpt lat="34.23327" lon="-118.19731">
        <ele>986.68</ele>
        <time>2025-05-17T16:42:33Z</time>
      </trkpt>
      <trkpt lat="34.2333" lon="-118.19728">
        <ele>986.36</ele>
        <time>2025-05-17T16:42:36Z</time>
      </trkpt>
      <trkpt lat="34.23333" lon="-118.19726">
        <ele>986.04</ele>
        <time>2025-05-17T16:42:39Z</time>
      </trkpt>
      <trkpt lat="34.23336" lon="-118.19723">
        <ele>985.71</ele>
        <time>2025-05-17T16:42:42Z</time>
      </trkpt>
      <trkpt lat="34.23338" lon="-118.19721">
        <ele>985.5</ele>
        <time>2025-05-17T16:42:44Z</time>
      </trkpt>
      <trkpt lat="34.23341" lon="-118.19718">
        <ele>985.17</ele>
        <time>2025-05-17T16:42:47Z</time>
      </trkpt>
      <trkpt lat="34.23344" lon="-118.19714">
        <ele>984.85</ele>
        <time>2025-05-17T16:42:50Z</time>
      </trkpt>
      <trkpt lat="34.23346" lon="-118.1971">
        <ele>984.75</ele>
        <time>2025-05-17T16:42:53Z</time>
      </trkpt>
      <trkpt lat="34.23349" lon="-118.19707">
        <ele>984.75</ele>
        <time>2025-05-17T16:42:56Z</time>
      </trkpt>
      <trkpt lat="34.23352" lon="-118.19705">
        <ele>984.85</ele>
        <time>2025-05-17T16:42:59Z</time>
      </trkpt>
      <trkpt lat="34.23355" lon="-118.19702">
        <ele>984.66</ele>
        <time>2025-05-17T16:43:02Z</time>
      </trkpt>
      <trkpt lat="34.23357" lon="-118.19699">
        <ele>984.44</ele>
        <time>2025-05-17T16:43:05Z</time>
      </trkpt>
      <trkpt lat="34.2336" lon="-118.19698">
        <ele>984.12</ele>
        <time>2025-05-17T16:43:08Z</time>
      </trkpt>
      <trkpt lat="34.23363" lon="-118.19695">
        <ele>983.99</ele>
        <time>2025-05-17T16:43:11Z</time>
      </trkpt>
      <trkpt lat="34.23366" lon="-118.19692">
        <ele>984.12</ele>
        <time>2025-05-17T16:43:14Z</time>
      </trkpt>
      <trkpt lat="34.23368" lon="-118.19689">
        <ele>984.15</ele>
        <time>2025-05-17T16:43:17Z</time>
      </trkpt>
      <trkpt lat="34.23371" lon="-118.19686">
        <ele>983.99</ele>
        <time>2025-05-17T16:43:20Z</time>
      </trkpt>
      <trkpt lat="34.23373" lon="-118.19684">
        <ele>984.13</ele>
        <time>2025-05-17T16:43:22Z</time>
      </trkpt>
      <trkpt lat="34.23376" lon="-118.19681">
        <ele>984.45</ele>
        <time>2025-05-17T16:43:25Z</time>
      </trkpt>
      <trkpt lat="34.23379" lon="-118.19678">
        <ele>984.78</ele>
        <time>2025-05-17T16:43:28Z</time>
      </trkpt>
      <trkpt lat="34.23381" lon="-118.19675">
        <ele>984.87</ele>
        <time>2025-05-17T16:43:31Z</time>
      </trkpt>
      <trkpt lat="34.23384" lon="-118.19672">
        <ele>984.73</ele>
        <time>2025-05-17T16:43:34Z</time>
      </trkpt>
      <trkpt lat="34.23386" lon="-118.19669">
        <ele>984.83</ele>
        <time>2025-05-17T16:43:37Z</time>
      </trkpt>
      <trkpt lat="34.23388" lon="-118.19665">
        <ele>985.02</ele>
        <time>2025-05-17T16:43:40Z</time>
      </trkpt>
      <trkpt lat="34.23389" lon="-118.19662">
        <ele>985.0</ele>
        <time>2025-05-17T16:43:43Z</time>
      </trkpt>
      <trkpt lat="34.23391" lon="-118.19658">
        <ele>985.0</ele>
        <time>2025-05-17T16:43:46Z</time>
      </trkpt>
      <trkpt lat="34.23393" lon="-118.19656">
        <ele>985.08</ele>
        <time>2025-05-17T16:43:48Z</time>
      </trkpt>
      <trkpt lat="34.23395" lon="-118.19652">
        <ele>985.2</ele>
        <time>2025-05-17T16:43:51Z</time>
      </trkpt>
      <trkpt lat="34.23397" lon="-118.1965">
        <ele>985.1</ele>
        <time>2025-05-17T16:43:54Z</time>
      </trkpt>
      <trkpt lat="34.23399" lon="-118.19647">
        <ele>984.99</ele>
        <time>2025-05-17T16:43:57Z</time>
      </trkpt>
      <trkpt lat="34.23402" lon="-118.19645">
        <ele>984.86</ele>
        <time>2025-05-17T16:44:00Z</time>
      </trkpt>
      <trkpt lat="34.23404" lon="-118.19643">
        <ele>984.65</ele>
        <time>2025-05-17T16:44:04Z</time>
      </trkpt>
      <trkpt lat="34.23406" lon="-118.19641">
        <ele>984.35</ele>
        <time>2025-05-17T16:44:07Z</time>
      </trkpt>
      <trkpt lat="34.23409" lon="-118.19639">
        <ele>984.18</ele>
        <time>2025-05-17T16:44:10Z</time>
      </trkpt>
      <trkpt lat="34.23412" lon="-118.19638">
        <ele>984.4</ele>
        <time>2025-05-17T16:44:13Z</time>
      </trkpt>
      <trkpt lat="34.23415" lon="-118.19637">
        <ele>984.62</ele>
        <time>2025-05-17T16:44:16Z</time>
      </trkpt>
      <trkpt lat="34.23418" lon="-118.19635">
        <ele>984.64</ele>
        <time>2025-05-17T16:44:20Z</time>
      </trkpt>
      <trkpt lat="34.23422" lon="-118.19634">
        <ele>984.78</ele>
        <time>2025-05-17T16:44:23Z</time>
      </trkpt>
      <trkpt lat="34.23425" lon="-118.19633">
        <ele>984.94</ele>
        <time>2025-05-17T16:44:26Z</time>
      </trkpt>
      <trkpt lat="34.23428" lon="-118.19632">
        <ele>985.22</ele>
        <time>2025-05-17T16:44:30Z</time>
      </trkpt>
      <trkpt lat="34.2343" lon="-118.19632">
        <ele>985.44</ele>
        <time>2025-05-17T16:44:34Z</time>
      </trkpt>
      <trkpt lat="34.23434" lon="-118.19632">
        <ele>985.87</ele>
        <time>2025-05-17T16:44:38Z</time>
      </trkpt>
      <trkpt lat="34.23436" lon="-118.1963">
        <ele>986.09</ele>
        <time>2025-05-17T16:44:41Z</time>
      </trkpt>
      <trkpt lat="34.23439" lon="-118.19629">
        <ele>986.37</ele>
        <time>2025-05-17T16:44:44Z</time>
      </trkpt>
      <trkpt lat="34.23442" lon="-118.19628">
        <ele>986.69</ele>
        <time>2025-05-17T16:44:47Z</time>
      </trkpt>
      <trkpt lat="34.23445" lon="-118.19627">
        <ele>987.16</ele>
        <time>2025-05-17T16:44:50Z</time>
      </trkpt>
      <trkpt lat="34.23448" lon="-118.19626">
        <ele>988.0</ele>
        <time>2025-05-17T16:44:53Z</time>
      </trkpt>
      <trkpt lat="34.23451" lon="-118.19625">
        <ele>988.77</ele>
        <time>2025-05-17T16:44:56Z</time>
      </trkpt>
      <trkpt lat="34.23454" lon="-118.19622">
        <ele>989.28</ele>
        <time>2025-05-17T16:45:00Z</time>
      </trkpt>
      <trkpt lat="34.23457" lon="-118.1962">
        <ele>990.03</ele>
        <time>2025-05-17T16:45:03Z</time>
      </trkpt>
      <trkpt lat="34.23458" lon="-118.19617">
        <ele>990.03</ele>
        <time>2025-05-17T16:45:13Z</time>
      </trkpt>
      <trkpt lat="34.2346" lon="-118.19614">
        <ele>990.35</ele>
        <time>2025-05-17T16:45:18Z</time>
      </trkpt>
      <trkpt lat="34.23463" lon="-118.19612">
        <ele>991.11</ele>
        <time>2025-05-17T16:45:22Z</time>
      </trkpt>
      <trkpt lat="34.23465" lon="-118.19609">
        <ele>991.56</ele>
        <time>2025-05-17T16:45:26Z</time>
      </trkpt>
      <trkpt lat="34.23467" lon="-118.19607">
        <ele>991.92</ele>
        <time>2025-05-17T16:45:30Z</time>
      </trkpt>
      <trkpt lat="34.23468" lon="-118.19604">
        <ele>991.8</ele>
        <time>2025-05-17T16:45:44Z</time>
      </trkpt>
      <trkpt lat="34.23472" lon="-118.19602">
        <ele>992.01</ele>
        <time>2025-05-17T16:46:14Z</time>
      </trkpt>
      <trkpt lat="34.23474" lon="-118.196">
        <ele>991.81</ele>
        <time>2025-05-17T16:46:18Z</time>
      </trkpt>
      <trkpt lat="34.23476" lon="-118.19597">
        <ele>991.59</ele>
        <time>2025-05-17T16:46:22Z</time>
      </trkpt>
      <trkpt lat="34.23476" lon="-118.19593">
        <ele>991.59</ele>
        <time>2025-05-17T16:46:25Z</time>
      </trkpt>
      <trkpt lat="34.23477" lon="-118.19589">
        <ele>991.48</ele>
        <time>2025-05-17T16:46:28Z</time>
      </trkpt>
      <trkpt lat="34.23477" lon="-118.19584">
        <ele>991.48</ele>
        <time>2025-05-17T16:46:31Z</time>
      </trkpt>
      <trkpt lat="34.23478" lon="-118.1958">
        <ele>991.38</ele>
        <time>2025-05-17T16:46:34Z</time>
      </trkpt>
      <trkpt lat="34.23479" lon="-118.19576">
        <ele>991.27</ele>
        <time>2025-05-17T16:46:37Z</time>
      </trkpt>
      <trkpt lat="34.23479" lon="-118.19572">
        <ele>991.49</ele>
        <time>2025-05-17T16:46:40Z</time>
      </trkpt>
      <trkpt lat="34.2348" lon="-118.19568">
        <ele>991.82</ele>
        <time>2025-05-17T16:46:43Z</time>
      </trkpt>
      <trkpt lat="34.23481" lon="-118.19564">
        <ele>992.05</ele>
        <time>2025-05-17T16:46:46Z</time>
      </trkpt>
      <trkpt lat="34.23482" lon="-118.19561">
        <ele>991.86</ele>
        <time>2025-05-17T16:46:48Z</time>
      </trkpt>
      <trkpt lat="34.23484" lon="-118.19557">
        <ele>991.41</ele>
        <time>2025-05-17T16:46:51Z</time>
      </trkpt>
      <trkpt lat="34.23485" lon="-118.19553">
        <ele>991.14</ele>
        <time>2025-05-17T16:46:54Z</time>
      </trkpt>
      <trkpt lat="34.23486" lon="-118.19549">
        <ele>990.68</ele>
        <time>2025-05-17T16:46:57Z</time>
      </trkpt>
      <trkpt lat="34.23487" lon="-118.19546">
        <ele>990.18</ele>
        <time>2025-05-17T16:47:00Z</time>
      </trkpt>
      <trkpt lat="34.23488" lon="-118.19541">
        <ele>989.32</ele>
        <time>2025-05-17T16:47:03Z</time>
      </trkpt>
      <trkpt lat="34.23489" lon="-118.19537">
        <ele>988.56</ele>
        <time>2025-05-17T16:47:06Z</time>
      </trkpt>
      <trkpt lat="34.2349" lon="-118.19534">
        <ele>988.24</ele>
        <time>2025-05-17T16:47:09Z</time>
      </trkpt>
      <trkpt lat="34.23491" lon="-118.19529">
        <ele>987.92</ele>
        <time>2025-05-17T16:47:13Z</time>
      </trkpt>
      <trkpt lat="34.23491" lon="-118.19525">
        <ele>987.62</ele>
        <time>2025-05-17T16:47:16Z</time>
      </trkpt>
      <trkpt lat="34.2349" lon="-118.19521">
        <ele>987.51</ele>
        <time>2025-05-17T16:47:19Z</time>
      </trkpt>
      <trkpt lat="34.2349" lon="-118.19517">
        <ele>987.08</ele>
        <time>2025-05-17T16:47:22Z</time>
      </trkpt>
      <trkpt lat="34.23489" lon="-118.19513">
        <ele>986.97</ele>
        <time>2025-05-17T16:47:25Z</time>
      </trkpt>
      <trkpt lat="34.23488" lon="-118.1951">
        <ele>986.97</ele>
        <time>2025-05-17T16:47:28Z</time>
      </trkpt>
      <trkpt lat="34.23486" lon="-118.19506">
        <ele>987.0</ele>
        <time>2025-05-17T16:47:31Z</time>
      </trkpt>
      <trkpt lat="34.23484" lon="-118.19503">
        <ele>987.02</ele>
        <time>2025-05-17T16:47:34Z</time>
      </trkpt>
      <trkpt lat="34.23482" lon="-118.19499">
        <ele>986.67</ele>
        <time>2025-05-17T16:47:38Z</time>
      </trkpt>
      <trkpt lat="34.23479" lon="-118.19496">
        <ele>986.67</ele>
        <time>2025-05-17T16:47:41Z</time>
      </trkpt>
      <trkpt lat="34.23478" lon="-118.19493">
        <ele>986.24</ele>
        <time>2025-05-17T16:47:44Z</time>
      </trkpt>
      <trkpt lat="34.23476" lon="-118.1949">
        <ele>986.02</ele>
        <time>2025-05-17T16:47:47Z</time>
      </trkpt>
      <trkpt lat="34.23474" lon="-118.19487">
        <ele>985.81</ele>
        <time>2025-05-17T16:47:49Z</time>
      </trkpt>
      <trkpt lat="34.23472" lon="-118.19485">
        <ele>985.7</ele>
        <time>2025-05-17T16:47:52Z</time>
      </trkpt>
      <trkpt lat="34.23469" lon="-118.19482">
        <ele>984.4</ele>
        <time>2025-05-17T16:47:55Z</time>
      </trkpt>
      <trkpt lat="34.23467" lon="-118.19478">
        <ele>983.5</ele>
        <time>2025-05-17T16:47:58Z</time>
      </trkpt>
      <trkpt lat="34.23465" lon="-118.19475">
        <ele>982.74</ele>
        <time>2025-05-17T16:48:01Z</time>
      </trkpt>
      <trkpt lat="34.23463" lon="-118.1947">
        <ele>982.01</ele>
        <time>2025-05-17T16:48:04Z</time>
      </trkpt>
      <trkpt lat="34.23462" lon="-118.19466">
        <ele>981.55</ele>
        <time>2025-05-17T16:48:07Z</time>
      </trkpt>
      <trkpt lat="34.23462" lon="-118.19462">
        <ele>981.58</ele>
        <time>2025-05-17T16:48:10Z</time>
      </trkpt>
      <trkpt lat="34.23463" lon="-118.19458">
        <ele>982.0</ele>
        <time>2025-05-17T16:48:13Z</time>
      </trkpt>
      <trkpt lat="34.23464" lon="-118.19454">
        <ele>981.89</ele>
        <time>2025-05-17T16:48:15Z</time>
      </trkpt>
      <trkpt lat="34.23465" lon="-118.1945">
        <ele>981.78</ele>
        <time>2025-05-17T16:48:18Z</time>
      </trkpt>
      <trkpt lat="34.23466" lon="-118.19445">
        <ele>981.67</ele>
        <time>2025-05-17T16:48:21Z</time>
      </trkpt>
      <trkpt lat="34.23468" lon="-118.19441">
        <ele>981.83</ele>
        <time>2025-05-17T16:48:24Z</time>
      </trkpt>
      <trkpt lat="34.2347" lon="-118.19437">
        <ele>982.04</ele>
        <time>2025-05-17T16:48:27Z</time>
      </trkpt>
      <trkpt lat="34.23472" lon="-118.19434">
        <ele>982.15</ele>
        <time>2025-05-17T16:48:30Z</time>
      </trkpt>
      <trkpt lat="34.23474" lon="-118.1943">
        <ele>982.09</ele>
        <time>2025-05-17T16:48:33Z</time>
      </trkpt>
      <trkpt lat="34.23476" lon="-118.19427">
        <ele>982.02</ele>
        <time>2025-05-17T16:48:36Z</time>
      </trkpt>
      <trkpt lat="34.23478" lon="-118.19423">
        <ele>982.27</ele>
        <time>2025-05-17T16:48:39Z</time>
      </trkpt>
      <trkpt lat="34.2348" lon="-118.1942">
        <ele>982.5</ele>
        <time>2025-05-17T16:48:42Z</time>
      </trkpt>
      <trkpt lat="34.23481" lon="-118.19415">
        <ele>983.05</ele>
        <time>2025-05-17T16:48:45Z</time>
      </trkpt>
      <trkpt lat="34.23481" lon="-118.19411">
        <ele>983.05</ele>
        <time>2025-05-17T16:48:48Z</time>
      </trkpt>
      <trkpt lat="34.23482" lon="-118.19407">
        <ele>982.68</ele>
        <time>2025-05-17T16:48:51Z</time>
      </trkpt>
      <trkpt lat="34.23482" lon="-118.19403">
        <ele>982.27</ele>
        <time>2025-05-17T16:48:54Z</time>
      </trkpt>
      <trkpt lat="34.23483" lon="-118.19399">
        <ele>981.42</ele>
        <time>2025-05-17T16:48:57Z</time>
      </trkpt>
      <trkpt lat="34.23483" lon="-118.19396">
        <ele>981.11</ele>
        <time>2025-05-17T16:48:59Z</time>
      </trkpt>
      <trkpt lat="34.23483" lon="-118.19391">
        <ele>980.57</ele>
        <time>2025-05-17T16:49:02Z</time>
      </trkpt>
      <trkpt lat="34.23483" lon="-118.19387">
        <ele>980.14</ele>
        <time>2025-05-17T16:49:05Z</time>
      </trkpt>
      <trkpt lat="34.23484" lon="-118.19382">
        <ele>979.17</ele>
        <time>2025-05-17T16:49:08Z</time>
      </trkpt>
      <trkpt lat="34.23485" lon="-118.19378">
        <ele>978.3</ele>
        <time>2025-05-17T16:49:11Z</time>
      </trkpt>
      <trkpt lat="34.23486" lon="-118.19373">
        <ele>977.33</ele>
        <time>2025-05-17T16:49:14Z</time>
      </trkpt>
      <trkpt lat="34.23486" lon="-118.19368">
        <ele>977.05</ele>
        <time>2025-05-17T16:49:17Z</time>
      </trkpt>
      <trkpt lat="34.23486" lon="-118.19365">
        <ele>977.05</ele>
        <time>2025-05-17T16:49:19Z</time>
      </trkpt>
      <trkpt lat="34.23487" lon="-118.19361">
        <ele>976.61</ele>
        <time>2025-05-17T16:49:22Z</time>
      </trkpt>
      <trkpt lat="34.23488" lon="-118.19358">
        <ele>976.08</ele>
        <time>2025-05-17T16:49:25Z</time>
      </trkpt>
      <trkpt lat="34.2349" lon="-118.19354">
        <ele>975.26</ele>
        <time>2025-05-17T16:49:28Z</time>
      </trkpt>
      <trkpt lat="34.23491" lon="-118.1935">
        <ele>974.87</ele>
        <time>2025-05-17T16:49:31Z</time>
      </trkpt>
      <trkpt lat="34.23493" lon="-118.19347">
        <ele>973.91</ele>
        <time>2025-05-17T16:49:34Z</time>
      </trkpt>
      <trkpt lat="34.23494" lon="-118.19343">
        <ele>973.58</ele>
        <time>2025-05-17T16:49:37Z</time>
      </trkpt>
      <trkpt lat="34.23495" lon="-118.19339">
        <ele>972.95</ele>
        <time>2025-05-17T16:49:40Z</time>
      </trkpt>
      <trkpt lat="34.23497" lon="-118.19335">
        <ele>972.03</ele>
        <time>2025-05-17T16:49:43Z</time>
      </trkpt>
      <trkpt lat="34.23498" lon="-118.19331">
        <ele>971.4</ele>
        <time>2025-05-17T16:49:46Z</time>
      </trkpt>
      <trkpt lat="34.23499" lon="-118.19327">
        <ele>970.64</ele>
        <time>2025-05-17T16:49:49Z</time>
      </trkpt>
      <trkpt lat="34.235" lon="-118.19323">
        <ele>970.0</ele>
        <time>2025-05-17T16:49:52Z</time>
      </trkpt>
      <trkpt lat="34.235" lon="-118.19319">
        <ele>970.0</ele>
        <time>2025-05-17T16:49:55Z</time>
      </trkpt>
      <trkpt lat="34.23501" lon="-118.19315">
        <ele>969.68</ele>
        <time>2025-05-17T16:49:58Z</time>
      </trkpt>
      <trkpt lat="34.23501" lon="-118.19311">
        <ele>969.31</ele>
        <time>2025-05-17T16:50:00Z</time>
      </trkpt>
      <trkpt lat="34.23501" lon="-118.19307">
        <ele>968.92</ele>
        <time>2025-05-17T16:50:03Z</time>
      </trkpt>
      <trkpt lat="34.23501" lon="-118.19302">
        <ele>968.74</ele>
        <time>2025-05-17T16:50:06Z</time>
      </trkpt>
      <trkpt lat="34.23501" lon="-118.19298">
        <ele>968.7</ele>
        <time>2025-05-17T16:50:09Z</time>
      </trkpt>
      <trkpt lat="34.23501" lon="-118.19293">
        <ele>968.36</ele>
        <time>2025-05-17T16:50:12Z</time>
      </trkpt>
      <trkpt lat="34.235" lon="-118.1929">
        <ele>968.32</ele>
        <time>2025-05-17T16:50:15Z</time>
      </trkpt>
      <trkpt lat="34.23499" lon="-118.19286">
        <ele>968.11</ele>
        <time>2025-05-17T16:50:18Z</time>
      </trkpt>
      <trkpt lat="34.23497" lon="-118.19283">
        <ele>968.32</ele>
        <time>2025-05-17T16:50:22Z</time>
      </trkpt>
      <trkpt lat="34.23494" lon="-118.19281">
        <ele>968.65</ele>
        <time>2025-05-17T16:50:25Z</time>
      </trkpt>
      <trkpt lat="34.2349" lon="-118.19281">
        <ele>968.79</ele>
        <time>2025-05-17T16:50:28Z</time>
      </trkpt>
      <trkpt lat="34.23487" lon="-118.19282">
        <ele>967.97</ele>
        <time>2025-05-17T16:50:31Z</time>
      </trkpt>
      <trkpt lat="34.23484" lon="-118.19282">
        <ele>967.15</ele>
        <time>2025-05-17T16:50:34Z</time>
      </trkpt>
      <trkpt lat="34.23481" lon="-118.19284">
        <ele>966.46</ele>
        <time>2025-05-17T16:50:37Z</time>
      </trkpt>
      <trkpt lat="34.23477" lon="-118.19286">
        <ele>964.95</ele>
        <time>2025-05-17T16:50:40Z</time>
      </trkpt>
      <trkpt lat="34.23475" lon="-118.19288">
        <ele>964.2</ele>
        <time>2025-05-17T16:50:43Z</time>
      </trkpt>
      <trkpt lat="34.23471" lon="-118.19291">
        <ele>962.4</ele>
        <time>2025-05-17T16:50:46Z</time>
      </trkpt>
      <trkpt lat="34.23469" lon="-118.19292">
        <ele>961.45</ele>
        <time>2025-05-17T16:50:49Z</time>
      </trkpt>
      <trkpt lat="34.23466" lon="-118.19294">
        <ele>960.15</ele>
        <time>2025-05-17T16:50:52Z</time>
      </trkpt>
      <trkpt lat="34.23464" lon="-118.19297">
        <ele>959.52</ele>
        <time>2025-05-17T16:50:55Z</time>
      </trkpt>
      <trkpt lat="34.23462" lon="-118.193">
        <ele>959.05</ele>
        <time>2025-05-17T16:50:58Z</time>
      </trkpt>
      <trkpt lat="34.23461" lon="-118.19303">
        <ele>958.93</ele>
        <time>2025-05-17T16:51:01Z</time>
      </trkpt>
      <trkpt lat="34.23461" lon="-118.19307">
        <ele>959.27</ele>
        <time>2025-05-17T16:51:04Z</time>
      </trkpt>
      <trkpt lat="34.2346" lon="-118.19312">
        <ele>959.19</ele>
        <time>2025-05-17T16:51:06Z</time>
      </trkpt>
      <trkpt lat="34.23459" lon="-118.19316">
        <ele>958.91</ele>
        <time>2025-05-17T16:51:09Z</time>
      </trkpt>
      <trkpt lat="34.23459" lon="-118.1932">
        <ele>959.1</ele>
        <time>2025-05-17T16:51:12Z</time>
      </trkpt>
      <trkpt lat="34.23457" lon="-118.19324">
        <ele>958.42</ele>
        <time>2025-05-17T16:51:15Z</time>
      </trkpt>
      <trkpt lat="34.23455" lon="-118.19328">
        <ele>958.04</ele>
        <time>2025-05-17T16:51:18Z</time>
      </trkpt>
      <trkpt lat="34.23454" lon="-118.19332">
        <ele>958.01</ele>
        <time>2025-05-17T16:51:21Z</time>
      </trkpt>
      <trkpt lat="34.23452" lon="-118.19337">
        <ele>958.56</ele>
        <time>2025-05-17T16:51:24Z</time>
      </trkpt>
      <trkpt lat="34.2345" lon="-118.1934">
        <ele>958.67</ele>
        <time>2025-05-17T16:51:27Z</time>
      </trkpt>
      <trkpt lat="34.23448" lon="-118.19343">
        <ele>958.68</ele>
        <time>2025-05-17T16:51:30Z</time>
      </trkpt>
      <trkpt lat="34.23445" lon="-118.19346">
        <ele>958.37</ele>
        <time>2025-05-17T16:51:33Z</time>
      </trkpt>
      <trkpt lat="34.23443" lon="-118.19349">
        <ele>958.66</ele>
        <time>2025-05-17T16:51:36Z</time>
      </trkpt>
      <trkpt lat="34.2344" lon="-118.19352">
        <ele>958.61</ele>
        <time>2025-05-17T16:51:39Z</time>
      </trkpt>
      <trkpt lat="34.23438" lon="-118.19354">
        <ele>958.52</ele>
        <time>2025-05-17T16:51:42Z</time>
      </trkpt>
      <trkpt lat="34.23436" lon="-118.19357">
        <ele>958.47</ele>
        <time>2025-05-17T16:51:44Z</time>
      </trkpt>
      <trkpt lat="34.23434" lon="-118.1936">
        <ele>958.26</ele>
        <time>2025-05-17T16:51:47Z</time>
      </trkpt>
      <trkpt lat="34.23432" lon="-118.19363">
        <ele>957.83</ele>
        <time>2025-05-17T16:51:50Z</time>
      </trkpt>
      <trkpt lat="34.2343" lon="-118.19366">
        <ele>957.29</ele>
        <time>2025-05-17T16:51:53Z</time>
      </trkpt>
      <trkpt lat="34.23429" lon="-118.1937">
        <ele>957.29</ele>
        <time>2025-05-17T16:51:56Z</time>
      </trkpt>
      <trkpt lat="34.23428" lon="-118.19374">
        <ele>956.9</ele>
        <time>2025-05-17T16:51:59Z</time>
      </trkpt>
      <trkpt lat="34.23428" lon="-118.19377">
        <ele>956.9</ele>
        <time>2025-05-17T16:52:04Z</time>
      </trkpt>
      <trkpt lat="34.23427" lon="-118.19381">
        <ele>956.59</ele>
        <time>2025-05-17T16:52:08Z</time>
      </trkpt>
      <trkpt lat="34.23427" lon="-118.19385">
        <ele>956.98</ele>
        <time>2025-05-17T16:52:11Z</time>
      </trkpt>
      <trkpt lat="34.23426" lon="-118.1939">
        <ele>957.02</ele>
        <time>2025-05-17T16:52:14Z</time>
      </trkpt>
      <trkpt lat="34.23427" lon="-118.19394">
        <ele>957.35</ele>
        <time>2025-05-17T16:52:17Z</time>
      </trkpt>
      <trkpt lat="34.23427" lon="-118.19398">
        <ele>957.35</ele>
        <time>2025-05-17T16:52:20Z</time>
      </trkpt>
      <trkpt lat="34.23427" lon="-118.19402">
        <ele>957.4</ele>
        <time>2025-05-17T16:52:23Z</time>
      </trkpt>
      <trkpt lat="34.23427" lon="-118.19406">
        <ele>957.45</ele>
        <time>2025-05-17T16:52:26Z</time>
      </trkpt>
      <trkpt lat="34.23427" lon="-118.1941">
        <ele>957.78</ele>
        <time>2025-05-17T16:52:29Z</time>
      </trkpt>
      <trkpt lat="34.23427" lon="-118.19416">
        <ele>958.5</ele>
        <time>2025-05-17T16:52:33Z</time>
      </trkpt>
      <trkpt lat="34.23426" lon="-118.19419">
        <ele>958.29</ele>
        <time>2025-05-17T16:52:36Z</time>
      </trkpt>
      <trkpt lat="34.23426" lon="-118.19422">
        <ele>958.62</ele>
        <time>2025-05-17T16:52:39Z</time>
      </trkpt>
      <trkpt lat="34.23426" lon="-118.19427">
        <ele>959.05</ele>
        <time>2025-05-17T16:52:42Z</time>
      </trkpt>
      <trkpt lat="34.23425" lon="-118.19431">
        <ele>958.6</ele>
        <time>2025-05-17T16:52:45Z</time>
      </trkpt>
      <trkpt lat="34.23425" lon="-118.19435">
        <ele>958.6</ele>
        <time>2025-05-17T16:52:48Z</time>
      </trkpt>
      <trkpt lat="34.23425" lon="-118.19439">
        <ele>958.6</ele>
        <time>2025-05-17T16:52:50Z</time>
      </trkpt>
      <trkpt lat="34.23424" lon="-118.19443">
        <ele>958.17</ele>
        <time>2025-05-17T16:52:53Z</time>
      </trkpt>
      <trkpt lat="34.23424" lon="-118.19447">
        <ele>958.17</ele>
        <time>2025-05-17T16:52:56Z</time>
      </trkpt>
      <trkpt lat="34.23425" lon="-118.19451">
        <ele>958.6</ele>
        <time>2025-05-17T16:52:59Z</time>
      </trkpt>
      <trkpt lat="34.23425" lon="-118.19455">
        <ele>958.46</ele>
        <time>2025-05-17T16:53:02Z</time>
      </trkpt>
      <trkpt lat="34.23425" lon="-118.19459">
        <ele>958.03</ele>
        <time>2025-05-17T16:53:05Z</time>
      </trkpt>
      <trkpt lat="34.23426" lon="-118.19463">
        <ele>958.05</ele>
        <time>2025-05-17T16:53:08Z</time>
      </trkpt>
      <trkpt lat="34.23426" lon="-118.19467">
        <ele>958.04</ele>
        <time>2025-05-17T16:53:11Z</time>
      </trkpt>
      <trkpt lat="34.23426" lon="-118.19471">
        <ele>958.04</ele>
        <time>2025-05-17T16:53:14Z</time>
      </trkpt>
      <trkpt lat="34.23427" lon="-118.19475">
        <ele>958.28</ele>
        <time>2025-05-17T16:53:17Z</time>
      </trkpt>
      <trkpt lat="34.23427" lon="-118.19479">
        <ele>957.85</ele>
        <time>2025-05-17T16:53:20Z</time>
      </trkpt>
      <trkpt lat="34.23427" lon="-118.19482">
        <ele>957.47</ele>
        <time>2025-05-17T16:53:23Z</time>
      </trkpt>
      <trkpt lat="34.23428" lon="-118.19486">
        <ele>957.25</ele>
        <time>2025-05-17T16:53:26Z</time>
      </trkpt>
      <trkpt lat="34.23428" lon="-118.1949">
        <ele>956.49</ele>
        <time>2025-05-17T16:53:28Z</time>
      </trkpt>
      <trkpt lat="34.23428" lon="-118.19493">
        <ele>956.1</ele>
        <time>2025-05-17T16:53:30Z</time>
      </trkpt>
      <trkpt lat="34.23428" lon="-118.19497">
        <ele>955.67</ele>
        <time>2025-05-17T16:53:33Z</time>
      </trkpt>
      <trkpt lat="34.23428" lon="-118.19501">
        <ele>955.21</ele>
        <time>2025-05-17T16:53:36Z</time>
      </trkpt>
      <trkpt lat="34.23428" lon="-118.19505">
        <ele>954.68</ele>
        <time>2025-05-17T16:53:39Z</time>
      </trkpt>
      <trkpt lat="34.23427" lon="-118.19509">
        <ele>953.61</ele>
        <time>2025-05-17T16:53:42Z</time>
      </trkpt>
      <trkpt lat="34.23426" lon="-118.19512">
        <ele>952.45</ele>
        <time>2025-05-17T16:53:44Z</time>
      </trkpt>
      <trkpt lat="34.23424" lon="-118.19515">
        <ele>951.06</ele>
        <time>2025-05-17T16:53:46Z</time>
      </trkpt>
      <trkpt lat="34.23422" lon="-118.19517">
        <ele>949.99</ele>
        <time>2025-05-17T16:53:50Z</time>
      </trkpt>
      <trkpt lat="34.23419" lon="-118.19519">
        <ele>948.83</ele>
        <time>2025-05-17T16:53:55Z</time>
      </trkpt>
      <trkpt lat="34.23416" lon="-118.1952">
        <ele>948.32</ele>
        <time>2025-05-17T16:54:00Z</time>
      </trkpt>
      <trkpt lat="34.23413" lon="-118.1952">
        <ele>948.32</ele>
        <time>2025-05-17T16:54:03Z</time>
      </trkpt>
      <trkpt lat="34.2341" lon="-118.1952">
        <ele>948.32</ele>
        <time>2025-05-17T16:54:07Z</time>
      </trkpt>
      <trkpt lat="34.23407" lon="-118.19519">
        <ele>948.11</ele>
        <time>2025-05-17T16:54:10Z</time>
      </trkpt>
      <trkpt lat="34.23404" lon="-118.19516">
        <ele>947.63</ele>
        <time>2025-05-17T16:54:13Z</time>
      </trkpt>
      <trkpt lat="34.23402" lon="-118.19514">
        <ele>947.23</ele>
        <time>2025-05-17T16:54:15Z</time>
      </trkpt>
      <trkpt lat="34.23399" lon="-118.19511">
        <ele>946.45</ele>
        <time>2025-05-17T16:54:18Z</time>
      </trkpt>
      <trkpt lat="34.23396" lon="-118.19508">
        <ele>946.4</ele>
        <time>2025-05-17T16:54:21Z</time>
      </trkpt>
      <trkpt lat="34.23394" lon="-118.19504">
        <ele>946.39</ele>
        <time>2025-05-17T16:54:24Z</time>
      </trkpt>
      <trkpt lat="34.23393" lon="-118.19499">
        <ele>945.94</ele>
        <time>2025-05-17T16:54:27Z</time>
      </trkpt>
      <trkpt lat="34.23391" lon="-118.19495">
        <ele>945.58</ele>
        <time>2025-05-17T16:54:30Z</time>
      </trkpt>
      <trkpt lat="34.2339" lon="-118.19491">
        <ele>945.14</ele>
        <time>2025-05-17T16:54:33Z</time>
      </trkpt>
      <trkpt lat="34.23389" lon="-118.19486">
        <ele>945.01</ele>
        <time>2025-05-17T16:54:36Z</time>
      </trkpt>
      <trkpt lat="34.23388" lon="-118.19482">
        <ele>945.39</ele>
        <time>2025-05-17T16:54:39Z</time>
      </trkpt>
      <trkpt lat="34.23387" lon="-118.19478">
        <ele>945.74</ele>
        <time>2025-05-17T16:54:42Z</time>
      </trkpt>
      <trkpt lat="34.23386" lon="-118.19474">
        <ele>946.0</ele>
        <time>2025-05-17T16:54:45Z</time>
      </trkpt>
      <trkpt lat="34.23385" lon="-118.1947">
        <ele>946.02</ele>
        <time>2025-05-17T16:54:48Z</time>
      </trkpt>
      <trkpt lat="34.23384" lon="-118.19467">
        <ele>946.02</ele>
        <time>2025-05-17T16:54:51Z</time>
      </trkpt>
      <trkpt lat="34.23383" lon="-118.19463">
        <ele>945.91</ele>
        <time>2025-05-17T16:54:53Z</time>
      </trkpt>
      <trkpt lat="34.23382" lon="-118.19459">
        <ele>945.38</ele>
        <time>2025-05-17T16:54:56Z</time>
      </trkpt>
      <trkpt lat="34.23381" lon="-118.19455">
        <ele>944.84</ele>
        <time>2025-05-17T16:54:58Z</time>
      </trkpt>
      <trkpt lat="34.23379" lon="-118.19452">
        <ele>945.21</ele>
        <time>2025-05-17T16:55:00Z</time>
      </trkpt>
      <trkpt lat="34.23378" lon="-118.19449">
        <ele>945.46</ele>
        <time>2025-05-17T16:55:02Z</time>
      </trkpt>
      <trkpt lat="34.23376" lon="-118.19446">
        <ele>946.19</ele>
        <time>2025-05-17T16:55:05Z</time>
      </trkpt>
      <trkpt lat="34.23375" lon="-118.19442">
        <ele>945.84</ele>
        <time>2025-05-17T16:55:08Z</time>
      </trkpt>
      <trkpt lat="34.23375" lon="-118.19438">
        <ele>944.76</ele>
        <time>2025-05-17T16:55:10Z</time>
      </trkpt>
      <trkpt lat="34.23374" lon="-118.19434">
        <ele>944.05</ele>
        <time>2025-05-17T16:55:12Z</time>
      </trkpt>
      <trkpt lat="34.23373" lon="-118.1943">
        <ele>943.18</ele>
        <time>2025-05-17T16:55:15Z</time>
      </trkpt>
      <trkpt lat="34.23372" lon="-118.19427">
        <ele>942.64</ele>
        <time>2025-05-17T16:55:17Z</time>
      </trkpt>
      <trkpt lat="34.23371" lon="-118.19423">
        <ele>941.44</ele>
        <time>2025-05-17T16:55:20Z</time>
      </trkpt>
      <trkpt lat="34.2337" lon="-118.19419">
        <ele>940.22</ele>
        <time>2025-05-17T16:55:23Z</time>
      </trkpt>
      <trkpt lat="34.23368" lon="-118.19416">
        <ele>939.97</ele>
        <time>2025-05-17T16:55:27Z</time>
      </trkpt>
      <trkpt lat="34.23367" lon="-118.19411">
        <ele>938.15</ele>
        <time>2025-05-17T16:55:30Z</time>
      </trkpt>
      <trkpt lat="34.23366" lon="-118.19408">
        <ele>937.17</ele>
        <time>2025-05-17T16:55:32Z</time>
      </trkpt>
      <trkpt lat="34.23364" lon="-118.19404">
        <ele>936.65</ele>
        <time>2025-05-17T16:55:35Z</time>
      </trkpt>
      <trkpt lat="34.23362" lon="-118.194">
        <ele>936.22</ele>
        <time>2025-05-17T16:55:38Z</time>
      </trkpt>
      <trkpt lat="34.2336" lon="-118.19396">
        <ele>935.99</ele>
        <time>2025-05-17T16:55:41Z</time>
      </trkpt>
      <trkpt lat="34.23359" lon="-118.19392">
        <ele>935.43</ele>
        <time>2025-05-17T16:55:44Z</time>
      </trkpt>
      <trkpt lat="34.23358" lon="-118.19388">
        <ele>934.85</ele>
        <time>2025-05-17T16:55:48Z</time>
      </trkpt>
      <trkpt lat="34.23356" lon="-118.19386">
        <ele>935.2</ele>
        <time>2025-05-17T16:55:59Z</time>
      </trkpt>
      <trkpt lat="34.23355" lon="-118.19382">
        <ele>934.98</ele>
        <time>2025-05-17T16:56:02Z</time>
      </trkpt>
      <trkpt lat="34.23353" lon="-118.19377">
        <ele>934.94</ele>
        <time>2025-05-17T16:56:05Z</time>
      </trkpt>
      <trkpt lat="34.23352" lon="-118.19373">
        <ele>934.5</ele>
        <time>2025-05-17T16:56:08Z</time>
      </trkpt>
      <trkpt lat="34.23349" lon="-118.19369">
        <ele>934.63</ele>
        <time>2025-05-17T16:56:47Z</time>
      </trkpt>
      <trkpt lat="34.23347" lon="-118.19365">
        <ele>934.41</ele>
        <time>2025-05-17T16:56:50Z</time>
      </trkpt>
      <trkpt lat="34.23345" lon="-118.19361">
        <ele>934.2</ele>
        <time>2025-05-17T16:56:53Z</time>
      </trkpt>
      <trkpt lat="34.23342" lon="-118.1936">
        <ele>934.88</ele>
        <time>2025-05-17T16:56:56Z</time>
      </trkpt>
      <trkpt lat="34.23338" lon="-118.19359">
        <ele>935.42</ele>
        <time>2025-05-17T16:56:59Z</time>
      </trkpt>
      <trkpt lat="34.23335" lon="-118.19359">
        <ele>936.0</ele>
        <time>2025-05-17T16:57:01Z</time>
      </trkpt>
      <trkpt lat="34.23332" lon="-118.19358">
        <ele>936.09</ele>
        <time>2025-05-17T16:57:04Z</time>
      </trkpt>
      <trkpt lat="34.23328" lon="-118.19358">
        <ele>936.37</ele>
        <time>2025-05-17T16:57:07Z</time>
      </trkpt>
      <trkpt lat="34.23326" lon="-118.19358">
        <ele>936.52</ele>
        <time>2025-05-17T16:57:10Z</time>
      </trkpt>
      <trkpt lat="34.23322" lon="-118.19356">
        <ele>936.02</ele>
        <time>2025-05-17T16:57:13Z</time>
      </trkpt>
      <trkpt lat="34.23318" lon="-118.19354">
        <ele>935.58</ele>
        <time>2025-05-17T16:57:16Z</time>
      </trkpt>
      <trkpt lat="34.23316" lon="-118.19352">
        <ele>934.94</ele>
        <time>2025-05-17T16:57:21Z</time>
      </trkpt>
      <trkpt lat="34.23316" lon="-118.19349">
        <ele>933.68</ele>
        <time>2025-05-17T16:57:26Z</time>
      </trkpt>
      <trkpt lat="34.23312" lon="-118.19348">
        <ele>933.64</ele>
        <time>2025-05-17T16:57:31Z</time>
      </trkpt>
      <trkpt lat="34.23309" lon="-118.19346">
        <ele>933.1</ele>
        <time>2025-05-17T16:57:34Z</time>
      </trkpt>
      <trkpt lat="34.23307" lon="-118.19344">
        <ele>932.45</ele>
        <time>2025-05-17T16:57:37Z</time>
      </trkpt>
      <trkpt lat="34.23304" lon="-118.19341">
        <ele>931.14</ele>
        <time>2025-05-17T16:57:40Z</time>
      </trkpt>
      <trkpt lat="34.23302" lon="-118.19339">
        <ele>930.06</ele>
        <time>2025-05-17T16:57:43Z</time>
      </trkpt>
      <trkpt lat="34.233" lon="-118.19336">
        <ele>928.44</ele>
        <time>2025-05-17T16:57:46Z</time>
      </trkpt>
      <trkpt lat="34.23298" lon="-118.19333">
        <ele>926.92</ele>
        <time>2025-05-17T16:57:50Z</time>
      </trkpt>
      <trkpt lat="34.23296" lon="-118.1933">
        <ele>926.31</ele>
        <time>2025-05-17T16:57:53Z</time>
      </trkpt>
      <trkpt lat="34.23294" lon="-118.19327">
        <ele>925.88</ele>
        <time>2025-05-17T16:57:56Z</time>
      </trkpt>
      <trkpt lat="34.23291" lon="-118.19325">
        <ele>925.77</ele>
        <time>2025-05-17T16:57:59Z</time>
      </trkpt>
      <trkpt lat="34.23288" lon="-118.19323">
        <ele>925.66</ele>
        <time>2025-05-17T16:58:03Z</time>
      </trkpt>
      <trkpt lat="34.23286" lon="-118.1932">
        <ele>925.29</ele>
        <time>2025-05-17T16:58:06Z</time>
      </trkpt>
      <trkpt lat="34.23284" lon="-118.19317">
        <ele>924.88</ele>
        <time>2025-05-17T16:58:09Z</time>
      </trkpt>
      <trkpt lat="34.23281" lon="-118.19315">
        <ele>924.71</ele>
        <time>2025-05-17T16:58:12Z</time>
      </trkpt>
      <trkpt lat="34.23278" lon="-118.19312">
        <ele>924.37</ele>
        <time>2025-05-17T16:58:15Z</time>
      </trkpt>
      <trkpt lat="34.23276" lon="-118.19308">
        <ele>923.29</ele>
        <time>2025-05-17T16:58:18Z</time>
      </trkpt>
      <trkpt lat="34.23274" lon="-118.19306">
        <ele>922.67</ele>
        <time>2025-05-17T16:58:21Z</time>
      </trkpt>
      <trkpt lat="34.2327" lon="-118.19304">
        <ele>922.13</ele>
        <time>2025-05-17T16:58:24Z</time>
      </trkpt>
      <trkpt lat="34.23268" lon="-118.19301">
        <ele>921.72</ele>
        <time>2025-05-17T16:58:27Z</time>
      </trkpt>
      <trkpt lat="34.23266" lon="-118.19298">
        <ele>920.81</ele>
        <time>2025-05-17T16:58:30Z</time>
      </trkpt>
      <trkpt lat="34.23265" lon="-118.19294">
        <ele>920.76</ele>
        <time>2025-05-17T16:59:00Z</time>
      </trkpt>
      <trkpt lat="34.23263" lon="-118.19292">
        <ele>920.45</ele>
        <time>2025-05-17T16:59:03Z</time>
      </trkpt>
      <trkpt lat="34.23261" lon="-118.19289">
        <ele>920.67</ele>
        <time>2025-05-17T16:59:06Z</time>
      </trkpt>
      <trkpt lat="34.23259" lon="-118.19286">
        <ele>921.01</ele>
        <time>2025-05-17T16:59:09Z</time>
      </trkpt>
      <trkpt lat="34.23257" lon="-118.19283">
        <ele>920.67</ele>
        <time>2025-05-17T16:59:12Z</time>
      </trkpt>
      <trkpt lat="34.23254" lon="-118.1928">
        <ele>920.35</ele>
        <time>2025-05-17T16:59:15Z</time>
      </trkpt>
      <trkpt lat="34.23252" lon="-118.19277">
        <ele>920.48</ele>
        <time>2025-05-17T16:59:18Z</time>
      </trkpt>
      <trkpt lat="34.23249" lon="-118.19274">
        <ele>919.91</ele>
        <time>2025-05-17T16:59:21Z</time>
      </trkpt>
      <trkpt lat="34.23248" lon="-118.19271">
        <ele>919.81</ele>
        <time>2025-05-17T16:59:24Z</time>
      </trkpt>
      <trkpt lat="34.23247" lon="-118.19267">
        <ele>919.86</ele>
        <time>2025-05-17T16:59:27Z</time>
      </trkpt>
      <trkpt lat="34.23245" lon="-118.19264">
        <ele>919.63</ele>
        <time>2025-05-17T16:59:30Z</time>
      </trkpt>
      <trkpt lat="34.23243" lon="-118.19259">
        <ele>920.28</ele>
        <time>2025-05-17T16:59:33Z</time>
      </trkpt>
      <trkpt lat="34.23241" lon="-118.19256">
        <ele>920.7</ele>
        <time>2025-05-17T16:59:36Z</time>
      </trkpt>
      <trkpt lat="34.2324" lon="-118.19253">
        <ele>921.19</ele>
        <time>2025-05-17T16:59:39Z</time>
      </trkpt>
      <trkpt lat="34.2324" lon="-118.19249">
        <ele>921.94</ele>
        <time>2025-05-17T16:59:42Z</time>
      </trkpt>
      <trkpt lat="34.2324" lon="-118.19245">
        <ele>922.01</ele>
        <time>2025-05-17T16:59:45Z</time>
      </trkpt>
      <trkpt lat="34.23241" lon="-118.19241">
        <ele>921.94</ele>
        <time>2025-05-17T16:59:48Z</time>
      </trkpt>
      <trkpt lat="34.23241" lon="-118.19237">
        <ele>921.54</ele>
        <time>2025-05-17T16:59:51Z</time>
      </trkpt>
      <trkpt lat="34.23242" lon="-118.19233">
        <ele>920.89</ele>
        <time>2025-05-17T16:59:54Z</time>
      </trkpt>
      <trkpt lat="34.23242" lon="-118.19229">
        <ele>920.69</ele>
        <time>2025-05-17T16:59:57Z</time>
      </trkpt>
      <trkpt lat="34.23243" lon="-118.19224">
        <ele>920.31</ele>
        <time>2025-05-17T17:00:00Z</time>
      </trkpt>
      <trkpt lat="34.23244" lon="-118.1922">
        <ele>919.7</ele>
        <time>2025-05-17T17:00:03Z</time>
      </trkpt>
      <trkpt lat="34.23244" lon="-118.19217">
        <ele>919.38</ele>
        <time>2025-05-17T17:00:05Z</time>
      </trkpt>
      <trkpt lat="34.23245" lon="-118.19214">
        <ele>918.73</ele>
        <time>2025-05-17T17:00:07Z</time>
      </trkpt>
      <trkpt lat="34.23245" lon="-118.19209">
        <ele>918.0</ele>
        <time>2025-05-17T17:00:10Z</time>
      </trkpt>
      <trkpt lat="34.23245" lon="-118.19205">
        <ele>917.36</ele>
        <time>2025-05-17T17:00:13Z</time>
      </trkpt>
      <trkpt lat="34.23245" lon="-118.192">
        <ele>916.76</ele>
        <time>2025-05-17T17:00:16Z</time>
      </trkpt>
      <trkpt lat="34.23246" lon="-118.19196">
        <ele>915.9</ele>
        <time>2025-05-17T17:00:19Z</time>
      </trkpt>
      <trkpt lat="34.23246" lon="-118.19192">
        <ele>915.46</ele>
        <time>2025-05-17T17:00:22Z</time>
      </trkpt>
      <trkpt lat="34.23247" lon="-118.19188">
        <ele>914.6</ele>
        <time>2025-05-17T17:00:25Z</time>
      </trkpt>
      <trkpt lat="34.23248" lon="-118.19184">
        <ele>913.71</ele>
        <time>2025-05-17T17:00:28Z</time>
      </trkpt>
      <trkpt lat="34.23248" lon="-118.1918">
        <ele>913.18</ele>
        <time>2025-05-17T17:00:31Z</time>
      </trkpt>
      <trkpt lat="34.23249" lon="-118.19176">
        <ele>912.33</ele>
        <time>2025-05-17T17:00:34Z</time>
      </trkpt>
      <trkpt lat="34.23249" lon="-118.19172">
        <ele>911.52</ele>
        <time>2025-05-17T17:00:37Z</time>
      </trkpt>
      <trkpt lat="34.23249" lon="-118.19168">
        <ele>910.7</ele>
        <time>2025-05-17T17:00:40Z</time>
      </trkpt>
      <trkpt lat="34.23248" lon="-118.19164">
        <ele>910.58</ele>
        <time>2025-05-17T17:00:43Z</time>
      </trkpt>
      <trkpt lat="34.23247" lon="-118.19159">
        <ele>910.47</ele>
        <time>2025-05-17T17:00:46Z</time>
      </trkpt>
      <trkpt lat="34.23245" lon="-118.19155">
        <ele>910.5</ele>
        <time>2025-05-17T17:00:49Z</time>
      </trkpt>
      <trkpt lat="34.23243" lon="-118.19152">
        <ele>910.41</ele>
        <time>2025-05-17T17:00:52Z</time>
      </trkpt>
      <trkpt lat="34.2324" lon="-118.19148">
        <ele>910.29</ele>
        <time>2025-05-17T17:00:55Z</time>
      </trkpt>
      <trkpt lat="34.23237" lon="-118.19145">
        <ele>910.8</ele>
        <time>2025-05-17T17:00:58Z</time>
      </trkpt>
      <trkpt lat="34.23234" lon="-118.19143">
        <ele>911.4</ele>
        <time>2025-05-17T17:01:01Z</time>
      </trkpt>
      <trkpt lat="34.23231" lon="-118.1914">
        <ele>911.56</ele>
        <time>2025-05-17T17:01:04Z</time>
      </trkpt>
      <trkpt lat="34.23229" lon="-118.19137">
        <ele>911.61</ele>
        <time>2025-05-17T17:01:07Z</time>
      </trkpt>
      <trkpt lat="34.23226" lon="-118.19134">
        <ele>912.0</ele>
        <time>2025-05-17T17:01:10Z</time>
      </trkpt>
      <trkpt lat="34.23224" lon="-118.19131">
        <ele>911.84</ele>
        <time>2025-05-17T17:01:12Z</time>
      </trkpt>
      <trkpt lat="34.23221" lon="-118.19129">
        <ele>912.39</ele>
        <time>2025-05-17T17:01:15Z</time>
      </trkpt>
      <trkpt lat="34.23219" lon="-118.19127">
        <ele>912.82</ele>
        <time>2025-05-17T17:01:18Z</time>
      </trkpt>
      <trkpt lat="34.23218" lon="-118.19123">
        <ele>912.39</ele>
        <time>2025-05-17T17:01:20Z</time>
      </trkpt>
      <trkpt lat="34.23216" lon="-118.19119">
        <ele>912.39</ele>
        <time>2025-05-17T17:01:23Z</time>
      </trkpt>
      <trkpt lat="34.23215" lon="-118.19115">
        <ele>911.96</ele>
        <time>2025-05-17T17:01:26Z</time>
      </trkpt>
      <trkpt lat="34.23214" lon="-118.19112">
        <ele>911.74</ele>
        <time>2025-05-17T17:01:28Z</time>
      </trkpt>
      <trkpt lat="34.23213" lon="-118.19107">
        <ele>911.54</ele>
        <time>2025-05-17T17:01:31Z</time>
      </trkpt>
      <trkpt lat="34.23213" lon="-118.19104">
        <ele>911.22</ele>
        <time>2025-05-17T17:01:34Z</time>
      </trkpt>
      <trkpt lat="34.23212" lon="-118.19099">
        <ele>911.11</ele>
        <time>2025-05-17T17:01:37Z</time>
      </trkpt>
      <trkpt lat="34.23212" lon="-118.19095">
        <ele>910.68</ele>
        <time>2025-05-17T17:01:40Z</time>
      </trkpt>
      <trkpt lat="34.23211" lon="-118.19091">
        <ele>910.5</ele>
        <time>2025-05-17T17:01:43Z</time>
      </trkpt>
      <trkpt lat="34.23211" lon="-118.19087">
        <ele>909.64</ele>
        <time>2025-05-17T17:01:46Z</time>
      </trkpt>
      <trkpt lat="34.2321" lon="-118.19084">
        <ele>909.42</ele>
        <time>2025-05-17T17:01:49Z</time>
      </trkpt>
      <trkpt lat="34.23209" lon="-118.1908">
        <ele>908.48</ele>
        <time>2025-05-17T17:01:52Z</time>
      </trkpt>
      <trkpt lat="34.23208" lon="-118.19077">
        <ele>907.73</ele>
        <time>2025-05-17T17:01:55Z</time>
      </trkpt>
      <trkpt lat="34.23206" lon="-118.19073">
        <ele>906.7</ele>
        <time>2025-05-17T17:01:58Z</time>
      </trkpt>
      <trkpt lat="34.23203" lon="-118.19071">
        <ele>906.72</ele>
        <time>2025-05-17T17:02:01Z</time>
      </trkpt>
      <trkpt lat="34.232" lon="-118.19069">
        <ele>907.0</ele>
        <time>2025-05-17T17:02:04Z</time>
      </trkpt>
      <trkpt lat="34.23197" lon="-118.19067">
        <ele>906.86</ele>
        <time>2025-05-17T17:02:07Z</time>
      </trkpt>
      <trkpt lat="34.23195" lon="-118.19065">
        <ele>905.98</ele>
        <time>2025-05-17T17:02:09Z</time>
      </trkpt>
      <trkpt lat="34.23192" lon="-118.19063">
        <ele>906.78</ele>
        <time>2025-05-17T17:02:12Z</time>
      </trkpt>
      <trkpt lat="34.23189" lon="-118.1906">
        <ele>906.67</ele>
        <time>2025-05-17T17:02:15Z</time>
      </trkpt>
      <trkpt lat="34.23187" lon="-118.19057">
        <ele>905.33</ele>
        <time>2025-05-17T17:02:18Z</time>
      </trkpt>
      <trkpt lat="34.23186" lon="-118.19054">
        <ele>903.75</ele>
        <time>2025-05-17T17:02:20Z</time>
      </trkpt>
      <trkpt lat="34.23184" lon="-118.1905">
        <ele>902.87</ele>
        <time>2025-05-17T17:02:23Z</time>
      </trkpt>
      <trkpt lat="34.23183" lon="-118.19047">
        <ele>901.83</ele>
        <time>2025-05-17T17:02:25Z</time>
      </trkpt>
      <trkpt lat="34.23181" lon="-118.19043">
        <ele>901.68</ele>
        <time>2025-05-17T17:02:28Z</time>
      </trkpt>
      <trkpt lat="34.2318" lon="-118.1904">
        <ele>901.24</ele>
        <time>2025-05-17T17:02:30Z</time>
      </trkpt>
      <trkpt lat="34.2318" lon="-118.19036">
        <ele>900.02</ele>
        <time>2025-05-17T17:02:32Z</time>
      </trkpt>
      <trkpt lat="34.23179" lon="-118.19033">
        <ele>899.8</ele>
        <time>2025-05-17T17:02:35Z</time>
      </trkpt>
      <trkpt lat="34.23177" lon="-118.19029">
        <ele>899.8</ele>
        <time>2025-05-17T17:02:38Z</time>
      </trkpt>
      <trkpt lat="34.23175" lon="-118.19026">
        <ele>900.08</ele>
        <time>2025-05-17T17:02:41Z</time>
      </trkpt>
      <trkpt lat="34.23173" lon="-118.19024">
        <ele>900.51</ele>
        <time>2025-05-17T17:02:44Z</time>
      </trkpt>
      <trkpt lat="34.23171" lon="-118.1902">
        <ele>900.09</ele>
        <time>2025-05-17T17:02:47Z</time>
      </trkpt>
      <trkpt lat="34.23169" lon="-118.19017">
        <ele>899.92</ele>
        <time>2025-05-17T17:02:50Z</time>
      </trkpt>
      <trkpt lat="34.23166" lon="-118.19015">
        <ele>900.55</ele>
        <time>2025-05-17T17:02:53Z</time>
      </trkpt>
      <trkpt lat="34.23162" lon="-118.19012">
        <ele>901.4</ele>
        <time>2025-05-17T17:02:56Z</time>
      </trkpt>
      <trkpt lat="34.2316" lon="-118.19009">
        <ele>901.08</ele>
        <time>2025-05-17T17:02:59Z</time>
      </trkpt>
      <trkpt lat="34.23158" lon="-118.19006">
        <ele>900.75</ele>
        <time>2025-05-17T17:03:01Z</time>
      </trkpt>
      <trkpt lat="34.23156" lon="-118.19003">
        <ele>900.53</ele>
        <time>2025-05-17T17:03:03Z</time>
      </trkpt>
      <trkpt lat="34.23153" lon="-118.19">
        <ele>900.43</ele>
        <time>2025-05-17T17:03:06Z</time>
      </trkpt>
      <trkpt lat="34.23152" lon="-118.18997">
        <ele>899.97</ele>
        <time>2025-05-17T17:03:09Z</time>
      </trkpt>
      <trkpt lat="34.2315" lon="-118.18992">
        <ele>899.5</ele>
        <time>2025-05-17T17:03:12Z</time>
      </trkpt>
      <trkpt lat="34.23149" lon="-118.18988">
        <ele>899.04</ele>
        <time>2025-05-17T17:03:15Z</time>
      </trkpt>
      <trkpt lat="34.23147" lon="-118.18985">
        <ele>899.3</ele>
        <time>2025-05-17T17:03:17Z</time>
      </trkpt>
      <trkpt lat="34.23145" lon="-118.18982">
        <ele>899.49</ele>
        <time>2025-05-17T17:03:20Z</time>
      </trkpt>
      <trkpt lat="34.23144" lon="-118.18979">
        <ele>899.26</ele>
        <time>2025-05-17T17:03:23Z</time>
      </trkpt>
      <trkpt lat="34.23142" lon="-118.18975">
        <ele>899.26</ele>
        <time>2025-05-17T17:03:26Z</time>
      </trkpt>
      <trkpt lat="34.23141" lon="-118.18972">
        <ele>899.04</ele>
        <time>2025-05-17T17:03:29Z</time>
      </trkpt>
      <trkpt lat="34.2314" lon="-118.18968">
        <ele>898.61</ele>
        <time>2025-05-17T17:03:31Z</time>
      </trkpt>
      <trkpt lat="34.23139" lon="-118.18964">
        <ele>898.18</ele>
        <time>2025-05-17T17:03:34Z</time>
      </trkpt>
      <trkpt lat="34.23138" lon="-118.18959">
        <ele>897.53</ele>
        <time>2025-05-17T17:03:37Z</time>
      </trkpt>
      <trkpt lat="34.23137" lon="-118.18955">
        <ele>897.1</ele>
        <time>2025-05-17T17:03:40Z</time>
      </trkpt>
      <trkpt lat="34.23137" lon="-118.18951">
        <ele>896.46</ele>
        <time>2025-05-17T17:03:43Z</time>
      </trkpt>
      <trkpt lat="34.23136" lon="-118.18948">
        <ele>896.44</ele>
        <time>2025-05-17T17:03:45Z</time>
      </trkpt>
      <trkpt lat="34.23136" lon="-118.18944">
        <ele>895.89</ele>
        <time>2025-05-17T17:03:48Z</time>
      </trkpt>
      <trkpt lat="34.23135" lon="-118.1894">
        <ele>895.78</ele>
        <time>2025-05-17T17:03:51Z</time>
      </trkpt>
      <trkpt lat="34.23135" lon="-118.18935">
        <ele>895.22</ele>
        <time>2025-05-17T17:03:54Z</time>
      </trkpt>
      <trkpt lat="34.23135" lon="-118.18932">
        <ele>894.57</ele>
        <time>2025-05-17T17:03:56Z</time>
      </trkpt>
      <trkpt lat="34.23135" lon="-118.18927">
        <ele>893.49</ele>
        <time>2025-05-17T17:03:59Z</time>
      </trkpt>
      <trkpt lat="34.23135" lon="-118.18924">
        <ele>892.93</ele>
        <time>2025-05-17T17:04:02Z</time>
      </trkpt>
      <trkpt lat="34.23134" lon="-118.1892">
        <ele>892.64</ele>
        <time>2025-05-17T17:04:05Z</time>
      </trkpt>
      <trkpt lat="34.23134" lon="-118.18916">
        <ele>892.0</ele>
        <time>2025-05-17T17:04:08Z</time>
      </trkpt>
      <trkpt lat="34.23134" lon="-118.18912">
        <ele>891.34</ele>
        <time>2025-05-17T17:04:11Z</time>
      </trkpt>
      <trkpt lat="34.23134" lon="-118.18907">
        <ele>890.52</ele>
        <time>2025-05-17T17:04:14Z</time>
      </trkpt>
      <trkpt lat="34.23134" lon="-118.18904">
        <ele>890.04</ele>
        <time>2025-05-17T17:04:17Z</time>
      </trkpt>
      <trkpt lat="34.23133" lon="-118.18899">
        <ele>889.67</ele>
        <time>2025-05-17T17:04:21Z</time>
      </trkpt>
      <trkpt lat="34.23133" lon="-118.18895">
        <ele>889.54</ele>
        <time>2025-05-17T17:04:24Z</time>
      </trkpt>
      <trkpt lat="34.23134" lon="-118.18891">
        <ele>889.11</ele>
        <time>2025-05-17T17:04:27Z</time>
      </trkpt>
      <trkpt lat="34.23135" lon="-118.18886">
        <ele>888.37</ele>
        <time>2025-05-17T17:04:30Z</time>
      </trkpt>
      <trkpt lat="34.23137" lon="-118.18883">
        <ele>887.18</ele>
        <time>2025-05-17T17:04:33Z</time>
      </trkpt>
      <trkpt lat="34.23137" lon="-118.18879">
        <ele>886.82</ele>
        <time>2025-05-17T17:04:36Z</time>
      </trkpt>
      <trkpt lat="34.23138" lon="-118.18874">
        <ele>886.38</ele>
        <time>2025-05-17T17:04:39Z</time>
      </trkpt>
      <trkpt lat="34.23138" lon="-118.18869">
        <ele>886.37</ele>
        <time>2025-05-17T17:04:42Z</time>
      </trkpt>
      <trkpt lat="34.23139" lon="-118.18865">
        <ele>885.95</ele>
        <time>2025-05-17T17:04:45Z</time>
      </trkpt>
      <trkpt lat="34.23139" lon="-118.18862">
        <ele>885.95</ele>
        <time>2025-05-17T17:04:48Z</time>
      </trkpt>
      <trkpt lat="34.2314" lon="-118.18857">
        <ele>885.13</ele>
        <time>2025-05-17T17:04:51Z</time>
      </trkpt>
      <trkpt lat="34.2314" lon="-118.18854">
        <ele>884.84</ele>
        <time>2025-05-17T17:04:53Z</time>
      </trkpt>
      <trkpt lat="34.23139" lon="-118.1885">
        <ele>884.76</ele>
        <time>2025-05-17T17:04:56Z</time>
      </trkpt>
      <trkpt lat="34.23138" lon="-118.18845">
        <ele>884.57</ele>
        <time>2025-05-17T17:04:59Z</time>
      </trkpt>
      <trkpt lat="34.23137" lon="-118.18841">
        <ele>884.23</ele>
        <time>2025-05-17T17:05:02Z</time>
      </trkpt>
      <trkpt lat="34.23136" lon="-118.18838">
        <ele>883.79</ele>
        <time>2025-05-17T17:05:05Z</time>
      </trkpt>
      <trkpt lat="34.23134" lon="-118.18834">
        <ele>883.24</ele>
        <time>2025-05-17T17:05:08Z</time>
      </trkpt>
      <trkpt lat="34.23132" lon="-118.18831">
        <ele>882.67</ele>
        <time>2025-05-17T17:05:11Z</time>
      </trkpt>
      <trkpt lat="34.23129" lon="-118.18829">
        <ele>882.77</ele>
        <time>2025-05-17T17:05:14Z</time>
      </trkpt>
      <trkpt lat="34.23127" lon="-118.18826">
        <ele>882.25</ele>
        <time>2025-05-17T17:05:17Z</time>
      </trkpt>
      <trkpt lat="34.23125" lon="-118.18823">
        <ele>881.54</ele>
        <time>2025-05-17T17:05:20Z</time>
      </trkpt>
      <trkpt lat="34.23122" lon="-118.1882">
        <ele>880.89</ele>
        <time>2025-05-17T17:05:23Z</time>
      </trkpt>
      <trkpt lat="34.2312" lon="-118.18817">
        <ele>880.03</ele>
        <time>2025-05-17T17:05:26Z</time>
      </trkpt>
      <trkpt lat="34.23118" lon="-118.18814">
        <ele>879.23</ele>
        <time>2025-05-17T17:05:29Z</time>
      </trkpt>
      <trkpt lat="34.23115" lon="-118.18812">
        <ele>879.07</ele>
        <time>2025-05-17T17:05:32Z</time>
      </trkpt>
      <trkpt lat="34.23112" lon="-118.1881">
        <ele>878.78</ele>
        <time>2025-05-17T17:05:35Z</time>
      </trkpt>
      <trkpt lat="34.2311" lon="-118.18807">
        <ele>877.88</ele>
        <time>2025-05-17T17:05:37Z</time>
      </trkpt>
      <trkpt lat="34.23108" lon="-118.18803">
        <ele>877.12</ele>
        <time>2025-05-17T17:05:40Z</time>
      </trkpt>
      <trkpt lat="34.23106" lon="-118.18801">
        <ele>877.12</ele>
        <time>2025-05-17T17:05:42Z</time>
      </trkpt>
      <trkpt lat="34.23103" lon="-118.18797">
        <ele>876.9</ele>
        <time>2025-05-17T17:05:45Z</time>
      </trkpt>
      <trkpt lat="34.23101" lon="-118.18793">
        <ele>876.47</ele>
        <time>2025-05-17T17:05:48Z</time>
      </trkpt>
      <trkpt lat="34.23099" lon="-118.1879">
        <ele>876.26</ele>
        <time>2025-05-17T17:05:51Z</time>
      </trkpt>
      <trkpt lat="34.23096" lon="-118.18786">
        <ele>876.07</ele>
        <time>2025-05-17T17:05:54Z</time>
      </trkpt>
      <trkpt lat="34.23094" lon="-118.18783">
        <ele>876.13</ele>
        <time>2025-05-17T17:05:57Z</time>
      </trkpt>
      <trkpt lat="34.23093" lon="-118.1878">
        <ele>876.09</ele>
        <time>2025-05-17T17:06:00Z</time>
      </trkpt>
      <trkpt lat="34.23096" lon="-118.18779">
        <ele>874.76</ele>
        <time>2025-05-17T17:06:10Z</time>
      </trkpt>
      <trkpt lat="34.23098" lon="-118.18781">
        <ele>874.42</ele>
        <time>2025-05-17T17:06:32Z</time>
      </trkpt>
      <trkpt lat="34.23093" lon="-118.18779">
        <ele>875.97</ele>
        <time>2025-05-17T17:07:45Z</time>
      </trkpt>
      <trkpt lat="34.23091" lon="-118.18773">
        <ele>875.48</ele>
        <time>2025-05-17T17:07:49Z</time>
      </trkpt>
      <trkpt lat="34.23088" lon="-118.18768">
        <ele>875.4</ele>
        <time>2025-05-17T17:07:53Z</time>
      </trkpt>
      <trkpt lat="34.23085" lon="-118.18763">
        <ele>875.76</ele>
        <time>2025-05-17T17:07:57Z</time>
      </trkpt>
      <trkpt lat="34.23084" lon="-118.18758">
        <ele>875.57</ele>
        <time>2025-05-17T17:08:01Z</time>
      </trkpt>
      <trkpt lat="34.23084" lon="-118.18752">
        <ele>874.87</ele>
        <time>2025-05-17T17:08:05Z</time>
      </trkpt>
      <trkpt lat="34.23083" lon="-118.18747">
        <ele>874.47</ele>
        <time>2025-05-17T17:08:09Z</time>
      </trkpt>
      <trkpt lat="34.23083" lon="-118.18743">
        <ele>873.62</ele>
        <time>2025-05-17T17:08:12Z</time>
      </trkpt>
      <trkpt lat="34.23082" lon="-118.18738">
        <ele>872.98</ele>
        <time>2025-05-17T17:08:15Z</time>
      </trkpt>
      <trkpt lat="34.23082" lon="-118.18733">
        <ele>871.9</ele>
        <time>2025-05-17T17:08:18Z</time>
      </trkpt>
      <trkpt lat="34.23082" lon="-118.18729">
        <ele>871.04</ele>
        <time>2025-05-17T17:08:21Z</time>
      </trkpt>
      <trkpt lat="34.23082" lon="-118.18725">
        <ele>870.18</ele>
        <time>2025-05-17T17:08:24Z</time>
      </trkpt>
      <trkpt lat="34.23081" lon="-118.1872">
        <ele>869.47</ele>
        <time>2025-05-17T17:08:28Z</time>
      </trkpt>
      <trkpt lat="34.23081" lon="-118.18717">
        <ele>868.74</ele>
        <time>2025-05-17T17:08:30Z</time>
      </trkpt>
      <trkpt lat="34.2308" lon="-118.18713">
        <ele>868.09</ele>
        <time>2025-05-17T17:08:33Z</time>
      </trkpt>
      <trkpt lat="34.2308" lon="-118.18709">
        <ele>867.22</ele>
        <time>2025-05-17T17:08:36Z</time>
      </trkpt>
      <trkpt lat="34.23079" lon="-118.18704">
        <ele>866.47</ele>
        <time>2025-05-17T17:08:39Z</time>
      </trkpt>
      <trkpt lat="34.23079" lon="-118.187">
        <ele>866.0</ele>
        <time>2025-05-17T17:08:42Z</time>
      </trkpt>
      <trkpt lat="34.23079" lon="-118.18695">
        <ele>865.46</ele>
        <time>2025-05-17T17:08:45Z</time>
      </trkpt>
      <trkpt lat="34.23079" lon="-118.18692">
        <ele>865.26</ele>
        <time>2025-05-17T17:08:47Z</time>
      </trkpt>
      <trkpt lat="34.23079" lon="-118.18689">
        <ele>865.09</ele>
        <time>2025-05-17T17:08:49Z</time>
      </trkpt>
      <trkpt lat="34.2308" lon="-118.18685">
        <ele>864.45</ele>
        <time>2025-05-17T17:08:52Z</time>
      </trkpt>
      <trkpt lat="34.23081" lon="-118.1868">
        <ele>864.43</ele>
        <time>2025-05-17T17:08:55Z</time>
      </trkpt>
      <trkpt lat="34.23082" lon="-118.18676">
        <ele>864.43</ele>
        <time>2025-05-17T17:08:58Z</time>
      </trkpt>
      <trkpt lat="34.23082" lon="-118.18672">
        <ele>864.43</ele>
        <time>2025-05-17T17:09:01Z</time>
      </trkpt>
      <trkpt lat="34.23083" lon="-118.18668">
        <ele>864.11</ele>
        <time>2025-05-17T17:09:04Z</time>
      </trkpt>
      <trkpt lat="34.23084" lon="-118.18664">
        <ele>863.71</ele>
        <time>2025-05-17T17:09:08Z</time>
      </trkpt>
      <trkpt lat="34.23086" lon="-118.18659">
        <ele>862.85</ele>
        <time>2025-05-17T17:09:11Z</time>
      </trkpt>
      <trkpt lat="34.23087" lon="-118.18655">
        <ele>862.42</ele>
        <time>2025-05-17T17:09:14Z</time>
      </trkpt>
      <trkpt lat="34.23087" lon="-118.1865">
        <ele>862.42</ele>
        <time>2025-05-17T17:09:17Z</time>
      </trkpt>
      <trkpt lat="34.23088" lon="-118.18646">
        <ele>862.22</ele>
        <time>2025-05-17T17:09:20Z</time>
      </trkpt>
      <trkpt lat="34.23089" lon="-118.18642">
        <ele>862.22</ele>
        <time>2025-05-17T17:09:23Z</time>
      </trkpt>
      <trkpt lat="34.2309" lon="-118.18639">
        <ele>862.11</ele>
        <time>2025-05-17T17:09:26Z</time>
      </trkpt>
      <trkpt lat="34.23091" lon="-118.18635">
        <ele>861.69</ele>
        <time>2025-05-17T17:09:29Z</time>
      </trkpt>
      <trkpt lat="34.23092" lon="-118.1863">
        <ele>861.26</ele>
        <time>2025-05-17T17:09:32Z</time>
      </trkpt>
      <trkpt lat="34.23093" lon="-118.18626">
        <ele>861.26</ele>
        <time>2025-05-17T17:09:35Z</time>
      </trkpt>
      <trkpt lat="34.23094" lon="-118.18622">
        <ele>861.37</ele>
        <time>2025-05-17T17:09:38Z</time>
      </trkpt>
      <trkpt lat="34.23094" lon="-118.18618">
        <ele>861.58</ele>
        <time>2025-05-17T17:09:40Z</time>
      </trkpt>
      <trkpt lat="34.23095" lon="-118.18615">
        <ele>861.37</ele>
        <time>2025-05-17T17:09:42Z</time>
      </trkpt>
      <trkpt lat="34.23096" lon="-118.18612">
        <ele>861.23</ele>
        <time>2025-05-17T17:09:45Z</time>
      </trkpt>
      <trkpt lat="34.23097" lon="-118.18608">
        <ele>861.21</ele>
        <time>2025-05-17T17:09:48Z</time>
      </trkpt>
      <trkpt lat="34.23097" lon="-118.18604">
        <ele>861.41</ele>
        <time>2025-05-17T17:09:50Z</time>
      </trkpt>
      <trkpt lat="34.23097" lon="-118.186">
        <ele>861.72</ele>
        <time>2025-05-17T17:09:53Z</time>
      </trkpt>
      <trkpt lat="34.23097" lon="-118.18595">
        <ele>862.26</ele>
        <time>2025-05-17T17:09:56Z</time>
      </trkpt>
      <trkpt lat="34.23098" lon="-118.1859">
        <ele>862.42</ele>
        <time>2025-05-17T17:09:59Z</time>
      </trkpt>
      <trkpt lat="34.23097" lon="-118.18586">
        <ele>862.52</ele>
        <time>2025-05-17T17:10:02Z</time>
      </trkpt>
      <trkpt lat="34.23096" lon="-118.18582">
        <ele>862.59</ele>
        <time>2025-05-17T17:10:05Z</time>
      </trkpt>
      <trkpt lat="34.23095" lon="-118.18577">
        <ele>862.41</ele>
        <time>2025-05-17T17:10:08Z</time>
      </trkpt>
      <trkpt lat="34.23095" lon="-118.18573">
        <ele>862.17</ele>
        <time>2025-05-17T17:10:11Z</time>
      </trkpt>
      <trkpt lat="34.23095" lon="-118.18568">
        <ele>861.77</ele>
        <time>2025-05-17T17:10:14Z</time>
      </trkpt>
      <trkpt lat="34.23096" lon="-118.18564">
        <ele>861.59</ele>
        <time>2025-05-17T17:10:17Z</time>
      </trkpt>
      <trkpt lat="34.23099" lon="-118.18561">
        <ele>861.85</ele>
        <time>2025-05-17T17:10:20Z</time>
      </trkpt>
      <trkpt lat="34.23102" lon="-118.1856">
        <ele>862.44</ele>
        <time>2025-05-17T17:10:23Z</time>
      </trkpt>
      <trkpt lat="34.23106" lon="-118.18561">
        <ele>861.43</ele>
        <time>2025-05-17T17:10:26Z</time>
      </trkpt>
      <trkpt lat="34.23109" lon="-118.18564">
        <ele>860.66</ele>
        <time>2025-05-17T17:10:29Z</time>
      </trkpt>
      <trkpt lat="34.23111" lon="-118.18567">
        <ele>860.04</ele>
        <time>2025-05-17T17:10:32Z</time>
      </trkpt>
      <trkpt lat="34.23112" lon="-118.18572">
        <ele>859.71</ele>
        <time>2025-05-17T17:10:35Z</time>
      </trkpt>
      <trkpt lat="34.23113" lon="-118.18576">
        <ele>859.39</ele>
        <time>2025-05-17T17:10:38Z</time>
      </trkpt>
      <trkpt lat="34.23113" lon="-118.1858">
        <ele>859.39</ele>
        <time>2025-05-17T17:10:41Z</time>
      </trkpt>
      <trkpt lat="34.23113" lon="-118.18584">
        <ele>859.39</ele>
        <time>2025-05-17T17:10:44Z</time>
      </trkpt>
      <trkpt lat="34.23114" lon="-118.18587">
        <ele>859.06</ele>
        <time>2025-05-17T17:10:47Z</time>
      </trkpt>
      <trkpt lat="34.23114" lon="-118.18591">
        <ele>859.06</ele>
        <time>2025-05-17T17:10:50Z</time>
      </trkpt>
      <trkpt lat="34.23114" lon="-118.18596">
        <ele>858.7</ele>
        <time>2025-05-17T17:10:53Z</time>
      </trkpt>
      <trkpt lat="34.23114" lon="-118.186">
        <ele>858.26</ele>
        <time>2025-05-17T17:10:56Z</time>
      </trkpt>
      <trkpt lat="34.23114" lon="-118.18605">
        <ele>857.38</ele>
        <time>2025-05-17T17:10:59Z</time>
      </trkpt>
      <trkpt lat="34.23115" lon="-118.18609">
        <ele>856.2</ele>
        <time>2025-05-17T17:11:02Z</time>
      </trkpt>
      <trkpt lat="34.23115" lon="-118.18613">
        <ele>855.36</ele>
        <time>2025-05-17T17:11:04Z</time>
      </trkpt>
      <trkpt lat="34.23115" lon="-118.18616">
        <ele>854.77</ele>
        <time>2025-05-17T17:11:07Z</time>
      </trkpt>
      <trkpt lat="34.23115" lon="-118.18621">
        <ele>853.76</ele>
        <time>2025-05-17T17:11:10Z</time>
      </trkpt>
      <trkpt lat="34.23115" lon="-118.18624">
        <ele>853.12</ele>
        <time>2025-05-17T17:11:13Z</time>
      </trkpt>
      <trkpt lat="34.23114" lon="-118.18628">
        <ele>852.79</ele>
        <time>2025-05-17T17:11:16Z</time>
      </trkpt>
      <trkpt lat="34.23114" lon="-118.18631">
        <ele>852.14</ele>
        <time>2025-05-17T17:11:19Z</time>
      </trkpt>
      <trkpt lat="34.23114" lon="-118.18635">
        <ele>851.28</ele>
        <time>2025-05-17T17:11:22Z</time>
      </trkpt>
      <trkpt lat="34.23114" lon="-118.18638">
        <ele>850.63</ele>
        <time>2025-05-17T17:11:25Z</time>
      </trkpt>
      <trkpt lat="34.23114" lon="-118.18642">
        <ele>850.1</ele>
        <time>2025-05-17T17:11:28Z</time>
      </trkpt>
      <trkpt lat="34.23114" lon="-118.18646">
        <ele>849.67</ele>
        <time>2025-05-17T17:11:31Z</time>
      </trkpt>
      <trkpt lat="34.23114" lon="-118.1865">
        <ele>849.38</ele>
        <time>2025-05-17T17:11:34Z</time>
      </trkpt>
      <trkpt lat="34.23114" lon="-118.18654">
        <ele>849.24</ele>
        <time>2025-05-17T17:11:37Z</time>
      </trkpt>
      <trkpt lat="34.23114" lon="-118.18659">
        <ele>849.13</ele>
        <time>2025-05-17T17:11:40Z</time>
      </trkpt>
      <trkpt lat="34.23114" lon="-118.18663">
        <ele>849.13</ele>
        <time>2025-05-17T17:11:43Z</time>
      </trkpt>
      <trkpt lat="34.23114" lon="-118.18668">
        <ele>849.17</ele>
        <time>2025-05-17T17:11:46Z</time>
      </trkpt>
      <trkpt lat="34.23114" lon="-118.18672">
        <ele>849.31</ele>
        <time>2025-05-17T17:11:49Z</time>
      </trkpt>
      <trkpt lat="34.23114" lon="-118.18676">
        <ele>849.44</ele>
        <time>2025-05-17T17:11:53Z</time>
      </trkpt>
      <trkpt lat="34.23114" lon="-118.18681">
        <ele>849.44</ele>
        <time>2025-05-17T17:11:56Z</time>
      </trkpt>
      <trkpt lat="34.23115" lon="-118.18685">
        <ele>848.9</ele>
        <time>2025-05-17T17:11:59Z</time>
      </trkpt>
      <trkpt lat="34.23115" lon="-118.18689">
        <ele>849.31</ele>
        <time>2025-05-17T17:12:02Z</time>
      </trkpt>
      <trkpt lat="34.23115" lon="-118.18693">
        <ele>849.74</ele>
        <time>2025-05-17T17:12:04Z</time>
      </trkpt>
      <trkpt lat="34.23116" lon="-118.18697">
        <ele>849.51</ele>
        <time>2025-05-17T17:12:07Z</time>
      </trkpt>
      <trkpt lat="34.23116" lon="-118.18702">
        <ele>849.79</ele>
        <time>2025-05-17T17:12:10Z</time>
      </trkpt>
      <trkpt lat="34.23116" lon="-118.18706">
        <ele>850.01</ele>
        <time>2025-05-17T17:12:13Z</time>
      </trkpt>
      <trkpt lat="34.23116" lon="-118.18711">
        <ele>850.26</ele>
        <time>2025-05-17T17:12:16Z</time>
      </trkpt>
      <trkpt lat="34.23117" lon="-118.18715">
        <ele>849.96</ele>
        <time>2025-05-17T17:12:19Z</time>
      </trkpt>
      <trkpt lat="34.23118" lon="-118.18718">
        <ele>849.68</ele>
        <time>2025-05-17T17:12:21Z</time>
      </trkpt>
      <trkpt lat="34.2312" lon="-118.18722">
        <ele>849.14</ele>
        <time>2025-05-17T17:12:24Z</time>
      </trkpt>
      <trkpt lat="34.23121" lon="-118.18725">
        <ele>849.05</ele>
        <time>2025-05-17T17:12:26Z</time>
      </trkpt>
      <trkpt lat="34.23123" lon="-118.18729">
        <ele>848.8</ele>
        <time>2025-05-17T17:12:29Z</time>
      </trkpt>
      <trkpt lat="34.23126" lon="-118.18732">
        <ele>848.29</ele>
        <time>2025-05-17T17:12:32Z</time>
      </trkpt>
      <trkpt lat="34.23128" lon="-118.18736">
        <ele>848.5</ele>
        <time>2025-05-17T17:12:35Z</time>
      </trkpt>
      <trkpt lat="34.23129" lon="-118.1874">
        <ele>849.04</ele>
        <time>2025-05-17T17:12:38Z</time>
      </trkpt>
      <trkpt lat="34.23131" lon="-118.18744">
        <ele>848.96</ele>
        <time>2025-05-17T17:12:41Z</time>
      </trkpt>
      <trkpt lat="34.23133" lon="-118.18746">
        <ele>848.68</ele>
        <time>2025-05-17T17:12:43Z</time>
      </trkpt>
      <trkpt lat="34.23136" lon="-118.1875">
        <ele>848.62</ele>
        <time>2025-05-17T17:12:46Z</time>
      </trkpt>
      <trkpt lat="34.23138" lon="-118.18753">
        <ele>848.84</ele>
        <time>2025-05-17T17:12:49Z</time>
      </trkpt>
      <trkpt lat="34.23139" lon="-118.18756">
        <ele>849.27</ele>
        <time>2025-05-17T17:12:52Z</time>
      </trkpt>
      <trkpt lat="34.23142" lon="-118.18759">
        <ele>849.26</ele>
        <time>2025-05-17T17:12:55Z</time>
      </trkpt>
      <trkpt lat="34.23145" lon="-118.18761">
        <ele>849.06</ele>
        <time>2025-05-17T17:12:58Z</time>
      </trkpt>
      <trkpt lat="34.23146" lon="-118.18765">
        <ele>849.7</ele>
        <time>2025-05-17T17:13:01Z</time>
      </trkpt>
      <trkpt lat="34.23148" lon="-118.18768">
        <ele>849.92</ele>
        <time>2025-05-17T17:13:04Z</time>
      </trkpt>
      <trkpt lat="34.2315" lon="-118.18772">
        <ele>850.53</ele>
        <time>2025-05-17T17:13:07Z</time>
      </trkpt>
      <trkpt lat="34.23151" lon="-118.18776">
        <ele>851.5</ele>
        <time>2025-05-17T17:13:10Z</time>
      </trkpt>
      <trkpt lat="34.23154" lon="-118.18779">
        <ele>851.42</ele>
        <time>2025-05-17T17:13:13Z</time>
      </trkpt>
      <trkpt lat="34.23156" lon="-118.18782">
        <ele>851.44</ele>
        <time>2025-05-17T17:13:16Z</time>
      </trkpt>
      <trkpt lat="34.23159" lon="-118.18785">
        <ele>851.01</ele>
        <time>2025-05-17T17:13:19Z</time>
      </trkpt>
      <trkpt lat="34.23161" lon="-118.18788">
        <ele>851.04</ele>
        <time>2025-05-17T17:13:21Z</time>
      </trkpt>
      <trkpt lat="34.23163" lon="-118.18792">
        <ele>851.26</ele>
        <time>2025-05-17T17:13:23Z</time>
      </trkpt>
      <trkpt lat="34.23164" lon="-118.18795">
        <ele>851.58</ele>
        <time>2025-05-17T17:13:26Z</time>
      </trkpt>
      <trkpt lat="34.23166" lon="-118.18799">
        <ele>851.86</ele>
        <time>2025-05-17T17:13:29Z</time>
      </trkpt>
      <trkpt lat="34.23169" lon="-118.18802">
        <ele>851.63</ele>
        <time>2025-05-17T17:13:32Z</time>
      </trkpt>
      <trkpt lat="34.23173" lon="-118.18804">
        <ele>851.18</ele>
        <time>2025-05-17T17:13:35Z</time>
      </trkpt>
      <trkpt lat="34.23176" lon="-118.18806">
        <ele>851.13</ele>
        <time>2025-05-17T17:13:38Z</time>
      </trkpt>
      <trkpt lat="34.23179" lon="-118.18807">
        <ele>850.8</ele>
        <time>2025-05-17T17:13:41Z</time>
      </trkpt>
      <trkpt lat="34.23182" lon="-118.18807">
        <ele>850.16</ele>
        <time>2025-05-17T17:13:44Z</time>
      </trkpt>
      <trkpt lat="34.23185" lon="-118.18808">
        <ele>849.83</ele>
        <time>2025-05-17T17:13:48Z</time>
      </trkpt>
      <trkpt lat="34.23188" lon="-118.18808">
        <ele>849.02</ele>
        <time>2025-05-17T17:13:51Z</time>
      </trkpt>
      <trkpt lat="34.23191" lon="-118.18808">
        <ele>848.2</ele>
        <time>2025-05-17T17:13:54Z</time>
      </trkpt>
      <trkpt lat="34.23194" lon="-118.18809">
        <ele>847.5</ele>
        <time>2025-05-17T17:13:57Z</time>
      </trkpt>
      <trkpt lat="34.23198" lon="-118.1881">
        <ele>845.76</ele>
        <time>2025-05-17T17:14:00Z</time>
      </trkpt>
      <trkpt lat="34.23201" lon="-118.1881">
        <ele>844.31</ele>
        <time>2025-05-17T17:14:02Z</time>
      </trkpt>
      <trkpt lat="34.23203" lon="-118.18813">
        <ele>843.37</ele>
        <time>2025-05-17T17:14:05Z</time>
      </trkpt>
      <trkpt lat="34.23205" lon="-118.18817">
        <ele>842.06</ele>
        <time>2025-05-17T17:14:08Z</time>
      </trkpt>
      <trkpt lat="34.23206" lon="-118.1882">
        <ele>841.2</ele>
        <time>2025-05-17T17:14:11Z</time>
      </trkpt>
      <trkpt lat="34.23207" lon="-118.18825">
        <ele>840.16</ele>
        <time>2025-05-17T17:14:14Z</time>
      </trkpt>
      <trkpt lat="34.23207" lon="-118.18829">
        <ele>839.88</ele>
        <time>2025-05-17T17:14:17Z</time>
      </trkpt>
      <trkpt lat="34.23207" lon="-118.18834">
        <ele>839.5</ele>
        <time>2025-05-17T17:14:20Z</time>
      </trkpt>
      <trkpt lat="34.23207" lon="-118.18838">
        <ele>839.07</ele>
        <time>2025-05-17T17:14:23Z</time>
      </trkpt>
      <trkpt lat="34.23207" lon="-118.18843">
        <ele>838.56</ele>
        <time>2025-05-17T17:14:26Z</time>
      </trkpt>
      <trkpt lat="34.23207" lon="-118.18847">
        <ele>838.41</ele>
        <time>2025-05-17T17:14:29Z</time>
      </trkpt>
      <trkpt lat="34.23207" lon="-118.1885">
        <ele>838.29</ele>
        <time>2025-05-17T17:14:32Z</time>
      </trkpt>
      <trkpt lat="34.23206" lon="-118.18854">
        <ele>838.53</ele>
        <time>2025-05-17T17:14:35Z</time>
      </trkpt>
      <trkpt lat="34.23205" lon="-118.18858">
        <ele>838.64</ele>
        <time>2025-05-17T17:14:38Z</time>
      </trkpt>
      <trkpt lat="34.23204" lon="-118.18863">
        <ele>838.64</ele>
        <time>2025-05-17T17:14:41Z</time>
      </trkpt>
      <trkpt lat="34.23203" lon="-118.18867">
        <ele>838.85</ele>
        <time>2025-05-17T17:14:44Z</time>
      </trkpt>
      <trkpt lat="34.23202" lon="-118.18871">
        <ele>839.02</ele>
        <time>2025-05-17T17:14:47Z</time>
      </trkpt>
      <trkpt lat="34.23202" lon="-118.18875">
        <ele>838.51</ele>
        <time>2025-05-17T17:14:50Z</time>
      </trkpt>
      <trkpt lat="34.23202" lon="-118.18879">
        <ele>838.0</ele>
        <time>2025-05-17T17:14:53Z</time>
      </trkpt>
      <trkpt lat="34.23202" lon="-118.18883">
        <ele>837.85</ele>
        <time>2025-05-17T17:14:56Z</time>
      </trkpt>
      <trkpt lat="34.23203" lon="-118.18887">
        <ele>837.32</ele>
        <time>2025-05-17T17:14:59Z</time>
      </trkpt>
      <trkpt lat="34.23203" lon="-118.18892">
        <ele>837.61</ele>
        <time>2025-05-17T17:15:02Z</time>
      </trkpt>
      <trkpt lat="34.23204" lon="-118.18896">
        <ele>837.61</ele>
        <time>2025-05-17T17:15:05Z</time>
      </trkpt>
      <trkpt lat="34.23205" lon="-118.189">
        <ele>837.33</ele>
        <time>2025-05-17T17:15:08Z</time>
      </trkpt>
      <trkpt lat="34.23206" lon="-118.18903">
        <ele>836.89</ele>
        <time>2025-05-17T17:15:11Z</time>
      </trkpt>
      <trkpt lat="34.23207" lon="-118.18908">
        <ele>836.66</ele>
        <time>2025-05-17T17:15:14Z</time>
      </trkpt>
      <trkpt lat="34.23209" lon="-118.18912">
        <ele>836.49</ele>
        <time>2025-05-17T17:15:17Z</time>
      </trkpt>
      <trkpt lat="34.2321" lon="-118.18916">
        <ele>836.84</ele>
        <time>2025-05-17T17:15:20Z</time>
      </trkpt>
      <trkpt lat="34.23212" lon="-118.1892">
        <ele>837.03</ele>
        <time>2025-05-17T17:15:23Z</time>
      </trkpt>
      <trkpt lat="34.23214" lon="-118.18924">
        <ele>837.22</ele>
        <time>2025-05-17T17:15:26Z</time>
      </trkpt>
      <trkpt lat="34.23215" lon="-118.18927">
        <ele>837.69</ele>
        <time>2025-05-17T17:15:28Z</time>
      </trkpt>
      <trkpt lat="34.23218" lon="-118.1893">
        <ele>837.69</ele>
        <time>2025-05-17T17:15:31Z</time>
      </trkpt>
      <trkpt lat="34.2322" lon="-118.18932">
        <ele>837.69</ele>
        <time>2025-05-17T17:15:33Z</time>
      </trkpt>
      <trkpt lat="34.23222" lon="-118.18934">
        <ele>837.69</ele>
        <time>2025-05-17T17:15:35Z</time>
      </trkpt>
      <trkpt lat="34.23224" lon="-118.18937">
        <ele>838.02</ele>
        <time>2025-05-17T17:15:38Z</time>
      </trkpt>
      <trkpt lat="34.23226" lon="-118.18941">
        <ele>838.88</ele>
        <time>2025-05-17T17:15:41Z</time>
      </trkpt>
      <trkpt lat="34.23228" lon="-118.18944">
        <ele>839.31</ele>
        <time>2025-05-17T17:15:44Z</time>
      </trkpt>
      <trkpt lat="34.23231" lon="-118.18947">
        <ele>839.06</ele>
        <time>2025-05-17T17:15:47Z</time>
      </trkpt>
      <trkpt lat="34.23234" lon="-118.1895">
        <ele>838.6</ele>
        <time>2025-05-17T17:15:50Z</time>
      </trkpt>
      <trkpt lat="34.23236" lon="-118.18953">
        <ele>838.78</ele>
        <time>2025-05-17T17:15:53Z</time>
      </trkpt>
      <trkpt lat="34.23239" lon="-118.18956">
        <ele>838.59</ele>
        <time>2025-05-17T17:15:56Z</time>
      </trkpt>
      <trkpt lat="34.23242" lon="-118.18959">
        <ele>838.11</ele>
        <time>2025-05-17T17:15:59Z</time>
      </trkpt>
      <trkpt lat="34.23243" lon="-118.18963">
        <ele>839.04</ele>
        <time>2025-05-17T17:16:02Z</time>
      </trkpt>
      <trkpt lat="34.23245" lon="-118.18967">
        <ele>839.7</ele>
        <time>2025-05-17T17:16:05Z</time>
      </trkpt>
      <trkpt lat="34.23247" lon="-118.1897">
        <ele>839.82</ele>
        <time>2025-05-17T17:16:08Z</time>
      </trkpt>
      <trkpt lat="34.2325" lon="-118.18973">
        <ele>839.5</ele>
        <time>2025-05-17T17:16:11Z</time>
      </trkpt>
      <trkpt lat="34.23253" lon="-118.18976">
        <ele>840.48</ele>
        <time>2025-05-17T17:16:14Z</time>
      </trkpt>
      <trkpt lat="34.23257" lon="-118.18978">
        <ele>840.48</ele>
        <time>2025-05-17T17:16:17Z</time>
      </trkpt>
      <trkpt lat="34.23259" lon="-118.1898">
        <ele>841.12</ele>
        <time>2025-05-17T17:16:20Z</time>
      </trkpt>
      <trkpt lat="34.23261" lon="-118.18983">
        <ele>842.04</ele>
        <time>2025-05-17T17:16:22Z</time>
      </trkpt>
      <trkpt lat="34.23264" lon="-118.18985">
        <ele>841.72</ele>
        <time>2025-05-17T17:16:24Z</time>
      </trkpt>
      <trkpt lat="34.23266" lon="-118.18988">
        <ele>842.58</ele>
        <time>2025-05-17T17:16:27Z</time>
      </trkpt>
      <trkpt lat="34.23269" lon="-118.18991">
        <ele>842.91</ele>
        <time>2025-05-17T17:16:30Z</time>
      </trkpt>
      <trkpt lat="34.23272" lon="-118.18994">
        <ele>843.23</ele>
        <time>2025-05-17T17:16:33Z</time>
      </trkpt>
      <trkpt lat="34.23274" lon="-118.18997">
        <ele>844.1</ele>
        <time>2025-05-17T17:16:36Z</time>
      </trkpt>
      <trkpt lat="34.23277" lon="-118.19">
        <ele>844.42</ele>
        <time>2025-05-17T17:16:39Z</time>
      </trkpt>
      <trkpt lat="34.23279" lon="-118.19003">
        <ele>844.92</ele>
        <time>2025-05-17T17:16:42Z</time>
      </trkpt>
      <trkpt lat="34.23282" lon="-118.19005">
        <ele>844.17</ele>
        <time>2025-05-17T17:16:45Z</time>
      </trkpt>
      <trkpt lat="34.23285" lon="-118.19006">
        <ele>842.83</ele>
        <time>2025-05-17T17:16:48Z</time>
      </trkpt>
      <trkpt lat="34.23289" lon="-118.19006">
        <ele>841.03</ele>
        <time>2025-05-17T17:16:51Z</time>
      </trkpt>
      <trkpt lat="34.23293" lon="-118.19006">
        <ele>839.89</ele>
        <time>2025-05-17T17:16:54Z</time>
      </trkpt>
      <trkpt lat="34.23296" lon="-118.19004">
        <ele>838.37</ele>
        <time>2025-05-17T17:16:57Z</time>
      </trkpt>
      <trkpt lat="34.23299" lon="-118.19002">
        <ele>838.23</ele>
        <time>2025-05-17T17:17:00Z</time>
      </trkpt>
      <trkpt lat="34.23301" lon="-118.18998">
        <ele>837.15</ele>
        <time>2025-05-17T17:17:03Z</time>
      </trkpt>
      <trkpt lat="34.23302" lon="-118.18995">
        <ele>836.07</ele>
        <time>2025-05-17T17:17:06Z</time>
      </trkpt>
      <trkpt lat="34.23304" lon="-118.18991">
        <ele>834.78</ele>
        <time>2025-05-17T17:17:09Z</time>
      </trkpt>
      <trkpt lat="34.23305" lon="-118.18987">
        <ele>833.26</ele>
        <time>2025-05-17T17:17:12Z</time>
      </trkpt>
      <trkpt lat="34.23306" lon="-118.18984">
        <ele>832.25</ele>
        <time>2025-05-17T17:17:15Z</time>
      </trkpt>
      <trkpt lat="34.23307" lon="-118.18981">
        <ele>831.3</ele>
        <time>2025-05-17T17:17:18Z</time>
      </trkpt>
      <trkpt lat="34.23308" lon="-118.18977">
        <ele>830.21</ele>
        <time>2025-05-17T17:17:21Z</time>
      </trkpt>
      <trkpt lat="34.23309" lon="-118.18973">
        <ele>829.03</ele>
        <time>2025-05-17T17:17:24Z</time>
      </trkpt>
      <trkpt lat="34.2331" lon="-118.1897">
        <ele>828.12</ele>
        <time>2025-05-17T17:17:26Z</time>
      </trkpt>
      <trkpt lat="34.23311" lon="-118.18966">
        <ele>826.88</ele>
        <time>2025-05-17T17:17:30Z</time>
      </trkpt>
      <trkpt lat="34.23312" lon="-118.18962">
        <ele>825.88</ele>
        <time>2025-05-17T17:17:33Z</time>
      </trkpt>
      <trkpt lat="34.23314" lon="-118.18957">
        <ele>825.45</ele>
        <time>2025-05-17T17:17:36Z</time>
      </trkpt>
      <trkpt lat="34.23315" lon="-118.18954">
        <ele>825.1</ele>
        <time>2025-05-17T17:17:39Z</time>
      </trkpt>
      <trkpt lat="34.23317" lon="-118.1895">
        <ele>825.07</ele>
        <time>2025-05-17T17:17:42Z</time>
      </trkpt>
      <trkpt lat="34.2332" lon="-118.18948">
        <ele>825.5</ele>
        <time>2025-05-17T17:17:45Z</time>
      </trkpt>
      <trkpt lat="34.23323" lon="-118.18946">
        <ele>825.94</ele>
        <time>2025-05-17T17:17:48Z</time>
      </trkpt>
      <trkpt lat="34.23327" lon="-118.18944">
        <ele>826.59</ele>
        <time>2025-05-17T17:17:51Z</time>
      </trkpt>
      <trkpt lat="34.2333" lon="-118.18942">
        <ele>826.77</ele>
        <time>2025-05-17T17:17:54Z</time>
      </trkpt>
      <trkpt lat="34.23332" lon="-118.1894">
        <ele>826.48</ele>
        <time>2025-05-17T17:17:57Z</time>
      </trkpt>
      <trkpt lat="34.23333" lon="-118.18936">
        <ele>825.29</ele>
        <time>2025-05-17T17:18:00Z</time>
      </trkpt>
      <trkpt lat="34.23333" lon="-118.18931">
        <ele>824.58</ele>
        <time>2025-05-17T17:18:03Z</time>
      </trkpt>
      <trkpt lat="34.23332" lon="-118.18928">
        <ele>824.37</ele>
        <time>2025-05-17T17:18:05Z</time>
      </trkpt>
      <trkpt lat="34.23329" lon="-118.18925">
        <ele>824.37</ele>
        <time>2025-05-17T17:18:08Z</time>
      </trkpt>
      <trkpt lat="34.23327" lon="-118.18924">
        <ele>824.48</ele>
        <time>2025-05-17T17:18:11Z</time>
      </trkpt>
      <trkpt lat="34.23323" lon="-118.18924">
        <ele>824.56</ele>
        <time>2025-05-17T17:18:14Z</time>
      </trkpt>
      <trkpt lat="34.2332" lon="-118.18926">
        <ele>824.12</ele>
        <time>2025-05-17T17:18:17Z</time>
      </trkpt>
      <trkpt lat="34.23317" lon="-118.18928">
        <ele>823.52</ele>
        <time>2025-05-17T17:18:20Z</time>
      </trkpt>
      <trkpt lat="34.23316" lon="-118.18932">
        <ele>823.34</ele>
        <time>2025-05-17T17:18:23Z</time>
      </trkpt>
      <trkpt lat="34.23314" lon="-118.18935">
        <ele>822.64</ele>
        <time>2025-05-17T17:18:26Z</time>
      </trkpt>
      <trkpt lat="34.23313" lon="-118.18939">
        <ele>822.71</ele>
        <time>2025-05-17T17:18:29Z</time>
      </trkpt>
      <trkpt lat="34.23312" lon="-118.18942">
        <ele>822.74</ele>
        <time>2025-05-17T17:18:32Z</time>
      </trkpt>
      <trkpt lat="34.23311" lon="-118.18946">
        <ele>822.93</ele>
        <time>2025-05-17T17:18:35Z</time>
      </trkpt>
      <trkpt lat="34.2331" lon="-118.18949">
        <ele>822.93</ele>
        <time>2025-05-17T17:18:37Z</time>
      </trkpt>
      <trkpt lat="34.23309" lon="-118.18954">
        <ele>823.18</ele>
        <time>2025-05-17T17:18:40Z</time>
      </trkpt>
      <trkpt lat="34.23307" lon="-118.18958">
        <ele>823.4</ele>
        <time>2025-05-17T17:18:43Z</time>
      </trkpt>
      <trkpt lat="34.23306" lon="-118.18962">
        <ele>823.94</ele>
        <time>2025-05-17T17:18:46Z</time>
      </trkpt>
      <trkpt lat="34.23304" lon="-118.18964">
        <ele>823.96</ele>
        <time>2025-05-17T17:18:50Z</time>
      </trkpt>
      <trkpt lat="34.23301" lon="-118.18966">
        <ele>824.0</ele>
        <time>2025-05-17T17:18:58Z</time>
      </trkpt>
      <trkpt lat="34.23299" lon="-118.18968">
        <ele>824.44</ele>
        <time>2025-05-17T17:19:16Z</time>
      </trkpt>
      <trkpt lat="34.23296" lon="-118.18969">
        <ele>824.23</ele>
        <time>2025-05-17T17:19:21Z</time>
      </trkpt>
      <trkpt lat="34.23298" lon="-118.18966">
        <ele>823.13</ele>
        <time>2025-05-17T17:19:29Z</time>
      </trkpt>
      <trkpt lat="34.233" lon="-118.18966">
        <ele>823.71</ele>
        <time>2025-05-17T17:19:44Z</time>
      </trkpt>
      <trkpt lat="34.23298" lon="-118.18973">
        <ele>826.62</ele>
        <time>2025-05-17T17:21:32Z</time>
      </trkpt>
      <trkpt lat="34.23296" lon="-118.18979">
        <ele>828.19</ele>
        <time>2025-05-17T17:21:37Z</time>
      </trkpt>
      <trkpt lat="34.23291" lon="-118.18982">
        <ele>829.22</ele>
        <time>2025-05-17T17:21:41Z</time>
      </trkpt>
      <trkpt lat="34.23287" lon="-118.18982">
        <ele>829.24</ele>
        <time>2025-05-17T17:21:44Z</time>
      </trkpt>
      <trkpt lat="34.23283" lon="-118.18981">
        <ele>830.05</ele>
        <time>2025-05-17T17:21:47Z</time>
      </trkpt>
      <trkpt lat="34.2328" lon="-118.1898">
        <ele>830.4</ele>
        <time>2025-05-17T17:21:50Z</time>
      </trkpt>
      <trkpt lat="34.23278" lon="-118.18976">
        <ele>828.4</ele>
        <time>2025-05-17T17:21:53Z</time>
      </trkpt>
      <trkpt lat="34.23277" lon="-118.18972">
        <ele>826.32</ele>
        <time>2025-05-17T17:21:55Z</time>
      </trkpt>
      <trkpt lat="34.23277" lon="-118.18968">
        <ele>824.56</ele>
        <time>2025-05-17T17:21:58Z</time>
      </trkpt>
      <trkpt lat="34.23276" lon="-118.18964">
        <ele>823.24</ele>
        <time>2025-05-17T17:22:01Z</time>
      </trkpt>
      <trkpt lat="34.23276" lon="-118.18961">
        <ele>821.46</ele>
        <time>2025-05-17T17:22:03Z</time>
      </trkpt>
      <trkpt lat="34.23274" lon="-118.18959">
        <ele>820.89</ele>
        <time>2025-05-17T17:22:09Z</time>
      </trkpt>
      <trkpt lat="34.23272" lon="-118.18955">
        <ele>818.8</ele>
        <time>2025-05-17T17:22:15Z</time>
      </trkpt>
      <trkpt lat="34.23269" lon="-118.18953">
        <ele>818.46</ele>
        <time>2025-05-17T17:22:18Z</time>
      </trkpt>
      <trkpt lat="34.23266" lon="-118.18951">
        <ele>818.93</ele>
        <time>2025-05-17T17:22:21Z</time>
      </trkpt>
      <trkpt lat="34.23263" lon="-118.18948">
        <ele>818.39</ele>
        <time>2025-05-17T17:22:24Z</time>
      </trkpt>
      <trkpt lat="34.2326" lon="-118.18946">
        <ele>818.06</ele>
        <time>2025-05-17T17:22:27Z</time>
      </trkpt>
      <trkpt lat="34.23257" lon="-118.18943">
        <ele>818.33</ele>
        <time>2025-05-17T17:22:30Z</time>
      </trkpt>
      <trkpt lat="34.23254" lon="-118.1894">
        <ele>819.01</ele>
        <time>2025-05-17T17:22:33Z</time>
      </trkpt>
      <trkpt lat="34.23253" lon="-118.18936">
        <ele>817.21</ele>
        <time>2025-05-17T17:22:36Z</time>
      </trkpt>
      <trkpt lat="34.23252" lon="-118.18931">
        <ele>815.78</ele>
        <time>2025-05-17T17:22:39Z</time>
      </trkpt>
      <trkpt lat="34.23251" lon="-118.18928">
        <ele>815.24</ele>
        <time>2025-05-17T17:22:42Z</time>
      </trkpt>
      <trkpt lat="34.2325" lon="-118.18924">
        <ele>814.58</ele>
        <time>2025-05-17T17:22:45Z</time>
      </trkpt>
      <trkpt lat="34.23249" lon="-118.18921">
        <ele>814.47</ele>
        <time>2025-05-17T17:22:47Z</time>
      </trkpt>
      <trkpt lat="34.23248" lon="-118.18918">
        <ele>814.21</ele>
        <time>2025-05-17T17:22:49Z</time>
      </trkpt>
      <trkpt lat="34.23247" lon="-118.18913">
        <ele>813.77</ele>
        <time>2025-05-17T17:22:52Z</time>
      </trkpt>
      <trkpt lat="34.23246" lon="-118.18909">
        <ele>813.54</ele>
        <time>2025-05-17T17:22:55Z</time>
      </trkpt>
      <trkpt lat="34.23245" lon="-118.18905">
        <ele>813.24</ele>
        <time>2025-05-17T17:22:58Z</time>
      </trkpt>
      <trkpt lat="34.23244" lon="-118.18902">
        <ele>813.15</ele>
        <time>2025-05-17T17:23:01Z</time>
      </trkpt>
      <trkpt lat="34.23243" lon="-118.18898">
        <ele>813.0</ele>
        <time>2025-05-17T17:23:03Z</time>
      </trkpt>
      <trkpt lat="34.23241" lon="-118.18895">
        <ele>813.54</ele>
        <time>2025-05-17T17:23:06Z</time>
      </trkpt>
      <trkpt lat="34.2324" lon="-118.18891">
        <ele>813.47</ele>
        <time>2025-05-17T17:23:09Z</time>
      </trkpt>
      <trkpt lat="34.23239" lon="-118.18886">
        <ele>813.56</ele>
        <time>2025-05-17T17:23:12Z</time>
      </trkpt>
      <trkpt lat="34.23239" lon="-118.18882">
        <ele>813.56</ele>
        <time>2025-05-17T17:23:15Z</time>
      </trkpt>
      <trkpt lat="34.2324" lon="-118.18878">
        <ele>813.25</ele>
        <time>2025-05-17T17:23:17Z</time>
      </trkpt>
      <trkpt lat="34.23241" lon="-118.18875">
        <ele>812.86</ele>
        <time>2025-05-17T17:23:19Z</time>
      </trkpt>
      <trkpt lat="34.23242" lon="-118.18871">
        <ele>812.32</ele>
        <time>2025-05-17T17:23:22Z</time>
      </trkpt>
      <trkpt lat="34.23243" lon="-118.18866">
        <ele>812.25</ele>
        <time>2025-05-17T17:23:25Z</time>
      </trkpt>
      <trkpt lat="34.23244" lon="-118.18862">
        <ele>812.14</ele>
        <time>2025-05-17T17:23:28Z</time>
      </trkpt>
      <trkpt lat="34.23245" lon="-118.18859">
        <ele>811.93</ele>
        <time>2025-05-17T17:23:31Z</time>
      </trkpt>
      <trkpt lat="34.23246" lon="-118.18855">
        <ele>811.82</ele>
        <time>2025-05-17T17:23:34Z</time>
      </trkpt>
      <trkpt lat="34.23247" lon="-118.18851">
        <ele>811.71</ele>
        <time>2025-05-17T17:23:37Z</time>
      </trkpt>
      <trkpt lat="34.23248" lon="-118.18847">
        <ele>811.6</ele>
        <time>2025-05-17T17:23:40Z</time>
      </trkpt>
      <trkpt lat="34.23249" lon="-118.18842">
        <ele>811.6</ele>
        <time>2025-05-17T17:23:43Z</time>
      </trkpt>
      <trkpt lat="34.2325" lon="-118.18839">
        <ele>811.39</ele>
        <time>2025-05-17T17:23:46Z</time>
      </trkpt>
      <trkpt lat="34.23251" lon="-118.18835">
        <ele>811.28</ele>
        <time>2025-05-17T17:23:49Z</time>
      </trkpt>
      <trkpt lat="34.23252" lon="-118.18832">
        <ele>811.06</ele>
        <time>2025-05-17T17:23:51Z</time>
      </trkpt>
      <trkpt lat="34.23253" lon="-118.18827">
        <ele>811.06</ele>
        <time>2025-05-17T17:23:54Z</time>
      </trkpt>
      <trkpt lat="34.23254" lon="-118.18823">
        <ele>810.96</ele>
        <time>2025-05-17T17:23:57Z</time>
      </trkpt>
      <trkpt lat="34.23255" lon="-118.18819">
        <ele>810.85</ele>
        <time>2025-05-17T17:24:00Z</time>
      </trkpt>
      <trkpt lat="34.23256" lon="-118.18815">
        <ele>810.74</ele>
        <time>2025-05-17T17:24:03Z</time>
      </trkpt>
      <trkpt lat="34.23257" lon="-118.1881">
        <ele>810.74</ele>
        <time>2025-05-17T17:24:06Z</time>
      </trkpt>
      <trkpt lat="34.23258" lon="-118.18807">
        <ele>810.52</ele>
        <time>2025-05-17T17:24:08Z</time>
      </trkpt>
      <trkpt lat="34.23258" lon="-118.18803">
        <ele>810.44</ele>
        <time>2025-05-17T17:24:11Z</time>
      </trkpt>
      <trkpt lat="34.23258" lon="-118.18798">
        <ele>809.97</ele>
        <time>2025-05-17T17:24:14Z</time>
      </trkpt>
      <trkpt lat="34.23258" lon="-118.18795">
        <ele>809.84</ele>
        <time>2025-05-17T17:24:16Z</time>
      </trkpt>
      <trkpt lat="34.23259" lon="-118.1879">
        <ele>809.19</ele>
        <time>2025-05-17T17:24:19Z</time>
      </trkpt>
      <trkpt lat="34.2326" lon="-118.18786">
        <ele>808.5</ele>
        <time>2025-05-17T17:24:22Z</time>
      </trkpt>
      <trkpt lat="34.23261" lon="-118.18783">
        <ele>807.71</ele>
        <time>2025-05-17T17:24:24Z</time>
      </trkpt>
      <trkpt lat="34.23261" lon="-118.18778">
        <ele>807.27</ele>
        <time>2025-05-17T17:24:26Z</time>
      </trkpt>
      <trkpt lat="34.23262" lon="-118.18775">
        <ele>806.3</ele>
        <time>2025-05-17T17:24:28Z</time>
      </trkpt>
      <trkpt lat="34.23261" lon="-118.1877">
        <ele>805.73</ele>
        <time>2025-05-17T17:24:31Z</time>
      </trkpt>
      <trkpt lat="34.2326" lon="-118.18766">
        <ele>805.24</ele>
        <time>2025-05-17T17:24:34Z</time>
      </trkpt>
      <trkpt lat="34.2326" lon="-118.18762">
        <ele>804.41</ele>
        <time>2025-05-17T17:24:36Z</time>
      </trkpt>
      <trkpt lat="34.23259" lon="-118.18759">
        <ele>804.03</ele>
        <time>2025-05-17T17:24:38Z</time>
      </trkpt>
      <trkpt lat="34.23257" lon="-118.18755">
        <ele>803.7</ele>
        <time>2025-05-17T17:24:41Z</time>
      </trkpt>
      <trkpt lat="34.23255" lon="-118.18751">
        <ele>803.19</ele>
        <time>2025-05-17T17:24:44Z</time>
      </trkpt>
      <trkpt lat="34.23253" lon="-118.18748">
        <ele>802.85</ele>
        <time>2025-05-17T17:24:47Z</time>
      </trkpt>
      <trkpt lat="34.2325" lon="-118.18745">
        <ele>802.92</ele>
        <time>2025-05-17T17:24:50Z</time>
      </trkpt>
      <trkpt lat="34.23248" lon="-118.18742">
        <ele>802.52</ele>
        <time>2025-05-17T17:24:52Z</time>
      </trkpt>
      <trkpt lat="34.23245" lon="-118.18739">
        <ele>801.98</ele>
        <time>2025-05-17T17:24:55Z</time>
      </trkpt>
      <trkpt lat="34.23242" lon="-118.18735">
        <ele>801.0</ele>
        <time>2025-05-17T17:24:58Z</time>
      </trkpt>
      <trkpt lat="34.2324" lon="-118.18733">
        <ele>800.57</ele>
        <time>2025-05-17T17:25:00Z</time>
      </trkpt>
      <trkpt lat="34.23237" lon="-118.18732">
        <ele>800.57</ele>
        <time>2025-05-17T17:25:02Z</time>
      </trkpt>
      <trkpt lat="34.23235" lon="-118.1873">
        <ele>800.2</ele>
        <time>2025-05-17T17:25:04Z</time>
      </trkpt>
      <trkpt lat="34.23231" lon="-118.18728">
        <ele>799.87</ele>
        <time>2025-05-17T17:25:07Z</time>
      </trkpt>
      <trkpt lat="34.23228" lon="-118.18727">
        <ele>799.55</ele>
        <time>2025-05-17T17:25:10Z</time>
      </trkpt>
      <trkpt lat="34.23224" lon="-118.18727">
        <ele>799.55</ele>
        <time>2025-05-17T17:25:13Z</time>
      </trkpt>
      <trkpt lat="34.2322" lon="-118.18728">
        <ele>799.87</ele>
        <time>2025-05-17T17:25:16Z</time>
      </trkpt>
      <trkpt lat="34.23217" lon="-118.1873">
        <ele>800.52</ele>
        <time>2025-05-17T17:25:19Z</time>
      </trkpt>
      <trkpt lat="34.23214" lon="-118.18731">
        <ele>800.84</ele>
        <time>2025-05-17T17:25:21Z</time>
      </trkpt>
      <trkpt lat="34.23211" lon="-118.18731">
        <ele>801.07</ele>
        <time>2025-05-17T17:25:23Z</time>
      </trkpt>
      <trkpt lat="34.23208" lon="-118.18732">
        <ele>801.64</ele>
        <time>2025-05-17T17:25:26Z</time>
      </trkpt>
      <trkpt lat="34.23204" lon="-118.18731">
        <ele>801.86</ele>
        <time>2025-05-17T17:25:29Z</time>
      </trkpt>
      <trkpt lat="34.23201" lon="-118.18729">
        <ele>802.42</ele>
        <time>2025-05-17T17:25:32Z</time>
      </trkpt>
      <trkpt lat="34.23199" lon="-118.18726">
        <ele>802.64</ele>
        <time>2025-05-17T17:25:35Z</time>
      </trkpt>
      <trkpt lat="34.23199" lon="-118.18722">
        <ele>801.96</ele>
        <time>2025-05-17T17:25:37Z</time>
      </trkpt>
      <trkpt lat="34.23198" lon="-118.18718">
        <ele>801.1</ele>
        <time>2025-05-17T17:25:40Z</time>
      </trkpt>
      <trkpt lat="34.23198" lon="-118.18713">
        <ele>799.48</ele>
        <time>2025-05-17T17:25:43Z</time>
      </trkpt>
      <trkpt lat="34.23197" lon="-118.18709">
        <ele>798.18</ele>
        <time>2025-05-17T17:25:46Z</time>
      </trkpt>
      <trkpt lat="34.23196" lon="-118.18704">
        <ele>796.46</ele>
        <time>2025-05-17T17:25:49Z</time>
      </trkpt>
      <trkpt lat="34.23195" lon="-118.187">
        <ele>795.16</ele>
        <time>2025-05-17T17:25:52Z</time>
      </trkpt>
      <trkpt lat="34.23194" lon="-118.18696">
        <ele>793.87</ele>
        <time>2025-05-17T17:25:55Z</time>
      </trkpt>
      <trkpt lat="34.23194" lon="-118.18692">
        <ele>792.66</ele>
        <time>2025-05-17T17:25:57Z</time>
      </trkpt>
      <trkpt lat="34.23194" lon="-118.18688">
        <ele>791.8</ele>
        <time>2025-05-17T17:26:00Z</time>
      </trkpt>
      <trkpt lat="34.23194" lon="-118.18684">
        <ele>791.2</ele>
        <time>2025-05-17T17:26:03Z</time>
      </trkpt>
      <trkpt lat="34.23196" lon="-118.18679">
        <ele>790.22</ele>
        <time>2025-05-17T17:26:06Z</time>
      </trkpt>
      <trkpt lat="34.23198" lon="-118.18677">
        <ele>789.12</ele>
        <time>2025-05-17T17:26:09Z</time>
      </trkpt>
      <trkpt lat="34.232" lon="-118.18674">
        <ele>788.21</ele>
        <time>2025-05-17T17:26:13Z</time>
      </trkpt>
      <trkpt lat="34.23202" lon="-118.18671">
        <ele>787.45</ele>
        <time>2025-05-17T17:26:16Z</time>
      </trkpt>
      <trkpt lat="34.23204" lon="-118.18667">
        <ele>786.83</ele>
        <time>2025-05-17T17:26:18Z</time>
      </trkpt>
      <trkpt lat="34.23206" lon="-118.18664">
        <ele>786.58</ele>
        <time>2025-05-17T17:26:20Z</time>
      </trkpt>
      <trkpt lat="34.23207" lon="-118.18662">
        <ele>786.58</ele>
        <time>2025-05-17T17:26:22Z</time>
      </trkpt>
      <trkpt lat="34.2321" lon="-118.18657">
        <ele>786.38</ele>
        <time>2025-05-17T17:26:25Z</time>
      </trkpt>
      <trkpt lat="34.23211" lon="-118.18655">
        <ele>786.42</ele>
        <time>2025-05-17T17:26:27Z</time>
      </trkpt>
      <trkpt lat="34.23213" lon="-118.18651">
        <ele>786.37</ele>
        <time>2025-05-17T17:26:30Z</time>
      </trkpt>
      <trkpt lat="34.23215" lon="-118.18647">
        <ele>786.34</ele>
        <time>2025-05-17T17:26:33Z</time>
      </trkpt>
      <trkpt lat="34.23216" lon="-118.18643">
        <ele>786.62</ele>
        <time>2025-05-17T17:26:36Z</time>
      </trkpt>
      <trkpt lat="34.23218" lon="-118.18638">
        <ele>786.47</ele>
        <time>2025-05-17T17:26:39Z</time>
      </trkpt>
      <trkpt lat="34.2322" lon="-118.18635">
        <ele>786.04</ele>
        <time>2025-05-17T17:26:42Z</time>
      </trkpt>
      <trkpt lat="34.23222" lon="-118.18631">
        <ele>785.82</ele>
        <time>2025-05-17T17:26:45Z</time>
      </trkpt>
      <trkpt lat="34.23224" lon="-118.18627">
        <ele>785.8</ele>
        <time>2025-05-17T17:26:48Z</time>
      </trkpt>
      <trkpt lat="34.23225" lon="-118.18624">
        <ele>786.02</ele>
        <time>2025-05-17T17:26:50Z</time>
      </trkpt>
      <trkpt lat="34.23226" lon="-118.18621">
        <ele>786.23</ele>
        <time>2025-05-17T17:26:52Z</time>
      </trkpt>
      <trkpt lat="34.23227" lon="-118.18618">
        <ele>786.07</ele>
        <time>2025-05-17T17:26:54Z</time>
      </trkpt>
      <trkpt lat="34.23228" lon="-118.18615">
        <ele>785.87</ele>
        <time>2025-05-17T17:26:56Z</time>
      </trkpt>
      <trkpt lat="34.2323" lon="-118.18611">
        <ele>785.48</ele>
        <time>2025-05-17T17:26:59Z</time>
      </trkpt>
      <trkpt lat="34.23234" lon="-118.18609">
        <ele>783.91</ele>
        <time>2025-05-17T17:27:02Z</time>
      </trkpt>
      <trkpt lat="34.23237" lon="-118.18608">
        <ele>782.62</ele>
        <time>2025-05-17T17:27:05Z</time>
      </trkpt>
      <trkpt lat="34.2324" lon="-118.1861">
        <ele>781.32</ele>
        <time>2025-05-17T17:27:08Z</time>
      </trkpt>
      <trkpt lat="34.23241" lon="-118.18613">
        <ele>780.71</ele>
        <time>2025-05-17T17:27:11Z</time>
      </trkpt>
      <trkpt lat="34.23242" lon="-118.18618">
        <ele>779.85</ele>
        <time>2025-05-17T17:27:14Z</time>
      </trkpt>
      <trkpt lat="34.23242" lon="-118.18622">
        <ele>779.39</ele>
        <time>2025-05-17T17:27:17Z</time>
      </trkpt>
      <trkpt lat="34.23241" lon="-118.18626">
        <ele>779.29</ele>
        <time>2025-05-17T17:27:20Z</time>
      </trkpt>
      <trkpt lat="34.2324" lon="-118.1863">
        <ele>779.16</ele>
        <time>2025-05-17T17:27:23Z</time>
      </trkpt>
      <trkpt lat="34.23239" lon="-118.18634">
        <ele>778.71</ele>
        <time>2025-05-17T17:27:26Z</time>
      </trkpt>
      <trkpt lat="34.23237" lon="-118.18638">
        <ele>778.77</ele>
        <time>2025-05-17T17:27:29Z</time>
      </trkpt>
      <trkpt lat="34.23235" lon="-118.18642">
        <ele>778.68</ele>
        <time>2025-05-17T17:27:32Z</time>
      </trkpt>
      <trkpt lat="34.23234" lon="-118.18645">
        <ele>778.41</ele>
        <time>2025-05-17T17:27:35Z</time>
      </trkpt>
      <trkpt lat="34.23232" lon="-118.18649">
        <ele>778.53</ele>
        <time>2025-05-17T17:27:38Z</time>
      </trkpt>
      <trkpt lat="34.2323" lon="-118.18653">
        <ele>778.59</ele>
        <time>2025-05-17T17:27:41Z</time>
      </trkpt>
      <trkpt lat="34.23228" lon="-118.18656">
        <ele>778.81</ele>
        <time>2025-05-17T17:27:44Z</time>
      </trkpt>
      <trkpt lat="34.23226" lon="-118.1866">
        <ele>779.09</ele>
        <time>2025-05-17T17:27:47Z</time>
      </trkpt>
      <trkpt lat="34.23224" lon="-118.18664">
        <ele>779.52</ele>
        <time>2025-05-17T17:27:50Z</time>
      </trkpt>
      <trkpt lat="34.23222" lon="-118.18667">
        <ele>780.04</ele>
        <time>2025-05-17T17:27:53Z</time>
      </trkpt>
      <trkpt lat="34.23221" lon="-118.18672">
        <ele>779.74</ele>
        <time>2025-05-17T17:27:56Z</time>
      </trkpt>
      <trkpt lat="34.23221" lon="-118.18676">
        <ele>779.26</ele>
        <time>2025-05-17T17:27:59Z</time>
      </trkpt>
      <trkpt lat="34.23221" lon="-118.1868">
        <ele>779.26</ele>
        <time>2025-05-17T17:28:01Z</time>
      </trkpt>
      <trkpt lat="34.23222" lon="-118.18684">
        <ele>779.05</ele>
        <time>2025-05-17T17:28:03Z</time>
      </trkpt>
      <trkpt lat="34.23223" lon="-118.18687">
        <ele>779.06</ele>
        <time>2025-05-17T17:28:05Z</time>
      </trkpt>
      <trkpt lat="34.23226" lon="-118.18689">
        <ele>778.93</ele>
        <time>2025-05-17T17:28:07Z</time>
      </trkpt>
      <trkpt lat="34.23228" lon="-118.18689">
        <ele>778.68</ele>
        <time>2025-05-17T17:28:09Z</time>
      </trkpt>
      <trkpt lat="34.23232" lon="-118.18689">
        <ele>778.2</ele>
        <time>2025-05-17T17:28:12Z</time>
      </trkpt>
      <trkpt lat="34.23234" lon="-118.18688">
        <ele>777.72</ele>
        <time>2025-05-17T17:28:14Z</time>
      </trkpt>
      <trkpt lat="34.23238" lon="-118.18687">
        <ele>777.02</ele>
        <time>2025-05-17T17:28:17Z</time>
      </trkpt>
      <trkpt lat="34.23241" lon="-118.18685">
        <ele>775.94</ele>
        <time>2025-05-17T17:28:20Z</time>
      </trkpt>
      <trkpt lat="34.23244" lon="-118.18685">
        <ele>775.93</ele>
        <time>2025-05-17T17:28:23Z</time>
      </trkpt>
      <trkpt lat="34.23248" lon="-118.18684">
        <ele>775.52</ele>
        <time>2025-05-17T17:28:26Z</time>
      </trkpt>
      <trkpt lat="34.23251" lon="-118.18683">
        <ele>774.97</ele>
        <time>2025-05-17T17:28:29Z</time>
      </trkpt>
      <trkpt lat="34.23255" lon="-118.18682">
        <ele>774.27</ele>
        <time>2025-05-17T17:28:32Z</time>
      </trkpt>
      <trkpt lat="34.23258" lon="-118.18682">
        <ele>774.06</ele>
        <time>2025-05-17T17:28:35Z</time>
      </trkpt>
      <trkpt lat="34.23262" lon="-118.18682">
        <ele>773.97</ele>
        <time>2025-05-17T17:28:38Z</time>
      </trkpt>
      <trkpt lat="34.23266" lon="-118.18682">
        <ele>773.97</ele>
        <time>2025-05-17T17:28:41Z</time>
      </trkpt>
      <trkpt lat="34.2327" lon="-118.18682">
        <ele>773.97</ele>
        <time>2025-05-17T17:28:44Z</time>
      </trkpt>
      <trkpt lat="34.23273" lon="-118.18682">
        <ele>773.97</ele>
        <time>2025-05-17T17:28:46Z</time>
      </trkpt>
      <trkpt lat="34.23276" lon="-118.18683">
        <ele>774.29</ele>
        <time>2025-05-17T17:28:49Z</time>
      </trkpt>
      <trkpt lat="34.2328" lon="-118.18683">
        <ele>774.29</ele>
        <time>2025-05-17T17:28:52Z</time>
      </trkpt>
      <trkpt lat="34.23284" lon="-118.18683">
        <ele>774.29</ele>
        <time>2025-05-17T17:28:55Z</time>
      </trkpt>
      <trkpt lat="34.23288" lon="-118.18684">
        <ele>774.62</ele>
        <time>2025-05-17T17:28:58Z</time>
      </trkpt>
      <trkpt lat="34.23291" lon="-118.18684">
        <ele>774.62</ele>
        <time>2025-05-17T17:29:00Z</time>
      </trkpt>
      <trkpt lat="34.23294" lon="-118.18684">
        <ele>774.62</ele>
        <time>2025-05-17T17:29:03Z</time>
      </trkpt>
      <trkpt lat="34.23297" lon="-118.18685">
        <ele>774.87</ele>
        <time>2025-05-17T17:29:05Z</time>
      </trkpt>
      <trkpt lat="34.23301" lon="-118.18684">
        <ele>774.17</ele>
        <time>2025-05-17T17:29:08Z</time>
      </trkpt>
      <trkpt lat="34.23304" lon="-118.18684">
        <ele>773.89</ele>
        <time>2025-05-17T17:29:10Z</time>
      </trkpt>
      <trkpt lat="34.23307" lon="-118.18684">
        <ele>773.45</ele>
        <time>2025-05-17T17:29:13Z</time>
      </trkpt>
      <trkpt lat="34.23311" lon="-118.18684">
        <ele>772.64</ele>
        <time>2025-05-17T17:29:16Z</time>
      </trkpt>
      <trkpt lat="34.23315" lon="-118.18684">
        <ele>771.81</ele>
        <time>2025-05-17T17:29:19Z</time>
      </trkpt>
      <trkpt lat="34.23318" lon="-118.18684">
        <ele>770.8</ele>
        <time>2025-05-17T17:29:22Z</time>
      </trkpt>
      <trkpt lat="34.23322" lon="-118.18686">
        <ele>769.76</ele>
        <time>2025-05-17T17:29:25Z</time>
      </trkpt>
      <trkpt lat="34.23325" lon="-118.18688">
        <ele>768.83</ele>
        <time>2025-05-17T17:29:28Z</time>
      </trkpt>
      <trkpt lat="34.23328" lon="-118.18691">
        <ele>767.77</ele>
        <time>2025-05-17T17:29:31Z</time>
      </trkpt>
      <trkpt lat="34.2333" lon="-118.18694">
        <ele>767.36</ele>
        <time>2025-05-17T17:29:34Z</time>
      </trkpt>
      <trkpt lat="34.23333" lon="-118.18697">
        <ele>766.7</ele>
        <time>2025-05-17T17:29:37Z</time>
      </trkpt>
      <trkpt lat="34.23336" lon="-118.187">
        <ele>766.05</ele>
        <time>2025-05-17T17:29:40Z</time>
      </trkpt>
      <trkpt lat="34.23339" lon="-118.18703">
        <ele>765.4</ele>
        <time>2025-05-17T17:29:43Z</time>
      </trkpt>
      <trkpt lat="34.23341" lon="-118.18707">
        <ele>765.04</ele>
        <time>2025-05-17T17:29:46Z</time>
      </trkpt>
      <trkpt lat="34.23343" lon="-118.1871">
        <ele>764.55</ele>
        <time>2025-05-17T17:29:48Z</time>
      </trkpt>
      <trkpt lat="34.23344" lon="-118.18713">
        <ele>764.55</ele>
        <time>2025-05-17T17:29:50Z</time>
      </trkpt>
      <trkpt lat="34.23346" lon="-118.18716">
        <ele>764.1</ele>
        <time>2025-05-17T17:29:53Z</time>
      </trkpt>
      <trkpt lat="34.23348" lon="-118.1872">
        <ele>763.56</ele>
        <time>2025-05-17T17:29:56Z</time>
      </trkpt>
      <trkpt lat="34.2335" lon="-118.18724">
        <ele>762.76</ele>
        <time>2025-05-17T17:29:59Z</time>
      </trkpt>
      <trkpt lat="34.23351" lon="-118.18727">
        <ele>762.32</ele>
        <time>2025-05-17T17:30:02Z</time>
      </trkpt>
      <trkpt lat="34.2335" lon="-118.18732">
        <ele>762.54</ele>
        <time>2025-05-17T17:30:05Z</time>
      </trkpt>
      <trkpt lat="34.23349" lon="-118.18735">
        <ele>762.54</ele>
        <time>2025-05-17T17:30:08Z</time>
      </trkpt>
      <trkpt lat="34.23347" lon="-118.18739">
        <ele>762.76</ele>
        <time>2025-05-17T17:30:11Z</time>
      </trkpt>
      <trkpt lat="34.23345" lon="-118.18744">
        <ele>762.42</ele>
        <time>2025-05-17T17:30:14Z</time>
      </trkpt>
      <trkpt lat="34.23343" lon="-118.18747">
        <ele>762.49</ele>
        <time>2025-05-17T17:30:17Z</time>
      </trkpt>
      <trkpt lat="34.23341" lon="-118.18751">
        <ele>762.58</ele>
        <time>2025-05-17T17:30:20Z</time>
      </trkpt>
      <trkpt lat="34.2334" lon="-118.18756">
        <ele>762.47</ele>
        <time>2025-05-17T17:30:23Z</time>
      </trkpt>
      <trkpt lat="34.23338" lon="-118.18759">
        <ele>763.01</ele>
        <time>2025-05-17T17:30:26Z</time>
      </trkpt>
      <trkpt lat="34.23336" lon="-118.18763">
        <ele>763.73</ele>
        <time>2025-05-17T17:30:29Z</time>
      </trkpt>
      <trkpt lat="34.23334" lon="-118.18767">
        <ele>764.65</ele>
        <time>2025-05-17T17:30:32Z</time>
      </trkpt>
      <trkpt lat="34.23332" lon="-118.18771">
        <ele>765.02</ele>
        <time>2025-05-17T17:30:35Z</time>
      </trkpt>
      <trkpt lat="34.2333" lon="-118.18774">
        <ele>765.13</ele>
        <time>2025-05-17T17:30:38Z</time>
      </trkpt>
      <trkpt lat="34.2333" lon="-118.18778">
        <ele>764.72</ele>
        <time>2025-05-17T17:30:41Z</time>
      </trkpt>
      <trkpt lat="34.2333" lon="-118.18781">
        <ele>764.72</ele>
        <time>2025-05-17T17:30:43Z</time>
      </trkpt>
      <trkpt lat="34.23331" lon="-118.18785">
        <ele>764.5</ele>
        <time>2025-05-17T17:30:45Z</time>
      </trkpt>
      <trkpt lat="34.23333" lon="-118.18788">
        <ele>764.17</ele>
        <time>2025-05-17T17:30:48Z</time>
      </trkpt>
      <trkpt lat="34.23337" lon="-118.18789">
        <ele>763.9</ele>
        <time>2025-05-17T17:30:51Z</time>
      </trkpt>
      <trkpt lat="34.2334" lon="-118.18788">
        <ele>763.46</ele>
        <time>2025-05-17T17:30:53Z</time>
      </trkpt>
      <trkpt lat="34.23343" lon="-118.18786">
        <ele>762.68</ele>
        <time>2025-05-17T17:30:56Z</time>
      </trkpt>
      <trkpt lat="34.23346" lon="-118.18784">
        <ele>761.49</ele>
        <time>2025-05-17T17:30:59Z</time>
      </trkpt>
      <trkpt lat="34.23349" lon="-118.18783">
        <ele>760.44</ele>
        <time>2025-05-17T17:31:01Z</time>
      </trkpt>
      <trkpt lat="34.23352" lon="-118.18781">
        <ele>759.0</ele>
        <time>2025-05-17T17:31:03Z</time>
      </trkpt>
      <trkpt lat="34.23354" lon="-118.18778">
        <ele>757.38</ele>
        <time>2025-05-17T17:31:06Z</time>
      </trkpt>
      <trkpt lat="34.23357" lon="-118.18777">
        <ele>755.99</ele>
        <time>2025-05-17T17:31:09Z</time>
      </trkpt>
      <trkpt lat="34.23361" lon="-118.18777">
        <ele>754.62</ele>
        <time>2025-05-17T17:31:12Z</time>
      </trkpt>
      <trkpt lat="34.23364" lon="-118.18778">
        <ele>753.52</ele>
        <time>2025-05-17T17:31:14Z</time>
      </trkpt>
      <trkpt lat="34.23367" lon="-118.1878">
        <ele>752.69</ele>
        <time>2025-05-17T17:31:17Z</time>
      </trkpt>
      <trkpt lat="34.23369" lon="-118.18783">
        <ele>752.91</ele>
        <time>2025-05-17T17:31:20Z</time>
      </trkpt>
      <trkpt lat="34.23372" lon="-118.18787">
        <ele>753.1</ele>
        <time>2025-05-17T17:31:23Z</time>
      </trkpt>
      <trkpt lat="34.23374" lon="-118.18791">
        <ele>753.58</ele>
        <time>2025-05-17T17:31:26Z</time>
      </trkpt>
      <trkpt lat="34.23376" lon="-118.18794">
        <ele>753.51</ele>
        <time>2025-05-17T17:31:28Z</time>
      </trkpt>
      <trkpt lat="34.23377" lon="-118.18798">
        <ele>754.62</ele>
        <time>2025-05-17T17:31:31Z</time>
      </trkpt>
      <trkpt lat="34.23379" lon="-118.18802">
        <ele>755.49</ele>
        <time>2025-05-17T17:31:34Z</time>
      </trkpt>
      <trkpt lat="34.23382" lon="-118.18805">
        <ele>755.21</ele>
        <time>2025-05-17T17:31:37Z</time>
      </trkpt>
      <trkpt lat="34.23385" lon="-118.18807">
        <ele>754.03</ele>
        <time>2025-05-17T17:31:40Z</time>
      </trkpt>
      <trkpt lat="34.23388" lon="-118.18807">
        <ele>751.93</ele>
        <time>2025-05-17T17:31:42Z</time>
      </trkpt>
      <trkpt lat="34.23391" lon="-118.18806">
        <ele>750.86</ele>
        <time>2025-05-17T17:31:44Z</time>
      </trkpt>
      <trkpt lat="34.23394" lon="-118.18805">
        <ele>750.36</ele>
        <time>2025-05-17T17:31:46Z</time>
      </trkpt>
      <trkpt lat="34.23397" lon="-118.18802">
        <ele>749.69</ele>
        <time>2025-05-17T17:31:49Z</time>
      </trkpt>
      <trkpt lat="34.23398" lon="-118.18798">
        <ele>749.19</ele>
        <time>2025-05-17T17:31:52Z</time>
      </trkpt>
      <trkpt lat="34.23398" lon="-118.18794">
        <ele>748.74</ele>
        <time>2025-05-17T17:31:54Z</time>
      </trkpt>
      <trkpt lat="34.23397" lon="-118.1879">
        <ele>748.15</ele>
        <time>2025-05-17T17:31:56Z</time>
      </trkpt>
      <trkpt lat="34.23395" lon="-118.18787">
        <ele>747.31</ele>
        <time>2025-05-17T17:31:59Z</time>
      </trkpt>
      <trkpt lat="34.23392" lon="-118.18785">
        <ele>746.23</ele>
        <time>2025-05-17T17:32:01Z</time>
      </trkpt>
      <trkpt lat="34.23389" lon="-118.18783">
        <ele>745.15</ele>
        <time>2025-05-17T17:32:04Z</time>
      </trkpt>
      <trkpt lat="34.23385" lon="-118.18781">
        <ele>745.68</ele>
        <time>2025-05-17T17:32:07Z</time>
      </trkpt>
      <trkpt lat="34.23382" lon="-118.18779">
        <ele>745.85</ele>
        <time>2025-05-17T17:32:10Z</time>
      </trkpt>
      <trkpt lat="34.23379" lon="-118.18776">
        <ele>745.68</ele>
        <time>2025-05-17T17:32:13Z</time>
      </trkpt>
      <trkpt lat="34.23376" lon="-118.18773">
        <ele>745.82</ele>
        <time>2025-05-17T17:32:16Z</time>
      </trkpt>
      <trkpt lat="34.23374" lon="-118.1877">
        <ele>745.4</ele>
        <time>2025-05-17T17:32:19Z</time>
      </trkpt>
      <trkpt lat="34.23372" lon="-118.18767">
        <ele>745.04</ele>
        <time>2025-05-17T17:32:21Z</time>
      </trkpt>
      <trkpt lat="34.2337" lon="-118.18764">
        <ele>744.7</ele>
        <time>2025-05-17T17:32:24Z</time>
      </trkpt>
      <trkpt lat="34.23368" lon="-118.1876">
        <ele>744.26</ele>
        <time>2025-05-17T17:32:27Z</time>
      </trkpt>
      <trkpt lat="34.23367" lon="-118.18756">
        <ele>744.71</ele>
        <time>2025-05-17T17:32:30Z</time>
      </trkpt>
      <trkpt lat="34.23368" lon="-118.18751">
        <ele>744.48</ele>
        <time>2025-05-17T17:32:32Z</time>
      </trkpt>
      <trkpt lat="34.23369" lon="-118.18748">
        <ele>744.42</ele>
        <time>2025-05-17T17:32:34Z</time>
      </trkpt>
      <trkpt lat="34.23371" lon="-118.18745">
        <ele>743.87</ele>
        <time>2025-05-17T17:32:36Z</time>
      </trkpt>
      <trkpt lat="34.23372" lon="-118.18742">
        <ele>744.07</ele>
        <time>2025-05-17T17:32:38Z</time>
      </trkpt>
      <trkpt lat="34.23374" lon="-118.18738">
        <ele>744.27</ele>
        <time>2025-05-17T17:32:41Z</time>
      </trkpt>
      <trkpt lat="34.23378" lon="-118.18737">
        <ele>742.32</ele>
        <time>2025-05-17T17:32:44Z</time>
      </trkpt>
      <trkpt lat="34.23381" lon="-118.18736">
        <ele>741.07</ele>
        <time>2025-05-17T17:32:47Z</time>
      </trkpt>
      <trkpt lat="34.23384" lon="-118.18735">
        <ele>740.2</ele>
        <time>2025-05-17T17:32:49Z</time>
      </trkpt>
      <trkpt lat="34.23387" lon="-118.18734">
        <ele>739.34</ele>
        <time>2025-05-17T17:32:51Z</time>
      </trkpt>
      <trkpt lat="34.23389" lon="-118.18733">
        <ele>738.8</ele>
        <time>2025-05-17T17:32:53Z</time>
      </trkpt>
      <trkpt lat="34.23392" lon="-118.18732">
        <ele>737.94</ele>
        <time>2025-05-17T17:32:55Z</time>
      </trkpt>
      <trkpt lat="34.23395" lon="-118.1873">
        <ele>736.91</ele>
        <time>2025-05-17T17:32:58Z</time>
      </trkpt>
      <trkpt lat="34.23398" lon="-118.18728">
        <ele>735.68</ele>
        <time>2025-05-17T17:33:01Z</time>
      </trkpt>
      <trkpt lat="34.234" lon="-118.18725">
        <ele>735.04</ele>
        <time>2025-05-17T17:33:04Z</time>
      </trkpt>
      <trkpt lat="34.234" lon="-118.18721">
        <ele>734.64</ele>
        <time>2025-05-17T17:33:06Z</time>
      </trkpt>
      <trkpt lat="34.23399" lon="-118.18717">
        <ele>734.29</ele>
        <time>2025-05-17T17:33:09Z</time>
      </trkpt>
      <trkpt lat="34.23397" lon="-118.18712">
        <ele>733.92</ele>
        <time>2025-05-17T17:33:12Z</time>
      </trkpt>
      <trkpt lat="34.23395" lon="-118.18709">
        <ele>733.25</ele>
        <time>2025-05-17T17:33:15Z</time>
      </trkpt>
      <trkpt lat="34.23393" lon="-118.18706">
        <ele>732.44</ele>
        <time>2025-05-17T17:33:18Z</time>
      </trkpt>
      <trkpt lat="34.23391" lon="-118.18703">
        <ele>731.6</ele>
        <time>2025-05-17T17:33:21Z</time>
      </trkpt>
      <trkpt lat="34.23388" lon="-118.187">
        <ele>731.43</ele>
        <time>2025-05-17T17:33:23Z</time>
      </trkpt>
      <trkpt lat="34.23387" lon="-118.18698">
        <ele>731.08</ele>
        <time>2025-05-17T17:33:25Z</time>
      </trkpt>
      <trkpt lat="34.23384" lon="-118.18695">
        <ele>730.25</ele>
        <time>2025-05-17T17:33:28Z</time>
      </trkpt>
      <trkpt lat="34.23381" lon="-118.18692">
        <ele>729.66</ele>
        <time>2025-05-17T17:33:31Z</time>
      </trkpt>
      <trkpt lat="34.23378" lon="-118.1869">
        <ele>730.33</ele>
        <time>2025-05-17T17:33:34Z</time>
      </trkpt>
      <trkpt lat="34.23375" lon="-118.18686">
        <ele>730.31</ele>
        <time>2025-05-17T17:33:37Z</time>
      </trkpt>
      <trkpt lat="34.23373" lon="-118.18684">
        <ele>730.21</ele>
        <time>2025-05-17T17:33:40Z</time>
      </trkpt>
      <trkpt lat="34.2337" lon="-118.18681">
        <ele>730.33</ele>
        <time>2025-05-17T17:33:43Z</time>
      </trkpt>
      <trkpt lat="34.23368" lon="-118.18678">
        <ele>730.5</ele>
        <time>2025-05-17T17:33:46Z</time>
      </trkpt>
      <trkpt lat="34.23366" lon="-118.18675">
        <ele>730.27</ele>
        <time>2025-05-17T17:33:48Z</time>
      </trkpt>
      <trkpt lat="34.23364" lon="-118.18671">
        <ele>730.17</ele>
        <time>2025-05-17T17:33:51Z</time>
      </trkpt>
      <trkpt lat="34.23362" lon="-118.18667">
        <ele>729.88</ele>
        <time>2025-05-17T17:33:54Z</time>
      </trkpt>
      <trkpt lat="34.2336" lon="-118.18663">
        <ele>729.94</ele>
        <time>2025-05-17T17:33:57Z</time>
      </trkpt>
      <trkpt lat="34.23358" lon="-118.18659">
        <ele>729.68</ele>
        <time>2025-05-17T17:34:00Z</time>
      </trkpt>
      <trkpt lat="34.23357" lon="-118.18655">
        <ele>729.04</ele>
        <time>2025-05-17T17:34:03Z</time>
      </trkpt>
      <trkpt lat="34.23358" lon="-118.1865">
        <ele>728.0</ele>
        <time>2025-05-17T17:34:06Z</time>
      </trkpt>
      <trkpt lat="34.2336" lon="-118.18647">
        <ele>727.01</ele>
        <time>2025-05-17T17:34:09Z</time>
      </trkpt>
      <trkpt lat="34.23364" lon="-118.18647">
        <ele>726.17</ele>
        <time>2025-05-17T17:34:12Z</time>
      </trkpt>
      <trkpt lat="34.23366" lon="-118.18648">
        <ele>725.92</ele>
        <time>2025-05-17T17:34:15Z</time>
      </trkpt>
      <trkpt lat="34.23369" lon="-118.18651">
        <ele>725.91</ele>
        <time>2025-05-17T17:34:18Z</time>
      </trkpt>
      <trkpt lat="34.23372" lon="-118.18654">
        <ele>725.8</ele>
        <time>2025-05-17T17:34:21Z</time>
      </trkpt>
      <trkpt lat="34.23373" lon="-118.18658">
        <ele>726.23</ele>
        <time>2025-05-17T17:34:24Z</time>
      </trkpt>
      <trkpt lat="34.23374" lon="-118.18661">
        <ele>726.36</ele>
        <time>2025-05-17T17:34:26Z</time>
      </trkpt>
      <trkpt lat="34.23376" lon="-118.18665">
        <ele>726.49</ele>
        <time>2025-05-17T17:34:29Z</time>
      </trkpt>
      <trkpt lat="34.23379" lon="-118.18669">
        <ele>726.62</ele>
        <time>2025-05-17T17:34:32Z</time>
      </trkpt>
      <trkpt lat="34.23382" lon="-118.18672">
        <ele>726.38</ele>
        <time>2025-05-17T17:34:35Z</time>
      </trkpt>
      <trkpt lat="34.23385" lon="-118.18674">
        <ele>725.84</ele>
        <time>2025-05-17T17:34:38Z</time>
      </trkpt>
      <trkpt lat="34.23388" lon="-118.18676">
        <ele>725.3</ele>
        <time>2025-05-17T17:34:41Z</time>
      </trkpt>
      <trkpt lat="34.23391" lon="-118.18679">
        <ele>725.21</ele>
        <time>2025-05-17T17:34:44Z</time>
      </trkpt>
      <trkpt lat="34.23394" lon="-118.18681">
        <ele>724.99</ele>
        <time>2025-05-17T17:34:47Z</time>
      </trkpt>
      <trkpt lat="34.23397" lon="-118.18683">
        <ele>724.78</ele>
        <time>2025-05-17T17:34:50Z</time>
      </trkpt>
      <trkpt lat="34.23399" lon="-118.18686">
        <ele>725.08</ele>
        <time>2025-05-17T17:34:53Z</time>
      </trkpt>
      <trkpt lat="34.23401" lon="-118.18689">
        <ele>725.62</ele>
        <time>2025-05-17T17:34:55Z</time>
      </trkpt>
      <trkpt lat="34.23402" lon="-118.18692">
        <ele>726.38</ele>
        <time>2025-05-17T17:34:57Z</time>
      </trkpt>
      <trkpt lat="34.23404" lon="-118.18694">
        <ele>726.59</ele>
        <time>2025-05-17T17:34:59Z</time>
      </trkpt>
      <trkpt lat="34.23406" lon="-118.18696">
        <ele>726.81</ele>
        <time>2025-05-17T17:35:01Z</time>
      </trkpt>
      <trkpt lat="34.23408" lon="-118.18699">
        <ele>727.35</ele>
        <time>2025-05-17T17:35:03Z</time>
      </trkpt>
      <trkpt lat="34.2341" lon="-118.18701">
        <ele>727.56</ele>
        <time>2025-05-17T17:35:05Z</time>
      </trkpt>
      <trkpt lat="34.23413" lon="-118.18704">
        <ele>727.87</ele>
        <time>2025-05-17T17:35:08Z</time>
      </trkpt>
      <trkpt lat="34.23416" lon="-118.18706">
        <ele>727.66</ele>
        <time>2025-05-17T17:35:11Z</time>
      </trkpt>
      <trkpt lat="34.2342" lon="-118.18708">
        <ele>727.4</ele>
        <time>2025-05-17T17:35:14Z</time>
      </trkpt>
      <trkpt lat="34.23422" lon="-118.18709">
        <ele>727.24</ele>
        <time>2025-05-17T17:35:17Z</time>
      </trkpt>
      <trkpt lat="34.23426" lon="-118.18708">
        <ele>726.48</ele>
        <time>2025-05-17T17:35:21Z</time>
      </trkpt>
      <trkpt lat="34.23427" lon="-118.18705">
        <ele>726.36</ele>
        <time>2025-05-17T17:35:23Z</time>
      </trkpt>
      <trkpt lat="34.23428" lon="-118.18702">
        <ele>726.45</ele>
        <time>2025-05-17T17:35:25Z</time>
      </trkpt>
      <trkpt lat="34.23429" lon="-118.18697">
        <ele>726.66</ele>
        <time>2025-05-17T17:35:27Z</time>
      </trkpt>
      <trkpt lat="34.23429" lon="-118.18693">
        <ele>726.72</ele>
        <time>2025-05-17T17:35:30Z</time>
      </trkpt>
      <trkpt lat="34.23428" lon="-118.18689">
        <ele>726.58</ele>
        <time>2025-05-17T17:35:32Z</time>
      </trkpt>
      <trkpt lat="34.23425" lon="-118.18686">
        <ele>725.8</ele>
        <time>2025-05-17T17:35:34Z</time>
      </trkpt>
      <trkpt lat="34.23423" lon="-118.18684">
        <ele>725.29</ele>
        <time>2025-05-17T17:35:36Z</time>
      </trkpt>
      <trkpt lat="34.23421" lon="-118.18682">
        <ele>724.57</ele>
        <time>2025-05-17T17:35:38Z</time>
      </trkpt>
      <trkpt lat="34.23419" lon="-118.18679">
        <ele>723.5</ele>
        <time>2025-05-17T17:35:41Z</time>
      </trkpt>
      <trkpt lat="34.23416" lon="-118.18676">
        <ele>721.94</ele>
        <time>2025-05-17T17:35:44Z</time>
      </trkpt>
      <trkpt lat="34.23415" lon="-118.18672">
        <ele>721.32</ele>
        <time>2025-05-17T17:35:47Z</time>
      </trkpt>
      <trkpt lat="34.23413" lon="-118.18669">
        <ele>720.56</ele>
        <time>2025-05-17T17:35:50Z</time>
      </trkpt>
      <trkpt lat="34.23412" lon="-118.18664">
        <ele>719.85</ele>
        <time>2025-05-17T17:35:53Z</time>
      </trkpt>
      <trkpt lat="34.23411" lon="-118.1866">
        <ele>719.34</ele>
        <time>2025-05-17T17:35:56Z</time>
      </trkpt>
      <trkpt lat="34.2341" lon="-118.18657">
        <ele>718.78</ele>
        <time>2025-05-17T17:35:58Z</time>
      </trkpt>
      <trkpt lat="34.23408" lon="-118.18653">
        <ele>717.69</ele>
        <time>2025-05-17T17:36:01Z</time>
      </trkpt>
      <trkpt lat="34.23407" lon="-118.18648">
        <ele>716.94</ele>
        <time>2025-05-17T17:36:04Z</time>
      </trkpt>
      <trkpt lat="34.23407" lon="-118.18644">
        <ele>716.49</ele>
        <time>2025-05-17T17:36:07Z</time>
      </trkpt>
      <trkpt lat="34.23406" lon="-118.1864">
        <ele>715.83</ele>
        <time>2025-05-17T17:36:10Z</time>
      </trkpt>
      <trkpt lat="34.23406" lon="-118.18635">
        <ele>714.86</ele>
        <time>2025-05-17T17:36:13Z</time>
      </trkpt>
      <trkpt lat="34.23406" lon="-118.18631">
        <ele>713.99</ele>
        <time>2025-05-17T17:36:16Z</time>
      </trkpt>
      <trkpt lat="34.23406" lon="-118.18627">
        <ele>713.37</ele>
        <time>2025-05-17T17:36:19Z</time>
      </trkpt>
      <trkpt lat="34.23406" lon="-118.18623">
        <ele>712.87</ele>
        <time>2025-05-17T17:36:22Z</time>
      </trkpt>
      <trkpt lat="34.23407" lon="-118.1862">
        <ele>712.83</ele>
        <time>2025-05-17T17:36:24Z</time>
      </trkpt>
      <trkpt lat="34.23408" lon="-118.18616">
        <ele>712.75</ele>
        <time>2025-05-17T17:36:27Z</time>
      </trkpt>
      <trkpt lat="34.23409" lon="-118.18612">
        <ele>712.77</ele>
        <time>2025-05-17T17:36:30Z</time>
      </trkpt>
      <trkpt lat="34.23408" lon="-118.18607">
        <ele>711.84</ele>
        <time>2025-05-17T17:36:33Z</time>
      </trkpt>
      <trkpt lat="34.23407" lon="-118.18603">
        <ele>710.99</ele>
        <time>2025-05-17T17:36:36Z</time>
      </trkpt>
      <trkpt lat="34.23406" lon="-118.18599">
        <ele>710.24</ele>
        <time>2025-05-17T17:36:39Z</time>
      </trkpt>
      <trkpt lat="34.23405" lon="-118.18596">
        <ele>709.59</ele>
        <time>2025-05-17T17:36:41Z</time>
      </trkpt>
      <trkpt lat="34.23404" lon="-118.18593">
        <ele>708.94</ele>
        <time>2025-05-17T17:36:43Z</time>
      </trkpt>
      <trkpt lat="34.23403" lon="-118.18589">
        <ele>708.18</ele>
        <time>2025-05-17T17:36:46Z</time>
      </trkpt>
      <trkpt lat="34.23403" lon="-118.18585">
        <ele>707.75</ele>
        <time>2025-05-17T17:36:49Z</time>
      </trkpt>
      <trkpt lat="34.23402" lon="-118.18581">
        <ele>707.25</ele>
        <time>2025-05-17T17:36:51Z</time>
      </trkpt>
      <trkpt lat="34.23402" lon="-118.18577">
        <ele>707.25</ele>
        <time>2025-05-17T17:36:54Z</time>
      </trkpt>
      <trkpt lat="34.23401" lon="-118.18572">
        <ele>706.7</ele>
        <time>2025-05-17T17:36:57Z</time>
      </trkpt>
      <trkpt lat="34.234" lon="-118.18568">
        <ele>705.94</ele>
        <time>2025-05-17T17:37:00Z</time>
      </trkpt>
      <trkpt lat="34.234" lon="-118.18564">
        <ele>705.58</ele>
        <time>2025-05-17T17:37:03Z</time>
      </trkpt>
      <trkpt lat="34.23399" lon="-118.18561">
        <ele>705.24</ele>
        <time>2025-05-17T17:37:05Z</time>
      </trkpt>
      <trkpt lat="34.23399" lon="-118.18556">
        <ele>705.19</ele>
        <time>2025-05-17T17:37:07Z</time>
      </trkpt>
      <trkpt lat="34.23398" lon="-118.18552">
        <ele>704.98</ele>
        <time>2025-05-17T17:37:09Z</time>
      </trkpt>
      <trkpt lat="34.23396" lon="-118.18548">
        <ele>704.58</ele>
        <time>2025-05-17T17:37:12Z</time>
      </trkpt>
      <trkpt lat="34.23395" lon="-118.18544">
        <ele>704.07</ele>
        <time>2025-05-17T17:37:15Z</time>
      </trkpt>
      <trkpt lat="34.23394" lon="-118.1854">
        <ele>703.42</ele>
        <time>2025-05-17T17:37:17Z</time>
      </trkpt>
      <trkpt lat="34.23393" lon="-118.18537">
        <ele>702.88</ele>
        <time>2025-05-17T17:37:19Z</time>
      </trkpt>
      <trkpt lat="34.23392" lon="-118.18533">
        <ele>702.24</ele>
        <time>2025-05-17T17:37:22Z</time>
      </trkpt>
      <trkpt lat="34.23393" lon="-118.18529">
        <ele>702.02</ele>
        <time>2025-05-17T17:37:25Z</time>
      </trkpt>
      <trkpt lat="34.23394" lon="-118.18524">
        <ele>701.47</ele>
        <time>2025-05-17T17:37:28Z</time>
      </trkpt>
      <trkpt lat="34.23396" lon="-118.18519">
        <ele>700.86</ele>
        <time>2025-05-17T17:37:31Z</time>
      </trkpt>
      <trkpt lat="34.23398" lon="-118.18515">
        <ele>700.23</ele>
        <time>2025-05-17T17:37:34Z</time>
      </trkpt>
      <trkpt lat="34.23398" lon="-118.18511">
        <ele>699.37</ele>
        <time>2025-05-17T17:37:37Z</time>
      </trkpt>
      <trkpt lat="34.23401" lon="-118.1851">
        <ele>699.49</ele>
        <time>2025-05-17T17:37:53Z</time>
      </trkpt>
      <trkpt lat="34.23404" lon="-118.1851">
        <ele>699.84</ele>
        <time>2025-05-17T17:37:55Z</time>
      </trkpt>
      <trkpt lat="34.23407" lon="-118.1851">
        <ele>700.19</ele>
        <time>2025-05-17T17:37:59Z</time>
      </trkpt>
      <trkpt lat="34.23407" lon="-118.18506">
        <ele>698.92</ele>
        <time>2025-05-17T17:38:03Z</time>
      </trkpt>
      <trkpt lat="34.23408" lon="-118.18503">
        <ele>698.1</ele>
        <time>2025-05-17T17:38:06Z</time>
      </trkpt>
      <trkpt lat="34.23411" lon="-118.18499">
        <ele>697.56</ele>
        <time>2025-05-17T17:38:09Z</time>
      </trkpt>
      <trkpt lat="34.23412" lon="-118.18495">
        <ele>696.91</ele>
        <time>2025-05-17T17:38:11Z</time>
      </trkpt>
      <trkpt lat="34.23412" lon="-118.18492">
        <ele>696.26</ele>
        <time>2025-05-17T17:38:13Z</time>
      </trkpt>
      <trkpt lat="34.23412" lon="-118.18488">
        <ele>695.85</ele>
        <time>2025-05-17T17:38:16Z</time>
      </trkpt>
      <trkpt lat="34.23412" lon="-118.18484">
        <ele>695.63</ele>
        <time>2025-05-17T17:38:19Z</time>
      </trkpt>
      <trkpt lat="34.23411" lon="-118.1848">
        <ele>695.39</ele>
        <time>2025-05-17T17:38:22Z</time>
      </trkpt>
      <trkpt lat="34.23411" lon="-118.18476">
        <ele>695.39</ele>
        <time>2025-05-17T17:38:24Z</time>
      </trkpt>
      <trkpt lat="34.2341" lon="-118.18472">
        <ele>695.26</ele>
        <time>2025-05-17T17:38:27Z</time>
      </trkpt>
      <trkpt lat="34.23409" lon="-118.18468">
        <ele>694.79</ele>
        <time>2025-05-17T17:38:30Z</time>
      </trkpt>
      <trkpt lat="34.23407" lon="-118.18465">
        <ele>694.21</ele>
        <time>2025-05-17T17:38:33Z</time>
      </trkpt>
      <trkpt lat="34.23406" lon="-118.18462">
        <ele>694.0</ele>
        <time>2025-05-17T17:38:40Z</time>
      </trkpt>
      <trkpt lat="34.23404" lon="-118.18459">
        <ele>694.0</ele>
        <time>2025-05-17T17:38:48Z</time>
      </trkpt>
      <trkpt lat="34.23404" lon="-118.18456">
        <ele>694.0</ele>
        <time>2025-05-17T17:38:51Z</time>
      </trkpt>
      <trkpt lat="34.23404" lon="-118.18451">
        <ele>694.0</ele>
        <time>2025-05-17T17:38:54Z</time>
      </trkpt>
      <trkpt lat="34.23403" lon="-118.18448">
        <ele>694.0</ele>
        <time>2025-05-17T17:39:04Z</time>
      </trkpt>
      <trkpt lat="34.23403" lon="-118.18444">
        <ele>694.0</ele>
        <time>2025-05-17T17:39:08Z</time>
      </trkpt>
      <trkpt lat="34.23403" lon="-118.18439">
        <ele>694.03</ele>
        <time>2025-05-17T17:39:11Z</time>
      </trkpt>
      <trkpt lat="34.23402" lon="-118.18435">
        <ele>693.82</ele>
        <time>2025-05-17T17:39:15Z</time>
      </trkpt>
      <trkpt lat="34.23401" lon="-118.18431">
        <ele>693.48</ele>
        <time>2025-05-17T17:39:18Z</time>
      </trkpt>
      <trkpt lat="34.234" lon="-118.18427">
        <ele>693.22</ele>
        <time>2025-05-17T17:39:21Z</time>
      </trkpt>
      <trkpt lat="34.234" lon="-118.18423">
        <ele>693.2</ele>
        <time>2025-05-17T17:39:24Z</time>
      </trkpt>
      <trkpt lat="34.234" lon="-118.1842">
        <ele>693.2</ele>
        <time>2025-05-17T17:39:27Z</time>
      </trkpt>
      <trkpt lat="34.23399" lon="-118.18416">
        <ele>693.02</ele>
        <time>2025-05-17T17:39:30Z</time>
      </trkpt>
      <trkpt lat="34.23398" lon="-118.18412">
        <ele>692.48</ele>
        <time>2025-05-17T17:39:33Z</time>
      </trkpt>
      <trkpt lat="34.23398" lon="-118.18408">
        <ele>692.05</ele>
        <time>2025-05-17T17:39:36Z</time>
      </trkpt>
      <trkpt lat="34.23398" lon="-118.18404">
        <ele>691.98</ele>
        <time>2025-05-17T17:39:39Z</time>
      </trkpt>
      <trkpt lat="34.23397" lon="-118.184">
        <ele>691.88</ele>
        <time>2025-05-17T17:39:42Z</time>
      </trkpt>
      <trkpt lat="34.23397" lon="-118.18397">
        <ele>691.75</ele>
        <time>2025-05-17T17:39:45Z</time>
      </trkpt>
      <trkpt lat="34.23398" lon="-118.18392">
        <ele>691.32</ele>
        <time>2025-05-17T17:39:49Z</time>
      </trkpt>
      <trkpt lat="34.23397" lon="-118.18388">
        <ele>690.88</ele>
        <time>2025-05-17T17:39:52Z</time>
      </trkpt>
      <trkpt lat="34.23395" lon="-118.18384">
        <ele>690.66</ele>
        <time>2025-05-17T17:39:55Z</time>
      </trkpt>
      <trkpt lat="34.23394" lon="-118.18379">
        <ele>690.45</ele>
        <time>2025-05-17T17:39:58Z</time>
      </trkpt>
      <trkpt lat="34.23394" lon="-118.18376">
        <ele>689.98</ele>
        <time>2025-05-17T17:40:00Z</time>
      </trkpt>
      <trkpt lat="34.23394" lon="-118.18372">
        <ele>689.36</ele>
        <time>2025-05-17T17:40:02Z</time>
      </trkpt>
      <trkpt lat="34.23393" lon="-118.18367">
        <ele>688.73</ele>
        <time>2025-05-17T17:40:05Z</time>
      </trkpt>
      <trkpt lat="34.23392" lon="-118.18364">
        <ele>688.44</ele>
        <time>2025-05-17T17:40:07Z</time>
      </trkpt>
      <trkpt lat="34.2339" lon="-118.1836">
        <ele>687.99</ele>
        <time>2025-05-17T17:40:09Z</time>
      </trkpt>
      <trkpt lat="34.23388" lon="-118.18357">
        <ele>687.46</ele>
        <time>2025-05-17T17:40:12Z</time>
      </trkpt>
      <trkpt lat="34.23386" lon="-118.18354">
        <ele>686.92</ele>
        <time>2025-05-17T17:40:27Z</time>
      </trkpt>
      <trkpt lat="34.23389" lon="-118.18354">
        <ele>687.23</ele>
        <time>2025-05-17T17:41:19Z</time>
      </trkpt>
      <trkpt lat="34.23386" lon="-118.18355">
        <ele>687.03</ele>
        <time>2025-05-17T17:41:39Z</time>
      </trkpt>
      <trkpt lat="34.23385" lon="-118.18355">
        <ele>686.92</ele>
        <time>2025-05-17T17:43:18Z</time>
      </trkpt>
    </trkseg>
  </trk>
</gpx>
