<?xml version="1.0"?>
<gpx xmlns="http://www.topografix.com/GPX/1/1" xmlns:xsi="http://www.w3.org/2001/XMLSchema-instance" version="1.1" creator="AllTrails.com" xsi:schemaLocation="http://www.topografix.com/GPX/1/1 http://www.topografix.com/GPX/1/1/gpx.xsd">
  <metadata>
    <name><![CDATA[Morning hike at Wall Street, Queens Garden, and Peekaboo Loop (Figure Eight Trail)]]></name>
    <desc><![CDATA[]]></desc>
    <link href="http://www.alltrails.com">
      <text>AllTrails, LLC</text>
    </link>
    <bounds minlat="37.60704" minlon="-112.16685" maxlat="37.62843" maxlon="-112.15751"/>
  </metadata>
  <trk>
    <name><![CDATA[Morning hike at Wall Street, Queens Garden, and Peekaboo Loop (Figure Eight Trail)]]></name>
    <src>AllTrails</src>
    <trkseg>
      <trkpt lat="37.62358" lon="-112.16685">
        <ele>2433.33</ele>
        <time>2025-06-24T13:31:26Z</time>
      </trkpt>
      <trkpt lat="37.62356" lon="-112.16681">
        <ele>2433.3</ele>
        <time>2025-06-24T13:31:29Z</time>
      </trkpt>
      <trkpt lat="37.62355" lon="-112.16677">
        <ele>2433.08</ele>
        <time>2025-06-24T13:31:32Z</time>
      </trkpt>
      <trkpt lat="37.62353" lon="-112.16673">
        <ele>2432.96</ele>
        <time>2025-06-24T13:31:35Z</time>
      </trkpt>
      <trkpt lat="37.62352" lon="-112.16669">
        <ele>2432.99</ele>
        <time>2025-06-24T13:31:38Z</time>
      </trkpt>
      <trkpt lat="37.62351" lon="-112.16665">
        <ele>2432.84</ele>
        <time>2025-06-24T13:31:41Z</time>
      </trkpt>
      <trkpt lat="37.62351" lon="-112.16662">
        <ele>2432.54</ele>
        <time>2025-06-24T13:31:44Z</time>
      </trkpt>
      <trkpt lat="37.62351" lon="-112.16657">
        <ele>2432.05</ele>
        <time>2025-06-24T13:31:47Z</time>
      </trkpt>
      <trkpt lat="37.62351" lon="-112.16653">
        <ele>2431.62</ele>
        <time>2025-06-24T13:31:49Z</time>
      </trkpt>
      <trkpt lat="37.62351" lon="-112.16648">
        <ele>2431.09</ele>
        <time>2025-06-24T13:31:52Z</time>
      </trkpt>
      <trkpt lat="37.62349" lon="-112.16644">
        <ele>2431.17</ele>
        <time>2025-06-24T13:31:55Z</time>
      </trkpt>
      <trkpt lat="37.62349" lon="-112.16641">
        <ele>2431.07</ele>
        <time>2025-06-24T13:31:58Z</time>
      </trkpt>
      <trkpt lat="37.62349" lon="-112.16636">
        <ele>2430.69</ele>
        <time>2025-06-24T13:32:02Z</time>
      </trkpt>
      <trkpt lat="37.62349" lon="-112.16632">
        <ele>2430.26</ele>
        <time>2025-06-24T13:32:05Z</time>
      </trkpt>
      <trkpt lat="37.62349" lon="-112.16628">
        <ele>2429.88</ele>
        <time>2025-06-24T13:32:09Z</time>
      </trkpt>
      <trkpt lat="37.62349" lon="-112.16623">
        <ele>2429.5</ele>
        <time>2025-06-24T13:32:13Z</time>
      </trkpt>
      <trkpt lat="37.62348" lon="-112.16619">
        <ele>2429.35</ele>
        <time>2025-06-24T13:32:16Z</time>
      </trkpt>
      <trkpt lat="37.62346" lon="-112.16616">
        <ele>2429.33</ele>
        <time>2025-06-24T13:32:20Z</time>
      </trkpt>
      <trkpt lat="37.62343" lon="-112.16614">
        <ele>2429.3</ele>
        <time>2025-06-24T13:32:23Z</time>
      </trkpt>
      <trkpt lat="37.62341" lon="-112.16612">
        <ele>2429.1</ele>
        <time>2025-06-24T13:32:25Z</time>
      </trkpt>
      <trkpt lat="37.62338" lon="-112.16611">
        <ele>2428.99</ele>
        <time>2025-06-24T13:32:28Z</time>
      </trkpt>
      <trkpt lat="37.62335" lon="-112.1661">
        <ele>2428.98</ele>
        <time>2025-06-24T13:32:32Z</time>
      </trkpt>
      <trkpt lat="37.62332" lon="-112.16613">
        <ele>2429.32</ele>
        <time>2025-06-24T13:32:36Z</time>
      </trkpt>
      <trkpt lat="37.62329" lon="-112.16614">
        <ele>2429.63</ele>
        <time>2025-06-24T13:32:39Z</time>
      </trkpt>
      <trkpt lat="37.62325" lon="-112.16614">
        <ele>2429.93</ele>
        <time>2025-06-24T13:32:42Z</time>
      </trkpt>
      <trkpt lat="37.62321" lon="-112.16614">
        <ele>2430.1</ele>
        <time>2025-06-24T13:32:45Z</time>
      </trkpt>
      <trkpt lat="37.62318" lon="-112.16613">
        <ele>2430.13</ele>
        <time>2025-06-24T13:32:48Z</time>
      </trkpt>
      <trkpt lat="37.62314" lon="-112.16615">
        <ele>2430.42</ele>
        <time>2025-06-24T13:32:51Z</time>
      </trkpt>
      <trkpt lat="37.62311" lon="-112.16618">
        <ele>2430.74</ele>
        <time>2025-06-24T13:32:54Z</time>
      </trkpt>
      <trkpt lat="37.62308" lon="-112.16619">
        <ele>2430.85</ele>
        <time>2025-06-24T13:32:58Z</time>
      </trkpt>
      <trkpt lat="37.62305" lon="-112.16621">
        <ele>2431.26</ele>
        <time>2025-06-24T13:33:01Z</time>
      </trkpt>
      <trkpt lat="37.62302" lon="-112.16622">
        <ele>2432.12</ele>
        <time>2025-06-24T13:33:04Z</time>
      </trkpt>
      <trkpt lat="37.62299" lon="-112.16622">
        <ele>2432.77</ele>
        <time>2025-06-24T13:33:07Z</time>
      </trkpt>
      <trkpt lat="37.62295" lon="-112.16622">
        <ele>2433.52</ele>
        <time>2025-06-24T13:33:10Z</time>
      </trkpt>
      <trkpt lat="37.62292" lon="-112.16621">
        <ele>2433.63</ele>
        <time>2025-06-24T13:33:13Z</time>
      </trkpt>
      <trkpt lat="37.62288" lon="-112.1662">
        <ele>2433.81</ele>
        <time>2025-06-24T13:33:16Z</time>
      </trkpt>
      <trkpt lat="37.62285" lon="-112.16619">
        <ele>2433.92</ele>
        <time>2025-06-24T13:33:19Z</time>
      </trkpt>
      <trkpt lat="37.62282" lon="-112.16618">
        <ele>2434.03</ele>
        <time>2025-06-24T13:33:22Z</time>
      </trkpt>
      <trkpt lat="37.62278" lon="-112.16618">
        <ele>2434.46</ele>
        <time>2025-06-24T13:33:25Z</time>
      </trkpt>
      <trkpt lat="37.62275" lon="-112.16617">
        <ele>2434.57</ele>
        <time>2025-06-24T13:33:28Z</time>
      </trkpt>
      <trkpt lat="37.62272" lon="-112.16616">
        <ele>2434.68</ele>
        <time>2025-06-24T13:33:31Z</time>
      </trkpt>
      <trkpt lat="37.62269" lon="-112.16614">
        <ele>2434.57</ele>
        <time>2025-06-24T13:33:34Z</time>
      </trkpt>
      <trkpt lat="37.62266" lon="-112.16611">
        <ele>2433.71</ele>
        <time>2025-06-24T13:33:37Z</time>
      </trkpt>
      <trkpt lat="37.62264" lon="-112.16607">
        <ele>2432.84</ele>
        <time>2025-06-24T13:33:40Z</time>
      </trkpt>
      <trkpt lat="37.62262" lon="-112.16603">
        <ele>2432.16</ele>
        <time>2025-06-24T13:33:43Z</time>
      </trkpt>
      <trkpt lat="37.62261" lon="-112.166">
        <ele>2431.56</ele>
        <time>2025-06-24T13:33:46Z</time>
      </trkpt>
      <trkpt lat="37.62259" lon="-112.16598">
        <ele>2431.15</ele>
        <time>2025-06-24T13:33:52Z</time>
      </trkpt>
      <trkpt lat="37.62259" lon="-112.16601">
        <ele>2431.77</ele>
        <time>2025-06-24T13:34:05Z</time>
      </trkpt>
      <trkpt lat="37.62262" lon="-112.16602">
        <ele>2432.02</ele>
        <time>2025-06-24T13:34:11Z</time>
      </trkpt>
      <trkpt lat="37.62264" lon="-112.16605">
        <ele>2432.51</ele>
        <time>2025-06-24T13:34:16Z</time>
      </trkpt>
      <trkpt lat="37.62266" lon="-112.16609">
        <ele>2433.33</ele>
        <time>2025-06-24T13:34:19Z</time>
      </trkpt>
      <trkpt lat="37.62269" lon="-112.1661">
        <ele>2433.7</ele>
        <time>2025-06-24T13:34:22Z</time>
      </trkpt>
      <trkpt lat="37.62272" lon="-112.1661">
        <ele>2433.34</ele>
        <time>2025-06-24T13:34:25Z</time>
      </trkpt>
      <trkpt lat="37.62275" lon="-112.16608">
        <ele>2432.39</ele>
        <time>2025-06-24T13:34:28Z</time>
      </trkpt>
      <trkpt lat="37.62278" lon="-112.16608">
        <ele>2431.97</ele>
        <time>2025-06-24T13:34:31Z</time>
      </trkpt>
      <trkpt lat="37.62281" lon="-112.16609">
        <ele>2431.97</ele>
        <time>2025-06-24T13:34:34Z</time>
      </trkpt>
      <trkpt lat="37.62284" lon="-112.1661">
        <ele>2431.97</ele>
        <time>2025-06-24T13:34:38Z</time>
      </trkpt>
      <trkpt lat="37.62287" lon="-112.16611">
        <ele>2431.97</ele>
        <time>2025-06-24T13:34:42Z</time>
      </trkpt>
      <trkpt lat="37.6229" lon="-112.16611">
        <ele>2431.33</ele>
        <time>2025-06-24T13:34:45Z</time>
      </trkpt>
      <trkpt lat="37.62293" lon="-112.16612">
        <ele>2430.97</ele>
        <time>2025-06-24T13:34:48Z</time>
      </trkpt>
      <trkpt lat="37.62296" lon="-112.16612">
        <ele>2430.35</ele>
        <time>2025-06-24T13:34:51Z</time>
      </trkpt>
      <trkpt lat="37.62293" lon="-112.1661">
        <ele>2430.51</ele>
        <time>2025-06-24T13:35:03Z</time>
      </trkpt>
      <trkpt lat="37.6229" lon="-112.16609">
        <ele>2430.82</ele>
        <time>2025-06-24T13:35:06Z</time>
      </trkpt>
      <trkpt lat="37.62287" lon="-112.16608">
        <ele>2431.0</ele>
        <time>2025-06-24T13:35:10Z</time>
      </trkpt>
      <trkpt lat="37.62284" lon="-112.16607">
        <ele>2431.0</ele>
        <time>2025-06-24T13:35:15Z</time>
      </trkpt>
      <trkpt lat="37.6228" lon="-112.16607">
        <ele>2431.43</ele>
        <time>2025-06-24T13:35:19Z</time>
      </trkpt>
      <trkpt lat="37.62277" lon="-112.16607">
        <ele>2431.79</ele>
        <time>2025-06-24T13:35:22Z</time>
      </trkpt>
      <trkpt lat="37.62274" lon="-112.16605">
        <ele>2431.7</ele>
        <time>2025-06-24T13:35:25Z</time>
      </trkpt>
      <trkpt lat="37.62271" lon="-112.16603">
        <ele>2431.75</ele>
        <time>2025-06-24T13:35:28Z</time>
      </trkpt>
      <trkpt lat="37.62269" lon="-112.16601">
        <ele>2431.62</ele>
        <time>2025-06-24T13:35:31Z</time>
      </trkpt>
      <trkpt lat="37.62267" lon="-112.16597">
        <ele>2430.51</ele>
        <time>2025-06-24T13:35:34Z</time>
      </trkpt>
      <trkpt lat="37.62263" lon="-112.16596">
        <ele>2430.48</ele>
        <time>2025-06-24T13:35:37Z</time>
      </trkpt>
      <trkpt lat="37.6226" lon="-112.16595">
        <ele>2430.46</ele>
        <time>2025-06-24T13:35:40Z</time>
      </trkpt>
      <trkpt lat="37.62258" lon="-112.16594">
        <ele>2430.38</ele>
        <time>2025-06-24T13:35:43Z</time>
      </trkpt>
      <trkpt lat="37.62255" lon="-112.16591">
        <ele>2429.84</ele>
        <time>2025-06-24T13:35:46Z</time>
      </trkpt>
      <trkpt lat="37.62253" lon="-112.16589">
        <ele>2429.52</ele>
        <time>2025-06-24T13:35:49Z</time>
      </trkpt>
      <trkpt lat="37.6225" lon="-112.16588">
        <ele>2430.01</ele>
        <time>2025-06-24T13:35:57Z</time>
      </trkpt>
      <trkpt lat="37.62249" lon="-112.16593">
        <ele>2430.3</ele>
        <time>2025-06-24T13:36:01Z</time>
      </trkpt>
      <trkpt lat="37.62247" lon="-112.16598">
        <ele>2428.09</ele>
        <time>2025-06-24T13:36:04Z</time>
      </trkpt>
      <trkpt lat="37.62246" lon="-112.16602">
        <ele>2426.53</ele>
        <time>2025-06-24T13:36:07Z</time>
      </trkpt>
      <trkpt lat="37.62245" lon="-112.16604">
        <ele>2425.57</ele>
        <time>2025-06-24T13:36:10Z</time>
      </trkpt>
      <trkpt lat="37.62242" lon="-112.16607">
        <ele>2423.01</ele>
        <time>2025-06-24T13:36:13Z</time>
      </trkpt>
      <trkpt lat="37.62241" lon="-112.16611">
        <ele>2422.2</ele>
        <time>2025-06-24T13:36:17Z</time>
      </trkpt>
      <trkpt lat="37.6224" lon="-112.16614">
        <ele>2422.79</ele>
        <time>2025-06-24T13:36:20Z</time>
      </trkpt>
      <trkpt lat="37.62241" lon="-112.16618">
        <ele>2425.11</ele>
        <time>2025-06-24T13:36:24Z</time>
      </trkpt>
      <trkpt lat="37.6224" lon="-112.16622">
        <ele>2426.32</ele>
        <time>2025-06-24T13:36:27Z</time>
      </trkpt>
      <trkpt lat="37.62239" lon="-112.16625">
        <ele>2427.12</ele>
        <time>2025-06-24T13:36:52Z</time>
      </trkpt>
      <trkpt lat="37.62237" lon="-112.16628">
        <ele>2427.93</ele>
        <time>2025-06-24T13:36:58Z</time>
      </trkpt>
      <trkpt lat="37.62236" lon="-112.16624">
        <ele>2426.04</ele>
        <time>2025-06-24T13:37:06Z</time>
      </trkpt>
      <trkpt lat="37.62236" lon="-112.1662">
        <ele>2424.22</ele>
        <time>2025-06-24T13:37:11Z</time>
      </trkpt>
      <trkpt lat="37.62235" lon="-112.16616">
        <ele>2421.08</ele>
        <time>2025-06-24T13:37:15Z</time>
      </trkpt>
      <trkpt lat="37.62234" lon="-112.16612">
        <ele>2417.57</ele>
        <time>2025-06-24T13:37:19Z</time>
      </trkpt>
      <trkpt lat="37.62233" lon="-112.16609">
        <ele>2415.77</ele>
        <time>2025-06-24T13:37:22Z</time>
      </trkpt>
      <trkpt lat="37.62232" lon="-112.16605">
        <ele>2414.15</ele>
        <time>2025-06-24T13:37:26Z</time>
      </trkpt>
      <trkpt lat="37.62231" lon="-112.16602">
        <ele>2412.98</ele>
        <time>2025-06-24T13:37:35Z</time>
      </trkpt>
      <trkpt lat="37.62232" lon="-112.16605">
        <ele>2414.15</ele>
        <time>2025-06-24T13:37:45Z</time>
      </trkpt>
      <trkpt lat="37.62232" lon="-112.16609">
        <ele>2414.96</ele>
        <time>2025-06-24T13:37:50Z</time>
      </trkpt>
      <trkpt lat="37.62232" lon="-112.16614">
        <ele>2417.82</ele>
        <time>2025-06-24T13:37:53Z</time>
      </trkpt>
      <trkpt lat="37.62231" lon="-112.16619">
        <ele>2421.67</ele>
        <time>2025-06-24T13:37:56Z</time>
      </trkpt>
      <trkpt lat="37.62227" lon="-112.16622">
        <ele>2422.51</ele>
        <time>2025-06-24T13:38:00Z</time>
      </trkpt>
      <trkpt lat="37.62225" lon="-112.16623">
        <ele>2422.52</ele>
        <time>2025-06-24T13:38:02Z</time>
      </trkpt>
      <trkpt lat="37.62222" lon="-112.16626">
        <ele>2423.55</ele>
        <time>2025-06-24T13:38:06Z</time>
      </trkpt>
      <trkpt lat="37.62219" lon="-112.16627">
        <ele>2422.75</ele>
        <time>2025-06-24T13:38:10Z</time>
      </trkpt>
      <trkpt lat="37.62219" lon="-112.16623">
        <ele>2420.46</ele>
        <time>2025-06-24T13:38:14Z</time>
      </trkpt>
      <trkpt lat="37.62221" lon="-112.1662">
        <ele>2419.34</ele>
        <time>2025-06-24T13:38:17Z</time>
      </trkpt>
      <trkpt lat="37.62222" lon="-112.16616">
        <ele>2416.66</ele>
        <time>2025-06-24T13:38:20Z</time>
      </trkpt>
      <trkpt lat="37.62223" lon="-112.16611">
        <ele>2413.15</ele>
        <time>2025-06-24T13:38:23Z</time>
      </trkpt>
      <trkpt lat="37.6222" lon="-112.16613">
        <ele>2414.28</ele>
        <time>2025-06-24T13:38:57Z</time>
      </trkpt>
      <trkpt lat="37.62218" lon="-112.16615">
        <ele>2415.37</ele>
        <time>2025-06-24T13:39:00Z</time>
      </trkpt>
      <trkpt lat="37.62216" lon="-112.16618">
        <ele>2416.71</ele>
        <time>2025-06-24T13:39:03Z</time>
      </trkpt>
      <trkpt lat="37.62214" lon="-112.16621">
        <ele>2417.62</ele>
        <time>2025-06-24T13:39:06Z</time>
      </trkpt>
      <trkpt lat="37.62211" lon="-112.16623">
        <ele>2417.53</ele>
        <time>2025-06-24T13:39:10Z</time>
      </trkpt>
      <trkpt lat="37.6221" lon="-112.16619">
        <ele>2415.86</ele>
        <time>2025-06-24T13:39:16Z</time>
      </trkpt>
      <trkpt lat="37.6221" lon="-112.16615">
        <ele>2414.41</ele>
        <time>2025-06-24T13:39:19Z</time>
      </trkpt>
      <trkpt lat="37.62211" lon="-112.1661">
        <ele>2412.88</ele>
        <time>2025-06-24T13:39:22Z</time>
      </trkpt>
      <trkpt lat="37.62212" lon="-112.16607">
        <ele>2412.56</ele>
        <time>2025-06-24T13:39:24Z</time>
      </trkpt>
      <trkpt lat="37.62213" lon="-112.16602">
        <ele>2412.02</ele>
        <time>2025-06-24T13:39:27Z</time>
      </trkpt>
      <trkpt lat="37.62212" lon="-112.16599">
        <ele>2412.28</ele>
        <time>2025-06-24T13:39:31Z</time>
      </trkpt>
      <trkpt lat="37.6221" lon="-112.16601">
        <ele>2412.06</ele>
        <time>2025-06-24T13:39:38Z</time>
      </trkpt>
      <trkpt lat="37.62209" lon="-112.16606">
        <ele>2412.45</ele>
        <time>2025-06-24T13:39:41Z</time>
      </trkpt>
      <trkpt lat="37.62208" lon="-112.16609">
        <ele>2412.77</ele>
        <time>2025-06-24T13:39:45Z</time>
      </trkpt>
      <trkpt lat="37.62205" lon="-112.16612">
        <ele>2413.22</ele>
        <time>2025-06-24T13:39:49Z</time>
      </trkpt>
      <trkpt lat="37.62205" lon="-112.16608">
        <ele>2412.66</ele>
        <time>2025-06-24T13:39:57Z</time>
      </trkpt>
      <trkpt lat="37.62205" lon="-112.16603">
        <ele>2412.12</ele>
        <time>2025-06-24T13:39:59Z</time>
      </trkpt>
      <trkpt lat="37.62203" lon="-112.16599">
        <ele>2411.92</ele>
        <time>2025-06-24T13:40:01Z</time>
      </trkpt>
      <trkpt lat="37.62202" lon="-112.16595">
        <ele>2411.82</ele>
        <time>2025-06-24T13:40:03Z</time>
      </trkpt>
      <trkpt lat="37.62201" lon="-112.1659">
        <ele>2411.71</ele>
        <time>2025-06-24T13:40:06Z</time>
      </trkpt>
      <trkpt lat="37.62202" lon="-112.16595">
        <ele>2411.82</ele>
        <time>2025-06-24T13:40:26Z</time>
      </trkpt>
      <trkpt lat="37.62202" lon="-112.166">
        <ele>2411.82</ele>
        <time>2025-06-24T13:40:29Z</time>
      </trkpt>
      <trkpt lat="37.62202" lon="-112.16604">
        <ele>2412.05</ele>
        <time>2025-06-24T13:40:33Z</time>
      </trkpt>
      <trkpt lat="37.622" lon="-112.16608">
        <ele>2412.26</ele>
        <time>2025-06-24T13:40:38Z</time>
      </trkpt>
      <trkpt lat="37.62198" lon="-112.16612">
        <ele>2412.64</ele>
        <time>2025-06-24T13:40:41Z</time>
      </trkpt>
      <trkpt lat="37.62196" lon="-112.16616">
        <ele>2413.66</ele>
        <time>2025-06-24T13:40:44Z</time>
      </trkpt>
      <trkpt lat="37.62194" lon="-112.16619">
        <ele>2414.39</ele>
        <time>2025-06-24T13:40:48Z</time>
      </trkpt>
      <trkpt lat="37.62189" lon="-112.16616">
        <ele>2412.06</ele>
        <time>2025-06-24T13:40:56Z</time>
      </trkpt>
      <trkpt lat="37.62183" lon="-112.16615">
        <ele>2410.06</ele>
        <time>2025-06-24T13:41:07Z</time>
      </trkpt>
      <trkpt lat="37.62181" lon="-112.16606">
        <ele>2409.14</ele>
        <time>2025-06-24T13:41:15Z</time>
      </trkpt>
      <trkpt lat="37.62188" lon="-112.16601">
        <ele>2410.3</ele>
        <time>2025-06-24T13:41:26Z</time>
      </trkpt>
      <trkpt lat="37.62184" lon="-112.16593">
        <ele>2409.74</ele>
        <time>2025-06-24T13:41:33Z</time>
      </trkpt>
      <trkpt lat="37.62188" lon="-112.16587">
        <ele>2410.3</ele>
        <time>2025-06-24T13:41:35Z</time>
      </trkpt>
      <trkpt lat="37.62186" lon="-112.16593">
        <ele>2410.09</ele>
        <time>2025-06-24T13:41:42Z</time>
      </trkpt>
      <trkpt lat="37.62187" lon="-112.16584">
        <ele>2410.2</ele>
        <time>2025-06-24T13:41:47Z</time>
      </trkpt>
      <trkpt lat="37.62183" lon="-112.16584">
        <ele>2409.75</ele>
        <time>2025-06-24T13:42:03Z</time>
      </trkpt>
      <trkpt lat="37.62185" lon="-112.16577">
        <ele>2410.68</ele>
        <time>2025-06-24T13:42:23Z</time>
      </trkpt>
      <trkpt lat="37.62185" lon="-112.16583">
        <ele>2410.02</ele>
        <time>2025-06-24T13:42:30Z</time>
      </trkpt>
      <trkpt lat="37.62184" lon="-112.1659">
        <ele>2409.78</ele>
        <time>2025-06-24T13:42:33Z</time>
      </trkpt>
      <trkpt lat="37.62182" lon="-112.16595">
        <ele>2409.31</ele>
        <time>2025-06-24T13:42:37Z</time>
      </trkpt>
      <trkpt lat="37.62181" lon="-112.16588">
        <ele>2409.32</ele>
        <time>2025-06-24T13:42:44Z</time>
      </trkpt>
      <trkpt lat="37.62182" lon="-112.16582">
        <ele>2409.85</ele>
        <time>2025-06-24T13:42:46Z</time>
      </trkpt>
      <trkpt lat="37.62183" lon="-112.16576">
        <ele>2410.74</ele>
        <time>2025-06-24T13:42:49Z</time>
      </trkpt>
      <trkpt lat="37.62178" lon="-112.1658">
        <ele>2409.86</ele>
        <time>2025-06-24T13:42:55Z</time>
      </trkpt>
      <trkpt lat="37.62178" lon="-112.16587">
        <ele>2408.92</ele>
        <time>2025-06-24T13:42:58Z</time>
      </trkpt>
      <trkpt lat="37.62178" lon="-112.16594">
        <ele>2408.45</ele>
        <time>2025-06-24T13:43:02Z</time>
      </trkpt>
      <trkpt lat="37.62174" lon="-112.16589">
        <ele>2407.97</ele>
        <time>2025-06-24T13:43:11Z</time>
      </trkpt>
      <trkpt lat="37.62172" lon="-112.16582">
        <ele>2408.44</ele>
        <time>2025-06-24T13:43:14Z</time>
      </trkpt>
      <trkpt lat="37.62167" lon="-112.16582">
        <ele>2407.36</ele>
        <time>2025-06-24T13:43:22Z</time>
      </trkpt>
      <trkpt lat="37.62159" lon="-112.16586">
        <ele>2405.88</ele>
        <time>2025-06-24T13:43:27Z</time>
      </trkpt>
      <trkpt lat="37.62153" lon="-112.16599">
        <ele>2403.17</ele>
        <time>2025-06-24T13:43:37Z</time>
      </trkpt>
      <trkpt lat="37.62153" lon="-112.16616">
        <ele>2401.68</ele>
        <time>2025-06-24T13:43:41Z</time>
      </trkpt>
      <trkpt lat="37.62147" lon="-112.16606">
        <ele>2398.63</ele>
        <time>2025-06-24T13:43:47Z</time>
      </trkpt>
      <trkpt lat="37.62145" lon="-112.166">
        <ele>2400.99</ele>
        <time>2025-06-24T13:43:51Z</time>
      </trkpt>
      <trkpt lat="37.62141" lon="-112.16593">
        <ele>2403.06</ele>
        <time>2025-06-24T13:44:07Z</time>
      </trkpt>
      <trkpt lat="37.62138" lon="-112.16602">
        <ele>2398.07</ele>
        <time>2025-06-24T13:44:13Z</time>
      </trkpt>
      <trkpt lat="37.62137" lon="-112.16611">
        <ele>2386.68</ele>
        <time>2025-06-24T13:44:16Z</time>
      </trkpt>
      <trkpt lat="37.62136" lon="-112.1662">
        <ele>2394.79</ele>
        <time>2025-06-24T13:44:18Z</time>
      </trkpt>
      <trkpt lat="37.62136" lon="-112.16631">
        <ele>2403.75</ele>
        <time>2025-06-24T13:44:21Z</time>
      </trkpt>
      <trkpt lat="37.62137" lon="-112.16643">
        <ele>2383.61</ele>
        <time>2025-06-24T13:44:23Z</time>
      </trkpt>
      <trkpt lat="37.62136" lon="-112.16652">
        <ele>2372.53</ele>
        <time>2025-06-24T13:44:27Z</time>
      </trkpt>
      <trkpt lat="37.62135" lon="-112.1666">
        <ele>2377.04</ele>
        <time>2025-06-24T13:44:30Z</time>
      </trkpt>
      <trkpt lat="37.62134" lon="-112.16668">
        <ele>2390.52</ele>
        <time>2025-06-24T13:44:34Z</time>
      </trkpt>
      <trkpt lat="37.62139" lon="-112.16649">
        <ele>2373.15</ele>
        <time>2025-06-24T13:44:41Z</time>
      </trkpt>
      <trkpt lat="37.62125" lon="-112.16644">
        <ele>2384.25</ele>
        <time>2025-06-24T13:44:45Z</time>
      </trkpt>
      <trkpt lat="37.62116" lon="-112.16639">
        <ele>2398.37</ele>
        <time>2025-06-24T13:44:47Z</time>
      </trkpt>
      <trkpt lat="37.62108" lon="-112.16637">
        <ele>2391.55</ele>
        <time>2025-06-24T13:44:49Z</time>
      </trkpt>
      <trkpt lat="37.62101" lon="-112.16631">
        <ele>2380.0</ele>
        <time>2025-06-24T13:44:52Z</time>
      </trkpt>
      <trkpt lat="37.62096" lon="-112.16624">
        <ele>2370.4</ele>
        <time>2025-06-24T13:44:53Z</time>
      </trkpt>
      <trkpt lat="37.62094" lon="-112.16614">
        <ele>2366.98</ele>
        <time>2025-06-24T13:45:01Z</time>
      </trkpt>
      <trkpt lat="37.62095" lon="-112.16624">
        <ele>2369.8</ele>
        <time>2025-06-24T13:45:09Z</time>
      </trkpt>
      <trkpt lat="37.62092" lon="-112.16619">
        <ele>2365.91</ele>
        <time>2025-06-24T13:45:47Z</time>
      </trkpt>
      <trkpt lat="37.62089" lon="-112.16617">
        <ele>2365.09</ele>
        <time>2025-06-24T13:45:56Z</time>
      </trkpt>
      <trkpt lat="37.62084" lon="-112.16624">
        <ele>2363.18</ele>
        <time>2025-06-24T13:46:28Z</time>
      </trkpt>
      <trkpt lat="37.62077" lon="-112.16626">
        <ele>2357.6</ele>
        <time>2025-06-24T13:46:33Z</time>
      </trkpt>
      <trkpt lat="37.62072" lon="-112.16633">
        <ele>2355.82</ele>
        <time>2025-06-24T13:46:39Z</time>
      </trkpt>
      <trkpt lat="37.62067" lon="-112.16637">
        <ele>2354.01</ele>
        <time>2025-06-24T13:46:51Z</time>
      </trkpt>
      <trkpt lat="37.62063" lon="-112.16638">
        <ele>2351.7</ele>
        <time>2025-06-24T13:46:57Z</time>
      </trkpt>
      <trkpt lat="37.62059" lon="-112.16635">
        <ele>2347.86</ele>
        <time>2025-06-24T13:47:05Z</time>
      </trkpt>
      <trkpt lat="37.62055" lon="-112.16633">
        <ele>2344.42</ele>
        <time>2025-06-24T13:47:09Z</time>
      </trkpt>
      <trkpt lat="37.62051" lon="-112.16632">
        <ele>2342.92</ele>
        <time>2025-06-24T13:47:14Z</time>
      </trkpt>
      <trkpt lat="37.62048" lon="-112.16632">
        <ele>2342.35</ele>
        <time>2025-06-24T13:47:19Z</time>
      </trkpt>
      <trkpt lat="37.62044" lon="-112.16631">
        <ele>2341.06</ele>
        <time>2025-06-24T13:47:23Z</time>
      </trkpt>
      <trkpt lat="37.62046" lon="-112.16626">
        <ele>2340.51</ele>
        <time>2025-06-24T13:47:36Z</time>
      </trkpt>
      <trkpt lat="37.62043" lon="-112.16623">
        <ele>2338.81</ele>
        <time>2025-06-24T13:47:44Z</time>
      </trkpt>
      <trkpt lat="37.6204" lon="-112.16622">
        <ele>2337.14</ele>
        <time>2025-06-24T13:47:48Z</time>
      </trkpt>
      <trkpt lat="37.62037" lon="-112.16621">
        <ele>2335.26</ele>
        <time>2025-06-24T13:47:51Z</time>
      </trkpt>
      <trkpt lat="37.62034" lon="-112.16621">
        <ele>2334.55</ele>
        <time>2025-06-24T13:47:58Z</time>
      </trkpt>
      <trkpt lat="37.62032" lon="-112.16624">
        <ele>2334.84</ele>
        <time>2025-06-24T13:48:01Z</time>
      </trkpt>
      <trkpt lat="37.6203" lon="-112.16628">
        <ele>2334.9</ele>
        <time>2025-06-24T13:48:05Z</time>
      </trkpt>
      <trkpt lat="37.62028" lon="-112.16631">
        <ele>2335.14</ele>
        <time>2025-06-24T13:48:09Z</time>
      </trkpt>
      <trkpt lat="37.62026" lon="-112.16635">
        <ele>2337.02</ele>
        <time>2025-06-24T13:48:13Z</time>
      </trkpt>
      <trkpt lat="37.62023" lon="-112.16638">
        <ele>2337.7</ele>
        <time>2025-06-24T13:48:16Z</time>
      </trkpt>
      <trkpt lat="37.6202" lon="-112.16639">
        <ele>2336.8</ele>
        <time>2025-06-24T13:48:19Z</time>
      </trkpt>
      <trkpt lat="37.62016" lon="-112.16639">
        <ele>2334.09</ele>
        <time>2025-06-24T13:48:22Z</time>
      </trkpt>
      <trkpt lat="37.62014" lon="-112.16636">
        <ele>2330.7</ele>
        <time>2025-06-24T13:48:24Z</time>
      </trkpt>
      <trkpt lat="37.6201" lon="-112.16632">
        <ele>2326.35</ele>
        <time>2025-06-24T13:48:26Z</time>
      </trkpt>
      <trkpt lat="37.62009" lon="-112.16629">
        <ele>2324.78</ele>
        <time>2025-06-24T13:48:28Z</time>
      </trkpt>
      <trkpt lat="37.62007" lon="-112.16625">
        <ele>2323.15</ele>
        <time>2025-06-24T13:48:31Z</time>
      </trkpt>
      <trkpt lat="37.62006" lon="-112.1662">
        <ele>2321.67</ele>
        <time>2025-06-24T13:48:34Z</time>
      </trkpt>
      <trkpt lat="37.62004" lon="-112.16616">
        <ele>2321.01</ele>
        <time>2025-06-24T13:48:37Z</time>
      </trkpt>
      <trkpt lat="37.62003" lon="-112.16612">
        <ele>2320.25</ele>
        <time>2025-06-24T13:48:40Z</time>
      </trkpt>
      <trkpt lat="37.62002" lon="-112.16608">
        <ele>2319.19</ele>
        <time>2025-06-24T13:48:43Z</time>
      </trkpt>
      <trkpt lat="37.62" lon="-112.16604">
        <ele>2316.23</ele>
        <time>2025-06-24T13:48:46Z</time>
      </trkpt>
      <trkpt lat="37.61998" lon="-112.16602">
        <ele>2316.02</ele>
        <time>2025-06-24T13:48:48Z</time>
      </trkpt>
      <trkpt lat="37.61996" lon="-112.16599">
        <ele>2316.08</ele>
        <time>2025-06-24T13:48:51Z</time>
      </trkpt>
      <trkpt lat="37.61994" lon="-112.16596">
        <ele>2315.63</ele>
        <time>2025-06-24T13:48:54Z</time>
      </trkpt>
      <trkpt lat="37.61992" lon="-112.16593">
        <ele>2314.61</ele>
        <time>2025-06-24T13:48:57Z</time>
      </trkpt>
      <trkpt lat="37.61991" lon="-112.16589">
        <ele>2315.75</ele>
        <time>2025-06-24T13:49:01Z</time>
      </trkpt>
      <trkpt lat="37.61988" lon="-112.16587">
        <ele>2315.94</ele>
        <time>2025-06-24T13:49:05Z</time>
      </trkpt>
      <trkpt lat="37.61985" lon="-112.16584">
        <ele>2315.5</ele>
        <time>2025-06-24T13:49:09Z</time>
      </trkpt>
      <trkpt lat="37.61984" lon="-112.16581">
        <ele>2315.89</ele>
        <time>2025-06-24T13:49:12Z</time>
      </trkpt>
      <trkpt lat="37.61982" lon="-112.16578">
        <ele>2315.06</ele>
        <time>2025-06-24T13:49:15Z</time>
      </trkpt>
      <trkpt lat="37.61979" lon="-112.16575">
        <ele>2314.95</ele>
        <time>2025-06-24T13:49:18Z</time>
      </trkpt>
      <trkpt lat="37.61977" lon="-112.16572">
        <ele>2315.46</ele>
        <time>2025-06-24T13:49:21Z</time>
      </trkpt>
      <trkpt lat="37.61975" lon="-112.1657">
        <ele>2315.53</ele>
        <time>2025-06-24T13:49:24Z</time>
      </trkpt>
      <trkpt lat="37.61973" lon="-112.16568">
        <ele>2315.22</ele>
        <time>2025-06-24T13:49:27Z</time>
      </trkpt>
      <trkpt lat="37.61971" lon="-112.16565">
        <ele>2314.87</ele>
        <time>2025-06-24T13:49:31Z</time>
      </trkpt>
      <trkpt lat="37.61967" lon="-112.16563">
        <ele>2314.33</ele>
        <time>2025-06-24T13:49:34Z</time>
      </trkpt>
      <trkpt lat="37.61965" lon="-112.16561">
        <ele>2313.9</ele>
        <time>2025-06-24T13:49:36Z</time>
      </trkpt>
      <trkpt lat="37.61962" lon="-112.16558">
        <ele>2313.16</ele>
        <time>2025-06-24T13:49:39Z</time>
      </trkpt>
      <trkpt lat="37.61959" lon="-112.16558">
        <ele>2312.84</ele>
        <time>2025-06-24T13:49:43Z</time>
      </trkpt>
      <trkpt lat="37.61956" lon="-112.1656">
        <ele>2312.73</ele>
        <time>2025-06-24T13:49:47Z</time>
      </trkpt>
      <trkpt lat="37.61953" lon="-112.16561">
        <ele>2312.54</ele>
        <time>2025-06-24T13:49:50Z</time>
      </trkpt>
      <trkpt lat="37.61951" lon="-112.16561">
        <ele>2312.42</ele>
        <time>2025-06-24T13:49:53Z</time>
      </trkpt>
      <trkpt lat="37.61947" lon="-112.16559">
        <ele>2312.1</ele>
        <time>2025-06-24T13:49:57Z</time>
      </trkpt>
      <trkpt lat="37.61943" lon="-112.16558">
        <ele>2311.84</ele>
        <time>2025-06-24T13:50:00Z</time>
      </trkpt>
      <trkpt lat="37.61941" lon="-112.16555">
        <ele>2311.63</ele>
        <time>2025-06-24T13:50:03Z</time>
      </trkpt>
      <trkpt lat="37.61939" lon="-112.16552">
        <ele>2311.41</ele>
        <time>2025-06-24T13:50:06Z</time>
      </trkpt>
      <trkpt lat="37.61936" lon="-112.16552">
        <ele>2311.09</ele>
        <time>2025-06-24T13:50:09Z</time>
      </trkpt>
      <trkpt lat="37.61932" lon="-112.16552">
        <ele>2310.31</ele>
        <time>2025-06-24T13:50:12Z</time>
      </trkpt>
      <trkpt lat="37.6193" lon="-112.1655">
        <ele>2309.88</ele>
        <time>2025-06-24T13:50:15Z</time>
      </trkpt>
      <trkpt lat="37.61928" lon="-112.16546">
        <ele>2309.48</ele>
        <time>2025-06-24T13:50:18Z</time>
      </trkpt>
      <trkpt lat="37.61925" lon="-112.16543">
        <ele>2309.16</ele>
        <time>2025-06-24T13:50:21Z</time>
      </trkpt>
      <trkpt lat="37.61922" lon="-112.1654">
        <ele>2308.83</ele>
        <time>2025-06-24T13:50:24Z</time>
      </trkpt>
      <trkpt lat="37.6192" lon="-112.16537">
        <ele>2308.73</ele>
        <time>2025-06-24T13:50:27Z</time>
      </trkpt>
      <trkpt lat="37.61917" lon="-112.16534">
        <ele>2308.41</ele>
        <time>2025-06-24T13:50:30Z</time>
      </trkpt>
      <trkpt lat="37.61915" lon="-112.16531">
        <ele>2308.29</ele>
        <time>2025-06-24T13:50:33Z</time>
      </trkpt>
      <trkpt lat="37.61913" lon="-112.16527">
        <ele>2308.29</ele>
        <time>2025-06-24T13:50:36Z</time>
      </trkpt>
      <trkpt lat="37.61911" lon="-112.16524">
        <ele>2308.18</ele>
        <time>2025-06-24T13:50:39Z</time>
      </trkpt>
      <trkpt lat="37.61908" lon="-112.16522">
        <ele>2307.75</ele>
        <time>2025-06-24T13:50:42Z</time>
      </trkpt>
      <trkpt lat="37.61906" lon="-112.16519">
        <ele>2307.5</ele>
        <time>2025-06-24T13:50:45Z</time>
      </trkpt>
      <trkpt lat="37.61904" lon="-112.16516">
        <ele>2307.0</ele>
        <time>2025-06-24T13:50:48Z</time>
      </trkpt>
      <trkpt lat="37.61901" lon="-112.16515">
        <ele>2306.19</ele>
        <time>2025-06-24T13:50:51Z</time>
      </trkpt>
      <trkpt lat="37.61899" lon="-112.16513">
        <ele>2305.82</ele>
        <time>2025-06-24T13:50:54Z</time>
      </trkpt>
      <trkpt lat="37.61898" lon="-112.16509">
        <ele>2305.94</ele>
        <time>2025-06-24T13:50:56Z</time>
      </trkpt>
      <trkpt lat="37.61896" lon="-112.16505">
        <ele>2305.18</ele>
        <time>2025-06-24T13:50:59Z</time>
      </trkpt>
      <trkpt lat="37.61894" lon="-112.16503">
        <ele>2304.73</ele>
        <time>2025-06-24T13:51:03Z</time>
      </trkpt>
      <trkpt lat="37.61894" lon="-112.16499">
        <ele>2304.5</ele>
        <time>2025-06-24T13:51:11Z</time>
      </trkpt>
      <trkpt lat="37.61892" lon="-112.16497">
        <ele>2304.12</ele>
        <time>2025-06-24T13:51:16Z</time>
      </trkpt>
      <trkpt lat="37.61889" lon="-112.16495">
        <ele>2303.48</ele>
        <time>2025-06-24T13:51:18Z</time>
      </trkpt>
      <trkpt lat="37.61886" lon="-112.16493">
        <ele>2302.86</ele>
        <time>2025-06-24T13:51:21Z</time>
      </trkpt>
      <trkpt lat="37.61884" lon="-112.16491">
        <ele>2302.49</ele>
        <time>2025-06-24T13:51:24Z</time>
      </trkpt>
      <trkpt lat="37.61882" lon="-112.16487">
        <ele>2302.26</ele>
        <time>2025-06-24T13:51:27Z</time>
      </trkpt>
      <trkpt lat="37.6188" lon="-112.16484">
        <ele>2302.04</ele>
        <time>2025-06-24T13:51:30Z</time>
      </trkpt>
      <trkpt lat="37.61877" lon="-112.16482">
        <ele>2301.72</ele>
        <time>2025-06-24T13:51:33Z</time>
      </trkpt>
      <trkpt lat="37.61874" lon="-112.16479">
        <ele>2301.39</ele>
        <time>2025-06-24T13:51:36Z</time>
      </trkpt>
      <trkpt lat="37.61872" lon="-112.16476">
        <ele>2301.18</ele>
        <time>2025-06-24T13:51:39Z</time>
      </trkpt>
      <trkpt lat="37.61869" lon="-112.16474">
        <ele>2300.85</ele>
        <time>2025-06-24T13:51:42Z</time>
      </trkpt>
      <trkpt lat="37.61866" lon="-112.16472">
        <ele>2300.53</ele>
        <time>2025-06-24T13:51:45Z</time>
      </trkpt>
      <trkpt lat="37.61863" lon="-112.1647">
        <ele>2300.2</ele>
        <time>2025-06-24T13:51:48Z</time>
      </trkpt>
      <trkpt lat="37.61861" lon="-112.16466">
        <ele>2299.98</ele>
        <time>2025-06-24T13:51:51Z</time>
      </trkpt>
      <trkpt lat="37.61858" lon="-112.16462">
        <ele>2299.36</ele>
        <time>2025-06-24T13:51:54Z</time>
      </trkpt>
      <trkpt lat="37.61855" lon="-112.1646">
        <ele>2298.89</ele>
        <time>2025-06-24T13:51:57Z</time>
      </trkpt>
      <trkpt lat="37.61852" lon="-112.16459">
        <ele>2298.45</ele>
        <time>2025-06-24T13:52:00Z</time>
      </trkpt>
      <trkpt lat="37.61849" lon="-112.16456">
        <ele>2297.98</ele>
        <time>2025-06-24T13:52:03Z</time>
      </trkpt>
      <trkpt lat="37.61846" lon="-112.16455">
        <ele>2297.14</ele>
        <time>2025-06-24T13:52:07Z</time>
      </trkpt>
      <trkpt lat="37.61843" lon="-112.16455">
        <ele>2296.26</ele>
        <time>2025-06-24T13:52:11Z</time>
      </trkpt>
      <trkpt lat="37.6184" lon="-112.16454">
        <ele>2295.47</ele>
        <time>2025-06-24T13:52:14Z</time>
      </trkpt>
      <trkpt lat="37.61838" lon="-112.16452">
        <ele>2295.19</ele>
        <time>2025-06-24T13:52:17Z</time>
      </trkpt>
      <trkpt lat="37.61835" lon="-112.16451">
        <ele>2294.65</ele>
        <time>2025-06-24T13:52:20Z</time>
      </trkpt>
      <trkpt lat="37.61833" lon="-112.16449">
        <ele>2294.47</ele>
        <time>2025-06-24T13:52:23Z</time>
      </trkpt>
      <trkpt lat="37.61829" lon="-112.16447">
        <ele>2294.05</ele>
        <time>2025-06-24T13:52:26Z</time>
      </trkpt>
      <trkpt lat="37.61826" lon="-112.16446">
        <ele>2293.51</ele>
        <time>2025-06-24T13:52:29Z</time>
      </trkpt>
      <trkpt lat="37.61823" lon="-112.16445">
        <ele>2292.94</ele>
        <time>2025-06-24T13:52:31Z</time>
      </trkpt>
      <trkpt lat="37.6182" lon="-112.16444">
        <ele>2292.63</ele>
        <time>2025-06-24T13:52:34Z</time>
      </trkpt>
      <trkpt lat="37.61816" lon="-112.16444">
        <ele>2292.18</ele>
        <time>2025-06-24T13:52:37Z</time>
      </trkpt>
      <trkpt lat="37.61812" lon="-112.16441">
        <ele>2292.26</ele>
        <time>2025-06-24T13:52:40Z</time>
      </trkpt>
      <trkpt lat="37.6181" lon="-112.16438">
        <ele>2292.33</ele>
        <time>2025-06-24T13:52:42Z</time>
      </trkpt>
      <trkpt lat="37.61808" lon="-112.16435">
        <ele>2292.27</ele>
        <time>2025-06-24T13:52:44Z</time>
      </trkpt>
      <trkpt lat="37.61806" lon="-112.16432">
        <ele>2292.08</ele>
        <time>2025-06-24T13:52:46Z</time>
      </trkpt>
      <trkpt lat="37.61802" lon="-112.16429">
        <ele>2291.36</ele>
        <time>2025-06-24T13:52:49Z</time>
      </trkpt>
      <trkpt lat="37.618" lon="-112.16426">
        <ele>2290.8</ele>
        <time>2025-06-24T13:52:51Z</time>
      </trkpt>
      <trkpt lat="37.61798" lon="-112.16423">
        <ele>2290.68</ele>
        <time>2025-06-24T13:52:53Z</time>
      </trkpt>
      <trkpt lat="37.61796" lon="-112.1642">
        <ele>2290.62</ele>
        <time>2025-06-24T13:52:56Z</time>
      </trkpt>
      <trkpt lat="37.61794" lon="-112.16416">
        <ele>2290.81</ele>
        <time>2025-06-24T13:53:01Z</time>
      </trkpt>
      <trkpt lat="37.61792" lon="-112.16413">
        <ele>2290.75</ele>
        <time>2025-06-24T13:53:04Z</time>
      </trkpt>
      <trkpt lat="37.61789" lon="-112.16411">
        <ele>2290.34</ele>
        <time>2025-06-24T13:53:06Z</time>
      </trkpt>
      <trkpt lat="37.61786" lon="-112.16409">
        <ele>2289.78</ele>
        <time>2025-06-24T13:53:09Z</time>
      </trkpt>
      <trkpt lat="37.61783" lon="-112.16406">
        <ele>2289.13</ele>
        <time>2025-06-24T13:53:12Z</time>
      </trkpt>
      <trkpt lat="37.61781" lon="-112.16402">
        <ele>2288.7</ele>
        <time>2025-06-24T13:53:15Z</time>
      </trkpt>
      <trkpt lat="37.6178" lon="-112.16399">
        <ele>2288.48</ele>
        <time>2025-06-24T13:53:17Z</time>
      </trkpt>
      <trkpt lat="37.61779" lon="-112.16395">
        <ele>2288.35</ele>
        <time>2025-06-24T13:53:19Z</time>
      </trkpt>
      <trkpt lat="37.61778" lon="-112.16391">
        <ele>2288.09</ele>
        <time>2025-06-24T13:53:21Z</time>
      </trkpt>
      <trkpt lat="37.61777" lon="-112.16388">
        <ele>2288.1</ele>
        <time>2025-06-24T13:53:23Z</time>
      </trkpt>
      <trkpt lat="37.61775" lon="-112.16385">
        <ele>2288.41</ele>
        <time>2025-06-24T13:53:25Z</time>
      </trkpt>
      <trkpt lat="37.61774" lon="-112.16382">
        <ele>2288.81</ele>
        <time>2025-06-24T13:53:27Z</time>
      </trkpt>
      <trkpt lat="37.61773" lon="-112.16378">
        <ele>2289.45</ele>
        <time>2025-06-24T13:53:29Z</time>
      </trkpt>
      <trkpt lat="37.61772" lon="-112.16375">
        <ele>2289.76</ele>
        <time>2025-06-24T13:53:31Z</time>
      </trkpt>
      <trkpt lat="37.61772" lon="-112.16371">
        <ele>2290.84</ele>
        <time>2025-06-24T13:53:33Z</time>
      </trkpt>
      <trkpt lat="37.61771" lon="-112.16368">
        <ele>2290.35</ele>
        <time>2025-06-24T13:53:35Z</time>
      </trkpt>
      <trkpt lat="37.6177" lon="-112.16364">
        <ele>2289.61</ele>
        <time>2025-06-24T13:53:38Z</time>
      </trkpt>
      <trkpt lat="37.61769" lon="-112.1636">
        <ele>2288.58</ele>
        <time>2025-06-24T13:53:41Z</time>
      </trkpt>
      <trkpt lat="37.61769" lon="-112.16355">
        <ele>2288.61</ele>
        <time>2025-06-24T13:53:44Z</time>
      </trkpt>
      <trkpt lat="37.6177" lon="-112.1635">
        <ele>2289.69</ele>
        <time>2025-06-24T13:53:47Z</time>
      </trkpt>
      <trkpt lat="37.6177" lon="-112.16346">
        <ele>2289.19</ele>
        <time>2025-06-24T13:53:50Z</time>
      </trkpt>
      <trkpt lat="37.6177" lon="-112.16341">
        <ele>2288.53</ele>
        <time>2025-06-24T13:53:53Z</time>
      </trkpt>
      <trkpt lat="37.61771" lon="-112.16336">
        <ele>2288.85</ele>
        <time>2025-06-24T13:53:56Z</time>
      </trkpt>
      <trkpt lat="37.61771" lon="-112.16333">
        <ele>2288.39</ele>
        <time>2025-06-24T13:53:59Z</time>
      </trkpt>
      <trkpt lat="37.6177" lon="-112.16329">
        <ele>2287.29</ele>
        <time>2025-06-24T13:54:02Z</time>
      </trkpt>
      <trkpt lat="37.6177" lon="-112.16325">
        <ele>2287.15</ele>
        <time>2025-06-24T13:54:05Z</time>
      </trkpt>
      <trkpt lat="37.61769" lon="-112.16321">
        <ele>2286.03</ele>
        <time>2025-06-24T13:54:08Z</time>
      </trkpt>
      <trkpt lat="37.61768" lon="-112.16317">
        <ele>2284.94</ele>
        <time>2025-06-24T13:54:11Z</time>
      </trkpt>
      <trkpt lat="37.61766" lon="-112.16314">
        <ele>2283.58</ele>
        <time>2025-06-24T13:54:14Z</time>
      </trkpt>
      <trkpt lat="37.61765" lon="-112.1631">
        <ele>2282.78</ele>
        <time>2025-06-24T13:54:17Z</time>
      </trkpt>
      <trkpt lat="37.61765" lon="-112.16306">
        <ele>2282.51</ele>
        <time>2025-06-24T13:54:20Z</time>
      </trkpt>
      <trkpt lat="37.61765" lon="-112.16302">
        <ele>2282.24</ele>
        <time>2025-06-24T13:54:23Z</time>
      </trkpt>
      <trkpt lat="37.61767" lon="-112.16298">
        <ele>2282.66</ele>
        <time>2025-06-24T13:54:26Z</time>
      </trkpt>
      <trkpt lat="37.61769" lon="-112.16295">
        <ele>2283.11</ele>
        <time>2025-06-24T13:54:28Z</time>
      </trkpt>
      <trkpt lat="37.61771" lon="-112.16292">
        <ele>2283.75</ele>
        <time>2025-06-24T13:54:30Z</time>
      </trkpt>
      <trkpt lat="37.61772" lon="-112.16288">
        <ele>2283.65</ele>
        <time>2025-06-24T13:54:33Z</time>
      </trkpt>
      <trkpt lat="37.61774" lon="-112.16284">
        <ele>2283.85</ele>
        <time>2025-06-24T13:54:36Z</time>
      </trkpt>
      <trkpt lat="37.61775" lon="-112.1628">
        <ele>2283.51</ele>
        <time>2025-06-24T13:54:39Z</time>
      </trkpt>
      <trkpt lat="37.61777" lon="-112.16275">
        <ele>2283.45</ele>
        <time>2025-06-24T13:54:42Z</time>
      </trkpt>
      <trkpt lat="37.61778" lon="-112.16272">
        <ele>2283.46</ele>
        <time>2025-06-24T13:54:44Z</time>
      </trkpt>
      <trkpt lat="37.6178" lon="-112.16268">
        <ele>2283.61</ele>
        <time>2025-06-24T13:54:47Z</time>
      </trkpt>
      <trkpt lat="37.61781" lon="-112.16264">
        <ele>2283.07</ele>
        <time>2025-06-24T13:54:50Z</time>
      </trkpt>
      <trkpt lat="37.61783" lon="-112.1626">
        <ele>2282.85</ele>
        <time>2025-06-24T13:54:53Z</time>
      </trkpt>
      <trkpt lat="37.61785" lon="-112.16257">
        <ele>2282.85</ele>
        <time>2025-06-24T13:54:56Z</time>
      </trkpt>
      <trkpt lat="37.61787" lon="-112.16252">
        <ele>2282.42</ele>
        <time>2025-06-24T13:54:59Z</time>
      </trkpt>
      <trkpt lat="37.61788" lon="-112.16248">
        <ele>2281.86</ele>
        <time>2025-06-24T13:55:02Z</time>
      </trkpt>
      <trkpt lat="37.6179" lon="-112.16244">
        <ele>2281.46</ele>
        <time>2025-06-24T13:55:05Z</time>
      </trkpt>
      <trkpt lat="37.61792" lon="-112.16239">
        <ele>2280.7</ele>
        <time>2025-06-24T13:55:08Z</time>
      </trkpt>
      <trkpt lat="37.61795" lon="-112.16236">
        <ele>2280.7</ele>
        <time>2025-06-24T13:55:10Z</time>
      </trkpt>
      <trkpt lat="37.61797" lon="-112.16233">
        <ele>2280.58</ele>
        <time>2025-06-24T13:55:12Z</time>
      </trkpt>
      <trkpt lat="37.618" lon="-112.1623">
        <ele>2280.82</ele>
        <time>2025-06-24T13:55:14Z</time>
      </trkpt>
      <trkpt lat="37.61802" lon="-112.16228">
        <ele>2280.86</ele>
        <time>2025-06-24T13:55:16Z</time>
      </trkpt>
      <trkpt lat="37.61804" lon="-112.16225">
        <ele>2280.51</ele>
        <time>2025-06-24T13:55:18Z</time>
      </trkpt>
      <trkpt lat="37.61806" lon="-112.16223">
        <ele>2280.71</ele>
        <time>2025-06-24T13:55:20Z</time>
      </trkpt>
      <trkpt lat="37.61808" lon="-112.1622">
        <ele>2281.52</ele>
        <time>2025-06-24T13:55:22Z</time>
      </trkpt>
      <trkpt lat="37.61811" lon="-112.16217">
        <ele>2282.17</ele>
        <time>2025-06-24T13:55:25Z</time>
      </trkpt>
      <trkpt lat="37.61813" lon="-112.16214">
        <ele>2281.18</ele>
        <time>2025-06-24T13:55:28Z</time>
      </trkpt>
      <trkpt lat="37.61815" lon="-112.16211">
        <ele>2280.42</ele>
        <time>2025-06-24T13:55:31Z</time>
      </trkpt>
      <trkpt lat="37.61817" lon="-112.16209">
        <ele>2280.22</ele>
        <time>2025-06-24T13:55:34Z</time>
      </trkpt>
      <trkpt lat="37.61819" lon="-112.16205">
        <ele>2279.0</ele>
        <time>2025-06-24T13:55:38Z</time>
      </trkpt>
      <trkpt lat="37.61816" lon="-112.16204">
        <ele>2278.23</ele>
        <time>2025-06-24T13:55:54Z</time>
      </trkpt>
      <trkpt lat="37.61813" lon="-112.16207">
        <ele>2278.73</ele>
        <time>2025-06-24T13:55:57Z</time>
      </trkpt>
      <trkpt lat="37.6181" lon="-112.16207">
        <ele>2278.18</ele>
        <time>2025-06-24T13:55:59Z</time>
      </trkpt>
      <trkpt lat="37.61807" lon="-112.16208">
        <ele>2277.76</ele>
        <time>2025-06-24T13:56:01Z</time>
      </trkpt>
      <trkpt lat="37.61804" lon="-112.16208">
        <ele>2277.13</ele>
        <time>2025-06-24T13:56:03Z</time>
      </trkpt>
      <trkpt lat="37.618" lon="-112.16208">
        <ele>2276.26</ele>
        <time>2025-06-24T13:56:06Z</time>
      </trkpt>
      <trkpt lat="37.61796" lon="-112.16208">
        <ele>2275.4</ele>
        <time>2025-06-24T13:56:09Z</time>
      </trkpt>
      <trkpt lat="37.61794" lon="-112.16209">
        <ele>2275.08</ele>
        <time>2025-06-24T13:56:11Z</time>
      </trkpt>
      <trkpt lat="37.61791" lon="-112.16212">
        <ele>2274.75</ele>
        <time>2025-06-24T13:56:14Z</time>
      </trkpt>
      <trkpt lat="37.61789" lon="-112.16215">
        <ele>2274.86</ele>
        <time>2025-06-24T13:56:17Z</time>
      </trkpt>
      <trkpt lat="37.61785" lon="-112.16216">
        <ele>2274.44</ele>
        <time>2025-06-24T13:56:20Z</time>
      </trkpt>
      <trkpt lat="37.61782" lon="-112.16215">
        <ele>2273.9</ele>
        <time>2025-06-24T13:56:23Z</time>
      </trkpt>
      <trkpt lat="37.61781" lon="-112.16211">
        <ele>2273.14</ele>
        <time>2025-06-24T13:56:26Z</time>
      </trkpt>
      <trkpt lat="37.6178" lon="-112.16207">
        <ele>2272.6</ele>
        <time>2025-06-24T13:56:28Z</time>
      </trkpt>
      <trkpt lat="37.6178" lon="-112.16202">
        <ele>2272.06</ele>
        <time>2025-06-24T13:56:30Z</time>
      </trkpt>
      <trkpt lat="37.61779" lon="-112.16198">
        <ele>2271.52</ele>
        <time>2025-06-24T13:56:33Z</time>
      </trkpt>
      <trkpt lat="37.61779" lon="-112.16192">
        <ele>2270.87</ele>
        <time>2025-06-24T13:56:36Z</time>
      </trkpt>
      <trkpt lat="37.6178" lon="-112.16188">
        <ele>2270.54</ele>
        <time>2025-06-24T13:56:38Z</time>
      </trkpt>
      <trkpt lat="37.6178" lon="-112.16184">
        <ele>2270.11</ele>
        <time>2025-06-24T13:56:41Z</time>
      </trkpt>
      <trkpt lat="37.6178" lon="-112.1618">
        <ele>2269.68</ele>
        <time>2025-06-24T13:56:44Z</time>
      </trkpt>
      <trkpt lat="37.61778" lon="-112.16177">
        <ele>2269.14</ele>
        <time>2025-06-24T13:56:47Z</time>
      </trkpt>
      <trkpt lat="37.61776" lon="-112.16174">
        <ele>2268.64</ele>
        <time>2025-06-24T13:56:50Z</time>
      </trkpt>
      <trkpt lat="37.61775" lon="-112.1617">
        <ele>2268.25</ele>
        <time>2025-06-24T13:56:53Z</time>
      </trkpt>
      <trkpt lat="37.61774" lon="-112.16165">
        <ele>2268.0</ele>
        <time>2025-06-24T13:56:55Z</time>
      </trkpt>
      <trkpt lat="37.61774" lon="-112.16161">
        <ele>2268.0</ele>
        <time>2025-06-24T13:56:57Z</time>
      </trkpt>
      <trkpt lat="37.61775" lon="-112.16157">
        <ele>2267.96</ele>
        <time>2025-06-24T13:56:59Z</time>
      </trkpt>
      <trkpt lat="37.61777" lon="-112.16154">
        <ele>2267.63</ele>
        <time>2025-06-24T13:57:01Z</time>
      </trkpt>
      <trkpt lat="37.61779" lon="-112.1615">
        <ele>2267.2</ele>
        <time>2025-06-24T13:57:04Z</time>
      </trkpt>
      <trkpt lat="37.6178" lon="-112.16146">
        <ele>2267.0</ele>
        <time>2025-06-24T13:57:07Z</time>
      </trkpt>
      <trkpt lat="37.6178" lon="-112.16143">
        <ele>2267.0</ele>
        <time>2025-06-24T13:57:10Z</time>
      </trkpt>
      <trkpt lat="37.61781" lon="-112.16139">
        <ele>2267.0</ele>
        <time>2025-06-24T13:57:14Z</time>
      </trkpt>
      <trkpt lat="37.61781" lon="-112.16134">
        <ele>2267.0</ele>
        <time>2025-06-24T13:57:18Z</time>
      </trkpt>
      <trkpt lat="37.61781" lon="-112.1613">
        <ele>2267.0</ele>
        <time>2025-06-24T13:57:21Z</time>
      </trkpt>
      <trkpt lat="37.61781" lon="-112.16125">
        <ele>2266.5</ele>
        <time>2025-06-24T13:57:24Z</time>
      </trkpt>
      <trkpt lat="37.61781" lon="-112.1612">
        <ele>2266.0</ele>
        <time>2025-06-24T13:57:27Z</time>
      </trkpt>
      <trkpt lat="37.61781" lon="-112.16116">
        <ele>2266.0</ele>
        <time>2025-06-24T13:57:30Z</time>
      </trkpt>
      <trkpt lat="37.61782" lon="-112.16111">
        <ele>2265.99</ele>
        <time>2025-06-24T13:57:33Z</time>
      </trkpt>
      <trkpt lat="37.61782" lon="-112.16107">
        <ele>2265.8</ele>
        <time>2025-06-24T13:57:36Z</time>
      </trkpt>
      <trkpt lat="37.61783" lon="-112.16102">
        <ele>2265.45</ele>
        <time>2025-06-24T13:57:39Z</time>
      </trkpt>
      <trkpt lat="37.61782" lon="-112.16097">
        <ele>2265.54</ele>
        <time>2025-06-24T13:57:42Z</time>
      </trkpt>
      <trkpt lat="37.61782" lon="-112.16093">
        <ele>2265.54</ele>
        <time>2025-06-24T13:57:45Z</time>
      </trkpt>
      <trkpt lat="37.61781" lon="-112.16089">
        <ele>2265.4</ele>
        <time>2025-06-24T13:57:47Z</time>
      </trkpt>
      <trkpt lat="37.61781" lon="-112.16085">
        <ele>2265.12</ele>
        <time>2025-06-24T13:57:49Z</time>
      </trkpt>
      <trkpt lat="37.61782" lon="-112.16082">
        <ele>2264.93</ele>
        <time>2025-06-24T13:57:51Z</time>
      </trkpt>
      <trkpt lat="37.61782" lon="-112.16077">
        <ele>2264.69</ele>
        <time>2025-06-24T13:57:54Z</time>
      </trkpt>
      <trkpt lat="37.61783" lon="-112.16073">
        <ele>2264.32</ele>
        <time>2025-06-24T13:57:57Z</time>
      </trkpt>
      <trkpt lat="37.61783" lon="-112.16068">
        <ele>2263.78</ele>
        <time>2025-06-24T13:58:00Z</time>
      </trkpt>
      <trkpt lat="37.61784" lon="-112.16063">
        <ele>2263.33</ele>
        <time>2025-06-24T13:58:03Z</time>
      </trkpt>
      <trkpt lat="37.61786" lon="-112.16059">
        <ele>2263.11</ele>
        <time>2025-06-24T13:58:06Z</time>
      </trkpt>
      <trkpt lat="37.61787" lon="-112.16054">
        <ele>2262.84</ele>
        <time>2025-06-24T13:58:09Z</time>
      </trkpt>
      <trkpt lat="37.61788" lon="-112.1605">
        <ele>2262.3</ele>
        <time>2025-06-24T13:58:12Z</time>
      </trkpt>
      <trkpt lat="37.6179" lon="-112.16046">
        <ele>2261.68</ele>
        <time>2025-06-24T13:58:15Z</time>
      </trkpt>
      <trkpt lat="37.6179" lon="-112.16041">
        <ele>2261.68</ele>
        <time>2025-06-24T13:58:18Z</time>
      </trkpt>
      <trkpt lat="37.61791" lon="-112.16037">
        <ele>2261.57</ele>
        <time>2025-06-24T13:58:21Z</time>
      </trkpt>
      <trkpt lat="37.61792" lon="-112.16033">
        <ele>2261.03</ele>
        <time>2025-06-24T13:58:24Z</time>
      </trkpt>
      <trkpt lat="37.61793" lon="-112.1603">
        <ele>2260.6</ele>
        <time>2025-06-24T13:58:27Z</time>
      </trkpt>
      <trkpt lat="37.61794" lon="-112.16026">
        <ele>2260.25</ele>
        <time>2025-06-24T13:58:30Z</time>
      </trkpt>
      <trkpt lat="37.61795" lon="-112.16022">
        <ele>2260.14</ele>
        <time>2025-06-24T13:58:33Z</time>
      </trkpt>
      <trkpt lat="37.61796" lon="-112.16017">
        <ele>2260.03</ele>
        <time>2025-06-24T13:58:36Z</time>
      </trkpt>
      <trkpt lat="37.61796" lon="-112.16013">
        <ele>2260.01</ele>
        <time>2025-06-24T13:58:39Z</time>
      </trkpt>
      <trkpt lat="37.61797" lon="-112.16009">
        <ele>2259.9</ele>
        <time>2025-06-24T13:58:42Z</time>
      </trkpt>
      <trkpt lat="37.61798" lon="-112.16005">
        <ele>2259.36</ele>
        <time>2025-06-24T13:58:45Z</time>
      </trkpt>
      <trkpt lat="37.61799" lon="-112.16001">
        <ele>2258.82</ele>
        <time>2025-06-24T13:58:48Z</time>
      </trkpt>
      <trkpt lat="37.61801" lon="-112.15998">
        <ele>2258.39</ele>
        <time>2025-06-24T13:58:52Z</time>
      </trkpt>
      <trkpt lat="37.61803" lon="-112.15995">
        <ele>2258.13</ele>
        <time>2025-06-24T13:58:56Z</time>
      </trkpt>
      <trkpt lat="37.61803" lon="-112.15991">
        <ele>2258.01</ele>
        <time>2025-06-24T13:59:04Z</time>
      </trkpt>
      <trkpt lat="37.61803" lon="-112.15987">
        <ele>2257.6</ele>
        <time>2025-06-24T13:59:07Z</time>
      </trkpt>
      <trkpt lat="37.61804" lon="-112.15983">
        <ele>2257.16</ele>
        <time>2025-06-24T13:59:10Z</time>
      </trkpt>
      <trkpt lat="37.61804" lon="-112.15979">
        <ele>2256.73</ele>
        <time>2025-06-24T13:59:13Z</time>
      </trkpt>
      <trkpt lat="37.61804" lon="-112.15974">
        <ele>2256.19</ele>
        <time>2025-06-24T13:59:16Z</time>
      </trkpt>
      <trkpt lat="37.61804" lon="-112.1597">
        <ele>2255.76</ele>
        <time>2025-06-24T13:59:19Z</time>
      </trkpt>
      <trkpt lat="37.61804" lon="-112.15965">
        <ele>2255.22</ele>
        <time>2025-06-24T13:59:22Z</time>
      </trkpt>
      <trkpt lat="37.61803" lon="-112.1596">
        <ele>2254.68</ele>
        <time>2025-06-24T13:59:25Z</time>
      </trkpt>
      <trkpt lat="37.61802" lon="-112.15956">
        <ele>2254.25</ele>
        <time>2025-06-24T13:59:28Z</time>
      </trkpt>
      <trkpt lat="37.618" lon="-112.15951">
        <ele>2254.0</ele>
        <time>2025-06-24T13:59:31Z</time>
      </trkpt>
      <trkpt lat="37.61799" lon="-112.15947">
        <ele>2254.0</ele>
        <time>2025-06-24T13:59:34Z</time>
      </trkpt>
      <trkpt lat="37.61798" lon="-112.15943">
        <ele>2253.84</ele>
        <time>2025-06-24T13:59:37Z</time>
      </trkpt>
      <trkpt lat="37.61797" lon="-112.15939">
        <ele>2253.41</ele>
        <time>2025-06-24T13:59:39Z</time>
      </trkpt>
      <trkpt lat="37.61798" lon="-112.15935">
        <ele>2253.0</ele>
        <time>2025-06-24T13:59:42Z</time>
      </trkpt>
      <trkpt lat="37.61798" lon="-112.1593">
        <ele>2253.0</ele>
        <time>2025-06-24T13:59:45Z</time>
      </trkpt>
      <trkpt lat="37.61799" lon="-112.15927">
        <ele>2253.0</ele>
        <time>2025-06-24T13:59:47Z</time>
      </trkpt>
      <trkpt lat="37.61799" lon="-112.15923">
        <ele>2253.0</ele>
        <time>2025-06-24T13:59:50Z</time>
      </trkpt>
      <trkpt lat="37.61799" lon="-112.15919">
        <ele>2253.0</ele>
        <time>2025-06-24T13:59:52Z</time>
      </trkpt>
      <trkpt lat="37.61799" lon="-112.15914">
        <ele>2253.0</ele>
        <time>2025-06-24T13:59:55Z</time>
      </trkpt>
      <trkpt lat="37.618" lon="-112.15909">
        <ele>2253.0</ele>
        <time>2025-06-24T13:59:58Z</time>
      </trkpt>
      <trkpt lat="37.61801" lon="-112.15905">
        <ele>2253.0</ele>
        <time>2025-06-24T14:00:00Z</time>
      </trkpt>
      <trkpt lat="37.61801" lon="-112.15901">
        <ele>2253.0</ele>
        <time>2025-06-24T14:00:02Z</time>
      </trkpt>
      <trkpt lat="37.61802" lon="-112.15898">
        <ele>2253.01</ele>
        <time>2025-06-24T14:00:04Z</time>
      </trkpt>
      <trkpt lat="37.61802" lon="-112.15894">
        <ele>2253.17</ele>
        <time>2025-06-24T14:00:07Z</time>
      </trkpt>
      <trkpt lat="37.61802" lon="-112.1589">
        <ele>2253.34</ele>
        <time>2025-06-24T14:00:10Z</time>
      </trkpt>
      <trkpt lat="37.61802" lon="-112.15886">
        <ele>2253.38</ele>
        <time>2025-06-24T14:00:13Z</time>
      </trkpt>
      <trkpt lat="37.61802" lon="-112.15881">
        <ele>2253.38</ele>
        <time>2025-06-24T14:00:16Z</time>
      </trkpt>
      <trkpt lat="37.61801" lon="-112.15877">
        <ele>2253.49</ele>
        <time>2025-06-24T14:00:19Z</time>
      </trkpt>
      <trkpt lat="37.618" lon="-112.15873">
        <ele>2253.6</ele>
        <time>2025-06-24T14:00:22Z</time>
      </trkpt>
      <trkpt lat="37.618" lon="-112.15869">
        <ele>2253.75</ele>
        <time>2025-06-24T14:00:25Z</time>
      </trkpt>
      <trkpt lat="37.618" lon="-112.15865">
        <ele>2254.18</ele>
        <time>2025-06-24T14:00:28Z</time>
      </trkpt>
      <trkpt lat="37.61798" lon="-112.15862">
        <ele>2254.72</ele>
        <time>2025-06-24T14:00:31Z</time>
      </trkpt>
      <trkpt lat="37.61797" lon="-112.15858">
        <ele>2255.23</ele>
        <time>2025-06-24T14:00:34Z</time>
      </trkpt>
      <trkpt lat="37.61795" lon="-112.15854">
        <ele>2255.91</ele>
        <time>2025-06-24T14:00:37Z</time>
      </trkpt>
      <trkpt lat="37.61794" lon="-112.15849">
        <ele>2256.32</ele>
        <time>2025-06-24T14:00:40Z</time>
      </trkpt>
      <trkpt lat="37.61793" lon="-112.15845">
        <ele>2256.62</ele>
        <time>2025-06-24T14:00:43Z</time>
      </trkpt>
      <trkpt lat="37.61791" lon="-112.15841">
        <ele>2257.14</ele>
        <time>2025-06-24T14:00:46Z</time>
      </trkpt>
      <trkpt lat="37.61791" lon="-112.15837">
        <ele>2257.14</ele>
        <time>2025-06-24T14:00:49Z</time>
      </trkpt>
      <trkpt lat="37.61789" lon="-112.15833">
        <ele>2257.58</ele>
        <time>2025-06-24T14:00:53Z</time>
      </trkpt>
      <trkpt lat="37.61784" lon="-112.15834">
        <ele>2258.66</ele>
        <time>2025-06-24T14:01:54Z</time>
      </trkpt>
      <trkpt lat="37.6178" lon="-112.15836">
        <ele>2259.52</ele>
        <time>2025-06-24T14:01:59Z</time>
      </trkpt>
      <trkpt lat="37.61775" lon="-112.15836">
        <ele>2260.69</ele>
        <time>2025-06-24T14:02:03Z</time>
      </trkpt>
      <trkpt lat="37.61772" lon="-112.15836">
        <ele>2261.43</ele>
        <time>2025-06-24T14:02:07Z</time>
      </trkpt>
      <trkpt lat="37.61768" lon="-112.15836">
        <ele>2262.46</ele>
        <time>2025-06-24T14:02:11Z</time>
      </trkpt>
      <trkpt lat="37.61765" lon="-112.15837">
        <ele>2263.54</ele>
        <time>2025-06-24T14:02:14Z</time>
      </trkpt>
      <trkpt lat="37.61762" lon="-112.15837">
        <ele>2264.51</ele>
        <time>2025-06-24T14:02:17Z</time>
      </trkpt>
      <trkpt lat="37.6176" lon="-112.15839">
        <ele>2265.37</ele>
        <time>2025-06-24T14:02:20Z</time>
      </trkpt>
      <trkpt lat="37.61757" lon="-112.15842">
        <ele>2266.42</ele>
        <time>2025-06-24T14:02:23Z</time>
      </trkpt>
      <trkpt lat="37.61755" lon="-112.15844">
        <ele>2267.14</ele>
        <time>2025-06-24T14:02:26Z</time>
      </trkpt>
      <trkpt lat="37.61752" lon="-112.15847">
        <ele>2268.42</ele>
        <time>2025-06-24T14:02:30Z</time>
      </trkpt>
      <trkpt lat="37.61751" lon="-112.1585">
        <ele>2269.3</ele>
        <time>2025-06-24T14:02:33Z</time>
      </trkpt>
      <trkpt lat="37.61751" lon="-112.15854">
        <ele>2270.35</ele>
        <time>2025-06-24T14:02:36Z</time>
      </trkpt>
      <trkpt lat="37.61752" lon="-112.15858">
        <ele>2271.2</ele>
        <time>2025-06-24T14:02:39Z</time>
      </trkpt>
      <trkpt lat="37.61753" lon="-112.15861">
        <ele>2271.67</ele>
        <time>2025-06-24T14:02:42Z</time>
      </trkpt>
      <trkpt lat="37.61755" lon="-112.15863">
        <ele>2271.14</ele>
        <time>2025-06-24T14:02:45Z</time>
      </trkpt>
      <trkpt lat="37.61757" lon="-112.15867">
        <ele>2270.77</ele>
        <time>2025-06-24T14:02:48Z</time>
      </trkpt>
      <trkpt lat="37.61758" lon="-112.15871">
        <ele>2270.76</ele>
        <time>2025-06-24T14:02:51Z</time>
      </trkpt>
      <trkpt lat="37.61759" lon="-112.15874">
        <ele>2270.54</ele>
        <time>2025-06-24T14:02:54Z</time>
      </trkpt>
      <trkpt lat="37.61761" lon="-112.15878">
        <ele>2269.54</ele>
        <time>2025-06-24T14:02:57Z</time>
      </trkpt>
      <trkpt lat="37.61762" lon="-112.15882">
        <ele>2269.11</ele>
        <time>2025-06-24T14:03:00Z</time>
      </trkpt>
      <trkpt lat="37.61762" lon="-112.15887">
        <ele>2269.49</ele>
        <time>2025-06-24T14:03:03Z</time>
      </trkpt>
      <trkpt lat="37.6176" lon="-112.1589">
        <ele>2271.35</ele>
        <time>2025-06-24T14:03:05Z</time>
      </trkpt>
      <trkpt lat="37.61759" lon="-112.15893">
        <ele>2272.17</ele>
        <time>2025-06-24T14:03:07Z</time>
      </trkpt>
      <trkpt lat="37.61759" lon="-112.15897">
        <ele>2272.17</ele>
        <time>2025-06-24T14:03:10Z</time>
      </trkpt>
      <trkpt lat="37.61758" lon="-112.15901">
        <ele>2272.82</ele>
        <time>2025-06-24T14:03:13Z</time>
      </trkpt>
      <trkpt lat="37.61758" lon="-112.15906">
        <ele>2272.82</ele>
        <time>2025-06-24T14:03:16Z</time>
      </trkpt>
      <trkpt lat="37.61758" lon="-112.1591">
        <ele>2272.57</ele>
        <time>2025-06-24T14:03:18Z</time>
      </trkpt>
      <trkpt lat="37.61758" lon="-112.15913">
        <ele>2272.29</ele>
        <time>2025-06-24T14:03:20Z</time>
      </trkpt>
      <trkpt lat="37.61757" lon="-112.15918">
        <ele>2272.71</ele>
        <time>2025-06-24T14:03:23Z</time>
      </trkpt>
      <trkpt lat="37.61757" lon="-112.15922">
        <ele>2272.71</ele>
        <time>2025-06-24T14:03:26Z</time>
      </trkpt>
      <trkpt lat="37.61756" lon="-112.15926">
        <ele>2273.46</ele>
        <time>2025-06-24T14:03:29Z</time>
      </trkpt>
      <trkpt lat="37.61755" lon="-112.15931">
        <ele>2273.97</ele>
        <time>2025-06-24T14:03:32Z</time>
      </trkpt>
      <trkpt lat="37.61754" lon="-112.15935">
        <ele>2274.42</ele>
        <time>2025-06-24T14:03:35Z</time>
      </trkpt>
      <trkpt lat="37.61754" lon="-112.15939">
        <ele>2274.0</ele>
        <time>2025-06-24T14:03:39Z</time>
      </trkpt>
      <trkpt lat="37.61755" lon="-112.15942">
        <ele>2273.02</ele>
        <time>2025-06-24T14:03:42Z</time>
      </trkpt>
      <trkpt lat="37.61754" lon="-112.15946">
        <ele>2273.24</ele>
        <time>2025-06-24T14:03:45Z</time>
      </trkpt>
      <trkpt lat="37.61752" lon="-112.15951">
        <ele>2274.0</ele>
        <time>2025-06-24T14:03:48Z</time>
      </trkpt>
      <trkpt lat="37.6175" lon="-112.15955">
        <ele>2274.86</ele>
        <time>2025-06-24T14:03:51Z</time>
      </trkpt>
      <trkpt lat="37.61749" lon="-112.15959">
        <ele>2275.01</ele>
        <time>2025-06-24T14:03:54Z</time>
      </trkpt>
      <trkpt lat="37.61748" lon="-112.15963">
        <ele>2275.08</ele>
        <time>2025-06-24T14:03:56Z</time>
      </trkpt>
      <trkpt lat="37.61746" lon="-112.15968">
        <ele>2275.62</ele>
        <time>2025-06-24T14:03:59Z</time>
      </trkpt>
      <trkpt lat="37.61744" lon="-112.15971">
        <ele>2276.37</ele>
        <time>2025-06-24T14:04:04Z</time>
      </trkpt>
      <trkpt lat="37.61742" lon="-112.15974">
        <ele>2276.94</ele>
        <time>2025-06-24T14:04:07Z</time>
      </trkpt>
      <trkpt lat="37.6174" lon="-112.15977">
        <ele>2277.41</ele>
        <time>2025-06-24T14:04:10Z</time>
      </trkpt>
      <trkpt lat="37.61738" lon="-112.15981">
        <ele>2277.86</ele>
        <time>2025-06-24T14:04:13Z</time>
      </trkpt>
      <trkpt lat="37.61735" lon="-112.15985">
        <ele>2278.96</ele>
        <time>2025-06-24T14:04:16Z</time>
      </trkpt>
      <trkpt lat="37.61733" lon="-112.15988">
        <ele>2279.61</ele>
        <time>2025-06-24T14:04:20Z</time>
      </trkpt>
      <trkpt lat="37.61732" lon="-112.15992">
        <ele>2279.4</ele>
        <time>2025-06-24T14:04:24Z</time>
      </trkpt>
      <trkpt lat="37.6173" lon="-112.15995">
        <ele>2279.88</ele>
        <time>2025-06-24T14:04:27Z</time>
      </trkpt>
      <trkpt lat="37.61729" lon="-112.15999">
        <ele>2279.56</ele>
        <time>2025-06-24T14:04:30Z</time>
      </trkpt>
      <trkpt lat="37.61727" lon="-112.16003">
        <ele>2279.62</ele>
        <time>2025-06-24T14:04:33Z</time>
      </trkpt>
      <trkpt lat="37.61724" lon="-112.16005">
        <ele>2280.52</ele>
        <time>2025-06-24T14:04:36Z</time>
      </trkpt>
      <trkpt lat="37.61721" lon="-112.16008">
        <ele>2281.07</ele>
        <time>2025-06-24T14:04:39Z</time>
      </trkpt>
      <trkpt lat="37.61718" lon="-112.16011">
        <ele>2281.92</ele>
        <time>2025-06-24T14:04:42Z</time>
      </trkpt>
      <trkpt lat="37.61716" lon="-112.16014">
        <ele>2282.16</ele>
        <time>2025-06-24T14:04:45Z</time>
      </trkpt>
      <trkpt lat="37.61713" lon="-112.16017">
        <ele>2282.48</ele>
        <time>2025-06-24T14:04:48Z</time>
      </trkpt>
      <trkpt lat="37.61711" lon="-112.16019">
        <ele>2282.73</ele>
        <time>2025-06-24T14:04:51Z</time>
      </trkpt>
      <trkpt lat="37.61709" lon="-112.16022">
        <ele>2282.8</ele>
        <time>2025-06-24T14:04:53Z</time>
      </trkpt>
      <trkpt lat="37.61706" lon="-112.16025">
        <ele>2283.08</ele>
        <time>2025-06-24T14:04:56Z</time>
      </trkpt>
      <trkpt lat="37.61703" lon="-112.16028">
        <ele>2283.25</ele>
        <time>2025-06-24T14:04:59Z</time>
      </trkpt>
      <trkpt lat="37.61701" lon="-112.16031">
        <ele>2283.37</ele>
        <time>2025-06-24T14:05:02Z</time>
      </trkpt>
      <trkpt lat="37.61698" lon="-112.16033">
        <ele>2283.99</ele>
        <time>2025-06-24T14:05:05Z</time>
      </trkpt>
      <trkpt lat="37.61695" lon="-112.16035">
        <ele>2284.47</ele>
        <time>2025-06-24T14:05:08Z</time>
      </trkpt>
      <trkpt lat="37.61692" lon="-112.16039">
        <ele>2284.84</ele>
        <time>2025-06-24T14:05:11Z</time>
      </trkpt>
      <trkpt lat="37.6169" lon="-112.16042">
        <ele>2285.07</ele>
        <time>2025-06-24T14:05:14Z</time>
      </trkpt>
      <trkpt lat="37.61687" lon="-112.16044">
        <ele>2285.91</ele>
        <time>2025-06-24T14:05:17Z</time>
      </trkpt>
      <trkpt lat="37.61683" lon="-112.16044">
        <ele>2288.16</ele>
        <time>2025-06-24T14:05:20Z</time>
      </trkpt>
      <trkpt lat="37.6168" lon="-112.16046">
        <ele>2289.46</ele>
        <time>2025-06-24T14:05:23Z</time>
      </trkpt>
      <trkpt lat="37.61678" lon="-112.16048">
        <ele>2289.96</ele>
        <time>2025-06-24T14:05:26Z</time>
      </trkpt>
      <trkpt lat="37.61675" lon="-112.16051">
        <ele>2290.42</ele>
        <time>2025-06-24T14:05:29Z</time>
      </trkpt>
      <trkpt lat="37.61673" lon="-112.16053">
        <ele>2290.6</ele>
        <time>2025-06-24T14:05:32Z</time>
      </trkpt>
      <trkpt lat="37.6167" lon="-112.16057">
        <ele>2290.89</ele>
        <time>2025-06-24T14:05:35Z</time>
      </trkpt>
      <trkpt lat="37.61668" lon="-112.1606">
        <ele>2291.32</ele>
        <time>2025-06-24T14:05:38Z</time>
      </trkpt>
      <trkpt lat="37.61665" lon="-112.16064">
        <ele>2291.9</ele>
        <time>2025-06-24T14:05:41Z</time>
      </trkpt>
      <trkpt lat="37.61663" lon="-112.16066">
        <ele>2292.41</ele>
        <time>2025-06-24T14:05:44Z</time>
      </trkpt>
      <trkpt lat="37.6166" lon="-112.16069">
        <ele>2293.1</ele>
        <time>2025-06-24T14:05:47Z</time>
      </trkpt>
      <trkpt lat="37.61658" lon="-112.16071">
        <ele>2293.45</ele>
        <time>2025-06-24T14:05:50Z</time>
      </trkpt>
      <trkpt lat="37.61655" lon="-112.16074">
        <ele>2293.54</ele>
        <time>2025-06-24T14:05:54Z</time>
      </trkpt>
      <trkpt lat="37.61652" lon="-112.16076">
        <ele>2293.75</ele>
        <time>2025-06-24T14:05:58Z</time>
      </trkpt>
      <trkpt lat="37.6165" lon="-112.1608">
        <ele>2293.32</ele>
        <time>2025-06-24T14:06:02Z</time>
      </trkpt>
      <trkpt lat="37.61648" lon="-112.16082">
        <ele>2293.34</ele>
        <time>2025-06-24T14:06:04Z</time>
      </trkpt>
      <trkpt lat="37.61644" lon="-112.16085">
        <ele>2294.44</ele>
        <time>2025-06-24T14:06:07Z</time>
      </trkpt>
      <trkpt lat="37.61641" lon="-112.1609">
        <ele>2295.48</ele>
        <time>2025-06-24T14:06:10Z</time>
      </trkpt>
      <trkpt lat="37.61639" lon="-112.16093">
        <ele>2296.06</ele>
        <time>2025-06-24T14:06:13Z</time>
      </trkpt>
      <trkpt lat="37.61636" lon="-112.16097">
        <ele>2298.23</ele>
        <time>2025-06-24T14:06:16Z</time>
      </trkpt>
      <trkpt lat="37.61634" lon="-112.161">
        <ele>2299.08</ele>
        <time>2025-06-24T14:06:19Z</time>
      </trkpt>
      <trkpt lat="37.61631" lon="-112.16102">
        <ele>2299.72</ele>
        <time>2025-06-24T14:06:22Z</time>
      </trkpt>
      <trkpt lat="37.61627" lon="-112.16104">
        <ele>2300.73</ele>
        <time>2025-06-24T14:06:25Z</time>
      </trkpt>
      <trkpt lat="37.61624" lon="-112.16106">
        <ele>2301.39</ele>
        <time>2025-06-24T14:06:28Z</time>
      </trkpt>
      <trkpt lat="37.61621" lon="-112.16107">
        <ele>2301.9</ele>
        <time>2025-06-24T14:06:31Z</time>
      </trkpt>
      <trkpt lat="37.61616" lon="-112.16108">
        <ele>2302.79</ele>
        <time>2025-06-24T14:06:34Z</time>
      </trkpt>
      <trkpt lat="37.61613" lon="-112.1611">
        <ele>2303.5</ele>
        <time>2025-06-24T14:06:37Z</time>
      </trkpt>
      <trkpt lat="37.6161" lon="-112.16113">
        <ele>2305.14</ele>
        <time>2025-06-24T14:06:41Z</time>
      </trkpt>
      <trkpt lat="37.61613" lon="-112.16113">
        <ele>2304.49</ele>
        <time>2025-06-24T14:06:53Z</time>
      </trkpt>
      <trkpt lat="37.61613" lon="-112.16108">
        <ele>2303.32</ele>
        <time>2025-06-24T14:07:21Z</time>
      </trkpt>
      <trkpt lat="37.61615" lon="-112.16111">
        <ele>2303.15</ele>
        <time>2025-06-24T14:07:33Z</time>
      </trkpt>
      <trkpt lat="37.61618" lon="-112.16113">
        <ele>2303.08</ele>
        <time>2025-06-24T14:07:36Z</time>
      </trkpt>
      <trkpt lat="37.6162" lon="-112.16114">
        <ele>2302.74</ele>
        <time>2025-06-24T14:07:38Z</time>
      </trkpt>
      <trkpt lat="37.61623" lon="-112.16116">
        <ele>2302.77</ele>
        <time>2025-06-24T14:07:40Z</time>
      </trkpt>
      <trkpt lat="37.61626" lon="-112.16117">
        <ele>2302.66</ele>
        <time>2025-06-24T14:07:42Z</time>
      </trkpt>
      <trkpt lat="37.61629" lon="-112.16118">
        <ele>2302.56</ele>
        <time>2025-06-24T14:07:44Z</time>
      </trkpt>
      <trkpt lat="37.61631" lon="-112.16118">
        <ele>2302.82</ele>
        <time>2025-06-24T14:07:46Z</time>
      </trkpt>
      <trkpt lat="37.61635" lon="-112.16119">
        <ele>2304.19</ele>
        <time>2025-06-24T14:07:49Z</time>
      </trkpt>
      <trkpt lat="37.61638" lon="-112.1612">
        <ele>2305.52</ele>
        <time>2025-06-24T14:07:52Z</time>
      </trkpt>
      <trkpt lat="37.61641" lon="-112.16121">
        <ele>2306.2</ele>
        <time>2025-06-24T14:07:55Z</time>
      </trkpt>
      <trkpt lat="37.61644" lon="-112.16123">
        <ele>2306.97</ele>
        <time>2025-06-24T14:07:58Z</time>
      </trkpt>
      <trkpt lat="37.61648" lon="-112.16125">
        <ele>2307.04</ele>
        <time>2025-06-24T14:08:01Z</time>
      </trkpt>
      <trkpt lat="37.61651" lon="-112.16127">
        <ele>2306.41</ele>
        <time>2025-06-24T14:08:04Z</time>
      </trkpt>
      <trkpt lat="37.61654" lon="-112.16129">
        <ele>2305.61</ele>
        <time>2025-06-24T14:08:07Z</time>
      </trkpt>
      <trkpt lat="37.61656" lon="-112.16132">
        <ele>2305.09</ele>
        <time>2025-06-24T14:08:09Z</time>
      </trkpt>
      <trkpt lat="37.61658" lon="-112.16135">
        <ele>2304.16</ele>
        <time>2025-06-24T14:08:11Z</time>
      </trkpt>
      <trkpt lat="37.61659" lon="-112.16139">
        <ele>2303.79</ele>
        <time>2025-06-24T14:08:13Z</time>
      </trkpt>
      <trkpt lat="37.6166" lon="-112.16144">
        <ele>2302.89</ele>
        <time>2025-06-24T14:08:16Z</time>
      </trkpt>
      <trkpt lat="37.6166" lon="-112.16147">
        <ele>2302.79</ele>
        <time>2025-06-24T14:08:25Z</time>
      </trkpt>
      <trkpt lat="37.6166" lon="-112.16152">
        <ele>2302.64</ele>
        <time>2025-06-24T14:08:28Z</time>
      </trkpt>
      <trkpt lat="37.6166" lon="-112.16156">
        <ele>2302.52</ele>
        <time>2025-06-24T14:08:31Z</time>
      </trkpt>
      <trkpt lat="37.61659" lon="-112.1616">
        <ele>2303.17</ele>
        <time>2025-06-24T14:08:34Z</time>
      </trkpt>
      <trkpt lat="37.61658" lon="-112.16164">
        <ele>2303.71</ele>
        <time>2025-06-24T14:08:37Z</time>
      </trkpt>
      <trkpt lat="37.61657" lon="-112.16168">
        <ele>2304.16</ele>
        <time>2025-06-24T14:08:40Z</time>
      </trkpt>
      <trkpt lat="37.61656" lon="-112.16171">
        <ele>2304.6</ele>
        <time>2025-06-24T14:08:43Z</time>
      </trkpt>
      <trkpt lat="37.61655" lon="-112.16175">
        <ele>2304.92</ele>
        <time>2025-06-24T14:08:46Z</time>
      </trkpt>
      <trkpt lat="37.61654" lon="-112.16179">
        <ele>2305.24</ele>
        <time>2025-06-24T14:08:49Z</time>
      </trkpt>
      <trkpt lat="37.61652" lon="-112.16183">
        <ele>2306.32</ele>
        <time>2025-06-24T14:08:52Z</time>
      </trkpt>
      <trkpt lat="37.61651" lon="-112.16186">
        <ele>2306.78</ele>
        <time>2025-06-24T14:08:55Z</time>
      </trkpt>
      <trkpt lat="37.61649" lon="-112.16189">
        <ele>2307.98</ele>
        <time>2025-06-24T14:08:58Z</time>
      </trkpt>
      <trkpt lat="37.61647" lon="-112.16192">
        <ele>2309.1</ele>
        <time>2025-06-24T14:09:01Z</time>
      </trkpt>
      <trkpt lat="37.61646" lon="-112.16196">
        <ele>2309.75</ele>
        <time>2025-06-24T14:09:04Z</time>
      </trkpt>
      <trkpt lat="37.61645" lon="-112.16199">
        <ele>2310.7</ele>
        <time>2025-06-24T14:09:07Z</time>
      </trkpt>
      <trkpt lat="37.61643" lon="-112.16203">
        <ele>2312.3</ele>
        <time>2025-06-24T14:09:10Z</time>
      </trkpt>
      <trkpt lat="37.61642" lon="-112.16207">
        <ele>2312.75</ele>
        <time>2025-06-24T14:09:13Z</time>
      </trkpt>
      <trkpt lat="37.61641" lon="-112.16211">
        <ele>2313.02</ele>
        <time>2025-06-24T14:09:16Z</time>
      </trkpt>
      <trkpt lat="37.61641" lon="-112.16215">
        <ele>2312.64</ele>
        <time>2025-06-24T14:09:20Z</time>
      </trkpt>
      <trkpt lat="37.61639" lon="-112.16217">
        <ele>2313.5</ele>
        <time>2025-06-24T14:09:29Z</time>
      </trkpt>
      <trkpt lat="37.61634" lon="-112.16214">
        <ele>2317.47</ele>
        <time>2025-06-24T14:10:00Z</time>
      </trkpt>
      <trkpt lat="37.61632" lon="-112.16208">
        <ele>2319.74</ele>
        <time>2025-06-24T14:10:04Z</time>
      </trkpt>
      <trkpt lat="37.61631" lon="-112.16203">
        <ele>2320.96</ele>
        <time>2025-06-24T14:10:08Z</time>
      </trkpt>
      <trkpt lat="37.61631" lon="-112.16198">
        <ele>2320.96</ele>
        <time>2025-06-24T14:10:12Z</time>
      </trkpt>
      <trkpt lat="37.61631" lon="-112.16192">
        <ele>2321.19</ele>
        <time>2025-06-24T14:10:16Z</time>
      </trkpt>
      <trkpt lat="37.61632" lon="-112.16188">
        <ele>2320.73</ele>
        <time>2025-06-24T14:10:19Z</time>
      </trkpt>
      <trkpt lat="37.61632" lon="-112.16183">
        <ele>2321.19</ele>
        <time>2025-06-24T14:10:22Z</time>
      </trkpt>
      <trkpt lat="37.61632" lon="-112.16178">
        <ele>2321.73</ele>
        <time>2025-06-24T14:10:25Z</time>
      </trkpt>
      <trkpt lat="37.61632" lon="-112.16173">
        <ele>2322.5</ele>
        <time>2025-06-24T14:10:28Z</time>
      </trkpt>
      <trkpt lat="37.61631" lon="-112.16169">
        <ele>2324.2</ele>
        <time>2025-06-24T14:10:31Z</time>
      </trkpt>
      <trkpt lat="37.61632" lon="-112.16165">
        <ele>2324.32</ele>
        <time>2025-06-24T14:10:34Z</time>
      </trkpt>
      <trkpt lat="37.61633" lon="-112.1616">
        <ele>2325.08</ele>
        <time>2025-06-24T14:10:37Z</time>
      </trkpt>
      <trkpt lat="37.61633" lon="-112.16156">
        <ele>2326.05</ele>
        <time>2025-06-24T14:10:41Z</time>
      </trkpt>
      <trkpt lat="37.61634" lon="-112.16152">
        <ele>2325.08</ele>
        <time>2025-06-24T14:11:27Z</time>
      </trkpt>
      <trkpt lat="37.6163" lon="-112.16159">
        <ele>2328.89</ele>
        <time>2025-06-24T14:12:54Z</time>
      </trkpt>
      <trkpt lat="37.61629" lon="-112.16166">
        <ele>2326.74</ele>
        <time>2025-06-24T14:12:58Z</time>
      </trkpt>
      <trkpt lat="37.61628" lon="-112.16172">
        <ele>2326.18</ele>
        <time>2025-06-24T14:13:02Z</time>
      </trkpt>
      <trkpt lat="37.61626" lon="-112.16178">
        <ele>2327.0</ele>
        <time>2025-06-24T14:13:06Z</time>
      </trkpt>
      <trkpt lat="37.61623" lon="-112.16185">
        <ele>2329.45</ele>
        <time>2025-06-24T14:13:10Z</time>
      </trkpt>
      <trkpt lat="37.61622" lon="-112.1619">
        <ele>2330.32</ele>
        <time>2025-06-24T14:13:14Z</time>
      </trkpt>
      <trkpt lat="37.61619" lon="-112.16195">
        <ele>2332.73</ele>
        <time>2025-06-24T14:13:19Z</time>
      </trkpt>
      <trkpt lat="37.61618" lon="-112.16199">
        <ele>2333.15</ele>
        <time>2025-06-24T14:13:22Z</time>
      </trkpt>
      <trkpt lat="37.61617" lon="-112.16203">
        <ele>2333.48</ele>
        <time>2025-06-24T14:13:25Z</time>
      </trkpt>
      <trkpt lat="37.61615" lon="-112.16207">
        <ele>2333.91</ele>
        <time>2025-06-24T14:13:29Z</time>
      </trkpt>
      <trkpt lat="37.61613" lon="-112.16211">
        <ele>2333.93</ele>
        <time>2025-06-24T14:13:32Z</time>
      </trkpt>
      <trkpt lat="37.6161" lon="-112.16214">
        <ele>2333.69</ele>
        <time>2025-06-24T14:13:35Z</time>
      </trkpt>
      <trkpt lat="37.61607" lon="-112.16216">
        <ele>2333.39</ele>
        <time>2025-06-24T14:13:38Z</time>
      </trkpt>
      <trkpt lat="37.61603" lon="-112.16217">
        <ele>2333.95</ele>
        <time>2025-06-24T14:13:41Z</time>
      </trkpt>
      <trkpt lat="37.616" lon="-112.16217">
        <ele>2334.37</ele>
        <time>2025-06-24T14:13:44Z</time>
      </trkpt>
      <trkpt lat="37.61597" lon="-112.16217">
        <ele>2334.55</ele>
        <time>2025-06-24T14:13:47Z</time>
      </trkpt>
      <trkpt lat="37.61594" lon="-112.16218">
        <ele>2334.21</ele>
        <time>2025-06-24T14:13:50Z</time>
      </trkpt>
      <trkpt lat="37.61591" lon="-112.16218">
        <ele>2334.28</ele>
        <time>2025-06-24T14:13:53Z</time>
      </trkpt>
      <trkpt lat="37.61588" lon="-112.16218">
        <ele>2334.28</ele>
        <time>2025-06-24T14:13:56Z</time>
      </trkpt>
      <trkpt lat="37.61585" lon="-112.16217">
        <ele>2334.82</ele>
        <time>2025-06-24T14:13:59Z</time>
      </trkpt>
      <trkpt lat="37.61582" lon="-112.16217">
        <ele>2335.09</ele>
        <time>2025-06-24T14:14:02Z</time>
      </trkpt>
      <trkpt lat="37.61578" lon="-112.16217">
        <ele>2335.9</ele>
        <time>2025-06-24T14:14:05Z</time>
      </trkpt>
      <trkpt lat="37.61575" lon="-112.16217">
        <ele>2336.5</ele>
        <time>2025-06-24T14:14:08Z</time>
      </trkpt>
      <trkpt lat="37.61572" lon="-112.16219">
        <ele>2336.49</ele>
        <time>2025-06-24T14:14:11Z</time>
      </trkpt>
      <trkpt lat="37.61569" lon="-112.16221">
        <ele>2336.49</ele>
        <time>2025-06-24T14:14:14Z</time>
      </trkpt>
      <trkpt lat="37.61567" lon="-112.16222">
        <ele>2336.6</ele>
        <time>2025-06-24T14:14:17Z</time>
      </trkpt>
      <trkpt lat="37.61563" lon="-112.16223">
        <ele>2337.14</ele>
        <time>2025-06-24T14:14:20Z</time>
      </trkpt>
      <trkpt lat="37.6156" lon="-112.16222">
        <ele>2338.11</ele>
        <time>2025-06-24T14:14:23Z</time>
      </trkpt>
      <trkpt lat="37.61557" lon="-112.16221">
        <ele>2339.08</ele>
        <time>2025-06-24T14:14:26Z</time>
      </trkpt>
      <trkpt lat="37.61555" lon="-112.16218">
        <ele>2340.46</ele>
        <time>2025-06-24T14:14:29Z</time>
      </trkpt>
      <trkpt lat="37.61552" lon="-112.16215">
        <ele>2341.81</ele>
        <time>2025-06-24T14:14:32Z</time>
      </trkpt>
      <trkpt lat="37.61549" lon="-112.16214">
        <ele>2342.45</ele>
        <time>2025-06-24T14:14:35Z</time>
      </trkpt>
      <trkpt lat="37.61546" lon="-112.16213">
        <ele>2343.02</ele>
        <time>2025-06-24T14:14:38Z</time>
      </trkpt>
      <trkpt lat="37.61543" lon="-112.16212">
        <ele>2343.56</ele>
        <time>2025-06-24T14:14:41Z</time>
      </trkpt>
      <trkpt lat="37.61539" lon="-112.16211">
        <ele>2344.21</ele>
        <time>2025-06-24T14:14:44Z</time>
      </trkpt>
      <trkpt lat="37.61535" lon="-112.16211">
        <ele>2344.64</ele>
        <time>2025-06-24T14:14:47Z</time>
      </trkpt>
      <trkpt lat="37.61532" lon="-112.1621">
        <ele>2345.18</ele>
        <time>2025-06-24T14:14:50Z</time>
      </trkpt>
      <trkpt lat="37.61529" lon="-112.16208">
        <ele>2345.94</ele>
        <time>2025-06-24T14:14:53Z</time>
      </trkpt>
      <trkpt lat="37.61526" lon="-112.16207">
        <ele>2346.29</ele>
        <time>2025-06-24T14:14:57Z</time>
      </trkpt>
      <trkpt lat="37.61524" lon="-112.16206">
        <ele>2346.5</ele>
        <time>2025-06-24T14:15:05Z</time>
      </trkpt>
      <trkpt lat="37.61522" lon="-112.16202">
        <ele>2347.23</ele>
        <time>2025-06-24T14:15:09Z</time>
      </trkpt>
      <trkpt lat="37.6152" lon="-112.16199">
        <ele>2347.85</ele>
        <time>2025-06-24T14:15:12Z</time>
      </trkpt>
      <trkpt lat="37.61518" lon="-112.16196">
        <ele>2348.75</ele>
        <time>2025-06-24T14:15:15Z</time>
      </trkpt>
      <trkpt lat="37.61516" lon="-112.16193">
        <ele>2349.63</ele>
        <time>2025-06-24T14:15:18Z</time>
      </trkpt>
      <trkpt lat="37.61514" lon="-112.16191">
        <ele>2350.34</ele>
        <time>2025-06-24T14:15:32Z</time>
      </trkpt>
      <trkpt lat="37.61511" lon="-112.1619">
        <ele>2351.4</ele>
        <time>2025-06-24T14:15:35Z</time>
      </trkpt>
      <trkpt lat="37.61508" lon="-112.1619">
        <ele>2352.23</ele>
        <time>2025-06-24T14:15:38Z</time>
      </trkpt>
      <trkpt lat="37.61505" lon="-112.16191">
        <ele>2352.55</ele>
        <time>2025-06-24T14:15:41Z</time>
      </trkpt>
      <trkpt lat="37.61502" lon="-112.16192">
        <ele>2352.73</ele>
        <time>2025-06-24T14:15:44Z</time>
      </trkpt>
      <trkpt lat="37.615" lon="-112.16194">
        <ele>2352.19</ele>
        <time>2025-06-24T14:16:10Z</time>
      </trkpt>
      <trkpt lat="37.61497" lon="-112.16195">
        <ele>2352.59</ele>
        <time>2025-06-24T14:16:14Z</time>
      </trkpt>
      <trkpt lat="37.61494" lon="-112.16196">
        <ele>2352.83</ele>
        <time>2025-06-24T14:16:17Z</time>
      </trkpt>
      <trkpt lat="37.61491" lon="-112.16198">
        <ele>2352.24</ele>
        <time>2025-06-24T14:16:20Z</time>
      </trkpt>
      <trkpt lat="37.6149" lon="-112.16202">
        <ele>2349.7</ele>
        <time>2025-06-24T14:16:23Z</time>
      </trkpt>
      <trkpt lat="37.61488" lon="-112.16205">
        <ele>2348.52</ele>
        <time>2025-06-24T14:16:27Z</time>
      </trkpt>
      <trkpt lat="37.61487" lon="-112.16208">
        <ele>2346.67</ele>
        <time>2025-06-24T14:16:36Z</time>
      </trkpt>
      <trkpt lat="37.61485" lon="-112.16211">
        <ele>2344.91</ele>
        <time>2025-06-24T14:16:41Z</time>
      </trkpt>
      <trkpt lat="37.61482" lon="-112.16213">
        <ele>2343.86</ele>
        <time>2025-06-24T14:16:44Z</time>
      </trkpt>
      <trkpt lat="37.6148" lon="-112.16217">
        <ele>2341.38</ele>
        <time>2025-06-24T14:16:47Z</time>
      </trkpt>
      <trkpt lat="37.6148" lon="-112.1622">
        <ele>2339.44</ele>
        <time>2025-06-24T14:16:50Z</time>
      </trkpt>
      <trkpt lat="37.6148" lon="-112.16224">
        <ele>2337.65</ele>
        <time>2025-06-24T14:16:54Z</time>
      </trkpt>
      <trkpt lat="37.61479" lon="-112.16229">
        <ele>2336.73</ele>
        <time>2025-06-24T14:16:58Z</time>
      </trkpt>
      <trkpt lat="37.61479" lon="-112.16233">
        <ele>2336.1</ele>
        <time>2025-06-24T14:17:02Z</time>
      </trkpt>
      <trkpt lat="37.61479" lon="-112.16237">
        <ele>2335.67</ele>
        <time>2025-06-24T14:17:06Z</time>
      </trkpt>
      <trkpt lat="37.61478" lon="-112.16241">
        <ele>2335.34</ele>
        <time>2025-06-24T14:17:11Z</time>
      </trkpt>
      <trkpt lat="37.61478" lon="-112.16244">
        <ele>2334.89</ele>
        <time>2025-06-24T14:17:14Z</time>
      </trkpt>
      <trkpt lat="37.61479" lon="-112.16248">
        <ele>2334.27</ele>
        <time>2025-06-24T14:17:20Z</time>
      </trkpt>
      <trkpt lat="37.61476" lon="-112.16239">
        <ele>2335.78</ele>
        <time>2025-06-24T14:19:41Z</time>
      </trkpt>
      <trkpt lat="37.61471" lon="-112.16233">
        <ele>2337.06</ele>
        <time>2025-06-24T14:19:48Z</time>
      </trkpt>
      <trkpt lat="37.61467" lon="-112.16229">
        <ele>2338.55</ele>
        <time>2025-06-24T14:19:53Z</time>
      </trkpt>
      <trkpt lat="37.61462" lon="-112.16229">
        <ele>2339.93</ele>
        <time>2025-06-24T14:19:57Z</time>
      </trkpt>
      <trkpt lat="37.61458" lon="-112.16228">
        <ele>2341.96</ele>
        <time>2025-06-24T14:20:01Z</time>
      </trkpt>
      <trkpt lat="37.61454" lon="-112.16228">
        <ele>2343.75</ele>
        <time>2025-06-24T14:20:05Z</time>
      </trkpt>
      <trkpt lat="37.61452" lon="-112.16231">
        <ele>2343.19</ele>
        <time>2025-06-24T14:20:08Z</time>
      </trkpt>
      <trkpt lat="37.6145" lon="-112.16234">
        <ele>2343.08</ele>
        <time>2025-06-24T14:20:11Z</time>
      </trkpt>
      <trkpt lat="37.61448" lon="-112.16237">
        <ele>2342.92</ele>
        <time>2025-06-24T14:20:14Z</time>
      </trkpt>
      <trkpt lat="37.61446" lon="-112.1624">
        <ele>2342.63</ele>
        <time>2025-06-24T14:20:17Z</time>
      </trkpt>
      <trkpt lat="37.61444" lon="-112.16243">
        <ele>2342.47</ele>
        <time>2025-06-24T14:20:21Z</time>
      </trkpt>
      <trkpt lat="37.61442" lon="-112.16245">
        <ele>2342.8</ele>
        <time>2025-06-24T14:20:24Z</time>
      </trkpt>
      <trkpt lat="37.61439" lon="-112.16246">
        <ele>2343.98</ele>
        <time>2025-06-24T14:20:27Z</time>
      </trkpt>
      <trkpt lat="37.61436" lon="-112.16244">
        <ele>2345.91</ele>
        <time>2025-06-24T14:20:30Z</time>
      </trkpt>
      <trkpt lat="37.61434" lon="-112.16241">
        <ele>2346.68</ele>
        <time>2025-06-24T14:20:33Z</time>
      </trkpt>
      <trkpt lat="37.61431" lon="-112.16238">
        <ele>2347.12</ele>
        <time>2025-06-24T14:20:37Z</time>
      </trkpt>
      <trkpt lat="37.61429" lon="-112.16236">
        <ele>2347.54</ele>
        <time>2025-06-24T14:20:40Z</time>
      </trkpt>
      <trkpt lat="37.61425" lon="-112.16237">
        <ele>2346.66</ele>
        <time>2025-06-24T14:20:44Z</time>
      </trkpt>
      <trkpt lat="37.61422" lon="-112.16239">
        <ele>2345.83</ele>
        <time>2025-06-24T14:20:47Z</time>
      </trkpt>
      <trkpt lat="37.6142" lon="-112.16239">
        <ele>2345.87</ele>
        <time>2025-06-24T14:20:49Z</time>
      </trkpt>
      <trkpt lat="37.61416" lon="-112.1624">
        <ele>2345.69</ele>
        <time>2025-06-24T14:20:52Z</time>
      </trkpt>
      <trkpt lat="37.61413" lon="-112.16241">
        <ele>2346.46</ele>
        <time>2025-06-24T14:20:56Z</time>
      </trkpt>
      <trkpt lat="37.61411" lon="-112.16244">
        <ele>2345.82</ele>
        <time>2025-06-24T14:21:00Z</time>
      </trkpt>
      <trkpt lat="37.61409" lon="-112.16247">
        <ele>2345.05</ele>
        <time>2025-06-24T14:21:04Z</time>
      </trkpt>
      <trkpt lat="37.61407" lon="-112.1625">
        <ele>2344.13</ele>
        <time>2025-06-24T14:21:07Z</time>
      </trkpt>
      <trkpt lat="37.61404" lon="-112.1625">
        <ele>2345.1</ele>
        <time>2025-06-24T14:21:10Z</time>
      </trkpt>
      <trkpt lat="37.61401" lon="-112.16247">
        <ele>2347.7</ele>
        <time>2025-06-24T14:21:13Z</time>
      </trkpt>
      <trkpt lat="37.61397" lon="-112.16245">
        <ele>2349.7</ele>
        <time>2025-06-24T14:21:16Z</time>
      </trkpt>
      <trkpt lat="37.61395" lon="-112.16243">
        <ele>2350.78</ele>
        <time>2025-06-24T14:21:19Z</time>
      </trkpt>
      <trkpt lat="37.61392" lon="-112.16242">
        <ele>2351.32</ele>
        <time>2025-06-24T14:21:22Z</time>
      </trkpt>
      <trkpt lat="37.61388" lon="-112.16242">
        <ele>2351.32</ele>
        <time>2025-06-24T14:21:25Z</time>
      </trkpt>
      <trkpt lat="37.61385" lon="-112.16243">
        <ele>2350.78</ele>
        <time>2025-06-24T14:21:28Z</time>
      </trkpt>
      <trkpt lat="37.61382" lon="-112.16243">
        <ele>2350.78</ele>
        <time>2025-06-24T14:21:31Z</time>
      </trkpt>
      <trkpt lat="37.61379" lon="-112.16243">
        <ele>2350.95</ele>
        <time>2025-06-24T14:21:34Z</time>
      </trkpt>
      <trkpt lat="37.61375" lon="-112.16245">
        <ele>2350.74</ele>
        <time>2025-06-24T14:21:37Z</time>
      </trkpt>
      <trkpt lat="37.61372" lon="-112.16246">
        <ele>2350.7</ele>
        <time>2025-06-24T14:21:40Z</time>
      </trkpt>
      <trkpt lat="37.61369" lon="-112.16248">
        <ele>2350.55</ele>
        <time>2025-06-24T14:21:43Z</time>
      </trkpt>
      <trkpt lat="37.61366" lon="-112.1625">
        <ele>2351.3</ele>
        <time>2025-06-24T14:21:46Z</time>
      </trkpt>
      <trkpt lat="37.61363" lon="-112.16252">
        <ele>2351.93</ele>
        <time>2025-06-24T14:21:50Z</time>
      </trkpt>
      <trkpt lat="37.6136" lon="-112.16254">
        <ele>2352.85</ele>
        <time>2025-06-24T14:21:53Z</time>
      </trkpt>
      <trkpt lat="37.6136" lon="-112.1625">
        <ele>2356.2</ele>
        <time>2025-06-24T14:22:00Z</time>
      </trkpt>
      <trkpt lat="37.61362" lon="-112.16245">
        <ele>2358.11</ele>
        <time>2025-06-24T14:22:04Z</time>
      </trkpt>
      <trkpt lat="37.61363" lon="-112.16242">
        <ele>2359.62</ele>
        <time>2025-06-24T14:22:07Z</time>
      </trkpt>
      <trkpt lat="37.61364" lon="-112.16238">
        <ele>2362.76</ele>
        <time>2025-06-24T14:22:10Z</time>
      </trkpt>
      <trkpt lat="37.61366" lon="-112.16234">
        <ele>2366.01</ele>
        <time>2025-06-24T14:22:13Z</time>
      </trkpt>
      <trkpt lat="37.61368" lon="-112.16232">
        <ele>2367.4</ele>
        <time>2025-06-24T14:22:16Z</time>
      </trkpt>
      <trkpt lat="37.61367" lon="-112.16235">
        <ele>2364.31</ele>
        <time>2025-06-24T14:22:22Z</time>
      </trkpt>
      <trkpt lat="37.61365" lon="-112.16237">
        <ele>2363.21</ele>
        <time>2025-06-24T14:22:26Z</time>
      </trkpt>
      <trkpt lat="37.61362" lon="-112.16238">
        <ele>2364.08</ele>
        <time>2025-06-24T14:22:38Z</time>
      </trkpt>
      <trkpt lat="37.61359" lon="-112.1624">
        <ele>2364.95</ele>
        <time>2025-06-24T14:22:42Z</time>
      </trkpt>
      <trkpt lat="37.61356" lon="-112.16242">
        <ele>2366.57</ele>
        <time>2025-06-24T14:22:46Z</time>
      </trkpt>
      <trkpt lat="37.61353" lon="-112.16242">
        <ele>2369.81</ele>
        <time>2025-06-24T14:22:50Z</time>
      </trkpt>
      <trkpt lat="37.61349" lon="-112.16242">
        <ele>2373.9</ele>
        <time>2025-06-24T14:22:55Z</time>
      </trkpt>
      <trkpt lat="37.61346" lon="-112.16241">
        <ele>2377.53</ele>
        <time>2025-06-24T14:22:58Z</time>
      </trkpt>
      <trkpt lat="37.61342" lon="-112.16239">
        <ele>2380.94</ele>
        <time>2025-06-24T14:23:02Z</time>
      </trkpt>
      <trkpt lat="37.61339" lon="-112.16239">
        <ele>2380.64</ele>
        <time>2025-06-24T14:23:05Z</time>
      </trkpt>
      <trkpt lat="37.61336" lon="-112.16237">
        <ele>2379.56</ele>
        <time>2025-06-24T14:23:08Z</time>
      </trkpt>
      <trkpt lat="37.61334" lon="-112.16235">
        <ele>2378.12</ele>
        <time>2025-06-24T14:23:10Z</time>
      </trkpt>
      <trkpt lat="37.61332" lon="-112.16232">
        <ele>2375.01</ele>
        <time>2025-06-24T14:23:15Z</time>
      </trkpt>
      <trkpt lat="37.61332" lon="-112.16228">
        <ele>2373.58</ele>
        <time>2025-06-24T14:23:19Z</time>
      </trkpt>
      <trkpt lat="37.61335" lon="-112.16229">
        <ele>2376.24</ele>
        <time>2025-06-24T14:23:35Z</time>
      </trkpt>
      <trkpt lat="37.61331" lon="-112.16234">
        <ele>2375.3</ele>
        <time>2025-06-24T14:27:40Z</time>
      </trkpt>
      <trkpt lat="37.61329" lon="-112.16241">
        <ele>2378.27</ele>
        <time>2025-06-24T14:27:44Z</time>
      </trkpt>
      <trkpt lat="37.61326" lon="-112.16246">
        <ele>2378.95</ele>
        <time>2025-06-24T14:27:48Z</time>
      </trkpt>
      <trkpt lat="37.61321" lon="-112.16249">
        <ele>2378.58</ele>
        <time>2025-06-24T14:27:52Z</time>
      </trkpt>
      <trkpt lat="37.61318" lon="-112.16252">
        <ele>2378.35</ele>
        <time>2025-06-24T14:27:56Z</time>
      </trkpt>
      <trkpt lat="37.61314" lon="-112.16254">
        <ele>2378.22</ele>
        <time>2025-06-24T14:28:00Z</time>
      </trkpt>
      <trkpt lat="37.61311" lon="-112.16256">
        <ele>2378.48</ele>
        <time>2025-06-24T14:28:04Z</time>
      </trkpt>
      <trkpt lat="37.61308" lon="-112.16256">
        <ele>2377.38</ele>
        <time>2025-06-24T14:28:07Z</time>
      </trkpt>
      <trkpt lat="37.61304" lon="-112.16255">
        <ele>2374.97</ele>
        <time>2025-06-24T14:28:11Z</time>
      </trkpt>
      <trkpt lat="37.61301" lon="-112.16255">
        <ele>2374.15</ele>
        <time>2025-06-24T14:28:14Z</time>
      </trkpt>
      <trkpt lat="37.61298" lon="-112.16254">
        <ele>2372.34</ele>
        <time>2025-06-24T14:28:16Z</time>
      </trkpt>
      <trkpt lat="37.61296" lon="-112.16251">
        <ele>2368.97</ele>
        <time>2025-06-24T14:28:19Z</time>
      </trkpt>
      <trkpt lat="37.61293" lon="-112.16249">
        <ele>2367.35</ele>
        <time>2025-06-24T14:28:22Z</time>
      </trkpt>
      <trkpt lat="37.61291" lon="-112.16248">
        <ele>2366.7</ele>
        <time>2025-06-24T14:28:25Z</time>
      </trkpt>
      <trkpt lat="37.61288" lon="-112.16247">
        <ele>2366.06</ele>
        <time>2025-06-24T14:28:29Z</time>
      </trkpt>
      <trkpt lat="37.6129" lon="-112.16245">
        <ele>2364.76</ele>
        <time>2025-06-24T14:29:15Z</time>
      </trkpt>
      <trkpt lat="37.61288" lon="-112.16249">
        <ele>2367.35</ele>
        <time>2025-06-24T14:29:38Z</time>
      </trkpt>
      <trkpt lat="37.61284" lon="-112.16252">
        <ele>2370.34</ele>
        <time>2025-06-24T14:29:41Z</time>
      </trkpt>
      <trkpt lat="37.61281" lon="-112.16254">
        <ele>2372.82</ele>
        <time>2025-06-24T14:29:44Z</time>
      </trkpt>
      <trkpt lat="37.61276" lon="-112.16256">
        <ele>2375.85</ele>
        <time>2025-06-24T14:29:47Z</time>
      </trkpt>
      <trkpt lat="37.61271" lon="-112.16256">
        <ele>2376.9</ele>
        <time>2025-06-24T14:29:50Z</time>
      </trkpt>
      <trkpt lat="37.61267" lon="-112.16255">
        <ele>2375.51</ele>
        <time>2025-06-24T14:29:53Z</time>
      </trkpt>
      <trkpt lat="37.61263" lon="-112.16254">
        <ele>2372.91</ele>
        <time>2025-06-24T14:29:56Z</time>
      </trkpt>
      <trkpt lat="37.6126" lon="-112.16253">
        <ele>2370.78</ele>
        <time>2025-06-24T14:29:59Z</time>
      </trkpt>
      <trkpt lat="37.61256" lon="-112.16251">
        <ele>2367.06</ele>
        <time>2025-06-24T14:30:02Z</time>
      </trkpt>
      <trkpt lat="37.61252" lon="-112.16249">
        <ele>2364.04</ele>
        <time>2025-06-24T14:30:05Z</time>
      </trkpt>
      <trkpt lat="37.61249" lon="-112.16247">
        <ele>2362.31</ele>
        <time>2025-06-24T14:30:08Z</time>
      </trkpt>
      <trkpt lat="37.61246" lon="-112.16246">
        <ele>2361.59</ele>
        <time>2025-06-24T14:30:11Z</time>
      </trkpt>
      <trkpt lat="37.61242" lon="-112.16245">
        <ele>2360.9</ele>
        <time>2025-06-24T14:30:14Z</time>
      </trkpt>
      <trkpt lat="37.61239" lon="-112.16244">
        <ele>2360.28</ele>
        <time>2025-06-24T14:30:17Z</time>
      </trkpt>
      <trkpt lat="37.61236" lon="-112.16244">
        <ele>2360.05</ele>
        <time>2025-06-24T14:30:20Z</time>
      </trkpt>
      <trkpt lat="37.61234" lon="-112.16247">
        <ele>2360.72</ele>
        <time>2025-06-24T14:30:24Z</time>
      </trkpt>
      <trkpt lat="37.61232" lon="-112.16251">
        <ele>2361.66</ele>
        <time>2025-06-24T14:30:28Z</time>
      </trkpt>
      <trkpt lat="37.6123" lon="-112.16253">
        <ele>2362.41</ele>
        <time>2025-06-24T14:30:31Z</time>
      </trkpt>
      <trkpt lat="37.61228" lon="-112.16254">
        <ele>2362.62</ele>
        <time>2025-06-24T14:30:34Z</time>
      </trkpt>
      <trkpt lat="37.61225" lon="-112.16256">
        <ele>2363.09</ele>
        <time>2025-06-24T14:30:37Z</time>
      </trkpt>
      <trkpt lat="37.61221" lon="-112.16258">
        <ele>2363.34</ele>
        <time>2025-06-24T14:30:40Z</time>
      </trkpt>
      <trkpt lat="37.61218" lon="-112.16259">
        <ele>2363.44</ele>
        <time>2025-06-24T14:30:42Z</time>
      </trkpt>
      <trkpt lat="37.61215" lon="-112.16262">
        <ele>2364.37</ele>
        <time>2025-06-24T14:30:45Z</time>
      </trkpt>
      <trkpt lat="37.61212" lon="-112.16262">
        <ele>2363.89</ele>
        <time>2025-06-24T14:30:48Z</time>
      </trkpt>
      <trkpt lat="37.61208" lon="-112.16261">
        <ele>2363.56</ele>
        <time>2025-06-24T14:30:50Z</time>
      </trkpt>
      <trkpt lat="37.61205" lon="-112.1626">
        <ele>2363.24</ele>
        <time>2025-06-24T14:30:52Z</time>
      </trkpt>
      <trkpt lat="37.61203" lon="-112.16259">
        <ele>2362.96</ele>
        <time>2025-06-24T14:30:54Z</time>
      </trkpt>
      <trkpt lat="37.61199" lon="-112.16259">
        <ele>2363.4</ele>
        <time>2025-06-24T14:30:57Z</time>
      </trkpt>
      <trkpt lat="37.61195" lon="-112.16259">
        <ele>2363.83</ele>
        <time>2025-06-24T14:31:00Z</time>
      </trkpt>
      <trkpt lat="37.61191" lon="-112.16259">
        <ele>2364.26</ele>
        <time>2025-06-24T14:31:03Z</time>
      </trkpt>
      <trkpt lat="37.61188" lon="-112.16258">
        <ele>2364.15</ele>
        <time>2025-06-24T14:31:05Z</time>
      </trkpt>
      <trkpt lat="37.61185" lon="-112.16256">
        <ele>2363.61</ele>
        <time>2025-06-24T14:31:08Z</time>
      </trkpt>
      <trkpt lat="37.61182" lon="-112.16255">
        <ele>2363.5</ele>
        <time>2025-06-24T14:31:11Z</time>
      </trkpt>
      <trkpt lat="37.61178" lon="-112.16253">
        <ele>2363.07</ele>
        <time>2025-06-24T14:31:14Z</time>
      </trkpt>
      <trkpt lat="37.61175" lon="-112.16251">
        <ele>2362.72</ele>
        <time>2025-06-24T14:31:17Z</time>
      </trkpt>
      <trkpt lat="37.61174" lon="-112.16248">
        <ele>2361.98</ele>
        <time>2025-06-24T14:31:19Z</time>
      </trkpt>
      <trkpt lat="37.61172" lon="-112.16245">
        <ele>2361.65</ele>
        <time>2025-06-24T14:31:21Z</time>
      </trkpt>
      <trkpt lat="37.61171" lon="-112.16242">
        <ele>2361.0</ele>
        <time>2025-06-24T14:31:23Z</time>
      </trkpt>
      <trkpt lat="37.6117" lon="-112.16238">
        <ele>2360.33</ele>
        <time>2025-06-24T14:31:25Z</time>
      </trkpt>
      <trkpt lat="37.6117" lon="-112.16234">
        <ele>2359.46</ele>
        <time>2025-06-24T14:31:27Z</time>
      </trkpt>
      <trkpt lat="37.61169" lon="-112.16231">
        <ele>2359.14</ele>
        <time>2025-06-24T14:31:29Z</time>
      </trkpt>
      <trkpt lat="37.61168" lon="-112.16226">
        <ele>2358.38</ele>
        <time>2025-06-24T14:31:32Z</time>
      </trkpt>
      <trkpt lat="37.61168" lon="-112.16221">
        <ele>2357.46</ele>
        <time>2025-06-24T14:31:35Z</time>
      </trkpt>
      <trkpt lat="37.61168" lon="-112.16217">
        <ele>2357.09</ele>
        <time>2025-06-24T14:31:37Z</time>
      </trkpt>
      <trkpt lat="37.61168" lon="-112.16214">
        <ele>2356.81</ele>
        <time>2025-06-24T14:31:39Z</time>
      </trkpt>
      <trkpt lat="37.61169" lon="-112.16209">
        <ele>2356.18</ele>
        <time>2025-06-24T14:31:42Z</time>
      </trkpt>
      <trkpt lat="37.61169" lon="-112.16204">
        <ele>2355.77</ele>
        <time>2025-06-24T14:31:45Z</time>
      </trkpt>
      <trkpt lat="37.61171" lon="-112.16202">
        <ele>2355.45</ele>
        <time>2025-06-24T14:32:04Z</time>
      </trkpt>
      <trkpt lat="37.61171" lon="-112.16197">
        <ele>2355.19</ele>
        <time>2025-06-24T14:32:08Z</time>
      </trkpt>
      <trkpt lat="37.61168" lon="-112.16197">
        <ele>2355.75</ele>
        <time>2025-06-24T14:32:12Z</time>
      </trkpt>
      <trkpt lat="37.61167" lon="-112.162">
        <ele>2355.95</ele>
        <time>2025-06-24T14:32:14Z</time>
      </trkpt>
      <trkpt lat="37.61165" lon="-112.16205">
        <ele>2355.93</ele>
        <time>2025-06-24T14:32:17Z</time>
      </trkpt>
      <trkpt lat="37.61163" lon="-112.16209">
        <ele>2355.95</ele>
        <time>2025-06-24T14:32:20Z</time>
      </trkpt>
      <trkpt lat="37.61162" lon="-112.16213">
        <ele>2356.0</ele>
        <time>2025-06-24T14:32:23Z</time>
      </trkpt>
      <trkpt lat="37.6116" lon="-112.16217">
        <ele>2356.31</ele>
        <time>2025-06-24T14:32:26Z</time>
      </trkpt>
      <trkpt lat="37.61158" lon="-112.16219">
        <ele>2356.39</ele>
        <time>2025-06-24T14:32:28Z</time>
      </trkpt>
      <trkpt lat="37.61154" lon="-112.16221">
        <ele>2356.0</ele>
        <time>2025-06-24T14:32:31Z</time>
      </trkpt>
      <trkpt lat="37.6115" lon="-112.1622">
        <ele>2354.92</ele>
        <time>2025-06-24T14:32:34Z</time>
      </trkpt>
      <trkpt lat="37.61147" lon="-112.16219">
        <ele>2354.06</ele>
        <time>2025-06-24T14:32:37Z</time>
      </trkpt>
      <trkpt lat="37.61144" lon="-112.16219">
        <ele>2353.41</ele>
        <time>2025-06-24T14:32:41Z</time>
      </trkpt>
      <trkpt lat="37.6114" lon="-112.16221">
        <ele>2352.98</ele>
        <time>2025-06-24T14:32:44Z</time>
      </trkpt>
      <trkpt lat="37.61138" lon="-112.16223">
        <ele>2353.15</ele>
        <time>2025-06-24T14:32:46Z</time>
      </trkpt>
      <trkpt lat="37.61135" lon="-112.16225">
        <ele>2353.35</ele>
        <time>2025-06-24T14:32:49Z</time>
      </trkpt>
      <trkpt lat="37.61131" lon="-112.16225">
        <ele>2352.79</ele>
        <time>2025-06-24T14:32:52Z</time>
      </trkpt>
      <trkpt lat="37.61128" lon="-112.16223">
        <ele>2352.42</ele>
        <time>2025-06-24T14:32:55Z</time>
      </trkpt>
      <trkpt lat="37.61126" lon="-112.1622">
        <ele>2351.48</ele>
        <time>2025-06-24T14:32:58Z</time>
      </trkpt>
      <trkpt lat="37.61125" lon="-112.16216">
        <ele>2349.81</ele>
        <time>2025-06-24T14:33:01Z</time>
      </trkpt>
      <trkpt lat="37.61126" lon="-112.16213">
        <ele>2348.62</ele>
        <time>2025-06-24T14:33:04Z</time>
      </trkpt>
      <trkpt lat="37.61129" lon="-112.16212">
        <ele>2348.62</ele>
        <time>2025-06-24T14:33:06Z</time>
      </trkpt>
      <trkpt lat="37.61132" lon="-112.16212">
        <ele>2349.23</ele>
        <time>2025-06-24T14:33:09Z</time>
      </trkpt>
      <trkpt lat="37.61135" lon="-112.16211">
        <ele>2349.65</ele>
        <time>2025-06-24T14:33:12Z</time>
      </trkpt>
      <trkpt lat="37.61136" lon="-112.16208">
        <ele>2349.14</ele>
        <time>2025-06-24T14:33:17Z</time>
      </trkpt>
      <trkpt lat="37.61133" lon="-112.16206">
        <ele>2347.75</ele>
        <time>2025-06-24T14:33:21Z</time>
      </trkpt>
      <trkpt lat="37.6113" lon="-112.16204">
        <ele>2346.21</ele>
        <time>2025-06-24T14:33:25Z</time>
      </trkpt>
      <trkpt lat="37.6113" lon="-112.16199">
        <ele>2344.6</ele>
        <time>2025-06-24T14:33:28Z</time>
      </trkpt>
      <trkpt lat="37.61129" lon="-112.16196">
        <ele>2343.44</ele>
        <time>2025-06-24T14:33:31Z</time>
      </trkpt>
      <trkpt lat="37.61128" lon="-112.16192">
        <ele>2342.03</ele>
        <time>2025-06-24T14:33:34Z</time>
      </trkpt>
      <trkpt lat="37.61125" lon="-112.16191">
        <ele>2341.38</ele>
        <time>2025-06-24T14:33:37Z</time>
      </trkpt>
      <trkpt lat="37.61121" lon="-112.16192">
        <ele>2341.28</ele>
        <time>2025-06-24T14:33:40Z</time>
      </trkpt>
      <trkpt lat="37.61119" lon="-112.16194">
        <ele>2341.57</ele>
        <time>2025-06-24T14:33:43Z</time>
      </trkpt>
      <trkpt lat="37.61116" lon="-112.16196">
        <ele>2341.56</ele>
        <time>2025-06-24T14:33:46Z</time>
      </trkpt>
      <trkpt lat="37.61113" lon="-112.16196">
        <ele>2340.91</ele>
        <time>2025-06-24T14:33:49Z</time>
      </trkpt>
      <trkpt lat="37.61112" lon="-112.16192">
        <ele>2339.64</ele>
        <time>2025-06-24T14:33:51Z</time>
      </trkpt>
      <trkpt lat="37.61112" lon="-112.16188">
        <ele>2338.73</ele>
        <time>2025-06-24T14:33:53Z</time>
      </trkpt>
      <trkpt lat="37.61111" lon="-112.16184">
        <ele>2338.01</ele>
        <time>2025-06-24T14:33:55Z</time>
      </trkpt>
      <trkpt lat="37.61111" lon="-112.16181">
        <ele>2337.69</ele>
        <time>2025-06-24T14:33:57Z</time>
      </trkpt>
      <trkpt lat="37.61111" lon="-112.16177">
        <ele>2337.25</ele>
        <time>2025-06-24T14:34:01Z</time>
      </trkpt>
      <trkpt lat="37.6111" lon="-112.16174">
        <ele>2338.15</ele>
        <time>2025-06-24T14:34:03Z</time>
      </trkpt>
      <trkpt lat="37.6111" lon="-112.16169">
        <ele>2337.69</ele>
        <time>2025-06-24T14:34:06Z</time>
      </trkpt>
      <trkpt lat="37.61109" lon="-112.16166">
        <ele>2337.65</ele>
        <time>2025-06-24T14:34:09Z</time>
      </trkpt>
      <trkpt lat="37.61107" lon="-112.16163">
        <ele>2337.06</ele>
        <time>2025-06-24T14:34:12Z</time>
      </trkpt>
      <trkpt lat="37.61104" lon="-112.16162">
        <ele>2337.4</ele>
        <time>2025-06-24T14:34:14Z</time>
      </trkpt>
      <trkpt lat="37.61101" lon="-112.16163">
        <ele>2338.68</ele>
        <time>2025-06-24T14:34:16Z</time>
      </trkpt>
      <trkpt lat="37.61097" lon="-112.16165">
        <ele>2339.77</ele>
        <time>2025-06-24T14:34:19Z</time>
      </trkpt>
      <trkpt lat="37.61094" lon="-112.16166">
        <ele>2339.96</ele>
        <time>2025-06-24T14:34:22Z</time>
      </trkpt>
      <trkpt lat="37.6109" lon="-112.16167">
        <ele>2340.14</ele>
        <time>2025-06-24T14:34:25Z</time>
      </trkpt>
      <trkpt lat="37.61087" lon="-112.16167">
        <ele>2340.09</ele>
        <time>2025-06-24T14:34:28Z</time>
      </trkpt>
      <trkpt lat="37.61084" lon="-112.16164">
        <ele>2340.23</ele>
        <time>2025-06-24T14:34:31Z</time>
      </trkpt>
      <trkpt lat="37.61083" lon="-112.1616">
        <ele>2340.84</ele>
        <time>2025-06-24T14:34:34Z</time>
      </trkpt>
      <trkpt lat="37.61083" lon="-112.16156">
        <ele>2341.11</ele>
        <time>2025-06-24T14:34:37Z</time>
      </trkpt>
      <trkpt lat="37.61083" lon="-112.16152">
        <ele>2341.11</ele>
        <time>2025-06-24T14:34:40Z</time>
      </trkpt>
      <trkpt lat="37.61083" lon="-112.16148">
        <ele>2341.09</ele>
        <time>2025-06-24T14:34:43Z</time>
      </trkpt>
      <trkpt lat="37.61081" lon="-112.16144">
        <ele>2341.2</ele>
        <time>2025-06-24T14:34:46Z</time>
      </trkpt>
      <trkpt lat="37.61079" lon="-112.16141">
        <ele>2341.27</ele>
        <time>2025-06-24T14:34:49Z</time>
      </trkpt>
      <trkpt lat="37.61077" lon="-112.16139">
        <ele>2341.39</ele>
        <time>2025-06-24T14:34:52Z</time>
      </trkpt>
      <trkpt lat="37.61076" lon="-112.16135">
        <ele>2341.92</ele>
        <time>2025-06-24T14:34:55Z</time>
      </trkpt>
      <trkpt lat="37.61076" lon="-112.1613">
        <ele>2342.34</ele>
        <time>2025-06-24T14:34:58Z</time>
      </trkpt>
      <trkpt lat="37.61076" lon="-112.16126">
        <ele>2343.47</ele>
        <time>2025-06-24T14:35:00Z</time>
      </trkpt>
      <trkpt lat="37.61076" lon="-112.16122">
        <ele>2344.68</ele>
        <time>2025-06-24T14:35:03Z</time>
      </trkpt>
      <trkpt lat="37.61076" lon="-112.16119">
        <ele>2345.82</ele>
        <time>2025-06-24T14:35:06Z</time>
      </trkpt>
      <trkpt lat="37.61076" lon="-112.16115">
        <ele>2347.71</ele>
        <time>2025-06-24T14:35:09Z</time>
      </trkpt>
      <trkpt lat="37.61077" lon="-112.16111">
        <ele>2348.78</ele>
        <time>2025-06-24T14:35:12Z</time>
      </trkpt>
      <trkpt lat="37.61079" lon="-112.16109">
        <ele>2347.18</ele>
        <time>2025-06-24T14:35:16Z</time>
      </trkpt>
      <trkpt lat="37.61082" lon="-112.16106">
        <ele>2345.32</ele>
        <time>2025-06-24T14:35:20Z</time>
      </trkpt>
      <trkpt lat="37.61084" lon="-112.16106">
        <ele>2344.34</ele>
        <time>2025-06-24T14:35:22Z</time>
      </trkpt>
      <trkpt lat="37.61088" lon="-112.16106">
        <ele>2343.04</ele>
        <time>2025-06-24T14:35:25Z</time>
      </trkpt>
      <trkpt lat="37.61091" lon="-112.16105">
        <ele>2342.18</ele>
        <time>2025-06-24T14:35:28Z</time>
      </trkpt>
      <trkpt lat="37.61083" lon="-112.16108">
        <ele>2344.55</ele>
        <time>2025-06-24T14:36:58Z</time>
      </trkpt>
      <trkpt lat="37.61077" lon="-112.16112">
        <ele>2348.4</ele>
        <time>2025-06-24T14:37:05Z</time>
      </trkpt>
      <trkpt lat="37.61073" lon="-112.16117">
        <ele>2348.43</ele>
        <time>2025-06-24T14:37:11Z</time>
      </trkpt>
      <trkpt lat="37.6107" lon="-112.16122">
        <ele>2348.03</ele>
        <time>2025-06-24T14:37:17Z</time>
      </trkpt>
      <trkpt lat="37.61067" lon="-112.16125">
        <ele>2348.7</ele>
        <time>2025-06-24T14:37:20Z</time>
      </trkpt>
      <trkpt lat="37.61064" lon="-112.16129">
        <ele>2348.61</ele>
        <time>2025-06-24T14:37:24Z</time>
      </trkpt>
      <trkpt lat="37.61061" lon="-112.16131">
        <ele>2349.65</ele>
        <time>2025-06-24T14:37:29Z</time>
      </trkpt>
      <trkpt lat="37.61058" lon="-112.16134">
        <ele>2350.94</ele>
        <time>2025-06-24T14:37:33Z</time>
      </trkpt>
      <trkpt lat="37.61055" lon="-112.16137">
        <ele>2352.19</ele>
        <time>2025-06-24T14:37:37Z</time>
      </trkpt>
      <trkpt lat="37.61053" lon="-112.1614">
        <ele>2352.95</ele>
        <time>2025-06-24T14:37:40Z</time>
      </trkpt>
      <trkpt lat="37.61051" lon="-112.16144">
        <ele>2354.03</ele>
        <time>2025-06-24T14:37:44Z</time>
      </trkpt>
      <trkpt lat="37.61053" lon="-112.16148">
        <ele>2353.81</ele>
        <time>2025-06-24T14:37:48Z</time>
      </trkpt>
      <trkpt lat="37.61055" lon="-112.16152">
        <ele>2353.6</ele>
        <time>2025-06-24T14:37:51Z</time>
      </trkpt>
      <trkpt lat="37.61056" lon="-112.16155">
        <ele>2353.55</ele>
        <time>2025-06-24T14:37:54Z</time>
      </trkpt>
      <trkpt lat="37.61056" lon="-112.16159">
        <ele>2353.63</ele>
        <time>2025-06-24T14:37:57Z</time>
      </trkpt>
      <trkpt lat="37.61054" lon="-112.16162">
        <ele>2353.92</ele>
        <time>2025-06-24T14:38:00Z</time>
      </trkpt>
      <trkpt lat="37.61051" lon="-112.16164">
        <ele>2354.41</ele>
        <time>2025-06-24T14:38:03Z</time>
      </trkpt>
      <trkpt lat="37.61048" lon="-112.16164">
        <ele>2355.16</ele>
        <time>2025-06-24T14:38:06Z</time>
      </trkpt>
      <trkpt lat="37.61045" lon="-112.16164">
        <ele>2356.14</ele>
        <time>2025-06-24T14:38:09Z</time>
      </trkpt>
      <trkpt lat="37.61041" lon="-112.16165">
        <ele>2357.65</ele>
        <time>2025-06-24T14:38:13Z</time>
      </trkpt>
      <trkpt lat="37.61039" lon="-112.16168">
        <ele>2357.86</ele>
        <time>2025-06-24T14:38:16Z</time>
      </trkpt>
      <trkpt lat="37.61038" lon="-112.16171">
        <ele>2357.65</ele>
        <time>2025-06-24T14:38:19Z</time>
      </trkpt>
      <trkpt lat="37.61035" lon="-112.16174">
        <ele>2358.69</ele>
        <time>2025-06-24T14:38:23Z</time>
      </trkpt>
      <trkpt lat="37.61033" lon="-112.16177">
        <ele>2359.5</ele>
        <time>2025-06-24T14:38:27Z</time>
      </trkpt>
      <trkpt lat="37.61032" lon="-112.1618">
        <ele>2359.82</ele>
        <time>2025-06-24T14:38:30Z</time>
      </trkpt>
      <trkpt lat="37.61031" lon="-112.16184">
        <ele>2360.04</ele>
        <time>2025-06-24T14:38:33Z</time>
      </trkpt>
      <trkpt lat="37.6103" lon="-112.16188">
        <ele>2360.86</ele>
        <time>2025-06-24T14:38:36Z</time>
      </trkpt>
      <trkpt lat="37.61029" lon="-112.16191">
        <ele>2361.84</ele>
        <time>2025-06-24T14:38:39Z</time>
      </trkpt>
      <trkpt lat="37.61028" lon="-112.16195">
        <ele>2362.92</ele>
        <time>2025-06-24T14:38:42Z</time>
      </trkpt>
      <trkpt lat="37.61026" lon="-112.16199">
        <ele>2366.08</ele>
        <time>2025-06-24T14:38:45Z</time>
      </trkpt>
      <trkpt lat="37.61023" lon="-112.16201">
        <ele>2371.0</ele>
        <time>2025-06-24T14:38:51Z</time>
      </trkpt>
      <trkpt lat="37.61021" lon="-112.162">
        <ele>2373.7</ele>
        <time>2025-06-24T14:39:01Z</time>
      </trkpt>
      <trkpt lat="37.61017" lon="-112.162">
        <ele>2376.12</ele>
        <time>2025-06-24T14:39:05Z</time>
      </trkpt>
      <trkpt lat="37.61013" lon="-112.16201">
        <ele>2372.67</ele>
        <time>2025-06-24T14:39:08Z</time>
      </trkpt>
      <trkpt lat="37.61015" lon="-112.1621">
        <ele>2376.37</ele>
        <time>2025-06-24T14:40:30Z</time>
      </trkpt>
      <trkpt lat="37.61008" lon="-112.16212">
        <ele>2372.72</ele>
        <time>2025-06-24T14:40:54Z</time>
      </trkpt>
      <trkpt lat="37.61008" lon="-112.16205">
        <ele>2368.39</ele>
        <time>2025-06-24T14:41:16Z</time>
      </trkpt>
      <trkpt lat="37.61005" lon="-112.16209">
        <ele>2369.53</ele>
        <time>2025-06-24T14:41:27Z</time>
      </trkpt>
      <trkpt lat="37.61002" lon="-112.16212">
        <ele>2369.62</ele>
        <time>2025-06-24T14:41:33Z</time>
      </trkpt>
      <trkpt lat="37.60998" lon="-112.16213">
        <ele>2368.37</ele>
        <time>2025-06-24T14:41:36Z</time>
      </trkpt>
      <trkpt lat="37.60996" lon="-112.16208">
        <ele>2366.72</ele>
        <time>2025-06-24T14:41:40Z</time>
      </trkpt>
      <trkpt lat="37.60998" lon="-112.16202">
        <ele>2365.31</ele>
        <time>2025-06-24T14:41:43Z</time>
      </trkpt>
      <trkpt lat="37.60998" lon="-112.16198">
        <ele>2365.03</ele>
        <time>2025-06-24T14:41:50Z</time>
      </trkpt>
      <trkpt lat="37.60995" lon="-112.16199">
        <ele>2365.26</ele>
        <time>2025-06-24T14:42:00Z</time>
      </trkpt>
      <trkpt lat="37.60994" lon="-112.16194">
        <ele>2364.23</ele>
        <time>2025-06-24T14:42:04Z</time>
      </trkpt>
      <trkpt lat="37.60994" lon="-112.16188">
        <ele>2362.59</ele>
        <time>2025-06-24T14:42:10Z</time>
      </trkpt>
      <trkpt lat="37.6099" lon="-112.16187">
        <ele>2360.01</ele>
        <time>2025-06-24T14:42:16Z</time>
      </trkpt>
      <trkpt lat="37.60987" lon="-112.1619">
        <ele>2362.02</ele>
        <time>2025-06-24T14:42:21Z</time>
      </trkpt>
      <trkpt lat="37.60992" lon="-112.162">
        <ele>2365.69</ele>
        <time>2025-06-24T14:42:50Z</time>
      </trkpt>
      <trkpt lat="37.60999" lon="-112.16198">
        <ele>2365.02</ele>
        <time>2025-06-24T14:43:19Z</time>
      </trkpt>
      <trkpt lat="37.60996" lon="-112.1619">
        <ele>2364.08</ele>
        <time>2025-06-24T14:43:26Z</time>
      </trkpt>
      <trkpt lat="37.60994" lon="-112.16178">
        <ele>2359.76</ele>
        <time>2025-06-24T14:43:37Z</time>
      </trkpt>
      <trkpt lat="37.60985" lon="-112.16176">
        <ele>2354.18</ele>
        <time>2025-06-24T14:43:43Z</time>
      </trkpt>
      <trkpt lat="37.6098" lon="-112.1617">
        <ele>2353.97</ele>
        <time>2025-06-24T14:43:51Z</time>
      </trkpt>
      <trkpt lat="37.60979" lon="-112.16176">
        <ele>2353.04</ele>
        <time>2025-06-24T14:44:03Z</time>
      </trkpt>
      <trkpt lat="37.60976" lon="-112.16181">
        <ele>2355.31</ele>
        <time>2025-06-24T14:44:08Z</time>
      </trkpt>
      <trkpt lat="37.60974" lon="-112.16176">
        <ele>2353.03</ele>
        <time>2025-06-24T14:44:17Z</time>
      </trkpt>
      <trkpt lat="37.60972" lon="-112.16171">
        <ele>2352.38</ele>
        <time>2025-06-24T14:44:23Z</time>
      </trkpt>
      <trkpt lat="37.60968" lon="-112.16168">
        <ele>2350.06</ele>
        <time>2025-06-24T14:44:27Z</time>
      </trkpt>
      <trkpt lat="37.60964" lon="-112.16167">
        <ele>2347.69</ele>
        <time>2025-06-24T14:44:35Z</time>
      </trkpt>
      <trkpt lat="37.60961" lon="-112.16167">
        <ele>2346.49</ele>
        <time>2025-06-24T14:44:41Z</time>
      </trkpt>
      <trkpt lat="37.60958" lon="-112.16163">
        <ele>2344.97</ele>
        <time>2025-06-24T14:44:45Z</time>
      </trkpt>
      <trkpt lat="37.60955" lon="-112.16161">
        <ele>2343.37</ele>
        <time>2025-06-24T14:44:48Z</time>
      </trkpt>
      <trkpt lat="37.60951" lon="-112.1616">
        <ele>2342.19</ele>
        <time>2025-06-24T14:44:58Z</time>
      </trkpt>
      <trkpt lat="37.60948" lon="-112.1616">
        <ele>2341.77</ele>
        <time>2025-06-24T14:45:04Z</time>
      </trkpt>
      <trkpt lat="37.60944" lon="-112.16158">
        <ele>2340.92</ele>
        <time>2025-06-24T14:45:09Z</time>
      </trkpt>
      <trkpt lat="37.60941" lon="-112.16158">
        <ele>2339.92</ele>
        <time>2025-06-24T14:45:13Z</time>
      </trkpt>
      <trkpt lat="37.60938" lon="-112.16157">
        <ele>2338.91</ele>
        <time>2025-06-24T14:45:16Z</time>
      </trkpt>
      <trkpt lat="37.60935" lon="-112.16155">
        <ele>2337.87</ele>
        <time>2025-06-24T14:45:19Z</time>
      </trkpt>
      <trkpt lat="37.60932" lon="-112.16155">
        <ele>2335.68</ele>
        <time>2025-06-24T14:45:22Z</time>
      </trkpt>
      <trkpt lat="37.60929" lon="-112.16153">
        <ele>2333.64</ele>
        <time>2025-06-24T14:45:26Z</time>
      </trkpt>
      <trkpt lat="37.60927" lon="-112.16151">
        <ele>2332.42</ele>
        <time>2025-06-24T14:45:28Z</time>
      </trkpt>
      <trkpt lat="37.60923" lon="-112.16149">
        <ele>2331.31</ele>
        <time>2025-06-24T14:45:31Z</time>
      </trkpt>
      <trkpt lat="37.6092" lon="-112.16147">
        <ele>2330.6</ele>
        <time>2025-06-24T14:45:35Z</time>
      </trkpt>
      <trkpt lat="37.60917" lon="-112.16145">
        <ele>2329.73</ele>
        <time>2025-06-24T14:45:37Z</time>
      </trkpt>
      <trkpt lat="37.60914" lon="-112.16142">
        <ele>2329.05</ele>
        <time>2025-06-24T14:45:40Z</time>
      </trkpt>
      <trkpt lat="37.60911" lon="-112.1614">
        <ele>2328.51</ele>
        <time>2025-06-24T14:45:43Z</time>
      </trkpt>
      <trkpt lat="37.60908" lon="-112.16139">
        <ele>2328.08</ele>
        <time>2025-06-24T14:45:46Z</time>
      </trkpt>
      <trkpt lat="37.60905" lon="-112.1614">
        <ele>2327.37</ele>
        <time>2025-06-24T14:45:49Z</time>
      </trkpt>
      <trkpt lat="37.60904" lon="-112.16143">
        <ele>2327.5</ele>
        <time>2025-06-24T14:45:52Z</time>
      </trkpt>
      <trkpt lat="37.60904" lon="-112.16147">
        <ele>2328.09</ele>
        <time>2025-06-24T14:45:56Z</time>
      </trkpt>
      <trkpt lat="37.60902" lon="-112.1615">
        <ele>2327.87</ele>
        <time>2025-06-24T14:46:02Z</time>
      </trkpt>
      <trkpt lat="37.60899" lon="-112.16152">
        <ele>2327.52</ele>
        <time>2025-06-24T14:46:06Z</time>
      </trkpt>
      <trkpt lat="37.609" lon="-112.16156">
        <ele>2327.91</ele>
        <time>2025-06-24T14:46:10Z</time>
      </trkpt>
      <trkpt lat="37.60902" lon="-112.1616">
        <ele>2327.88</ele>
        <time>2025-06-24T14:46:14Z</time>
      </trkpt>
      <trkpt lat="37.60902" lon="-112.16163">
        <ele>2327.75</ele>
        <time>2025-06-24T14:46:19Z</time>
      </trkpt>
      <trkpt lat="37.60902" lon="-112.16168">
        <ele>2327.73</ele>
        <time>2025-06-24T14:46:23Z</time>
      </trkpt>
      <trkpt lat="37.60903" lon="-112.16171">
        <ele>2327.94</ele>
        <time>2025-06-24T14:46:26Z</time>
      </trkpt>
      <trkpt lat="37.60902" lon="-112.16175">
        <ele>2328.48</ele>
        <time>2025-06-24T14:46:30Z</time>
      </trkpt>
      <trkpt lat="37.60902" lon="-112.16179">
        <ele>2329.05</ele>
        <time>2025-06-24T14:46:35Z</time>
      </trkpt>
      <trkpt lat="37.60902" lon="-112.16183">
        <ele>2329.67</ele>
        <time>2025-06-24T14:46:39Z</time>
      </trkpt>
      <trkpt lat="37.60901" lon="-112.16187">
        <ele>2330.39</ele>
        <time>2025-06-24T14:46:43Z</time>
      </trkpt>
      <trkpt lat="37.609" lon="-112.16191">
        <ele>2331.26</ele>
        <time>2025-06-24T14:46:47Z</time>
      </trkpt>
      <trkpt lat="37.60901" lon="-112.16196">
        <ele>2332.56</ele>
        <time>2025-06-24T14:46:51Z</time>
      </trkpt>
      <trkpt lat="37.60901" lon="-112.16199">
        <ele>2333.63</ele>
        <time>2025-06-24T14:46:54Z</time>
      </trkpt>
      <trkpt lat="37.60901" lon="-112.16203">
        <ele>2335.06</ele>
        <time>2025-06-24T14:46:57Z</time>
      </trkpt>
      <trkpt lat="37.60902" lon="-112.16207">
        <ele>2336.63</ele>
        <time>2025-06-24T14:47:00Z</time>
      </trkpt>
      <trkpt lat="37.60904" lon="-112.16211">
        <ele>2338.49</ele>
        <time>2025-06-24T14:47:03Z</time>
      </trkpt>
      <trkpt lat="37.60905" lon="-112.16214">
        <ele>2339.82</ele>
        <time>2025-06-24T14:47:06Z</time>
      </trkpt>
      <trkpt lat="37.60907" lon="-112.16217">
        <ele>2341.22</ele>
        <time>2025-06-24T14:47:10Z</time>
      </trkpt>
      <trkpt lat="37.60908" lon="-112.16221">
        <ele>2342.48</ele>
        <time>2025-06-24T14:47:14Z</time>
      </trkpt>
      <trkpt lat="37.60907" lon="-112.16225">
        <ele>2342.99</ele>
        <time>2025-06-24T14:47:17Z</time>
      </trkpt>
      <trkpt lat="37.60905" lon="-112.16229">
        <ele>2343.62</ele>
        <time>2025-06-24T14:47:20Z</time>
      </trkpt>
      <trkpt lat="37.60902" lon="-112.16233">
        <ele>2346.17</ele>
        <time>2025-06-24T14:47:23Z</time>
      </trkpt>
      <trkpt lat="37.60901" lon="-112.16236">
        <ele>2348.62</ele>
        <time>2025-06-24T14:47:26Z</time>
      </trkpt>
      <trkpt lat="37.60899" lon="-112.1624">
        <ele>2353.4</ele>
        <time>2025-06-24T14:47:29Z</time>
      </trkpt>
      <trkpt lat="37.60898" lon="-112.16244">
        <ele>2355.27</ele>
        <time>2025-06-24T14:47:32Z</time>
      </trkpt>
      <trkpt lat="37.60898" lon="-112.16248">
        <ele>2355.71</ele>
        <time>2025-06-24T14:47:35Z</time>
      </trkpt>
      <trkpt lat="37.60897" lon="-112.16251">
        <ele>2355.11</ele>
        <time>2025-06-24T14:47:38Z</time>
      </trkpt>
      <trkpt lat="37.60895" lon="-112.16253">
        <ele>2353.67</ele>
        <time>2025-06-24T14:47:41Z</time>
      </trkpt>
      <trkpt lat="37.60898" lon="-112.16253">
        <ele>2354.66</ele>
        <time>2025-06-24T14:47:49Z</time>
      </trkpt>
      <trkpt lat="37.60901" lon="-112.16252">
        <ele>2353.14</ele>
        <time>2025-06-24T14:47:53Z</time>
      </trkpt>
      <trkpt lat="37.60902" lon="-112.16257">
        <ele>2351.85</ele>
        <time>2025-06-24T14:47:57Z</time>
      </trkpt>
      <trkpt lat="37.609" lon="-112.16259">
        <ele>2351.87</ele>
        <time>2025-06-24T14:47:59Z</time>
      </trkpt>
      <trkpt lat="37.60898" lon="-112.16262">
        <ele>2351.4</ele>
        <time>2025-06-24T14:48:01Z</time>
      </trkpt>
      <trkpt lat="37.60894" lon="-112.16264">
        <ele>2350.76</ele>
        <time>2025-06-24T14:48:04Z</time>
      </trkpt>
      <trkpt lat="37.60892" lon="-112.16267">
        <ele>2350.22</ele>
        <time>2025-06-24T14:48:07Z</time>
      </trkpt>
      <trkpt lat="37.6089" lon="-112.1627">
        <ele>2350.32</ele>
        <time>2025-06-24T14:48:10Z</time>
      </trkpt>
      <trkpt lat="37.60888" lon="-112.16273">
        <ele>2351.11</ele>
        <time>2025-06-24T14:48:13Z</time>
      </trkpt>
      <trkpt lat="37.60887" lon="-112.16277">
        <ele>2352.05</ele>
        <time>2025-06-24T14:48:16Z</time>
      </trkpt>
      <trkpt lat="37.60886" lon="-112.1628">
        <ele>2352.72</ele>
        <time>2025-06-24T14:48:19Z</time>
      </trkpt>
      <trkpt lat="37.60885" lon="-112.16283">
        <ele>2353.31</ele>
        <time>2025-06-24T14:48:22Z</time>
      </trkpt>
      <trkpt lat="37.60882" lon="-112.16285">
        <ele>2353.72</ele>
        <time>2025-06-24T14:48:26Z</time>
      </trkpt>
      <trkpt lat="37.6088" lon="-112.16282">
        <ele>2353.43</ele>
        <time>2025-06-24T14:48:30Z</time>
      </trkpt>
      <trkpt lat="37.60879" lon="-112.16279">
        <ele>2353.33</ele>
        <time>2025-06-24T14:48:32Z</time>
      </trkpt>
      <trkpt lat="37.60877" lon="-112.16276">
        <ele>2353.66</ele>
        <time>2025-06-24T14:48:34Z</time>
      </trkpt>
      <trkpt lat="37.60875" lon="-112.16273">
        <ele>2353.98</ele>
        <time>2025-06-24T14:48:36Z</time>
      </trkpt>
      <trkpt lat="37.60873" lon="-112.16271">
        <ele>2354.42</ele>
        <time>2025-06-24T14:48:39Z</time>
      </trkpt>
      <trkpt lat="37.60869" lon="-112.16268">
        <ele>2355.24</ele>
        <time>2025-06-24T14:48:43Z</time>
      </trkpt>
      <trkpt lat="37.60867" lon="-112.16266">
        <ele>2355.46</ele>
        <time>2025-06-24T14:48:46Z</time>
      </trkpt>
      <trkpt lat="37.60864" lon="-112.16266">
        <ele>2356.1</ele>
        <time>2025-06-24T14:48:51Z</time>
      </trkpt>
      <trkpt lat="37.60861" lon="-112.16267">
        <ele>2356.82</ele>
        <time>2025-06-24T14:48:55Z</time>
      </trkpt>
      <trkpt lat="37.60859" lon="-112.1627">
        <ele>2357.0</ele>
        <time>2025-06-24T14:48:58Z</time>
      </trkpt>
      <trkpt lat="37.60857" lon="-112.16274">
        <ele>2357.67</ele>
        <time>2025-06-24T14:49:01Z</time>
      </trkpt>
      <trkpt lat="37.60855" lon="-112.16276">
        <ele>2358.21</ele>
        <time>2025-06-24T14:49:04Z</time>
      </trkpt>
      <trkpt lat="37.60852" lon="-112.16274">
        <ele>2357.77</ele>
        <time>2025-06-24T14:49:08Z</time>
      </trkpt>
      <trkpt lat="37.6085" lon="-112.1627">
        <ele>2356.71</ele>
        <time>2025-06-24T14:49:11Z</time>
      </trkpt>
      <trkpt lat="37.60849" lon="-112.16265">
        <ele>2355.43</ele>
        <time>2025-06-24T14:49:13Z</time>
      </trkpt>
      <trkpt lat="37.60849" lon="-112.16262">
        <ele>2354.68</ele>
        <time>2025-06-24T14:49:15Z</time>
      </trkpt>
      <trkpt lat="37.6085" lon="-112.16258">
        <ele>2353.95</ele>
        <time>2025-06-24T14:49:19Z</time>
      </trkpt>
      <trkpt lat="37.60847" lon="-112.16258">
        <ele>2353.86</ele>
        <time>2025-06-24T14:49:39Z</time>
      </trkpt>
      <trkpt lat="37.60844" lon="-112.16261">
        <ele>2354.54</ele>
        <time>2025-06-24T14:50:01Z</time>
      </trkpt>
      <trkpt lat="37.6084" lon="-112.16262">
        <ele>2355.45</ele>
        <time>2025-06-24T14:50:04Z</time>
      </trkpt>
      <trkpt lat="37.60837" lon="-112.1626">
        <ele>2355.45</ele>
        <time>2025-06-24T14:50:07Z</time>
      </trkpt>
      <trkpt lat="37.60837" lon="-112.16256">
        <ele>2354.29</ele>
        <time>2025-06-24T14:50:09Z</time>
      </trkpt>
      <trkpt lat="37.60837" lon="-112.16251">
        <ele>2352.89</ele>
        <time>2025-06-24T14:50:12Z</time>
      </trkpt>
      <trkpt lat="37.60836" lon="-112.16247">
        <ele>2351.74</ele>
        <time>2025-06-24T14:50:15Z</time>
      </trkpt>
      <trkpt lat="37.60833" lon="-112.16248">
        <ele>2352.42</ele>
        <time>2025-06-24T14:50:23Z</time>
      </trkpt>
      <trkpt lat="37.60831" lon="-112.1625">
        <ele>2353.5</ele>
        <time>2025-06-24T14:50:26Z</time>
      </trkpt>
      <trkpt lat="37.60829" lon="-112.16253">
        <ele>2354.76</ele>
        <time>2025-06-24T14:50:29Z</time>
      </trkpt>
      <trkpt lat="37.60827" lon="-112.16256">
        <ele>2355.87</ele>
        <time>2025-06-24T14:50:32Z</time>
      </trkpt>
      <trkpt lat="37.60825" lon="-112.16258">
        <ele>2356.61</ele>
        <time>2025-06-24T14:50:35Z</time>
      </trkpt>
      <trkpt lat="37.60823" lon="-112.16261">
        <ele>2357.66</ele>
        <time>2025-06-24T14:50:38Z</time>
      </trkpt>
      <trkpt lat="37.60821" lon="-112.16264">
        <ele>2358.89</ele>
        <time>2025-06-24T14:50:41Z</time>
      </trkpt>
      <trkpt lat="37.60819" lon="-112.16267">
        <ele>2360.25</ele>
        <time>2025-06-24T14:50:44Z</time>
      </trkpt>
      <trkpt lat="37.60819" lon="-112.16271">
        <ele>2362.37</ele>
        <time>2025-06-24T14:50:47Z</time>
      </trkpt>
      <trkpt lat="37.60818" lon="-112.16274">
        <ele>2364.14</ele>
        <time>2025-06-24T14:50:50Z</time>
      </trkpt>
      <trkpt lat="37.60815" lon="-112.16276">
        <ele>2365.82</ele>
        <time>2025-06-24T14:50:53Z</time>
      </trkpt>
      <trkpt lat="37.60812" lon="-112.16276">
        <ele>2366.09</ele>
        <time>2025-06-24T14:50:55Z</time>
      </trkpt>
      <trkpt lat="37.6081" lon="-112.16274">
        <ele>2364.86</ele>
        <time>2025-06-24T14:50:57Z</time>
      </trkpt>
      <trkpt lat="37.60807" lon="-112.16272">
        <ele>2363.57</ele>
        <time>2025-06-24T14:51:00Z</time>
      </trkpt>
      <trkpt lat="37.60804" lon="-112.16272">
        <ele>2364.24</ele>
        <time>2025-06-24T14:51:03Z</time>
      </trkpt>
      <trkpt lat="37.60801" lon="-112.16271">
        <ele>2364.71</ele>
        <time>2025-06-24T14:51:06Z</time>
      </trkpt>
      <trkpt lat="37.60797" lon="-112.16269">
        <ele>2365.01</ele>
        <time>2025-06-24T14:51:09Z</time>
      </trkpt>
      <trkpt lat="37.60794" lon="-112.16268">
        <ele>2365.73</ele>
        <time>2025-06-24T14:51:12Z</time>
      </trkpt>
      <trkpt lat="37.60791" lon="-112.16265">
        <ele>2365.61</ele>
        <time>2025-06-24T14:51:15Z</time>
      </trkpt>
      <trkpt lat="37.6079" lon="-112.1626">
        <ele>2363.75</ele>
        <time>2025-06-24T14:51:18Z</time>
      </trkpt>
      <trkpt lat="37.60788" lon="-112.16257">
        <ele>2363.53</ele>
        <time>2025-06-24T14:51:21Z</time>
      </trkpt>
      <trkpt lat="37.60787" lon="-112.16253">
        <ele>2362.31</ele>
        <time>2025-06-24T14:51:23Z</time>
      </trkpt>
      <trkpt lat="37.60787" lon="-112.16248">
        <ele>2360.36</ele>
        <time>2025-06-24T14:51:26Z</time>
      </trkpt>
      <trkpt lat="37.60787" lon="-112.16245">
        <ele>2359.39</ele>
        <time>2025-06-24T14:51:30Z</time>
      </trkpt>
      <trkpt lat="37.60785" lon="-112.16242">
        <ele>2359.07</ele>
        <time>2025-06-24T14:51:57Z</time>
      </trkpt>
      <trkpt lat="37.60779" lon="-112.1625">
        <ele>2363.6</ele>
        <time>2025-06-24T14:53:17Z</time>
      </trkpt>
      <trkpt lat="37.60773" lon="-112.16254">
        <ele>2366.02</ele>
        <time>2025-06-24T14:53:26Z</time>
      </trkpt>
      <trkpt lat="37.60771" lon="-112.16248">
        <ele>2363.93</ele>
        <time>2025-06-24T14:53:35Z</time>
      </trkpt>
      <trkpt lat="37.60769" lon="-112.16243">
        <ele>2361.96</ele>
        <time>2025-06-24T14:53:39Z</time>
      </trkpt>
      <trkpt lat="37.60767" lon="-112.16239">
        <ele>2360.08</ele>
        <time>2025-06-24T14:53:43Z</time>
      </trkpt>
      <trkpt lat="37.60768" lon="-112.16234">
        <ele>2358.03</ele>
        <time>2025-06-24T14:53:49Z</time>
      </trkpt>
      <trkpt lat="37.60765" lon="-112.16236">
        <ele>2358.57</ele>
        <time>2025-06-24T14:54:49Z</time>
      </trkpt>
      <trkpt lat="37.60762" lon="-112.16241">
        <ele>2360.41</ele>
        <time>2025-06-24T14:54:53Z</time>
      </trkpt>
      <trkpt lat="37.60761" lon="-112.16245">
        <ele>2362.03</ele>
        <time>2025-06-24T14:54:56Z</time>
      </trkpt>
      <trkpt lat="37.60757" lon="-112.16246">
        <ele>2362.27</ele>
        <time>2025-06-24T14:55:00Z</time>
      </trkpt>
      <trkpt lat="37.60754" lon="-112.16245">
        <ele>2361.84</ele>
        <time>2025-06-24T14:55:03Z</time>
      </trkpt>
      <trkpt lat="37.60753" lon="-112.16241">
        <ele>2360.11</ele>
        <time>2025-06-24T14:55:07Z</time>
      </trkpt>
      <trkpt lat="37.60753" lon="-112.16237">
        <ele>2358.38</ele>
        <time>2025-06-24T14:55:10Z</time>
      </trkpt>
      <trkpt lat="37.60754" lon="-112.16233">
        <ele>2356.66</ele>
        <time>2025-06-24T14:55:13Z</time>
      </trkpt>
      <trkpt lat="37.60754" lon="-112.16229">
        <ele>2355.2</ele>
        <time>2025-06-24T14:55:16Z</time>
      </trkpt>
      <trkpt lat="37.60755" lon="-112.16224">
        <ele>2353.58</ele>
        <time>2025-06-24T14:55:19Z</time>
      </trkpt>
      <trkpt lat="37.60756" lon="-112.1622">
        <ele>2352.76</ele>
        <time>2025-06-24T14:55:22Z</time>
      </trkpt>
      <trkpt lat="37.60755" lon="-112.16216">
        <ele>2352.33</ele>
        <time>2025-06-24T14:55:25Z</time>
      </trkpt>
      <trkpt lat="37.60753" lon="-112.16213">
        <ele>2352.0</ele>
        <time>2025-06-24T14:55:28Z</time>
      </trkpt>
      <trkpt lat="37.60751" lon="-112.1621">
        <ele>2351.71</ele>
        <time>2025-06-24T14:55:30Z</time>
      </trkpt>
      <trkpt lat="37.60748" lon="-112.16208">
        <ele>2351.68</ele>
        <time>2025-06-24T14:55:33Z</time>
      </trkpt>
      <trkpt lat="37.60744" lon="-112.16207">
        <ele>2352.0</ele>
        <time>2025-06-24T14:55:36Z</time>
      </trkpt>
      <trkpt lat="37.60741" lon="-112.16206">
        <ele>2352.22</ele>
        <time>2025-06-24T14:55:39Z</time>
      </trkpt>
      <trkpt lat="37.60737" lon="-112.16206">
        <ele>2352.75</ele>
        <time>2025-06-24T14:55:42Z</time>
      </trkpt>
      <trkpt lat="37.60733" lon="-112.16206">
        <ele>2353.29</ele>
        <time>2025-06-24T14:55:45Z</time>
      </trkpt>
      <trkpt lat="37.60729" lon="-112.16204">
        <ele>2353.34</ele>
        <time>2025-06-24T14:55:48Z</time>
      </trkpt>
      <trkpt lat="37.60727" lon="-112.16201">
        <ele>2352.61</ele>
        <time>2025-06-24T14:55:51Z</time>
      </trkpt>
      <trkpt lat="37.60724" lon="-112.16198">
        <ele>2351.96</ele>
        <time>2025-06-24T14:55:54Z</time>
      </trkpt>
      <trkpt lat="37.60721" lon="-112.16198">
        <ele>2352.28</ele>
        <time>2025-06-24T14:55:58Z</time>
      </trkpt>
      <trkpt lat="37.60719" lon="-112.162">
        <ele>2353.15</ele>
        <time>2025-06-24T14:56:01Z</time>
      </trkpt>
      <trkpt lat="37.60716" lon="-112.16202">
        <ele>2354.12</ele>
        <time>2025-06-24T14:56:05Z</time>
      </trkpt>
      <trkpt lat="37.60712" lon="-112.16203">
        <ele>2354.78</ele>
        <time>2025-06-24T14:56:09Z</time>
      </trkpt>
      <trkpt lat="37.60709" lon="-112.16204">
        <ele>2355.14</ele>
        <time>2025-06-24T14:56:11Z</time>
      </trkpt>
      <trkpt lat="37.60706" lon="-112.16204">
        <ele>2355.15</ele>
        <time>2025-06-24T14:56:13Z</time>
      </trkpt>
      <trkpt lat="37.60704" lon="-112.16203">
        <ele>2354.85</ele>
        <time>2025-06-24T14:56:16Z</time>
      </trkpt>
      <trkpt lat="37.60704" lon="-112.16198">
        <ele>2353.75</ele>
        <time>2025-06-24T14:56:19Z</time>
      </trkpt>
      <trkpt lat="37.60706" lon="-112.16195">
        <ele>2352.89</ele>
        <time>2025-06-24T14:56:21Z</time>
      </trkpt>
      <trkpt lat="37.60708" lon="-112.16192">
        <ele>2352.17</ele>
        <time>2025-06-24T14:56:23Z</time>
      </trkpt>
      <trkpt lat="37.6071" lon="-112.1619">
        <ele>2351.34</ele>
        <time>2025-06-24T14:56:25Z</time>
      </trkpt>
      <trkpt lat="37.60712" lon="-112.16187">
        <ele>2349.94</ele>
        <time>2025-06-24T14:56:27Z</time>
      </trkpt>
      <trkpt lat="37.60713" lon="-112.16183">
        <ele>2348.99</ele>
        <time>2025-06-24T14:56:30Z</time>
      </trkpt>
      <trkpt lat="37.60715" lon="-112.1618">
        <ele>2348.19</ele>
        <time>2025-06-24T14:56:32Z</time>
      </trkpt>
      <trkpt lat="37.60717" lon="-112.16177">
        <ele>2346.97</ele>
        <time>2025-06-24T14:56:34Z</time>
      </trkpt>
      <trkpt lat="37.6072" lon="-112.16174">
        <ele>2344.93</ele>
        <time>2025-06-24T14:56:37Z</time>
      </trkpt>
      <trkpt lat="37.60722" lon="-112.1617">
        <ele>2342.89</ele>
        <time>2025-06-24T14:56:40Z</time>
      </trkpt>
      <trkpt lat="37.60724" lon="-112.16167">
        <ele>2341.88</ele>
        <time>2025-06-24T14:56:42Z</time>
      </trkpt>
      <trkpt lat="37.60724" lon="-112.16163">
        <ele>2342.13</ele>
        <time>2025-06-24T14:56:45Z</time>
      </trkpt>
      <trkpt lat="37.60724" lon="-112.16159">
        <ele>2342.48</ele>
        <time>2025-06-24T14:56:48Z</time>
      </trkpt>
      <trkpt lat="37.60724" lon="-112.16155">
        <ele>2342.62</ele>
        <time>2025-06-24T14:56:51Z</time>
      </trkpt>
      <trkpt lat="37.60724" lon="-112.1615">
        <ele>2342.62</ele>
        <time>2025-06-24T14:56:54Z</time>
      </trkpt>
      <trkpt lat="37.60724" lon="-112.16145">
        <ele>2342.28</ele>
        <time>2025-06-24T14:56:57Z</time>
      </trkpt>
      <trkpt lat="37.60724" lon="-112.16142">
        <ele>2341.95</ele>
        <time>2025-06-24T14:57:00Z</time>
      </trkpt>
      <trkpt lat="37.60724" lon="-112.16137">
        <ele>2341.25</ele>
        <time>2025-06-24T14:57:03Z</time>
      </trkpt>
      <trkpt lat="37.60722" lon="-112.16132">
        <ele>2340.54</ele>
        <time>2025-06-24T14:57:06Z</time>
      </trkpt>
      <trkpt lat="37.60722" lon="-112.16129">
        <ele>2339.96</ele>
        <time>2025-06-24T14:57:08Z</time>
      </trkpt>
      <trkpt lat="37.60722" lon="-112.16124">
        <ele>2339.42</ele>
        <time>2025-06-24T14:57:11Z</time>
      </trkpt>
      <trkpt lat="37.60723" lon="-112.1612">
        <ele>2338.87</ele>
        <time>2025-06-24T14:57:17Z</time>
      </trkpt>
      <trkpt lat="37.60723" lon="-112.16116">
        <ele>2338.4</ele>
        <time>2025-06-24T14:57:20Z</time>
      </trkpt>
      <trkpt lat="37.60723" lon="-112.16112">
        <ele>2337.94</ele>
        <time>2025-06-24T14:57:24Z</time>
      </trkpt>
      <trkpt lat="37.60723" lon="-112.16107">
        <ele>2336.98</ele>
        <time>2025-06-24T14:57:28Z</time>
      </trkpt>
      <trkpt lat="37.60725" lon="-112.16104">
        <ele>2336.09</ele>
        <time>2025-06-24T14:57:33Z</time>
      </trkpt>
      <trkpt lat="37.60727" lon="-112.161">
        <ele>2335.18</ele>
        <time>2025-06-24T14:57:35Z</time>
      </trkpt>
      <trkpt lat="37.60729" lon="-112.16097">
        <ele>2334.36</ele>
        <time>2025-06-24T14:57:37Z</time>
      </trkpt>
      <trkpt lat="37.60731" lon="-112.16094">
        <ele>2333.4</ele>
        <time>2025-06-24T14:57:39Z</time>
      </trkpt>
      <trkpt lat="37.60732" lon="-112.16091">
        <ele>2332.76</ele>
        <time>2025-06-24T14:57:42Z</time>
      </trkpt>
      <trkpt lat="37.60733" lon="-112.16087">
        <ele>2332.13</ele>
        <time>2025-06-24T14:57:46Z</time>
      </trkpt>
      <trkpt lat="37.60736" lon="-112.16086">
        <ele>2331.45</ele>
        <time>2025-06-24T14:57:54Z</time>
      </trkpt>
      <trkpt lat="37.60739" lon="-112.16087">
        <ele>2331.09</ele>
        <time>2025-06-24T14:58:02Z</time>
      </trkpt>
      <trkpt lat="37.60739" lon="-112.16083">
        <ele>2330.34</ele>
        <time>2025-06-24T14:58:19Z</time>
      </trkpt>
      <trkpt lat="37.60742" lon="-112.16083">
        <ele>2329.96</ele>
        <time>2025-06-24T14:58:39Z</time>
      </trkpt>
      <trkpt lat="37.60736" lon="-112.1608">
        <ele>2330.66</ele>
        <time>2025-06-24T14:59:47Z</time>
      </trkpt>
      <trkpt lat="37.60734" lon="-112.16073">
        <ele>2330.54</ele>
        <time>2025-06-24T14:59:53Z</time>
      </trkpt>
      <trkpt lat="37.60734" lon="-112.16066">
        <ele>2331.09</ele>
        <time>2025-06-24T14:59:57Z</time>
      </trkpt>
      <trkpt lat="37.60735" lon="-112.1606">
        <ele>2330.86</ele>
        <time>2025-06-24T15:00:01Z</time>
      </trkpt>
      <trkpt lat="37.60737" lon="-112.16055">
        <ele>2330.19</ele>
        <time>2025-06-24T15:00:04Z</time>
      </trkpt>
      <trkpt lat="37.6074" lon="-112.16051">
        <ele>2329.2</ele>
        <time>2025-06-24T15:00:08Z</time>
      </trkpt>
      <trkpt lat="37.60741" lon="-112.16046">
        <ele>2328.92</ele>
        <time>2025-06-24T15:00:12Z</time>
      </trkpt>
      <trkpt lat="37.60742" lon="-112.16041">
        <ele>2328.59</ele>
        <time>2025-06-24T15:00:16Z</time>
      </trkpt>
      <trkpt lat="37.60743" lon="-112.16037">
        <ele>2328.27</ele>
        <time>2025-06-24T15:00:19Z</time>
      </trkpt>
      <trkpt lat="37.60743" lon="-112.16032">
        <ele>2328.94</ele>
        <time>2025-06-24T15:00:22Z</time>
      </trkpt>
      <trkpt lat="37.60746" lon="-112.16029">
        <ele>2328.66</ele>
        <time>2025-06-24T15:00:25Z</time>
      </trkpt>
      <trkpt lat="37.60747" lon="-112.16025">
        <ele>2329.05</ele>
        <time>2025-06-24T15:00:29Z</time>
      </trkpt>
      <trkpt lat="37.60745" lon="-112.16019">
        <ele>2329.95</ele>
        <time>2025-06-24T15:00:32Z</time>
      </trkpt>
      <trkpt lat="37.60743" lon="-112.16016">
        <ele>2330.0</ele>
        <time>2025-06-24T15:00:34Z</time>
      </trkpt>
      <trkpt lat="37.60741" lon="-112.16013">
        <ele>2330.0</ele>
        <time>2025-06-24T15:00:37Z</time>
      </trkpt>
      <trkpt lat="37.60738" lon="-112.1601">
        <ele>2329.7</ele>
        <time>2025-06-24T15:00:40Z</time>
      </trkpt>
      <trkpt lat="37.60736" lon="-112.16009">
        <ele>2329.46</ele>
        <time>2025-06-24T15:00:43Z</time>
      </trkpt>
      <trkpt lat="37.60733" lon="-112.16009">
        <ele>2329.14</ele>
        <time>2025-06-24T15:00:47Z</time>
      </trkpt>
      <trkpt lat="37.60732" lon="-112.16012">
        <ele>2329.06</ele>
        <time>2025-06-24T15:01:17Z</time>
      </trkpt>
      <trkpt lat="37.6073" lon="-112.16016">
        <ele>2328.96</ele>
        <time>2025-06-24T15:01:23Z</time>
      </trkpt>
      <trkpt lat="37.60727" lon="-112.16019">
        <ele>2329.05</ele>
        <time>2025-06-24T15:01:26Z</time>
      </trkpt>
      <trkpt lat="37.60725" lon="-112.16022">
        <ele>2329.38</ele>
        <time>2025-06-24T15:01:30Z</time>
      </trkpt>
      <trkpt lat="37.60722" lon="-112.16022">
        <ele>2329.34</ele>
        <time>2025-06-24T15:01:36Z</time>
      </trkpt>
      <trkpt lat="37.6072" lon="-112.16024">
        <ele>2329.21</ele>
        <time>2025-06-24T15:01:40Z</time>
      </trkpt>
      <trkpt lat="37.60721" lon="-112.16027">
        <ele>2329.66</ele>
        <time>2025-06-24T15:01:45Z</time>
      </trkpt>
      <trkpt lat="37.60724" lon="-112.16025">
        <ele>2329.7</ele>
        <time>2025-06-24T15:01:57Z</time>
      </trkpt>
      <trkpt lat="37.6072" lon="-112.16027">
        <ele>2329.46</ele>
        <time>2025-06-24T15:02:26Z</time>
      </trkpt>
      <trkpt lat="37.60719" lon="-112.16021">
        <ele>2328.83</ele>
        <time>2025-06-24T15:06:09Z</time>
      </trkpt>
      <trkpt lat="37.60722" lon="-112.16018">
        <ele>2328.92</ele>
        <time>2025-06-24T15:06:13Z</time>
      </trkpt>
      <trkpt lat="37.60726" lon="-112.16019">
        <ele>2329.05</ele>
        <time>2025-06-24T15:06:17Z</time>
      </trkpt>
      <trkpt lat="37.60731" lon="-112.16019">
        <ele>2329.05</ele>
        <time>2025-06-24T15:06:20Z</time>
      </trkpt>
      <trkpt lat="37.60734" lon="-112.16017">
        <ele>2329.27</ele>
        <time>2025-06-24T15:06:23Z</time>
      </trkpt>
      <trkpt lat="37.60737" lon="-112.16015">
        <ele>2329.6</ele>
        <time>2025-06-24T15:06:26Z</time>
      </trkpt>
      <trkpt lat="37.60741" lon="-112.16015">
        <ele>2330.0</ele>
        <time>2025-06-24T15:06:30Z</time>
      </trkpt>
      <trkpt lat="37.60744" lon="-112.16016">
        <ele>2330.0</ele>
        <time>2025-06-24T15:06:33Z</time>
      </trkpt>
      <trkpt lat="37.60747" lon="-112.16017">
        <ele>2330.0</ele>
        <time>2025-06-24T15:06:36Z</time>
      </trkpt>
      <trkpt lat="37.6075" lon="-112.16019">
        <ele>2329.9</ele>
        <time>2025-06-24T15:06:38Z</time>
      </trkpt>
      <trkpt lat="37.60752" lon="-112.16021">
        <ele>2328.6</ele>
        <time>2025-06-24T15:06:40Z</time>
      </trkpt>
      <trkpt lat="37.60755" lon="-112.16022">
        <ele>2327.09</ele>
        <time>2025-06-24T15:06:42Z</time>
      </trkpt>
      <trkpt lat="37.60759" lon="-112.16022">
        <ele>2325.36</ele>
        <time>2025-06-24T15:06:45Z</time>
      </trkpt>
      <trkpt lat="37.60761" lon="-112.16019">
        <ele>2324.79</ele>
        <time>2025-06-24T15:06:48Z</time>
      </trkpt>
      <trkpt lat="37.60763" lon="-112.16016">
        <ele>2323.74</ele>
        <time>2025-06-24T15:06:51Z</time>
      </trkpt>
      <trkpt lat="37.60764" lon="-112.16013">
        <ele>2323.22</ele>
        <time>2025-06-24T15:06:57Z</time>
      </trkpt>
      <trkpt lat="37.60765" lon="-112.1601">
        <ele>2322.63</ele>
        <time>2025-06-24T15:07:02Z</time>
      </trkpt>
      <trkpt lat="37.60764" lon="-112.16006">
        <ele>2322.71</ele>
        <time>2025-06-24T15:07:06Z</time>
      </trkpt>
      <trkpt lat="37.60763" lon="-112.16002">
        <ele>2322.6</ele>
        <time>2025-06-24T15:07:12Z</time>
      </trkpt>
      <trkpt lat="37.60762" lon="-112.15998">
        <ele>2322.41</ele>
        <time>2025-06-24T15:07:18Z</time>
      </trkpt>
      <trkpt lat="37.60761" lon="-112.15995">
        <ele>2322.27</ele>
        <time>2025-06-24T15:07:22Z</time>
      </trkpt>
      <trkpt lat="37.60758" lon="-112.16">
        <ele>2325.54</ele>
        <time>2025-06-24T15:08:18Z</time>
      </trkpt>
      <trkpt lat="37.60752" lon="-112.16006">
        <ele>2328.92</ele>
        <time>2025-06-24T15:09:16Z</time>
      </trkpt>
      <trkpt lat="37.60746" lon="-112.16">
        <ele>2329.0</ele>
        <time>2025-06-24T15:09:41Z</time>
      </trkpt>
      <trkpt lat="37.60743" lon="-112.15994">
        <ele>2327.88</ele>
        <time>2025-06-24T15:09:48Z</time>
      </trkpt>
      <trkpt lat="37.60746" lon="-112.15988">
        <ele>2326.72</ele>
        <time>2025-06-24T15:09:52Z</time>
      </trkpt>
      <trkpt lat="37.60749" lon="-112.15983">
        <ele>2326.25</ele>
        <time>2025-06-24T15:09:56Z</time>
      </trkpt>
      <trkpt lat="37.60749" lon="-112.15977">
        <ele>2327.35</ele>
        <time>2025-06-24T15:10:00Z</time>
      </trkpt>
      <trkpt lat="37.60748" lon="-112.15972">
        <ele>2328.64</ele>
        <time>2025-06-24T15:10:05Z</time>
      </trkpt>
      <trkpt lat="37.60749" lon="-112.15967">
        <ele>2328.2</ele>
        <time>2025-06-24T15:10:08Z</time>
      </trkpt>
      <trkpt lat="37.60751" lon="-112.15963">
        <ele>2328.11</ele>
        <time>2025-06-24T15:10:12Z</time>
      </trkpt>
      <trkpt lat="37.60751" lon="-112.15958">
        <ele>2327.8</ele>
        <time>2025-06-24T15:10:15Z</time>
      </trkpt>
      <trkpt lat="37.60751" lon="-112.15954">
        <ele>2327.56</ele>
        <time>2025-06-24T15:10:18Z</time>
      </trkpt>
      <trkpt lat="37.60751" lon="-112.1595">
        <ele>2328.11</ele>
        <time>2025-06-24T15:10:21Z</time>
      </trkpt>
      <trkpt lat="37.60752" lon="-112.15946">
        <ele>2329.63</ele>
        <time>2025-06-24T15:10:24Z</time>
      </trkpt>
      <trkpt lat="37.60751" lon="-112.15942">
        <ele>2330.06</ele>
        <time>2025-06-24T15:10:28Z</time>
      </trkpt>
      <trkpt lat="37.60749" lon="-112.15939">
        <ele>2329.99</ele>
        <time>2025-06-24T15:10:32Z</time>
      </trkpt>
      <trkpt lat="37.60747" lon="-112.15935">
        <ele>2330.51</ele>
        <time>2025-06-24T15:10:35Z</time>
      </trkpt>
      <trkpt lat="37.60745" lon="-112.15933">
        <ele>2330.82</ele>
        <time>2025-06-24T15:10:38Z</time>
      </trkpt>
      <trkpt lat="37.60743" lon="-112.15931">
        <ele>2331.04</ele>
        <time>2025-06-24T15:10:41Z</time>
      </trkpt>
      <trkpt lat="37.60741" lon="-112.15927">
        <ele>2332.47</ele>
        <time>2025-06-24T15:10:44Z</time>
      </trkpt>
      <trkpt lat="37.60739" lon="-112.15924">
        <ele>2334.38</ele>
        <time>2025-06-24T15:10:47Z</time>
      </trkpt>
      <trkpt lat="37.60737" lon="-112.1592">
        <ele>2337.18</ele>
        <time>2025-06-24T15:10:50Z</time>
      </trkpt>
      <trkpt lat="37.60734" lon="-112.15917">
        <ele>2338.11</ele>
        <time>2025-06-24T15:10:54Z</time>
      </trkpt>
      <trkpt lat="37.60732" lon="-112.15915">
        <ele>2338.21</ele>
        <time>2025-06-24T15:10:58Z</time>
      </trkpt>
      <trkpt lat="37.60729" lon="-112.15914">
        <ele>2337.48</ele>
        <time>2025-06-24T15:11:03Z</time>
      </trkpt>
      <trkpt lat="37.60727" lon="-112.15917">
        <ele>2335.4</ele>
        <time>2025-06-24T15:11:07Z</time>
      </trkpt>
      <trkpt lat="37.60724" lon="-112.1592">
        <ele>2333.58</ele>
        <time>2025-06-24T15:11:10Z</time>
      </trkpt>
      <trkpt lat="37.60721" lon="-112.15921">
        <ele>2333.46</ele>
        <time>2025-06-24T15:11:13Z</time>
      </trkpt>
      <trkpt lat="37.60718" lon="-112.15922">
        <ele>2334.22</ele>
        <time>2025-06-24T15:11:18Z</time>
      </trkpt>
      <trkpt lat="37.60714" lon="-112.15922">
        <ele>2335.51</ele>
        <time>2025-06-24T15:11:21Z</time>
      </trkpt>
      <trkpt lat="37.60713" lon="-112.15917">
        <ele>2336.92</ele>
        <time>2025-06-24T15:11:24Z</time>
      </trkpt>
      <trkpt lat="37.60714" lon="-112.15914">
        <ele>2337.02</ele>
        <time>2025-06-24T15:11:26Z</time>
      </trkpt>
      <trkpt lat="37.60715" lon="-112.1591">
        <ele>2337.38</ele>
        <time>2025-06-24T15:11:29Z</time>
      </trkpt>
      <trkpt lat="37.60715" lon="-112.15906">
        <ele>2337.93</ele>
        <time>2025-06-24T15:11:32Z</time>
      </trkpt>
      <trkpt lat="37.60715" lon="-112.15902">
        <ele>2338.36</ele>
        <time>2025-06-24T15:11:37Z</time>
      </trkpt>
      <trkpt lat="37.60715" lon="-112.15898">
        <ele>2338.82</ele>
        <time>2025-06-24T15:11:40Z</time>
      </trkpt>
      <trkpt lat="37.60715" lon="-112.15894">
        <ele>2339.77</ele>
        <time>2025-06-24T15:11:43Z</time>
      </trkpt>
      <trkpt lat="37.60716" lon="-112.1589">
        <ele>2340.72</ele>
        <time>2025-06-24T15:11:46Z</time>
      </trkpt>
      <trkpt lat="37.60716" lon="-112.15885">
        <ele>2341.42</ele>
        <time>2025-06-24T15:11:50Z</time>
      </trkpt>
      <trkpt lat="37.60717" lon="-112.15881">
        <ele>2341.85</ele>
        <time>2025-06-24T15:11:53Z</time>
      </trkpt>
      <trkpt lat="37.60718" lon="-112.15876">
        <ele>2342.78</ele>
        <time>2025-06-24T15:11:56Z</time>
      </trkpt>
      <trkpt lat="37.6072" lon="-112.15873">
        <ele>2343.43</ele>
        <time>2025-06-24T15:11:59Z</time>
      </trkpt>
      <trkpt lat="37.60724" lon="-112.15872">
        <ele>2344.57</ele>
        <time>2025-06-24T15:12:02Z</time>
      </trkpt>
      <trkpt lat="37.60728" lon="-112.15872">
        <ele>2346.66</ele>
        <time>2025-06-24T15:12:05Z</time>
      </trkpt>
      <trkpt lat="37.60731" lon="-112.15874">
        <ele>2347.58</ele>
        <time>2025-06-24T15:12:08Z</time>
      </trkpt>
      <trkpt lat="37.60733" lon="-112.15877">
        <ele>2347.46</ele>
        <time>2025-06-24T15:12:11Z</time>
      </trkpt>
      <trkpt lat="37.60737" lon="-112.1588">
        <ele>2348.45</ele>
        <time>2025-06-24T15:12:14Z</time>
      </trkpt>
      <trkpt lat="37.6074" lon="-112.15881">
        <ele>2350.2</ele>
        <time>2025-06-24T15:12:16Z</time>
      </trkpt>
      <trkpt lat="37.60743" lon="-112.15883">
        <ele>2351.21</ele>
        <time>2025-06-24T15:12:19Z</time>
      </trkpt>
      <trkpt lat="37.60746" lon="-112.15885">
        <ele>2351.75</ele>
        <time>2025-06-24T15:12:22Z</time>
      </trkpt>
      <trkpt lat="37.60749" lon="-112.15887">
        <ele>2352.29</ele>
        <time>2025-06-24T15:12:25Z</time>
      </trkpt>
      <trkpt lat="37.60751" lon="-112.1589">
        <ele>2352.13</ele>
        <time>2025-06-24T15:12:29Z</time>
      </trkpt>
      <trkpt lat="37.60754" lon="-112.15892">
        <ele>2348.82</ele>
        <time>2025-06-24T15:12:32Z</time>
      </trkpt>
      <trkpt lat="37.60757" lon="-112.15892">
        <ele>2344.93</ele>
        <time>2025-06-24T15:12:35Z</time>
      </trkpt>
      <trkpt lat="37.6076" lon="-112.1589">
        <ele>2341.67</ele>
        <time>2025-06-24T15:12:49Z</time>
      </trkpt>
      <trkpt lat="37.60762" lon="-112.15888">
        <ele>2340.91</ele>
        <time>2025-06-24T15:12:53Z</time>
      </trkpt>
      <trkpt lat="37.60763" lon="-112.15885">
        <ele>2340.8</ele>
        <time>2025-06-24T15:12:57Z</time>
      </trkpt>
      <trkpt lat="37.60764" lon="-112.15881">
        <ele>2340.8</ele>
        <time>2025-06-24T15:13:01Z</time>
      </trkpt>
      <trkpt lat="37.60764" lon="-112.15877">
        <ele>2341.24</ele>
        <time>2025-06-24T15:13:07Z</time>
      </trkpt>
      <trkpt lat="37.60765" lon="-112.15873">
        <ele>2341.41</ele>
        <time>2025-06-24T15:13:10Z</time>
      </trkpt>
      <trkpt lat="37.60767" lon="-112.15869">
        <ele>2342.0</ele>
        <time>2025-06-24T15:13:13Z</time>
      </trkpt>
      <trkpt lat="37.60769" lon="-112.15865">
        <ele>2343.95</ele>
        <time>2025-06-24T15:13:16Z</time>
      </trkpt>
      <trkpt lat="37.60772" lon="-112.15865">
        <ele>2344.28</ele>
        <time>2025-06-24T15:13:20Z</time>
      </trkpt>
      <trkpt lat="37.60774" lon="-112.15869">
        <ele>2342.33</ele>
        <time>2025-06-24T15:13:23Z</time>
      </trkpt>
      <trkpt lat="37.60774" lon="-112.15873">
        <ele>2340.86</ele>
        <time>2025-06-24T15:13:25Z</time>
      </trkpt>
      <trkpt lat="37.60776" lon="-112.15877">
        <ele>2339.8</ele>
        <time>2025-06-24T15:13:28Z</time>
      </trkpt>
      <trkpt lat="37.60778" lon="-112.1588">
        <ele>2338.89</ele>
        <time>2025-06-24T15:13:31Z</time>
      </trkpt>
      <trkpt lat="37.60779" lon="-112.15885">
        <ele>2336.87</ele>
        <time>2025-06-24T15:13:34Z</time>
      </trkpt>
      <trkpt lat="37.60779" lon="-112.15889">
        <ele>2335.09</ele>
        <time>2025-06-24T15:13:37Z</time>
      </trkpt>
      <trkpt lat="37.60779" lon="-112.15893">
        <ele>2333.68</ele>
        <time>2025-06-24T15:13:40Z</time>
      </trkpt>
      <trkpt lat="37.60778" lon="-112.15897">
        <ele>2332.35</ele>
        <time>2025-06-24T15:13:43Z</time>
      </trkpt>
      <trkpt lat="37.60778" lon="-112.15901">
        <ele>2331.65</ele>
        <time>2025-06-24T15:13:45Z</time>
      </trkpt>
      <trkpt lat="37.60777" lon="-112.15905">
        <ele>2331.87</ele>
        <time>2025-06-24T15:13:48Z</time>
      </trkpt>
      <trkpt lat="37.60777" lon="-112.15909">
        <ele>2331.83</ele>
        <time>2025-06-24T15:13:51Z</time>
      </trkpt>
      <trkpt lat="37.60778" lon="-112.15914">
        <ele>2331.62</ele>
        <time>2025-06-24T15:13:55Z</time>
      </trkpt>
      <trkpt lat="37.60778" lon="-112.15918">
        <ele>2332.04</ele>
        <time>2025-06-24T15:13:59Z</time>
      </trkpt>
      <trkpt lat="37.60779" lon="-112.15914">
        <ele>2331.22</ele>
        <time>2025-06-24T15:14:04Z</time>
      </trkpt>
      <trkpt lat="37.6078" lon="-112.1591">
        <ele>2330.49</ele>
        <time>2025-06-24T15:14:07Z</time>
      </trkpt>
      <trkpt lat="37.60781" lon="-112.15906">
        <ele>2330.21</ele>
        <time>2025-06-24T15:14:10Z</time>
      </trkpt>
      <trkpt lat="37.60783" lon="-112.15904">
        <ele>2330.09</ele>
        <time>2025-06-24T15:14:13Z</time>
      </trkpt>
      <trkpt lat="37.60785" lon="-112.15901">
        <ele>2330.43</ele>
        <time>2025-06-24T15:14:16Z</time>
      </trkpt>
      <trkpt lat="37.60788" lon="-112.15898">
        <ele>2331.49</ele>
        <time>2025-06-24T15:14:19Z</time>
      </trkpt>
      <trkpt lat="37.60791" lon="-112.15898">
        <ele>2332.79</ele>
        <time>2025-06-24T15:14:23Z</time>
      </trkpt>
      <trkpt lat="37.60793" lon="-112.159">
        <ele>2332.85</ele>
        <time>2025-06-24T15:14:28Z</time>
      </trkpt>
      <trkpt lat="37.60795" lon="-112.15904">
        <ele>2332.0</ele>
        <time>2025-06-24T15:14:31Z</time>
      </trkpt>
      <trkpt lat="37.60796" lon="-112.15908">
        <ele>2330.78</ele>
        <time>2025-06-24T15:14:34Z</time>
      </trkpt>
      <trkpt lat="37.60796" lon="-112.15911">
        <ele>2330.15</ele>
        <time>2025-06-24T15:14:37Z</time>
      </trkpt>
      <trkpt lat="37.60795" lon="-112.15916">
        <ele>2328.98</ele>
        <time>2025-06-24T15:14:40Z</time>
      </trkpt>
      <trkpt lat="37.60794" lon="-112.15921">
        <ele>2328.05</ele>
        <time>2025-06-24T15:14:43Z</time>
      </trkpt>
      <trkpt lat="37.60795" lon="-112.15925">
        <ele>2327.31</ele>
        <time>2025-06-24T15:14:46Z</time>
      </trkpt>
      <trkpt lat="37.60795" lon="-112.1593">
        <ele>2326.0</ele>
        <time>2025-06-24T15:14:49Z</time>
      </trkpt>
      <trkpt lat="37.60796" lon="-112.15933">
        <ele>2324.81</ele>
        <time>2025-06-24T15:14:52Z</time>
      </trkpt>
      <trkpt lat="37.60799" lon="-112.15936">
        <ele>2323.52</ele>
        <time>2025-06-24T15:14:56Z</time>
      </trkpt>
      <trkpt lat="37.60801" lon="-112.15941">
        <ele>2321.59</ele>
        <time>2025-06-24T15:14:59Z</time>
      </trkpt>
      <trkpt lat="37.60802" lon="-112.15945">
        <ele>2319.88</ele>
        <time>2025-06-24T15:15:02Z</time>
      </trkpt>
      <trkpt lat="37.60802" lon="-112.15948">
        <ele>2319.68</ele>
        <time>2025-06-24T15:15:05Z</time>
      </trkpt>
      <trkpt lat="37.60803" lon="-112.15952">
        <ele>2318.79</ele>
        <time>2025-06-24T15:15:08Z</time>
      </trkpt>
      <trkpt lat="37.60806" lon="-112.15954">
        <ele>2316.9</ele>
        <time>2025-06-24T15:15:12Z</time>
      </trkpt>
      <trkpt lat="37.60808" lon="-112.15952">
        <ele>2316.66</ele>
        <time>2025-06-24T15:15:16Z</time>
      </trkpt>
      <trkpt lat="37.60811" lon="-112.15949">
        <ele>2316.33</ele>
        <time>2025-06-24T15:15:19Z</time>
      </trkpt>
      <trkpt lat="37.60812" lon="-112.15946">
        <ele>2316.44</ele>
        <time>2025-06-24T15:15:22Z</time>
      </trkpt>
      <trkpt lat="37.60815" lon="-112.15943">
        <ele>2316.42</ele>
        <time>2025-06-24T15:15:27Z</time>
      </trkpt>
      <trkpt lat="37.60817" lon="-112.15939">
        <ele>2317.15</ele>
        <time>2025-06-24T15:15:30Z</time>
      </trkpt>
      <trkpt lat="37.60818" lon="-112.15934">
        <ele>2318.39</ele>
        <time>2025-06-24T15:15:33Z</time>
      </trkpt>
      <trkpt lat="37.60819" lon="-112.15931">
        <ele>2318.88</ele>
        <time>2025-06-24T15:15:35Z</time>
      </trkpt>
      <trkpt lat="37.60821" lon="-112.15928">
        <ele>2318.28</ele>
        <time>2025-06-24T15:15:37Z</time>
      </trkpt>
      <trkpt lat="37.60824" lon="-112.15925">
        <ele>2316.07</ele>
        <time>2025-06-24T15:15:40Z</time>
      </trkpt>
      <trkpt lat="37.60827" lon="-112.15923">
        <ele>2315.47</ele>
        <time>2025-06-24T15:15:43Z</time>
      </trkpt>
      <trkpt lat="37.6083" lon="-112.15921">
        <ele>2315.06</ele>
        <time>2025-06-24T15:15:46Z</time>
      </trkpt>
      <trkpt lat="37.60832" lon="-112.15918">
        <ele>2315.02</ele>
        <time>2025-06-24T15:15:49Z</time>
      </trkpt>
      <trkpt lat="37.60835" lon="-112.15916">
        <ele>2314.78</ele>
        <time>2025-06-24T15:15:51Z</time>
      </trkpt>
      <trkpt lat="37.60837" lon="-112.15914">
        <ele>2314.78</ele>
        <time>2025-06-24T15:15:54Z</time>
      </trkpt>
      <trkpt lat="37.6084" lon="-112.15912">
        <ele>2314.57</ele>
        <time>2025-06-24T15:15:57Z</time>
      </trkpt>
      <trkpt lat="37.60843" lon="-112.1591">
        <ele>2314.35</ele>
        <time>2025-06-24T15:16:00Z</time>
      </trkpt>
      <trkpt lat="37.60847" lon="-112.15909">
        <ele>2313.7</ele>
        <time>2025-06-24T15:16:03Z</time>
      </trkpt>
      <trkpt lat="37.6085" lon="-112.1591">
        <ele>2312.84</ele>
        <time>2025-06-24T15:16:06Z</time>
      </trkpt>
      <trkpt lat="37.60853" lon="-112.15913">
        <ele>2311.62</ele>
        <time>2025-06-24T15:16:09Z</time>
      </trkpt>
      <trkpt lat="37.60856" lon="-112.15913">
        <ele>2311.17</ele>
        <time>2025-06-24T15:16:12Z</time>
      </trkpt>
      <trkpt lat="37.60859" lon="-112.15912">
        <ele>2310.85</ele>
        <time>2025-06-24T15:16:15Z</time>
      </trkpt>
      <trkpt lat="37.60862" lon="-112.1591">
        <ele>2310.53</ele>
        <time>2025-06-24T15:16:18Z</time>
      </trkpt>
      <trkpt lat="37.60865" lon="-112.15908">
        <ele>2310.1</ele>
        <time>2025-06-24T15:16:21Z</time>
      </trkpt>
      <trkpt lat="37.60867" lon="-112.15905">
        <ele>2310.41</ele>
        <time>2025-06-24T15:16:25Z</time>
      </trkpt>
      <trkpt lat="37.60869" lon="-112.15903">
        <ele>2310.65</ele>
        <time>2025-06-24T15:16:28Z</time>
      </trkpt>
      <trkpt lat="37.60871" lon="-112.15901">
        <ele>2310.89</ele>
        <time>2025-06-24T15:16:34Z</time>
      </trkpt>
      <trkpt lat="37.60874" lon="-112.15898">
        <ele>2310.88</ele>
        <time>2025-06-24T15:17:02Z</time>
      </trkpt>
      <trkpt lat="37.60878" lon="-112.15896">
        <ele>2310.26</ele>
        <time>2025-06-24T15:17:27Z</time>
      </trkpt>
      <trkpt lat="37.60883" lon="-112.15894">
        <ele>2309.29</ele>
        <time>2025-06-24T15:17:32Z</time>
      </trkpt>
      <trkpt lat="37.60885" lon="-112.1589">
        <ele>2309.46</ele>
        <time>2025-06-24T15:17:42Z</time>
      </trkpt>
      <trkpt lat="37.60887" lon="-112.15886">
        <ele>2309.26</ele>
        <time>2025-06-24T15:17:46Z</time>
      </trkpt>
      <trkpt lat="37.6089" lon="-112.15883">
        <ele>2308.2</ele>
        <time>2025-06-24T15:17:50Z</time>
      </trkpt>
      <trkpt lat="37.60894" lon="-112.15881">
        <ele>2306.73</ele>
        <time>2025-06-24T15:17:54Z</time>
      </trkpt>
      <trkpt lat="37.60898" lon="-112.15878">
        <ele>2305.59</ele>
        <time>2025-06-24T15:17:57Z</time>
      </trkpt>
      <trkpt lat="37.60901" lon="-112.15875">
        <ele>2305.58</ele>
        <time>2025-06-24T15:18:00Z</time>
      </trkpt>
      <trkpt lat="37.60905" lon="-112.15872">
        <ele>2304.77</ele>
        <time>2025-06-24T15:18:03Z</time>
      </trkpt>
      <trkpt lat="37.60908" lon="-112.15871">
        <ele>2303.81</ele>
        <time>2025-06-24T15:18:07Z</time>
      </trkpt>
      <trkpt lat="37.60912" lon="-112.15871">
        <ele>2302.97</ele>
        <time>2025-06-24T15:18:11Z</time>
      </trkpt>
      <trkpt lat="37.60916" lon="-112.15869">
        <ele>2302.65</ele>
        <time>2025-06-24T15:18:14Z</time>
      </trkpt>
      <trkpt lat="37.60919" lon="-112.15867">
        <ele>2302.82</ele>
        <time>2025-06-24T15:18:17Z</time>
      </trkpt>
      <trkpt lat="37.60923" lon="-112.15865">
        <ele>2302.55</ele>
        <time>2025-06-24T15:18:20Z</time>
      </trkpt>
      <trkpt lat="37.60926" lon="-112.15862">
        <ele>2302.01</ele>
        <time>2025-06-24T15:18:23Z</time>
      </trkpt>
      <trkpt lat="37.60929" lon="-112.15859">
        <ele>2303.7</ele>
        <time>2025-06-24T15:18:26Z</time>
      </trkpt>
      <trkpt lat="37.60931" lon="-112.15857">
        <ele>2304.64</ele>
        <time>2025-06-24T15:18:29Z</time>
      </trkpt>
      <trkpt lat="37.60935" lon="-112.15856">
        <ele>2304.15</ele>
        <time>2025-06-24T15:18:33Z</time>
      </trkpt>
      <trkpt lat="37.6094" lon="-112.15856">
        <ele>2303.01</ele>
        <time>2025-06-24T15:18:36Z</time>
      </trkpt>
      <trkpt lat="37.60943" lon="-112.15856">
        <ele>2302.33</ele>
        <time>2025-06-24T15:18:38Z</time>
      </trkpt>
      <trkpt lat="37.60947" lon="-112.15855">
        <ele>2301.35</ele>
        <time>2025-06-24T15:18:41Z</time>
      </trkpt>
      <trkpt lat="37.6095" lon="-112.15856">
        <ele>2300.53</ele>
        <time>2025-06-24T15:18:56Z</time>
      </trkpt>
      <trkpt lat="37.60953" lon="-112.15854">
        <ele>2299.94</ele>
        <time>2025-06-24T15:19:03Z</time>
      </trkpt>
      <trkpt lat="37.60956" lon="-112.15851">
        <ele>2299.42</ele>
        <time>2025-06-24T15:19:06Z</time>
      </trkpt>
      <trkpt lat="37.60957" lon="-112.15846">
        <ele>2299.97</ele>
        <time>2025-06-24T15:19:09Z</time>
      </trkpt>
      <trkpt lat="37.60959" lon="-112.15841">
        <ele>2300.03</ele>
        <time>2025-06-24T15:19:12Z</time>
      </trkpt>
      <trkpt lat="37.60961" lon="-112.15837">
        <ele>2299.71</ele>
        <time>2025-06-24T15:19:15Z</time>
      </trkpt>
      <trkpt lat="37.60963" lon="-112.15833">
        <ele>2299.01</ele>
        <time>2025-06-24T15:19:18Z</time>
      </trkpt>
      <trkpt lat="37.60967" lon="-112.1583">
        <ele>2296.74</ele>
        <time>2025-06-24T15:19:21Z</time>
      </trkpt>
      <trkpt lat="37.60972" lon="-112.1583">
        <ele>2293.5</ele>
        <time>2025-06-24T15:19:24Z</time>
      </trkpt>
      <trkpt lat="37.60975" lon="-112.15832">
        <ele>2293.49</ele>
        <time>2025-06-24T15:19:28Z</time>
      </trkpt>
      <trkpt lat="37.60979" lon="-112.15834">
        <ele>2293.65</ele>
        <time>2025-06-24T15:19:31Z</time>
      </trkpt>
      <trkpt lat="37.60982" lon="-112.15835">
        <ele>2293.65</ele>
        <time>2025-06-24T15:19:34Z</time>
      </trkpt>
      <trkpt lat="37.60986" lon="-112.15838">
        <ele>2293.24</ele>
        <time>2025-06-24T15:19:37Z</time>
      </trkpt>
      <trkpt lat="37.60989" lon="-112.15842">
        <ele>2292.89</ele>
        <time>2025-06-24T15:19:40Z</time>
      </trkpt>
      <trkpt lat="37.60992" lon="-112.15844">
        <ele>2293.12</ele>
        <time>2025-06-24T15:19:43Z</time>
      </trkpt>
      <trkpt lat="37.60996" lon="-112.15845">
        <ele>2293.42</ele>
        <time>2025-06-24T15:19:47Z</time>
      </trkpt>
      <trkpt lat="37.61001" lon="-112.15846">
        <ele>2293.42</ele>
        <time>2025-06-24T15:19:49Z</time>
      </trkpt>
      <trkpt lat="37.61004" lon="-112.15847">
        <ele>2292.66</ele>
        <time>2025-06-24T15:19:52Z</time>
      </trkpt>
      <trkpt lat="37.61007" lon="-112.15843">
        <ele>2292.44</ele>
        <time>2025-06-24T15:19:57Z</time>
      </trkpt>
      <trkpt lat="37.61008" lon="-112.15839">
        <ele>2292.61</ele>
        <time>2025-06-24T15:20:00Z</time>
      </trkpt>
      <trkpt lat="37.61009" lon="-112.15835">
        <ele>2292.85</ele>
        <time>2025-06-24T15:20:02Z</time>
      </trkpt>
      <trkpt lat="37.61008" lon="-112.15829">
        <ele>2292.67</ele>
        <time>2025-06-24T15:20:05Z</time>
      </trkpt>
      <trkpt lat="37.61005" lon="-112.15824">
        <ele>2292.45</ele>
        <time>2025-06-24T15:20:08Z</time>
      </trkpt>
      <trkpt lat="37.61006" lon="-112.15819">
        <ele>2291.8</ele>
        <time>2025-06-24T15:20:11Z</time>
      </trkpt>
      <trkpt lat="37.61008" lon="-112.15817">
        <ele>2291.37</ele>
        <time>2025-06-24T15:20:13Z</time>
      </trkpt>
      <trkpt lat="37.61011" lon="-112.15815">
        <ele>2290.83</ele>
        <time>2025-06-24T15:20:14Z</time>
      </trkpt>
      <trkpt lat="37.61014" lon="-112.15814">
        <ele>2290.49</ele>
        <time>2025-06-24T15:20:16Z</time>
      </trkpt>
      <trkpt lat="37.61019" lon="-112.15813">
        <ele>2289.9</ele>
        <time>2025-06-24T15:20:21Z</time>
      </trkpt>
      <trkpt lat="37.61021" lon="-112.15812">
        <ele>2289.46</ele>
        <time>2025-06-24T15:20:23Z</time>
      </trkpt>
      <trkpt lat="37.61025" lon="-112.15811">
        <ele>2288.6</ele>
        <time>2025-06-24T15:20:26Z</time>
      </trkpt>
      <trkpt lat="37.61028" lon="-112.15809">
        <ele>2287.98</ele>
        <time>2025-06-24T15:20:29Z</time>
      </trkpt>
      <trkpt lat="37.61031" lon="-112.15807">
        <ele>2287.65</ele>
        <time>2025-06-24T15:20:32Z</time>
      </trkpt>
      <trkpt lat="37.61033" lon="-112.15805">
        <ele>2287.44</ele>
        <time>2025-06-24T15:20:36Z</time>
      </trkpt>
      <trkpt lat="37.61035" lon="-112.15803">
        <ele>2287.22</ele>
        <time>2025-06-24T15:20:45Z</time>
      </trkpt>
      <trkpt lat="37.61038" lon="-112.15801">
        <ele>2286.9</ele>
        <time>2025-06-24T15:20:50Z</time>
      </trkpt>
      <trkpt lat="37.6104" lon="-112.15797">
        <ele>2286.68</ele>
        <time>2025-06-24T15:20:53Z</time>
      </trkpt>
      <trkpt lat="37.61042" lon="-112.15794">
        <ele>2286.46</ele>
        <time>2025-06-24T15:20:56Z</time>
      </trkpt>
      <trkpt lat="37.61042" lon="-112.1579">
        <ele>2286.46</ele>
        <time>2025-06-24T15:20:59Z</time>
      </trkpt>
      <trkpt lat="37.61043" lon="-112.15786">
        <ele>2286.4</ele>
        <time>2025-06-24T15:21:01Z</time>
      </trkpt>
      <trkpt lat="37.61043" lon="-112.15782">
        <ele>2286.55</ele>
        <time>2025-06-24T15:21:03Z</time>
      </trkpt>
      <trkpt lat="37.61044" lon="-112.15778">
        <ele>2286.49</ele>
        <time>2025-06-24T15:21:05Z</time>
      </trkpt>
      <trkpt lat="37.61047" lon="-112.15775">
        <ele>2286.15</ele>
        <time>2025-06-24T15:21:08Z</time>
      </trkpt>
      <trkpt lat="37.6105" lon="-112.15774">
        <ele>2285.61</ele>
        <time>2025-06-24T15:21:12Z</time>
      </trkpt>
      <trkpt lat="37.61054" lon="-112.15774">
        <ele>2284.74</ele>
        <time>2025-06-24T15:21:15Z</time>
      </trkpt>
      <trkpt lat="37.61057" lon="-112.15773">
        <ele>2284.2</ele>
        <time>2025-06-24T15:21:18Z</time>
      </trkpt>
      <trkpt lat="37.61061" lon="-112.15773">
        <ele>2283.32</ele>
        <time>2025-06-24T15:21:20Z</time>
      </trkpt>
      <trkpt lat="37.61065" lon="-112.15771">
        <ele>2282.24</ele>
        <time>2025-06-24T15:21:23Z</time>
      </trkpt>
      <trkpt lat="37.61068" lon="-112.15769">
        <ele>2281.69</ele>
        <time>2025-06-24T15:21:26Z</time>
      </trkpt>
      <trkpt lat="37.6107" lon="-112.15766">
        <ele>2281.56</ele>
        <time>2025-06-24T15:21:29Z</time>
      </trkpt>
      <trkpt lat="37.61073" lon="-112.15763">
        <ele>2281.19</ele>
        <time>2025-06-24T15:21:32Z</time>
      </trkpt>
      <trkpt lat="37.61075" lon="-112.1576">
        <ele>2280.81</ele>
        <time>2025-06-24T15:21:34Z</time>
      </trkpt>
      <trkpt lat="37.61077" lon="-112.15756">
        <ele>2280.37</ele>
        <time>2025-06-24T15:21:37Z</time>
      </trkpt>
      <trkpt lat="37.6108" lon="-112.15754">
        <ele>2279.72</ele>
        <time>2025-06-24T15:21:40Z</time>
      </trkpt>
      <trkpt lat="37.61082" lon="-112.15751">
        <ele>2279.29</ele>
        <time>2025-06-24T15:21:43Z</time>
      </trkpt>
      <trkpt lat="37.61085" lon="-112.15751">
        <ele>2278.82</ele>
        <time>2025-06-24T15:21:46Z</time>
      </trkpt>
      <trkpt lat="37.61088" lon="-112.15753">
        <ele>2278.5</ele>
        <time>2025-06-24T15:21:49Z</time>
      </trkpt>
      <trkpt lat="37.61091" lon="-112.15755">
        <ele>2278.17</ele>
        <time>2025-06-24T15:21:52Z</time>
      </trkpt>
      <trkpt lat="37.61094" lon="-112.15756">
        <ele>2277.85</ele>
        <time>2025-06-24T15:21:54Z</time>
      </trkpt>
      <trkpt lat="37.61096" lon="-112.15758">
        <ele>2277.63</ele>
        <time>2025-06-24T15:21:56Z</time>
      </trkpt>
      <trkpt lat="37.61099" lon="-112.15759">
        <ele>2277.31</ele>
        <time>2025-06-24T15:21:58Z</time>
      </trkpt>
      <trkpt lat="37.61102" lon="-112.1576">
        <ele>2276.98</ele>
        <time>2025-06-24T15:22:00Z</time>
      </trkpt>
      <trkpt lat="37.61105" lon="-112.15761">
        <ele>2276.66</ele>
        <time>2025-06-24T15:22:02Z</time>
      </trkpt>
      <trkpt lat="37.61108" lon="-112.15762">
        <ele>2276.34</ele>
        <time>2025-06-24T15:22:04Z</time>
      </trkpt>
      <trkpt lat="37.61111" lon="-112.15764">
        <ele>2276.01</ele>
        <time>2025-06-24T15:22:07Z</time>
      </trkpt>
      <trkpt lat="37.61114" lon="-112.15766">
        <ele>2275.92</ele>
        <time>2025-06-24T15:22:09Z</time>
      </trkpt>
      <trkpt lat="37.61117" lon="-112.15769">
        <ele>2276.0</ele>
        <time>2025-06-24T15:22:11Z</time>
      </trkpt>
      <trkpt lat="37.61119" lon="-112.15771">
        <ele>2276.0</ele>
        <time>2025-06-24T15:22:13Z</time>
      </trkpt>
      <trkpt lat="37.61123" lon="-112.15774">
        <ele>2276.0</ele>
        <time>2025-06-24T15:22:16Z</time>
      </trkpt>
      <trkpt lat="37.61127" lon="-112.15776">
        <ele>2276.0</ele>
        <time>2025-06-24T15:22:19Z</time>
      </trkpt>
      <trkpt lat="37.6113" lon="-112.15778">
        <ele>2276.13</ele>
        <time>2025-06-24T15:22:22Z</time>
      </trkpt>
      <trkpt lat="37.61134" lon="-112.15779">
        <ele>2277.27</ele>
        <time>2025-06-24T15:22:25Z</time>
      </trkpt>
      <trkpt lat="37.61138" lon="-112.15778">
        <ele>2277.88</ele>
        <time>2025-06-24T15:22:27Z</time>
      </trkpt>
      <trkpt lat="37.61141" lon="-112.15776">
        <ele>2278.22</ele>
        <time>2025-06-24T15:22:30Z</time>
      </trkpt>
      <trkpt lat="37.61144" lon="-112.15773">
        <ele>2278.3</ele>
        <time>2025-06-24T15:22:34Z</time>
      </trkpt>
      <trkpt lat="37.61147" lon="-112.1577">
        <ele>2278.18</ele>
        <time>2025-06-24T15:22:37Z</time>
      </trkpt>
      <trkpt lat="37.6115" lon="-112.15769">
        <ele>2278.11</ele>
        <time>2025-06-24T15:22:40Z</time>
      </trkpt>
      <trkpt lat="37.61153" lon="-112.15769">
        <ele>2278.13</ele>
        <time>2025-06-24T15:22:43Z</time>
      </trkpt>
      <trkpt lat="37.61157" lon="-112.15768">
        <ele>2277.89</ele>
        <time>2025-06-24T15:22:46Z</time>
      </trkpt>
      <trkpt lat="37.6116" lon="-112.15768">
        <ele>2278.17</ele>
        <time>2025-06-24T15:22:49Z</time>
      </trkpt>
      <trkpt lat="37.61163" lon="-112.15769">
        <ele>2278.73</ele>
        <time>2025-06-24T15:22:52Z</time>
      </trkpt>
      <trkpt lat="37.61167" lon="-112.15769">
        <ele>2279.07</ele>
        <time>2025-06-24T15:22:54Z</time>
      </trkpt>
      <trkpt lat="37.6117" lon="-112.15771">
        <ele>2279.18</ele>
        <time>2025-06-24T15:22:57Z</time>
      </trkpt>
      <trkpt lat="37.61173" lon="-112.15773">
        <ele>2279.28</ele>
        <time>2025-06-24T15:23:00Z</time>
      </trkpt>
      <trkpt lat="37.61174" lon="-112.15777">
        <ele>2280.04</ele>
        <time>2025-06-24T15:23:03Z</time>
      </trkpt>
      <trkpt lat="37.61176" lon="-112.1578">
        <ele>2280.23</ele>
        <time>2025-06-24T15:23:08Z</time>
      </trkpt>
      <trkpt lat="37.61176" lon="-112.15785">
        <ele>2280.77</ele>
        <time>2025-06-24T15:23:11Z</time>
      </trkpt>
      <trkpt lat="37.61174" lon="-112.1579">
        <ele>2283.13</ele>
        <time>2025-06-24T15:23:13Z</time>
      </trkpt>
      <trkpt lat="37.61174" lon="-112.15794">
        <ele>2283.76</ele>
        <time>2025-06-24T15:23:16Z</time>
      </trkpt>
      <trkpt lat="37.61174" lon="-112.15797">
        <ele>2284.16</ele>
        <time>2025-06-24T15:23:20Z</time>
      </trkpt>
      <trkpt lat="37.61176" lon="-112.158">
        <ele>2281.37</ele>
        <time>2025-06-24T15:23:24Z</time>
      </trkpt>
      <trkpt lat="37.61176" lon="-112.15804">
        <ele>2281.8</ele>
        <time>2025-06-24T15:23:27Z</time>
      </trkpt>
      <trkpt lat="37.61177" lon="-112.15808">
        <ele>2281.83</ele>
        <time>2025-06-24T15:23:30Z</time>
      </trkpt>
      <trkpt lat="37.61178" lon="-112.15812">
        <ele>2281.96</ele>
        <time>2025-06-24T15:23:33Z</time>
      </trkpt>
      <trkpt lat="37.6118" lon="-112.15815">
        <ele>2281.69</ele>
        <time>2025-06-24T15:23:36Z</time>
      </trkpt>
      <trkpt lat="37.61183" lon="-112.15816">
        <ele>2280.81</ele>
        <time>2025-06-24T15:23:39Z</time>
      </trkpt>
      <trkpt lat="37.61186" lon="-112.15817">
        <ele>2280.15</ele>
        <time>2025-06-24T15:23:42Z</time>
      </trkpt>
      <trkpt lat="37.61189" lon="-112.15821">
        <ele>2280.26</ele>
        <time>2025-06-24T15:23:45Z</time>
      </trkpt>
      <trkpt lat="37.61191" lon="-112.15823">
        <ele>2280.26</ele>
        <time>2025-06-24T15:23:47Z</time>
      </trkpt>
      <trkpt lat="37.61194" lon="-112.15826">
        <ele>2280.45</ele>
        <time>2025-06-24T15:23:50Z</time>
      </trkpt>
      <trkpt lat="37.61196" lon="-112.15829">
        <ele>2281.23</ele>
        <time>2025-06-24T15:23:53Z</time>
      </trkpt>
      <trkpt lat="37.61197" lon="-112.15833">
        <ele>2282.2</ele>
        <time>2025-06-24T15:23:55Z</time>
      </trkpt>
      <trkpt lat="37.61198" lon="-112.15836">
        <ele>2283.6</ele>
        <time>2025-06-24T15:23:58Z</time>
      </trkpt>
      <trkpt lat="37.61201" lon="-112.15839">
        <ele>2284.9</ele>
        <time>2025-06-24T15:24:01Z</time>
      </trkpt>
      <trkpt lat="37.61203" lon="-112.15842">
        <ele>2285.87</ele>
        <time>2025-06-24T15:24:04Z</time>
      </trkpt>
      <trkpt lat="37.61206" lon="-112.15844">
        <ele>2286.68</ele>
        <time>2025-06-24T15:24:08Z</time>
      </trkpt>
      <trkpt lat="37.61209" lon="-112.15845">
        <ele>2287.34</ele>
        <time>2025-06-24T15:24:11Z</time>
      </trkpt>
      <trkpt lat="37.61212" lon="-112.15846">
        <ele>2288.13</ele>
        <time>2025-06-24T15:24:14Z</time>
      </trkpt>
      <trkpt lat="37.61215" lon="-112.15845">
        <ele>2288.61</ele>
        <time>2025-06-24T15:24:17Z</time>
      </trkpt>
      <trkpt lat="37.61218" lon="-112.15844">
        <ele>2289.34</ele>
        <time>2025-06-24T15:24:20Z</time>
      </trkpt>
      <trkpt lat="37.6122" lon="-112.15841">
        <ele>2288.22</ele>
        <time>2025-06-24T15:24:24Z</time>
      </trkpt>
      <trkpt lat="37.61221" lon="-112.15837">
        <ele>2286.53</ele>
        <time>2025-06-24T15:24:28Z</time>
      </trkpt>
      <trkpt lat="37.61223" lon="-112.15834">
        <ele>2285.87</ele>
        <time>2025-06-24T15:24:31Z</time>
      </trkpt>
      <trkpt lat="37.61226" lon="-112.15832">
        <ele>2286.96</ele>
        <time>2025-06-24T15:24:34Z</time>
      </trkpt>
      <trkpt lat="37.61229" lon="-112.1583">
        <ele>2288.05</ele>
        <time>2025-06-24T15:24:37Z</time>
      </trkpt>
      <trkpt lat="37.61232" lon="-112.15827">
        <ele>2288.58</ele>
        <time>2025-06-24T15:24:40Z</time>
      </trkpt>
      <trkpt lat="37.61235" lon="-112.15825">
        <ele>2289.38</ele>
        <time>2025-06-24T15:24:43Z</time>
      </trkpt>
      <trkpt lat="37.61237" lon="-112.15824">
        <ele>2289.96</ele>
        <time>2025-06-24T15:24:46Z</time>
      </trkpt>
      <trkpt lat="37.6124" lon="-112.15821">
        <ele>2290.63</ele>
        <time>2025-06-24T15:24:49Z</time>
      </trkpt>
      <trkpt lat="37.61242" lon="-112.15817">
        <ele>2290.08</ele>
        <time>2025-06-24T15:24:52Z</time>
      </trkpt>
      <trkpt lat="37.61245" lon="-112.15816">
        <ele>2290.71</ele>
        <time>2025-06-24T15:24:55Z</time>
      </trkpt>
      <trkpt lat="37.61249" lon="-112.15815">
        <ele>2291.72</ele>
        <time>2025-06-24T15:24:58Z</time>
      </trkpt>
      <trkpt lat="37.61252" lon="-112.15815">
        <ele>2291.6</ele>
        <time>2025-06-24T15:25:01Z</time>
      </trkpt>
      <trkpt lat="37.61256" lon="-112.15816">
        <ele>2290.88</ele>
        <time>2025-06-24T15:25:04Z</time>
      </trkpt>
      <trkpt lat="37.61259" lon="-112.15818">
        <ele>2290.41</ele>
        <time>2025-06-24T15:25:07Z</time>
      </trkpt>
      <trkpt lat="37.61261" lon="-112.1582">
        <ele>2289.43</ele>
        <time>2025-06-24T15:25:09Z</time>
      </trkpt>
      <trkpt lat="37.61264" lon="-112.15822">
        <ele>2287.7</ele>
        <time>2025-06-24T15:25:12Z</time>
      </trkpt>
      <trkpt lat="37.61266" lon="-112.15826">
        <ele>2287.05</ele>
        <time>2025-06-24T15:25:15Z</time>
      </trkpt>
      <trkpt lat="37.61267" lon="-112.15831">
        <ele>2287.48</ele>
        <time>2025-06-24T15:25:17Z</time>
      </trkpt>
      <trkpt lat="37.61267" lon="-112.15835">
        <ele>2288.19</ele>
        <time>2025-06-24T15:25:19Z</time>
      </trkpt>
      <trkpt lat="37.61267" lon="-112.1584">
        <ele>2288.82</ele>
        <time>2025-06-24T15:25:22Z</time>
      </trkpt>
      <trkpt lat="37.61267" lon="-112.15845">
        <ele>2289.41</ele>
        <time>2025-06-24T15:25:25Z</time>
      </trkpt>
      <trkpt lat="37.61266" lon="-112.15849">
        <ele>2290.6</ele>
        <time>2025-06-24T15:25:28Z</time>
      </trkpt>
      <trkpt lat="37.61266" lon="-112.15853">
        <ele>2290.99</ele>
        <time>2025-06-24T15:25:31Z</time>
      </trkpt>
      <trkpt lat="37.61266" lon="-112.15857">
        <ele>2291.31</ele>
        <time>2025-06-24T15:25:34Z</time>
      </trkpt>
      <trkpt lat="37.61267" lon="-112.15861">
        <ele>2290.97</ele>
        <time>2025-06-24T15:25:37Z</time>
      </trkpt>
      <trkpt lat="37.61268" lon="-112.15864">
        <ele>2290.65</ele>
        <time>2025-06-24T15:25:39Z</time>
      </trkpt>
      <trkpt lat="37.61271" lon="-112.15866">
        <ele>2289.72</ele>
        <time>2025-06-24T15:25:41Z</time>
      </trkpt>
      <trkpt lat="37.61273" lon="-112.15869">
        <ele>2289.4</ele>
        <time>2025-06-24T15:25:43Z</time>
      </trkpt>
      <trkpt lat="37.61275" lon="-112.15872">
        <ele>2289.13</ele>
        <time>2025-06-24T15:25:46Z</time>
      </trkpt>
      <trkpt lat="37.61276" lon="-112.15876">
        <ele>2289.3</ele>
        <time>2025-06-24T15:25:50Z</time>
      </trkpt>
      <trkpt lat="37.61278" lon="-112.1588">
        <ele>2289.02</ele>
        <time>2025-06-24T15:25:54Z</time>
      </trkpt>
      <trkpt lat="37.61279" lon="-112.15883">
        <ele>2289.18</ele>
        <time>2025-06-24T15:25:57Z</time>
      </trkpt>
      <trkpt lat="37.61282" lon="-112.15887">
        <ele>2288.98</ele>
        <time>2025-06-24T15:26:02Z</time>
      </trkpt>
      <trkpt lat="37.61285" lon="-112.15889">
        <ele>2288.45</ele>
        <time>2025-06-24T15:26:05Z</time>
      </trkpt>
      <trkpt lat="37.61288" lon="-112.15891">
        <ele>2288.2</ele>
        <time>2025-06-24T15:26:07Z</time>
      </trkpt>
      <trkpt lat="37.61291" lon="-112.15893">
        <ele>2288.25</ele>
        <time>2025-06-24T15:26:10Z</time>
      </trkpt>
      <trkpt lat="37.61293" lon="-112.15897">
        <ele>2288.31</ele>
        <time>2025-06-24T15:26:13Z</time>
      </trkpt>
      <trkpt lat="37.61294" lon="-112.15901">
        <ele>2288.32</ele>
        <time>2025-06-24T15:26:15Z</time>
      </trkpt>
      <trkpt lat="37.61295" lon="-112.15905">
        <ele>2288.24</ele>
        <time>2025-06-24T15:26:17Z</time>
      </trkpt>
      <trkpt lat="37.61297" lon="-112.1591">
        <ele>2288.84</ele>
        <time>2025-06-24T15:26:20Z</time>
      </trkpt>
      <trkpt lat="37.61299" lon="-112.15913">
        <ele>2289.81</ele>
        <time>2025-06-24T15:26:23Z</time>
      </trkpt>
      <trkpt lat="37.613" lon="-112.15917">
        <ele>2291.18</ele>
        <time>2025-06-24T15:26:26Z</time>
      </trkpt>
      <trkpt lat="37.61302" lon="-112.15921">
        <ele>2293.85</ele>
        <time>2025-06-24T15:26:29Z</time>
      </trkpt>
      <trkpt lat="37.61303" lon="-112.15926">
        <ele>2297.67</ele>
        <time>2025-06-24T15:26:32Z</time>
      </trkpt>
      <trkpt lat="37.61305" lon="-112.15929">
        <ele>2300.98</ele>
        <time>2025-06-24T15:26:35Z</time>
      </trkpt>
      <trkpt lat="37.61309" lon="-112.15928">
        <ele>2301.02</ele>
        <time>2025-06-24T15:26:40Z</time>
      </trkpt>
      <trkpt lat="37.61311" lon="-112.15924">
        <ele>2297.92</ele>
        <time>2025-06-24T15:26:45Z</time>
      </trkpt>
      <trkpt lat="37.61315" lon="-112.15923">
        <ele>2297.52</ele>
        <time>2025-06-24T15:26:52Z</time>
      </trkpt>
      <trkpt lat="37.61318" lon="-112.15925">
        <ele>2299.68</ele>
        <time>2025-06-24T15:26:55Z</time>
      </trkpt>
      <trkpt lat="37.61321" lon="-112.15928">
        <ele>2302.16</ele>
        <time>2025-06-24T15:26:58Z</time>
      </trkpt>
      <trkpt lat="37.61324" lon="-112.15932">
        <ele>2304.94</ele>
        <time>2025-06-24T15:27:02Z</time>
      </trkpt>
      <trkpt lat="37.61328" lon="-112.15935">
        <ele>2305.64</ele>
        <time>2025-06-24T15:27:06Z</time>
      </trkpt>
      <trkpt lat="37.6133" lon="-112.15939">
        <ele>2306.61</ele>
        <time>2025-06-24T15:27:09Z</time>
      </trkpt>
      <trkpt lat="37.61332" lon="-112.15943">
        <ele>2307.21</ele>
        <time>2025-06-24T15:27:12Z</time>
      </trkpt>
      <trkpt lat="37.61336" lon="-112.15945">
        <ele>2306.32</ele>
        <time>2025-06-24T15:27:15Z</time>
      </trkpt>
      <trkpt lat="37.61339" lon="-112.15947">
        <ele>2305.99</ele>
        <time>2025-06-24T15:27:18Z</time>
      </trkpt>
      <trkpt lat="37.61342" lon="-112.15949">
        <ele>2305.67</ele>
        <time>2025-06-24T15:27:21Z</time>
      </trkpt>
      <trkpt lat="37.61346" lon="-112.15949">
        <ele>2305.11</ele>
        <time>2025-06-24T15:27:25Z</time>
      </trkpt>
      <trkpt lat="37.61349" lon="-112.15947">
        <ele>2304.14</ele>
        <time>2025-06-24T15:27:29Z</time>
      </trkpt>
      <trkpt lat="37.61352" lon="-112.15945">
        <ele>2303.24</ele>
        <time>2025-06-24T15:27:33Z</time>
      </trkpt>
      <trkpt lat="37.61356" lon="-112.15946">
        <ele>2304.99</ele>
        <time>2025-06-24T15:27:36Z</time>
      </trkpt>
      <trkpt lat="37.6136" lon="-112.1595">
        <ele>2306.21</ele>
        <time>2025-06-24T15:27:39Z</time>
      </trkpt>
      <trkpt lat="37.61361" lon="-112.15953">
        <ele>2306.07</ele>
        <time>2025-06-24T15:27:41Z</time>
      </trkpt>
      <trkpt lat="37.61363" lon="-112.15956">
        <ele>2307.83</ele>
        <time>2025-06-24T15:27:44Z</time>
      </trkpt>
      <trkpt lat="37.61366" lon="-112.15959">
        <ele>2309.81</ele>
        <time>2025-06-24T15:27:47Z</time>
      </trkpt>
      <trkpt lat="37.61367" lon="-112.15962">
        <ele>2309.77</ele>
        <time>2025-06-24T15:27:50Z</time>
      </trkpt>
      <trkpt lat="37.61368" lon="-112.15967">
        <ele>2310.64</ele>
        <time>2025-06-24T15:27:53Z</time>
      </trkpt>
      <trkpt lat="37.61369" lon="-112.15971">
        <ele>2311.53</ele>
        <time>2025-06-24T15:27:57Z</time>
      </trkpt>
      <trkpt lat="37.61372" lon="-112.15973">
        <ele>2312.45</ele>
        <time>2025-06-24T15:28:01Z</time>
      </trkpt>
      <trkpt lat="37.61375" lon="-112.15971">
        <ele>2312.93</ele>
        <time>2025-06-24T15:28:05Z</time>
      </trkpt>
      <trkpt lat="37.61379" lon="-112.15971">
        <ele>2313.86</ele>
        <time>2025-06-24T15:28:09Z</time>
      </trkpt>
      <trkpt lat="37.61382" lon="-112.1597">
        <ele>2314.96</ele>
        <time>2025-06-24T15:28:12Z</time>
      </trkpt>
      <trkpt lat="37.61384" lon="-112.15968">
        <ele>2315.67</ele>
        <time>2025-06-24T15:28:16Z</time>
      </trkpt>
      <trkpt lat="37.61382" lon="-112.15966">
        <ele>2314.85</ele>
        <time>2025-06-24T15:28:22Z</time>
      </trkpt>
      <trkpt lat="37.6138" lon="-112.15966">
        <ele>2314.13</ele>
        <time>2025-06-24T15:28:25Z</time>
      </trkpt>
      <trkpt lat="37.61377" lon="-112.15965">
        <ele>2313.21</ele>
        <time>2025-06-24T15:28:29Z</time>
      </trkpt>
      <trkpt lat="37.61376" lon="-112.15961">
        <ele>2313.67</ele>
        <time>2025-06-24T15:28:34Z</time>
      </trkpt>
      <trkpt lat="37.6138" lon="-112.15958">
        <ele>2316.24</ele>
        <time>2025-06-24T15:28:38Z</time>
      </trkpt>
      <trkpt lat="37.61383" lon="-112.15958">
        <ele>2317.04</ele>
        <time>2025-06-24T15:28:41Z</time>
      </trkpt>
      <trkpt lat="37.61387" lon="-112.15958">
        <ele>2318.11</ele>
        <time>2025-06-24T15:28:44Z</time>
      </trkpt>
      <trkpt lat="37.6139" lon="-112.15959">
        <ele>2318.59</ele>
        <time>2025-06-24T15:28:47Z</time>
      </trkpt>
      <trkpt lat="37.61393" lon="-112.1596">
        <ele>2319.15</ele>
        <time>2025-06-24T15:28:50Z</time>
      </trkpt>
      <trkpt lat="37.61397" lon="-112.1596">
        <ele>2320.31</ele>
        <time>2025-06-24T15:28:53Z</time>
      </trkpt>
      <trkpt lat="37.61399" lon="-112.15958">
        <ele>2321.39</ele>
        <time>2025-06-24T15:28:56Z</time>
      </trkpt>
      <trkpt lat="37.61403" lon="-112.15958">
        <ele>2322.89</ele>
        <time>2025-06-24T15:29:00Z</time>
      </trkpt>
      <trkpt lat="37.61406" lon="-112.15957">
        <ele>2324.13</ele>
        <time>2025-06-24T15:29:03Z</time>
      </trkpt>
      <trkpt lat="37.61409" lon="-112.15958">
        <ele>2324.96</ele>
        <time>2025-06-24T15:29:06Z</time>
      </trkpt>
      <trkpt lat="37.61413" lon="-112.15959">
        <ele>2325.98</ele>
        <time>2025-06-24T15:29:09Z</time>
      </trkpt>
      <trkpt lat="37.61416" lon="-112.1596">
        <ele>2326.81</ele>
        <time>2025-06-24T15:29:12Z</time>
      </trkpt>
      <trkpt lat="37.61419" lon="-112.1596">
        <ele>2327.25</ele>
        <time>2025-06-24T15:29:16Z</time>
      </trkpt>
      <trkpt lat="37.61422" lon="-112.15961">
        <ele>2327.58</ele>
        <time>2025-06-24T15:29:19Z</time>
      </trkpt>
      <trkpt lat="37.61425" lon="-112.15961">
        <ele>2327.9</ele>
        <time>2025-06-24T15:29:22Z</time>
      </trkpt>
      <trkpt lat="37.61425" lon="-112.15957">
        <ele>2327.9</ele>
        <time>2025-06-24T15:29:29Z</time>
      </trkpt>
      <trkpt lat="37.61422" lon="-112.15956">
        <ele>2327.58</ele>
        <time>2025-06-24T15:29:33Z</time>
      </trkpt>
      <trkpt lat="37.61419" lon="-112.15955">
        <ele>2327.25</ele>
        <time>2025-06-24T15:29:36Z</time>
      </trkpt>
      <trkpt lat="37.61416" lon="-112.15953">
        <ele>2327.01</ele>
        <time>2025-06-24T15:29:39Z</time>
      </trkpt>
      <trkpt lat="37.61414" lon="-112.15952">
        <ele>2326.84</ele>
        <time>2025-06-24T15:29:42Z</time>
      </trkpt>
      <trkpt lat="37.61411" lon="-112.15949">
        <ele>2327.1</ele>
        <time>2025-06-24T15:29:45Z</time>
      </trkpt>
      <trkpt lat="37.61409" lon="-112.15947">
        <ele>2327.39</ele>
        <time>2025-06-24T15:29:48Z</time>
      </trkpt>
      <trkpt lat="37.61407" lon="-112.15945">
        <ele>2327.77</ele>
        <time>2025-06-24T15:29:51Z</time>
      </trkpt>
      <trkpt lat="37.61404" lon="-112.15944">
        <ele>2327.78</ele>
        <time>2025-06-24T15:29:54Z</time>
      </trkpt>
      <trkpt lat="37.61401" lon="-112.15942">
        <ele>2328.1</ele>
        <time>2025-06-24T15:29:58Z</time>
      </trkpt>
      <trkpt lat="37.61398" lon="-112.15939">
        <ele>2328.77</ele>
        <time>2025-06-24T15:30:01Z</time>
      </trkpt>
      <trkpt lat="37.61395" lon="-112.15937">
        <ele>2329.69</ele>
        <time>2025-06-24T15:30:05Z</time>
      </trkpt>
      <trkpt lat="37.61392" lon="-112.15936">
        <ele>2330.34</ele>
        <time>2025-06-24T15:30:08Z</time>
      </trkpt>
      <trkpt lat="37.6139" lon="-112.15932">
        <ele>2331.87</ele>
        <time>2025-06-24T15:30:11Z</time>
      </trkpt>
      <trkpt lat="37.6139" lon="-112.15929">
        <ele>2332.8</ele>
        <time>2025-06-24T15:30:13Z</time>
      </trkpt>
      <trkpt lat="37.61392" lon="-112.15926">
        <ele>2333.31</ele>
        <time>2025-06-24T15:30:18Z</time>
      </trkpt>
      <trkpt lat="37.61395" lon="-112.15926">
        <ele>2332.66</ele>
        <time>2025-06-24T15:30:21Z</time>
      </trkpt>
      <trkpt lat="37.61399" lon="-112.15926">
        <ele>2331.98</ele>
        <time>2025-06-24T15:30:25Z</time>
      </trkpt>
      <trkpt lat="37.61402" lon="-112.15925">
        <ele>2332.0</ele>
        <time>2025-06-24T15:30:28Z</time>
      </trkpt>
      <trkpt lat="37.61405" lon="-112.15924">
        <ele>2332.0</ele>
        <time>2025-06-24T15:30:31Z</time>
      </trkpt>
      <trkpt lat="37.61409" lon="-112.15923">
        <ele>2332.4</ele>
        <time>2025-06-24T15:30:34Z</time>
      </trkpt>
      <trkpt lat="37.61412" lon="-112.15922">
        <ele>2333.2</ele>
        <time>2025-06-24T15:30:37Z</time>
      </trkpt>
      <trkpt lat="37.61414" lon="-112.15921">
        <ele>2333.8</ele>
        <time>2025-06-24T15:30:40Z</time>
      </trkpt>
      <trkpt lat="37.61417" lon="-112.1592">
        <ele>2334.77</ele>
        <time>2025-06-24T15:30:43Z</time>
      </trkpt>
      <trkpt lat="37.61421" lon="-112.15919">
        <ele>2336.5</ele>
        <time>2025-06-24T15:30:46Z</time>
      </trkpt>
      <trkpt lat="37.61424" lon="-112.15919">
        <ele>2337.72</ele>
        <time>2025-06-24T15:30:49Z</time>
      </trkpt>
      <trkpt lat="37.61428" lon="-112.15919">
        <ele>2339.22</ele>
        <time>2025-06-24T15:30:52Z</time>
      </trkpt>
      <trkpt lat="37.61431" lon="-112.15918">
        <ele>2340.43</ele>
        <time>2025-06-24T15:30:55Z</time>
      </trkpt>
      <trkpt lat="37.61435" lon="-112.15918">
        <ele>2341.79</ele>
        <time>2025-06-24T15:30:58Z</time>
      </trkpt>
      <trkpt lat="37.61438" lon="-112.15917">
        <ele>2342.57</ele>
        <time>2025-06-24T15:31:01Z</time>
      </trkpt>
      <trkpt lat="37.61441" lon="-112.15916">
        <ele>2343.11</ele>
        <time>2025-06-24T15:31:04Z</time>
      </trkpt>
      <trkpt lat="37.61445" lon="-112.15915">
        <ele>2343.75</ele>
        <time>2025-06-24T15:31:07Z</time>
      </trkpt>
      <trkpt lat="37.61448" lon="-112.15913">
        <ele>2343.82</ele>
        <time>2025-06-24T15:31:10Z</time>
      </trkpt>
      <trkpt lat="37.6145" lon="-112.1591">
        <ele>2343.33</ele>
        <time>2025-06-24T15:31:13Z</time>
      </trkpt>
      <trkpt lat="37.61451" lon="-112.15906">
        <ele>2342.4</ele>
        <time>2025-06-24T15:31:17Z</time>
      </trkpt>
      <trkpt lat="37.61454" lon="-112.15904">
        <ele>2342.34</ele>
        <time>2025-06-24T15:31:29Z</time>
      </trkpt>
      <trkpt lat="37.61457" lon="-112.15902">
        <ele>2342.48</ele>
        <time>2025-06-24T15:31:32Z</time>
      </trkpt>
      <trkpt lat="37.61459" lon="-112.15899">
        <ele>2341.86</ele>
        <time>2025-06-24T15:31:36Z</time>
      </trkpt>
      <trkpt lat="37.61458" lon="-112.15896">
        <ele>2341.45</ele>
        <time>2025-06-24T15:31:39Z</time>
      </trkpt>
      <trkpt lat="37.61456" lon="-112.15892">
        <ele>2340.91</ele>
        <time>2025-06-24T15:31:42Z</time>
      </trkpt>
      <trkpt lat="37.61454" lon="-112.1589">
        <ele>2340.21</ele>
        <time>2025-06-24T15:31:45Z</time>
      </trkpt>
      <trkpt lat="37.61452" lon="-112.15886">
        <ele>2339.82</ele>
        <time>2025-06-24T15:31:48Z</time>
      </trkpt>
      <trkpt lat="37.61451" lon="-112.15882">
        <ele>2339.71</ele>
        <time>2025-06-24T15:31:51Z</time>
      </trkpt>
      <trkpt lat="37.6145" lon="-112.15878">
        <ele>2339.88</ele>
        <time>2025-06-24T15:31:54Z</time>
      </trkpt>
      <trkpt lat="37.61448" lon="-112.15875">
        <ele>2340.08</ele>
        <time>2025-06-24T15:31:58Z</time>
      </trkpt>
      <trkpt lat="37.61448" lon="-112.15872">
        <ele>2340.52</ele>
        <time>2025-06-24T15:32:09Z</time>
      </trkpt>
      <trkpt lat="37.61452" lon="-112.15871">
        <ele>2341.51</ele>
        <time>2025-06-24T15:32:54Z</time>
      </trkpt>
      <trkpt lat="37.61446" lon="-112.15872">
        <ele>2340.13</ele>
        <time>2025-06-24T15:34:13Z</time>
      </trkpt>
      <trkpt lat="37.61442" lon="-112.15872">
        <ele>2339.68</ele>
        <time>2025-06-24T15:34:17Z</time>
      </trkpt>
      <trkpt lat="37.61437" lon="-112.15874">
        <ele>2338.66</ele>
        <time>2025-06-24T15:34:21Z</time>
      </trkpt>
      <trkpt lat="37.61433" lon="-112.15874">
        <ele>2337.72</ele>
        <time>2025-06-24T15:34:25Z</time>
      </trkpt>
      <trkpt lat="37.6143" lon="-112.15873">
        <ele>2337.18</ele>
        <time>2025-06-24T15:34:28Z</time>
      </trkpt>
      <trkpt lat="37.61427" lon="-112.15871">
        <ele>2337.08</ele>
        <time>2025-06-24T15:34:32Z</time>
      </trkpt>
      <trkpt lat="37.61425" lon="-112.15868">
        <ele>2337.32</ele>
        <time>2025-06-24T15:34:57Z</time>
      </trkpt>
      <trkpt lat="37.61423" lon="-112.15865">
        <ele>2337.11</ele>
        <time>2025-06-24T15:35:00Z</time>
      </trkpt>
      <trkpt lat="37.61423" lon="-112.1586">
        <ele>2338.14</ele>
        <time>2025-06-24T15:35:03Z</time>
      </trkpt>
      <trkpt lat="37.61422" lon="-112.15856">
        <ele>2337.69</ele>
        <time>2025-06-24T15:35:06Z</time>
      </trkpt>
      <trkpt lat="37.61421" lon="-112.15852">
        <ele>2337.33</ele>
        <time>2025-06-24T15:35:09Z</time>
      </trkpt>
      <trkpt lat="37.61419" lon="-112.1585">
        <ele>2336.41</ele>
        <time>2025-06-24T15:35:12Z</time>
      </trkpt>
      <trkpt lat="37.61416" lon="-112.15848">
        <ele>2335.09</ele>
        <time>2025-06-24T15:35:15Z</time>
      </trkpt>
      <trkpt lat="37.61413" lon="-112.15846">
        <ele>2333.9</ele>
        <time>2025-06-24T15:35:18Z</time>
      </trkpt>
      <trkpt lat="37.6141" lon="-112.15844">
        <ele>2332.86</ele>
        <time>2025-06-24T15:35:21Z</time>
      </trkpt>
      <trkpt lat="37.6141" lon="-112.15841">
        <ele>2333.07</ele>
        <time>2025-06-24T15:35:24Z</time>
      </trkpt>
      <trkpt lat="37.61412" lon="-112.15837">
        <ele>2333.68</ele>
        <time>2025-06-24T15:35:27Z</time>
      </trkpt>
      <trkpt lat="37.61415" lon="-112.15834">
        <ele>2334.52</ele>
        <time>2025-06-24T15:35:30Z</time>
      </trkpt>
      <trkpt lat="37.61417" lon="-112.15831">
        <ele>2334.66</ele>
        <time>2025-06-24T15:35:33Z</time>
      </trkpt>
      <trkpt lat="37.61419" lon="-112.15827">
        <ele>2334.55</ele>
        <time>2025-06-24T15:35:36Z</time>
      </trkpt>
      <trkpt lat="37.61422" lon="-112.15825">
        <ele>2335.04</ele>
        <time>2025-06-24T15:35:39Z</time>
      </trkpt>
      <trkpt lat="37.61425" lon="-112.15824">
        <ele>2335.66</ele>
        <time>2025-06-24T15:35:42Z</time>
      </trkpt>
      <trkpt lat="37.61428" lon="-112.15824">
        <ele>2336.18</ele>
        <time>2025-06-24T15:35:45Z</time>
      </trkpt>
      <trkpt lat="37.6143" lon="-112.15826">
        <ele>2337.27</ele>
        <time>2025-06-24T15:35:48Z</time>
      </trkpt>
      <trkpt lat="37.61434" lon="-112.15828">
        <ele>2338.57</ele>
        <time>2025-06-24T15:35:51Z</time>
      </trkpt>
      <trkpt lat="37.61437" lon="-112.1583">
        <ele>2339.69</ele>
        <time>2025-06-24T15:35:54Z</time>
      </trkpt>
      <trkpt lat="37.61441" lon="-112.1583">
        <ele>2339.96</ele>
        <time>2025-06-24T15:35:57Z</time>
      </trkpt>
      <trkpt lat="37.61444" lon="-112.15831">
        <ele>2340.7</ele>
        <time>2025-06-24T15:36:00Z</time>
      </trkpt>
      <trkpt lat="37.61447" lon="-112.15833">
        <ele>2341.55</ele>
        <time>2025-06-24T15:36:03Z</time>
      </trkpt>
      <trkpt lat="37.6145" lon="-112.15834">
        <ele>2341.37</ele>
        <time>2025-06-24T15:36:05Z</time>
      </trkpt>
      <trkpt lat="37.61453" lon="-112.15835">
        <ele>2341.06</ele>
        <time>2025-06-24T15:36:08Z</time>
      </trkpt>
      <trkpt lat="37.61456" lon="-112.15834">
        <ele>2341.0</ele>
        <time>2025-06-24T15:36:11Z</time>
      </trkpt>
      <trkpt lat="37.61459" lon="-112.15833">
        <ele>2340.92</ele>
        <time>2025-06-24T15:36:14Z</time>
      </trkpt>
      <trkpt lat="37.61462" lon="-112.15832">
        <ele>2340.81</ele>
        <time>2025-06-24T15:36:17Z</time>
      </trkpt>
      <trkpt lat="37.61466" lon="-112.1583">
        <ele>2341.2</ele>
        <time>2025-06-24T15:36:20Z</time>
      </trkpt>
      <trkpt lat="37.61469" lon="-112.15828">
        <ele>2341.83</ele>
        <time>2025-06-24T15:36:23Z</time>
      </trkpt>
      <trkpt lat="37.61471" lon="-112.15824">
        <ele>2342.6</ele>
        <time>2025-06-24T15:36:27Z</time>
      </trkpt>
      <trkpt lat="37.61472" lon="-112.15821">
        <ele>2342.91</ele>
        <time>2025-06-24T15:36:30Z</time>
      </trkpt>
      <trkpt lat="37.61475" lon="-112.1582">
        <ele>2342.83</ele>
        <time>2025-06-24T15:36:34Z</time>
      </trkpt>
      <trkpt lat="37.61477" lon="-112.15823">
        <ele>2342.54</ele>
        <time>2025-06-24T15:37:04Z</time>
      </trkpt>
      <trkpt lat="37.61478" lon="-112.15827">
        <ele>2342.26</ele>
        <time>2025-06-24T15:37:07Z</time>
      </trkpt>
      <trkpt lat="37.61478" lon="-112.1583">
        <ele>2342.14</ele>
        <time>2025-06-24T15:37:09Z</time>
      </trkpt>
      <trkpt lat="37.61479" lon="-112.15834">
        <ele>2342.05</ele>
        <time>2025-06-24T15:37:12Z</time>
      </trkpt>
      <trkpt lat="37.6148" lon="-112.15838">
        <ele>2342.42</ele>
        <time>2025-06-24T15:37:15Z</time>
      </trkpt>
      <trkpt lat="37.61482" lon="-112.15842">
        <ele>2342.72</ele>
        <time>2025-06-24T15:37:18Z</time>
      </trkpt>
      <trkpt lat="37.61484" lon="-112.15844">
        <ele>2342.11</ele>
        <time>2025-06-24T15:37:21Z</time>
      </trkpt>
      <trkpt lat="37.61487" lon="-112.15846">
        <ele>2341.2</ele>
        <time>2025-06-24T15:37:59Z</time>
      </trkpt>
      <trkpt lat="37.6149" lon="-112.15847">
        <ele>2340.23</ele>
        <time>2025-06-24T15:38:02Z</time>
      </trkpt>
      <trkpt lat="37.61493" lon="-112.15848">
        <ele>2338.95</ele>
        <time>2025-06-24T15:38:05Z</time>
      </trkpt>
      <trkpt lat="37.61497" lon="-112.1585">
        <ele>2337.22</ele>
        <time>2025-06-24T15:38:08Z</time>
      </trkpt>
      <trkpt lat="37.615" lon="-112.15851">
        <ele>2335.82</ele>
        <time>2025-06-24T15:38:11Z</time>
      </trkpt>
      <trkpt lat="37.61503" lon="-112.15852">
        <ele>2335.04</ele>
        <time>2025-06-24T15:38:14Z</time>
      </trkpt>
      <trkpt lat="37.61506" lon="-112.15854">
        <ele>2334.14</ele>
        <time>2025-06-24T15:38:17Z</time>
      </trkpt>
      <trkpt lat="37.61509" lon="-112.15855">
        <ele>2333.09</ele>
        <time>2025-06-24T15:38:19Z</time>
      </trkpt>
      <trkpt lat="37.61511" lon="-112.15858">
        <ele>2332.69</ele>
        <time>2025-06-24T15:38:22Z</time>
      </trkpt>
      <trkpt lat="37.6151" lon="-112.15861">
        <ele>2332.84</ele>
        <time>2025-06-24T15:38:25Z</time>
      </trkpt>
      <trkpt lat="37.61508" lon="-112.15864">
        <ele>2333.59</ele>
        <time>2025-06-24T15:38:28Z</time>
      </trkpt>
      <trkpt lat="37.61506" lon="-112.15867">
        <ele>2334.63</ele>
        <time>2025-06-24T15:38:31Z</time>
      </trkpt>
      <trkpt lat="37.61506" lon="-112.15872">
        <ele>2334.76</ele>
        <time>2025-06-24T15:38:34Z</time>
      </trkpt>
      <trkpt lat="37.61508" lon="-112.15876">
        <ele>2333.68</ele>
        <time>2025-06-24T15:38:37Z</time>
      </trkpt>
      <trkpt lat="37.61509" lon="-112.15881">
        <ele>2333.29</ele>
        <time>2025-06-24T15:38:40Z</time>
      </trkpt>
      <trkpt lat="37.61509" lon="-112.15885">
        <ele>2333.72</ele>
        <time>2025-06-24T15:38:43Z</time>
      </trkpt>
      <trkpt lat="37.61509" lon="-112.1589">
        <ele>2334.38</ele>
        <time>2025-06-24T15:38:46Z</time>
      </trkpt>
      <trkpt lat="37.61512" lon="-112.15893">
        <ele>2333.7</ele>
        <time>2025-06-24T15:38:49Z</time>
      </trkpt>
      <trkpt lat="37.61515" lon="-112.15894">
        <ele>2332.62</ele>
        <time>2025-06-24T15:38:51Z</time>
      </trkpt>
      <trkpt lat="37.61518" lon="-112.15895">
        <ele>2331.54</ele>
        <time>2025-06-24T15:38:54Z</time>
      </trkpt>
      <trkpt lat="37.61522" lon="-112.15896">
        <ele>2330.61</ele>
        <time>2025-06-24T15:38:57Z</time>
      </trkpt>
      <trkpt lat="37.61525" lon="-112.15898">
        <ele>2330.55</ele>
        <time>2025-06-24T15:39:00Z</time>
      </trkpt>
      <trkpt lat="37.61529" lon="-112.15899">
        <ele>2330.18</ele>
        <time>2025-06-24T15:39:03Z</time>
      </trkpt>
      <trkpt lat="37.61532" lon="-112.159">
        <ele>2330.4</ele>
        <time>2025-06-24T15:39:06Z</time>
      </trkpt>
      <trkpt lat="37.61536" lon="-112.15901">
        <ele>2330.62</ele>
        <time>2025-06-24T15:39:09Z</time>
      </trkpt>
      <trkpt lat="37.61539" lon="-112.15903">
        <ele>2331.14</ele>
        <time>2025-06-24T15:39:13Z</time>
      </trkpt>
      <trkpt lat="37.61542" lon="-112.15906">
        <ele>2331.4</ele>
        <time>2025-06-24T15:39:17Z</time>
      </trkpt>
      <trkpt lat="37.61542" lon="-112.1591">
        <ele>2330.04</ele>
        <time>2025-06-24T15:39:21Z</time>
      </trkpt>
      <trkpt lat="37.6154" lon="-112.15913">
        <ele>2328.88</ele>
        <time>2025-06-24T15:39:24Z</time>
      </trkpt>
      <trkpt lat="37.61537" lon="-112.15916">
        <ele>2328.3</ele>
        <time>2025-06-24T15:39:27Z</time>
      </trkpt>
      <trkpt lat="37.61535" lon="-112.15919">
        <ele>2327.29</ele>
        <time>2025-06-24T15:39:30Z</time>
      </trkpt>
      <trkpt lat="37.61532" lon="-112.15923">
        <ele>2326.41</ele>
        <time>2025-06-24T15:39:33Z</time>
      </trkpt>
      <trkpt lat="37.61529" lon="-112.15926">
        <ele>2326.45</ele>
        <time>2025-06-24T15:39:36Z</time>
      </trkpt>
      <trkpt lat="37.61527" lon="-112.15929">
        <ele>2326.2</ele>
        <time>2025-06-24T15:39:39Z</time>
      </trkpt>
      <trkpt lat="37.61524" lon="-112.15933">
        <ele>2325.84</ele>
        <time>2025-06-24T15:39:42Z</time>
      </trkpt>
      <trkpt lat="37.61528" lon="-112.15932">
        <ele>2324.92</ele>
        <time>2025-06-24T15:39:49Z</time>
      </trkpt>
      <trkpt lat="37.61531" lon="-112.15931">
        <ele>2323.77</ele>
        <time>2025-06-24T15:39:52Z</time>
      </trkpt>
      <trkpt lat="37.61535" lon="-112.1593">
        <ele>2322.22</ele>
        <time>2025-06-24T15:39:55Z</time>
      </trkpt>
      <trkpt lat="37.61538" lon="-112.15928">
        <ele>2321.71</ele>
        <time>2025-06-24T15:39:58Z</time>
      </trkpt>
      <trkpt lat="37.61541" lon="-112.15927">
        <ele>2320.87</ele>
        <time>2025-06-24T15:40:01Z</time>
      </trkpt>
      <trkpt lat="37.61545" lon="-112.15928">
        <ele>2318.86</ele>
        <time>2025-06-24T15:40:04Z</time>
      </trkpt>
      <trkpt lat="37.61549" lon="-112.15928">
        <ele>2317.45</ele>
        <time>2025-06-24T15:40:07Z</time>
      </trkpt>
      <trkpt lat="37.61552" lon="-112.15927">
        <ele>2316.8</ele>
        <time>2025-06-24T15:40:10Z</time>
      </trkpt>
      <trkpt lat="37.61556" lon="-112.15926">
        <ele>2315.78</ele>
        <time>2025-06-24T15:40:13Z</time>
      </trkpt>
      <trkpt lat="37.6156" lon="-112.15925">
        <ele>2314.53</ele>
        <time>2025-06-24T15:40:16Z</time>
      </trkpt>
      <trkpt lat="37.61563" lon="-112.15925">
        <ele>2313.2</ele>
        <time>2025-06-24T15:40:19Z</time>
      </trkpt>
      <trkpt lat="37.61566" lon="-112.15923">
        <ele>2312.71</ele>
        <time>2025-06-24T15:40:22Z</time>
      </trkpt>
      <trkpt lat="37.61569" lon="-112.15921">
        <ele>2312.08</ele>
        <time>2025-06-24T15:40:25Z</time>
      </trkpt>
      <trkpt lat="37.61571" lon="-112.15919">
        <ele>2311.82</ele>
        <time>2025-06-24T15:40:28Z</time>
      </trkpt>
      <trkpt lat="37.61574" lon="-112.15918">
        <ele>2310.61</ele>
        <time>2025-06-24T15:40:31Z</time>
      </trkpt>
      <trkpt lat="37.61577" lon="-112.15916">
        <ele>2309.35</ele>
        <time>2025-06-24T15:40:34Z</time>
      </trkpt>
      <trkpt lat="37.61579" lon="-112.1592">
        <ele>2307.3</ele>
        <time>2025-06-24T15:40:39Z</time>
      </trkpt>
      <trkpt lat="37.61577" lon="-112.15924">
        <ele>2307.48</ele>
        <time>2025-06-24T15:40:42Z</time>
      </trkpt>
      <trkpt lat="37.61575" lon="-112.15927">
        <ele>2307.61</ele>
        <time>2025-06-24T15:40:44Z</time>
      </trkpt>
      <trkpt lat="37.61573" lon="-112.1593">
        <ele>2307.97</ele>
        <time>2025-06-24T15:40:46Z</time>
      </trkpt>
      <trkpt lat="37.6157" lon="-112.15933">
        <ele>2308.66</ele>
        <time>2025-06-24T15:40:49Z</time>
      </trkpt>
      <trkpt lat="37.61567" lon="-112.15936">
        <ele>2309.42</ele>
        <time>2025-06-24T15:40:52Z</time>
      </trkpt>
      <trkpt lat="37.61566" lon="-112.15939">
        <ele>2310.13</ele>
        <time>2025-06-24T15:40:55Z</time>
      </trkpt>
      <trkpt lat="37.61566" lon="-112.15944">
        <ele>2310.81</ele>
        <time>2025-06-24T15:40:58Z</time>
      </trkpt>
      <trkpt lat="37.61569" lon="-112.15944">
        <ele>2310.46</ele>
        <time>2025-06-24T15:41:00Z</time>
      </trkpt>
      <trkpt lat="37.61572" lon="-112.15943">
        <ele>2309.83</ele>
        <time>2025-06-24T15:41:03Z</time>
      </trkpt>
      <trkpt lat="37.61575" lon="-112.15941">
        <ele>2308.91</ele>
        <time>2025-06-24T15:41:06Z</time>
      </trkpt>
      <trkpt lat="37.61578" lon="-112.15939">
        <ele>2308.16</ele>
        <time>2025-06-24T15:41:09Z</time>
      </trkpt>
      <trkpt lat="37.61581" lon="-112.15937">
        <ele>2307.13</ele>
        <time>2025-06-24T15:41:12Z</time>
      </trkpt>
      <trkpt lat="37.61583" lon="-112.15935">
        <ele>2306.02</ele>
        <time>2025-06-24T15:41:15Z</time>
      </trkpt>
      <trkpt lat="37.61585" lon="-112.15932">
        <ele>2306.01</ele>
        <time>2025-06-24T15:41:19Z</time>
      </trkpt>
      <trkpt lat="37.61588" lon="-112.15933">
        <ele>2306.92</ele>
        <time>2025-06-24T15:41:31Z</time>
      </trkpt>
      <trkpt lat="37.61593" lon="-112.15931">
        <ele>2307.32</ele>
        <time>2025-06-24T15:41:57Z</time>
      </trkpt>
      <trkpt lat="37.61596" lon="-112.15926">
        <ele>2306.14</ele>
        <time>2025-06-24T15:42:02Z</time>
      </trkpt>
      <trkpt lat="37.61599" lon="-112.15922">
        <ele>2305.51</ele>
        <time>2025-06-24T15:42:06Z</time>
      </trkpt>
      <trkpt lat="37.61602" lon="-112.15917">
        <ele>2304.16</ele>
        <time>2025-06-24T15:42:11Z</time>
      </trkpt>
      <trkpt lat="37.61604" lon="-112.15913">
        <ele>2302.37</ele>
        <time>2025-06-24T15:42:14Z</time>
      </trkpt>
      <trkpt lat="37.61607" lon="-112.1591">
        <ele>2300.48</ele>
        <time>2025-06-24T15:42:19Z</time>
      </trkpt>
      <trkpt lat="37.61611" lon="-112.15908">
        <ele>2298.47</ele>
        <time>2025-06-24T15:42:23Z</time>
      </trkpt>
      <trkpt lat="37.61615" lon="-112.15906">
        <ele>2297.75</ele>
        <time>2025-06-24T15:42:27Z</time>
      </trkpt>
      <trkpt lat="37.61617" lon="-112.15903">
        <ele>2296.43</ele>
        <time>2025-06-24T15:42:30Z</time>
      </trkpt>
      <trkpt lat="37.61619" lon="-112.159">
        <ele>2294.97</ele>
        <time>2025-06-24T15:42:33Z</time>
      </trkpt>
      <trkpt lat="37.61622" lon="-112.15898">
        <ele>2294.3</ele>
        <time>2025-06-24T15:42:36Z</time>
      </trkpt>
      <trkpt lat="37.61625" lon="-112.15895">
        <ele>2293.81</ele>
        <time>2025-06-24T15:42:39Z</time>
      </trkpt>
      <trkpt lat="37.61628" lon="-112.15893">
        <ele>2293.52</ele>
        <time>2025-06-24T15:42:42Z</time>
      </trkpt>
      <trkpt lat="37.61631" lon="-112.1589">
        <ele>2292.79</ele>
        <time>2025-06-24T15:42:45Z</time>
      </trkpt>
      <trkpt lat="37.61635" lon="-112.15887">
        <ele>2292.52</ele>
        <time>2025-06-24T15:42:48Z</time>
      </trkpt>
      <trkpt lat="37.61638" lon="-112.15885">
        <ele>2292.21</ele>
        <time>2025-06-24T15:42:51Z</time>
      </trkpt>
      <trkpt lat="37.61641" lon="-112.15883">
        <ele>2291.77</ele>
        <time>2025-06-24T15:42:54Z</time>
      </trkpt>
      <trkpt lat="37.61644" lon="-112.15881">
        <ele>2291.23</ele>
        <time>2025-06-24T15:42:56Z</time>
      </trkpt>
      <trkpt lat="37.61646" lon="-112.1588">
        <ele>2290.96</ele>
        <time>2025-06-24T15:42:58Z</time>
      </trkpt>
      <trkpt lat="37.61649" lon="-112.15877">
        <ele>2289.96</ele>
        <time>2025-06-24T15:43:01Z</time>
      </trkpt>
      <trkpt lat="37.61652" lon="-112.15875">
        <ele>2289.42</ele>
        <time>2025-06-24T15:43:04Z</time>
      </trkpt>
      <trkpt lat="37.61655" lon="-112.15872">
        <ele>2288.44</ele>
        <time>2025-06-24T15:43:07Z</time>
      </trkpt>
      <trkpt lat="37.61659" lon="-112.15871">
        <ele>2288.62</ele>
        <time>2025-06-24T15:43:10Z</time>
      </trkpt>
      <trkpt lat="37.61662" lon="-112.15869">
        <ele>2288.4</ele>
        <time>2025-06-24T15:43:13Z</time>
      </trkpt>
      <trkpt lat="37.61665" lon="-112.15867">
        <ele>2287.95</ele>
        <time>2025-06-24T15:43:16Z</time>
      </trkpt>
      <trkpt lat="37.61669" lon="-112.15866">
        <ele>2287.89</ele>
        <time>2025-06-24T15:43:19Z</time>
      </trkpt>
      <trkpt lat="37.61671" lon="-112.15864">
        <ele>2287.03</ele>
        <time>2025-06-24T15:43:22Z</time>
      </trkpt>
      <trkpt lat="37.61675" lon="-112.15862">
        <ele>2286.38</ele>
        <time>2025-06-24T15:43:25Z</time>
      </trkpt>
      <trkpt lat="37.61679" lon="-112.15861">
        <ele>2286.28</ele>
        <time>2025-06-24T15:43:28Z</time>
      </trkpt>
      <trkpt lat="37.61682" lon="-112.15859">
        <ele>2285.74</ele>
        <time>2025-06-24T15:43:31Z</time>
      </trkpt>
      <trkpt lat="37.61686" lon="-112.15858">
        <ele>2285.66</ele>
        <time>2025-06-24T15:43:34Z</time>
      </trkpt>
      <trkpt lat="37.6169" lon="-112.15856">
        <ele>2284.79</ele>
        <time>2025-06-24T15:43:37Z</time>
      </trkpt>
      <trkpt lat="37.61693" lon="-112.15855">
        <ele>2284.36</ele>
        <time>2025-06-24T15:43:40Z</time>
      </trkpt>
      <trkpt lat="37.61697" lon="-112.15854">
        <ele>2283.93</ele>
        <time>2025-06-24T15:43:43Z</time>
      </trkpt>
      <trkpt lat="37.617" lon="-112.15853">
        <ele>2283.5</ele>
        <time>2025-06-24T15:43:45Z</time>
      </trkpt>
      <trkpt lat="37.61703" lon="-112.15854">
        <ele>2283.93</ele>
        <time>2025-06-24T15:43:47Z</time>
      </trkpt>
      <trkpt lat="37.61706" lon="-112.15856">
        <ele>2284.54</ele>
        <time>2025-06-24T15:43:50Z</time>
      </trkpt>
      <trkpt lat="37.6171" lon="-112.15857">
        <ele>2284.54</ele>
        <time>2025-06-24T15:43:53Z</time>
      </trkpt>
      <trkpt lat="37.61712" lon="-112.15856">
        <ele>2283.9</ele>
        <time>2025-06-24T15:43:58Z</time>
      </trkpt>
      <trkpt lat="37.61709" lon="-112.15854">
        <ele>2283.36</ele>
        <time>2025-06-24T15:44:02Z</time>
      </trkpt>
      <trkpt lat="37.61706" lon="-112.15853">
        <ele>2283.25</ele>
        <time>2025-06-24T15:44:05Z</time>
      </trkpt>
      <trkpt lat="37.61702" lon="-112.15852">
        <ele>2283.06</ele>
        <time>2025-06-24T15:44:08Z</time>
      </trkpt>
      <trkpt lat="37.61699" lon="-112.15851">
        <ele>2282.68</ele>
        <time>2025-06-24T15:44:11Z</time>
      </trkpt>
      <trkpt lat="37.61696" lon="-112.1585">
        <ele>2282.37</ele>
        <time>2025-06-24T15:44:14Z</time>
      </trkpt>
      <trkpt lat="37.61693" lon="-112.15849">
        <ele>2282.08</ele>
        <time>2025-06-24T15:44:17Z</time>
      </trkpt>
      <trkpt lat="37.6169" lon="-112.15848">
        <ele>2281.75</ele>
        <time>2025-06-24T15:44:20Z</time>
      </trkpt>
      <trkpt lat="37.61687" lon="-112.15846">
        <ele>2281.1</ele>
        <time>2025-06-24T15:44:23Z</time>
      </trkpt>
      <trkpt lat="37.61686" lon="-112.15842">
        <ele>2279.87</ele>
        <time>2025-06-24T15:44:35Z</time>
      </trkpt>
      <trkpt lat="37.61688" lon="-112.1584">
        <ele>2279.35</ele>
        <time>2025-06-24T15:44:40Z</time>
      </trkpt>
      <trkpt lat="37.61691" lon="-112.15838">
        <ele>2278.7</ele>
        <time>2025-06-24T15:44:43Z</time>
      </trkpt>
      <trkpt lat="37.61693" lon="-112.15836">
        <ele>2277.98</ele>
        <time>2025-06-24T15:44:45Z</time>
      </trkpt>
      <trkpt lat="37.61696" lon="-112.15835">
        <ele>2277.23</ele>
        <time>2025-06-24T15:44:47Z</time>
      </trkpt>
      <trkpt lat="37.617" lon="-112.15834">
        <ele>2276.06</ele>
        <time>2025-06-24T15:44:50Z</time>
      </trkpt>
      <trkpt lat="37.61703" lon="-112.15833">
        <ele>2275.08</ele>
        <time>2025-06-24T15:44:52Z</time>
      </trkpt>
      <trkpt lat="37.61706" lon="-112.15832">
        <ele>2274.43</ele>
        <time>2025-06-24T15:44:55Z</time>
      </trkpt>
      <trkpt lat="37.6171" lon="-112.15831">
        <ele>2273.64</ele>
        <time>2025-06-24T15:44:58Z</time>
      </trkpt>
      <trkpt lat="37.61713" lon="-112.15829">
        <ele>2272.59</ele>
        <time>2025-06-24T15:45:01Z</time>
      </trkpt>
      <trkpt lat="37.61717" lon="-112.15828">
        <ele>2271.4</ele>
        <time>2025-06-24T15:45:04Z</time>
      </trkpt>
      <trkpt lat="37.61721" lon="-112.15828">
        <ele>2270.54</ele>
        <time>2025-06-24T15:45:07Z</time>
      </trkpt>
      <trkpt lat="37.61724" lon="-112.15828">
        <ele>2270.08</ele>
        <time>2025-06-24T15:45:10Z</time>
      </trkpt>
      <trkpt lat="37.61727" lon="-112.15826">
        <ele>2269.11</ele>
        <time>2025-06-24T15:45:20Z</time>
      </trkpt>
      <trkpt lat="37.6173" lon="-112.15822">
        <ele>2267.94</ele>
        <time>2025-06-24T15:45:23Z</time>
      </trkpt>
      <trkpt lat="37.61732" lon="-112.15819">
        <ele>2267.4</ele>
        <time>2025-06-24T15:45:26Z</time>
      </trkpt>
      <trkpt lat="37.61736" lon="-112.15817">
        <ele>2266.75</ele>
        <time>2025-06-24T15:45:29Z</time>
      </trkpt>
      <trkpt lat="37.61739" lon="-112.15817">
        <ele>2266.42</ele>
        <time>2025-06-24T15:45:32Z</time>
      </trkpt>
      <trkpt lat="37.61743" lon="-112.15818">
        <ele>2266.02</ele>
        <time>2025-06-24T15:45:35Z</time>
      </trkpt>
      <trkpt lat="37.61746" lon="-112.15819">
        <ele>2265.63</ele>
        <time>2025-06-24T15:45:38Z</time>
      </trkpt>
      <trkpt lat="37.6175" lon="-112.15821">
        <ele>2265.0</ele>
        <time>2025-06-24T15:45:41Z</time>
      </trkpt>
      <trkpt lat="37.61753" lon="-112.15823">
        <ele>2264.35</ele>
        <time>2025-06-24T15:45:44Z</time>
      </trkpt>
      <trkpt lat="37.61756" lon="-112.15824">
        <ele>2263.7</ele>
        <time>2025-06-24T15:45:47Z</time>
      </trkpt>
      <trkpt lat="37.61758" lon="-112.15826">
        <ele>2263.69</ele>
        <time>2025-06-24T15:45:49Z</time>
      </trkpt>
      <trkpt lat="37.61762" lon="-112.15828">
        <ele>2263.13</ele>
        <time>2025-06-24T15:45:52Z</time>
      </trkpt>
      <trkpt lat="37.61765" lon="-112.1583">
        <ele>2262.64</ele>
        <time>2025-06-24T15:45:55Z</time>
      </trkpt>
      <trkpt lat="37.61768" lon="-112.1583">
        <ele>2261.79</ele>
        <time>2025-06-24T15:45:58Z</time>
      </trkpt>
      <trkpt lat="37.61771" lon="-112.1583">
        <ele>2261.2</ele>
        <time>2025-06-24T15:46:01Z</time>
      </trkpt>
      <trkpt lat="37.61774" lon="-112.15831">
        <ele>2260.71</ele>
        <time>2025-06-24T15:46:04Z</time>
      </trkpt>
      <trkpt lat="37.61778" lon="-112.15831">
        <ele>2259.95</ele>
        <time>2025-06-24T15:46:07Z</time>
      </trkpt>
      <trkpt lat="37.61782" lon="-112.15832">
        <ele>2259.09</ele>
        <time>2025-06-24T15:46:10Z</time>
      </trkpt>
      <trkpt lat="37.61784" lon="-112.15832">
        <ele>2258.66</ele>
        <time>2025-06-24T15:46:13Z</time>
      </trkpt>
      <trkpt lat="37.61787" lon="-112.1583">
        <ele>2258.01</ele>
        <time>2025-06-24T15:46:16Z</time>
      </trkpt>
      <trkpt lat="37.6179" lon="-112.15828">
        <ele>2257.36</ele>
        <time>2025-06-24T15:46:19Z</time>
      </trkpt>
      <trkpt lat="37.61792" lon="-112.15831">
        <ele>2256.93</ele>
        <time>2025-06-24T15:46:23Z</time>
      </trkpt>
      <trkpt lat="37.61792" lon="-112.15835">
        <ele>2256.93</ele>
        <time>2025-06-24T15:46:34Z</time>
      </trkpt>
      <trkpt lat="37.61793" lon="-112.15839">
        <ele>2256.71</ele>
        <time>2025-06-24T15:46:38Z</time>
      </trkpt>
      <trkpt lat="37.61794" lon="-112.15844">
        <ele>2256.46</ele>
        <time>2025-06-24T15:46:41Z</time>
      </trkpt>
      <trkpt lat="37.61795" lon="-112.15847">
        <ele>2256.21</ele>
        <time>2025-06-24T15:46:43Z</time>
      </trkpt>
      <trkpt lat="37.61797" lon="-112.1585">
        <ele>2255.85</ele>
        <time>2025-06-24T15:46:45Z</time>
      </trkpt>
      <trkpt lat="37.61798" lon="-112.15853">
        <ele>2255.53</ele>
        <time>2025-06-24T15:46:47Z</time>
      </trkpt>
      <trkpt lat="37.61799" lon="-112.15858">
        <ele>2254.95</ele>
        <time>2025-06-24T15:46:50Z</time>
      </trkpt>
      <trkpt lat="37.61801" lon="-112.15861">
        <ele>2254.5</ele>
        <time>2025-06-24T15:46:52Z</time>
      </trkpt>
      <trkpt lat="37.61802" lon="-112.15866">
        <ele>2253.86</ele>
        <time>2025-06-24T15:46:55Z</time>
      </trkpt>
      <trkpt lat="37.61802" lon="-112.1587">
        <ele>2253.42</ele>
        <time>2025-06-24T15:46:58Z</time>
      </trkpt>
      <trkpt lat="37.61802" lon="-112.15875">
        <ele>2253.38</ele>
        <time>2025-06-24T15:47:01Z</time>
      </trkpt>
      <trkpt lat="37.61802" lon="-112.1588">
        <ele>2253.38</ele>
        <time>2025-06-24T15:47:04Z</time>
      </trkpt>
      <trkpt lat="37.61802" lon="-112.15885">
        <ele>2253.38</ele>
        <time>2025-06-24T15:47:07Z</time>
      </trkpt>
      <trkpt lat="37.61803" lon="-112.15888">
        <ele>2253.28</ele>
        <time>2025-06-24T15:47:09Z</time>
      </trkpt>
      <trkpt lat="37.61803" lon="-112.15893">
        <ele>2253.15</ele>
        <time>2025-06-24T15:47:12Z</time>
      </trkpt>
      <trkpt lat="37.61804" lon="-112.15897">
        <ele>2253.02</ele>
        <time>2025-06-24T15:47:15Z</time>
      </trkpt>
      <trkpt lat="37.61804" lon="-112.15901">
        <ele>2253.0</ele>
        <time>2025-06-24T15:47:17Z</time>
      </trkpt>
      <trkpt lat="37.61804" lon="-112.15906">
        <ele>2253.0</ele>
        <time>2025-06-24T15:47:20Z</time>
      </trkpt>
      <trkpt lat="37.61804" lon="-112.15909">
        <ele>2253.0</ele>
        <time>2025-06-24T15:47:22Z</time>
      </trkpt>
      <trkpt lat="37.61806" lon="-112.15914">
        <ele>2253.0</ele>
        <time>2025-06-24T15:47:25Z</time>
      </trkpt>
      <trkpt lat="37.61806" lon="-112.15918">
        <ele>2253.0</ele>
        <time>2025-06-24T15:47:27Z</time>
      </trkpt>
      <trkpt lat="37.61806" lon="-112.15922">
        <ele>2253.0</ele>
        <time>2025-06-24T15:47:30Z</time>
      </trkpt>
      <trkpt lat="37.61806" lon="-112.15926">
        <ele>2253.0</ele>
        <time>2025-06-24T15:47:33Z</time>
      </trkpt>
      <trkpt lat="37.61805" lon="-112.15931">
        <ele>2253.0</ele>
        <time>2025-06-24T15:47:36Z</time>
      </trkpt>
      <trkpt lat="37.61805" lon="-112.15936">
        <ele>2253.09</ele>
        <time>2025-06-24T15:47:39Z</time>
      </trkpt>
      <trkpt lat="37.61806" lon="-112.15941">
        <ele>2253.63</ele>
        <time>2025-06-24T15:47:42Z</time>
      </trkpt>
      <trkpt lat="37.61807" lon="-112.15945">
        <ele>2254.0</ele>
        <time>2025-06-24T15:47:45Z</time>
      </trkpt>
      <trkpt lat="37.61808" lon="-112.1595">
        <ele>2254.0</ele>
        <time>2025-06-24T15:47:48Z</time>
      </trkpt>
      <trkpt lat="37.61808" lon="-112.15954">
        <ele>2254.03</ele>
        <time>2025-06-24T15:47:51Z</time>
      </trkpt>
      <trkpt lat="37.61808" lon="-112.15958">
        <ele>2254.46</ele>
        <time>2025-06-24T15:47:54Z</time>
      </trkpt>
      <trkpt lat="37.61809" lon="-112.15961">
        <ele>2254.79</ele>
        <time>2025-06-24T15:47:57Z</time>
      </trkpt>
      <trkpt lat="37.61809" lon="-112.15965">
        <ele>2255.22</ele>
        <time>2025-06-24T15:47:59Z</time>
      </trkpt>
      <trkpt lat="37.6181" lon="-112.15969">
        <ele>2255.65</ele>
        <time>2025-06-24T15:48:02Z</time>
      </trkpt>
      <trkpt lat="37.6181" lon="-112.15973">
        <ele>2256.08</ele>
        <time>2025-06-24T15:48:05Z</time>
      </trkpt>
      <trkpt lat="37.6181" lon="-112.15977">
        <ele>2256.52</ele>
        <time>2025-06-24T15:48:08Z</time>
      </trkpt>
      <trkpt lat="37.61809" lon="-112.15981">
        <ele>2256.95</ele>
        <time>2025-06-24T15:48:11Z</time>
      </trkpt>
      <trkpt lat="37.61809" lon="-112.15985">
        <ele>2257.24</ele>
        <time>2025-06-24T15:48:13Z</time>
      </trkpt>
      <trkpt lat="37.61808" lon="-112.15989">
        <ele>2257.6</ele>
        <time>2025-06-24T15:48:16Z</time>
      </trkpt>
      <trkpt lat="37.61808" lon="-112.15994">
        <ele>2257.74</ele>
        <time>2025-06-24T15:48:19Z</time>
      </trkpt>
      <trkpt lat="37.61807" lon="-112.15997">
        <ele>2257.84</ele>
        <time>2025-06-24T15:48:22Z</time>
      </trkpt>
      <trkpt lat="37.61805" lon="-112.16001">
        <ele>2258.17</ele>
        <time>2025-06-24T15:48:25Z</time>
      </trkpt>
      <trkpt lat="37.61804" lon="-112.16006">
        <ele>2258.82</ele>
        <time>2025-06-24T15:48:28Z</time>
      </trkpt>
      <trkpt lat="37.61804" lon="-112.1601">
        <ele>2259.17</ele>
        <time>2025-06-24T15:48:30Z</time>
      </trkpt>
      <trkpt lat="37.61803" lon="-112.16014">
        <ele>2259.28</ele>
        <time>2025-06-24T15:48:33Z</time>
      </trkpt>
      <trkpt lat="37.61801" lon="-112.16018">
        <ele>2259.49</ele>
        <time>2025-06-24T15:48:36Z</time>
      </trkpt>
      <trkpt lat="37.618" lon="-112.16022">
        <ele>2259.6</ele>
        <time>2025-06-24T15:48:39Z</time>
      </trkpt>
      <trkpt lat="37.61799" lon="-112.16025">
        <ele>2259.71</ele>
        <time>2025-06-24T15:48:42Z</time>
      </trkpt>
      <trkpt lat="37.61798" lon="-112.1603">
        <ele>2260.06</ele>
        <time>2025-06-24T15:48:45Z</time>
      </trkpt>
      <trkpt lat="37.61797" lon="-112.16034">
        <ele>2260.6</ele>
        <time>2025-06-24T15:48:48Z</time>
      </trkpt>
      <trkpt lat="37.61796" lon="-112.16038">
        <ele>2261.03</ele>
        <time>2025-06-24T15:48:51Z</time>
      </trkpt>
      <trkpt lat="37.61795" lon="-112.16043">
        <ele>2261.14</ele>
        <time>2025-06-24T15:48:54Z</time>
      </trkpt>
      <trkpt lat="37.61793" lon="-112.16047">
        <ele>2261.43</ele>
        <time>2025-06-24T15:48:57Z</time>
      </trkpt>
      <trkpt lat="37.61792" lon="-112.1605">
        <ele>2261.86</ele>
        <time>2025-06-24T15:48:59Z</time>
      </trkpt>
      <trkpt lat="37.6179" lon="-112.16054">
        <ele>2262.51</ele>
        <time>2025-06-24T15:49:02Z</time>
      </trkpt>
      <trkpt lat="37.6179" lon="-112.16058">
        <ele>2262.76</ele>
        <time>2025-06-24T15:49:04Z</time>
      </trkpt>
      <trkpt lat="37.61789" lon="-112.16061">
        <ele>2262.91</ele>
        <time>2025-06-24T15:49:06Z</time>
      </trkpt>
      <trkpt lat="37.61788" lon="-112.16066">
        <ele>2263.13</ele>
        <time>2025-06-24T15:49:09Z</time>
      </trkpt>
      <trkpt lat="37.61787" lon="-112.1607">
        <ele>2263.56</ele>
        <time>2025-06-24T15:49:12Z</time>
      </trkpt>
      <trkpt lat="37.61787" lon="-112.16074">
        <ele>2264.0</ele>
        <time>2025-06-24T15:49:15Z</time>
      </trkpt>
      <trkpt lat="37.61786" lon="-112.16078">
        <ele>2264.49</ele>
        <time>2025-06-24T15:49:18Z</time>
      </trkpt>
      <trkpt lat="37.61786" lon="-112.16082">
        <ele>2264.87</ele>
        <time>2025-06-24T15:49:20Z</time>
      </trkpt>
      <trkpt lat="37.61786" lon="-112.16085">
        <ele>2265.02</ele>
        <time>2025-06-24T15:49:22Z</time>
      </trkpt>
      <trkpt lat="37.61786" lon="-112.1609">
        <ele>2265.08</ele>
        <time>2025-06-24T15:49:25Z</time>
      </trkpt>
      <trkpt lat="37.61786" lon="-112.16095">
        <ele>2265.11</ele>
        <time>2025-06-24T15:49:28Z</time>
      </trkpt>
      <trkpt lat="37.61786" lon="-112.16098">
        <ele>2265.11</ele>
        <time>2025-06-24T15:49:30Z</time>
      </trkpt>
      <trkpt lat="37.61787" lon="-112.16102">
        <ele>2265.02</ele>
        <time>2025-06-24T15:49:33Z</time>
      </trkpt>
      <trkpt lat="37.61787" lon="-112.16106">
        <ele>2265.45</ele>
        <time>2025-06-24T15:49:36Z</time>
      </trkpt>
      <trkpt lat="37.61786" lon="-112.16111">
        <ele>2265.99</ele>
        <time>2025-06-24T15:49:39Z</time>
      </trkpt>
      <trkpt lat="37.61785" lon="-112.16115">
        <ele>2266.0</ele>
        <time>2025-06-24T15:49:41Z</time>
      </trkpt>
      <trkpt lat="37.61785" lon="-112.16119">
        <ele>2266.0</ele>
        <time>2025-06-24T15:49:44Z</time>
      </trkpt>
      <trkpt lat="37.61785" lon="-112.16123">
        <ele>2266.28</ele>
        <time>2025-06-24T15:49:46Z</time>
      </trkpt>
      <trkpt lat="37.61786" lon="-112.16127">
        <ele>2266.72</ele>
        <time>2025-06-24T15:49:49Z</time>
      </trkpt>
      <trkpt lat="37.61786" lon="-112.16131">
        <ele>2267.0</ele>
        <time>2025-06-24T15:49:52Z</time>
      </trkpt>
      <trkpt lat="37.61787" lon="-112.16135">
        <ele>2267.0</ele>
        <time>2025-06-24T15:49:54Z</time>
      </trkpt>
      <trkpt lat="37.61786" lon="-112.1614">
        <ele>2267.0</ele>
        <time>2025-06-24T15:49:58Z</time>
      </trkpt>
      <trkpt lat="37.61785" lon="-112.16143">
        <ele>2267.0</ele>
        <time>2025-06-24T15:50:00Z</time>
      </trkpt>
      <trkpt lat="37.61782" lon="-112.16147">
        <ele>2267.0</ele>
        <time>2025-06-24T15:50:03Z</time>
      </trkpt>
      <trkpt lat="37.6178" lon="-112.16152">
        <ele>2267.42</ele>
        <time>2025-06-24T15:50:06Z</time>
      </trkpt>
      <trkpt lat="37.61779" lon="-112.16155">
        <ele>2267.74</ele>
        <time>2025-06-24T15:50:08Z</time>
      </trkpt>
      <trkpt lat="37.61778" lon="-112.16159">
        <ele>2268.0</ele>
        <time>2025-06-24T15:50:11Z</time>
      </trkpt>
      <trkpt lat="37.61778" lon="-112.16163">
        <ele>2268.01</ele>
        <time>2025-06-24T15:50:14Z</time>
      </trkpt>
      <trkpt lat="37.61778" lon="-112.16168">
        <ele>2268.17</ele>
        <time>2025-06-24T15:50:17Z</time>
      </trkpt>
      <trkpt lat="37.61779" lon="-112.16172">
        <ele>2268.71</ele>
        <time>2025-06-24T15:50:20Z</time>
      </trkpt>
      <trkpt lat="37.6178" lon="-112.16176">
        <ele>2269.25</ele>
        <time>2025-06-24T15:50:23Z</time>
      </trkpt>
      <trkpt lat="37.61783" lon="-112.1618">
        <ele>2270.0</ele>
        <time>2025-06-24T15:50:26Z</time>
      </trkpt>
      <trkpt lat="37.61785" lon="-112.16183">
        <ele>2270.54</ele>
        <time>2025-06-24T15:50:30Z</time>
      </trkpt>
      <trkpt lat="37.61786" lon="-112.16186">
        <ele>2270.98</ele>
        <time>2025-06-24T15:50:34Z</time>
      </trkpt>
      <trkpt lat="37.61785" lon="-112.1619">
        <ele>2271.3</ele>
        <time>2025-06-24T15:50:37Z</time>
      </trkpt>
      <trkpt lat="37.61785" lon="-112.16194">
        <ele>2271.73</ele>
        <time>2025-06-24T15:50:39Z</time>
      </trkpt>
      <trkpt lat="37.61786" lon="-112.16198">
        <ele>2272.27</ele>
        <time>2025-06-24T15:50:42Z</time>
      </trkpt>
      <trkpt lat="37.61788" lon="-112.162">
        <ele>2272.77</ele>
        <time>2025-06-24T15:50:47Z</time>
      </trkpt>
      <trkpt lat="37.61791" lon="-112.162">
        <ele>2273.28</ele>
        <time>2025-06-24T15:50:51Z</time>
      </trkpt>
      <trkpt lat="37.61787" lon="-112.16201">
        <ele>2272.7</ele>
        <time>2025-06-24T15:51:07Z</time>
      </trkpt>
      <trkpt lat="37.61779" lon="-112.16198">
        <ele>2271.52</ele>
        <time>2025-06-24T15:55:10Z</time>
      </trkpt>
      <trkpt lat="37.61787" lon="-112.16195">
        <ele>2272.06</ele>
        <time>2025-06-24T15:56:27Z</time>
      </trkpt>
      <trkpt lat="37.61785" lon="-112.16202">
        <ele>2272.6</ele>
        <time>2025-06-24T15:59:36Z</time>
      </trkpt>
      <trkpt lat="37.61781" lon="-112.16195">
        <ele>2271.41</ele>
        <time>2025-06-24T16:00:18Z</time>
      </trkpt>
      <trkpt lat="37.61788" lon="-112.16192">
        <ele>2271.84</ele>
        <time>2025-06-24T16:00:36Z</time>
      </trkpt>
      <trkpt lat="37.6179" lon="-112.16201">
        <ele>2273.25</ele>
        <time>2025-06-24T16:00:53Z</time>
      </trkpt>
      <trkpt lat="37.61789" lon="-112.16209">
        <ele>2274.0</ele>
        <time>2025-06-24T16:01:16Z</time>
      </trkpt>
      <trkpt lat="37.61794" lon="-112.16213">
        <ele>2275.51</ele>
        <time>2025-06-24T16:01:21Z</time>
      </trkpt>
      <trkpt lat="37.61799" lon="-112.16211">
        <ele>2276.37</ele>
        <time>2025-06-24T16:01:26Z</time>
      </trkpt>
      <trkpt lat="37.61802" lon="-112.16206">
        <ele>2276.48</ele>
        <time>2025-06-24T16:01:31Z</time>
      </trkpt>
      <trkpt lat="37.61806" lon="-112.16203">
        <ele>2276.9</ele>
        <time>2025-06-24T16:01:36Z</time>
      </trkpt>
      <trkpt lat="37.6181" lon="-112.16201">
        <ele>2276.9</ele>
        <time>2025-06-24T16:01:40Z</time>
      </trkpt>
      <trkpt lat="37.61813" lon="-112.162">
        <ele>2277.0</ele>
        <time>2025-06-24T16:01:44Z</time>
      </trkpt>
      <trkpt lat="37.61817" lon="-112.162">
        <ele>2277.44</ele>
        <time>2025-06-24T16:01:48Z</time>
      </trkpt>
      <trkpt lat="37.61821" lon="-112.16201">
        <ele>2278.08</ele>
        <time>2025-06-24T16:02:16Z</time>
      </trkpt>
      <trkpt lat="37.61826" lon="-112.16202">
        <ele>2278.67</ele>
        <time>2025-06-24T16:02:19Z</time>
      </trkpt>
      <trkpt lat="37.61829" lon="-112.16206">
        <ele>2280.24</ele>
        <time>2025-06-24T16:02:23Z</time>
      </trkpt>
      <trkpt lat="37.61832" lon="-112.16204">
        <ele>2279.16</ele>
        <time>2025-06-24T16:02:45Z</time>
      </trkpt>
      <trkpt lat="37.61835" lon="-112.16203">
        <ele>2278.74</ele>
        <time>2025-06-24T16:02:47Z</time>
      </trkpt>
      <trkpt lat="37.61839" lon="-112.16203">
        <ele>2278.31</ele>
        <time>2025-06-24T16:02:50Z</time>
      </trkpt>
      <trkpt lat="37.61843" lon="-112.16202">
        <ele>2277.82</ele>
        <time>2025-06-24T16:02:53Z</time>
      </trkpt>
      <trkpt lat="37.61847" lon="-112.16199">
        <ele>2277.49</ele>
        <time>2025-06-24T16:02:56Z</time>
      </trkpt>
      <trkpt lat="37.61848" lon="-112.16194">
        <ele>2276.95</ele>
        <time>2025-06-24T16:02:58Z</time>
      </trkpt>
      <trkpt lat="37.61849" lon="-112.16191">
        <ele>2276.63</ele>
        <time>2025-06-24T16:03:00Z</time>
      </trkpt>
      <trkpt lat="37.6185" lon="-112.16187">
        <ele>2276.2</ele>
        <time>2025-06-24T16:03:02Z</time>
      </trkpt>
      <trkpt lat="37.6185" lon="-112.16183">
        <ele>2275.72</ele>
        <time>2025-06-24T16:03:04Z</time>
      </trkpt>
      <trkpt lat="37.61851" lon="-112.16179">
        <ele>2275.27</ele>
        <time>2025-06-24T16:03:06Z</time>
      </trkpt>
      <trkpt lat="37.61851" lon="-112.16175">
        <ele>2274.81</ele>
        <time>2025-06-24T16:03:08Z</time>
      </trkpt>
      <trkpt lat="37.61852" lon="-112.16171">
        <ele>2274.48</ele>
        <time>2025-06-24T16:03:10Z</time>
      </trkpt>
      <trkpt lat="37.61852" lon="-112.16167">
        <ele>2274.05</ele>
        <time>2025-06-24T16:03:13Z</time>
      </trkpt>
      <trkpt lat="37.61854" lon="-112.16162">
        <ele>2273.73</ele>
        <time>2025-06-24T16:03:16Z</time>
      </trkpt>
      <trkpt lat="37.61854" lon="-112.16158">
        <ele>2273.3</ele>
        <time>2025-06-24T16:03:18Z</time>
      </trkpt>
      <trkpt lat="37.61855" lon="-112.16154">
        <ele>2272.97</ele>
        <time>2025-06-24T16:03:21Z</time>
      </trkpt>
      <trkpt lat="37.61857" lon="-112.1615">
        <ele>2272.76</ele>
        <time>2025-06-24T16:03:24Z</time>
      </trkpt>
      <trkpt lat="37.61859" lon="-112.16147">
        <ele>2272.62</ele>
        <time>2025-06-24T16:03:27Z</time>
      </trkpt>
      <trkpt lat="37.61861" lon="-112.16146">
        <ele>2272.75</ele>
        <time>2025-06-24T16:03:29Z</time>
      </trkpt>
      <trkpt lat="37.61864" lon="-112.16146">
        <ele>2273.78</ele>
        <time>2025-06-24T16:03:31Z</time>
      </trkpt>
      <trkpt lat="37.61867" lon="-112.16146">
        <ele>2274.82</ele>
        <time>2025-06-24T16:03:33Z</time>
      </trkpt>
      <trkpt lat="37.6187" lon="-112.16144">
        <ele>2275.86</ele>
        <time>2025-06-24T16:03:36Z</time>
      </trkpt>
      <trkpt lat="37.61871" lon="-112.1614">
        <ele>2276.26</ele>
        <time>2025-06-24T16:03:39Z</time>
      </trkpt>
      <trkpt lat="37.61869" lon="-112.16137">
        <ele>2275.38</ele>
        <time>2025-06-24T16:03:42Z</time>
      </trkpt>
      <trkpt lat="37.61867" lon="-112.16134">
        <ele>2274.35</ele>
        <time>2025-06-24T16:03:45Z</time>
      </trkpt>
      <trkpt lat="37.61865" lon="-112.16131">
        <ele>2273.19</ele>
        <time>2025-06-24T16:03:48Z</time>
      </trkpt>
      <trkpt lat="37.61862" lon="-112.16128">
        <ele>2271.5</ele>
        <time>2025-06-24T16:03:51Z</time>
      </trkpt>
      <trkpt lat="37.6186" lon="-112.16123">
        <ele>2270.67</ele>
        <time>2025-06-24T16:03:54Z</time>
      </trkpt>
      <trkpt lat="37.61859" lon="-112.1612">
        <ele>2270.39</ele>
        <time>2025-06-24T16:03:56Z</time>
      </trkpt>
      <trkpt lat="37.61858" lon="-112.16115">
        <ele>2270.96</ele>
        <time>2025-06-24T16:03:59Z</time>
      </trkpt>
      <trkpt lat="37.61856" lon="-112.16111">
        <ele>2270.8</ele>
        <time>2025-06-24T16:04:02Z</time>
      </trkpt>
      <trkpt lat="37.61855" lon="-112.16106">
        <ele>2270.91</ele>
        <time>2025-06-24T16:04:05Z</time>
      </trkpt>
      <trkpt lat="37.61854" lon="-112.16102">
        <ele>2270.91</ele>
        <time>2025-06-24T16:04:08Z</time>
      </trkpt>
      <trkpt lat="37.61854" lon="-112.16097">
        <ele>2271.33</ele>
        <time>2025-06-24T16:04:11Z</time>
      </trkpt>
      <trkpt lat="37.61854" lon="-112.16091">
        <ele>2271.66</ele>
        <time>2025-06-24T16:04:14Z</time>
      </trkpt>
      <trkpt lat="37.61855" lon="-112.16088">
        <ele>2271.85</ele>
        <time>2025-06-24T16:04:16Z</time>
      </trkpt>
      <trkpt lat="37.61857" lon="-112.16085">
        <ele>2272.21</ele>
        <time>2025-06-24T16:04:18Z</time>
      </trkpt>
      <trkpt lat="37.61858" lon="-112.16081">
        <ele>2271.99</ele>
        <time>2025-06-24T16:04:20Z</time>
      </trkpt>
      <trkpt lat="37.6186" lon="-112.16077">
        <ele>2271.99</ele>
        <time>2025-06-24T16:04:22Z</time>
      </trkpt>
      <trkpt lat="37.61861" lon="-112.16073">
        <ele>2271.73</ele>
        <time>2025-06-24T16:04:24Z</time>
      </trkpt>
      <trkpt lat="37.61861" lon="-112.1607">
        <ele>2271.09</ele>
        <time>2025-06-24T16:04:26Z</time>
      </trkpt>
      <trkpt lat="37.61862" lon="-112.16066">
        <ele>2270.54</ele>
        <time>2025-06-24T16:04:29Z</time>
      </trkpt>
      <trkpt lat="37.61864" lon="-112.16063">
        <ele>2270.54</ele>
        <time>2025-06-24T16:04:32Z</time>
      </trkpt>
      <trkpt lat="37.61867" lon="-112.16059">
        <ele>2270.65</ele>
        <time>2025-06-24T16:04:35Z</time>
      </trkpt>
      <trkpt lat="37.61868" lon="-112.16056">
        <ele>2270.33</ele>
        <time>2025-06-24T16:04:37Z</time>
      </trkpt>
      <trkpt lat="37.6187" lon="-112.16053">
        <ele>2270.34</ele>
        <time>2025-06-24T16:04:39Z</time>
      </trkpt>
      <trkpt lat="37.61872" lon="-112.1605">
        <ele>2270.15</ele>
        <time>2025-06-24T16:04:41Z</time>
      </trkpt>
      <trkpt lat="37.61875" lon="-112.16048">
        <ele>2270.37</ele>
        <time>2025-06-24T16:04:43Z</time>
      </trkpt>
      <trkpt lat="37.61877" lon="-112.16046">
        <ele>2270.34</ele>
        <time>2025-06-24T16:04:45Z</time>
      </trkpt>
      <trkpt lat="37.6188" lon="-112.16044">
        <ele>2270.3</ele>
        <time>2025-06-24T16:04:47Z</time>
      </trkpt>
      <trkpt lat="37.61882" lon="-112.16042">
        <ele>2269.86</ele>
        <time>2025-06-24T16:04:49Z</time>
      </trkpt>
      <trkpt lat="37.61885" lon="-112.16039">
        <ele>2269.22</ele>
        <time>2025-06-24T16:04:52Z</time>
      </trkpt>
      <trkpt lat="37.61887" lon="-112.16035">
        <ele>2268.36</ele>
        <time>2025-06-24T16:04:55Z</time>
      </trkpt>
      <trkpt lat="37.61888" lon="-112.16031">
        <ele>2267.6</ele>
        <time>2025-06-24T16:04:58Z</time>
      </trkpt>
      <trkpt lat="37.61889" lon="-112.16027">
        <ele>2266.94</ele>
        <time>2025-06-24T16:05:01Z</time>
      </trkpt>
      <trkpt lat="37.6189" lon="-112.16022">
        <ele>2266.62</ele>
        <time>2025-06-24T16:05:04Z</time>
      </trkpt>
      <trkpt lat="37.61892" lon="-112.16018">
        <ele>2266.58</ele>
        <time>2025-06-24T16:05:07Z</time>
      </trkpt>
      <trkpt lat="37.61895" lon="-112.16014">
        <ele>2266.67</ele>
        <time>2025-06-24T16:05:10Z</time>
      </trkpt>
      <trkpt lat="37.61898" lon="-112.16011">
        <ele>2267.14</ele>
        <time>2025-06-24T16:05:13Z</time>
      </trkpt>
      <trkpt lat="37.61901" lon="-112.16007">
        <ele>2267.13</ele>
        <time>2025-06-24T16:05:16Z</time>
      </trkpt>
      <trkpt lat="37.61902" lon="-112.16005">
        <ele>2266.91</ele>
        <time>2025-06-24T16:05:18Z</time>
      </trkpt>
      <trkpt lat="37.61905" lon="-112.16002">
        <ele>2266.91</ele>
        <time>2025-06-24T16:05:20Z</time>
      </trkpt>
      <trkpt lat="37.61907" lon="-112.15998">
        <ele>2266.48</ele>
        <time>2025-06-24T16:05:23Z</time>
      </trkpt>
      <trkpt lat="37.61909" lon="-112.15993">
        <ele>2265.83</ele>
        <time>2025-06-24T16:05:26Z</time>
      </trkpt>
      <trkpt lat="37.6191" lon="-112.1599">
        <ele>2265.42</ele>
        <time>2025-06-24T16:05:28Z</time>
      </trkpt>
      <trkpt lat="37.61911" lon="-112.15987">
        <ele>2265.12</ele>
        <time>2025-06-24T16:05:30Z</time>
      </trkpt>
      <trkpt lat="37.61913" lon="-112.15983">
        <ele>2265.04</ele>
        <time>2025-06-24T16:05:33Z</time>
      </trkpt>
      <trkpt lat="37.61915" lon="-112.15978">
        <ele>2264.33</ele>
        <time>2025-06-24T16:05:36Z</time>
      </trkpt>
      <trkpt lat="37.61917" lon="-112.15975">
        <ele>2264.04</ele>
        <time>2025-06-24T16:05:39Z</time>
      </trkpt>
      <trkpt lat="37.6192" lon="-112.15972">
        <ele>2264.39</ele>
        <time>2025-06-24T16:05:42Z</time>
      </trkpt>
      <trkpt lat="37.61922" lon="-112.15969">
        <ele>2264.61</ele>
        <time>2025-06-24T16:05:45Z</time>
      </trkpt>
      <trkpt lat="37.61923" lon="-112.15964">
        <ele>2263.96</ele>
        <time>2025-06-24T16:05:48Z</time>
      </trkpt>
      <trkpt lat="37.61925" lon="-112.15961">
        <ele>2263.96</ele>
        <time>2025-06-24T16:05:50Z</time>
      </trkpt>
      <trkpt lat="37.61927" lon="-112.15958">
        <ele>2263.8</ele>
        <time>2025-06-24T16:05:53Z</time>
      </trkpt>
      <trkpt lat="37.6193" lon="-112.15954">
        <ele>2263.84</ele>
        <time>2025-06-24T16:05:56Z</time>
      </trkpt>
      <trkpt lat="37.61931" lon="-112.1595">
        <ele>2262.99</ele>
        <time>2025-06-24T16:05:59Z</time>
      </trkpt>
      <trkpt lat="37.61933" lon="-112.15946">
        <ele>2262.56</ele>
        <time>2025-06-24T16:06:02Z</time>
      </trkpt>
      <trkpt lat="37.61935" lon="-112.15944">
        <ele>2262.78</ele>
        <time>2025-06-24T16:06:04Z</time>
      </trkpt>
      <trkpt lat="37.61937" lon="-112.1594">
        <ele>2262.44</ele>
        <time>2025-06-24T16:06:07Z</time>
      </trkpt>
      <trkpt lat="37.6194" lon="-112.15936">
        <ele>2262.82</ele>
        <time>2025-06-24T16:06:10Z</time>
      </trkpt>
      <trkpt lat="37.61941" lon="-112.15934">
        <ele>2262.8</ele>
        <time>2025-06-24T16:06:12Z</time>
      </trkpt>
      <trkpt lat="37.61943" lon="-112.1593">
        <ele>2262.63</ele>
        <time>2025-06-24T16:06:14Z</time>
      </trkpt>
      <trkpt lat="37.61945" lon="-112.15927">
        <ele>2262.58</ele>
        <time>2025-06-24T16:06:16Z</time>
      </trkpt>
      <trkpt lat="37.61947" lon="-112.15925">
        <ele>2262.88</ele>
        <time>2025-06-24T16:06:18Z</time>
      </trkpt>
      <trkpt lat="37.6195" lon="-112.15922">
        <ele>2263.3</ele>
        <time>2025-06-24T16:06:21Z</time>
      </trkpt>
      <trkpt lat="37.61953" lon="-112.15919">
        <ele>2263.51</ele>
        <time>2025-06-24T16:06:24Z</time>
      </trkpt>
      <trkpt lat="37.61956" lon="-112.15916">
        <ele>2263.3</ele>
        <time>2025-06-24T16:06:27Z</time>
      </trkpt>
      <trkpt lat="37.61959" lon="-112.15913">
        <ele>2263.18</ele>
        <time>2025-06-24T16:06:30Z</time>
      </trkpt>
      <trkpt lat="37.61961" lon="-112.15911">
        <ele>2263.22</ele>
        <time>2025-06-24T16:06:32Z</time>
      </trkpt>
      <trkpt lat="37.61963" lon="-112.15909">
        <ele>2263.35</ele>
        <time>2025-06-24T16:06:34Z</time>
      </trkpt>
      <trkpt lat="37.61967" lon="-112.15907">
        <ele>2263.78</ele>
        <time>2025-06-24T16:06:37Z</time>
      </trkpt>
      <trkpt lat="37.6197" lon="-112.15905">
        <ele>2264.0</ele>
        <time>2025-06-24T16:06:40Z</time>
      </trkpt>
      <trkpt lat="37.61972" lon="-112.15902">
        <ele>2263.78</ele>
        <time>2025-06-24T16:06:43Z</time>
      </trkpt>
      <trkpt lat="37.61974" lon="-112.15898">
        <ele>2263.16</ele>
        <time>2025-06-24T16:06:46Z</time>
      </trkpt>
      <trkpt lat="37.61973" lon="-112.15894">
        <ele>2262.23</ele>
        <time>2025-06-24T16:06:50Z</time>
      </trkpt>
      <trkpt lat="37.61974" lon="-112.1589">
        <ele>2261.6</ele>
        <time>2025-06-24T16:06:53Z</time>
      </trkpt>
      <trkpt lat="37.61976" lon="-112.15886">
        <ele>2261.38</ele>
        <time>2025-06-24T16:06:56Z</time>
      </trkpt>
      <trkpt lat="37.61978" lon="-112.15882">
        <ele>2261.04</ele>
        <time>2025-06-24T16:06:59Z</time>
      </trkpt>
      <trkpt lat="37.6198" lon="-112.15878">
        <ele>2260.66</ele>
        <time>2025-06-24T16:07:02Z</time>
      </trkpt>
      <trkpt lat="37.61981" lon="-112.15875">
        <ele>2260.45</ele>
        <time>2025-06-24T16:07:04Z</time>
      </trkpt>
      <trkpt lat="37.61983" lon="-112.15872">
        <ele>2260.37</ele>
        <time>2025-06-24T16:07:07Z</time>
      </trkpt>
      <trkpt lat="37.61985" lon="-112.15869">
        <ele>2260.23</ele>
        <time>2025-06-24T16:07:10Z</time>
      </trkpt>
      <trkpt lat="37.61987" lon="-112.15866">
        <ele>2260.12</ele>
        <time>2025-06-24T16:07:12Z</time>
      </trkpt>
      <trkpt lat="37.61989" lon="-112.15864">
        <ele>2260.12</ele>
        <time>2025-06-24T16:07:14Z</time>
      </trkpt>
      <trkpt lat="37.61992" lon="-112.1586">
        <ele>2260.02</ele>
        <time>2025-06-24T16:07:17Z</time>
      </trkpt>
      <trkpt lat="37.61995" lon="-112.15857">
        <ele>2260.02</ele>
        <time>2025-06-24T16:07:20Z</time>
      </trkpt>
      <trkpt lat="37.61998" lon="-112.15855">
        <ele>2260.12</ele>
        <time>2025-06-24T16:07:23Z</time>
      </trkpt>
      <trkpt lat="37.62001" lon="-112.15853">
        <ele>2260.23</ele>
        <time>2025-06-24T16:07:26Z</time>
      </trkpt>
      <trkpt lat="37.62004" lon="-112.15853">
        <ele>2260.56</ele>
        <time>2025-06-24T16:07:28Z</time>
      </trkpt>
      <trkpt lat="37.62008" lon="-112.15851">
        <ele>2260.69</ele>
        <time>2025-06-24T16:07:31Z</time>
      </trkpt>
      <trkpt lat="37.62011" lon="-112.15849">
        <ele>2260.38</ele>
        <time>2025-06-24T16:07:34Z</time>
      </trkpt>
      <trkpt lat="37.62014" lon="-112.15847">
        <ele>2259.95</ele>
        <time>2025-06-24T16:07:36Z</time>
      </trkpt>
      <trkpt lat="37.62018" lon="-112.15846">
        <ele>2259.74</ele>
        <time>2025-06-24T16:07:39Z</time>
      </trkpt>
      <trkpt lat="37.62022" lon="-112.15845">
        <ele>2259.9</ele>
        <time>2025-06-24T16:07:42Z</time>
      </trkpt>
      <trkpt lat="37.62025" lon="-112.15844">
        <ele>2260.0</ele>
        <time>2025-06-24T16:07:45Z</time>
      </trkpt>
      <trkpt lat="37.62028" lon="-112.15843">
        <ele>2260.11</ele>
        <time>2025-06-24T16:07:47Z</time>
      </trkpt>
      <trkpt lat="37.62031" lon="-112.15841">
        <ele>2260.0</ele>
        <time>2025-06-24T16:07:49Z</time>
      </trkpt>
      <trkpt lat="37.62034" lon="-112.15839">
        <ele>2259.9</ele>
        <time>2025-06-24T16:07:52Z</time>
      </trkpt>
      <trkpt lat="37.62037" lon="-112.15839">
        <ele>2260.22</ele>
        <time>2025-06-24T16:07:54Z</time>
      </trkpt>
      <trkpt lat="37.62041" lon="-112.15838">
        <ele>2260.22</ele>
        <time>2025-06-24T16:07:57Z</time>
      </trkpt>
      <trkpt lat="37.62044" lon="-112.15836">
        <ele>2259.79</ele>
        <time>2025-06-24T16:08:00Z</time>
      </trkpt>
      <trkpt lat="37.62047" lon="-112.15835">
        <ele>2259.55</ele>
        <time>2025-06-24T16:08:02Z</time>
      </trkpt>
      <trkpt lat="37.62051" lon="-112.15835">
        <ele>2259.63</ele>
        <time>2025-06-24T16:08:04Z</time>
      </trkpt>
      <trkpt lat="37.62054" lon="-112.15834">
        <ele>2259.28</ele>
        <time>2025-06-24T16:08:07Z</time>
      </trkpt>
      <trkpt lat="37.62057" lon="-112.15834">
        <ele>2259.13</ele>
        <time>2025-06-24T16:08:09Z</time>
      </trkpt>
      <trkpt lat="37.6206" lon="-112.15833">
        <ele>2258.45</ele>
        <time>2025-06-24T16:08:11Z</time>
      </trkpt>
      <trkpt lat="37.62062" lon="-112.1583">
        <ele>2257.58</ele>
        <time>2025-06-24T16:08:14Z</time>
      </trkpt>
      <trkpt lat="37.62065" lon="-112.15828">
        <ele>2256.83</ele>
        <time>2025-06-24T16:08:17Z</time>
      </trkpt>
      <trkpt lat="37.62068" lon="-112.15826">
        <ele>2256.07</ele>
        <time>2025-06-24T16:08:20Z</time>
      </trkpt>
      <trkpt lat="37.62071" lon="-112.15825">
        <ele>2255.53</ele>
        <time>2025-06-24T16:08:23Z</time>
      </trkpt>
      <trkpt lat="37.62075" lon="-112.15824">
        <ele>2255.1</ele>
        <time>2025-06-24T16:08:26Z</time>
      </trkpt>
      <trkpt lat="37.62079" lon="-112.15825">
        <ele>2255.73</ele>
        <time>2025-06-24T16:08:29Z</time>
      </trkpt>
      <trkpt lat="37.62082" lon="-112.15826">
        <ele>2256.27</ele>
        <time>2025-06-24T16:08:32Z</time>
      </trkpt>
      <trkpt lat="37.62086" lon="-112.15827">
        <ele>2257.3</ele>
        <time>2025-06-24T16:08:35Z</time>
      </trkpt>
      <trkpt lat="37.62089" lon="-112.15827">
        <ele>2258.05</ele>
        <time>2025-06-24T16:08:38Z</time>
      </trkpt>
      <trkpt lat="37.62093" lon="-112.15827">
        <ele>2258.99</ele>
        <time>2025-06-24T16:08:41Z</time>
      </trkpt>
      <trkpt lat="37.62097" lon="-112.15827">
        <ele>2259.42</ele>
        <time>2025-06-24T16:08:44Z</time>
      </trkpt>
      <trkpt lat="37.621" lon="-112.15826">
        <ele>2259.42</ele>
        <time>2025-06-24T16:08:47Z</time>
      </trkpt>
      <trkpt lat="37.62104" lon="-112.15825">
        <ele>2259.3</ele>
        <time>2025-06-24T16:08:50Z</time>
      </trkpt>
      <trkpt lat="37.62107" lon="-112.15823">
        <ele>2258.77</ele>
        <time>2025-06-24T16:08:53Z</time>
      </trkpt>
      <trkpt lat="37.62111" lon="-112.15822">
        <ele>2258.55</ele>
        <time>2025-06-24T16:08:56Z</time>
      </trkpt>
      <trkpt lat="37.62114" lon="-112.15821">
        <ele>2258.34</ele>
        <time>2025-06-24T16:08:59Z</time>
      </trkpt>
      <trkpt lat="37.62118" lon="-112.1582">
        <ele>2258.12</ele>
        <time>2025-06-24T16:09:02Z</time>
      </trkpt>
      <trkpt lat="37.62122" lon="-112.1582">
        <ele>2258.12</ele>
        <time>2025-06-24T16:09:05Z</time>
      </trkpt>
      <trkpt lat="37.62126" lon="-112.15821">
        <ele>2258.34</ele>
        <time>2025-06-24T16:09:08Z</time>
      </trkpt>
      <trkpt lat="37.62129" lon="-112.15821">
        <ele>2258.34</ele>
        <time>2025-06-24T16:09:10Z</time>
      </trkpt>
      <trkpt lat="37.62132" lon="-112.15822">
        <ele>2258.75</ele>
        <time>2025-06-24T16:09:12Z</time>
      </trkpt>
      <trkpt lat="37.62135" lon="-112.15822">
        <ele>2259.0</ele>
        <time>2025-06-24T16:09:14Z</time>
      </trkpt>
      <trkpt lat="37.62138" lon="-112.15823">
        <ele>2259.57</ele>
        <time>2025-06-24T16:09:17Z</time>
      </trkpt>
      <trkpt lat="37.62142" lon="-112.15825">
        <ele>2260.2</ele>
        <time>2025-06-24T16:09:20Z</time>
      </trkpt>
      <trkpt lat="37.62145" lon="-112.15826">
        <ele>2260.42</ele>
        <time>2025-06-24T16:09:23Z</time>
      </trkpt>
      <trkpt lat="37.62148" lon="-112.15826">
        <ele>2260.42</ele>
        <time>2025-06-24T16:09:25Z</time>
      </trkpt>
      <trkpt lat="37.62151" lon="-112.15827">
        <ele>2260.73</ele>
        <time>2025-06-24T16:09:27Z</time>
      </trkpt>
      <trkpt lat="37.62154" lon="-112.15827">
        <ele>2260.83</ele>
        <time>2025-06-24T16:09:30Z</time>
      </trkpt>
      <trkpt lat="37.62158" lon="-112.15828">
        <ele>2261.27</ele>
        <time>2025-06-24T16:09:33Z</time>
      </trkpt>
      <trkpt lat="37.62162" lon="-112.15829">
        <ele>2261.6</ele>
        <time>2025-06-24T16:09:36Z</time>
      </trkpt>
      <trkpt lat="37.62165" lon="-112.15831">
        <ele>2262.24</ele>
        <time>2025-06-24T16:09:39Z</time>
      </trkpt>
      <trkpt lat="37.62168" lon="-112.15832">
        <ele>2262.71</ele>
        <time>2025-06-24T16:09:41Z</time>
      </trkpt>
      <trkpt lat="37.62172" lon="-112.15833">
        <ele>2263.47</ele>
        <time>2025-06-24T16:09:44Z</time>
      </trkpt>
      <trkpt lat="37.62175" lon="-112.15833">
        <ele>2263.79</ele>
        <time>2025-06-24T16:09:47Z</time>
      </trkpt>
      <trkpt lat="37.62179" lon="-112.15832">
        <ele>2263.57</ele>
        <time>2025-06-24T16:09:50Z</time>
      </trkpt>
      <trkpt lat="37.62183" lon="-112.15832">
        <ele>2263.57</ele>
        <time>2025-06-24T16:09:53Z</time>
      </trkpt>
      <trkpt lat="37.62187" lon="-112.15833">
        <ele>2263.9</ele>
        <time>2025-06-24T16:09:56Z</time>
      </trkpt>
      <trkpt lat="37.6219" lon="-112.15834">
        <ele>2264.18</ele>
        <time>2025-06-24T16:09:59Z</time>
      </trkpt>
      <trkpt lat="37.62193" lon="-112.15834">
        <ele>2264.16</ele>
        <time>2025-06-24T16:10:02Z</time>
      </trkpt>
      <trkpt lat="37.62196" lon="-112.15835">
        <ele>2264.19</ele>
        <time>2025-06-24T16:10:04Z</time>
      </trkpt>
      <trkpt lat="37.622" lon="-112.15836">
        <ele>2263.98</ele>
        <time>2025-06-24T16:10:07Z</time>
      </trkpt>
      <trkpt lat="37.62203" lon="-112.15837">
        <ele>2263.87</ele>
        <time>2025-06-24T16:10:10Z</time>
      </trkpt>
      <trkpt lat="37.62207" lon="-112.15838">
        <ele>2263.83</ele>
        <time>2025-06-24T16:10:13Z</time>
      </trkpt>
      <trkpt lat="37.6221" lon="-112.15839">
        <ele>2263.81</ele>
        <time>2025-06-24T16:10:15Z</time>
      </trkpt>
      <trkpt lat="37.62212" lon="-112.15841">
        <ele>2263.91</ele>
        <time>2025-06-24T16:10:17Z</time>
      </trkpt>
      <trkpt lat="37.62214" lon="-112.15843">
        <ele>2263.97</ele>
        <time>2025-06-24T16:10:19Z</time>
      </trkpt>
      <trkpt lat="37.62216" lon="-112.15847">
        <ele>2264.47</ele>
        <time>2025-06-24T16:10:21Z</time>
      </trkpt>
      <trkpt lat="37.62218" lon="-112.15851">
        <ele>2264.78</ele>
        <time>2025-06-24T16:10:24Z</time>
      </trkpt>
      <trkpt lat="37.6222" lon="-112.15855">
        <ele>2264.82</ele>
        <time>2025-06-24T16:10:27Z</time>
      </trkpt>
      <trkpt lat="37.62222" lon="-112.15859">
        <ele>2264.82</ele>
        <time>2025-06-24T16:10:30Z</time>
      </trkpt>
      <trkpt lat="37.62225" lon="-112.15862">
        <ele>2264.8</ele>
        <time>2025-06-24T16:10:33Z</time>
      </trkpt>
      <trkpt lat="37.62226" lon="-112.15865">
        <ele>2265.01</ele>
        <time>2025-06-24T16:10:35Z</time>
      </trkpt>
      <trkpt lat="37.62227" lon="-112.15869">
        <ele>2265.34</ele>
        <time>2025-06-24T16:10:38Z</time>
      </trkpt>
      <trkpt lat="37.62228" lon="-112.15874">
        <ele>2265.77</ele>
        <time>2025-06-24T16:10:41Z</time>
      </trkpt>
      <trkpt lat="37.62228" lon="-112.15877">
        <ele>2266.09</ele>
        <time>2025-06-24T16:10:43Z</time>
      </trkpt>
      <trkpt lat="37.62229" lon="-112.15883">
        <ele>2266.27</ele>
        <time>2025-06-24T16:10:46Z</time>
      </trkpt>
      <trkpt lat="37.62229" lon="-112.15887">
        <ele>2266.27</ele>
        <time>2025-06-24T16:10:49Z</time>
      </trkpt>
      <trkpt lat="37.62229" lon="-112.15891">
        <ele>2266.27</ele>
        <time>2025-06-24T16:10:52Z</time>
      </trkpt>
      <trkpt lat="37.62229" lon="-112.15896">
        <ele>2266.27</ele>
        <time>2025-06-24T16:10:55Z</time>
      </trkpt>
      <trkpt lat="37.6223" lon="-112.159">
        <ele>2266.36</ele>
        <time>2025-06-24T16:10:58Z</time>
      </trkpt>
      <trkpt lat="37.62232" lon="-112.15904">
        <ele>2266.65</ele>
        <time>2025-06-24T16:11:01Z</time>
      </trkpt>
      <trkpt lat="37.62235" lon="-112.15907">
        <ele>2266.97</ele>
        <time>2025-06-24T16:11:04Z</time>
      </trkpt>
      <trkpt lat="37.62237" lon="-112.1591">
        <ele>2267.28</ele>
        <time>2025-06-24T16:11:07Z</time>
      </trkpt>
      <trkpt lat="37.6224" lon="-112.15913">
        <ele>2267.6</ele>
        <time>2025-06-24T16:11:10Z</time>
      </trkpt>
      <trkpt lat="37.62243" lon="-112.15915">
        <ele>2268.11</ele>
        <time>2025-06-24T16:11:13Z</time>
      </trkpt>
      <trkpt lat="37.62246" lon="-112.15919">
        <ele>2268.82</ele>
        <time>2025-06-24T16:11:16Z</time>
      </trkpt>
      <trkpt lat="37.62248" lon="-112.15922">
        <ele>2269.36</ele>
        <time>2025-06-24T16:11:19Z</time>
      </trkpt>
      <trkpt lat="37.62251" lon="-112.15925">
        <ele>2269.91</ele>
        <time>2025-06-24T16:11:22Z</time>
      </trkpt>
      <trkpt lat="37.62253" lon="-112.15928">
        <ele>2270.07</ele>
        <time>2025-06-24T16:11:25Z</time>
      </trkpt>
      <trkpt lat="37.62256" lon="-112.1593">
        <ele>2270.29</ele>
        <time>2025-06-24T16:11:28Z</time>
      </trkpt>
      <trkpt lat="37.62258" lon="-112.15935">
        <ele>2270.85</ele>
        <time>2025-06-24T16:11:31Z</time>
      </trkpt>
      <trkpt lat="37.62259" lon="-112.15939">
        <ele>2271.38</ele>
        <time>2025-06-24T16:11:34Z</time>
      </trkpt>
      <trkpt lat="37.6226" lon="-112.15944">
        <ele>2271.95</ele>
        <time>2025-06-24T16:11:37Z</time>
      </trkpt>
      <trkpt lat="37.62261" lon="-112.15948">
        <ele>2272.38</ele>
        <time>2025-06-24T16:11:40Z</time>
      </trkpt>
      <trkpt lat="37.62263" lon="-112.15952">
        <ele>2272.82</ele>
        <time>2025-06-24T16:11:43Z</time>
      </trkpt>
      <trkpt lat="37.62266" lon="-112.15955">
        <ele>2273.14</ele>
        <time>2025-06-24T16:11:46Z</time>
      </trkpt>
      <trkpt lat="37.62268" lon="-112.15957">
        <ele>2273.36</ele>
        <time>2025-06-24T16:11:49Z</time>
      </trkpt>
      <trkpt lat="37.62271" lon="-112.15957">
        <ele>2273.36</ele>
        <time>2025-06-24T16:11:53Z</time>
      </trkpt>
      <trkpt lat="37.62274" lon="-112.15957">
        <ele>2273.36</ele>
        <time>2025-06-24T16:11:57Z</time>
      </trkpt>
      <trkpt lat="37.62277" lon="-112.15957">
        <ele>2273.36</ele>
        <time>2025-06-24T16:12:01Z</time>
      </trkpt>
      <trkpt lat="37.6228" lon="-112.15958">
        <ele>2273.7</ele>
        <time>2025-06-24T16:12:04Z</time>
      </trkpt>
      <trkpt lat="37.62283" lon="-112.15958">
        <ele>2274.03</ele>
        <time>2025-06-24T16:12:08Z</time>
      </trkpt>
      <trkpt lat="37.62284" lon="-112.15956">
        <ele>2273.92</ele>
        <time>2025-06-24T16:12:11Z</time>
      </trkpt>
      <trkpt lat="37.62287" lon="-112.15953">
        <ele>2273.92</ele>
        <time>2025-06-24T16:12:14Z</time>
      </trkpt>
      <trkpt lat="37.62291" lon="-112.15951">
        <ele>2274.14</ele>
        <time>2025-06-24T16:12:17Z</time>
      </trkpt>
      <trkpt lat="37.62294" lon="-112.1595">
        <ele>2274.35</ele>
        <time>2025-06-24T16:12:20Z</time>
      </trkpt>
      <trkpt lat="37.62297" lon="-112.1595">
        <ele>2274.68</ele>
        <time>2025-06-24T16:12:23Z</time>
      </trkpt>
      <trkpt lat="37.623" lon="-112.1595">
        <ele>2275.0</ele>
        <time>2025-06-24T16:12:25Z</time>
      </trkpt>
      <trkpt lat="37.62304" lon="-112.15949">
        <ele>2275.32</ele>
        <time>2025-06-24T16:12:28Z</time>
      </trkpt>
      <trkpt lat="37.62307" lon="-112.15949">
        <ele>2275.49</ele>
        <time>2025-06-24T16:12:31Z</time>
      </trkpt>
      <trkpt lat="37.6231" lon="-112.15949">
        <ele>2275.49</ele>
        <time>2025-06-24T16:12:34Z</time>
      </trkpt>
      <trkpt lat="37.62314" lon="-112.15948">
        <ele>2275.38</ele>
        <time>2025-06-24T16:12:37Z</time>
      </trkpt>
      <trkpt lat="37.62318" lon="-112.15948">
        <ele>2275.38</ele>
        <time>2025-06-24T16:12:40Z</time>
      </trkpt>
      <trkpt lat="37.62321" lon="-112.15948">
        <ele>2275.38</ele>
        <time>2025-06-24T16:12:42Z</time>
      </trkpt>
      <trkpt lat="37.62324" lon="-112.15948">
        <ele>2275.38</ele>
        <time>2025-06-24T16:12:44Z</time>
      </trkpt>
      <trkpt lat="37.62328" lon="-112.15948">
        <ele>2275.65</ele>
        <time>2025-06-24T16:12:47Z</time>
      </trkpt>
      <trkpt lat="37.62331" lon="-112.15949">
        <ele>2275.87</ele>
        <time>2025-06-24T16:12:50Z</time>
      </trkpt>
      <trkpt lat="37.62335" lon="-112.15951">
        <ele>2276.0</ele>
        <time>2025-06-24T16:12:53Z</time>
      </trkpt>
      <trkpt lat="37.62338" lon="-112.15954">
        <ele>2276.02</ele>
        <time>2025-06-24T16:12:56Z</time>
      </trkpt>
      <trkpt lat="37.62341" lon="-112.15956">
        <ele>2276.21</ele>
        <time>2025-06-24T16:12:59Z</time>
      </trkpt>
      <trkpt lat="37.62344" lon="-112.15958">
        <ele>2276.7</ele>
        <time>2025-06-24T16:13:02Z</time>
      </trkpt>
      <trkpt lat="37.62347" lon="-112.15961">
        <ele>2277.36</ele>
        <time>2025-06-24T16:13:05Z</time>
      </trkpt>
      <trkpt lat="37.6235" lon="-112.15964">
        <ele>2277.93</ele>
        <time>2025-06-24T16:13:08Z</time>
      </trkpt>
      <trkpt lat="37.62352" lon="-112.15966">
        <ele>2278.35</ele>
        <time>2025-06-24T16:13:10Z</time>
      </trkpt>
      <trkpt lat="37.62355" lon="-112.15969">
        <ele>2279.11</ele>
        <time>2025-06-24T16:13:13Z</time>
      </trkpt>
      <trkpt lat="37.62358" lon="-112.15972">
        <ele>2279.66</ele>
        <time>2025-06-24T16:13:16Z</time>
      </trkpt>
      <trkpt lat="37.62361" lon="-112.15974">
        <ele>2280.18</ele>
        <time>2025-06-24T16:13:19Z</time>
      </trkpt>
      <trkpt lat="37.62364" lon="-112.15974">
        <ele>2280.82</ele>
        <time>2025-06-24T16:13:22Z</time>
      </trkpt>
      <trkpt lat="37.62366" lon="-112.15971">
        <ele>2280.99</ele>
        <time>2025-06-24T16:13:26Z</time>
      </trkpt>
      <trkpt lat="37.62368" lon="-112.15967">
        <ele>2281.07</ele>
        <time>2025-06-24T16:13:29Z</time>
      </trkpt>
      <trkpt lat="37.6237" lon="-112.15964">
        <ele>2281.07</ele>
        <time>2025-06-24T16:13:32Z</time>
      </trkpt>
      <trkpt lat="37.62373" lon="-112.15962">
        <ele>2281.15</ele>
        <time>2025-06-24T16:13:35Z</time>
      </trkpt>
      <trkpt lat="37.62376" lon="-112.15962">
        <ele>2281.44</ele>
        <time>2025-06-24T16:13:38Z</time>
      </trkpt>
      <trkpt lat="37.62379" lon="-112.15963">
        <ele>2281.94</ele>
        <time>2025-06-24T16:13:40Z</time>
      </trkpt>
      <trkpt lat="37.62381" lon="-112.15966">
        <ele>2282.61</ele>
        <time>2025-06-24T16:13:42Z</time>
      </trkpt>
      <trkpt lat="37.62384" lon="-112.15969">
        <ele>2283.0</ele>
        <time>2025-06-24T16:13:44Z</time>
      </trkpt>
      <trkpt lat="37.62385" lon="-112.15972">
        <ele>2283.39</ele>
        <time>2025-06-24T16:13:46Z</time>
      </trkpt>
      <trkpt lat="37.62387" lon="-112.15975">
        <ele>2283.74</ele>
        <time>2025-06-24T16:13:49Z</time>
      </trkpt>
      <trkpt lat="37.6239" lon="-112.15978">
        <ele>2284.25</ele>
        <time>2025-06-24T16:13:52Z</time>
      </trkpt>
      <trkpt lat="37.62391" lon="-112.15983">
        <ele>2285.2</ele>
        <time>2025-06-24T16:13:55Z</time>
      </trkpt>
      <trkpt lat="37.62391" lon="-112.15988">
        <ele>2285.86</ele>
        <time>2025-06-24T16:13:58Z</time>
      </trkpt>
      <trkpt lat="37.62391" lon="-112.15992">
        <ele>2286.47</ele>
        <time>2025-06-24T16:14:00Z</time>
      </trkpt>
      <trkpt lat="37.62391" lon="-112.15996">
        <ele>2287.23</ele>
        <time>2025-06-24T16:14:03Z</time>
      </trkpt>
      <trkpt lat="37.6239" lon="-112.16001">
        <ele>2288.22</ele>
        <time>2025-06-24T16:14:06Z</time>
      </trkpt>
      <trkpt lat="37.62389" lon="-112.16006">
        <ele>2289.3</ele>
        <time>2025-06-24T16:14:09Z</time>
      </trkpt>
      <trkpt lat="37.62388" lon="-112.16009">
        <ele>2289.75</ele>
        <time>2025-06-24T16:14:12Z</time>
      </trkpt>
      <trkpt lat="37.62387" lon="-112.16014">
        <ele>2290.72</ele>
        <time>2025-06-24T16:14:15Z</time>
      </trkpt>
      <trkpt lat="37.62385" lon="-112.16016">
        <ele>2290.92</ele>
        <time>2025-06-24T16:14:17Z</time>
      </trkpt>
      <trkpt lat="37.62383" lon="-112.1602">
        <ele>2291.84</ele>
        <time>2025-06-24T16:14:20Z</time>
      </trkpt>
      <trkpt lat="37.62382" lon="-112.16024">
        <ele>2293.03</ele>
        <time>2025-06-24T16:14:22Z</time>
      </trkpt>
      <trkpt lat="37.62381" lon="-112.16028">
        <ele>2294.17</ele>
        <time>2025-06-24T16:14:25Z</time>
      </trkpt>
      <trkpt lat="37.62381" lon="-112.16032">
        <ele>2294.6</ele>
        <time>2025-06-24T16:14:28Z</time>
      </trkpt>
      <trkpt lat="37.62381" lon="-112.16037">
        <ele>2295.14</ele>
        <time>2025-06-24T16:14:32Z</time>
      </trkpt>
      <trkpt lat="37.62381" lon="-112.16041">
        <ele>2295.15</ele>
        <time>2025-06-24T16:14:35Z</time>
      </trkpt>
      <trkpt lat="37.62381" lon="-112.16046">
        <ele>2295.15</ele>
        <time>2025-06-24T16:14:39Z</time>
      </trkpt>
      <trkpt lat="37.62382" lon="-112.1605">
        <ele>2295.26</ele>
        <time>2025-06-24T16:14:42Z</time>
      </trkpt>
      <trkpt lat="37.62384" lon="-112.16054">
        <ele>2295.47</ele>
        <time>2025-06-24T16:14:46Z</time>
      </trkpt>
      <trkpt lat="37.62386" lon="-112.16058">
        <ele>2295.42</ele>
        <time>2025-06-24T16:14:49Z</time>
      </trkpt>
      <trkpt lat="37.62386" lon="-112.16062">
        <ele>2294.99</ele>
        <time>2025-06-24T16:14:53Z</time>
      </trkpt>
      <trkpt lat="37.62386" lon="-112.16067">
        <ele>2294.69</ele>
        <time>2025-06-24T16:14:54Z</time>
      </trkpt>
      <trkpt lat="37.62386" lon="-112.16072">
        <ele>2294.69</ele>
        <time>2025-06-24T16:14:56Z</time>
      </trkpt>
      <trkpt lat="37.62388" lon="-112.16074">
        <ele>2294.9</ele>
        <time>2025-06-24T16:15:01Z</time>
      </trkpt>
      <trkpt lat="37.62392" lon="-112.16073">
        <ele>2295.34</ele>
        <time>2025-06-24T16:15:04Z</time>
      </trkpt>
      <trkpt lat="37.62396" lon="-112.16073">
        <ele>2295.77</ele>
        <time>2025-06-24T16:15:07Z</time>
      </trkpt>
      <trkpt lat="37.62399" lon="-112.16073">
        <ele>2296.17</ele>
        <time>2025-06-24T16:15:09Z</time>
      </trkpt>
      <trkpt lat="37.62403" lon="-112.16075">
        <ele>2297.05</ele>
        <time>2025-06-24T16:15:12Z</time>
      </trkpt>
      <trkpt lat="37.62406" lon="-112.16078">
        <ele>2297.7</ele>
        <time>2025-06-24T16:15:15Z</time>
      </trkpt>
      <trkpt lat="37.62408" lon="-112.16081">
        <ele>2298.16</ele>
        <time>2025-06-24T16:15:18Z</time>
      </trkpt>
      <trkpt lat="37.6241" lon="-112.16085">
        <ele>2298.71</ele>
        <time>2025-06-24T16:15:22Z</time>
      </trkpt>
      <trkpt lat="37.62413" lon="-112.16089">
        <ele>2299.57</ele>
        <time>2025-06-24T16:15:25Z</time>
      </trkpt>
      <trkpt lat="37.62415" lon="-112.16092">
        <ele>2300.29</ele>
        <time>2025-06-24T16:15:28Z</time>
      </trkpt>
      <trkpt lat="37.62416" lon="-112.16096">
        <ele>2300.71</ele>
        <time>2025-06-24T16:15:31Z</time>
      </trkpt>
      <trkpt lat="37.62419" lon="-112.16098">
        <ele>2301.76</ele>
        <time>2025-06-24T16:15:34Z</time>
      </trkpt>
      <trkpt lat="37.62422" lon="-112.16099">
        <ele>2302.73</ele>
        <time>2025-06-24T16:15:38Z</time>
      </trkpt>
      <trkpt lat="37.62425" lon="-112.16099">
        <ele>2303.7</ele>
        <time>2025-06-24T16:15:41Z</time>
      </trkpt>
      <trkpt lat="37.62429" lon="-112.16101">
        <ele>2305.0</ele>
        <time>2025-06-24T16:15:44Z</time>
      </trkpt>
      <trkpt lat="37.62431" lon="-112.16103">
        <ele>2305.64</ele>
        <time>2025-06-24T16:15:46Z</time>
      </trkpt>
      <trkpt lat="37.62434" lon="-112.16105">
        <ele>2306.62</ele>
        <time>2025-06-24T16:15:49Z</time>
      </trkpt>
      <trkpt lat="37.62437" lon="-112.16107">
        <ele>2307.48</ele>
        <time>2025-06-24T16:15:52Z</time>
      </trkpt>
      <trkpt lat="37.6244" lon="-112.16109">
        <ele>2308.16</ele>
        <time>2025-06-24T16:15:56Z</time>
      </trkpt>
      <trkpt lat="37.62443" lon="-112.16111">
        <ele>2308.7</ele>
        <time>2025-06-24T16:15:59Z</time>
      </trkpt>
      <trkpt lat="37.62445" lon="-112.16115">
        <ele>2308.29</ele>
        <time>2025-06-24T16:16:02Z</time>
      </trkpt>
      <trkpt lat="37.62446" lon="-112.1612">
        <ele>2307.26</ele>
        <time>2025-06-24T16:16:04Z</time>
      </trkpt>
      <trkpt lat="37.62447" lon="-112.16124">
        <ele>2306.49</ele>
        <time>2025-06-24T16:16:08Z</time>
      </trkpt>
      <trkpt lat="37.62449" lon="-112.16127">
        <ele>2306.06</ele>
        <time>2025-06-24T16:16:11Z</time>
      </trkpt>
      <trkpt lat="37.62451" lon="-112.1613">
        <ele>2305.67</ele>
        <time>2025-06-24T16:16:14Z</time>
      </trkpt>
      <trkpt lat="37.62454" lon="-112.16133">
        <ele>2305.62</ele>
        <time>2025-06-24T16:16:17Z</time>
      </trkpt>
      <trkpt lat="37.62456" lon="-112.16136">
        <ele>2305.23</ele>
        <time>2025-06-24T16:16:25Z</time>
      </trkpt>
      <trkpt lat="37.62459" lon="-112.16137">
        <ele>2305.09</ele>
        <time>2025-06-24T16:16:33Z</time>
      </trkpt>
      <trkpt lat="37.62462" lon="-112.16137">
        <ele>2305.02</ele>
        <time>2025-06-24T16:16:37Z</time>
      </trkpt>
      <trkpt lat="37.62466" lon="-112.16136">
        <ele>2304.67</ele>
        <time>2025-06-24T16:16:41Z</time>
      </trkpt>
      <trkpt lat="37.62469" lon="-112.16133">
        <ele>2304.35</ele>
        <time>2025-06-24T16:16:45Z</time>
      </trkpt>
      <trkpt lat="37.62472" lon="-112.16131">
        <ele>2304.02</ele>
        <time>2025-06-24T16:16:48Z</time>
      </trkpt>
      <trkpt lat="37.62476" lon="-112.16128">
        <ele>2304.66</ele>
        <time>2025-06-24T16:16:50Z</time>
      </trkpt>
      <trkpt lat="37.62479" lon="-112.16127">
        <ele>2304.8</ele>
        <time>2025-06-24T16:16:54Z</time>
      </trkpt>
      <trkpt lat="37.62482" lon="-112.16124">
        <ele>2305.35</ele>
        <time>2025-06-24T16:16:58Z</time>
      </trkpt>
      <trkpt lat="37.62486" lon="-112.16124">
        <ele>2306.38</ele>
        <time>2025-06-24T16:17:02Z</time>
      </trkpt>
      <trkpt lat="37.6249" lon="-112.16123">
        <ele>2307.53</ele>
        <time>2025-06-24T16:17:05Z</time>
      </trkpt>
      <trkpt lat="37.62494" lon="-112.16122">
        <ele>2308.18</ele>
        <time>2025-06-24T16:17:08Z</time>
      </trkpt>
      <trkpt lat="37.62497" lon="-112.1612">
        <ele>2308.77</ele>
        <time>2025-06-24T16:17:11Z</time>
      </trkpt>
      <trkpt lat="37.625" lon="-112.16118">
        <ele>2309.51</ele>
        <time>2025-06-24T16:17:15Z</time>
      </trkpt>
      <trkpt lat="37.62503" lon="-112.16117">
        <ele>2309.93</ele>
        <time>2025-06-24T16:17:18Z</time>
      </trkpt>
      <trkpt lat="37.62506" lon="-112.16116">
        <ele>2310.29</ele>
        <time>2025-06-24T16:17:21Z</time>
      </trkpt>
      <trkpt lat="37.6251" lon="-112.16116">
        <ele>2310.51</ele>
        <time>2025-06-24T16:17:24Z</time>
      </trkpt>
      <trkpt lat="37.62513" lon="-112.16116">
        <ele>2310.69</ele>
        <time>2025-06-24T16:17:26Z</time>
      </trkpt>
      <trkpt lat="37.62516" lon="-112.16116">
        <ele>2310.86</ele>
        <time>2025-06-24T16:17:29Z</time>
      </trkpt>
      <trkpt lat="37.6252" lon="-112.16117">
        <ele>2311.17</ele>
        <time>2025-06-24T16:17:32Z</time>
      </trkpt>
      <trkpt lat="37.62523" lon="-112.16117">
        <ele>2311.53</ele>
        <time>2025-06-24T16:17:35Z</time>
      </trkpt>
      <trkpt lat="37.62527" lon="-112.16116">
        <ele>2312.3</ele>
        <time>2025-06-24T16:17:38Z</time>
      </trkpt>
      <trkpt lat="37.6253" lon="-112.16114">
        <ele>2313.78</ele>
        <time>2025-06-24T16:17:41Z</time>
      </trkpt>
      <trkpt lat="37.62534" lon="-112.16113">
        <ele>2315.4</ele>
        <time>2025-06-24T16:17:44Z</time>
      </trkpt>
      <trkpt lat="37.62537" lon="-112.16114">
        <ele>2316.05</ele>
        <time>2025-06-24T16:17:47Z</time>
      </trkpt>
      <trkpt lat="37.6254" lon="-112.16115">
        <ele>2316.57</ele>
        <time>2025-06-24T16:17:51Z</time>
      </trkpt>
      <trkpt lat="37.62542" lon="-112.16117">
        <ele>2316.36</ele>
        <time>2025-06-24T16:17:56Z</time>
      </trkpt>
      <trkpt lat="37.62545" lon="-112.16115">
        <ele>2317.96</ele>
        <time>2025-06-24T16:18:08Z</time>
      </trkpt>
      <trkpt lat="37.62547" lon="-112.16112">
        <ele>2319.85</ele>
        <time>2025-06-24T16:18:12Z</time>
      </trkpt>
      <trkpt lat="37.62549" lon="-112.16111">
        <ele>2320.85</ele>
        <time>2025-06-24T16:18:17Z</time>
      </trkpt>
      <trkpt lat="37.62551" lon="-112.16114">
        <ele>2320.43</ele>
        <time>2025-06-24T16:18:20Z</time>
      </trkpt>
      <trkpt lat="37.62553" lon="-112.16116">
        <ele>2320.44</ele>
        <time>2025-06-24T16:18:23Z</time>
      </trkpt>
      <trkpt lat="37.62556" lon="-112.16118">
        <ele>2320.96</ele>
        <time>2025-06-24T16:18:26Z</time>
      </trkpt>
      <trkpt lat="37.62559" lon="-112.16119">
        <ele>2322.08</ele>
        <time>2025-06-24T16:18:29Z</time>
      </trkpt>
      <trkpt lat="37.62562" lon="-112.1612">
        <ele>2323.49</ele>
        <time>2025-06-24T16:18:31Z</time>
      </trkpt>
      <trkpt lat="37.62565" lon="-112.16123">
        <ele>2323.75</ele>
        <time>2025-06-24T16:18:34Z</time>
      </trkpt>
      <trkpt lat="37.62568" lon="-112.16126">
        <ele>2324.85</ele>
        <time>2025-06-24T16:18:37Z</time>
      </trkpt>
      <trkpt lat="37.62571" lon="-112.16128">
        <ele>2326.34</ele>
        <time>2025-06-24T16:18:40Z</time>
      </trkpt>
      <trkpt lat="37.62574" lon="-112.16131">
        <ele>2326.9</ele>
        <time>2025-06-24T16:18:43Z</time>
      </trkpt>
      <trkpt lat="37.62576" lon="-112.16134">
        <ele>2326.07</ele>
        <time>2025-06-24T16:18:46Z</time>
      </trkpt>
      <trkpt lat="37.62578" lon="-112.16137">
        <ele>2324.81</ele>
        <time>2025-06-24T16:18:49Z</time>
      </trkpt>
      <trkpt lat="37.6258" lon="-112.16139">
        <ele>2324.15</ele>
        <time>2025-06-24T16:18:52Z</time>
      </trkpt>
      <trkpt lat="37.62582" lon="-112.16143">
        <ele>2323.19</ele>
        <time>2025-06-24T16:18:55Z</time>
      </trkpt>
      <trkpt lat="37.62584" lon="-112.16145">
        <ele>2322.87</ele>
        <time>2025-06-24T16:18:58Z</time>
      </trkpt>
      <trkpt lat="37.62587" lon="-112.16146">
        <ele>2323.04</ele>
        <time>2025-06-24T16:19:00Z</time>
      </trkpt>
      <trkpt lat="37.62589" lon="-112.16147">
        <ele>2322.92</ele>
        <time>2025-06-24T16:19:03Z</time>
      </trkpt>
      <trkpt lat="37.62592" lon="-112.16149">
        <ele>2322.78</ele>
        <time>2025-06-24T16:19:09Z</time>
      </trkpt>
      <trkpt lat="37.62592" lon="-112.16152">
        <ele>2322.46</ele>
        <time>2025-06-24T16:19:13Z</time>
      </trkpt>
      <trkpt lat="37.62589" lon="-112.16152">
        <ele>2321.81</ele>
        <time>2025-06-24T16:19:26Z</time>
      </trkpt>
      <trkpt lat="37.62586" lon="-112.1615">
        <ele>2321.38</ele>
        <time>2025-06-24T16:19:29Z</time>
      </trkpt>
      <trkpt lat="37.62583" lon="-112.16147">
        <ele>2321.5</ele>
        <time>2025-06-24T16:19:32Z</time>
      </trkpt>
      <trkpt lat="37.62581" lon="-112.16143">
        <ele>2322.74</ele>
        <time>2025-06-24T16:19:35Z</time>
      </trkpt>
      <trkpt lat="37.62578" lon="-112.16139">
        <ele>2323.07</ele>
        <time>2025-06-24T16:19:38Z</time>
      </trkpt>
      <trkpt lat="37.62576" lon="-112.16137">
        <ele>2323.6</ele>
        <time>2025-06-24T16:19:40Z</time>
      </trkpt>
      <trkpt lat="37.62573" lon="-112.16134">
        <ele>2323.93</ele>
        <time>2025-06-24T16:19:43Z</time>
      </trkpt>
      <trkpt lat="37.62571" lon="-112.16132">
        <ele>2323.81</ele>
        <time>2025-06-24T16:19:45Z</time>
      </trkpt>
      <trkpt lat="37.62568" lon="-112.16128">
        <ele>2323.69</ele>
        <time>2025-06-24T16:19:48Z</time>
      </trkpt>
      <trkpt lat="37.62566" lon="-112.16125">
        <ele>2323.59</ele>
        <time>2025-06-24T16:19:51Z</time>
      </trkpt>
      <trkpt lat="37.62563" lon="-112.16122">
        <ele>2323.17</ele>
        <time>2025-06-24T16:19:54Z</time>
      </trkpt>
      <trkpt lat="37.62561" lon="-112.1612">
        <ele>2322.97</ele>
        <time>2025-06-24T16:19:57Z</time>
      </trkpt>
      <trkpt lat="37.62558" lon="-112.16116">
        <ele>2322.24</ele>
        <time>2025-06-24T16:20:00Z</time>
      </trkpt>
      <trkpt lat="37.62555" lon="-112.16113">
        <ele>2322.2</ele>
        <time>2025-06-24T16:20:03Z</time>
      </trkpt>
      <trkpt lat="37.62553" lon="-112.16111">
        <ele>2322.13</ele>
        <time>2025-06-24T16:20:06Z</time>
      </trkpt>
      <trkpt lat="37.6255" lon="-112.16111">
        <ele>2321.17</ele>
        <time>2025-06-24T16:20:15Z</time>
      </trkpt>
      <trkpt lat="37.62546" lon="-112.16109">
        <ele>2319.68</ele>
        <time>2025-06-24T16:20:22Z</time>
      </trkpt>
      <trkpt lat="37.62543" lon="-112.16108">
        <ele>2318.6</ele>
        <time>2025-06-24T16:20:25Z</time>
      </trkpt>
      <trkpt lat="37.62544" lon="-112.16105">
        <ele>2318.6</ele>
        <time>2025-06-24T16:20:29Z</time>
      </trkpt>
      <trkpt lat="37.62547" lon="-112.16102">
        <ele>2319.02</ele>
        <time>2025-06-24T16:20:32Z</time>
      </trkpt>
      <trkpt lat="37.62549" lon="-112.16099">
        <ele>2317.37</ele>
        <time>2025-06-24T16:20:34Z</time>
      </trkpt>
      <trkpt lat="37.62552" lon="-112.16097">
        <ele>2316.06</ele>
        <time>2025-06-24T16:20:37Z</time>
      </trkpt>
      <trkpt lat="37.62555" lon="-112.16095">
        <ele>2314.6</ele>
        <time>2025-06-24T16:20:40Z</time>
      </trkpt>
      <trkpt lat="37.62558" lon="-112.16094">
        <ele>2313.87</ele>
        <time>2025-06-24T16:20:42Z</time>
      </trkpt>
      <trkpt lat="37.62562" lon="-112.16094">
        <ele>2313.81</ele>
        <time>2025-06-24T16:20:45Z</time>
      </trkpt>
      <trkpt lat="37.62565" lon="-112.16096">
        <ele>2314.84</ele>
        <time>2025-06-24T16:20:48Z</time>
      </trkpt>
      <trkpt lat="37.62568" lon="-112.16097">
        <ele>2315.23</ele>
        <time>2025-06-24T16:20:51Z</time>
      </trkpt>
      <trkpt lat="37.62571" lon="-112.16099">
        <ele>2315.74</ele>
        <time>2025-06-24T16:20:53Z</time>
      </trkpt>
      <trkpt lat="37.62574" lon="-112.161">
        <ele>2315.61</ele>
        <time>2025-06-24T16:20:56Z</time>
      </trkpt>
      <trkpt lat="37.62577" lon="-112.16099">
        <ele>2315.38</ele>
        <time>2025-06-24T16:20:59Z</time>
      </trkpt>
      <trkpt lat="37.6258" lon="-112.16098">
        <ele>2315.17</ele>
        <time>2025-06-24T16:21:02Z</time>
      </trkpt>
      <trkpt lat="37.6258" lon="-112.16094">
        <ele>2314.3</ele>
        <time>2025-06-24T16:21:05Z</time>
      </trkpt>
      <trkpt lat="37.62577" lon="-112.16092">
        <ele>2314.15</ele>
        <time>2025-06-24T16:21:07Z</time>
      </trkpt>
      <trkpt lat="37.62574" lon="-112.16091">
        <ele>2314.33</ele>
        <time>2025-06-24T16:21:09Z</time>
      </trkpt>
      <trkpt lat="37.62571" lon="-112.16089">
        <ele>2314.19</ele>
        <time>2025-06-24T16:21:12Z</time>
      </trkpt>
      <trkpt lat="37.62569" lon="-112.16085">
        <ele>2314.19</ele>
        <time>2025-06-24T16:21:15Z</time>
      </trkpt>
      <trkpt lat="37.62568" lon="-112.16081">
        <ele>2314.62</ele>
        <time>2025-06-24T16:21:18Z</time>
      </trkpt>
      <trkpt lat="37.62568" lon="-112.16076">
        <ele>2315.89</ele>
        <time>2025-06-24T16:21:21Z</time>
      </trkpt>
      <trkpt lat="37.62568" lon="-112.16071">
        <ele>2317.04</ele>
        <time>2025-06-24T16:21:24Z</time>
      </trkpt>
      <trkpt lat="37.62567" lon="-112.16067">
        <ele>2317.47</ele>
        <time>2025-06-24T16:21:27Z</time>
      </trkpt>
      <trkpt lat="37.62564" lon="-112.16066">
        <ele>2316.55</ele>
        <time>2025-06-24T16:21:30Z</time>
      </trkpt>
      <trkpt lat="37.62561" lon="-112.16067">
        <ele>2315.51</ele>
        <time>2025-06-24T16:21:33Z</time>
      </trkpt>
      <trkpt lat="37.62558" lon="-112.16067">
        <ele>2314.71</ele>
        <time>2025-06-24T16:21:36Z</time>
      </trkpt>
      <trkpt lat="37.62556" lon="-112.16065">
        <ele>2315.02</ele>
        <time>2025-06-24T16:21:44Z</time>
      </trkpt>
      <trkpt lat="37.62553" lon="-112.16065">
        <ele>2314.65</ele>
        <time>2025-06-24T16:21:47Z</time>
      </trkpt>
      <trkpt lat="37.62549" lon="-112.16064">
        <ele>2314.67</ele>
        <time>2025-06-24T16:21:50Z</time>
      </trkpt>
      <trkpt lat="37.62545" lon="-112.16063">
        <ele>2314.64</ele>
        <time>2025-06-24T16:21:53Z</time>
      </trkpt>
      <trkpt lat="37.62542" lon="-112.16062">
        <ele>2314.75</ele>
        <time>2025-06-24T16:21:56Z</time>
      </trkpt>
      <trkpt lat="37.62538" lon="-112.16061">
        <ele>2314.75</ele>
        <time>2025-06-24T16:21:59Z</time>
      </trkpt>
      <trkpt lat="37.62535" lon="-112.16061">
        <ele>2314.21</ele>
        <time>2025-06-24T16:22:02Z</time>
      </trkpt>
      <trkpt lat="37.62531" lon="-112.16061">
        <ele>2313.34</ele>
        <time>2025-06-24T16:22:05Z</time>
      </trkpt>
      <trkpt lat="37.62528" lon="-112.1606">
        <ele>2313.13</ele>
        <time>2025-06-24T16:22:08Z</time>
      </trkpt>
      <trkpt lat="37.62525" lon="-112.16059">
        <ele>2313.02</ele>
        <time>2025-06-24T16:22:11Z</time>
      </trkpt>
      <trkpt lat="37.62521" lon="-112.16057">
        <ele>2313.03</ele>
        <time>2025-06-24T16:22:14Z</time>
      </trkpt>
      <trkpt lat="37.62518" lon="-112.16055">
        <ele>2313.18</ele>
        <time>2025-06-24T16:22:17Z</time>
      </trkpt>
      <trkpt lat="37.62515" lon="-112.16053">
        <ele>2313.62</ele>
        <time>2025-06-24T16:22:20Z</time>
      </trkpt>
      <trkpt lat="37.62512" lon="-112.1605">
        <ele>2314.27</ele>
        <time>2025-06-24T16:22:23Z</time>
      </trkpt>
      <trkpt lat="37.62509" lon="-112.16047">
        <ele>2314.72</ele>
        <time>2025-06-24T16:22:26Z</time>
      </trkpt>
      <trkpt lat="37.62507" lon="-112.16044">
        <ele>2315.44</ele>
        <time>2025-06-24T16:22:29Z</time>
      </trkpt>
      <trkpt lat="37.62504" lon="-112.1604">
        <ele>2316.2</ele>
        <time>2025-06-24T16:22:32Z</time>
      </trkpt>
      <trkpt lat="37.62502" lon="-112.16037">
        <ele>2316.66</ele>
        <time>2025-06-24T16:22:35Z</time>
      </trkpt>
      <trkpt lat="37.62501" lon="-112.16033">
        <ele>2317.63</ele>
        <time>2025-06-24T16:22:38Z</time>
      </trkpt>
      <trkpt lat="37.62501" lon="-112.16029">
        <ele>2318.93</ele>
        <time>2025-06-24T16:22:41Z</time>
      </trkpt>
      <trkpt lat="37.62503" lon="-112.16026">
        <ele>2319.78</ele>
        <time>2025-06-24T16:22:53Z</time>
      </trkpt>
      <trkpt lat="37.62507" lon="-112.16024">
        <ele>2320.86</ele>
        <time>2025-06-24T16:22:56Z</time>
      </trkpt>
      <trkpt lat="37.6251" lon="-112.16022">
        <ele>2321.65</ele>
        <time>2025-06-24T16:22:59Z</time>
      </trkpt>
      <trkpt lat="37.62513" lon="-112.16019">
        <ele>2322.29</ele>
        <time>2025-06-24T16:23:02Z</time>
      </trkpt>
      <trkpt lat="37.62516" lon="-112.16016">
        <ele>2322.17</ele>
        <time>2025-06-24T16:23:05Z</time>
      </trkpt>
      <trkpt lat="37.62518" lon="-112.16013">
        <ele>2321.48</ele>
        <time>2025-06-24T16:23:08Z</time>
      </trkpt>
      <trkpt lat="37.6252" lon="-112.1601">
        <ele>2320.81</ele>
        <time>2025-06-24T16:23:11Z</time>
      </trkpt>
      <trkpt lat="37.62523" lon="-112.16008">
        <ele>2320.84</ele>
        <time>2025-06-24T16:23:15Z</time>
      </trkpt>
      <trkpt lat="37.62526" lon="-112.16006">
        <ele>2320.73</ele>
        <time>2025-06-24T16:23:19Z</time>
      </trkpt>
      <trkpt lat="37.62528" lon="-112.16004">
        <ele>2320.14</ele>
        <time>2025-06-24T16:23:22Z</time>
      </trkpt>
      <trkpt lat="37.62531" lon="-112.16004">
        <ele>2319.81</ele>
        <time>2025-06-24T16:23:25Z</time>
      </trkpt>
      <trkpt lat="37.62534" lon="-112.16005">
        <ele>2320.03</ele>
        <time>2025-06-24T16:23:28Z</time>
      </trkpt>
      <trkpt lat="37.62537" lon="-112.16005">
        <ele>2319.7</ele>
        <time>2025-06-24T16:23:32Z</time>
      </trkpt>
      <trkpt lat="37.6254" lon="-112.16005">
        <ele>2319.38</ele>
        <time>2025-06-24T16:23:36Z</time>
      </trkpt>
      <trkpt lat="37.62544" lon="-112.16005">
        <ele>2318.95</ele>
        <time>2025-06-24T16:23:39Z</time>
      </trkpt>
      <trkpt lat="37.62547" lon="-112.16004">
        <ele>2318.31</ele>
        <time>2025-06-24T16:23:42Z</time>
      </trkpt>
      <trkpt lat="37.6255" lon="-112.16004">
        <ele>2318.96</ele>
        <time>2025-06-24T16:23:45Z</time>
      </trkpt>
      <trkpt lat="37.62553" lon="-112.16002">
        <ele>2318.53</ele>
        <time>2025-06-24T16:23:48Z</time>
      </trkpt>
      <trkpt lat="37.62556" lon="-112.16">
        <ele>2318.1</ele>
        <time>2025-06-24T16:23:51Z</time>
      </trkpt>
      <trkpt lat="37.62559" lon="-112.15998">
        <ele>2317.8</ele>
        <time>2025-06-24T16:23:54Z</time>
      </trkpt>
      <trkpt lat="37.62563" lon="-112.15997">
        <ele>2318.05</ele>
        <time>2025-06-24T16:23:57Z</time>
      </trkpt>
      <trkpt lat="37.62566" lon="-112.15996">
        <ele>2318.04</ele>
        <time>2025-06-24T16:24:00Z</time>
      </trkpt>
      <trkpt lat="37.62569" lon="-112.15994">
        <ele>2317.37</ele>
        <time>2025-06-24T16:24:03Z</time>
      </trkpt>
      <trkpt lat="37.62572" lon="-112.15992">
        <ele>2316.56</ele>
        <time>2025-06-24T16:24:06Z</time>
      </trkpt>
      <trkpt lat="37.62575" lon="-112.15991">
        <ele>2316.56</ele>
        <time>2025-06-24T16:24:09Z</time>
      </trkpt>
      <trkpt lat="37.62577" lon="-112.1599">
        <ele>2317.05</ele>
        <time>2025-06-24T16:24:12Z</time>
      </trkpt>
      <trkpt lat="37.6258" lon="-112.15987">
        <ele>2317.23</ele>
        <time>2025-06-24T16:24:15Z</time>
      </trkpt>
      <trkpt lat="37.62582" lon="-112.15984">
        <ele>2316.72</ele>
        <time>2025-06-24T16:24:18Z</time>
      </trkpt>
      <trkpt lat="37.62584" lon="-112.15981">
        <ele>2315.95</ele>
        <time>2025-06-24T16:24:21Z</time>
      </trkpt>
      <trkpt lat="37.62586" lon="-112.15978">
        <ele>2315.73</ele>
        <time>2025-06-24T16:24:24Z</time>
      </trkpt>
      <trkpt lat="37.62588" lon="-112.15975">
        <ele>2315.65</ele>
        <time>2025-06-24T16:24:27Z</time>
      </trkpt>
      <trkpt lat="37.62589" lon="-112.15971">
        <ele>2316.33</ele>
        <time>2025-06-24T16:24:31Z</time>
      </trkpt>
      <trkpt lat="37.62585" lon="-112.1597">
        <ele>2316.07</ele>
        <time>2025-06-24T16:24:36Z</time>
      </trkpt>
      <trkpt lat="37.62587" lon="-112.15966">
        <ele>2318.48</ele>
        <time>2025-06-24T16:24:46Z</time>
      </trkpt>
      <trkpt lat="37.62589" lon="-112.15965">
        <ele>2319.86</ele>
        <time>2025-06-24T16:24:49Z</time>
      </trkpt>
      <trkpt lat="37.62591" lon="-112.15963">
        <ele>2322.11</ele>
        <time>2025-06-24T16:24:54Z</time>
      </trkpt>
      <trkpt lat="37.62588" lon="-112.15963">
        <ele>2320.5</ele>
        <time>2025-06-24T16:25:00Z</time>
      </trkpt>
      <trkpt lat="37.62585" lon="-112.15963">
        <ele>2318.89</ele>
        <time>2025-06-24T16:25:04Z</time>
      </trkpt>
      <trkpt lat="37.62583" lon="-112.15961">
        <ele>2319.67</ele>
        <time>2025-06-24T16:25:09Z</time>
      </trkpt>
      <trkpt lat="37.62583" lon="-112.15957">
        <ele>2323.08</ele>
        <time>2025-06-24T16:25:15Z</time>
      </trkpt>
      <trkpt lat="37.62582" lon="-112.15953">
        <ele>2326.02</ele>
        <time>2025-06-24T16:25:18Z</time>
      </trkpt>
      <trkpt lat="37.62583" lon="-112.1595">
        <ele>2328.29</ele>
        <time>2025-06-24T16:25:21Z</time>
      </trkpt>
      <trkpt lat="37.62581" lon="-112.15946">
        <ele>2330.24</ele>
        <time>2025-06-24T16:25:25Z</time>
      </trkpt>
      <trkpt lat="37.62579" lon="-112.15944">
        <ele>2330.74</ele>
        <time>2025-06-24T16:25:28Z</time>
      </trkpt>
      <trkpt lat="37.62576" lon="-112.15944">
        <ele>2329.8</ele>
        <time>2025-06-24T16:25:31Z</time>
      </trkpt>
      <trkpt lat="37.62573" lon="-112.15944">
        <ele>2328.97</ele>
        <time>2025-06-24T16:25:34Z</time>
      </trkpt>
      <trkpt lat="37.62569" lon="-112.15943">
        <ele>2328.61</ele>
        <time>2025-06-24T16:25:37Z</time>
      </trkpt>
      <trkpt lat="37.62567" lon="-112.15941">
        <ele>2329.24</ele>
        <time>2025-06-24T16:25:39Z</time>
      </trkpt>
      <trkpt lat="37.62564" lon="-112.15937">
        <ele>2331.09</ele>
        <time>2025-06-24T16:25:42Z</time>
      </trkpt>
      <trkpt lat="37.62562" lon="-112.15936">
        <ele>2331.84</ele>
        <time>2025-06-24T16:25:45Z</time>
      </trkpt>
      <trkpt lat="37.62559" lon="-112.15933">
        <ele>2333.51</ele>
        <time>2025-06-24T16:25:50Z</time>
      </trkpt>
      <trkpt lat="37.62557" lon="-112.15931">
        <ele>2334.34</ele>
        <time>2025-06-24T16:25:53Z</time>
      </trkpt>
      <trkpt lat="37.62555" lon="-112.15926">
        <ele>2335.38</ele>
        <time>2025-06-24T16:25:56Z</time>
      </trkpt>
      <trkpt lat="37.62555" lon="-112.15922">
        <ele>2335.9</ele>
        <time>2025-06-24T16:25:59Z</time>
      </trkpt>
      <trkpt lat="37.62556" lon="-112.15917">
        <ele>2337.2</ele>
        <time>2025-06-24T16:26:02Z</time>
      </trkpt>
      <trkpt lat="37.62557" lon="-112.15914">
        <ele>2338.63</ele>
        <time>2025-06-24T16:26:05Z</time>
      </trkpt>
      <trkpt lat="37.62557" lon="-112.1591">
        <ele>2339.89</ele>
        <time>2025-06-24T16:26:09Z</time>
      </trkpt>
      <trkpt lat="37.62555" lon="-112.15907">
        <ele>2338.73</ele>
        <time>2025-06-24T16:26:14Z</time>
      </trkpt>
      <trkpt lat="37.62552" lon="-112.15906">
        <ele>2337.0</ele>
        <time>2025-06-24T16:26:17Z</time>
      </trkpt>
      <trkpt lat="37.62548" lon="-112.15904">
        <ele>2334.84</ele>
        <time>2025-06-24T16:26:20Z</time>
      </trkpt>
      <trkpt lat="37.62545" lon="-112.15903">
        <ele>2333.67</ele>
        <time>2025-06-24T16:26:23Z</time>
      </trkpt>
      <trkpt lat="37.62542" lon="-112.15903">
        <ele>2333.0</ele>
        <time>2025-06-24T16:26:27Z</time>
      </trkpt>
      <trkpt lat="37.62539" lon="-112.15901">
        <ele>2333.11</ele>
        <time>2025-06-24T16:26:31Z</time>
      </trkpt>
      <trkpt lat="37.62539" lon="-112.15898">
        <ele>2334.28</ele>
        <time>2025-06-24T16:26:35Z</time>
      </trkpt>
      <trkpt lat="37.62543" lon="-112.15896">
        <ele>2335.57</ele>
        <time>2025-06-24T16:26:38Z</time>
      </trkpt>
      <trkpt lat="37.62546" lon="-112.15895">
        <ele>2336.33</ele>
        <time>2025-06-24T16:26:42Z</time>
      </trkpt>
      <trkpt lat="37.62543" lon="-112.15893">
        <ele>2336.87</ele>
        <time>2025-06-24T16:26:46Z</time>
      </trkpt>
      <trkpt lat="37.6254" lon="-112.15893">
        <ele>2336.54</ele>
        <time>2025-06-24T16:26:49Z</time>
      </trkpt>
      <trkpt lat="37.62537" lon="-112.15892">
        <ele>2336.65</ele>
        <time>2025-06-24T16:26:53Z</time>
      </trkpt>
      <trkpt lat="37.62534" lon="-112.15889">
        <ele>2336.98</ele>
        <time>2025-06-24T16:26:57Z</time>
      </trkpt>
      <trkpt lat="37.62535" lon="-112.15885">
        <ele>2339.02</ele>
        <time>2025-06-24T16:27:01Z</time>
      </trkpt>
      <trkpt lat="37.62538" lon="-112.15884">
        <ele>2340.11</ele>
        <time>2025-06-24T16:27:04Z</time>
      </trkpt>
      <trkpt lat="37.62542" lon="-112.15884">
        <ele>2340.08</ele>
        <time>2025-06-24T16:27:07Z</time>
      </trkpt>
      <trkpt lat="37.62545" lon="-112.15884">
        <ele>2340.06</ele>
        <time>2025-06-24T16:27:10Z</time>
      </trkpt>
      <trkpt lat="37.62548" lon="-112.15883">
        <ele>2340.47</ele>
        <time>2025-06-24T16:27:13Z</time>
      </trkpt>
      <trkpt lat="37.62551" lon="-112.15883">
        <ele>2340.83</ele>
        <time>2025-06-24T16:27:16Z</time>
      </trkpt>
      <trkpt lat="37.62554" lon="-112.15883">
        <ele>2341.18</ele>
        <time>2025-06-24T16:27:19Z</time>
      </trkpt>
      <trkpt lat="37.62558" lon="-112.15884">
        <ele>2342.1</ele>
        <time>2025-06-24T16:27:23Z</time>
      </trkpt>
      <trkpt lat="37.6256" lon="-112.15881">
        <ele>2341.5</ele>
        <time>2025-06-24T16:27:27Z</time>
      </trkpt>
      <trkpt lat="37.62563" lon="-112.1588">
        <ele>2341.2</ele>
        <time>2025-06-24T16:27:31Z</time>
      </trkpt>
      <trkpt lat="37.62566" lon="-112.15883">
        <ele>2342.97</ele>
        <time>2025-06-24T16:27:52Z</time>
      </trkpt>
      <trkpt lat="37.62568" lon="-112.15886">
        <ele>2344.68</ele>
        <time>2025-06-24T16:27:55Z</time>
      </trkpt>
      <trkpt lat="37.6257" lon="-112.15888">
        <ele>2345.81</ele>
        <time>2025-06-24T16:27:58Z</time>
      </trkpt>
      <trkpt lat="37.62573" lon="-112.1589">
        <ele>2347.56</ele>
        <time>2025-06-24T16:28:01Z</time>
      </trkpt>
      <trkpt lat="37.62577" lon="-112.15891">
        <ele>2347.56</ele>
        <time>2025-06-24T16:28:04Z</time>
      </trkpt>
      <trkpt lat="37.6258" lon="-112.15891">
        <ele>2346.11</ele>
        <time>2025-06-24T16:28:07Z</time>
      </trkpt>
      <trkpt lat="37.62583" lon="-112.15891">
        <ele>2344.67</ele>
        <time>2025-06-24T16:28:10Z</time>
      </trkpt>
      <trkpt lat="37.62586" lon="-112.15892">
        <ele>2344.54</ele>
        <time>2025-06-24T16:28:13Z</time>
      </trkpt>
      <trkpt lat="37.6259" lon="-112.15894">
        <ele>2344.25</ele>
        <time>2025-06-24T16:28:16Z</time>
      </trkpt>
      <trkpt lat="37.62592" lon="-112.15896">
        <ele>2344.26</ele>
        <time>2025-06-24T16:28:18Z</time>
      </trkpt>
      <trkpt lat="37.62595" lon="-112.15899">
        <ele>2344.8</ele>
        <time>2025-06-24T16:28:21Z</time>
      </trkpt>
      <trkpt lat="37.62597" lon="-112.15902">
        <ele>2346.29</ele>
        <time>2025-06-24T16:28:23Z</time>
      </trkpt>
      <trkpt lat="37.62599" lon="-112.15904">
        <ele>2346.12</ele>
        <time>2025-06-24T16:28:26Z</time>
      </trkpt>
      <trkpt lat="37.62601" lon="-112.15907">
        <ele>2345.81</ele>
        <time>2025-06-24T16:28:29Z</time>
      </trkpt>
      <trkpt lat="37.62602" lon="-112.15911">
        <ele>2347.67</ele>
        <time>2025-06-24T16:28:32Z</time>
      </trkpt>
      <trkpt lat="37.62604" lon="-112.15915">
        <ele>2349.9</ele>
        <time>2025-06-24T16:28:35Z</time>
      </trkpt>
      <trkpt lat="37.62607" lon="-112.15917">
        <ele>2350.1</ele>
        <time>2025-06-24T16:28:38Z</time>
      </trkpt>
      <trkpt lat="37.6261" lon="-112.15918">
        <ele>2349.78</ele>
        <time>2025-06-24T16:28:40Z</time>
      </trkpt>
      <trkpt lat="37.62613" lon="-112.15921">
        <ele>2351.03</ele>
        <time>2025-06-24T16:28:43Z</time>
      </trkpt>
      <trkpt lat="37.62615" lon="-112.15924">
        <ele>2351.87</ele>
        <time>2025-06-24T16:28:46Z</time>
      </trkpt>
      <trkpt lat="37.62617" lon="-112.15928">
        <ele>2352.6</ele>
        <time>2025-06-24T16:28:49Z</time>
      </trkpt>
      <trkpt lat="37.6262" lon="-112.1593">
        <ele>2351.39</ele>
        <time>2025-06-24T16:28:53Z</time>
      </trkpt>
      <trkpt lat="37.62622" lon="-112.15928">
        <ele>2349.7</ele>
        <time>2025-06-24T16:28:56Z</time>
      </trkpt>
      <trkpt lat="37.62624" lon="-112.15925">
        <ele>2348.05</ele>
        <time>2025-06-24T16:28:58Z</time>
      </trkpt>
      <trkpt lat="37.62628" lon="-112.15923">
        <ele>2347.62</ele>
        <time>2025-06-24T16:29:01Z</time>
      </trkpt>
      <trkpt lat="37.62631" lon="-112.15923">
        <ele>2348.13</ele>
        <time>2025-06-24T16:29:03Z</time>
      </trkpt>
      <trkpt lat="37.62634" lon="-112.15922">
        <ele>2348.52</ele>
        <time>2025-06-24T16:29:05Z</time>
      </trkpt>
      <trkpt lat="37.62637" lon="-112.15922">
        <ele>2349.35</ele>
        <time>2025-06-24T16:29:08Z</time>
      </trkpt>
      <trkpt lat="37.6264" lon="-112.15922">
        <ele>2350.12</ele>
        <time>2025-06-24T16:29:11Z</time>
      </trkpt>
      <trkpt lat="37.62644" lon="-112.15921">
        <ele>2350.44</ele>
        <time>2025-06-24T16:29:14Z</time>
      </trkpt>
      <trkpt lat="37.62647" lon="-112.15919">
        <ele>2350.01</ele>
        <time>2025-06-24T16:29:17Z</time>
      </trkpt>
      <trkpt lat="37.6265" lon="-112.15917">
        <ele>2349.37</ele>
        <time>2025-06-24T16:29:20Z</time>
      </trkpt>
      <trkpt lat="37.62654" lon="-112.15915">
        <ele>2349.07</ele>
        <time>2025-06-24T16:29:23Z</time>
      </trkpt>
      <trkpt lat="37.62657" lon="-112.15914">
        <ele>2349.34</ele>
        <time>2025-06-24T16:29:26Z</time>
      </trkpt>
      <trkpt lat="37.6266" lon="-112.15913">
        <ele>2350.05</ele>
        <time>2025-06-24T16:29:28Z</time>
      </trkpt>
      <trkpt lat="37.62662" lon="-112.15911">
        <ele>2350.26</ele>
        <time>2025-06-24T16:29:30Z</time>
      </trkpt>
      <trkpt lat="37.62665" lon="-112.15909">
        <ele>2350.8</ele>
        <time>2025-06-24T16:29:33Z</time>
      </trkpt>
      <trkpt lat="37.62668" lon="-112.15907">
        <ele>2351.81</ele>
        <time>2025-06-24T16:29:36Z</time>
      </trkpt>
      <trkpt lat="37.62671" lon="-112.15905">
        <ele>2353.3</ele>
        <time>2025-06-24T16:29:39Z</time>
      </trkpt>
      <trkpt lat="37.62674" lon="-112.15903">
        <ele>2354.52</ele>
        <time>2025-06-24T16:29:42Z</time>
      </trkpt>
      <trkpt lat="37.62677" lon="-112.15901">
        <ele>2355.34</ele>
        <time>2025-06-24T16:29:45Z</time>
      </trkpt>
      <trkpt lat="37.62681" lon="-112.15899">
        <ele>2356.02</ele>
        <time>2025-06-24T16:29:48Z</time>
      </trkpt>
      <trkpt lat="37.62683" lon="-112.15898">
        <ele>2356.21</ele>
        <time>2025-06-24T16:29:51Z</time>
      </trkpt>
      <trkpt lat="37.62686" lon="-112.15897">
        <ele>2356.42</ele>
        <time>2025-06-24T16:29:54Z</time>
      </trkpt>
      <trkpt lat="37.62689" lon="-112.15898">
        <ele>2357.72</ele>
        <time>2025-06-24T16:29:58Z</time>
      </trkpt>
      <trkpt lat="37.62689" lon="-112.15902">
        <ele>2359.9</ele>
        <time>2025-06-24T16:30:01Z</time>
      </trkpt>
      <trkpt lat="37.62688" lon="-112.15906">
        <ele>2361.85</ele>
        <time>2025-06-24T16:30:04Z</time>
      </trkpt>
      <trkpt lat="37.62687" lon="-112.1591">
        <ele>2363.01</ele>
        <time>2025-06-24T16:30:07Z</time>
      </trkpt>
      <trkpt lat="37.62686" lon="-112.15913">
        <ele>2363.44</ele>
        <time>2025-06-24T16:30:10Z</time>
      </trkpt>
      <trkpt lat="37.62684" lon="-112.15916">
        <ele>2363.22</ele>
        <time>2025-06-24T16:30:13Z</time>
      </trkpt>
      <trkpt lat="37.62687" lon="-112.15916">
        <ele>2364.43</ele>
        <time>2025-06-24T16:30:21Z</time>
      </trkpt>
      <trkpt lat="37.6269" lon="-112.15914">
        <ele>2364.83</ele>
        <time>2025-06-24T16:30:24Z</time>
      </trkpt>
      <trkpt lat="37.62692" lon="-112.15911">
        <ele>2364.53</ele>
        <time>2025-06-24T16:30:27Z</time>
      </trkpt>
      <trkpt lat="37.62694" lon="-112.15908">
        <ele>2364.09</ele>
        <time>2025-06-24T16:30:31Z</time>
      </trkpt>
      <trkpt lat="37.62695" lon="-112.15912">
        <ele>2365.52</ele>
        <time>2025-06-24T16:30:35Z</time>
      </trkpt>
      <trkpt lat="37.62694" lon="-112.15917">
        <ele>2366.89</ele>
        <time>2025-06-24T16:30:38Z</time>
      </trkpt>
      <trkpt lat="37.62692" lon="-112.1592">
        <ele>2366.66</ele>
        <time>2025-06-24T16:30:41Z</time>
      </trkpt>
      <trkpt lat="37.6269" lon="-112.15922">
        <ele>2366.41</ele>
        <time>2025-06-24T16:30:44Z</time>
      </trkpt>
      <trkpt lat="37.62687" lon="-112.15925">
        <ele>2366.21</ele>
        <time>2025-06-24T16:30:47Z</time>
      </trkpt>
      <trkpt lat="37.62691" lon="-112.15927">
        <ele>2367.37</ele>
        <time>2025-06-24T16:30:53Z</time>
      </trkpt>
      <trkpt lat="37.62694" lon="-112.15926">
        <ele>2367.91</ele>
        <time>2025-06-24T16:30:56Z</time>
      </trkpt>
      <trkpt lat="37.62697" lon="-112.15923">
        <ele>2367.5</ele>
        <time>2025-06-24T16:30:59Z</time>
      </trkpt>
      <trkpt lat="37.627" lon="-112.1592">
        <ele>2367.14</ele>
        <time>2025-06-24T16:31:02Z</time>
      </trkpt>
      <trkpt lat="37.62702" lon="-112.15918">
        <ele>2367.03</ele>
        <time>2025-06-24T16:31:05Z</time>
      </trkpt>
      <trkpt lat="37.62706" lon="-112.15916">
        <ele>2366.13</ele>
        <time>2025-06-24T16:31:08Z</time>
      </trkpt>
      <trkpt lat="37.62709" lon="-112.15914">
        <ele>2364.87</ele>
        <time>2025-06-24T16:31:11Z</time>
      </trkpt>
      <trkpt lat="37.62711" lon="-112.15912">
        <ele>2364.03</ele>
        <time>2025-06-24T16:31:34Z</time>
      </trkpt>
      <trkpt lat="37.62711" lon="-112.15916">
        <ele>2364.55</ele>
        <time>2025-06-24T16:31:48Z</time>
      </trkpt>
      <trkpt lat="37.62708" lon="-112.1592">
        <ele>2365.61</ele>
        <time>2025-06-24T16:31:52Z</time>
      </trkpt>
      <trkpt lat="37.62706" lon="-112.15924">
        <ele>2366.26</ele>
        <time>2025-06-24T16:31:55Z</time>
      </trkpt>
      <trkpt lat="37.62705" lon="-112.15928">
        <ele>2366.58</ele>
        <time>2025-06-24T16:31:58Z</time>
      </trkpt>
      <trkpt lat="37.62705" lon="-112.15931">
        <ele>2366.58</ele>
        <time>2025-06-24T16:32:00Z</time>
      </trkpt>
      <trkpt lat="37.62705" lon="-112.15936">
        <ele>2366.59</ele>
        <time>2025-06-24T16:32:03Z</time>
      </trkpt>
      <trkpt lat="37.62706" lon="-112.1594">
        <ele>2366.38</ele>
        <time>2025-06-24T16:32:06Z</time>
      </trkpt>
      <trkpt lat="37.62707" lon="-112.15944">
        <ele>2366.27</ele>
        <time>2025-06-24T16:32:09Z</time>
      </trkpt>
      <trkpt lat="37.6271" lon="-112.15948">
        <ele>2366.16</ele>
        <time>2025-06-24T16:32:12Z</time>
      </trkpt>
      <trkpt lat="37.62712" lon="-112.15951">
        <ele>2366.48</ele>
        <time>2025-06-24T16:32:15Z</time>
      </trkpt>
      <trkpt lat="37.62712" lon="-112.15955">
        <ele>2367.1</ele>
        <time>2025-06-24T16:32:19Z</time>
      </trkpt>
      <trkpt lat="37.62715" lon="-112.15956">
        <ele>2367.14</ele>
        <time>2025-06-24T16:32:37Z</time>
      </trkpt>
      <trkpt lat="37.62718" lon="-112.15957">
        <ele>2367.2</ele>
        <time>2025-06-24T16:32:41Z</time>
      </trkpt>
      <trkpt lat="37.6272" lon="-112.15959">
        <ele>2367.68</ele>
        <time>2025-06-24T16:32:44Z</time>
      </trkpt>
      <trkpt lat="37.62722" lon="-112.15962">
        <ele>2368.67</ele>
        <time>2025-06-24T16:32:47Z</time>
      </trkpt>
      <trkpt lat="37.62724" lon="-112.15964">
        <ele>2368.78</ele>
        <time>2025-06-24T16:32:50Z</time>
      </trkpt>
      <trkpt lat="37.62726" lon="-112.15968">
        <ele>2369.63</ele>
        <time>2025-06-24T16:32:53Z</time>
      </trkpt>
      <trkpt lat="37.62727" lon="-112.15972">
        <ele>2370.88</ele>
        <time>2025-06-24T16:32:56Z</time>
      </trkpt>
      <trkpt lat="37.62728" lon="-112.15976">
        <ele>2371.67</ele>
        <time>2025-06-24T16:32:59Z</time>
      </trkpt>
      <trkpt lat="37.62729" lon="-112.1598">
        <ele>2372.61</ele>
        <time>2025-06-24T16:33:02Z</time>
      </trkpt>
      <trkpt lat="37.62729" lon="-112.15984">
        <ele>2373.54</ele>
        <time>2025-06-24T16:33:05Z</time>
      </trkpt>
      <trkpt lat="37.6273" lon="-112.15988">
        <ele>2374.41</ele>
        <time>2025-06-24T16:33:08Z</time>
      </trkpt>
      <trkpt lat="37.62731" lon="-112.15992">
        <ele>2375.4</ele>
        <time>2025-06-24T16:33:11Z</time>
      </trkpt>
      <trkpt lat="37.62732" lon="-112.15996">
        <ele>2376.59</ele>
        <time>2025-06-24T16:33:14Z</time>
      </trkpt>
      <trkpt lat="37.62733" lon="-112.16">
        <ele>2377.67</ele>
        <time>2025-06-24T16:33:18Z</time>
      </trkpt>
      <trkpt lat="37.62735" lon="-112.16002">
        <ele>2377.75</ele>
        <time>2025-06-24T16:33:23Z</time>
      </trkpt>
      <trkpt lat="37.62737" lon="-112.16007">
        <ele>2378.77</ele>
        <time>2025-06-24T16:33:26Z</time>
      </trkpt>
      <trkpt lat="37.62737" lon="-112.16011">
        <ele>2379.66</ele>
        <time>2025-06-24T16:33:29Z</time>
      </trkpt>
      <trkpt lat="37.62738" lon="-112.16015">
        <ele>2380.42</ele>
        <time>2025-06-24T16:33:32Z</time>
      </trkpt>
      <trkpt lat="37.62739" lon="-112.16019">
        <ele>2381.52</ele>
        <time>2025-06-24T16:33:35Z</time>
      </trkpt>
      <trkpt lat="37.62742" lon="-112.1602">
        <ele>2382.36</ele>
        <time>2025-06-24T16:33:41Z</time>
      </trkpt>
      <trkpt lat="37.62745" lon="-112.16018">
        <ele>2381.81</ele>
        <time>2025-06-24T16:33:44Z</time>
      </trkpt>
      <trkpt lat="37.62748" lon="-112.16015">
        <ele>2380.56</ele>
        <time>2025-06-24T16:33:47Z</time>
      </trkpt>
      <trkpt lat="37.62752" lon="-112.16013">
        <ele>2379.62</ele>
        <time>2025-06-24T16:33:50Z</time>
      </trkpt>
      <trkpt lat="37.62755" lon="-112.16013">
        <ele>2379.62</ele>
        <time>2025-06-24T16:33:53Z</time>
      </trkpt>
      <trkpt lat="37.62759" lon="-112.16014">
        <ele>2380.05</ele>
        <time>2025-06-24T16:33:56Z</time>
      </trkpt>
      <trkpt lat="37.62762" lon="-112.16017">
        <ele>2380.21</ele>
        <time>2025-06-24T16:33:59Z</time>
      </trkpt>
      <trkpt lat="37.62764" lon="-112.1602">
        <ele>2380.59</ele>
        <time>2025-06-24T16:34:02Z</time>
      </trkpt>
      <trkpt lat="37.62766" lon="-112.16023">
        <ele>2381.02</ele>
        <time>2025-06-24T16:34:05Z</time>
      </trkpt>
      <trkpt lat="37.62768" lon="-112.16026">
        <ele>2381.46</ele>
        <time>2025-06-24T16:34:08Z</time>
      </trkpt>
      <trkpt lat="37.62769" lon="-112.16029">
        <ele>2381.87</ele>
        <time>2025-06-24T16:34:11Z</time>
      </trkpt>
      <trkpt lat="37.62769" lon="-112.16033">
        <ele>2382.3</ele>
        <time>2025-06-24T16:34:14Z</time>
      </trkpt>
      <trkpt lat="37.62768" lon="-112.16038">
        <ele>2383.18</ele>
        <time>2025-06-24T16:34:17Z</time>
      </trkpt>
      <trkpt lat="37.62768" lon="-112.16041">
        <ele>2382.85</ele>
        <time>2025-06-24T16:34:20Z</time>
      </trkpt>
      <trkpt lat="37.62768" lon="-112.16046">
        <ele>2382.31</ele>
        <time>2025-06-24T16:34:23Z</time>
      </trkpt>
      <trkpt lat="37.62767" lon="-112.1605">
        <ele>2382.09</ele>
        <time>2025-06-24T16:34:26Z</time>
      </trkpt>
      <trkpt lat="37.62766" lon="-112.16053">
        <ele>2382.11</ele>
        <time>2025-06-24T16:34:29Z</time>
      </trkpt>
      <trkpt lat="37.62765" lon="-112.16057">
        <ele>2382.06</ele>
        <time>2025-06-24T16:34:32Z</time>
      </trkpt>
      <trkpt lat="37.62763" lon="-112.16061">
        <ele>2382.64</ele>
        <time>2025-06-24T16:34:35Z</time>
      </trkpt>
      <trkpt lat="37.62761" lon="-112.16064">
        <ele>2383.22</ele>
        <time>2025-06-24T16:34:38Z</time>
      </trkpt>
      <trkpt lat="37.6276" lon="-112.16067">
        <ele>2383.36</ele>
        <time>2025-06-24T16:34:41Z</time>
      </trkpt>
      <trkpt lat="37.62759" lon="-112.1607">
        <ele>2383.66</ele>
        <time>2025-06-24T16:34:44Z</time>
      </trkpt>
      <trkpt lat="37.62757" lon="-112.16074">
        <ele>2384.96</ele>
        <time>2025-06-24T16:34:47Z</time>
      </trkpt>
      <trkpt lat="37.62756" lon="-112.16077">
        <ele>2385.61</ele>
        <time>2025-06-24T16:34:50Z</time>
      </trkpt>
      <trkpt lat="37.62754" lon="-112.16081">
        <ele>2387.22</ele>
        <time>2025-06-24T16:34:54Z</time>
      </trkpt>
      <trkpt lat="37.62753" lon="-112.16084">
        <ele>2388.01</ele>
        <time>2025-06-24T16:34:57Z</time>
      </trkpt>
      <trkpt lat="37.62751" lon="-112.16087">
        <ele>2389.36</ele>
        <time>2025-06-24T16:35:00Z</time>
      </trkpt>
      <trkpt lat="37.6275" lon="-112.16091">
        <ele>2389.34</ele>
        <time>2025-06-24T16:35:03Z</time>
      </trkpt>
      <trkpt lat="37.6275" lon="-112.16095">
        <ele>2389.0</ele>
        <time>2025-06-24T16:35:06Z</time>
      </trkpt>
      <trkpt lat="37.6275" lon="-112.16098">
        <ele>2389.0</ele>
        <time>2025-06-24T16:35:09Z</time>
      </trkpt>
      <trkpt lat="37.62749" lon="-112.16103">
        <ele>2389.43</ele>
        <time>2025-06-24T16:35:12Z</time>
      </trkpt>
      <trkpt lat="37.6275" lon="-112.16108">
        <ele>2389.66</ele>
        <time>2025-06-24T16:35:15Z</time>
      </trkpt>
      <trkpt lat="37.62751" lon="-112.16112">
        <ele>2389.89</ele>
        <time>2025-06-24T16:35:18Z</time>
      </trkpt>
      <trkpt lat="37.62752" lon="-112.16115">
        <ele>2390.08</ele>
        <time>2025-06-24T16:35:21Z</time>
      </trkpt>
      <trkpt lat="37.62754" lon="-112.16118">
        <ele>2390.2</ele>
        <time>2025-06-24T16:35:24Z</time>
      </trkpt>
      <trkpt lat="37.62756" lon="-112.16121">
        <ele>2390.56</ele>
        <time>2025-06-24T16:35:27Z</time>
      </trkpt>
      <trkpt lat="37.62758" lon="-112.16123">
        <ele>2390.99</ele>
        <time>2025-06-24T16:35:30Z</time>
      </trkpt>
      <trkpt lat="37.6276" lon="-112.16126">
        <ele>2391.86</ele>
        <time>2025-06-24T16:35:33Z</time>
      </trkpt>
      <trkpt lat="37.62762" lon="-112.16129">
        <ele>2392.82</ele>
        <time>2025-06-24T16:35:37Z</time>
      </trkpt>
      <trkpt lat="37.62764" lon="-112.16131">
        <ele>2393.59</ele>
        <time>2025-06-24T16:35:40Z</time>
      </trkpt>
      <trkpt lat="37.62766" lon="-112.16133">
        <ele>2394.46</ele>
        <time>2025-06-24T16:35:43Z</time>
      </trkpt>
      <trkpt lat="37.62769" lon="-112.16136">
        <ele>2395.78</ele>
        <time>2025-06-24T16:35:46Z</time>
      </trkpt>
      <trkpt lat="37.62771" lon="-112.16139">
        <ele>2397.04</ele>
        <time>2025-06-24T16:35:49Z</time>
      </trkpt>
      <trkpt lat="37.62773" lon="-112.16141">
        <ele>2397.68</ele>
        <time>2025-06-24T16:35:52Z</time>
      </trkpt>
      <trkpt lat="37.62775" lon="-112.16144">
        <ele>2398.66</ele>
        <time>2025-06-24T16:35:56Z</time>
      </trkpt>
      <trkpt lat="37.62777" lon="-112.16147">
        <ele>2399.63</ele>
        <time>2025-06-24T16:35:59Z</time>
      </trkpt>
      <trkpt lat="37.6278" lon="-112.16149">
        <ele>2400.76</ele>
        <time>2025-06-24T16:36:02Z</time>
      </trkpt>
      <trkpt lat="37.62782" lon="-112.16149">
        <ele>2401.19</ele>
        <time>2025-06-24T16:36:05Z</time>
      </trkpt>
      <trkpt lat="37.62785" lon="-112.16148">
        <ele>2401.52</ele>
        <time>2025-06-24T16:36:08Z</time>
      </trkpt>
      <trkpt lat="37.62788" lon="-112.16147">
        <ele>2401.84</ele>
        <time>2025-06-24T16:36:12Z</time>
      </trkpt>
      <trkpt lat="37.62792" lon="-112.16147">
        <ele>2402.22</ele>
        <time>2025-06-24T16:36:16Z</time>
      </trkpt>
      <trkpt lat="37.62795" lon="-112.16146">
        <ele>2402.2</ele>
        <time>2025-06-24T16:36:21Z</time>
      </trkpt>
      <trkpt lat="37.62797" lon="-112.16145">
        <ele>2401.68</ele>
        <time>2025-06-24T16:36:42Z</time>
      </trkpt>
      <trkpt lat="37.62794" lon="-112.16151">
        <ele>2403.68</ele>
        <time>2025-06-24T16:39:46Z</time>
      </trkpt>
      <trkpt lat="37.62791" lon="-112.16157">
        <ele>2405.3</ele>
        <time>2025-06-24T16:39:51Z</time>
      </trkpt>
      <trkpt lat="37.62788" lon="-112.16161">
        <ele>2406.62</ele>
        <time>2025-06-24T16:39:55Z</time>
      </trkpt>
      <trkpt lat="37.62785" lon="-112.16166">
        <ele>2408.07</ele>
        <time>2025-06-24T16:39:59Z</time>
      </trkpt>
      <trkpt lat="37.62784" lon="-112.1617">
        <ele>2408.74</ele>
        <time>2025-06-24T16:40:02Z</time>
      </trkpt>
      <trkpt lat="37.62784" lon="-112.16175">
        <ele>2409.82</ele>
        <time>2025-06-24T16:40:05Z</time>
      </trkpt>
      <trkpt lat="37.62783" lon="-112.16178">
        <ele>2409.69</ele>
        <time>2025-06-24T16:40:08Z</time>
      </trkpt>
      <trkpt lat="37.62782" lon="-112.16182">
        <ele>2409.37</ele>
        <time>2025-06-24T16:40:11Z</time>
      </trkpt>
      <trkpt lat="37.62781" lon="-112.16186">
        <ele>2408.93</ele>
        <time>2025-06-24T16:40:14Z</time>
      </trkpt>
      <trkpt lat="37.62784" lon="-112.16185">
        <ele>2410.02</ele>
        <time>2025-06-24T16:40:20Z</time>
      </trkpt>
      <trkpt lat="37.62787" lon="-112.16182">
        <ele>2410.99</ele>
        <time>2025-06-24T16:40:23Z</time>
      </trkpt>
      <trkpt lat="37.62789" lon="-112.1618">
        <ele>2411.49</ele>
        <time>2025-06-24T16:40:26Z</time>
      </trkpt>
      <trkpt lat="37.62792" lon="-112.16177">
        <ele>2411.72</ele>
        <time>2025-06-24T16:40:29Z</time>
      </trkpt>
      <trkpt lat="37.62795" lon="-112.16175">
        <ele>2411.57</ele>
        <time>2025-06-24T16:40:32Z</time>
      </trkpt>
      <trkpt lat="37.62798" lon="-112.16174">
        <ele>2410.46</ele>
        <time>2025-06-24T16:40:35Z</time>
      </trkpt>
      <trkpt lat="37.628" lon="-112.16177">
        <ele>2410.39</ele>
        <time>2025-06-24T16:40:38Z</time>
      </trkpt>
      <trkpt lat="37.628" lon="-112.16181">
        <ele>2411.86</ele>
        <time>2025-06-24T16:40:41Z</time>
      </trkpt>
      <trkpt lat="37.628" lon="-112.16184">
        <ele>2412.96</ele>
        <time>2025-06-24T16:40:44Z</time>
      </trkpt>
      <trkpt lat="37.628" lon="-112.16188">
        <ele>2413.83</ele>
        <time>2025-06-24T16:40:47Z</time>
      </trkpt>
      <trkpt lat="37.628" lon="-112.16192">
        <ele>2414.43</ele>
        <time>2025-06-24T16:40:50Z</time>
      </trkpt>
      <trkpt lat="37.628" lon="-112.16196">
        <ele>2414.87</ele>
        <time>2025-06-24T16:40:53Z</time>
      </trkpt>
      <trkpt lat="37.628" lon="-112.16199">
        <ele>2415.0</ele>
        <time>2025-06-24T16:40:56Z</time>
      </trkpt>
      <trkpt lat="37.628" lon="-112.16203">
        <ele>2415.17</ele>
        <time>2025-06-24T16:40:59Z</time>
      </trkpt>
      <trkpt lat="37.628" lon="-112.16207">
        <ele>2415.56</ele>
        <time>2025-06-24T16:41:02Z</time>
      </trkpt>
      <trkpt lat="37.62801" lon="-112.1621">
        <ele>2415.66</ele>
        <time>2025-06-24T16:41:05Z</time>
      </trkpt>
      <trkpt lat="37.62801" lon="-112.16215">
        <ele>2416.32</ele>
        <time>2025-06-24T16:41:09Z</time>
      </trkpt>
      <trkpt lat="37.62801" lon="-112.16218">
        <ele>2416.8</ele>
        <time>2025-06-24T16:41:12Z</time>
      </trkpt>
      <trkpt lat="37.62801" lon="-112.16223">
        <ele>2417.7</ele>
        <time>2025-06-24T16:41:15Z</time>
      </trkpt>
      <trkpt lat="37.62801" lon="-112.16226">
        <ele>2418.52</ele>
        <time>2025-06-24T16:41:18Z</time>
      </trkpt>
      <trkpt lat="37.62801" lon="-112.1623">
        <ele>2419.6</ele>
        <time>2025-06-24T16:41:21Z</time>
      </trkpt>
      <trkpt lat="37.62802" lon="-112.16233">
        <ele>2420.49</ele>
        <time>2025-06-24T16:41:24Z</time>
      </trkpt>
      <trkpt lat="37.62802" lon="-112.16237">
        <ele>2421.79</ele>
        <time>2025-06-24T16:41:27Z</time>
      </trkpt>
      <trkpt lat="37.62802" lon="-112.16241">
        <ele>2423.1</ele>
        <time>2025-06-24T16:41:31Z</time>
      </trkpt>
      <trkpt lat="37.628" lon="-112.16244">
        <ele>2424.2</ele>
        <time>2025-06-24T16:41:35Z</time>
      </trkpt>
      <trkpt lat="37.62798" lon="-112.16247">
        <ele>2425.15</ele>
        <time>2025-06-24T16:41:38Z</time>
      </trkpt>
      <trkpt lat="37.62799" lon="-112.1625">
        <ele>2426.29</ele>
        <time>2025-06-24T16:42:00Z</time>
      </trkpt>
      <trkpt lat="37.62802" lon="-112.16251">
        <ele>2426.71</ele>
        <time>2025-06-24T16:42:04Z</time>
      </trkpt>
      <trkpt lat="37.62805" lon="-112.16252">
        <ele>2427.33</ele>
        <time>2025-06-24T16:42:07Z</time>
      </trkpt>
      <trkpt lat="37.62808" lon="-112.16254">
        <ele>2427.04</ele>
        <time>2025-06-24T16:42:11Z</time>
      </trkpt>
      <trkpt lat="37.62809" lon="-112.16259">
        <ele>2428.18</ele>
        <time>2025-06-24T16:42:14Z</time>
      </trkpt>
      <trkpt lat="37.6281" lon="-112.16263">
        <ele>2428.82</ele>
        <time>2025-06-24T16:42:18Z</time>
      </trkpt>
      <trkpt lat="37.62811" lon="-112.16266">
        <ele>2429.54</ele>
        <time>2025-06-24T16:42:21Z</time>
      </trkpt>
      <trkpt lat="37.62813" lon="-112.1627">
        <ele>2431.31</ele>
        <time>2025-06-24T16:42:24Z</time>
      </trkpt>
      <trkpt lat="37.62815" lon="-112.16273">
        <ele>2433.41</ele>
        <time>2025-06-24T16:42:28Z</time>
      </trkpt>
      <trkpt lat="37.62818" lon="-112.16274">
        <ele>2433.82</ele>
        <time>2025-06-24T16:42:31Z</time>
      </trkpt>
      <trkpt lat="37.62821" lon="-112.16274">
        <ele>2433.69</ele>
        <time>2025-06-24T16:42:34Z</time>
      </trkpt>
      <trkpt lat="37.62825" lon="-112.16274">
        <ele>2433.25</ele>
        <time>2025-06-24T16:42:37Z</time>
      </trkpt>
      <trkpt lat="37.62828" lon="-112.16275">
        <ele>2432.93</ele>
        <time>2025-06-24T16:42:40Z</time>
      </trkpt>
      <trkpt lat="37.6283" lon="-112.16277">
        <ele>2433.58</ele>
        <time>2025-06-24T16:42:43Z</time>
      </trkpt>
      <trkpt lat="37.62831" lon="-112.1628">
        <ele>2434.96</ele>
        <time>2025-06-24T16:42:46Z</time>
      </trkpt>
      <trkpt lat="37.62833" lon="-112.16283">
        <ele>2435.93</ele>
        <time>2025-06-24T16:42:49Z</time>
      </trkpt>
      <trkpt lat="37.62835" lon="-112.16286">
        <ele>2436.9</ele>
        <time>2025-06-24T16:42:52Z</time>
      </trkpt>
      <trkpt lat="37.62836" lon="-112.16289">
        <ele>2437.56</ele>
        <time>2025-06-24T16:42:55Z</time>
      </trkpt>
      <trkpt lat="37.62838" lon="-112.16291">
        <ele>2437.34</ele>
        <time>2025-06-24T16:42:58Z</time>
      </trkpt>
      <trkpt lat="37.62841" lon="-112.16294">
        <ele>2437.02</ele>
        <time>2025-06-24T16:43:01Z</time>
      </trkpt>
      <trkpt lat="37.62843" lon="-112.16296">
        <ele>2436.89</ele>
        <time>2025-06-24T16:43:07Z</time>
      </trkpt>
      <trkpt lat="37.62842" lon="-112.16299">
        <ele>2437.45</ele>
        <time>2025-06-24T16:43:16Z</time>
      </trkpt>
      <trkpt lat="37.62839" lon="-112.16298">
        <ele>2438.21</ele>
        <time>2025-06-24T16:43:20Z</time>
      </trkpt>
      <trkpt lat="37.62836" lon="-112.16297">
        <ele>2439.1</ele>
        <time>2025-06-24T16:43:23Z</time>
      </trkpt>
      <trkpt lat="37.62833" lon="-112.16297">
        <ele>2440.0</ele>
        <time>2025-06-24T16:43:27Z</time>
      </trkpt>
      <trkpt lat="37.62832" lon="-112.16301">
        <ele>2439.78</ele>
        <time>2025-06-24T16:43:30Z</time>
      </trkpt>
      <trkpt lat="37.62831" lon="-112.16304">
        <ele>2439.67</ele>
        <time>2025-06-24T16:43:33Z</time>
      </trkpt>
      <trkpt lat="37.62828" lon="-112.16306">
        <ele>2440.12</ele>
        <time>2025-06-24T16:43:36Z</time>
      </trkpt>
      <trkpt lat="37.62826" lon="-112.16306">
        <ele>2440.55</ele>
        <time>2025-06-24T16:43:39Z</time>
      </trkpt>
      <trkpt lat="37.62823" lon="-112.16304">
        <ele>2441.03</ele>
        <time>2025-06-24T16:43:43Z</time>
      </trkpt>
      <trkpt lat="37.62829" lon="-112.16305">
        <ele>2440.0</ele>
        <time>2025-06-24T16:46:45Z</time>
      </trkpt>
      <trkpt lat="37.62833" lon="-112.16303">
        <ele>2439.35</ele>
        <time>2025-06-24T16:46:53Z</time>
      </trkpt>
      <trkpt lat="37.62834" lon="-112.16299">
        <ele>2439.53</ele>
        <time>2025-06-24T16:47:01Z</time>
      </trkpt>
      <trkpt lat="37.62837" lon="-112.16298">
        <ele>2438.77</ele>
        <time>2025-06-24T16:47:05Z</time>
      </trkpt>
      <trkpt lat="37.62841" lon="-112.16299">
        <ele>2437.71</ele>
        <time>2025-06-24T16:47:08Z</time>
      </trkpt>
      <trkpt lat="37.62843" lon="-112.16302">
        <ele>2437.54</ele>
        <time>2025-06-24T16:47:11Z</time>
      </trkpt>
      <trkpt lat="37.62843" lon="-112.16306">
        <ele>2437.87</ele>
        <time>2025-06-24T16:47:14Z</time>
      </trkpt>
      <trkpt lat="37.62842" lon="-112.16309">
        <ele>2437.72</ele>
        <time>2025-06-24T16:47:17Z</time>
      </trkpt>
      <trkpt lat="37.62839" lon="-112.16312">
        <ele>2437.96</ele>
        <time>2025-06-24T16:47:20Z</time>
      </trkpt>
      <trkpt lat="37.62837" lon="-112.16314">
        <ele>2438.24</ele>
        <time>2025-06-24T16:47:23Z</time>
      </trkpt>
      <trkpt lat="37.62835" lon="-112.16317">
        <ele>2438.21</ele>
        <time>2025-06-24T16:47:26Z</time>
      </trkpt>
      <trkpt lat="37.62833" lon="-112.1632">
        <ele>2437.94</ele>
        <time>2025-06-24T16:47:28Z</time>
      </trkpt>
      <trkpt lat="37.62831" lon="-112.16323">
        <ele>2437.71</ele>
        <time>2025-06-24T16:47:30Z</time>
      </trkpt>
      <trkpt lat="37.62829" lon="-112.16325">
        <ele>2437.69</ele>
        <time>2025-06-24T16:47:33Z</time>
      </trkpt>
      <trkpt lat="37.62826" lon="-112.16327">
        <ele>2437.7</ele>
        <time>2025-06-24T16:47:36Z</time>
      </trkpt>
      <trkpt lat="37.62823" lon="-112.1633">
        <ele>2437.27</ele>
        <time>2025-06-24T16:47:40Z</time>
      </trkpt>
      <trkpt lat="37.6282" lon="-112.16332">
        <ele>2437.25</ele>
        <time>2025-06-24T16:47:44Z</time>
      </trkpt>
      <trkpt lat="37.62819" lon="-112.16336">
        <ele>2436.52</ele>
        <time>2025-06-24T16:47:46Z</time>
      </trkpt>
      <trkpt lat="37.62819" lon="-112.16339">
        <ele>2435.87</ele>
        <time>2025-06-24T16:47:48Z</time>
      </trkpt>
      <trkpt lat="37.62818" lon="-112.16344">
        <ele>2435.06</ele>
        <time>2025-06-24T16:47:51Z</time>
      </trkpt>
      <trkpt lat="37.62816" lon="-112.16348">
        <ele>2434.65</ele>
        <time>2025-06-24T16:47:54Z</time>
      </trkpt>
      <trkpt lat="37.62814" lon="-112.16352">
        <ele>2434.07</ele>
        <time>2025-06-24T16:47:57Z</time>
      </trkpt>
      <trkpt lat="37.62812" lon="-112.16357">
        <ele>2433.75</ele>
        <time>2025-06-24T16:48:00Z</time>
      </trkpt>
      <trkpt lat="37.6281" lon="-112.16361">
        <ele>2433.53</ele>
        <time>2025-06-24T16:48:03Z</time>
      </trkpt>
      <trkpt lat="37.62809" lon="-112.16365">
        <ele>2433.36</ele>
        <time>2025-06-24T16:48:06Z</time>
      </trkpt>
      <trkpt lat="37.62807" lon="-112.16369">
        <ele>2433.12</ele>
        <time>2025-06-24T16:48:09Z</time>
      </trkpt>
      <trkpt lat="37.62804" lon="-112.16372">
        <ele>2432.96</ele>
        <time>2025-06-24T16:48:12Z</time>
      </trkpt>
      <trkpt lat="37.62802" lon="-112.16375">
        <ele>2432.69</ele>
        <time>2025-06-24T16:48:15Z</time>
      </trkpt>
      <trkpt lat="37.62798" lon="-112.16378">
        <ele>2432.32</ele>
        <time>2025-06-24T16:48:18Z</time>
      </trkpt>
      <trkpt lat="37.62795" lon="-112.16381">
        <ele>2431.71</ele>
        <time>2025-06-24T16:48:21Z</time>
      </trkpt>
      <trkpt lat="37.62793" lon="-112.16385">
        <ele>2431.06</ele>
        <time>2025-06-24T16:48:24Z</time>
      </trkpt>
      <trkpt lat="37.6279" lon="-112.16387">
        <ele>2430.52</ele>
        <time>2025-06-24T16:48:26Z</time>
      </trkpt>
      <trkpt lat="37.62787" lon="-112.1639">
        <ele>2429.88</ele>
        <time>2025-06-24T16:48:29Z</time>
      </trkpt>
      <trkpt lat="37.62785" lon="-112.16393">
        <ele>2429.43</ele>
        <time>2025-06-24T16:48:32Z</time>
      </trkpt>
      <trkpt lat="37.62782" lon="-112.16395">
        <ele>2429.16</ele>
        <time>2025-06-24T16:48:35Z</time>
      </trkpt>
      <trkpt lat="37.62779" lon="-112.16397">
        <ele>2429.02</ele>
        <time>2025-06-24T16:48:38Z</time>
      </trkpt>
      <trkpt lat="37.62776" lon="-112.164">
        <ele>2429.0</ele>
        <time>2025-06-24T16:48:41Z</time>
      </trkpt>
      <trkpt lat="37.62774" lon="-112.16402">
        <ele>2429.0</ele>
        <time>2025-06-24T16:48:43Z</time>
      </trkpt>
      <trkpt lat="37.6277" lon="-112.16406">
        <ele>2429.0</ele>
        <time>2025-06-24T16:48:46Z</time>
      </trkpt>
      <trkpt lat="37.62768" lon="-112.16408">
        <ele>2428.88</ele>
        <time>2025-06-24T16:48:48Z</time>
      </trkpt>
      <trkpt lat="37.62765" lon="-112.1641">
        <ele>2428.45</ele>
        <time>2025-06-24T16:48:51Z</time>
      </trkpt>
      <trkpt lat="37.62762" lon="-112.16413">
        <ele>2428.12</ele>
        <time>2025-06-24T16:48:54Z</time>
      </trkpt>
      <trkpt lat="37.62758" lon="-112.16415">
        <ele>2428.0</ele>
        <time>2025-06-24T16:48:57Z</time>
      </trkpt>
      <trkpt lat="37.62755" lon="-112.16417">
        <ele>2428.0</ele>
        <time>2025-06-24T16:49:00Z</time>
      </trkpt>
      <trkpt lat="37.62752" lon="-112.16419">
        <ele>2428.0</ele>
        <time>2025-06-24T16:49:03Z</time>
      </trkpt>
      <trkpt lat="37.62749" lon="-112.16422">
        <ele>2428.0</ele>
        <time>2025-06-24T16:49:06Z</time>
      </trkpt>
      <trkpt lat="37.62747" lon="-112.16425">
        <ele>2428.0</ele>
        <time>2025-06-24T16:49:09Z</time>
      </trkpt>
      <trkpt lat="37.62745" lon="-112.16429">
        <ele>2428.0</ele>
        <time>2025-06-24T16:49:12Z</time>
      </trkpt>
      <trkpt lat="37.62743" lon="-112.16433">
        <ele>2428.0</ele>
        <time>2025-06-24T16:49:15Z</time>
      </trkpt>
      <trkpt lat="37.62741" lon="-112.16437">
        <ele>2428.0</ele>
        <time>2025-06-24T16:49:18Z</time>
      </trkpt>
      <trkpt lat="37.62739" lon="-112.1644">
        <ele>2428.0</ele>
        <time>2025-06-24T16:49:21Z</time>
      </trkpt>
      <trkpt lat="37.62737" lon="-112.16444">
        <ele>2428.0</ele>
        <time>2025-06-24T16:49:24Z</time>
      </trkpt>
      <trkpt lat="37.62735" lon="-112.16448">
        <ele>2428.0</ele>
        <time>2025-06-24T16:49:27Z</time>
      </trkpt>
      <trkpt lat="37.62732" lon="-112.16451">
        <ele>2428.0</ele>
        <time>2025-06-24T16:49:30Z</time>
      </trkpt>
      <trkpt lat="37.6273" lon="-112.16455">
        <ele>2428.0</ele>
        <time>2025-06-24T16:49:33Z</time>
      </trkpt>
      <trkpt lat="37.62729" lon="-112.16459">
        <ele>2428.0</ele>
        <time>2025-06-24T16:49:36Z</time>
      </trkpt>
      <trkpt lat="37.62727" lon="-112.16463">
        <ele>2428.0</ele>
        <time>2025-06-24T16:49:39Z</time>
      </trkpt>
      <trkpt lat="37.62724" lon="-112.16466">
        <ele>2428.0</ele>
        <time>2025-06-24T16:49:42Z</time>
      </trkpt>
      <trkpt lat="37.62722" lon="-112.16468">
        <ele>2428.0</ele>
        <time>2025-06-24T16:49:44Z</time>
      </trkpt>
      <trkpt lat="37.62719" lon="-112.1647">
        <ele>2428.0</ele>
        <time>2025-06-24T16:49:46Z</time>
      </trkpt>
      <trkpt lat="37.62717" lon="-112.16473">
        <ele>2428.0</ele>
        <time>2025-06-24T16:49:49Z</time>
      </trkpt>
      <trkpt lat="37.62715" lon="-112.16476">
        <ele>2428.0</ele>
        <time>2025-06-24T16:49:52Z</time>
      </trkpt>
      <trkpt lat="37.62712" lon="-112.1648">
        <ele>2428.0</ele>
        <time>2025-06-24T16:49:55Z</time>
      </trkpt>
      <trkpt lat="37.62709" lon="-112.16483">
        <ele>2428.0</ele>
        <time>2025-06-24T16:49:58Z</time>
      </trkpt>
      <trkpt lat="37.62707" lon="-112.16485">
        <ele>2428.0</ele>
        <time>2025-06-24T16:50:00Z</time>
      </trkpt>
      <trkpt lat="37.62704" lon="-112.16487">
        <ele>2428.0</ele>
        <time>2025-06-24T16:50:02Z</time>
      </trkpt>
      <trkpt lat="37.62702" lon="-112.16489">
        <ele>2428.0</ele>
        <time>2025-06-24T16:50:05Z</time>
      </trkpt>
      <trkpt lat="37.62699" lon="-112.16492">
        <ele>2428.0</ele>
        <time>2025-06-24T16:50:08Z</time>
      </trkpt>
      <trkpt lat="37.62696" lon="-112.16496">
        <ele>2428.0</ele>
        <time>2025-06-24T16:50:11Z</time>
      </trkpt>
      <trkpt lat="37.62693" lon="-112.16498">
        <ele>2428.0</ele>
        <time>2025-06-24T16:50:14Z</time>
      </trkpt>
      <trkpt lat="37.6269" lon="-112.165">
        <ele>2428.0</ele>
        <time>2025-06-24T16:50:17Z</time>
      </trkpt>
      <trkpt lat="37.62688" lon="-112.16502">
        <ele>2428.0</ele>
        <time>2025-06-24T16:50:21Z</time>
      </trkpt>
      <trkpt lat="37.62685" lon="-112.16506">
        <ele>2428.0</ele>
        <time>2025-06-24T16:50:24Z</time>
      </trkpt>
      <trkpt lat="37.62682" lon="-112.16508">
        <ele>2428.0</ele>
        <time>2025-06-24T16:50:27Z</time>
      </trkpt>
      <trkpt lat="37.62678" lon="-112.1651">
        <ele>2428.0</ele>
        <time>2025-06-24T16:50:30Z</time>
      </trkpt>
      <trkpt lat="37.62675" lon="-112.16512">
        <ele>2428.07</ele>
        <time>2025-06-24T16:50:33Z</time>
      </trkpt>
      <trkpt lat="37.62671" lon="-112.16514">
        <ele>2428.26</ele>
        <time>2025-06-24T16:50:36Z</time>
      </trkpt>
      <trkpt lat="37.62669" lon="-112.16515">
        <ele>2428.28</ele>
        <time>2025-06-24T16:50:38Z</time>
      </trkpt>
      <trkpt lat="37.62667" lon="-112.16517">
        <ele>2428.16</ele>
        <time>2025-06-24T16:50:40Z</time>
      </trkpt>
      <trkpt lat="37.62663" lon="-112.1652">
        <ele>2428.33</ele>
        <time>2025-06-24T16:50:43Z</time>
      </trkpt>
      <trkpt lat="37.6266" lon="-112.16522">
        <ele>2428.45</ele>
        <time>2025-06-24T16:50:46Z</time>
      </trkpt>
      <trkpt lat="37.62657" lon="-112.16525">
        <ele>2428.33</ele>
        <time>2025-06-24T16:50:49Z</time>
      </trkpt>
      <trkpt lat="37.62655" lon="-112.16527">
        <ele>2428.32</ele>
        <time>2025-06-24T16:50:52Z</time>
      </trkpt>
      <trkpt lat="37.62652" lon="-112.1653">
        <ele>2428.58</ele>
        <time>2025-06-24T16:50:55Z</time>
      </trkpt>
      <trkpt lat="37.62649" lon="-112.16532">
        <ele>2428.91</ele>
        <time>2025-06-24T16:50:58Z</time>
      </trkpt>
      <trkpt lat="37.62646" lon="-112.16533">
        <ele>2429.13</ele>
        <time>2025-06-24T16:51:00Z</time>
      </trkpt>
      <trkpt lat="37.62643" lon="-112.16535">
        <ele>2429.43</ele>
        <time>2025-06-24T16:51:03Z</time>
      </trkpt>
      <trkpt lat="37.62639" lon="-112.16537">
        <ele>2429.98</ele>
        <time>2025-06-24T16:51:06Z</time>
      </trkpt>
      <trkpt lat="37.62636" lon="-112.16538">
        <ele>2430.62</ele>
        <time>2025-06-24T16:51:09Z</time>
      </trkpt>
      <trkpt lat="37.62633" lon="-112.1654">
        <ele>2431.27</ele>
        <time>2025-06-24T16:51:12Z</time>
      </trkpt>
      <trkpt lat="37.62629" lon="-112.16541">
        <ele>2432.07</ele>
        <time>2025-06-24T16:51:15Z</time>
      </trkpt>
      <trkpt lat="37.62626" lon="-112.16542">
        <ele>2432.39</ele>
        <time>2025-06-24T16:51:18Z</time>
      </trkpt>
      <trkpt lat="37.62622" lon="-112.16543">
        <ele>2432.82</ele>
        <time>2025-06-24T16:51:21Z</time>
      </trkpt>
      <trkpt lat="37.62619" lon="-112.16546">
        <ele>2433.15</ele>
        <time>2025-06-24T16:51:24Z</time>
      </trkpt>
      <trkpt lat="37.62616" lon="-112.16548">
        <ele>2433.2</ele>
        <time>2025-06-24T16:51:27Z</time>
      </trkpt>
      <trkpt lat="37.62612" lon="-112.1655">
        <ele>2433.14</ele>
        <time>2025-06-24T16:51:30Z</time>
      </trkpt>
      <trkpt lat="37.62608" lon="-112.16552">
        <ele>2432.64</ele>
        <time>2025-06-24T16:51:33Z</time>
      </trkpt>
      <trkpt lat="37.62605" lon="-112.16555">
        <ele>2432.08</ele>
        <time>2025-06-24T16:51:36Z</time>
      </trkpt>
      <trkpt lat="37.62603" lon="-112.16557">
        <ele>2431.71</ele>
        <time>2025-06-24T16:51:39Z</time>
      </trkpt>
      <trkpt lat="37.626" lon="-112.1656">
        <ele>2430.34</ele>
        <time>2025-06-24T16:51:42Z</time>
      </trkpt>
      <trkpt lat="37.62598" lon="-112.16564">
        <ele>2428.89</ele>
        <time>2025-06-24T16:51:45Z</time>
      </trkpt>
      <trkpt lat="37.62596" lon="-112.16567">
        <ele>2428.02</ele>
        <time>2025-06-24T16:51:48Z</time>
      </trkpt>
      <trkpt lat="37.62593" lon="-112.16569">
        <ele>2427.11</ele>
        <time>2025-06-24T16:51:51Z</time>
      </trkpt>
      <trkpt lat="37.62591" lon="-112.16572">
        <ele>2426.83</ele>
        <time>2025-06-24T16:51:54Z</time>
      </trkpt>
      <trkpt lat="37.62589" lon="-112.16576">
        <ele>2426.61</ele>
        <time>2025-06-24T16:51:57Z</time>
      </trkpt>
      <trkpt lat="37.62587" lon="-112.1658">
        <ele>2426.4</ele>
        <time>2025-06-24T16:52:00Z</time>
      </trkpt>
      <trkpt lat="37.62584" lon="-112.16583">
        <ele>2426.07</ele>
        <time>2025-06-24T16:52:03Z</time>
      </trkpt>
      <trkpt lat="37.62582" lon="-112.16586">
        <ele>2426.0</ele>
        <time>2025-06-24T16:52:06Z</time>
      </trkpt>
      <trkpt lat="37.6258" lon="-112.1659">
        <ele>2426.0</ele>
        <time>2025-06-24T16:52:09Z</time>
      </trkpt>
      <trkpt lat="37.62577" lon="-112.16593">
        <ele>2426.0</ele>
        <time>2025-06-24T16:52:12Z</time>
      </trkpt>
      <trkpt lat="37.62575" lon="-112.16595">
        <ele>2426.0</ele>
        <time>2025-06-24T16:52:15Z</time>
      </trkpt>
      <trkpt lat="37.62571" lon="-112.16598">
        <ele>2426.0</ele>
        <time>2025-06-24T16:52:18Z</time>
      </trkpt>
      <trkpt lat="37.62568" lon="-112.16601">
        <ele>2426.0</ele>
        <time>2025-06-24T16:52:21Z</time>
      </trkpt>
      <trkpt lat="37.62566" lon="-112.16604">
        <ele>2426.0</ele>
        <time>2025-06-24T16:52:24Z</time>
      </trkpt>
      <trkpt lat="37.62564" lon="-112.16608">
        <ele>2426.0</ele>
        <time>2025-06-24T16:52:27Z</time>
      </trkpt>
      <trkpt lat="37.62562" lon="-112.16611">
        <ele>2426.0</ele>
        <time>2025-06-24T16:52:30Z</time>
      </trkpt>
      <trkpt lat="37.62559" lon="-112.16614">
        <ele>2426.12</ele>
        <time>2025-06-24T16:52:33Z</time>
      </trkpt>
      <trkpt lat="37.62557" lon="-112.16617">
        <ele>2426.1</ele>
        <time>2025-06-24T16:52:36Z</time>
      </trkpt>
      <trkpt lat="37.62555" lon="-112.1662">
        <ele>2426.06</ele>
        <time>2025-06-24T16:52:39Z</time>
      </trkpt>
      <trkpt lat="37.62553" lon="-112.16622">
        <ele>2426.4</ele>
        <time>2025-06-24T16:52:42Z</time>
      </trkpt>
      <trkpt lat="37.6255" lon="-112.16625">
        <ele>2426.8</ele>
        <time>2025-06-24T16:52:45Z</time>
      </trkpt>
      <trkpt lat="37.62547" lon="-112.16628">
        <ele>2426.99</ele>
        <time>2025-06-24T16:52:48Z</time>
      </trkpt>
      <trkpt lat="37.62544" lon="-112.16632">
        <ele>2427.0</ele>
        <time>2025-06-24T16:52:51Z</time>
      </trkpt>
      <trkpt lat="37.62543" lon="-112.16634">
        <ele>2427.0</ele>
        <time>2025-06-24T16:52:53Z</time>
      </trkpt>
      <trkpt lat="37.6254" lon="-112.16637">
        <ele>2427.0</ele>
        <time>2025-06-24T16:52:56Z</time>
      </trkpt>
      <trkpt lat="37.62536" lon="-112.16639">
        <ele>2427.11</ele>
        <time>2025-06-24T16:52:59Z</time>
      </trkpt>
      <trkpt lat="37.62533" lon="-112.16641">
        <ele>2427.44</ele>
        <time>2025-06-24T16:53:02Z</time>
      </trkpt>
      <trkpt lat="37.62529" lon="-112.16642">
        <ele>2427.87</ele>
        <time>2025-06-24T16:53:05Z</time>
      </trkpt>
      <trkpt lat="37.62526" lon="-112.16644">
        <ele>2428.19</ele>
        <time>2025-06-24T16:53:07Z</time>
      </trkpt>
      <trkpt lat="37.62524" lon="-112.16644">
        <ele>2428.41</ele>
        <time>2025-06-24T16:53:09Z</time>
      </trkpt>
      <trkpt lat="37.62521" lon="-112.16645">
        <ele>2428.73</ele>
        <time>2025-06-24T16:53:11Z</time>
      </trkpt>
      <trkpt lat="37.62518" lon="-112.16645">
        <ele>2429.04</ele>
        <time>2025-06-24T16:53:14Z</time>
      </trkpt>
      <trkpt lat="37.62514" lon="-112.16646">
        <ele>2429.37</ele>
        <time>2025-06-24T16:53:17Z</time>
      </trkpt>
      <trkpt lat="37.62511" lon="-112.16648">
        <ele>2429.8</ele>
        <time>2025-06-24T16:53:20Z</time>
      </trkpt>
      <trkpt lat="37.62507" lon="-112.16649">
        <ele>2430.0</ele>
        <time>2025-06-24T16:53:23Z</time>
      </trkpt>
      <trkpt lat="37.62503" lon="-112.1665">
        <ele>2430.0</ele>
        <time>2025-06-24T16:53:26Z</time>
      </trkpt>
      <trkpt lat="37.625" lon="-112.16651">
        <ele>2430.0</ele>
        <time>2025-06-24T16:53:29Z</time>
      </trkpt>
      <trkpt lat="37.62496" lon="-112.16652">
        <ele>2430.0</ele>
        <time>2025-06-24T16:53:32Z</time>
      </trkpt>
      <trkpt lat="37.62492" lon="-112.16652">
        <ele>2430.0</ele>
        <time>2025-06-24T16:53:35Z</time>
      </trkpt>
      <trkpt lat="37.6249" lon="-112.16653">
        <ele>2430.0</ele>
        <time>2025-06-24T16:53:37Z</time>
      </trkpt>
      <trkpt lat="37.62487" lon="-112.16653">
        <ele>2430.0</ele>
        <time>2025-06-24T16:53:39Z</time>
      </trkpt>
      <trkpt lat="37.62483" lon="-112.16653">
        <ele>2430.0</ele>
        <time>2025-06-24T16:53:42Z</time>
      </trkpt>
      <trkpt lat="37.6248" lon="-112.16654">
        <ele>2429.94</ele>
        <time>2025-06-24T16:53:45Z</time>
      </trkpt>
      <trkpt lat="37.62476" lon="-112.16654">
        <ele>2429.78</ele>
        <time>2025-06-24T16:53:48Z</time>
      </trkpt>
      <trkpt lat="37.62473" lon="-112.16654">
        <ele>2429.66</ele>
        <time>2025-06-24T16:53:51Z</time>
      </trkpt>
      <trkpt lat="37.62469" lon="-112.16655">
        <ele>2429.74</ele>
        <time>2025-06-24T16:53:54Z</time>
      </trkpt>
      <trkpt lat="37.62465" lon="-112.16654">
        <ele>2429.63</ele>
        <time>2025-06-24T16:53:57Z</time>
      </trkpt>
      <trkpt lat="37.62462" lon="-112.16654">
        <ele>2429.57</ele>
        <time>2025-06-24T16:54:00Z</time>
      </trkpt>
      <trkpt lat="37.62459" lon="-112.16655">
        <ele>2429.42</ele>
        <time>2025-06-24T16:54:03Z</time>
      </trkpt>
      <trkpt lat="37.62455" lon="-112.16655">
        <ele>2429.1</ele>
        <time>2025-06-24T16:54:06Z</time>
      </trkpt>
      <trkpt lat="37.62452" lon="-112.16654">
        <ele>2429.12</ele>
        <time>2025-06-24T16:54:09Z</time>
      </trkpt>
      <trkpt lat="37.62449" lon="-112.16653">
        <ele>2429.27</ele>
        <time>2025-06-24T16:54:12Z</time>
      </trkpt>
      <trkpt lat="37.62445" lon="-112.16653">
        <ele>2429.49</ele>
        <time>2025-06-24T16:54:15Z</time>
      </trkpt>
      <trkpt lat="37.62442" lon="-112.16653">
        <ele>2429.52</ele>
        <time>2025-06-24T16:54:18Z</time>
      </trkpt>
      <trkpt lat="37.62438" lon="-112.16652">
        <ele>2429.42</ele>
        <time>2025-06-24T16:54:21Z</time>
      </trkpt>
      <trkpt lat="37.62434" lon="-112.16651">
        <ele>2429.31</ele>
        <time>2025-06-24T16:54:24Z</time>
      </trkpt>
      <trkpt lat="37.62431" lon="-112.1665">
        <ele>2429.2</ele>
        <time>2025-06-24T16:54:27Z</time>
      </trkpt>
      <trkpt lat="37.62427" lon="-112.16648">
        <ele>2429.0</ele>
        <time>2025-06-24T16:54:30Z</time>
      </trkpt>
      <trkpt lat="37.62424" lon="-112.16645">
        <ele>2429.0</ele>
        <time>2025-06-24T16:54:33Z</time>
      </trkpt>
      <trkpt lat="37.62421" lon="-112.16644">
        <ele>2429.0</ele>
        <time>2025-06-24T16:54:36Z</time>
      </trkpt>
      <trkpt lat="37.62418" lon="-112.16643">
        <ele>2429.0</ele>
        <time>2025-06-24T16:54:39Z</time>
      </trkpt>
      <trkpt lat="37.62415" lon="-112.16641">
        <ele>2429.04</ele>
        <time>2025-06-24T16:54:42Z</time>
      </trkpt>
      <trkpt lat="37.62411" lon="-112.16641">
        <ele>2429.14</ele>
        <time>2025-06-24T16:54:45Z</time>
      </trkpt>
      <trkpt lat="37.62408" lon="-112.16641">
        <ele>2429.21</ele>
        <time>2025-06-24T16:54:48Z</time>
      </trkpt>
      <trkpt lat="37.62404" lon="-112.16641">
        <ele>2429.51</ele>
        <time>2025-06-24T16:54:51Z</time>
      </trkpt>
      <trkpt lat="37.624" lon="-112.1664">
        <ele>2429.82</ele>
        <time>2025-06-24T16:54:54Z</time>
      </trkpt>
      <trkpt lat="37.62396" lon="-112.16639">
        <ele>2430.0</ele>
        <time>2025-06-24T16:54:57Z</time>
      </trkpt>
      <trkpt lat="37.62394" lon="-112.16638">
        <ele>2429.9</ele>
        <time>2025-06-24T16:54:59Z</time>
      </trkpt>
      <trkpt lat="37.6239" lon="-112.16637">
        <ele>2429.8</ele>
        <time>2025-06-24T16:55:02Z</time>
      </trkpt>
      <trkpt lat="37.62387" lon="-112.16636">
        <ele>2429.69</ele>
        <time>2025-06-24T16:55:05Z</time>
      </trkpt>
      <trkpt lat="37.62384" lon="-112.16634">
        <ele>2429.47</ele>
        <time>2025-06-24T16:55:08Z</time>
      </trkpt>
      <trkpt lat="37.6238" lon="-112.16632">
        <ele>2429.26</ele>
        <time>2025-06-24T16:55:11Z</time>
      </trkpt>
      <trkpt lat="37.62377" lon="-112.16631">
        <ele>2429.39</ele>
        <time>2025-06-24T16:55:14Z</time>
      </trkpt>
      <trkpt lat="37.62373" lon="-112.16629">
        <ele>2429.67</ele>
        <time>2025-06-24T16:55:17Z</time>
      </trkpt>
      <trkpt lat="37.6237" lon="-112.16627">
        <ele>2429.72</ele>
        <time>2025-06-24T16:55:20Z</time>
      </trkpt>
      <trkpt lat="37.62367" lon="-112.16626">
        <ele>2429.61</ele>
        <time>2025-06-24T16:55:22Z</time>
      </trkpt>
      <trkpt lat="37.62364" lon="-112.16624">
        <ele>2429.39</ele>
        <time>2025-06-24T16:55:25Z</time>
      </trkpt>
      <trkpt lat="37.62361" lon="-112.16623">
        <ele>2429.28</ele>
        <time>2025-06-24T16:55:28Z</time>
      </trkpt>
      <trkpt lat="37.62358" lon="-112.16622">
        <ele>2429.18</ele>
        <time>2025-06-24T16:55:31Z</time>
      </trkpt>
      <trkpt lat="37.62355" lon="-112.16619">
        <ele>2429.0</ele>
        <time>2025-06-24T16:55:34Z</time>
      </trkpt>
      <trkpt lat="37.62352" lon="-112.16617">
        <ele>2429.0</ele>
        <time>2025-06-24T16:55:37Z</time>
      </trkpt>
      <trkpt lat="37.6235" lon="-112.16614">
        <ele>2429.06</ele>
        <time>2025-06-24T16:55:40Z</time>
      </trkpt>
      <trkpt lat="37.62348" lon="-112.16612">
        <ele>2429.04</ele>
        <time>2025-06-24T16:55:43Z</time>
      </trkpt>
      <trkpt lat="37.62344" lon="-112.16608">
        <ele>2428.66</ele>
        <time>2025-06-24T16:55:48Z</time>
      </trkpt>
    </trkseg>
  </trk>
</gpx>
